median_delta,observed_delta
0.08247897301562443,0.3040571572285428
0.021654998138302683,0.3040571572285428
-0.08110628320412244,0.3040571572285428
0.0840260567361523,0.3040571572285428
0.1097883212799814,0.3040571572285428
-0.07887196035145208,0.3040571572285428
-0.06150037287023625,0.3040571572285428
0.09454124962026919,0.3040571572285428
0.07650356317344095,0.3040571572285428
-0.05190133966220058,0.3040571572285428
-0.0783032055473237,0.3040571572285428
0.06118830376138165,0.3040571572285428
-0.11860595423495054,0.3040571572285428
0.08861903292091178,0.3040571572285428
-0.0787729499570616,0.3040571572285428
0.051451423980473865,0.3040571572285428
0.028743140640388232,0.3040571572285428
0.09508148103898303,0.3040571572285428
0.0866914591680763,0.3040571572285428
-0.09864834018731686,0.3040571572285428
-0.07386326695055132,0.3040571572285428
0.09204769628382625,0.3040571572285428
0.11622143201334088,0.3040571572285428
-0.0840260567361523,0.3040571572285428
0.12477562310597151,0.3040571572285428
0.08214213608030621,0.3040571572285428
-0.07257484850850468,0.3040571572285428
-0.07728475198911411,0.3040571572285428
0.030807843292943532,0.3040571572285428
0.08100727280973198,0.3040571572285428
0.08437645893297657,0.3040571572285428
0.09245528024388282,0.3040571572285428
-0.07899289723361513,0.3040571572285428
0.09610617384203883,0.3040571572285428
-0.08036558704511712,0.3040571572285428
0.11337803452410652,0.3040571572285428
-0.06679989487252837,0.3040571572285428
0.0979790486405859,0.3040571572285428
-0.0855839105905224,0.3040571572285428
-0.056929297518511064,0.3040571572285428
-0.05529561585815225,0.3040571572285428
-0.07257484850850468,0.3040571572285428
-0.06679989487252837,0.3040571572285428
0.10026080728444849,0.3040571572285428
0.04349800903583105,0.3040571572285428
0.09845664512311755,0.3040571572285428
0.0591205867333332,0.3040571572285428
-0.013165697241647534,0.3040571572285428
0.06551498247384174,0.3040571572285428
-0.030807843292943532,0.3040571572285428
0.06551498247384174,0.3040571572285428
-0.09913624869974919,0.3040571572285428
0.07879882798089943,0.3040571572285428
0.09508148103898303,0.3040571572285428
0.07728475198911411,0.3040571572285428
-0.06964915705111202,0.3040571572285428
0.07879882798089943,0.3040571572285428
-0.09956452118069915,0.3040571572285428
0.07650356317344095,0.3040571572285428
0.0866914591680763,0.3040571572285428
-0.07331172694513476,0.3040571572285428
-0.056254257088696115,0.3040571572285428
-0.0668905670897521,0.3040571572285428
-0.05529561585815225,0.3040571572285428
-0.06150037287023625,0.3040571572285428
0.026090603318829064,0.3040571572285428
-0.09486482440013738,0.3040571572285428
0.056929297518511064,0.3040571572285428
-0.11118813406370434,0.3040571572285428
0.09486482440013738,0.3040571572285428
0.08747951366269002,0.3040571572285428
0.08442670524041154,0.3040571572285428
0.07331172694513476,0.3040571572285428
-0.08906849825047712,0.3040571572285428
-0.09862581001192144,0.3040571572285428
-0.09350307029461577,0.3040571572285428
0.08553366428308742,0.3040571572285428
-0.0480012129495076,0.3040571572285428
-0.08766700259830204,0.3040571572285428
0.06927850852068829,0.3040571572285428
-0.09398069366382725,0.3040571572285428
0.026185718181561263,0.3040571572285428
-0.09609067645088587,0.3040571572285428
-0.10797858045469791,0.3040571572285428
-0.03384938286741257,0.3040571572285428
0.06799359612200166,0.3040571572285428
-0.11412250994356901,0.3040571572285428
0.07204902767904742,0.3040571572285428
-0.059286901614331,0.3040571572285428
0.04739813574852403,0.3040571572285428
0.08693813758546862,0.3040571572285428
-0.0859737889609394,0.3040571572285428
0.09374452619056045,0.3040571572285428
-0.03090295815567573,0.3040571572285428
0.07778037442268984,0.3040571572285428
0.09245528024388282,0.3040571572285428
0.10647447302061305,0.3040571572285428
0.09259628610546794,0.3040571572285428
-0.08226307296246926,0.3040571572285428
0.1004533380255308,0.3040571572285428
0.059286901614331,0.3040571572285428
0.06927850852068829,0.3040571572285428
0.06679989487252837,0.3040571572285428
0.07167837914862367,0.3040571572285428
-0.08933874364262322,0.3040571572285428
0.10763755880127193,0.3040571572285428
0.09031903122131957,0.3040571572285428
-0.0979790486405859,0.3040571572285428
0.09131941482793791,0.3040571572285428
0.07534923951673138,0.3040571572285428
-0.10161711479072935,0.3040571572285428
-0.10952223053835947,0.3040571572285428
0.006611118174955735,0.3040571572285428
-0.038447701643821316,0.3040571572285428
-0.07386326695055132,0.3040571572285428
0.08036558704511712,0.3040571572285428
-0.0743890877800086,0.3040571572285428
-0.021654998138302683,0.3040571572285428
-0.09881451405099428,0.3040571572285428
-0.10763755880127193,0.3040571572285428
0.08719694996862445,0.3040571572285428
0.059286901614331,0.3040571572285428
0.08766700259830204,0.3040571572285428
0.006611118174955735,0.3040571572285428
0.07312638851392125,0.3040571572285428
-0.09791614808415527,0.3040571572285428
0.08863022772660831,0.3040571572285428
-0.11857031603628065,0.3040571572285428
-0.08553366428308742,0.3040571572285428
-0.09547709529161877,0.3040571572285428
-0.013165697241647534,0.3040571572285428
-0.11430441418287692,0.3040571572285428
0.03600920038270007,0.3040571572285428
-0.07925207462858229,0.3040571572285428
-0.08765580779260551,0.3040571572285428
0.0789670192097773,0.3040571572285428
0.0954784055594045,0.3040571572285428
-0.08719694996862445,0.3040571572285428
-0.12564824518860201,0.3040571572285428
-0.059286901614331,0.3040571572285428
-0.08738443890423647,0.3040571572285428
0.08548843614043314,0.3040571572285428
0.06670125246112008,0.3040571572285428
-0.06475435988556302,0.3040571572285428
-0.06679192467834383,0.3040571572285428
0.08961051530530464,0.3040571572285428
0.07778037442268984,0.3040571572285428
-0.07797444367540554,0.3040571572285428
0.028743140640388232,0.3040571572285428
0.06150037287023625,0.3040571572285428
0.006611118174955735,0.3040571572285428
0.011046723355482117,0.3040571572285428
-0.12429051325546603,0.3040571572285428
0.06927850852068829,0.3040571572285428
0.08680707159820744,0.3040571572285428
-0.0954205532100042,0.3040571572285428
0.07511959070647478,0.3040571572285428
0.0855839105905224,0.3040571572285428
-0.09245528024388282,0.3040571572285428
0.07632460025239132,0.3040571572285428
0.024307535459861848,0.3040571572285428
0.10590917556937465,0.3040571572285428
-0.046948220066797317,0.3040571572285428
-0.07707231797756933,0.3040571572285428
0.0743890877800086,0.3040571572285428
-0.11317569640750068,0.3040571572285428
0.08601901710359372,0.3040571572285428
-0.059286901614331,0.3040571572285428
-0.08437645893297657,0.3040571572285428
0.12375713815132129,0.3040571572285428
0.09031903122131957,0.3040571572285428
0.09996357098739761,0.3040571572285428
-0.07413971245046368,0.3040571572285428
-0.08437645893297657,0.3040571572285428
-0.0783032055473237,0.3040571572285428
0.0881724933988502,0.3040571572285428
-0.03090295815567573,0.3040571572285428
-0.08486181175348287,0.3040571572285428
0.06679989487252837,0.3040571572285428
-0.08036558704511712,0.3040571572285428
-0.051845404827185984,0.3040571572285428
0.09446789987971593,0.3040571572285428
0.017601302422173917,0.3040571572285428
0.09312589695976385,0.3040571572285428
0.059286901614331,0.3040571572285428
-0.04349800903583105,0.3040571572285428
-0.056929297518511064,0.3040571572285428
-0.0668905670897521,0.3040571572285428
0.08766700259830204,0.3040571572285428
-0.09259628610546794,0.3040571572285428
0.10590917556937465,0.3040571572285428
0.08036558704511712,0.3040571572285428
0.013165697241647534,0.3040571572285428
-0.0634472654457933,0.3040571572285428
-0.07887196035145208,0.3040571572285428
-0.07511959070647478,0.3040571572285428
0.0783032055473237,0.3040571572285428
-0.11803910015732813,0.3040571572285428
-0.09326690282134897,0.3040571572285428
-0.06936918073791203,0.3040571572285428
0.056254257088696115,0.3040571572285428
-0.09326690282134897,0.3040571572285428
0.12429051325546603,0.3040571572285428
-0.06150037287023625,0.3040571572285428
0.08765580779260551,0.3040571572285428
0.0634472654457933,0.3040571572285428
-0.08747951366269002,0.3040571572285428
-0.08601901710359372,0.3040571572285428
0.08620610634757002,0.3040571572285428
-0.04045646946136201,0.3040571572285428
0.021654998138302683,0.3040571572285428
-0.09881451405099428,0.3040571572285428
0.06936918073791203,0.3040571572285428
-0.08601901710359372,0.3040571572285428
-0.013165697241647534,0.3040571572285428
-0.0930013734374331,0.3040571572285428
0.0960341343692713,0.3040571572285428
0.07204902767904742,0.3040571572285428
0.09802753696528457,0.3040571572285428
-0.08036558704511712,0.3040571572285428
0.05642057196969391,0.3040571572285428
-0.051451423980473865,0.3040571572285428
-0.028250420834116566,0.3040571572285428
0.0789670192097773,0.3040571572285428
-0.11803910015732813,0.3040571572285428
0.07899289723361513,0.3040571572285428
-0.07607974244319757,0.3040571572285428
0.0866914591680763,0.3040571572285428
-0.07787938481708032,0.3040571572285428
0.08437645893297657,0.3040571572285428
0.08765580779260551,0.3040571572285428
0.07839826440564893,0.3040571572285428
0.06973982926833577,0.3040571572285428
0.026090603318829064,0.3040571572285428
0.04045646946136201,0.3040571572285428
0.09104731267720789,0.3040571572285428
-0.04349800903583105,0.3040571572285428
-0.04051240429637662,0.3040571572285428
-0.0480012129495076,0.3040571572285428
0.09398069366382725,0.3040571572285428
0.08863022772660831,0.3040571572285428
0.09789180546684617,0.3040571572285428
-0.1004533380255308,0.3040571572285428
0.10763755880127193,0.3040571572285428
0.0709415007119936,0.3040571572285428
0.08354070391564601,0.3040571572285428
0.021654998138302683,0.3040571572285428
0.07728475198911411,0.3040571572285428
-0.06551498247384174,0.3040571572285428
-0.06346944748687641,0.3040571572285428
-0.056929297518511064,0.3040571572285428
0.08120134206244768,0.3040571572285428
0.06125597623097116,0.3040571572285428
-0.07456805070105821,0.3040571572285428
0.11860595423495054,0.3040571572285428
0.09643842620012066,0.3040571572285428
0.09969032466334135,0.3040571572285428
0.09350307029461577,0.3040571572285428
-0.04349800903583105,0.3040571572285428
-0.08247897301562443,0.3040571572285428
0.10179798185046893,0.3040571572285428
0.08861903292091178,0.3040571572285428
-0.08959932049960811,0.3040571572285428
0.0709415007119936,0.3040571572285428
-0.05861186118451605,0.3040571572285428
0.0961303603854331,0.3040571572285428
0.10551533818429684,0.3040571572285428
-0.0634472654457933,0.3040571572285428
0.09031903122131957,0.3040571572285428
0.09996357098739761,0.3040571572285428
0.09948380559772524,0.3040571572285428
-0.04051240429637662,0.3040571572285428
-0.08933874364262322,0.3040571572285428
-0.05529561585815225,0.3040571572285428
0.10797858045469791,0.3040571572285428
-0.056929297518511064,0.3040571572285428
-0.07511959070647478,0.3040571572285428
-0.006611118174955735,0.3040571572285428
-0.05816194550278933,0.3040571572285428
0.03384938286741257,0.3040571572285428
-0.056254257088696115,0.3040571572285428
0.06679989487252837,0.3040571572285428
-0.09245528024388282,0.3040571572285428
-0.08625635265500498,0.3040571572285428
-0.08766700259830204,0.3040571572285428
0.09031903122131957,0.3040571572285428
-0.03600920038270007,0.3040571572285428
0.08027052818679188,0.3040571572285428
-0.12237587820112389,0.3040571572285428
0.09702635447429293,0.3040571572285428
0.09204769628382625,0.3040571572285428
0.006611118174955735,0.3040571572285428
0.07887196035145208,0.3040571572285428
-0.11860595423495054,0.3040571572285428
-0.028743140640388232,0.3040571572285428
-0.06809223853340995,0.3040571572285428
-0.10707226135003353,0.3040571572285428
-0.07820419515293323,0.3040571572285428
-0.07899289723361513,0.3040571572285428
0.06150037287023625,0.3040571572285428
0.07404222987160095,0.3040571572285428
-0.07593693110380892,0.3040571572285428
-0.08978558490066893,0.3040571572285428
-0.1004533380255308,0.3040571572285428
-0.1097883212799814,0.3040571572285428
0.0787729499570616,0.3040571572285428
-0.0917821668999104,0.3040571572285428
0.03394449773014477,0.3040571572285428
0.08442670524041154,0.3040571572285428
-0.059286901614331,0.3040571572285428
0.11622143201334088,0.3040571572285428
-0.09791433564224157,0.3040571572285428
-0.05642057196969391,0.3040571572285428
-0.08024465016295405,0.3040571572285428
-0.09104731267720789,0.3040571572285428
0.08486181175348287,0.3040571572285428
0.07581599422164587,0.3040571572285428
-0.11065423862586504,0.3040571572285428
0.12309957189236054,0.3040571572285428
0.08008782964591285,0.3040571572285428
0.0480012129495076,0.3040571572285428
-0.08216801410414404,0.3040571572285428
0.05529561585815225,0.3040571572285428
0.09312589695976385,0.3040571572285428
-0.11065423862586504,0.3040571572285428
-0.08888100931486512,0.3040571572285428
-0.0859737889609394,0.3040571572285428
0.07204902767904742,0.3040571572285428
0.09398069366382725,0.3040571572285428
-0.017601302422173917,0.3040571572285428
-0.09050529562238037,0.3040571572285428
-0.07632460025239132,0.3040571572285428
0.0954784055594045,0.3040571572285428
-0.07146339632261593,0.3040571572285428
0.08027052818679188,0.3040571572285428
0.10775509294938232,0.3040571572285428
-0.09547709529161877,0.3040571572285428
-0.09508148103898303,0.3040571572285428
-0.06484503210278678,0.3040571572285428
0.06135461864237945,0.3040571572285428
0.0743890877800086,0.3040571572285428
-0.08592354265350445,0.3040571572285428
-0.09886300237569295,0.3040571572285428
0.09913624869974919,0.3040571572285428
0.06670125246112008,0.3040571572285428
-0.07275573998349752,0.3040571572285428
0.06927850852068829,0.3040571572285428
0.09050529562238037,0.3040571572285428
-0.09609067645088587,0.3040571572285428
0.08680707159820744,0.3040571572285428
-0.09696981239267836,0.3040571572285428
0.0634472654457933,0.3040571572285428
-0.12265438294802253,0.3040571572285428
-0.1021215084878712,0.3040571572285428
0.10334664143687958,0.3040571572285428
-0.06936918073791203,0.3040571572285428
0.10775509294938232,0.3040571572285428
0.0881724933988502,0.3040571572285428
0.07650356317344095,0.3040571572285428
-0.05861186118451605,0.3040571572285428
-0.0634472654457933,0.3040571572285428
-0.0859737889609394,0.3040571572285428
-0.11678869324584706,0.3040571572285428
-0.1263018827987008,0.3040571572285428
0.07331172694513476,0.3040571572285428
0.08359095022308097,0.3040571572285428
-0.09610617384203883,0.3040571572285428
-0.07404222987160095,0.3040571572285428
0.07650356317344095,0.3040571572285428
0.10295590563730994,0.3040571572285428
0.00848930089665515,0.3040571572285428
-0.09806790734631979,0.3040571572285428
0.0866914591680763,0.3040571572285428
-0.10545563566012732,0.3040571572285428
-0.0789670192097773,0.3040571572285428
0.08359095022308097,0.3040571572285428
-0.08747951366269002,0.3040571572285428
0.0709415007119936,0.3040571572285428
-0.0591205867333332,0.3040571572285428
-0.06475435988556302,0.3040571572285428
-0.07312638851392125,0.3040571572285428
-0.05861186118451605,0.3040571572285428
0.07047670770496584,0.3040571572285428
0.09104731267720789,0.3040571572285428
0.0743890877800086,0.3040571572285428
-0.08863022772660831,0.3040571572285428
0.09398069366382725,0.3040571572285428
0.10334664143687958,0.3040571572285428
0.0960341343692713,0.3040571572285428
-0.09326690282134897,0.3040571572285428
-0.06346944748687641,0.3040571572285428
0.08816129859315366,0.3040571572285428
-0.06807683707703044,0.3040571572285428
0.056929297518511064,0.3040571572285428
-0.06346944748687641,0.3040571572285428
-0.05861186118451605,0.3040571572285428
0.09326690282134897,0.3040571572285428
0.09696981239267836,0.3040571572285428
-0.07899289723361513,0.3040571572285428
0.07887196035145208,0.3040571572285428
-0.08737324409853994,0.3040571572285428
-0.0855839105905224,0.3040571572285428
-0.0855839105905224,0.3040571572285428
-0.0743890877800086,0.3040571572285428
-0.0881724933988502,0.3040571572285428
-0.12988733027165303,0.3040571572285428
-0.08027052818679188,0.3040571572285428
-0.07204902767904742,0.3040571572285428
-0.08108040518028461,0.3040571572285428
-0.07047670770496584,0.3040571572285428
-0.06150037287023625,0.3040571572285428
0.051451423980473865,0.3040571572285428
0.09326690282134897,0.3040571572285428
0.013165697241647534,0.3040571572285428
-0.03600920038270007,0.3040571572285428
0.06604670354644461,0.3040571572285428
0.03090295815567573,0.3040571572285428
-0.0855839105905224,0.3040571572285428
0.06807683707703044,0.3040571572285428
-0.07778037442268984,0.3040571572285428
-0.09104731267720789,0.3040571572285428
-0.0954784055594045,0.3040571572285428
0.07275573998349752,0.3040571572285428
-0.0312919604085856,0.3040571572285428
-0.07275573998349752,0.3040571572285428
0.07590077952214794,0.3040571572285428
0.07634181505110314,0.3040571572285428
-0.06936918073791203,0.3040571572285428
0.10741328300345951,0.3040571572285428
-0.09259628610546794,0.3040571572285428
-0.0930013734374331,0.3040571572285428
0.06679989487252837,0.3040571572285428
-0.08601901710359372,0.3040571572285428
0.08834878752876568,0.3040571572285428
-0.08676184345555314,0.3040571572285428
-0.09272080962779869,0.3040571572285428
0.06346944748687641,0.3040571572285428
0.10814893033446012,0.3040571572285428
-0.11522977614116398,0.3040571572285428
-0.11848960367250894,0.3040571572285428
-0.07899289723361513,0.3040571572285428
0.056929297518511064,0.3040571572285428
0.07820419515293323,0.3040571572285428
0.09204769628382625,0.3040571572285428
-0.05861186118451605,0.3040571572285428
-0.11173687288867226,0.3040571572285428
0.07577306024697476,0.3040571572285428
0.09245528024388282,0.3040571572285428
0.0859737889609394,0.3040571572285428
0.0787729499570616,0.3040571572285428
-0.09326690282134897,0.3040571572285428
-0.015043879963346949,0.3040571572285428
0.06799359612200166,0.3040571572285428
0.0709415007119936,0.3040571572285428
-0.08863022772660831,0.3040571572285428
0.026185718181561263,0.3040571572285428
0.09031903122131957,0.3040571572285428
0.09508148103898303,0.3040571572285428
0.0480012129495076,0.3040571572285428
0.07204902767904742,0.3040571572285428
-0.015043879963346949,0.3040571572285428
-0.06936918073791203,0.3040571572285428
-0.06551498247384174,0.3040571572285428
0.0954784055594045,0.3040571572285428
0.09245528024388282,0.3040571572285428
0.10797858045469791,0.3040571572285428
0.0783032055473237,0.3040571572285428
-0.08247897301562443,0.3040571572285428
-0.08553366428308742,0.3040571572285428
-0.10797858045469791,0.3040571572285428
-0.09791433564224157,0.3040571572285428
0.06927850852068829,0.3040571572285428
-0.011141838218214316,0.3040571572285428
-0.07511959070647478,0.3040571572285428
0.06670125246112008,0.3040571572285428
-0.0743890877800086,0.3040571572285428
0.05816194550278933,0.3040571572285428
-0.12188526710851569,0.3040571572285428
-0.021654998138302683,0.3040571572285428
0.09948380559772524,0.3040571572285428
-0.056929297518511064,0.3040571572285428
-0.06551498247384174,0.3040571572285428
0.08247897301562443,0.3040571572285428
-0.06964915705111202,0.3040571572285428
-0.07607974244319757,0.3040571572285428
-0.07707231797756933,0.3040571572285428
0.08933874364262322,0.3040571572285428
-0.11678869324584706,0.3040571572285428
0.056254257088696115,0.3040571572285428
-0.028743140640388232,0.3040571572285428
0.028743140640388232,0.3040571572285428
0.1012691350052099,0.3040571572285428
0.08437645893297657,0.3040571572285428
0.08834878752876568,0.3040571572285428
0.08553366428308742,0.3040571572285428
-0.08861903292091178,0.3040571572285428
-0.09791614808415527,0.3040571572285428
0.09430426844369545,0.3040571572285428
-0.09050529562238037,0.3040571572285428
0.07331172694513476,0.3040571572285428
0.0709415007119936,0.3040571572285428
0.0559706562879672,0.3040571572285428
-0.10952223053835947,0.3040571572285428
-0.08100727280973198,0.3040571572285428
-0.09159590249884958,0.3040571572285428
0.051395489145459265,0.3040571572285428
-0.08447193338306584,0.3040571572285428
0.09969032466334135,0.3040571572285428
-0.0480012129495076,0.3040571572285428
-0.0709415007119936,0.3040571572285428
-0.059286901614331,0.3040571572285428
0.029413777686886185,0.3040571572285428
-0.02421242059712965,0.3040571572285428
0.015043879963346949,0.3040571572285428
0.07899289723361513,0.3040571572285428
0.0480012129495076,0.3040571572285428
-0.11412250994356901,0.3040571572285428
-0.06125597623097116,0.3040571572285428
-0.08235854741255853,0.3040571572285428
0.12262596923842983,0.3040571572285428
0.056254257088696115,0.3040571572285428
0.0591205867333332,0.3040571572285428
0.08630158079765929,0.3040571572285428
0.03090295815567573,0.3040571572285428
0.06150037287023625,0.3040571572285428
-0.10952223053835947,0.3040571572285428
-0.06356808989828469,0.3040571572285428
0.07709819600140716,0.3040571572285428
-0.09948380559772524,0.3040571572285428
-0.11974982503152304,0.3040571572285428
0.09350307029461577,0.3040571572285428
-0.0709415007119936,0.3040571572285428
-0.11307138892135939,0.3040571572285428
-0.021654998138302683,0.3040571572285428
-0.10076474130806803,0.3040571572285428
0.09319843299701017,0.3040571572285428
0.006611118174955735,0.3040571572285428
0.05190133966220058,0.3040571572285428
-0.07607974244319757,0.3040571572285428
-0.08793724799044814,0.3040571572285428
0.07650356317344095,0.3040571572285428
0.08437645893297657,0.3040571572285428
-0.09272080962779869,0.3040571572285428
0.035739229487247545,0.3040571572285428
-0.07827732752348587,0.3040571572285428
0.06679989487252837,0.3040571572285428
-0.07728475198911411,0.3040571572285428
0.11860595423495054,0.3040571572285428
0.1021215084878712,0.3040571572285428
0.09031903122131957,0.3040571572285428
0.09272080962779869,0.3040571572285428
-0.08988076069745074,0.3040571572285428
-0.08354070391564601,0.3040571572285428
0.04051240429637662,0.3040571572285428
0.021654998138302683,0.3040571572285428
0.09969032466334135,0.3040571572285428
0.09873719889305074,0.3040571572285428
0.07331172694513476,0.3040571572285428
-0.04390668049232828,0.3040571572285428
0.10334664143687958,0.3040571572285428
0.09272080962779869,0.3040571572285428
0.08933874364262322,0.3040571572285428
-0.05863404322559916,0.3040571572285428
-0.06679989487252837,0.3040571572285428
-0.0312919604085856,0.3040571572285428
-0.09996357098739761,0.3040571572285428
-0.08226307296246926,0.3040571572285428
-0.0480012129495076,0.3040571572285428
0.06383323229053936,0.3040571572285428
-0.03384938286741257,0.3040571572285428
-0.06936918073791203,0.3040571572285428
0.08548843614043314,0.3040571572285428
-0.059142768774416314,0.3040571572285428
-0.03090295815567573,0.3040571572285428
-0.0743890877800086,0.3040571572285428
-0.07386326695055132,0.3040571572285428
0.07574286185109322,0.3040571572285428
-0.021654998138302683,0.3040571572285428
0.08108040518028461,0.3040571572285428
0.10468543228346017,0.3040571572285428
0.09104731267720789,0.3040571572285428
0.06807683707703044,0.3040571572285428
-0.08235854741255853,0.3040571572285428
-0.04349800903583105,0.3040571572285428
-0.08247897301562443,0.3040571572285428
0.07785350679324249,0.3040571572285428
0.12309957189236054,0.3040571572285428
-0.059286901614331,0.3040571572285428
-0.0709415007119936,0.3040571572285428
-0.10161711479072935,0.3040571572285428
-0.08888100931486512,0.3040571572285428
-0.06936918073791203,0.3040571572285428
-0.05529561585815225,0.3040571572285428
-0.06964915705111202,0.3040571572285428
-0.11693908424455737,0.3040571572285428
-0.06356808989828469,0.3040571572285428
-0.09908776037505053,0.3040571572285428
-0.0866914591680763,0.3040571572285428
-0.015043879963346949,0.3040571572285428
0.14837969096433878,0.3040571572285428
0.08933874364262322,0.3040571572285428
-0.00848930089665515,0.3040571572285428
0.1021215084878712,0.3040571572285428
-0.021654998138302683,0.3040571572285428
0.09374452619056045,0.3040571572285428
0.07650356317344095,0.3040571572285428
0.07887196035145208,0.3040571572285428
0.10918120888493349,0.3040571572285428
-0.0480012129495076,0.3040571572285428
0.1318344549444591,0.3040571572285428
0.06679989487252837,0.3040571572285428
0.06919976550046375,0.3040571572285428
0.0743890877800086,0.3040571572285428
-0.09610617384203883,0.3040571572285428
0.056254257088696115,0.3040571572285428
0.12708846294806675,0.3040571572285428
0.06354590785720159,0.3040571572285428
0.0979790486405859,0.3040571572285428
0.08226307296246926,0.3040571572285428
-0.07820419515293323,0.3040571572285428
0.09641408358281156,0.3040571572285428
-0.07534923951673138,0.3040571572285428
-0.06150037287023625,0.3040571572285428
-0.07778037442268984,0.3040571572285428
0.08214213608030621,0.3040571572285428
0.06356808989828469,0.3040571572285428
-0.0866914591680763,0.3040571572285428
0.08863022772660831,0.3040571572285428
-0.07404222987160095,0.3040571572285428
-0.1004533380255308,0.3040571572285428
0.12188526710851569,0.3040571572285428
0.11675718000524947,0.3040571572285428
-0.0855839105905224,0.3040571572285428
-0.04280061907031685,0.3040571572285428
0.09272080962779869,0.3040571572285428
-0.013165697241647534,0.3040571572285428
0.0783032055473237,0.3040571572285428
-0.0789670192097773,0.3040571572285428
0.12383475341988395,0.3040571572285428
0.028743140640388232,0.3040571572285428
0.10551533818429684,0.3040571572285428
-0.06973982926833577,0.3040571572285428
0.07511959070647478,0.3040571572285428
-0.046948220066797317,0.3040571572285428
0.09374452619056045,0.3040571572285428
0.11337803452410652,0.3040571572285428
0.10660528025079857,0.3040571572285428
0.10918120888493349,0.3040571572285428
-0.08861903292091178,0.3040571572285428
-0.0789670192097773,0.3040571572285428
-0.10814893033446012,0.3040571572285428
-0.0960341343692713,0.3040571572285428
-0.0743890877800086,0.3040571572285428
0.08247897301562443,0.3040571572285428
-0.06551498247384174,0.3040571572285428
0.08793724799044814,0.3040571572285428
0.09006702509851156,0.3040571572285428
0.026090603318829064,0.3040571572285428
-0.06150037287023625,0.3040571572285428
-0.0855839105905224,0.3040571572285428
0.08206900370975356,0.3040571572285428
0.09610617384203883,0.3040571572285428
0.05190133966220058,0.3040571572285428
0.08737324409853994,0.3040571572285428
-0.06799359612200166,0.3040571572285428
0.07887196035145208,0.3040571572285428
-0.06799359612200166,0.3040571572285428
-0.006611118174955735,0.3040571572285428
-0.06551498247384174,0.3040571572285428
-0.07728475198911411,0.3040571572285428
0.02421242059712965,0.3040571572285428
-0.07607974244319757,0.3040571572285428
0.061089661349973366,0.3040571572285428
0.09549390295055746,0.3040571572285428
0.10647447302061305,0.3040571572285428
0.08036558704511712,0.3040571572285428
-0.09245528024388282,0.3040571572285428
-0.006611118174955735,0.3040571572285428
-0.07839826440564893,0.3040571572285428
0.07887196035145208,0.3040571572285428
-0.12740123913795512,0.3040571572285428
-0.03600920038270007,0.3040571572285428
-0.07785350679324249,0.3040571572285428
-0.10621144286572076,0.3040571572285428
-0.09969032466334135,0.3040571572285428
0.05190133966220058,0.3040571572285428
-0.07728475198911411,0.3040571572285428
0.07204902767904742,0.3040571572285428
0.056929297518511064,0.3040571572285428
0.07728475198911411,0.3040571572285428
0.056254257088696115,0.3040571572285428
0.0559706562879672,0.3040571572285428
0.07820419515293323,0.3040571572285428
0.06356808989828469,0.3040571572285428
-0.10385381465865443,0.3040571572285428
0.07899289723361513,0.3040571572285428
0.08988076069745074,0.3040571572285428
0.06475435988556302,0.3040571572285428
-0.09190669042224114,0.3040571572285428
0.1197525056542505,0.3040571572285428
-0.09245528024388282,0.3040571572285428
0.0709415007119936,0.3040571572285428
-0.026185718181561263,0.3040571572285428
-0.09245528024388282,0.3040571572285428
-0.051451423980473865,0.3040571572285428
-0.1037941121344849,0.3040571572285428
-0.06150037287023625,0.3040571572285428
0.07257484850850468,0.3040571572285428
0.08959932049960811,0.3040571572285428
-0.059286901614331,0.3040571572285428
0.04349800903583105,0.3040571572285428
0.11921407703961445,0.3040571572285428
0.03829665194607452,0.3040571572285428
-0.08863022772660831,0.3040571572285428
0.04349800903583105,0.3040571572285428
0.07820419515293323,0.3040571572285428
0.052576380092015526,0.3040571572285428
0.059286901614331,0.3040571572285428
0.011046723355482117,0.3040571572285428
0.026185718181561263,0.3040571572285428
0.0591205867333332,0.3040571572285428
-0.07709819600140716,0.3040571572285428
0.08247897301562443,0.3040571572285428
0.10647447302061305,0.3040571572285428
-0.0709415007119936,0.3040571572285428
0.056929297518511064,0.3040571572285428
0.09245528024388282,0.3040571572285428
-0.07590077952214794,0.3040571572285428
-0.1012691350052099,0.3040571572285428
0.06150037287023625,0.3040571572285428
-0.0748234186872741,0.3040571572285428
-0.07778037442268984,0.3040571572285428
-0.059286901614331,0.3040571572285428
-0.051451423980473865,0.3040571572285428
0.04349800903583105,0.3040571572285428
0.0787729499570616,0.3040571572285428
0.09326690282134897,0.3040571572285428
0.08036558704511712,0.3040571572285428
0.09190669042224114,0.3040571572285428
0.030807843292943532,0.3040571572285428
0.027483987922313782,0.3040571572285428
0.08247897301562443,0.3040571572285428
0.0559706562879672,0.3040571572285428
-0.09864834018731686,0.3040571572285428
-0.08747951366269002,0.3040571572285428
0.05642057196969391,0.3040571572285428
-0.10046750501101716,0.3040571572285428
-0.10647447302061305,0.3040571572285428
-0.1198688562166921,0.3040571572285428
-0.0954784055594045,0.3040571572285428
-0.0787729499570616,0.3040571572285428
-0.09802753696528457,0.3040571572285428
-0.054789851347920776,0.3040571572285428
-0.07778037442268984,0.3040571572285428
0.08437645893297657,0.3040571572285428
0.07167837914862367,0.3040571572285428
-0.06551498247384174,0.3040571572285428
0.06670125246112008,0.3040571572285428
0.03090295815567573,0.3040571572285428
0.0954784055594045,0.3040571572285428
0.09791614808415527,0.3040571572285428
-0.08905730344478059,0.3040571572285428
-0.08863022772660831,0.3040571572285428
0.08592354265350445,0.3040571572285428
-0.09948380559772524,0.3040571572285428
-0.09101598624388818,0.3040571572285428
-0.03600920038270007,0.3040571572285428
0.0960341343692713,0.3040571572285428
-0.02421242059712965,0.3040571572285428
0.08027052818679188,0.3040571572285428
0.07331172694513476,0.3040571572285428
-0.08861903292091178,0.3040571572285428
0.09493334699411551,0.3040571572285428
0.08698336572812293,0.3040571572285428
-0.12915718778768853,0.3040571572285428
0.06551498247384174,0.3040571572285428
-0.03384938286741257,0.3040571572285428
-0.07820419515293323,0.3040571572285428
-0.021654998138302683,0.3040571572285428
-0.07899289723361513,0.3040571572285428
0.12307115818276784,0.3040571572285428
-0.03394449773014477,0.3040571572285428
-0.09881451405099428,0.3040571572285428
-0.07331172694513476,0.3040571572285428
0.07204902767904742,0.3040571572285428
0.1198688562166921,0.3040571572285428
0.0855839105905224,0.3040571572285428
0.09272080962779869,0.3040571572285428
-0.06551498247384174,0.3040571572285428
-0.03394449773014477,0.3040571572285428
-0.09702635447429293,0.3040571572285428
-0.10871422778569852,0.3040571572285428
-0.0787729499570616,0.3040571572285428
0.07728475198911411,0.3040571572285428
0.08834878752876568,0.3040571572285428
-0.08027052818679188,0.3040571572285428
-0.07331172694513476,0.3040571572285428
-0.08816129859315366,0.3040571572285428
-0.08747951366269002,0.3040571572285428
-0.06679192467834383,0.3040571572285428
0.09430426844369545,0.3040571572285428
-0.05190133966220058,0.3040571572285428
-0.09272080962779869,0.3040571572285428
0.08737324409853994,0.3040571572285428
0.06799359612200166,0.3040571572285428
0.09789180546684617,0.3040571572285428
-0.04051240429637662,0.3040571572285428
-0.07899289723361513,0.3040571572285428
0.013165697241647534,0.3040571572285428
0.09791614808415527,0.3040571572285428
-0.028250420834116566,0.3040571572285428
-0.04349800903583105,0.3040571572285428
-0.09390815762658093,0.3040571572285428
-0.10621144286572076,0.3040571572285428
-0.07331172694513476,0.3040571572285428
0.10965250055324252,0.3040571572285428
0.10545563566012732,0.3040571572285428
-0.07778037442268984,0.3040571572285428
0.09272080962779869,0.3040571572285428
-0.03600920038270007,0.3040571572285428
0.09791614808415527,0.3040571572285428
0.08110628320412244,0.3040571572285428
0.08766700259830204,0.3040571572285428
0.013165697241647534,0.3040571572285428
0.0480012129495076,0.3040571572285428
-0.06150037287023625,0.3040571572285428
-0.09272080962779869,0.3040571572285428
-0.10019425868696091,0.3040571572285428
-0.07456805070105821,0.3040571572285428
0.07787938481708032,0.3040571572285428
-0.06799359612200166,0.3040571572285428
0.06679989487252837,0.3040571572285428
0.06807683707703044,0.3040571572285428
0.0960341343692713,0.3040571572285428
-0.08601901710359372,0.3040571572285428
-0.0591205867333332,0.3040571572285428
-0.059286901614331,0.3040571572285428
0.0855839105905224,0.3040571572285428
-0.0960341343692713,0.3040571572285428
0.11132395479044321,0.3040571572285428
-0.013165697241647534,0.3040571572285428
-0.08676184345555314,0.3040571572285428
0.09326690282134897,0.3040571572285428
0.10161711479072935,0.3040571572285428
0.08235854741255853,0.3040571572285428
-0.09104731267720789,0.3040571572285428
-0.04355394387084565,0.3040571572285428
-0.0668905670897521,0.3040571572285428
0.0480012129495076,0.3040571572285428
0.11857031603628065,0.3040571572285428
0.07827732752348587,0.3040571572285428
-0.09259628610546794,0.3040571572285428
-0.09333943885859528,0.3040571572285428
-0.09873719889305074,0.3040571572285428
0.10301282863684647,0.3040571572285428
-0.06670125246112008,0.3040571572285428
-0.07331172694513476,0.3040571572285428
0.09969032466334135,0.3040571572285428
-0.06679989487252837,0.3040571572285428
0.08816129859315366,0.3040571572285428
0.08625635265500498,0.3040571572285428
-0.08933874364262322,0.3040571572285428
0.0855839105905224,0.3040571572285428
0.0591205867333332,0.3040571572285428
0.07330535143497087,0.3040571572285428
0.07204902767904742,0.3040571572285428
-0.11065423862586504,0.3040571572285428
0.08816129859315366,0.3040571572285428
-0.08024465016295405,0.3040571572285428
-0.07312638851392125,0.3040571572285428
-0.06639517003578524,0.3040571572285428
-0.11526128938176157,0.3040571572285428
0.006611118174955735,0.3040571572285428
-0.03600920038270007,0.3040571572285428
-0.09486482440013738,0.3040571572285428
-0.05642057196969391,0.3040571572285428
-0.006611118174955735,0.3040571572285428
-0.030807843292943532,0.3040571572285428
-0.07899289723361513,0.3040571572285428
0.1004533380255308,0.3040571572285428
0.09873719889305074,0.3040571572285428
-0.07925207462858229,0.3040571572285428
0.06150037287023625,0.3040571572285428
0.08354070391564601,0.3040571572285428
0.05642057196969391,0.3040571572285428
-0.013165697241647534,0.3040571572285428
0.08960929077075344,0.3040571572285428
0.05930908365541411,0.3040571572285428
-0.09159590249884958,0.3040571572285428
0.0559706562879672,0.3040571572285428
0.09886300237569295,0.3040571572285428
0.09702816691620664,0.3040571572285428
-0.07879882798089943,0.3040571572285428
-0.09549390295055746,0.3040571572285428
0.03090295815567573,0.3040571572285428
0.0917821668999104,0.3040571572285428
-0.09864834018731686,0.3040571572285428
0.08766700259830204,0.3040571572285428
-0.10741328300345951,0.3040571572285428
0.07331172694513476,0.3040571572285428
-0.026090603318829064,0.3040571572285428
-0.0855839105905224,0.3040571572285428
-0.12371973599958466,0.3040571572285428
-0.09702635447429293,0.3040571572285428
-0.05861186118451605,0.3040571572285428
0.013165697241647534,0.3040571572285428
-0.08437645893297657,0.3040571572285428
-0.03963935619994053,0.3040571572285428
0.10769539042521278,0.3040571572285428
-0.03579516432226215,0.3040571572285428
-0.09454124962026919,0.3040571572285428
0.08747951366269002,0.3040571572285428
-0.10621144286572076,0.3040571572285428
0.07204902767904742,0.3040571572285428
0.09006702509851156,0.3040571572285428
-0.09446789987971593,0.3040571572285428
-0.07607974244319757,0.3040571572285428
0.08834878752876568,0.3040571572285428
0.09423173240644914,0.3040571572285428
-0.09791614808415527,0.3040571572285428
-0.07312638851392125,0.3040571572285428
0.05816194550278933,0.3040571572285428
-0.09336206443303065,0.3040571572285428
-0.08747951366269002,0.3040571572285428
0.07047670770496584,0.3040571572285428
-0.06150037287023625,0.3040571572285428
0.08430862043021786,0.3040571572285428
0.021654998138302683,0.3040571572285428
0.051845404827185984,0.3040571572285428
-0.11857031603628065,0.3040571572285428
0.059142768774416314,0.3040571572285428
-0.08933874364262322,0.3040571572285428
-0.08051165037615624,0.3040571572285428
0.1263018827987008,0.3040571572285428
-0.08933874364262322,0.3040571572285428
-0.07728475198911411,0.3040571572285428
0.021654998138302683,0.3040571572285428
0.026090603318829064,0.3040571572285428
0.0634472654457933,0.3040571572285428
0.10334664143687958,0.3040571572285428
-0.0969543150015254,0.3040571572285428
-0.07827732752348587,0.3040571572285428
-0.05529561585815225,0.3040571572285428
-0.04355394387084565,0.3040571572285428
-0.0709415007119936,0.3040571572285428
0.08719694996862445,0.3040571572285428
-0.028743140640388232,0.3040571572285428
-0.03090295815567573,0.3040571572285428
0.09031903122131957,0.3040571572285428
-0.07590077952214794,0.3040571572285428
0.006611118174955735,0.3040571572285428
0.06475435988556302,0.3040571572285428
0.09486482440013738,0.3040571572285428
0.09702635447429293,0.3040571572285428
-0.11522977614116398,0.3040571572285428
-0.11173687288867226,0.3040571572285428
-0.051395489145459265,0.3040571572285428
0.07887196035145208,0.3040571572285428
-0.07899289723361513,0.3040571572285428
-0.0954784055594045,0.3040571572285428
-0.10647447302061305,0.3040571572285428
0.028743140640388232,0.3040571572285428
0.026090603318829064,0.3040571572285428
-0.04045646946136201,0.3040571572285428
-0.09159590249884958,0.3040571572285428
-0.07728475198911411,0.3040571572285428
0.06551498247384174,0.3040571572285428
0.08933874364262322,0.3040571572285428
0.07728475198911411,0.3040571572285428
-0.12309957189236054,0.3040571572285428
-0.0559706562879672,0.3040571572285428
-0.0312919604085856,0.3040571572285428
-0.09159590249884958,0.3040571572285428
0.1047451348076297,0.3040571572285428
-0.006611118174955735,0.3040571572285428
0.10545563566012732,0.3040571572285428
0.0954784055594045,0.3040571572285428
0.08354070391564601,0.3040571572285428
0.051845404827185984,0.3040571572285428
-0.05190133966220058,0.3040571572285428
-0.0709415007119936,0.3040571572285428
-0.11227076832651153,0.3040571572285428
-0.06551498247384174,0.3040571572285428
0.08447193338306584,0.3040571572285428
0.08906849825047712,0.3040571572285428
-0.06482285006170366,0.3040571572285428
-0.10797858045469791,0.3040571572285428
-0.04349800903583105,0.3040571572285428
-0.059286901614331,0.3040571572285428
0.08027052818679188,0.3040571572285428
0.08226307296246926,0.3040571572285428
-0.09791433564224157,0.3040571572285428
-0.056929297518511064,0.3040571572285428
0.07331172694513476,0.3040571572285428
0.07785350679324249,0.3040571572285428
-0.12299354291420518,0.3040571572285428
0.09864834018731686,0.3040571572285428
-0.03839176680880672,0.3040571572285428
-0.05930908365541411,0.3040571572285428
-0.0932375409106999,0.3040571572285428
-0.0960341343692713,0.3040571572285428
0.00848930089665515,0.3040571572285428
-0.09190669042224114,0.3040571572285428
-0.05529561585815225,0.3040571572285428
-0.0743890877800086,0.3040571572285428
0.05235413037600313,0.3040571572285428
-0.12214657928219694,0.3040571572285428
0.08747951366269002,0.3040571572285428
-0.11559284670299502,0.3040571572285428
-0.10026080728444849,0.3040571572285428
0.08933874364262322,0.3040571572285428
0.00848930089665515,0.3040571572285428
-0.06936918073791203,0.3040571572285428
0.028743140640388232,0.3040571572285428
-0.09444022623375108,0.3040571572285428
0.08359095022308097,0.3040571572285428
-0.07889388683922467,0.3040571572285428
-0.059286901614331,0.3040571572285428
0.09272080962779869,0.3040571572285428
-0.026185718181561263,0.3040571572285428
0.0979790486405859,0.3040571572285428
-0.07456805070105821,0.3040571572285428
0.056254257088696115,0.3040571572285428
0.08988076069745074,0.3040571572285428
0.09326690282134897,0.3040571572285428
0.08988076069745074,0.3040571572285428
-0.07331172694513476,0.3040571572285428
-0.06679989487252837,0.3040571572285428
0.05861186118451605,0.3040571572285428
0.02421242059712965,0.3040571572285428
0.09610617384203883,0.3040571572285428
0.08359095022308097,0.3040571572285428
-0.055804341406969396,0.3040571572285428
-0.09104731267720789,0.3040571572285428
-0.10468543228346017,0.3040571572285428
-0.11052396861098199,0.3040571572285428
-0.12477562310597151,0.3040571572285428
0.10728247577327399,0.3040571572285428
-0.0480012129495076,0.3040571572285428
-0.10027497426993484,0.3040571572285428
-0.028743140640388232,0.3040571572285428
0.09252531965303773,0.3040571572285428
-0.0634472654457933,0.3040571572285428
-0.0793066408302397,0.3040571572285428
-0.09873719889305074,0.3040571572285428
0.05252044525700093,0.3040571572285428
0.10468543228346017,0.3040571572285428
-0.06679989487252837,0.3040571572285428
0.08120134206244768,0.3040571572285428
0.1047451348076297,0.3040571572285428
0.006611118174955735,0.3040571572285428
-0.059286901614331,0.3040571572285428
-0.06807683707703044,0.3040571572285428
0.09709106747263727,0.3040571572285428
-0.015043879963346949,0.3040571572285428
0.09446789987971593,0.3040571572285428
-0.08024465016295405,0.3040571572285428
0.059286901614331,0.3040571572285428
0.08988076069745074,0.3040571572285428
0.13422446498483062,0.3040571572285428
-0.0634472654457933,0.3040571572285428
0.02637223811241715,0.3040571572285428
-0.0480012129495076,0.3040571572285428
-0.026090603318829064,0.3040571572285428
0.05642057196969391,0.3040571572285428
0.051395489145459265,0.3040571572285428
0.03090295815567573,0.3040571572285428
-0.0954205532100042,0.3040571572285428
0.08863022772660831,0.3040571572285428
0.07797444367540554,0.3040571572285428
-0.09696981239267836,0.3040571572285428
0.07899289723361513,0.3040571572285428
-0.028743140640388232,0.3040571572285428
-0.08834878752876568,0.3040571572285428
0.07331172694513476,0.3040571572285428
0.11227076832651153,0.3040571572285428
0.07386326695055132,0.3040571572285428
-0.0979790486405859,0.3040571572285428
0.09454124962026919,0.3040571572285428
-0.09802753696528457,0.3040571572285428
0.03090295815567573,0.3040571572285428
0.08680707159820744,0.3040571572285428
0.09540505581885125,0.3040571572285428
-0.08906849825047712,0.3040571572285428
-0.09226651921473061,0.3040571572285428
-0.07404222987160095,0.3040571572285428
0.05529561585815225,0.3040571572285428
-0.0954784055594045,0.3040571572285428
-0.06973982926833577,0.3040571572285428
-0.03090295815567573,0.3040571572285428
0.056254257088696115,0.3040571572285428
-0.09050529562238037,0.3040571572285428
0.07785350679324249,0.3040571572285428
0.06809223853340995,0.3040571572285428
-0.015043879963346949,0.3040571572285428
-0.056254257088696115,0.3040571572285428
0.0979790486405859,0.3040571572285428
-0.0954784055594045,0.3040571572285428
-0.096342546284172,0.3040571572285428
-0.0559706562879672,0.3040571572285428
-0.07607974244319757,0.3040571572285428
-0.0591205867333332,0.3040571572285428
0.07827732752348587,0.3040571572285428
0.04349800903583105,0.3040571572285428
-0.12275250648629142,0.3040571572285428
0.05529561585815225,0.3040571572285428
-0.05642057196969391,0.3040571572285428
0.09996357098739761,0.3040571572285428
-0.11795570717082897,0.3040571572285428
0.08036558704511712,0.3040571572285428
-0.08024465016295405,0.3040571572285428
0.05241006521101774,0.3040571572285428
-0.08816129859315366,0.3040571572285428
-0.09374452619056045,0.3040571572285428
0.0855839105905224,0.3040571572285428
0.0866914591680763,0.3040571572285428
-0.10069865238410278,0.3040571572285428
0.08437645893297657,0.3040571572285428
0.07577306024697476,0.3040571572285428
0.09031903122131957,0.3040571572285428
0.08844273879099629,0.3040571572285428
0.07257484850850468,0.3040571572285428
0.06679989487252837,0.3040571572285428
-0.06125597623097116,0.3040571572285428
-0.12265438294802253,0.3040571572285428
0.07889388683922467,0.3040571572285428
-0.030807843292943532,0.3040571572285428
-0.07728475198911411,0.3040571572285428
-0.09948380559772524,0.3040571572285428
-0.04349800903583105,0.3040571572285428
0.10660528025079857,0.3040571572285428
0.03839176680880672,0.3040571572285428
0.08437645893297657,0.3040571572285428
-0.08738443890423647,0.3040571572285428
-0.09345534001828568,0.3040571572285428
0.09791614808415527,0.3040571572285428
0.07204902767904742,0.3040571572285428
-0.09800319434797547,0.3040571572285428
0.06670125246112008,0.3040571572285428
0.03394449773014477,0.3040571572285428
0.08834878752876568,0.3040571572285428
-0.0855839105905224,0.3040571572285428
-0.09806790734631979,0.3040571572285428
0.05642057196969391,0.3040571572285428
-0.11541168038047189,0.3040571572285428
-0.09515352051175056,0.3040571572285428
-0.1012691350052099,0.3040571572285428
0.08834878752876568,0.3040571572285428
0.06973982926833577,0.3040571572285428
0.04051240429637662,0.3040571572285428
0.04349800903583105,0.3040571572285428
0.09159590249884958,0.3040571572285428
-0.09868871056835207,0.3040571572285428
-0.09333943885859528,0.3040571572285428
-0.07331172694513476,0.3040571572285428
-0.0789670192097773,0.3040571572285428
-0.0787729499570616,0.3040571572285428
-0.08816129859315366,0.3040571572285428
-0.013165697241647534,0.3040571572285428
0.08737324409853994,0.3040571572285428
-0.08265336692465032,0.3040571572285428
0.0743890877800086,0.3040571572285428
0.09996357098739761,0.3040571572285428
-0.08354070391564601,0.3040571572285428
-0.06936918073791203,0.3040571572285428
-0.04045646946136201,0.3040571572285428
0.12660706963516113,0.3040571572285428
-0.06484503210278678,0.3040571572285428
-0.0855839105905224,0.3040571572285428
0.0743890877800086,0.3040571572285428
-0.11052396861098199,0.3040571572285428
0.09641408358281156,0.3040571572285428
0.07386326695055132,0.3040571572285428
-0.09252531965303773,0.3040571572285428
-0.06484503210278678,0.3040571572285428
0.05861186118451605,0.3040571572285428
-0.0787729499570616,0.3040571572285428
0.028743140640388232,0.3040571572285428
0.06475435988556302,0.3040571572285428
0.09702635447429293,0.3040571572285428
-0.056929297518511064,0.3040571572285428
0.04390668049232828,0.3040571572285428
0.07511959070647478,0.3040571572285428
0.09350307029461577,0.3040571572285428
0.09864834018731686,0.3040571572285428
0.09873719889305074,0.3040571572285428
-0.0748234186872741,0.3040571572285428
-0.08834878752876568,0.3040571572285428
0.11640333625264879,0.3040571572285428
-0.05235413037600313,0.3040571572285428
0.09374452619056045,0.3040571572285428
-0.03090295815567573,0.3040571572285428
0.08344142141926406,0.3040571572285428
0.11284413908626723,0.3040571572285428
-0.06356808989828469,0.3040571572285428
-0.08863022772660831,0.3040571572285428
0.055804341406969396,0.3040571572285428
0.08601901710359372,0.3040571572285428
0.09204769628382625,0.3040571572285428
0.04355394387084565,0.3040571572285428
0.028743140640388232,0.3040571572285428
-0.03090295815567573,0.3040571572285428
0.10385381465865443,0.3040571572285428
0.06809223853340995,0.3040571572285428
-0.0960171590623901,0.3040571572285428
0.06973982926833577,0.3040571572285428
-0.05529561585815225,0.3040571572285428
0.026185718181561263,0.3040571572285428
0.04349800903583105,0.3040571572285428
-0.12708846294806675,0.3040571572285428
-0.08359095022308097,0.3040571572285428
-0.12062236512677414,0.3040571572285428
0.06927850852068829,0.3040571572285428
0.02421242059712965,0.3040571572285428
-0.09430426844369545,0.3040571572285428
-0.017601302422173917,0.3040571572285428
-0.08747951366269002,0.3040571572285428
-0.026185718181561263,0.3040571572285428
-0.08765580779260551,0.3040571572285428
0.1012691350052099,0.3040571572285428
-0.07220419997808095,0.3040571572285428
-0.06150037287023625,0.3040571572285428
0.0480012129495076,0.3040571572285428
-0.09956452118069915,0.3040571572285428
0.08601901710359372,0.3040571572285428
0.061089661349973366,0.3040571572285428
0.0960341343692713,0.3040571572285428
0.06670125246112008,0.3040571572285428
-0.07728475198911411,0.3040571572285428
0.09486482440013738,0.3040571572285428
0.028250420834116566,0.3040571572285428
0.0480012129495076,0.3040571572285428
0.07456805070105821,0.3040571572285428
0.07682022268596707,0.3040571572285428
0.1289325914269027,0.3040571572285428
0.12837338287608263,0.3040571572285428
0.03090295815567573,0.3040571572285428
0.1233406083202743,0.3040571572285428
0.10570426964394591,0.3040571572285428
-0.07650356317344095,0.3040571572285428
-0.07008900420783105,0.3040571572285428
-0.042196778658767496,0.3040571572285428
0.0709415007119936,0.3040571572285428
-0.006611118174955735,0.3040571572285428
-0.08816129859315366,0.3040571572285428
0.09028240411472588,0.3040571572285428
0.1306709468833277,0.3040571572285428
0.07899289723361513,0.3040571572285428
0.07899289723361513,0.3040571572285428
0.07607974244319757,0.3040571572285428
0.06807683707703044,0.3040571572285428
-0.09245528024388282,0.3040571572285428
0.1004533380255308,0.3040571572285428
0.06150037287023625,0.3040571572285428
-0.08747951366269002,0.3040571572285428
0.08988076069745074,0.3040571572285428
0.006611118174955735,0.3040571572285428
0.026090603318829064,0.3040571572285428
0.09104731267720789,0.3040571572285428
-0.05241006521101774,0.3040571572285428
0.06551498247384174,0.3040571572285428
0.10076474130806803,0.3040571572285428
0.030807843292943532,0.3040571572285428
0.04355394387084565,0.3040571572285428
0.07220419997808095,0.3040571572285428
-0.10844556155393288,0.3040571572285428
-0.0866914591680763,0.3040571572285428
0.07887196035145208,0.3040571572285428
0.028743140640388232,0.3040571572285428
-0.0881724933988502,0.3040571572285428
-0.07879882798089943,0.3040571572285428
0.10076474130806803,0.3040571572285428
0.08861903292091178,0.3040571572285428
0.06679989487252837,0.3040571572285428
0.011046723355482117,0.3040571572285428
-0.0634472654457933,0.3040571572285428
-0.03829665194607452,0.3040571572285428
0.07607974244319757,0.3040571572285428
0.10617125074318087,0.3040571572285428
0.09789180546684617,0.3040571572285428
-0.08027052818679188,0.3040571572285428
0.0709415007119936,0.3040571572285428
0.09702635447429293,0.3040571572285428
0.11052396861098199,0.3040571572285428
0.0917821668999104,0.3040571572285428
-0.0855839105905224,0.3040571572285428
-0.06807683707703044,0.3040571572285428
-0.06936918073791203,0.3040571572285428
-0.0480012129495076,0.3040571572285428
-0.11741995917892038,0.3040571572285428
0.030807843292943532,0.3040571572285428
0.0881724933988502,0.3040571572285428
-0.07386326695055132,0.3040571572285428
0.06927850852068829,0.3040571572285428
0.09491784960296257,0.3040571572285428
-0.08514437544754844,0.3040571572285428
-0.08816129859315366,0.3040571572285428
0.08747951366269002,0.3040571572285428
-0.08226307296246926,0.3040571572285428
-0.059142768774416314,0.3040571572285428
-0.11803910015732813,0.3040571572285428
-0.133152848845423,0.3040571572285428
-0.04045646946136201,0.3040571572285428
-0.08548843614043314,0.3040571572285428
0.09486482440013738,0.3040571572285428
0.06354590785720159,0.3040571572285428
0.0960341343692713,0.3040571572285428
0.09245528024388282,0.3040571572285428
0.08226307296246926,0.3040571572285428
-0.059286901614331,0.3040571572285428
-0.0930013734374331,0.3040571572285428
0.10128330199069624,0.3040571572285428
-0.028743140640388232,0.3040571572285428
-0.06936918073791203,0.3040571572285428
0.08601901710359372,0.3040571572285428
0.08933874364262322,0.3040571572285428
-0.06927850852068829,0.3040571572285428
0.1021215084878712,0.3040571572285428
-0.08933874364262322,0.3040571572285428
0.09894371795866687,0.3040571572285428
-0.02637223811241715,0.3040571572285428
0.13755118433853386,0.3040571572285428
0.10334664143687958,0.3040571572285428
0.0859737889609394,0.3040571572285428
-0.10564614541448236,0.3040571572285428
0.06346944748687641,0.3040571572285428
0.04045646946136201,0.3040571572285428
0.051451423980473865,0.3040571572285428
-0.09104731267720789,0.3040571572285428
0.09705069709160204,0.3040571572285428
0.0743890877800086,0.3040571572285428
-0.10026080728444849,0.3040571572285428
0.04349800903583105,0.3040571572285428
0.10707226135003353,0.3040571572285428
-0.017601302422173917,0.3040571572285428
-0.0881724933988502,0.3040571572285428
0.09446789987971593,0.3040571572285428
0.038447701643821316,0.3040571572285428
0.11857031603628065,0.3040571572285428
0.08844273879099629,0.3040571572285428
0.10027497426993484,0.3040571572285428
-0.0859737889609394,0.3040571572285428
-0.013165697241647534,0.3040571572285428
0.021654998138302683,0.3040571572285428
0.0969543150015254,0.3040571572285428
0.09702635447429293,0.3040571572285428
-0.08863022772660831,0.3040571572285428
0.1348530799025476,0.3040571572285428
0.07827732752348587,0.3040571572285428
-0.09050529562238037,0.3040571572285428
-0.0787729499570616,0.3040571572285428
-0.04051240429637662,0.3040571572285428
-0.10519260550523504,0.3040571572285428
-0.0979790486405859,0.3040571572285428
-0.06936918073791203,0.3040571572285428
-0.06936918073791203,0.3040571572285428
-0.03394449773014477,0.3040571572285428
0.10797858045469791,0.3040571572285428
-0.015043879963346949,0.3040571572285428
-0.06807683707703044,0.3040571572285428
-0.0634472654457933,0.3040571572285428
-0.07511959070647478,0.3040571572285428
-0.09802753696528457,0.3040571572285428
0.05529561585815225,0.3040571572285428
0.1004533380255308,0.3040571572285428
0.08442670524041154,0.3040571572285428
0.07728475198911411,0.3040571572285428
0.10570426964394591,0.3040571572285428
0.03829665194607452,0.3040571572285428
-0.07312638851392125,0.3040571572285428
-0.06346944748687641,0.3040571572285428
-0.05529561585815225,0.3040571572285428
-0.07511959070647478,0.3040571572285428
-0.09190669042224114,0.3040571572285428
0.08816129859315366,0.3040571572285428
-0.10564614541448236,0.3040571572285428
0.07607974244319757,0.3040571572285428
-0.013165697241647534,0.3040571572285428
0.0559706562879672,0.3040571572285428
-0.07899289723361513,0.3040571572285428
-0.1004533380255308,0.3040571572285428
-0.09326690282134897,0.3040571572285428
0.08988076069745074,0.3040571572285428
-0.08553366428308742,0.3040571572285428
-0.06346944748687641,0.3040571572285428
-0.09702635447429293,0.3040571572285428
-0.0943050821470024,0.3040571572285428
0.06679989487252837,0.3040571572285428
0.10844556155393288,0.3040571572285428
0.12299354291420518,0.3040571572285428
0.04790686129734119,0.3040571572285428
0.08816129859315366,0.3040571572285428
0.05190133966220058,0.3040571572285428
-0.08601901710359372,0.3040571572285428
-0.08933874364262322,0.3040571572285428
-0.00848930089665515,0.3040571572285428
0.052576380092015526,0.3040571572285428
0.021654998138302683,0.3040571572285428
0.09050529562238037,0.3040571572285428
-0.059286901614331,0.3040571572285428
-0.028743140640388232,0.3040571572285428
-0.07887196035145208,0.3040571572285428
-0.09259628610546794,0.3040571572285428
-0.09948380559772524,0.3040571572285428
0.1475256599597261,0.3040571572285428
-0.07511959070647478,0.3040571572285428
0.11227076832651153,0.3040571572285428
0.08120134206244768,0.3040571572285428
-0.011046723355482117,0.3040571572285428
-0.1269198458250495,0.3040571572285428
0.06927850852068829,0.3040571572285428
0.0709415007119936,0.3040571572285428
0.05241006521101774,0.3040571572285428
0.08265336692465032,0.3040571572285428
-0.06679192467834383,0.3040571572285428
0.09877414366995906,0.3040571572285428
0.07728475198911411,0.3040571572285428
-0.055804341406969396,0.3040571572285428
-0.06973982926833577,0.3040571572285428
0.06551498247384174,0.3040571572285428
-0.06807683707703044,0.3040571572285428
-0.056254257088696115,0.3040571572285428
0.0709415007119936,0.3040571572285428
0.08959932049960811,0.3040571572285428
0.0789670192097773,0.3040571572285428
0.08226307296246926,0.3040571572285428
0.07887196035145208,0.3040571572285428
0.07047670770496584,0.3040571572285428
0.04390668049232828,0.3040571572285428
0.10661872144078621,0.3040571572285428
0.07778037442268984,0.3040571572285428
0.03600920038270007,0.3040571572285428
-0.09333943885859528,0.3040571572285428
-0.08214213608030621,0.3040571572285428
-0.09245528024388282,0.3040571572285428
-0.026185718181561263,0.3040571572285428
0.07167837914862367,0.3040571572285428
0.07778037442268984,0.3040571572285428
-0.08024465016295405,0.3040571572285428
0.07204902767904742,0.3040571572285428
0.04349800903583105,0.3040571572285428
-0.011141838218214316,0.3040571572285428
0.11337803452410652,0.3040571572285428
-0.051395489145459265,0.3040571572285428
0.051451423980473865,0.3040571572285428
-0.056254257088696115,0.3040571572285428
0.09312589695976385,0.3040571572285428
0.09486482440013738,0.3040571572285428
-0.038447701643821316,0.3040571572285428
-0.08592354265350445,0.3040571572285428
0.051395489145459265,0.3040571572285428
0.08765580779260551,0.3040571572285428
0.08437645893297657,0.3040571572285428
0.08793724799044814,0.3040571572285428
-0.042196778658767496,0.3040571572285428
-0.0480012129495076,0.3040571572285428
0.059142768774416314,0.3040571572285428
-0.051451423980473865,0.3040571572285428
-0.028743140640388232,0.3040571572285428
-0.10334664143687958,0.3040571572285428
-0.04355394387084565,0.3040571572285428
-0.08719694996862445,0.3040571572285428
-0.09702635447429293,0.3040571572285428
-0.0855839105905224,0.3040571572285428
0.021654998138302683,0.3040571572285428
-0.0480012129495076,0.3040571572285428
-0.07607974244319757,0.3040571572285428
0.09975705192178147,0.3040571572285428
0.15163418216130442,0.3040571572285428
-0.028743140640388232,0.3040571572285428
-0.09105388544402204,0.3040571572285428
-0.07456805070105821,0.3040571572285428
-0.07574286185109322,0.3040571572285428
0.07511959070647478,0.3040571572285428
-0.0979790486405859,0.3040571572285428
-0.02421242059712965,0.3040571572285428
-0.08110628320412244,0.3040571572285428
-0.09873719889305074,0.3040571572285428
0.0979547060232768,0.3040571572285428
-0.09894371795866687,0.3040571572285428
-0.0709415007119936,0.3040571572285428
-0.07787938481708032,0.3040571572285428
0.0743890877800086,0.3040571572285428
-0.09988285540442368,0.3040571572285428
-0.052576380092015526,0.3040571572285428
0.10728247577327399,0.3040571572285428
-0.09873719889305074,0.3040571572285428
0.021654998138302683,0.3040571572285428
0.07331172694513476,0.3040571572285428
-0.09540505581885125,0.3040571572285428
-0.11032221671782068,0.3040571572285428
0.0591205867333332,0.3040571572285428
-0.07167837914862367,0.3040571572285428
0.06679989487252837,0.3040571572285428
0.08036558704511712,0.3040571572285428
0.0859737889609394,0.3040571572285428
-0.09272080962779869,0.3040571572285428
-0.042871819088582445,0.3040571572285428
0.07331172694513476,0.3040571572285428
-0.06551498247384174,0.3040571572285428
0.05642057196969391,0.3040571572285428
-0.09806790734631979,0.3040571572285428
0.09131941482793791,0.3040571572285428
-0.0480012129495076,0.3040571572285428
-0.09886300237569295,0.3040571572285428
0.09104731267720789,0.3040571572285428
-0.09702635447429293,0.3040571572285428
-0.0480012129495076,0.3040571572285428
-0.0709415007119936,0.3040571572285428
-0.08834878752876568,0.3040571572285428
0.04349800903583105,0.3040571572285428
-0.09398069366382725,0.3040571572285428
-0.08765468429638257,0.3040571572285428
0.06150037287023625,0.3040571572285428
0.05861186118451605,0.3040571572285428
0.09307390947467942,0.3040571572285428
0.08437645893297657,0.3040571572285428
-0.08863022772660831,0.3040571572285428
-0.06679989487252837,0.3040571572285428
-0.09159590249884958,0.3040571572285428
0.07607974244319757,0.3040571572285428
0.08834878752876568,0.3040571572285428
-0.09486482440013738,0.3040571572285428
-0.07839826440564893,0.3040571572285428
-0.07204902767904742,0.3040571572285428
0.07331172694513476,0.3040571572285428
0.09033417472231062,0.3040571572285428
0.0960171590623901,0.3040571572285428
0.09988285540442368,0.3040571572285428
0.08816129859315366,0.3040571572285428
-0.017601302422173917,0.3040571572285428
-0.07887196035145208,0.3040571572285428
-0.09326690282134897,0.3040571572285428
0.03090295815567573,0.3040571572285428
-0.11577475094230293,0.3040571572285428
0.11795570717082897,0.3040571572285428
-0.09969032466334135,0.3040571572285428
-0.08036558704511712,0.3040571572285428
-0.07511959070647478,0.3040571572285428
0.0932375409106999,0.3040571572285428
0.06551498247384174,0.3040571572285428
-0.07220419997808095,0.3040571572285428
0.09789180546684617,0.3040571572285428
0.04051240429637662,0.3040571572285428
0.04349800903583105,0.3040571572285428
0.06254088862965779,0.3040571572285428
-0.09789180546684617,0.3040571572285428
-0.09862399757000775,0.3040571572285428
-0.06807683707703044,0.3040571572285428
0.04184197783977298,0.3040571572285428
-0.07827732752348587,0.3040571572285428
0.0634472654457933,0.3040571572285428
0.06679989487252837,0.3040571572285428
0.09104731267720789,0.3040571572285428
-0.0979790486405859,0.3040571572285428
0.08548843614043314,0.3040571572285428
0.06679192467834383,0.3040571572285428
0.07699918560701668,0.3040571572285428
0.0960341343692713,0.3040571572285428
0.0743890877800086,0.3040571572285428
0.10551533818429684,0.3040571572285428
-0.06135461864237945,0.3040571572285428
-0.06807683707703044,0.3040571572285428
0.10334664143687958,0.3040571572285428
-0.07590077952214794,0.3040571572285428
-0.0787729499570616,0.3040571572285428
0.08036558704511712,0.3040571572285428
0.08437645893297657,0.3040571572285428
0.0709415007119936,0.3040571572285428
0.059286901614331,0.3040571572285428
0.05930908365541411,0.3040571572285428
-0.00848930089665515,0.3040571572285428
0.12375713815132129,0.3040571572285428
0.015043879963346949,0.3040571572285428
-0.006611118174955735,0.3040571572285428
-0.03090295815567573,0.3040571572285428
-0.07204902767904742,0.3040571572285428
0.07650356317344095,0.3040571572285428
-0.07820419515293323,0.3040571572285428
-0.05190133966220058,0.3040571572285428
-0.021654998138302683,0.3040571572285428
0.028250420834116566,0.3040571572285428
0.08747951366269002,0.3040571572285428
-0.06354590785720159,0.3040571572285428
0.07820419515293323,0.3040571572285428
-0.11220547157547572,0.3040571572285428
-0.1267832761116064,0.3040571572285428
-0.08905730344478059,0.3040571572285428
0.013165697241647534,0.3040571572285428
0.08024465016295405,0.3040571572285428
0.0855839105905224,0.3040571572285428
0.06150037287023625,0.3040571572285428
0.07785350679324249,0.3040571572285428
0.08226307296246926,0.3040571572285428
-0.07511959070647478,0.3040571572285428
0.056929297518511064,0.3040571572285428
-0.08247897301562443,0.3040571572285428
0.0917821668999104,0.3040571572285428
0.10334664143687958,0.3040571572285428
-0.07820419515293323,0.3040571572285428
-0.06936918073791203,0.3040571572285428
0.0634472654457933,0.3040571572285428
0.08548843614043314,0.3040571572285428
0.1034602993344518,0.3040571572285428
-0.09864834018731686,0.3040571572285428
-0.056929297518511064,0.3040571572285428
-0.0979565184651905,0.3040571572285428
0.07331172694513476,0.3040571572285428
0.026185718181561263,0.3040571572285428
0.028743140640388232,0.3040571572285428
0.10660528025079857,0.3040571572285428
0.06910112308905547,0.3040571572285428
0.030807843292943532,0.3040571572285428
0.07386326695055132,0.3040571572285428
0.12383475341988395,0.3040571572285428
0.11227076832651153,0.3040571572285428
0.08933874364262322,0.3040571572285428
0.041746862977040784,0.3040571572285428
0.0979547060232768,0.3040571572285428
0.05930908365541411,0.3040571572285428
-0.07386326695055132,0.3040571572285428
0.09172450215990308,0.3040571572285428
-0.04045646946136201,0.3040571572285428
-0.0935611156905681,0.3040571572285428
-0.0591205867333332,0.3040571572285428
0.06679989487252837,0.3040571572285428
-0.0206953495239006,0.3040571572285428
-0.08486181175348287,0.3040571572285428
0.07590077952214794,0.3040571572285428
0.09864834018731686,0.3040571572285428
0.021654998138302683,0.3040571572285428
0.06551498247384174,0.3040571572285428
0.06972558632992104,0.3040571572285428
-0.13567661850156948,0.3040571572285428
0.09245528024388282,0.3040571572285428
0.08601901710359372,0.3040571572285428
-0.09259628610546794,0.3040571572285428
-0.06475435988556302,0.3040571572285428
-0.06679989487252837,0.3040571572285428
-0.120283721533203,0.3040571572285428
0.0859737889609394,0.3040571572285428
-0.09873719889305074,0.3040571572285428
0.06679989487252837,0.3040571572285428
-0.0480012129495076,0.3040571572285428
-0.07257484850850468,0.3040571572285428
0.06484503210278678,0.3040571572285428
-0.07820419515293323,0.3040571572285428
0.09104731267720789,0.3040571572285428
0.08863022772660831,0.3040571572285428
0.06150037287023625,0.3040571572285428
0.09791614808415527,0.3040571572285428
-0.08221826041157901,0.3040571572285428
0.08036558704511712,0.3040571572285428
-0.10898031852732046,0.3040571572285428
-0.07331172694513476,0.3040571572285428
-0.09845664512311755,0.3040571572285428
0.07899289723361513,0.3040571572285428
-0.10128330199069624,0.3040571572285428
-0.10301282863684647,0.3040571572285428
-0.08027052818679188,0.3040571572285428
-0.08933874364262322,0.3040571572285428
-0.07456805070105821,0.3040571572285428
0.0866914591680763,0.3040571572285428
0.09104731267720789,0.3040571572285428
-0.07879882798089943,0.3040571572285428
-0.056254257088696115,0.3040571572285428
-0.13422446498483062,0.3040571572285428
0.06639517003578524,0.3040571572285428
-0.09791614808415527,0.3040571572285428
0.09610617384203883,0.3040571572285428
-0.07511959070647478,0.3040571572285428
-0.0859737889609394,0.3040571572285428
0.08110628320412244,0.3040571572285428
-0.0979790486405859,0.3040571572285428
0.05642057196969391,0.3040571572285428
0.0881724933988502,0.3040571572285428
-0.04349800903583105,0.3040571572285428
-0.10763755880127193,0.3040571572285428
0.08699456053381946,0.3040571572285428
-0.09326690282134897,0.3040571572285428
0.06679192467834383,0.3040571572285428
-0.08108040518028461,0.3040571572285428
0.09336206443303065,0.3040571572285428
-0.06383323229053936,0.3040571572285428
0.07331172694513476,0.3040571572285428
0.09398069366382725,0.3040571572285428
-0.07511959070647478,0.3040571572285428
0.07820419515293323,0.3040571572285428
0.0709415007119936,0.3040571572285428
0.0480012129495076,0.3040571572285428
-0.05930908365541411,0.3040571572285428
-0.08737324409853994,0.3040571572285428
0.03963935619994053,0.3040571572285428
0.0606795782125645,0.3040571572285428
-0.08906849825047712,0.3040571572285428
0.013165697241647534,0.3040571572285428
-0.09319843299701017,0.3040571572285428
0.0789670192097773,0.3040571572285428
0.08766700259830204,0.3040571572285428
0.028743140640388232,0.3040571572285428
-0.04349800903583105,0.3040571572285428
0.00848930089665515,0.3040571572285428
0.06551498247384174,0.3040571572285428
-0.09374452619056045,0.3040571572285428
0.06346944748687641,0.3040571572285428
-0.08114956054593445,0.3040571572285428
-0.11374110508593754,0.3040571572285428
-0.10763755880127193,0.3040571572285428
-0.08553366428308742,0.3040571572285428
-0.06475435988556302,0.3040571572285428
0.09190669042224114,0.3040571572285428
0.09398069366382725,0.3040571572285428
-0.09105388544402204,0.3040571572285428
-0.13422446498483062,0.3040571572285428
-0.09969032466334135,0.3040571572285428
-0.05529561585815225,0.3040571572285428
0.11337803452410652,0.3040571572285428
-0.09696981239267836,0.3040571572285428
-0.07820419515293323,0.3040571572285428
0.03600920038270007,0.3040571572285428
0.09190669042224114,0.3040571572285428
-0.0709415007119936,0.3040571572285428
0.07820419515293323,0.3040571572285428
-0.08906849825047712,0.3040571572285428
-0.08442670524041154,0.3040571572285428
0.09702635447429293,0.3040571572285428
0.11227076832651153,0.3040571572285428
-0.10385381465865443,0.3040571572285428
0.09312589695976385,0.3040571572285428
-0.013165697241647534,0.3040571572285428
-0.06807683707703044,0.3040571572285428
-0.09423173240644914,0.3040571572285428
0.09791614808415527,0.3040571572285428
-0.09031903122131957,0.3040571572285428
0.08816129859315366,0.3040571572285428
0.03839176680880672,0.3040571572285428
0.013165697241647534,0.3040571572285428
0.08979677970636546,0.3040571572285428
-0.021654998138302683,0.3040571572285428
0.08834878752876568,0.3040571572285428
-0.09374452619056045,0.3040571572285428
0.0866914591680763,0.3040571572285428
0.06475435988556302,0.3040571572285428
0.07785350679324249,0.3040571572285428
-0.0591205867333332,0.3040571572285428
0.07820419515293323,0.3040571572285428
0.08620610634757002,0.3040571572285428
-0.10519260550523504,0.3040571572285428
0.06551498247384174,0.3040571572285428
-0.10952223053835947,0.3040571572285428
0.0709415007119936,0.3040571572285428
0.0787729499570616,0.3040571572285428
0.11526128938176157,0.3040571572285428
0.026090603318829064,0.3040571572285428
0.056254257088696115,0.3040571572285428
-0.07331172694513476,0.3040571572285428
-0.07887196035145208,0.3040571572285428
-0.09939916365758776,0.3040571572285428
0.08548843614043314,0.3040571572285428
0.0787729499570616,0.3040571572285428
-0.1021215084878712,0.3040571572285428
-0.03090295815567573,0.3040571572285428
-0.06679989487252837,0.3040571572285428
0.06679989487252837,0.3040571572285428
0.07091185631719937,0.3040571572285428
-0.08108040518028461,0.3040571572285428
0.1004533380255308,0.3040571572285428
0.11857031603628065,0.3040571572285428
-0.06807683707703044,0.3040571572285428
0.08206900370975356,0.3040571572285428
-0.06346944748687641,0.3040571572285428
0.08553366428308742,0.3040571572285428
-0.04349800903583105,0.3040571572285428
0.021654998138302683,0.3040571572285428
-0.08834878752876568,0.3040571572285428
-0.0855839105905224,0.3040571572285428
0.08564986624809659,0.3040571572285428
-0.09702816691620664,0.3040571572285428
-0.015043879963346949,0.3040571572285428
0.09948380559772524,0.3040571572285428
0.08765580779260551,0.3040571572285428
-0.051395489145459265,0.3040571572285428
-0.0709415007119936,0.3040571572285428
-0.07682022268596707,0.3040571572285428
-0.06346944748687641,0.3040571572285428
0.08861903292091178,0.3040571572285428
0.09696981239267836,0.3040571572285428
0.08676184345555314,0.3040571572285428
0.08226307296246926,0.3040571572285428
-0.07607974244319757,0.3040571572285428
0.051395489145459265,0.3040571572285428
0.028743140640388232,0.3040571572285428
-0.06936918073791203,0.3040571572285428
-0.08861903292091178,0.3040571572285428
-0.0480012129495076,0.3040571572285428
-0.11815545071976974,0.3040571572285428
0.07787938481708032,0.3040571572285428
0.07590077952214794,0.3040571572285428
0.08747951366269002,0.3040571572285428
0.09272080962779869,0.3040571572285428
-0.05190133966220058,0.3040571572285428
0.13685024655434463,0.3040571572285428
0.0480012129495076,0.3040571572285428
-0.017601302422173917,0.3040571572285428
-0.08630158079765929,0.3040571572285428
0.051395489145459265,0.3040571572285428
-0.07511959070647478,0.3040571572285428
-0.08863022772660831,0.3040571572285428
0.056254257088696115,0.3040571572285428
-0.09800500678988916,0.3040571572285428
-0.09390815762658093,0.3040571572285428
-0.07827732752348587,0.3040571572285428
-0.07167837914862367,0.3040571572285428
0.08905730344478059,0.3040571572285428
-0.09245528024388282,0.3040571572285428
0.03600920038270007,0.3040571572285428
-0.06150037287023625,0.3040571572285428
0.015043879963346949,0.3040571572285428
-0.06973982926833577,0.3040571572285428
0.08863022772660831,0.3040571572285428
-0.0979790486405859,0.3040571572285428
0.10097189870815901,0.3040571572285428
-0.0668905670897521,0.3040571572285428
-0.05816194550278933,0.3040571572285428
0.08680707159820744,0.3040571572285428
-0.06150037287023625,0.3040571572285428
0.09789180546684617,0.3040571572285428
0.10551533818429684,0.3040571572285428
-0.09312589695976385,0.3040571572285428
-0.051845404827185984,0.3040571572285428
0.10250843493970462,0.3040571572285428
0.04045646946136201,0.3040571572285428
-0.09423173240644914,0.3040571572285428
-0.028743140640388232,0.3040571572285428
-0.09996357098739761,0.3040571572285428
-0.0866914591680763,0.3040571572285428
0.09508148103898303,0.3040571572285428
0.08354070391564601,0.3040571572285428
-0.03835258678108912,0.3040571572285428
-0.044356596174055,0.3040571572285428
-0.08247897301562443,0.3040571572285428
0.03384938286741257,0.3040571572285428
0.0601310201194295,0.3040571572285428
-0.03600920038270007,0.3040571572285428
0.06679989487252837,0.3040571572285428
0.0709415007119936,0.3040571572285428
0.11379095262233556,0.3040571572285428
0.09031903122131957,0.3040571572285428
0.08979677970636546,0.3040571572285428
-0.028743140640388232,0.3040571572285428
-0.12440553067576532,0.3040571572285428
-0.09873719889305074,0.3040571572285428
0.0634472654457933,0.3040571572285428
-0.06551498247384174,0.3040571572285428
0.08834878752876568,0.3040571572285428
0.05642057196969391,0.3040571572285428
0.0787729499570616,0.3040571572285428
0.055804341406969396,0.3040571572285428
0.11577475094230293,0.3040571572285428
-0.09540505581885125,0.3040571572285428
-0.05235413037600313,0.3040571572285428
-0.06475435988556302,0.3040571572285428
-0.06473217784447992,0.3040571572285428
-0.07167837914862367,0.3040571572285428
-0.08765580779260551,0.3040571572285428
0.06809223853340995,0.3040571572285428
-0.14014429557062152,0.3040571572285428
0.026090603318829064,0.3040571572285428
-0.08816129859315366,0.3040571572285428
0.04790686129734119,0.3040571572285428
0.08442670524041154,0.3040571572285428
0.028250420834116566,0.3040571572285428
-0.026090603318829064,0.3040571572285428
-0.03090295815567573,0.3040571572285428
-0.0917821668999104,0.3040571572285428
0.05529561585815225,0.3040571572285428
-0.09333943885859528,0.3040571572285428
-0.09006702509851156,0.3040571572285428
0.08861903292091178,0.3040571572285428
-0.03394449773014477,0.3040571572285428
0.0634472654457933,0.3040571572285428
-0.11132395479044321,0.3040571572285428
0.08906849825047712,0.3040571572285428
0.10551533818429684,0.3040571572285428
-0.09610617384203883,0.3040571572285428
-0.09245528024388282,0.3040571572285428
0.013165697241647534,0.3040571572285428
0.006611118174955735,0.3040571572285428
-0.08548843614043314,0.3040571572285428
-0.04355394387084565,0.3040571572285428
0.09374452619056045,0.3040571572285428
-0.06846288706383369,0.3040571572285428
-0.06150037287023625,0.3040571572285428
-0.09446789987971593,0.3040571572285428
-0.07728475198911411,0.3040571572285428
0.07330535143497087,0.3040571572285428
0.07511959070647478,0.3040571572285428
0.06679989487252837,0.3040571572285428
0.09702816691620664,0.3040571572285428
-0.0709415007119936,0.3040571572285428
-0.10844556155393288,0.3040571572285428
-0.09031903122131957,0.3040571572285428
0.08359095022308097,0.3040571572285428
0.09484531356571624,0.3040571572285428
0.05190133966220058,0.3040571572285428
0.03600920038270007,0.3040571572285428
-0.056254257088696115,0.3040571572285428
-0.04045646946136201,0.3040571572285428
-0.09326690282134897,0.3040571572285428
-0.021654998138302683,0.3040571572285428
0.0969543150015254,0.3040571572285428
-0.03835258678108912,0.3040571572285428
0.059286901614331,0.3040571572285428
0.07887196035145208,0.3040571572285428
0.056254257088696115,0.3040571572285428
0.09245528024388282,0.3040571572285428
-0.1269198458250495,0.3040571572285428
0.1012691350052099,0.3040571572285428
-0.09446789987971593,0.3040571572285428
0.0979790486405859,0.3040571572285428
-0.07167837914862367,0.3040571572285428
0.04355394387084565,0.3040571572285428
-0.0866914591680763,0.3040571572285428
0.06799359612200166,0.3040571572285428
-0.12299354291420518,0.3040571572285428
-0.09791433564224157,0.3040571572285428
-0.07887196035145208,0.3040571572285428
0.059286901614331,0.3040571572285428
0.006611118174955735,0.3040571572285428
0.017601302422173917,0.3040571572285428
-0.07511959070647478,0.3040571572285428
0.09034536952800715,0.3040571572285428
0.030807843292943532,0.3040571572285428
0.07204902767904742,0.3040571572285428
-0.06807683707703044,0.3040571572285428
-0.021654998138302683,0.3040571572285428
0.07312638851392125,0.3040571572285428
-0.07899289723361513,0.3040571572285428
0.10111318076710979,0.3040571572285428
-0.07275573998349752,0.3040571572285428
-0.06346944748687641,0.3040571572285428
-0.07607974244319757,0.3040571572285428
-0.08108040518028461,0.3040571572285428
0.09555044503217203,0.3040571572285428
-0.06964915705111202,0.3040571572285428
0.09374452619056045,0.3040571572285428
-0.08036558704511712,0.3040571572285428
-0.07607974244319757,0.3040571572285428
0.1306709468833277,0.3040571572285428
-0.05861186118451605,0.3040571572285428
0.08553366428308742,0.3040571572285428
-0.0855839105905224,0.3040571572285428
-0.12364212073102199,0.3040571572285428
-0.055804341406969396,0.3040571572285428
-0.056929297518511064,0.3040571572285428
0.09186143188276544,0.3040571572285428
-0.08486181175348287,0.3040571572285428
-0.07456805070105821,0.3040571572285428
-0.051451423980473865,0.3040571572285428
0.10128330199069624,0.3040571572285428
-0.08863022772660831,0.3040571572285428
0.08036558704511712,0.3040571572285428
-0.0591205867333332,0.3040571572285428
0.05529561585815225,0.3040571572285428
0.07829192289185952,0.3040571572285428
-0.0709415007119936,0.3040571572285428
-0.006611118174955735,0.3040571572285428
0.08959932049960811,0.3040571572285428
0.05930908365541411,0.3040571572285428
-0.12262596923842983,0.3040571572285428
-0.059142768774416314,0.3040571572285428
0.0743890877800086,0.3040571572285428
0.10468543228346017,0.3040571572285428
0.026090603318829064,0.3040571572285428
-0.07728475198911411,0.3040571572285428
0.024307535459861848,0.3040571572285428
0.10519260550523504,0.3040571572285428
-0.08816129859315366,0.3040571572285428
-0.09326690282134897,0.3040571572285428
0.0855839105905224,0.3040571572285428
-0.0634472654457933,0.3040571572285428
-0.09159590249884958,0.3040571572285428
0.06551498247384174,0.3040571572285428
-0.011046723355482117,0.3040571572285428
0.051845404827185984,0.3040571572285428
0.06679192467834383,0.3040571572285428
0.08354070391564601,0.3040571572285428
0.06936918073791203,0.3040571572285428
0.0787729499570616,0.3040571572285428
-0.013165697241647534,0.3040571572285428
-0.0859737889609394,0.3040571572285428
-0.03600920038270007,0.3040571572285428
-0.09508148103898303,0.3040571572285428
-0.09374452619056045,0.3040571572285428
-0.04355394387084565,0.3040571572285428
0.09789180546684617,0.3040571572285428
0.1004533380255308,0.3040571572285428
0.12275250648629142,0.3040571572285428
-0.08719694996862445,0.3040571572285428
-0.03394449773014477,0.3040571572285428
-0.09159590249884958,0.3040571572285428
-0.07204902767904742,0.3040571572285428
0.028743140640388232,0.3040571572285428
-0.04349800903583105,0.3040571572285428
0.10250843493970462,0.3040571572285428
-0.09696981239267836,0.3040571572285428
-0.09272080962779869,0.3040571572285428
0.07408654025064404,0.3040571572285428
0.08816129859315366,0.3040571572285428
0.08601901710359372,0.3040571572285428
-0.12910750626373924,0.3040571572285428
-0.06346944748687641,0.3040571572285428
-0.09259628610546794,0.3040571572285428
-0.030807843292943532,0.3040571572285428
0.08933874364262322,0.3040571572285428
-0.09104731267720789,0.3040571572285428
-0.11290960566587874,0.3040571572285428
-0.07257484850850468,0.3040571572285428
0.11526128938176157,0.3040571572285428
-0.09791614808415527,0.3040571572285428
0.030807843292943532,0.3040571572285428
-0.08231331926990423,0.3040571572285428
0.0709415007119936,0.3040571572285428
-0.056254257088696115,0.3040571572285428
-0.07204902767904742,0.3040571572285428
-0.11532103710914851,0.3040571572285428
-0.07650356317344095,0.3040571572285428
-0.06972558632992104,0.3040571572285428
-0.0960171590623901,0.3040571572285428
0.059286901614331,0.3040571572285428
-0.06551498247384174,0.3040571572285428
0.1034602993344518,0.3040571572285428
-0.06356808989828469,0.3040571572285428
-0.07728475198911411,0.3040571572285428
0.06150037287023625,0.3040571572285428
-0.08036558704511712,0.3040571572285428
0.028743140640388232,0.3040571572285428
0.013165697241647534,0.3040571572285428
-0.05190133966220058,0.3040571572285428
0.059142768774416314,0.3040571572285428
0.07778037442268984,0.3040571572285428
-0.10128330199069624,0.3040571572285428
0.12214657928219694,0.3040571572285428
-0.09031903122131957,0.3040571572285428
-0.07728475198911411,0.3040571572285428
-0.08486181175348287,0.3040571572285428
-0.0960341343692713,0.3040571572285428
-0.07590077952214794,0.3040571572285428
0.0783032055473237,0.3040571572285428
0.09883051663562387,0.3040571572285428
0.07820419515293323,0.3040571572285428
0.0668905670897521,0.3040571572285428
0.08766700259830204,0.3040571572285428
-0.0668905670897521,0.3040571572285428
0.0709415007119936,0.3040571572285428
0.07511959070647478,0.3040571572285428
-0.05529561585815225,0.3040571572285428
0.07632460025239132,0.3040571572285428
-0.06670125246112008,0.3040571572285428
0.056254257088696115,0.3040571572285428
-0.07511959070647478,0.3040571572285428
-0.08354070391564601,0.3040571572285428
0.07899289723361513,0.3040571572285428
0.05252044525700093,0.3040571572285428
-0.051451423980473865,0.3040571572285428
-0.09031903122131957,0.3040571572285428
0.0855839105905224,0.3040571572285428
0.013206540870769617,0.3040571572285428
-0.09969032466334135,0.3040571572285428
0.07827732752348587,0.3040571572285428
0.05861186118451605,0.3040571572285428
0.06058093580115621,0.3040571572285428
-0.10965250055324252,0.3040571572285428
0.015043879963346949,0.3040571572285428
-0.07899289723361513,0.3040571572285428
-0.08726480592596556,0.3040571572285428
0.08442670524041154,0.3040571572285428
-0.09791614808415527,0.3040571572285428
-0.11622143201334088,0.3040571572285428
-0.06482285006170366,0.3040571572285428
-0.021654998138302683,0.3040571572285428
0.07590077952214794,0.3040571572285428
-0.09549390295055746,0.3040571572285428
0.09454124962026919,0.3040571572285428
0.08601901710359372,0.3040571572285428
0.024307535459861848,0.3040571572285428
-0.09272080962779869,0.3040571572285428
-0.09540505581885125,0.3040571572285428
0.09802753696528457,0.3040571572285428
0.08548843614043314,0.3040571572285428
-0.0954784055594045,0.3040571572285428
0.08553366428308742,0.3040571572285428
-0.08514437544754844,0.3040571572285428
-0.06058093580115621,0.3040571572285428
-0.024307535459861848,0.3040571572285428
0.09272080962779869,0.3040571572285428
-0.06551498247384174,0.3040571572285428
0.08437645893297657,0.3040571572285428
0.08036558704511712,0.3040571572285428
0.0881724933988502,0.3040571572285428
0.05529561585815225,0.3040571572285428
0.07827732752348587,0.3040571572285428
0.055804341406969396,0.3040571572285428
-0.09204769628382625,0.3040571572285428
-0.07331172694513476,0.3040571572285428
-0.10590917556937465,0.3040571572285428
0.09873719889305074,0.3040571572285428
0.08834878752876568,0.3040571572285428
-0.09245528024388282,0.3040571572285428
0.026090603318829064,0.3040571572285428
-0.08719694996862445,0.3040571572285428
0.0855839105905224,0.3040571572285428
-0.1047451348076297,0.3040571572285428
0.0591205867333332,0.3040571572285428
0.08816129859315366,0.3040571572285428
-0.06494075925759317,0.3040571572285428
-0.08247897301562443,0.3040571572285428
-0.0855839105905224,0.3040571572285428
0.03600920038270007,0.3040571572285428
0.09540505581885125,0.3040571572285428
0.056254257088696115,0.3040571572285428
0.08206900370975356,0.3040571572285428
-0.07607974244319757,0.3040571572285428
-0.09446789987971593,0.3040571572285428
0.07889388683922467,0.3040571572285428
0.10026080728444849,0.3040571572285428
-0.07038603548774208,0.3040571572285428
-0.0979565184651905,0.3040571572285428
-0.07632460025239132,0.3040571572285428
0.09988285540442368,0.3040571572285428
0.030807843292943532,0.3040571572285428
-0.10590917556937465,0.3040571572285428
0.06354590785720159,0.3040571572285428
0.08216801410414404,0.3040571572285428
-0.0709415007119936,0.3040571572285428
-0.0660245215053615,0.3040571572285428
0.08548843614043314,0.3040571572285428
0.07257484850850468,0.3040571572285428
-0.02421242059712965,0.3040571572285428
0.07590077952214794,0.3040571572285428
-0.06807683707703044,0.3040571572285428
0.07607974244319757,0.3040571572285428
-0.051451423980473865,0.3040571572285428
0.07220419997808095,0.3040571572285428
0.07330535143497087,0.3040571572285428
-0.013165697241647534,0.3040571572285428
-0.09948380559772524,0.3040571572285428
-0.07820419515293323,0.3040571572285428
-0.04349800903583105,0.3040571572285428
0.0709415007119936,0.3040571572285428
-0.10219703165716738,0.3040571572285428
0.07728475198911411,0.3040571572285428
-0.00848930089665515,0.3040571572285428
0.08051165037615624,0.3040571572285428
0.0743890877800086,0.3040571572285428
0.08834878752876568,0.3040571572285428
0.028250420834116566,0.3040571572285428
-0.06150037287023625,0.3040571572285428
0.08765580779260551,0.3040571572285428
-0.07728475198911411,0.3040571572285428
-0.06246524596588373,0.3040571572285428
-0.09806790734631979,0.3040571572285428
0.09368563921289885,0.3040571572285428
0.059142768774416314,0.3040571572285428
-0.03090295815567573,0.3040571572285428
0.0480012129495076,0.3040571572285428
0.07887196035145208,0.3040571572285428
0.052576380092015526,0.3040571572285428
-0.028743140640388232,0.3040571572285428
0.08120134206244768,0.3040571572285428
-0.09969032466334135,0.3040571572285428
-0.08747951366269002,0.3040571572285428
-0.07257484850850468,0.3040571572285428
-0.13509501541899555,0.3040571572285428
-0.03090295815567573,0.3040571572285428
0.08834878752876568,0.3040571572285428
-0.0709415007119936,0.3040571572285428
0.03384938286741257,0.3040571572285428
0.10590917556937465,0.3040571572285428
-0.09272080962779869,0.3040571572285428
0.08592354265350445,0.3040571572285428
-0.11640333625264879,0.3040571572285428
-0.04045646946136201,0.3040571572285428
0.055804341406969396,0.3040571572285428
0.006611118174955735,0.3040571572285428
-0.07511959070647478,0.3040571572285428
-0.09948380559772524,0.3040571572285428
0.10570426964394591,0.3040571572285428
-0.0866914591680763,0.3040571572285428
0.105008164962522,0.3040571572285428
0.07650356317344095,0.3040571572285428
0.06150037287023625,0.3040571572285428
-0.06679989487252837,0.3040571572285428
-0.06807683707703044,0.3040571572285428
-0.08437645893297657,0.3040571572285428
0.056929297518511064,0.3040571572285428
-0.011046723355482117,0.3040571572285428
0.08036558704511712,0.3040571572285428
-0.07511959070647478,0.3040571572285428
-0.04184197783977298,0.3040571572285428
-0.07577306024697476,0.3040571572285428
-0.10707226135003353,0.3040571572285428
-0.09190669042224114,0.3040571572285428
0.0789670192097773,0.3040571572285428
-0.05930908365541411,0.3040571572285428
-0.06551498247384174,0.3040571572285428
-0.08738443890423647,0.3040571572285428
0.026185718181561263,0.3040571572285428
0.021654998138302683,0.3040571572285428
-0.07257484850850468,0.3040571572285428
-0.056929297518511064,0.3040571572285428
-0.12297303464449895,0.3040571572285428
-0.046948220066797317,0.3040571572285428
-0.0480012129495076,0.3040571572285428
0.013165697241647534,0.3040571572285428
-0.11038814788424312,0.3040571572285428
-0.03386104676554813,0.3040571572285428
0.051451423980473865,0.3040571572285428
-0.0709415007119936,0.3040571572285428
-0.011046723355482117,0.3040571572285428
0.08765580779260551,0.3040571572285428
0.0979565184651905,0.3040571572285428
0.07827732752348587,0.3040571572285428
-0.12054503370688424,0.3040571572285428
-0.0634472654457933,0.3040571572285428
0.09806790734631979,0.3040571572285428
0.09802753696528457,0.3040571572285428
0.10128330199069624,0.3040571572285428
-0.07887196035145208,0.3040571572285428
-0.08354070391564601,0.3040571572285428
0.0480012129495076,0.3040571572285428
-0.09446789987971593,0.3040571572285428
-0.06807683707703044,0.3040571572285428
-0.013165697241647534,0.3040571572285428
-0.0787729499570616,0.3040571572285428
0.035739229487247545,0.3040571572285428
0.08978558490066893,0.3040571572285428
-0.0793066408302397,0.3040571572285428
-0.07331172694513476,0.3040571572285428
0.10519260550523504,0.3040571572285428
-0.09696981239267836,0.3040571572285428
0.03394449773014477,0.3040571572285428
0.06799359612200166,0.3040571572285428
-0.026090603318829064,0.3040571572285428
0.03600920038270007,0.3040571572285428
0.0634472654457933,0.3040571572285428
0.07331172694513476,0.3040571572285428
0.10707226135003353,0.3040571572285428
-0.09610617384203883,0.3040571572285428
0.08863022772660831,0.3040571572285428
-0.09104731267720789,0.3040571572285428
-0.0668905670897521,0.3040571572285428
-0.07820419515293323,0.3040571572285428
-0.08906849825047712,0.3040571572285428
0.056929297518511064,0.3040571572285428
0.04349800903583105,0.3040571572285428
-0.08906849825047712,0.3040571572285428
0.09104731267720789,0.3040571572285428
-0.08354070391564601,0.3040571572285428
-0.0480012129495076,0.3040571572285428
-0.0917821668999104,0.3040571572285428
0.030807843292943532,0.3040571572285428
0.09791433564224157,0.3040571572285428
-0.08961051530530464,0.3040571572285428
-0.07607974244319757,0.3040571572285428
-0.1021215084878712,0.3040571572285428
0.08747951366269002,0.3040571572285428
-0.015043879963346949,0.3040571572285428
-0.030807843292943532,0.3040571572285428
-0.09326690282134897,0.3040571572285428
0.06150037287023625,0.3040571572285428
-0.07386326695055132,0.3040571572285428
-0.05190133966220058,0.3040571572285428
0.059286901614331,0.3040571572285428
0.07728475198911411,0.3040571572285428
0.03090295815567573,0.3040571572285428
-0.10161711479072935,0.3040571572285428
0.07887196035145208,0.3040571572285428
-0.07331172694513476,0.3040571572285428
-0.02421242059712965,0.3040571572285428
-0.0480012129495076,0.3040571572285428
0.08359095022308097,0.3040571572285428
-0.013165697241647534,0.3040571572285428
0.09159590249884958,0.3040571572285428
0.09272080962779869,0.3040571572285428
-0.09610617384203883,0.3040571572285428
0.08027052818679188,0.3040571572285428
0.06936918073791203,0.3040571572285428
-0.06125597623097116,0.3040571572285428
-0.09948380559772524,0.3040571572285428
-0.04807317617833898,0.3040571572285428
0.05190133966220058,0.3040571572285428
0.021654998138302683,0.3040571572285428
0.0787729499570616,0.3040571572285428
-0.05190133966220058,0.3040571572285428
0.08247897301562443,0.3040571572285428
-0.07785350679324249,0.3040571572285428
0.08888100931486512,0.3040571572285428
-0.07204902767904742,0.3040571572285428
0.08592354265350445,0.3040571572285428
0.07386326695055132,0.3040571572285428
0.06356808989828469,0.3040571572285428
0.0979565184651905,0.3040571572285428
-0.051451423980473865,0.3040571572285428
-0.0930013734374331,0.3040571572285428
0.06679989487252837,0.3040571572285428
0.06125597623097116,0.3040571572285428
-0.09868871056835207,0.3040571572285428
-0.051451423980473865,0.3040571572285428
0.021654998138302683,0.3040571572285428
-0.12237587820112389,0.3040571572285428
-0.08447193338306584,0.3040571572285428
-0.08592354265350445,0.3040571572285428
0.017601302422173917,0.3040571572285428
-0.07887196035145208,0.3040571572285428
-0.09886300237569295,0.3040571572285428
0.09190669042224114,0.3040571572285428
-0.07820419515293323,0.3040571572285428
0.08766700259830204,0.3040571572285428
-0.055804341406969396,0.3040571572285428
0.07386326695055132,0.3040571572285428
-0.10128330199069624,0.3040571572285428
0.07204902767904742,0.3040571572285428
0.0312919604085856,0.3040571572285428
-0.09875161349456366,0.3040571572285428
0.03090295815567573,0.3040571572285428
-0.0787729499570616,0.3040571572285428
-0.06964915705111202,0.3040571572285428
-0.06475435988556302,0.3040571572285428
0.08247897301562443,0.3040571572285428
-0.06356808989828469,0.3040571572285428
0.059142768774416314,0.3040571572285428
-0.011141838218214316,0.3040571572285428
0.04045646946136201,0.3040571572285428
-0.028743140640388232,0.3040571572285428
-0.09709106747263727,0.3040571572285428
-0.0559706562879672,0.3040571572285428
0.06125597623097116,0.3040571572285428
0.056929297518511064,0.3040571572285428
0.006611118174955735,0.3040571572285428
0.06473217784447992,0.3040571572285428
0.07682022268596707,0.3040571572285428
-0.0866914591680763,0.3040571572285428
0.08765580779260551,0.3040571572285428
-0.024307535459861848,0.3040571572285428
-0.021654998138302683,0.3040571572285428
-0.09159590249884958,0.3040571572285428
-0.011046723355482117,0.3040571572285428
-0.00848930089665515,0.3040571572285428
0.08120134206244768,0.3040571572285428
-0.05930908365541411,0.3040571572285428
-0.07204902767904742,0.3040571572285428
0.0960341343692713,0.3040571572285428
-0.07879882798089943,0.3040571572285428
0.06973982926833577,0.3040571572285428
-0.03600920038270007,0.3040571572285428
-0.09159590249884958,0.3040571572285428
-0.07887196035145208,0.3040571572285428
0.0743890877800086,0.3040571572285428
-0.052576380092015526,0.3040571572285428
0.09245528024388282,0.3040571572285428
0.0881724933988502,0.3040571572285428
0.08961051530530464,0.3040571572285428
-0.011046723355482117,0.3040571572285428
-0.07220419997808095,0.3040571572285428
0.0789670192097773,0.3040571572285428
-0.021654998138302683,0.3040571572285428
0.07257484850850468,0.3040571572285428
0.06551498247384174,0.3040571572285428
-0.0783032055473237,0.3040571572285428
0.08988076069745074,0.3040571572285428
0.09204769628382625,0.3040571572285428
-0.09486482440013738,0.3040571572285428
-0.08863022772660831,0.3040571572285428
-0.07699918560701668,0.3040571572285428
0.08863022772660831,0.3040571572285428
-0.06150037287023625,0.3040571572285428
0.013165697241647534,0.3040571572285428
0.021654998138302683,0.3040571572285428
0.06679989487252837,0.3040571572285428
-0.08816129859315366,0.3040571572285428
0.05861186118451605,0.3040571572285428
-0.0855839105905224,0.3040571572285428
0.056254257088696115,0.3040571572285428
-0.08625635265500498,0.3040571572285428
-0.09806790734631979,0.3040571572285428
-0.026185718181561263,0.3040571572285428
-0.07408654025064404,0.3040571572285428
0.07879882798089943,0.3040571572285428
0.07511959070647478,0.3040571572285428
0.0787729499570616,0.3040571572285428
0.08120134206244768,0.3040571572285428
-0.12054503370688424,0.3040571572285428
0.0743890877800086,0.3040571572285428
-0.07331172694513476,0.3040571572285428
0.0787729499570616,0.3040571572285428
0.06135461864237945,0.3040571572285428
0.051395489145459265,0.3040571572285428
0.08816129859315366,0.3040571572285428
0.07574286185109322,0.3040571572285428
0.09948380559772524,0.3040571572285428
-0.03384938286741257,0.3040571572285428
-0.08036558704511712,0.3040571572285428
-0.10249426795421826,0.3040571572285428
-0.0979790486405859,0.3040571572285428
0.1233406083202743,0.3040571572285428
-0.1012691350052099,0.3040571572285428
0.042291893521499695,0.3040571572285428
-0.06809223853340995,0.3040571572285428
0.09840010304150298,0.3040571572285428
0.0859737889609394,0.3040571572285428
0.06936918073791203,0.3040571572285428
0.09031903122131957,0.3040571572285428
-0.056929297518511064,0.3040571572285428
-0.0969543150015254,0.3040571572285428
0.0787729499570616,0.3040571572285428
0.06263156084688153,0.3040571572285428
0.04045646946136201,0.3040571572285428
0.07827732752348587,0.3040571572285428
-0.046948220066797317,0.3040571572285428
-0.07257484850850468,0.3040571572285428
-0.07155406853983967,0.3040571572285428
0.09609067645088587,0.3040571572285428
0.07899289723361513,0.3040571572285428
0.024307535459861848,0.3040571572285428
0.07827732752348587,0.3040571572285428
-0.05642057196969391,0.3040571572285428
-0.1047451348076297,0.3040571572285428
0.1004533380255308,0.3040571572285428
0.00848930089665515,0.3040571572285428
0.06150037287023625,0.3040571572285428
-0.0787729499570616,0.3040571572285428
0.05529561585815225,0.3040571572285428
-0.09515352051175056,0.3040571572285428
0.05235413037600313,0.3040571572285428
0.08863022772660831,0.3040571572285428
-0.07511959070647478,0.3040571572285428
0.10519260550523504,0.3040571572285428
0.09886300237569295,0.3040571572285428
-0.10076474130806803,0.3040571572285428
0.06679989487252837,0.3040571572285428
-0.02637223811241715,0.3040571572285428
-0.08625635265500498,0.3040571572285428
0.09956452118069915,0.3040571572285428
0.09259628610546794,0.3040571572285428
-0.08051165037615624,0.3040571572285428
0.09374452619056045,0.3040571572285428
-0.08834878752876568,0.3040571572285428
0.08834878752876568,0.3040571572285428
0.09326690282134897,0.3040571572285428
-0.0480012129495076,0.3040571572285428
0.0668905670897521,0.3040571572285428
0.07456805070105821,0.3040571572285428
0.08100727280973198,0.3040571572285428
-0.0855839105905224,0.3040571572285428
0.07728475198911411,0.3040571572285428
0.08354070391564601,0.3040571572285428
0.10763755880127193,0.3040571572285428
0.07887196035145208,0.3040571572285428
-0.08961051530530464,0.3040571572285428
-0.1534333937656334,0.3040571572285428
0.051395489145459265,0.3040571572285428
0.03090295815567573,0.3040571572285428
0.03600920038270007,0.3040571572285428
-0.017601302422173917,0.3040571572285428
-0.09031903122131957,0.3040571572285428
-0.07257484850850468,0.3040571572285428
-0.021654998138302683,0.3040571572285428
-0.11173687288867226,0.3040571572285428
0.051451423980473865,0.3040571572285428
-0.08793724799044814,0.3040571572285428
-0.026090603318829064,0.3040571572285428
-0.11065423862586504,0.3040571572285428
-0.07820419515293323,0.3040571572285428
-0.03090295815567573,0.3040571572285428
-0.0954784055594045,0.3040571572285428
-0.056929297518511064,0.3040571572285428
-0.0954205532100042,0.3040571572285428
0.08036558704511712,0.3040571572285428
-0.07887196035145208,0.3040571572285428
-0.0859737889609394,0.3040571572285428
-0.08447193338306584,0.3040571572285428
-0.04045646946136201,0.3040571572285428
-0.07632460025239132,0.3040571572285428
-0.0789670192097773,0.3040571572285428
0.03384938286741257,0.3040571572285428
0.10545563566012732,0.3040571572285428
-0.026090603318829064,0.3040571572285428
-0.07728475198911411,0.3040571572285428
0.08110628320412244,0.3040571572285428
-0.08863022772660831,0.3040571572285428
0.12275250648629142,0.3040571572285428
0.09873719889305074,0.3040571572285428
0.1338223656109816,0.3040571572285428
0.09307390947467942,0.3040571572285428
-0.0734420016175483,0.3040571572285428
0.013165697241647534,0.3040571572285428
-0.10660528025079857,0.3040571572285428
0.09252531965303773,0.3040571572285428
0.09159590249884958,0.3040571572285428
-0.015043879963346949,0.3040571572285428
0.09996357098739761,0.3040571572285428
-0.06679989487252837,0.3040571572285428
-0.0709415007119936,0.3040571572285428
-0.0709415007119936,0.3040571572285428
-0.09702635447429293,0.3040571572285428
-0.0709415007119936,0.3040571572285428
0.08247897301562443,0.3040571572285428
0.06919976550046375,0.3040571572285428
-0.08036558704511712,0.3040571572285428
-0.10519260550523504,0.3040571572285428
0.08036558704511712,0.3040571572285428
0.017601302422173917,0.3040571572285428
0.0881724933988502,0.3040571572285428
0.07047670770496584,0.3040571572285428
0.0917821668999104,0.3040571572285428
-0.11379095262233556,0.3040571572285428
-0.07257484850850468,0.3040571572285428
0.08863022772660831,0.3040571572285428
-0.07709819600140716,0.3040571572285428
0.05529561585815225,0.3040571572285428
0.12413626583063167,0.3040571572285428
-0.06150037287023625,0.3040571572285428
0.11337803452410652,0.3040571572285428
-0.07204902767904742,0.3040571572285428
0.07820419515293323,0.3040571572285428
0.06807683707703044,0.3040571572285428
-0.06807683707703044,0.3040571572285428
0.05930908365541411,0.3040571572285428
-0.06836424465242541,0.3040571572285428
-0.05190133966220058,0.3040571572285428
0.07827732752348587,0.3040571572285428
-0.0272499285905924,0.3040571572285428
0.07827732752348587,0.3040571572285428
0.03090295815567573,0.3040571572285428
0.07511959070647478,0.3040571572285428
0.06936918073791203,0.3040571572285428
-0.06475435988556302,0.3040571572285428
0.09398069366382725,0.3040571572285428
0.07820419515293323,0.3040571572285428
-0.06670125246112008,0.3040571572285428
-0.08437645893297657,0.3040571572285428
0.06679989487252837,0.3040571572285428
0.06125597623097116,0.3040571572285428
-0.07827732752348587,0.3040571572285428
0.06936918073791203,0.3040571572285428
-0.10551533818429684,0.3040571572285428
0.12214657928219694,0.3040571572285428
-0.06973982926833577,0.3040571572285428
-0.015043879963346949,0.3040571572285428
0.1004533380255308,0.3040571572285428
-0.09374452619056045,0.3040571572285428
0.09333943885859528,0.3040571572285428
-0.09312589695976385,0.3040571572285428
-0.0789670192097773,0.3040571572285428
-0.09454124962026919,0.3040571572285428
0.08844273879099629,0.3040571572285428
0.0787729499570616,0.3040571572285428
0.006611118174955735,0.3040571572285428
0.07386326695055132,0.3040571572285428
0.055804341406969396,0.3040571572285428
0.0960341343692713,0.3040571572285428
-0.0917821668999104,0.3040571572285428
0.0480012129495076,0.3040571572285428
0.06807683707703044,0.3040571572285428
0.0709415007119936,0.3040571572285428
0.08437645893297657,0.3040571572285428
-0.07820419515293323,0.3040571572285428
-0.07887196035145208,0.3040571572285428
0.07312638851392125,0.3040571572285428
-0.06125597623097116,0.3040571572285428
0.07650356317344095,0.3040571572285428
0.07511959070647478,0.3040571572285428
0.08262748890081249,0.3040571572285428
0.08863022772660831,0.3040571572285428
-0.0979790486405859,0.3040571572285428
0.12274345187689922,0.3040571572285428
-0.00848930089665515,0.3040571572285428
0.0206953495239006,0.3040571572285428
0.12722189319434996,0.3040571572285428
0.013165697241647534,0.3040571572285428
-0.08863022772660831,0.3040571572285428
-0.03579516432226215,0.3040571572285428
0.08738443890423647,0.3040571572285428
-0.06670125246112008,0.3040571572285428
0.08486181175348287,0.3040571572285428
-0.10952223053835947,0.3040571572285428
-0.052576380092015526,0.3040571572285428
0.028743140640388232,0.3040571572285428
-0.09104731267720789,0.3040571572285428
-0.08959932049960811,0.3040571572285428
-0.0606795782125645,0.3040571572285428
-0.08036558704511712,0.3040571572285428
-0.06807683707703044,0.3040571572285428
-0.09948380559772524,0.3040571572285428
0.07820419515293323,0.3040571572285428
-0.03600920038270007,0.3040571572285428
-0.05930908365541411,0.3040571572285428
0.026090603318829064,0.3040571572285428
-0.09956452118069915,0.3040571572285428
-0.06679989487252837,0.3040571572285428
-0.056254257088696115,0.3040571572285428
0.047127297782776946,0.3040571572285428
0.0709415007119936,0.3040571572285428
0.07511959070647478,0.3040571572285428
-0.061089661349973366,0.3040571572285428
-0.056254257088696115,0.3040571572285428
0.13394619142552947,0.3040571572285428
-0.011046723355482117,0.3040571572285428
-0.07534923951673138,0.3040571572285428
-0.00848930089665515,0.3040571572285428
0.051451423980473865,0.3040571572285428
-0.055804341406969396,0.3040571572285428
0.09791433564224157,0.3040571572285428
-0.1218079356886258,0.3040571572285428
-0.09454124962026919,0.3040571572285428
0.006611118174955735,0.3040571572285428
-0.08110628320412244,0.3040571572285428
-0.006611118174955735,0.3040571572285428
-0.08988076069745074,0.3040571572285428
0.06807683707703044,0.3040571572285428
0.08017151779240142,0.3040571572285428
0.114905438388192,0.3040571572285428
-0.09864834018731686,0.3040571572285428
-0.05529561585815225,0.3040571572285428
0.0748234186872741,0.3040571572285428
-0.08354070391564601,0.3040571572285428
-0.04349800903583105,0.3040571572285428
0.09791614808415527,0.3040571572285428
-0.056254257088696115,0.3040571572285428
0.05930908365541411,0.3040571572285428
0.06807683707703044,0.3040571572285428
-0.08933874364262322,0.3040571572285428
-0.06679989487252837,0.3040571572285428
-0.04045646946136201,0.3040571572285428
0.0881724933988502,0.3040571572285428
-0.08359095022308097,0.3040571572285428
-0.09104731267720789,0.3040571572285428
0.006611118174955735,0.3040571572285428
-0.06346944748687641,0.3040571572285428
0.07797444367540554,0.3040571572285428
0.0943776181842487,0.3040571572285428
-0.07511959070647478,0.3040571572285428
-0.0709415007119936,0.3040571572285428
0.02421242059712965,0.3040571572285428
0.11807473835599804,0.3040571572285428
-0.10027497426993484,0.3040571572285428
0.08630158079765929,0.3040571572285428
0.12237587820112389,0.3040571572285428
0.06807683707703044,0.3040571572285428
0.07785350679324249,0.3040571572285428
0.09333943885859528,0.3040571572285428
-0.046948220066797317,0.3040571572285428
0.051395489145459265,0.3040571572285428
-0.10468543228346017,0.3040571572285428
-0.11379095262233556,0.3040571572285428
0.09374452619056045,0.3040571572285428
-0.08747951366269002,0.3040571572285428
0.06118830376138165,0.3040571572285428
-0.11065423862586504,0.3040571572285428
-0.07889388683922467,0.3040571572285428
0.12054503370688424,0.3040571572285428
-0.08601901710359372,0.3040571572285428
-0.09362610702819353,0.3040571572285428
-0.10707226135003353,0.3040571572285428
-0.055804341406969396,0.3040571572285428
-0.011046723355482117,0.3040571572285428
-0.1324398547593834,0.3040571572285428
-0.028743140640388232,0.3040571572285428
-0.08719694996862445,0.3040571572285428
0.09454124962026919,0.3040571572285428
-0.06346944748687641,0.3040571572285428
-0.09074013844248399,0.3040571572285428
-0.10026080728444849,0.3040571572285428
0.08027052818679188,0.3040571572285428
0.06679989487252837,0.3040571572285428
-0.03600920038270007,0.3040571572285428
0.026090603318829064,0.3040571572285428
-0.06150037287023625,0.3040571572285428
-0.03090295815567573,0.3040571572285428
-0.05241006521101774,0.3040571572285428
0.09326690282134897,0.3040571572285428
-0.08036558704511712,0.3040571572285428
0.00848930089665515,0.3040571572285428
0.10651227239660685,0.3040571572285428
0.11577475094230293,0.3040571572285428
0.028743140640388232,0.3040571572285428
-0.07257484850850468,0.3040571572285428
-0.06346944748687641,0.3040571572285428
0.08719694996862445,0.3040571572285428
-0.0787729499570616,0.3040571572285428
0.09540505581885125,0.3040571572285428
-0.056254257088696115,0.3040571572285428
-0.1097883212799814,0.3040571572285428
-0.06150037287023625,0.3040571572285428
0.08036558704511712,0.3040571572285428
-0.0480012129495076,0.3040571572285428
0.08765580779260551,0.3040571572285428
0.10558644289031284,0.3040571572285428
-0.06973982926833577,0.3040571572285428
-0.04045646946136201,0.3040571572285428
-0.1324398547593834,0.3040571572285428
0.11625294525393848,0.3040571572285428
0.0960341343692713,0.3040571572285428
-0.10161711479072935,0.3040571572285428
0.00848930089665515,0.3040571572285428
-0.09873719889305074,0.3040571572285428
0.04790686129734119,0.3040571572285428
-0.07038603548774208,0.3040571572285428
-0.0559706562879672,0.3040571572285428
-0.13487949936020355,0.3040571572285428
0.07331172694513476,0.3040571572285428
-0.08671159714811819,0.3040571572285428
-0.01624808044523865,0.3040571572285428
0.08765580779260551,0.3040571572285428
0.026090603318829064,0.3040571572285428
0.06604670354644461,0.3040571572285428
0.03600920038270007,0.3040571572285428
0.06346944748687641,0.3040571572285428
-0.07511959070647478,0.3040571572285428
-0.06670125246112008,0.3040571572285428
-0.006611118174955735,0.3040571572285428
0.08933874364262322,0.3040571572285428
0.1004533380255308,0.3040571572285428
-0.04349800903583105,0.3040571572285428
0.06964915705111202,0.3040571572285428
0.07728475198911411,0.3040571572285428
0.1353533197408235,0.3040571572285428
0.07534923951673138,0.3040571572285428
0.09105388544402204,0.3040571572285428
0.07839826440564893,0.3040571572285428
0.08747951366269002,0.3040571572285428
-0.09398069366382725,0.3040571572285428
0.08553366428308742,0.3040571572285428
-0.04349800903583105,0.3040571572285428
-0.09806790734631979,0.3040571572285428
-0.08354070391564601,0.3040571572285428
-0.08036558704511712,0.3040571572285428
0.011141838218214316,0.3040571572285428
-0.08719694996862445,0.3040571572285428
0.021654998138302683,0.3040571572285428
0.026090603318829064,0.3040571572285428
-0.0634472654457933,0.3040571572285428
-0.08601901710359372,0.3040571572285428
0.08933874364262322,0.3040571572285428
0.051451423980473865,0.3040571572285428
-0.03090295815567573,0.3040571572285428
0.11803910015732813,0.3040571572285428
-0.101602947805243,0.3040571572285428
-0.06973982926833577,0.3040571572285428
0.006611118174955735,0.3040571572285428
-0.05529561585815225,0.3040571572285428
0.09423173240644914,0.3040571572285428
0.10965250055324252,0.3040571572285428
-0.07887196035145208,0.3040571572285428
-0.08120134206244768,0.3040571572285428
0.0789670192097773,0.3040571572285428
0.09245528024388282,0.3040571572285428
-0.09702635447429293,0.3040571572285428
0.07887196035145208,0.3040571572285428
0.09245528024388282,0.3040571572285428
-0.06836424465242541,0.3040571572285428
-0.10076474130806803,0.3040571572285428
0.08036558704511712,0.3040571572285428
-0.09791614808415527,0.3040571572285428
-0.05930908365541411,0.3040571572285428
0.08738443890423647,0.3040571572285428
0.08726480592596556,0.3040571572285428
0.09374452619056045,0.3040571572285428
0.0859737889609394,0.3040571572285428
0.08719694996862445,0.3040571572285428
-0.08816129859315366,0.3040571572285428
0.08816129859315366,0.3040571572285428
0.0954784055594045,0.3040571572285428
0.07709819600140716,0.3040571572285428
-0.07778037442268984,0.3040571572285428
0.04349800903583105,0.3040571572285428
-0.09641589602472525,0.3040571572285428
0.09969032466334135,0.3040571572285428
0.09802753696528457,0.3040571572285428
0.07778037442268984,0.3040571572285428
0.08442670524041154,0.3040571572285428
0.10965250055324252,0.3040571572285428
-0.059286901614331,0.3040571572285428
0.10871422778569852,0.3040571572285428
-0.08816129859315366,0.3040571572285428
0.0855839105905224,0.3040571572285428
-0.04355394387084565,0.3040571572285428
0.0866914591680763,0.3040571572285428
-0.07204902767904742,0.3040571572285428
0.10301282863684647,0.3040571572285428
-0.07626868268055051,0.3040571572285428
0.051451423980473865,0.3040571572285428
0.07220419997808095,0.3040571572285428
0.07386326695055132,0.3040571572285428
-0.09245528024388282,0.3040571572285428
0.046948220066797317,0.3040571572285428
0.08247897301562443,0.3040571572285428
-0.1254292607160703,0.3040571572285428
-0.059286901614331,0.3040571572285428
-0.0480012129495076,0.3040571572285428
-0.0979565184651905,0.3040571572285428
-0.11052396861098199,0.3040571572285428
-0.09245528024388282,0.3040571572285428
-0.042966933951314644,0.3040571572285428
0.10660528025079857,0.3040571572285428
0.08816129859315366,0.3040571572285428
0.051451423980473865,0.3040571572285428
-0.021654998138302683,0.3040571572285428
-0.03090295815567573,0.3040571572285428
0.08548843614043314,0.3040571572285428
0.07607974244319757,0.3040571572285428
0.08274842578297556,0.3040571572285428
-0.12309957189236054,0.3040571572285428
0.09988285540442368,0.3040571572285428
0.09948380559772524,0.3040571572285428
0.08719694996862445,0.3040571572285428
-0.0709415007119936,0.3040571572285428
0.0943776181842487,0.3040571572285428
-0.07577306024697476,0.3040571572285428
0.08036558704511712,0.3040571572285428
0.08906849825047712,0.3040571572285428
-0.08933874364262322,0.3040571572285428
-0.07257484850850468,0.3040571572285428
-0.09398069366382725,0.3040571572285428
-0.07386326695055132,0.3040571572285428
-0.06150037287023625,0.3040571572285428
0.09104731267720789,0.3040571572285428
0.09446789987971593,0.3040571572285428
-0.03600920038270007,0.3040571572285428
0.1012691350052099,0.3040571572285428
-0.10046750501101716,0.3040571572285428
-0.10519260550523504,0.3040571572285428
-0.0709415007119936,0.3040571572285428
-0.09699415500998747,0.3040571572285428
-0.08548843614043314,0.3040571572285428
0.07607974244319757,0.3040571572285428
0.09791614808415527,0.3040571572285428
-0.07887196035145208,0.3040571572285428
0.08906849825047712,0.3040571572285428
-0.09105388544402204,0.3040571572285428
-0.055804341406969396,0.3040571572285428
-0.10334664143687958,0.3040571572285428
0.11526128938176157,0.3040571572285428
0.09245528024388282,0.3040571572285428
0.0859737889609394,0.3040571572285428
0.11227076832651153,0.3040571572285428
0.015043879963346949,0.3040571572285428
-0.120283721533203,0.3040571572285428
0.1004533380255308,0.3040571572285428
0.051451423980473865,0.3040571572285428
0.08863022772660831,0.3040571572285428
-0.09374452619056045,0.3040571572285428
0.09374452619056045,0.3040571572285428
0.059286901614331,0.3040571572285428
-0.09031903122131957,0.3040571572285428
0.09034536952800715,0.3040571572285428
-0.07386326695055132,0.3040571572285428
-0.09446789987971593,0.3040571572285428
-0.09802753696528457,0.3040571572285428
-0.030807843292943532,0.3040571572285428
-0.0881724933988502,0.3040571572285428
-0.06919976550046375,0.3040571572285428
-0.030807843292943532,0.3040571572285428
0.06346944748687641,0.3040571572285428
-0.10046750501101716,0.3040571572285428
0.08933874364262322,0.3040571572285428
0.08719694996862445,0.3040571572285428
-0.0917821668999104,0.3040571572285428
0.08816129859315366,0.3040571572285428
-0.0954784055594045,0.3040571572285428
-0.05930908365541411,0.3040571572285428
-0.10931147889981654,0.3040571572285428
-0.09272080962779869,0.3040571572285428
-0.052576380092015526,0.3040571572285428
0.08834878752876568,0.3040571572285428
-0.08816129859315366,0.3040571572285428
0.0979565184651905,0.3040571572285428
0.059142768774416314,0.3040571572285428
-0.0917821668999104,0.3040571572285428
0.06551498247384174,0.3040571572285428
-0.02421242059712965,0.3040571572285428
-0.028743140640388232,0.3040571572285428
0.015043879963346949,0.3040571572285428
-0.11522977614116398,0.3040571572285428
-0.09555044503217203,0.3040571572285428
-0.08933874364262322,0.3040571572285428
-0.08120134206244768,0.3040571572285428
0.0859737889609394,0.3040571572285428
-0.07899289723361513,0.3040571572285428
0.06346944748687641,0.3040571572285428
0.06346944748687641,0.3040571572285428
-0.08816129859315366,0.3040571572285428
0.03394449773014477,0.3040571572285428
-0.04349800903583105,0.3040571572285428
0.09555044503217203,0.3040571572285428
0.03600920038270007,0.3040571572285428
-0.10334664143687958,0.3040571572285428
0.06936918073791203,0.3040571572285428
0.09486482440013738,0.3040571572285428
-0.0709415007119936,0.3040571572285428
-0.0559706562879672,0.3040571572285428
-0.06679989487252837,0.3040571572285428
0.07251422027656246,0.3040571572285428
-0.07728475198911411,0.3040571572285428
0.1012691350052099,0.3040571572285428
0.0591205867333332,0.3040571572285428
-0.06807683707703044,0.3040571572285428
0.09204769628382625,0.3040571572285428
0.0783032055473237,0.3040571572285428
-0.0709415007119936,0.3040571572285428
-0.0954784055594045,0.3040571572285428
0.0787729499570616,0.3040571572285428
0.07820419515293323,0.3040571572285428
-0.08676184345555314,0.3040571572285428
0.028743140640388232,0.3040571572285428
-0.08861903292091178,0.3040571572285428
-0.07827732752348587,0.3040571572285428
0.1004533380255308,0.3040571572285428
-0.051845404827185984,0.3040571572285428
0.026090603318829064,0.3040571572285428
-0.09868871056835207,0.3040571572285428
-0.10468543228346017,0.3040571572285428
-0.04349800903583105,0.3040571572285428
0.08359095022308097,0.3040571572285428
0.056254257088696115,0.3040571572285428
0.0859737889609394,0.3040571572285428
-0.07204902767904742,0.3040571572285428
0.056929297518511064,0.3040571572285428
-0.0859737889609394,0.3040571572285428
0.09873719889305074,0.3040571572285428
-0.11526128938176157,0.3040571572285428
-0.07634181505110314,0.3040571572285428
-0.08861903292091178,0.3040571572285428
-0.06346944748687641,0.3040571572285428
0.05930908365541411,0.3040571572285428
0.0743890877800086,0.3040571572285428
-0.09702635447429293,0.3040571572285428
-0.09050529562238037,0.3040571572285428
0.07456805070105821,0.3040571572285428
0.08844273879099629,0.3040571572285428
-0.08816129859315366,0.3040571572285428
-0.05529561585815225,0.3040571572285428
0.0668905670897521,0.3040571572285428
-0.08601901710359372,0.3040571572285428
-0.021654998138302683,0.3040571572285428
-0.0634472654457933,0.3040571572285428
-0.07827732752348587,0.3040571572285428
0.10965250055324252,0.3040571572285428
0.11270831835952835,0.3040571572285428
0.03386104676554813,0.3040571572285428
0.02421242059712965,0.3040571572285428
0.0787729499570616,0.3040571572285428
0.09245528024388282,0.3040571572285428
0.08671159714811819,0.3040571572285428
0.03600920038270007,0.3040571572285428
0.1218079356886258,0.3040571572285428
-0.021654998138302683,0.3040571572285428
0.1021215084878712,0.3040571572285428
0.0855839105905224,0.3040571572285428
-0.10161711479072935,0.3040571572285428
-0.0960341343692713,0.3040571572285428
0.09430426844369545,0.3040571572285428
-0.08359095022308097,0.3040571572285428
-0.05863404322559916,0.3040571572285428
0.0668905670897521,0.3040571572285428
0.11415402318416659,0.3040571572285428
-0.02421242059712965,0.3040571572285428
0.10468543228346017,0.3040571572285428
0.08719694996862445,0.3040571572285428
-0.021654998138302683,0.3040571572285428
-0.01624808044523865,0.3040571572285428
0.12307115818276784,0.3040571572285428
-0.08747951366269002,0.3040571572285428
-0.07404222987160095,0.3040571572285428
0.059286901614331,0.3040571572285428
-0.059286901614331,0.3040571572285428
-0.09454124962026919,0.3040571572285428
0.10161711479072935,0.3040571572285428
0.0960341343692713,0.3040571572285428
0.09326690282134897,0.3040571572285428
-0.07778037442268984,0.3040571572285428
-0.08437645893297657,0.3040571572285428
0.0480012129495076,0.3040571572285428
0.02637223811241715,0.3040571572285428
0.07887196035145208,0.3040571572285428
0.02421242059712965,0.3040571572285428
-0.11803641953460067,0.3040571572285428
0.05642057196969391,0.3040571572285428
-0.07590077952214794,0.3040571572285428
-0.08863022772660831,0.3040571572285428
0.026185718181561263,0.3040571572285428
-0.0954784055594045,0.3040571572285428
-0.08988076069745074,0.3040571572285428
-0.07899289723361513,0.3040571572285428
0.0881724933988502,0.3040571572285428
-0.11522977614116398,0.3040571572285428
-0.10046750501101716,0.3040571572285428
0.013165697241647534,0.3040571572285428
0.11379095262233556,0.3040571572285428
-0.12237587820112389,0.3040571572285428
0.08548843614043314,0.3040571572285428
0.06346944748687641,0.3040571572285428
-0.026090603318829064,0.3040571572285428
-0.11577475094230293,0.3040571572285428
0.08933874364262322,0.3040571572285428
0.05476766930683767,0.3040571572285428
-0.09445572362490404,0.3040571572285428
-0.0743890877800086,0.3040571572285428
0.06927850852068829,0.3040571572285428
0.0787729499570616,0.3040571572285428
0.06936918073791203,0.3040571572285428
0.03600920038270007,0.3040571572285428
-0.05861186118451605,0.3040571572285428
0.0787729499570616,0.3040571572285428
-0.07785350679324249,0.3040571572285428
-0.07691923308035753,0.3040571572285428
-0.07334299122315784,0.3040571572285428
0.06936918073791203,0.3040571572285428
0.0881724933988502,0.3040571572285428
0.03600920038270007,0.3040571572285428
-0.06551498247384174,0.3040571572285428
0.03600920038270007,0.3040571572285428
-0.015043879963346949,0.3040571572285428
-0.10621144286572076,0.3040571572285428
0.06670125246112008,0.3040571572285428
-0.12873584058992033,0.3040571572285428
0.017696417284906115,0.3040571572285428
0.08961051530530464,0.3040571572285428
-0.0480012129495076,0.3040571572285428
0.026185718181561263,0.3040571572285428
0.05241006521101774,0.3040571572285428
0.07456805070105821,0.3040571572285428
0.09312589695976385,0.3040571572285428
0.028743140640388232,0.3040571572285428
0.09375898895345211,0.3040571572285428
0.1021215084878712,0.3040571572285428
0.0954784055594045,0.3040571572285428
0.09031903122131957,0.3040571572285428
0.006611118174955735,0.3040571572285428
0.08553366428308742,0.3040571572285428
0.08442670524041154,0.3040571572285428
-0.026185718181561263,0.3040571572285428
-0.06150037287023625,0.3040571572285428
0.08437645893297657,0.3040571572285428
0.06670125246112008,0.3040571572285428
0.06475435988556302,0.3040571572285428
-0.05190133966220058,0.3040571572285428
0.03090295815567573,0.3040571572285428
0.08933874364262322,0.3040571572285428
-0.051395489145459265,0.3040571572285428
-0.08816129859315366,0.3040571572285428
-0.09031903122131957,0.3040571572285428
0.059142768774416314,0.3040571572285428
0.08548843614043314,0.3040571572285428
-0.06670125246112008,0.3040571572285428
0.09326690282134897,0.3040571572285428
0.056929297518511064,0.3040571572285428
-0.06551498247384174,0.3040571572285428
0.07331172694513476,0.3040571572285428
-0.07887196035145208,0.3040571572285428
0.09245528024388282,0.3040571572285428
0.08747951366269002,0.3040571572285428
0.12764767149888678,0.3040571572285428
-0.10076474130806803,0.3040571572285428
-0.06551498247384174,0.3040571572285428
0.0789670192097773,0.3040571572285428
-0.07534923951673138,0.3040571572285428
-0.06973982926833577,0.3040571572285428
-0.05190133966220058,0.3040571572285428
-0.03839176680880672,0.3040571572285428
0.03394449773014477,0.3040571572285428
-0.07511959070647478,0.3040571572285428
-0.07728475198911411,0.3040571572285428
-0.11857031603628065,0.3040571572285428
0.06936918073791203,0.3040571572285428
0.09885485925293297,0.3040571572285428
-0.06150037287023625,0.3040571572285428
-0.0943050821470024,0.3040571572285428
0.07167837914862367,0.3040571572285428
0.09540505581885125,0.3040571572285428
0.0881724933988502,0.3040571572285428
0.07899289723361513,0.3040571572285428
-0.08816129859315366,0.3040571572285428
0.09873719889305074,0.3040571572285428
-0.08863022772660831,0.3040571572285428
-0.03600920038270007,0.3040571572285428
-0.052576380092015526,0.3040571572285428
0.059142768774416314,0.3040571572285428
0.06551498247384174,0.3040571572285428
-0.08601901710359372,0.3040571572285428
0.04349800903583105,0.3040571572285428
-0.10128330199069624,0.3040571572285428
-0.1271662781859812,0.3040571572285428
-0.021654998138302683,0.3040571572285428
0.09791433564224157,0.3040571572285428
0.09585352762636962,0.3040571572285428
0.04349800903583105,0.3040571572285428
-0.06356808989828469,0.3040571572285428
0.12229854678123399,0.3040571572285428
-0.09540505581885125,0.3040571572285428
-0.11370959184533996,0.3040571572285428
0.011046723355482117,0.3040571572285428
-0.056929297518511064,0.3040571572285428
0.051395489145459265,0.3040571572285428
-0.09430426844369545,0.3040571572285428
-0.1343482907993785,0.3040571572285428
-0.08680707159820744,0.3040571572285428
0.07331172694513476,0.3040571572285428
-0.08442670524041154,0.3040571572285428
-0.06936918073791203,0.3040571572285428
0.08036558704511712,0.3040571572285428
-0.011046723355482117,0.3040571572285428
-0.08514437544754844,0.3040571572285428
-0.056254257088696115,0.3040571572285428
-0.11065423862586504,0.3040571572285428
-0.08676184345555314,0.3040571572285428
0.0789670192097773,0.3040571572285428
-0.06346944748687641,0.3040571572285428
-0.08834878752876568,0.3040571572285428
-0.013165697241647534,0.3040571572285428
-0.056929297518511064,0.3040571572285428
0.10076474130806803,0.3040571572285428
0.06679989487252837,0.3040571572285428
-0.09791433564224157,0.3040571572285428
0.0640375659399653,0.3040571572285428
0.09031903122131957,0.3040571572285428
0.09319843299701017,0.3040571572285428
-0.06346944748687641,0.3040571572285428
0.09864834018731686,0.3040571572285428
-0.06799359612200166,0.3040571572285428
-0.07728475198911411,0.3040571572285428
-0.11750067154269209,0.3040571572285428
0.03600920038270007,0.3040571572285428
-0.013206540870769617,0.3040571572285428
-0.09190669042224114,0.3040571572285428
-0.06475435988556302,0.3040571572285428
0.11132395479044321,0.3040571572285428
-0.051395489145459265,0.3040571572285428
-0.06927850852068829,0.3040571572285428
-0.09609067645088587,0.3040571572285428
0.08676184345555314,0.3040571572285428
-0.05930908365541411,0.3040571572285428
-0.08548843614043314,0.3040571572285428
-0.09031903122131957,0.3040571572285428
0.10590917556937465,0.3040571572285428
0.08906849825047712,0.3040571572285428
-0.09956452118069915,0.3040571572285428
0.08834878752876568,0.3040571572285428
-0.059286901614331,0.3040571572285428
0.06125597623097116,0.3040571572285428
-0.09042340997631099,0.3040571572285428
-0.10046750501101716,0.3040571572285428
0.07511959070647478,0.3040571572285428
0.08816129859315366,0.3040571572285428
0.030807843292943532,0.3040571572285428
0.08601901710359372,0.3040571572285428
-0.09326690282134897,0.3040571572285428
0.09374452619056045,0.3040571572285428
0.10347080897417613,0.3040571572285428
0.07879882798089943,0.3040571572285428
-0.07220419997808095,0.3040571572285428
0.028743140640388232,0.3040571572285428
-0.059142768774416314,0.3040571572285428
0.09702635447429293,0.3040571572285428
0.06846288706383369,0.3040571572285428
-0.0866914591680763,0.3040571572285428
-0.011046723355482117,0.3040571572285428
-0.013165697241647534,0.3040571572285428
0.10545563566012732,0.3040571572285428
-0.0859737889609394,0.3040571572285428
0.10250843493970462,0.3040571572285428
0.0591205867333332,0.3040571572285428
0.06551498247384174,0.3040571572285428
0.0917821668999104,0.3040571572285428
0.08765580779260551,0.3040571572285428
-0.07820419515293323,0.3040571572285428
-0.04355394387084565,0.3040571572285428
0.006611118174955735,0.3040571572285428
0.0979790486405859,0.3040571572285428
0.10551533818429684,0.3040571572285428
0.035739229487247545,0.3040571572285428
-0.11065423862586504,0.3040571572285428
0.0979790486405859,0.3040571572285428
-0.07386326695055132,0.3040571572285428
0.08024465016295405,0.3040571572285428
-0.07607974244319757,0.3040571572285428
0.09446789987971593,0.3040571572285428
0.056254257088696115,0.3040571572285428
-0.09333943885859528,0.3040571572285428
0.09423173240644914,0.3040571572285428
-0.0917821668999104,0.3040571572285428
0.0743890877800086,0.3040571572285428
-0.059286901614331,0.3040571572285428
-0.06936918073791203,0.3040571572285428
-0.029413777686886185,0.3040571572285428
0.06973982926833577,0.3040571572285428
0.10707226135003353,0.3040571572285428
-0.03600920038270007,0.3040571572285428
-0.08630158079765929,0.3040571572285428
-0.056929297518511064,0.3040571572285428
0.09486482440013738,0.3040571572285428
0.09883051663562387,0.3040571572285428
-0.09540505581885125,0.3040571572285428
0.08247897301562443,0.3040571572285428
-0.03600920038270007,0.3040571572285428
-0.06484503210278678,0.3040571572285428
0.06927850852068829,0.3040571572285428
0.08625635265500498,0.3040571572285428
-0.0979565184651905,0.3040571572285428
0.08747951366269002,0.3040571572285428
-0.026185718181561263,0.3040571572285428
-0.07778037442268984,0.3040571572285428
0.09050529562238037,0.3040571572285428
-0.09791614808415527,0.3040571572285428
0.07650356317344095,0.3040571572285428
-0.09031903122131957,0.3040571572285428
-0.04349800903583105,0.3040571572285428
-0.09697162483459207,0.3040571572285428
0.0668905670897521,0.3040571572285428
-0.06356808989828469,0.3040571572285428
0.00848930089665515,0.3040571572285428
-0.0979790486405859,0.3040571572285428
0.056929297518511064,0.3040571572285428
0.11052396861098199,0.3040571572285428
-0.08442670524041154,0.3040571572285428
0.08247897301562443,0.3040571572285428
-0.059286901614331,0.3040571572285428
0.07167837914862367,0.3040571572285428
0.026185718181561263,0.3040571572285428
-0.08442670524041154,0.3040571572285428
0.05529561585815225,0.3040571572285428
-0.07626868268055051,0.3040571572285428
-0.06807683707703044,0.3040571572285428
0.056929297518511064,0.3040571572285428
0.08247897301562443,0.3040571572285428
0.0743890877800086,0.3040571572285428
0.006611118174955735,0.3040571572285428
-0.12782258633572333,0.3040571572285428
-0.09350307029461577,0.3040571572285428
0.015043879963346949,0.3040571572285428
0.059286901614331,0.3040571572285428
0.08027052818679188,0.3040571572285428
0.09319843299701017,0.3040571572285428
0.08747951366269002,0.3040571572285428
-0.11132395479044321,0.3040571572285428
-0.0855839105905224,0.3040571572285428
0.095096978430136,0.3040571572285428
-0.0591205867333332,0.3040571572285428
-0.1021215084878712,0.3040571572285428
-0.07511959070647478,0.3040571572285428
0.08548843614043314,0.3040571572285428
0.05930908365541411,0.3040571572285428
-0.10844556155393288,0.3040571572285428
-0.028250420834116566,0.3040571572285428
0.0634472654457933,0.3040571572285428
0.05190133966220058,0.3040571572285428
0.06679989487252837,0.3040571572285428
0.09374452619056045,0.3040571572285428
0.026185718181561263,0.3040571572285428
0.07534923951673138,0.3040571572285428
-0.024145560554866864,0.3040571572285428
0.08620610634757002,0.3040571572285428
-0.08548843614043314,0.3040571572285428
-0.07204902767904742,0.3040571572285428
0.09702635447429293,0.3040571572285428
-0.07899289723361513,0.3040571572285428
-0.09259628610546794,0.3040571572285428
-0.1047451348076297,0.3040571572285428
0.11227076832651153,0.3040571572285428
0.08694933239116515,0.3040571572285428
0.10763755880127193,0.3040571572285428
0.02421242059712965,0.3040571572285428
-0.07511959070647478,0.3040571572285428
0.10026080728444849,0.3040571572285428
-0.0954784055594045,0.3040571572285428
0.09491784960296257,0.3040571572285428
0.06679989487252837,0.3040571572285428
0.09159590249884958,0.3040571572285428
-0.08747951366269002,0.3040571572285428
0.08906849825047712,0.3040571572285428
-0.08861903292091178,0.3040571572285428
-0.08548843614043314,0.3040571572285428
-0.06475435988556302,0.3040571572285428
0.09272080962779869,0.3040571572285428
0.08216801410414404,0.3040571572285428
-0.0606795782125645,0.3040571572285428
-0.08214213608030621,0.3040571572285428
-0.0954784055594045,0.3040571572285428
0.06807683707703044,0.3040571572285428
0.09702635447429293,0.3040571572285428
0.05930908365541411,0.3040571572285428
0.06927850852068829,0.3040571572285428
0.056254257088696115,0.3040571572285428
0.056254257088696115,0.3040571572285428
0.0668905670897521,0.3040571572285428
-0.0634472654457933,0.3040571572285428
-0.0789670192097773,0.3040571572285428
0.06670125246112008,0.3040571572285428
-0.013165697241647534,0.3040571572285428
0.0954784055594045,0.3040571572285428
-0.06679192467834383,0.3040571572285428
0.07312638851392125,0.3040571572285428
0.09913624869974919,0.3040571572285428
-0.10763755880127193,0.3040571572285428
-0.09326690282134897,0.3040571572285428
0.09791614808415527,0.3040571572285428
0.024307535459861848,0.3040571572285428
-0.013165697241647534,0.3040571572285428
0.00848930089665515,0.3040571572285428
-0.08247897301562443,0.3040571572285428
-0.07204902767904742,0.3040571572285428
-0.10519260550523504,0.3040571572285428
-0.04355394387084565,0.3040571572285428
-0.09697162483459207,0.3040571572285428
0.06927850852068829,0.3040571572285428
0.08036558704511712,0.3040571572285428
0.11693908424455737,0.3040571572285428
0.08988076069745074,0.3040571572285428
0.08363617836573528,0.3040571572285428
0.11577475094230293,0.3040571572285428
-0.06670125246112008,0.3040571572285428
-0.013165697241647534,0.3040571572285428
-0.105008164962522,0.3040571572285428
-0.12543240018323018,0.3040571572285428
0.04349800903583105,0.3040571572285428
0.03394449773014477,0.3040571572285428
-0.07778037442268984,0.3040571572285428
-0.10334664143687958,0.3040571572285428
0.13416549558752866,0.3040571572285428
-0.05642057196969391,0.3040571572285428
0.08933874364262322,0.3040571572285428
-0.08486181175348287,0.3040571572285428
-0.05529561585815225,0.3040571572285428
0.09873719889305074,0.3040571572285428
0.07728475198911411,0.3040571572285428
0.06150037287023625,0.3040571572285428
0.09540505581885125,0.3040571572285428
-0.0855839105905224,0.3040571572285428
-0.03384938286741257,0.3040571572285428
-0.08548843614043314,0.3040571572285428
0.08988076069745074,0.3040571572285428
0.0855839105905224,0.3040571572285428
0.09031903122131957,0.3040571572285428
-0.1037941121344849,0.3040571572285428
0.06679989487252837,0.3040571572285428
0.09702635447429293,0.3040571572285428
0.09454124962026919,0.3040571572285428
-0.10931147889981654,0.3040571572285428
-0.07534923951673138,0.3040571572285428
0.11574323770170533,0.3040571572285428
-0.03839176680880672,0.3040571572285428
-0.07887196035145208,0.3040571572285428
-0.06973982926833577,0.3040571572285428
-0.08988076069745074,0.3040571572285428
0.11522977614116398,0.3040571572285428
0.09868871056835207,0.3040571572285428
-0.08548843614043314,0.3040571572285428
-0.1029417386518236,0.3040571572285428
-0.07887196035145208,0.3040571572285428
-0.09948380559772524,0.3040571572285428
0.07204902767904742,0.3040571572285428
-0.06679989487252837,0.3040571572285428
0.1218079356886258,0.3040571572285428
0.006611118174955735,0.3040571572285428
-0.11741727855619292,0.3040571572285428
-0.10551533818429684,0.3040571572285428
-0.0709415007119936,0.3040571572285428
0.11379095262233556,0.3040571572285428
0.05861186118451605,0.3040571572285428
-0.08548843614043314,0.3040571572285428
-0.09245528024388282,0.3040571572285428
0.006611118174955735,0.3040571572285428
-0.08747951366269002,0.3040571572285428
-0.0979565184651905,0.3040571572285428
-0.08226307296246926,0.3040571572285428
-0.0743890877800086,0.3040571572285428
-0.10647447302061305,0.3040571572285428
0.06484503210278678,0.3040571572285428
0.05241006521101774,0.3040571572285428
-0.07204902767904742,0.3040571572285428
0.12564824518860201,0.3040571572285428
0.08906849825047712,0.3040571572285428
0.10513897219270751,0.3040571572285428
0.07204902767904742,0.3040571572285428
0.08027052818679188,0.3040571572285428
0.09190669042224114,0.3040571572285428
-0.0480012129495076,0.3040571572285428
-0.06604670354644461,0.3040571572285428
-0.013165697241647534,0.3040571572285428
0.08216801410414404,0.3040571572285428
-0.07590077952214794,0.3040571572285428
0.09259628610546794,0.3040571572285428
0.1004533380255308,0.3040571572285428
-0.09398069366382725,0.3040571572285428
0.0954784055594045,0.3040571572285428
-0.08680707159820744,0.3040571572285428
0.06936918073791203,0.3040571572285428
-0.08816129859315366,0.3040571572285428
0.08861903292091178,0.3040571572285428
-0.038447701643821316,0.3040571572285428
-0.07091185631719937,0.3040571572285428
0.07887196035145208,0.3040571572285428
0.056929297518511064,0.3040571572285428
-0.09791614808415527,0.3040571572285428
-0.0960341343692713,0.3040571572285428
-0.09446789987971593,0.3040571572285428
-0.08437645893297657,0.3040571572285428
-0.08247897301562443,0.3040571572285428
-0.0634472654457933,0.3040571572285428
0.08906849825047712,0.3040571572285428
-0.07386326695055132,0.3040571572285428
0.04349800903583105,0.3040571572285428
-0.09862581001192144,0.3040571572285428
0.017601302422173917,0.3040571572285428
0.09245528024388282,0.3040571572285428
-0.06356808989828469,0.3040571572285428
0.07820419515293323,0.3040571572285428
0.07038603548774208,0.3040571572285428
-0.09104731267720789,0.3040571572285428
-0.08861903292091178,0.3040571572285428
-0.006611118174955735,0.3040571572285428
-0.00848930089665515,0.3040571572285428
0.0789670192097773,0.3040571572285428
0.051451423980473865,0.3040571572285428
0.07257484850850468,0.3040571572285428
0.0866914591680763,0.3040571572285428
-0.08891753556914447,0.3040571572285428
-0.09104731267720789,0.3040571572285428
0.08447193338306584,0.3040571572285428
0.07511959070647478,0.3040571572285428
-0.09117840896635279,0.3040571572285428
-0.09186143188276544,0.3040571572285428
-0.11317569640750068,0.3040571572285428
-0.07699918560701668,0.3040571572285428
0.026090603318829064,0.3040571572285428
-0.08514437544754844,0.3040571572285428
-0.08747951366269002,0.3040571572285428
0.026185718181561263,0.3040571572285428
0.08834878752876568,0.3040571572285428
-0.07899289723361513,0.3040571572285428
0.013165697241647534,0.3040571572285428
0.10334664143687958,0.3040571572285428
-0.08024465016295405,0.3040571572285428
-0.10707226135003353,0.3040571572285428
-0.015043879963346949,0.3040571572285428
0.06679989487252837,0.3040571572285428
0.12371973599958466,0.3040571572285428
0.08437645893297657,0.3040571572285428
-0.09333943885859528,0.3040571572285428
0.08553366428308742,0.3040571572285428
0.05529561585815225,0.3040571572285428
-0.07887196035145208,0.3040571572285428
0.1263018827987008,0.3040571572285428
-0.08625635265500498,0.3040571572285428
0.07889388683922467,0.3040571572285428
-0.04349800903583105,0.3040571572285428
-0.05529561585815225,0.3040571572285428
-0.06356808989828469,0.3040571572285428
-0.11559284670299502,0.3040571572285428
0.10551533818429684,0.3040571572285428
0.09802753696528457,0.3040571572285428
-0.06799359612200166,0.3040571572285428
-0.07204902767904742,0.3040571572285428
0.11803910015732813,0.3040571572285428
0.07827732752348587,0.3040571572285428
-0.0743890877800086,0.3040571572285428
-0.1012691350052099,0.3040571572285428
-0.07204902767904742,0.3040571572285428
0.0935611156905681,0.3040571572285428
-0.1037941121344849,0.3040571572285428
0.051395489145459265,0.3040571572285428
-0.12988733027165303,0.3040571572285428
0.059286901614331,0.3040571572285428
-0.09326690282134897,0.3040571572285428
-0.09333943885859528,0.3040571572285428
0.09702816691620664,0.3040571572285428
0.08027052818679188,0.3040571572285428
-0.07220419997808095,0.3040571572285428
-0.10952223053835947,0.3040571572285428
-0.04349800903583105,0.3040571572285428
-0.03090295815567573,0.3040571572285428
0.06807683707703044,0.3040571572285428
-0.09272080962779869,0.3040571572285428
-0.0859737889609394,0.3040571572285428
0.07879882798089943,0.3040571572285428
-0.12595029255790247,0.3040571572285428
0.0917821668999104,0.3040571572285428
-0.046948220066797317,0.3040571572285428
-0.06836424465242541,0.3040571572285428
0.08680707159820744,0.3040571572285428
-0.07511959070647478,0.3040571572285428
-0.0709415007119936,0.3040571572285428
-0.06936918073791203,0.3040571572285428
-0.0743890877800086,0.3040571572285428
-0.07204902767904742,0.3040571572285428
-0.07167837914862367,0.3040571572285428
-0.04349800903583105,0.3040571572285428
-0.05190133966220058,0.3040571572285428
0.09547709529161877,0.3040571572285428
0.07887196035145208,0.3040571572285428
-0.09996357098739761,0.3040571572285428
0.09374452619056045,0.3040571572285428
0.030807843292943532,0.3040571572285428
0.09969032466334135,0.3040571572285428
0.0787729499570616,0.3040571572285428
0.09873719889305074,0.3040571572285428
-0.0979790486405859,0.3040571572285428
-0.09190669042224114,0.3040571572285428
-0.0866914591680763,0.3040571572285428
-0.07650356317344095,0.3040571572285428
0.06670125246112008,0.3040571572285428
-0.07386326695055132,0.3040571572285428
-0.06973982926833577,0.3040571572285428
-0.07312638851392125,0.3040571572285428
-0.06118830376138165,0.3040571572285428
-0.08437645893297657,0.3040571572285428
-0.09948380559772524,0.3040571572285428
0.09702635447429293,0.3040571572285428
0.0634472654457933,0.3040571572285428
-0.06551498247384174,0.3040571572285428
0.07404222987160095,0.3040571572285428
0.08861903292091178,0.3040571572285428
-0.1004533380255308,0.3040571572285428
0.07650356317344095,0.3040571572285428
-0.06354590785720159,0.3040571572285428
0.08905730344478059,0.3040571572285428
-0.08027052818679188,0.3040571572285428
0.011141838218214316,0.3040571572285428
0.06551498247384174,0.3040571572285428
0.0709415007119936,0.3040571572285428
0.10707226135003353,0.3040571572285428
-0.09336206443303065,0.3040571572285428
0.09159590249884958,0.3040571572285428
0.03839176680880672,0.3040571572285428
-0.056929297518511064,0.3040571572285428
-0.03835258678108912,0.3040571572285428
0.09948380559772524,0.3040571572285428
0.09956452118069915,0.3040571572285428
0.06254088862965779,0.3040571572285428
-0.07699918560701668,0.3040571572285428
-0.0743890877800086,0.3040571572285428
0.10301282863684647,0.3040571572285428
-0.05241006521101774,0.3040571572285428
0.07331172694513476,0.3040571572285428
0.06135461864237945,0.3040571572285428
0.09791433564224157,0.3040571572285428
0.06679989487252837,0.3040571572285428
0.08601901710359372,0.3040571572285428
0.06964915705111202,0.3040571572285428
0.07650356317344095,0.3040571572285428
-0.10076474130806803,0.3040571572285428
0.10128330199069624,0.3040571572285428
0.07887196035145208,0.3040571572285428
-0.13031053402252263,0.3040571572285428
-0.07899289723361513,0.3040571572285428
-0.07275573998349752,0.3040571572285428
0.06799359612200166,0.3040571572285428
0.08247897301562443,0.3040571572285428
0.08988076069745074,0.3040571572285428
0.08698336572812293,0.3040571572285428
-0.10378303201351362,0.3040571572285428
-0.07691923308035753,0.3040571572285428
-0.07155406853983967,0.3040571572285428
0.06807683707703044,0.3040571572285428
0.07204902767904742,0.3040571572285428
-0.08765580779260551,0.3040571572285428
-0.03394449773014477,0.3040571572285428
-0.006611118174955735,0.3040571572285428
-0.0743890877800086,0.3040571572285428
-0.05190133966220058,0.3040571572285428
0.015043879963346949,0.3040571572285428
-0.08816129859315366,0.3040571572285428
-0.09988285540442368,0.3040571572285428
-0.015043879963346949,0.3040571572285428
-0.07827732752348587,0.3040571572285428
0.14019841741756944,0.3040571572285428
0.07879882798089943,0.3040571572285428
0.07650356317344095,0.3040571572285428
-0.08553366428308742,0.3040571572285428
-0.05930908365541411,0.3040571572285428
0.0866914591680763,0.3040571572285428
0.07038603548774208,0.3040571572285428
-0.07511959070647478,0.3040571572285428
0.0979790486405859,0.3040571572285428
-0.015043879963346949,0.3040571572285428
-0.10519260550523504,0.3040571572285428
0.051451423980473865,0.3040571572285428
0.04349800903583105,0.3040571572285428
0.013206540870769617,0.3040571572285428
-0.10352000185862134,0.3040571572285428
0.09336206443303065,0.3040571572285428
-0.07899289723361513,0.3040571572285428
0.08738443890423647,0.3040571572285428
-0.06799359612200166,0.3040571572285428
0.10161711479072935,0.3040571572285428
0.08231331926990423,0.3040571572285428
0.06475435988556302,0.3040571572285428
-0.07331172694513476,0.3040571572285428
-0.08601901710359372,0.3040571572285428
-0.04349800903583105,0.3040571572285428
-0.09050529562238037,0.3040571572285428
0.051451423980473865,0.3040571572285428
-0.06807683707703044,0.3040571572285428
0.08834878752876568,0.3040571572285428
-0.06346944748687641,0.3040571572285428
0.09956452118069915,0.3040571572285428
-0.12216377185541433,0.3040571572285428
-0.09326690282134897,0.3040571572285428
0.09374452619056045,0.3040571572285428
0.08548843614043314,0.3040571572285428
-0.07204902767904742,0.3040571572285428
0.09374452619056045,0.3040571572285428
-0.12383475341988395,0.3040571572285428
0.0954784055594045,0.3040571572285428
-0.07590077952214794,0.3040571572285428
0.09697162483459207,0.3040571572285428
-0.0855839105905224,0.3040571572285428
-0.06807683707703044,0.3040571572285428
0.06356808989828469,0.3040571572285428
0.09702635447429293,0.3040571572285428
0.0855839105905224,0.3040571572285428
-0.08863022772660831,0.3040571572285428
0.06807683707703044,0.3040571572285428
-0.0743890877800086,0.3040571572285428
-0.0954784055594045,0.3040571572285428
0.10660528025079857,0.3040571572285428
-0.08719694996862445,0.3040571572285428
-0.08601901710359372,0.3040571572285428
0.07827732752348587,0.3040571572285428
-0.051845404827185984,0.3040571572285428
-0.0591205867333332,0.3040571572285428
0.013165697241647534,0.3040571572285428
0.07650356317344095,0.3040571572285428
-0.08108040518028461,0.3040571572285428
0.06919976550046375,0.3040571572285428
-0.0480012129495076,0.3040571572285428
-0.05861186118451605,0.3040571572285428
-0.09226651921473061,0.3040571572285428
0.08354070391564601,0.3040571572285428
0.09789180546684617,0.3040571572285428
-0.08036558704511712,0.3040571572285428
0.09886300237569295,0.3040571572285428
-0.06927850852068829,0.3040571572285428
0.026185718181561263,0.3040571572285428
0.006611118174955735,0.3040571572285428
-0.09259628610546794,0.3040571572285428
0.06962694391851275,0.3040571572285428
-0.11522977614116398,0.3040571572285428
0.07778037442268984,0.3040571572285428
0.04349800903583105,0.3040571572285428
-0.07331172694513476,0.3040571572285428
0.0634472654457933,0.3040571572285428
0.08747951366269002,0.3040571572285428
0.08906849825047712,0.3040571572285428
0.09508148103898303,0.3040571572285428
-0.09868871056835207,0.3040571572285428
-0.05241006521101774,0.3040571572285428
0.09555044503217203,0.3040571572285428
-0.09789180546684617,0.3040571572285428
-0.0709415007119936,0.3040571572285428
-0.07456805070105821,0.3040571572285428
-0.04349800903583105,0.3040571572285428
-0.07607974244319757,0.3040571572285428
-0.03090295815567573,0.3040571572285428
-0.08959932049960811,0.3040571572285428
0.04390668049232828,0.3040571572285428
-0.05190133966220058,0.3040571572285428
-0.04349800903583105,0.3040571572285428
0.11227076832651153,0.3040571572285428
0.08442670524041154,0.3040571572285428
0.07456805070105821,0.3040571572285428
-0.03839176680880672,0.3040571572285428
0.042966933951314644,0.3040571572285428
-0.021654998138302683,0.3040571572285428
-0.09697162483459207,0.3040571572285428
0.052576380092015526,0.3040571572285428
0.07650356317344095,0.3040571572285428
-0.09333943885859528,0.3040571572285428
0.08024465016295405,0.3040571572285428
-0.0859737889609394,0.3040571572285428
0.11848692304978148,0.3040571572285428
0.0709415007119936,0.3040571572285428
-0.13422446498483062,0.3040571572285428
-0.07590077952214794,0.3040571572285428
-0.028743140640388232,0.3040571572285428
-0.06551498247384174,0.3040571572285428
0.09104731267720789,0.3040571572285428
-0.06356808989828469,0.3040571572285428
0.05642057196969391,0.3040571572285428
-0.03600920038270007,0.3040571572285428
-0.07590077952214794,0.3040571572285428
-0.08863022772660831,0.3040571572285428
0.07899289723361513,0.3040571572285428
-0.09333943885859528,0.3040571572285428
-0.030807843292943532,0.3040571572285428
0.08108040518028461,0.3040571572285428
0.051451423980473865,0.3040571572285428
-0.06807683707703044,0.3040571572285428
0.07728475198911411,0.3040571572285428
-0.03835258678108912,0.3040571572285428
0.055804341406969396,0.3040571572285428
0.07626868268055051,0.3040571572285428
-0.05529561585815225,0.3040571572285428
-0.09031903122131957,0.3040571572285428
0.013206540870769617,0.3040571572285428
-0.09326690282134897,0.3040571572285428
0.12247400173939278,0.3040571572285428
-0.06473217784447992,0.3040571572285428
-0.051451423980473865,0.3040571572285428
-0.1047451348076297,0.3040571572285428
-0.06807683707703044,0.3040571572285428
-0.0789670192097773,0.3040571572285428
0.09245528024388282,0.3040571572285428
0.0787729499570616,0.3040571572285428
0.07511959070647478,0.3040571572285428
0.07650356317344095,0.3040571572285428
0.08437645893297657,0.3040571572285428
-0.05930908365541411,0.3040571572285428
-0.07204902767904742,0.3040571572285428
-0.028743140640388232,0.3040571572285428
-0.00848930089665515,0.3040571572285428
-0.09104731267720789,0.3040571572285428
-0.03600920038270007,0.3040571572285428
0.08747951366269002,0.3040571572285428
0.026090603318829064,0.3040571572285428
0.08888100931486512,0.3040571572285428
0.056254257088696115,0.3040571572285428
-0.07590077952214794,0.3040571572285428
0.07204902767904742,0.3040571572285428
0.06807683707703044,0.3040571572285428
0.09031903122131957,0.3040571572285428
0.07607974244319757,0.3040571572285428
-0.06150037287023625,0.3040571572285428
0.1254292607160703,0.3040571572285428
-0.09190669042224114,0.3040571572285428
-0.051395489145459265,0.3040571572285428
0.06679989487252837,0.3040571572285428
0.055804341406969396,0.3040571572285428
0.08933874364262322,0.3040571572285428
-0.04355394387084565,0.3040571572285428
-0.006611118174955735,0.3040571572285428
-0.10763755880127193,0.3040571572285428
0.10797858045469791,0.3040571572285428
0.026090603318829064,0.3040571572285428
0.08100727280973198,0.3040571572285428
-0.04457340287262607,0.3040571572285428
0.04349800903583105,0.3040571572285428
0.028743140640388232,0.3040571572285428
-0.11173687288867226,0.3040571572285428
-0.07889388683922467,0.3040571572285428
-0.10707226135003353,0.3040571572285428
0.09031903122131957,0.3040571572285428
-0.04355394387084565,0.3040571572285428
-0.07312638851392125,0.3040571572285428
0.07820419515293323,0.3040571572285428
0.09956452118069915,0.3040571572285428
-0.028743140640388232,0.3040571572285428
-0.07728475198911411,0.3040571572285428
0.09446789987971593,0.3040571572285428
0.056929297518511064,0.3040571572285428
-0.09873719889305074,0.3040571572285428
-0.09610617384203883,0.3040571572285428
-0.07778037442268984,0.3040571572285428
-0.07820419515293323,0.3040571572285428
-0.021654998138302683,0.3040571572285428
-0.07511959070647478,0.3040571572285428
-0.03839176680880672,0.3040571572285428
-0.06936918073791203,0.3040571572285428
0.07456805070105821,0.3040571572285428
0.12337267059351556,0.3040571572285428
0.08816129859315366,0.3040571572285428
0.10844556155393288,0.3040571572285428
-0.09791614808415527,0.3040571572285428
0.0668905670897521,0.3040571572285428
0.08625635265500498,0.3040571572285428
0.08694933239116515,0.3040571572285428
0.09031903122131957,0.3040571572285428
-0.059286901614331,0.3040571572285428
-0.08765580779260551,0.3040571572285428
0.09702635447429293,0.3040571572285428
0.06150037287023625,0.3040571572285428
0.08548843614043314,0.3040571572285428
-0.07899289723361513,0.3040571572285428
0.08816129859315366,0.3040571572285428
0.09696981239267836,0.3040571572285428
-0.12214657928219694,0.3040571572285428
0.06927850852068829,0.3040571572285428
-0.0881724933988502,0.3040571572285428
-0.08442670524041154,0.3040571572285428
-0.08036558704511712,0.3040571572285428
-0.07728475198911411,0.3040571572285428
0.042291893521499695,0.3040571572285428
-0.0480012129495076,0.3040571572285428
-0.017696417284906115,0.3040571572285428
-0.03090295815567573,0.3040571572285428
0.0743890877800086,0.3040571572285428
0.0783032055473237,0.3040571572285428
0.08979677970636546,0.3040571572285428
0.03384938286741257,0.3040571572285428
0.062374573748659984,0.3040571572285428
0.04349800903583105,0.3040571572285428
-0.0855839105905224,0.3040571572285428
-0.09702635447429293,0.3040571572285428
0.056254257088696115,0.3040571572285428
-0.07967589535882567,0.3040571572285428
0.09886300237569295,0.3040571572285428
0.09390815762658093,0.3040571572285428
0.06551498247384174,0.3040571572285428
0.03600920038270007,0.3040571572285428
0.09374452619056045,0.3040571572285428
0.12740123913795512,0.3040571572285428
-0.06346944748687641,0.3040571572285428
0.09547709529161877,0.3040571572285428
-0.06679989487252837,0.3040571572285428
0.09610617384203883,0.3040571572285428
-0.08863022772660831,0.3040571572285428
0.026185718181561263,0.3040571572285428
-0.09454124962026919,0.3040571572285428
0.06150037287023625,0.3040571572285428
-0.06383323229053936,0.3040571572285428
-0.12778110174517,0.3040571572285428
-0.0634472654457933,0.3040571572285428
-0.07312638851392125,0.3040571572285428
0.09446789987971593,0.3040571572285428
-0.09948380559772524,0.3040571572285428
-0.0783032055473237,0.3040571572285428
-0.05930908365541411,0.3040571572285428
-0.056929297518511064,0.3040571572285428
0.09948380559772524,0.3040571572285428
-0.06551498247384174,0.3040571572285428
0.03090295815567573,0.3040571572285428
0.08620610634757002,0.3040571572285428
0.07899289723361513,0.3040571572285428
0.0743890877800086,0.3040571572285428
-0.12013016839037334,0.3040571572285428
-0.10741328300345951,0.3040571572285428
-0.04045646946136201,0.3040571572285428
-0.09881451405099428,0.3040571572285428
0.08979677970636546,0.3040571572285428
-0.12302195662379786,0.3040571572285428
0.12237587820112389,0.3040571572285428
-0.0634472654457933,0.3040571572285428
-0.07386326695055132,0.3040571572285428
-0.056929297518511064,0.3040571572285428
-0.0480012129495076,0.3040571572285428
0.08747951366269002,0.3040571572285428
0.02637223811241715,0.3040571572285428
-0.08247897301562443,0.3040571572285428
0.05529561585815225,0.3040571572285428
-0.0480012129495076,0.3040571572285428
-0.09948380559772524,0.3040571572285428
0.07607974244319757,0.3040571572285428
-0.09245278361579143,0.3040571572285428
-0.06150037287023625,0.3040571572285428
-0.09486482440013738,0.3040571572285428
0.06936918073791203,0.3040571572285428
-0.03090295815567573,0.3040571572285428
-0.0709415007119936,0.3040571572285428
-0.0960341343692713,0.3040571572285428
0.07167837914862367,0.3040571572285428
0.09333943885859528,0.3040571572285428
-0.09272080962779869,0.3040571572285428
-0.08793724799044814,0.3040571572285428
0.08765580779260551,0.3040571572285428
0.07511959070647478,0.3040571572285428
-0.09272080962779869,0.3040571572285428
0.051395489145459265,0.3040571572285428
-0.06254088862965779,0.3040571572285428
-0.11132395479044321,0.3040571572285428
-0.09031903122131957,0.3040571572285428
0.03090295815567573,0.3040571572285428
-0.09398069366382725,0.3040571572285428
0.07312638851392125,0.3040571572285428
-0.03090295815567573,0.3040571572285428
0.051451423980473865,0.3040571572285428
-0.07331172694513476,0.3040571572285428
0.08933874364262322,0.3040571572285428
0.059286901614331,0.3040571572285428
-0.11065423862586504,0.3040571572285428
-0.1004533380255308,0.3040571572285428
0.08906849825047712,0.3040571572285428
0.06346944748687641,0.3040571572285428
-0.08834878752876568,0.3040571572285428
-0.06551498247384174,0.3040571572285428
0.09696981239267836,0.3040571572285428
0.11160105216193338,0.3040571572285428
0.09969032466334135,0.3040571572285428
-0.059286901614331,0.3040571572285428
0.08834878752876568,0.3040571572285428
-0.059286901614331,0.3040571572285428
0.08625635265500498,0.3040571572285428
0.08216801410414404,0.3040571572285428
-0.09245528024388282,0.3040571572285428
0.08719694996862445,0.3040571572285428
0.09446789987971593,0.3040571572285428
0.035739229487247545,0.3040571572285428
0.07728475198911411,0.3040571572285428
-0.0709415007119936,0.3040571572285428
0.08442670524041154,0.3040571572285428
0.0709415007119936,0.3040571572285428
-0.10411684481354672,0.3040571572285428
0.09050529562238037,0.3040571572285428
-0.0866914591680763,0.3040571572285428
-0.06135461864237945,0.3040571572285428
-0.06356808989828469,0.3040571572285428
-0.017696417284906115,0.3040571572285428
0.09190669042224114,0.3040571572285428
-0.10707226135003353,0.3040571572285428
-0.0748234186872741,0.3040571572285428
0.05529561585815225,0.3040571572285428
-0.08905730344478059,0.3040571572285428
0.0480012129495076,0.3040571572285428
0.00848930089665515,0.3040571572285428
0.10797858045469791,0.3040571572285428
-0.07820419515293323,0.3040571572285428
-0.03600920038270007,0.3040571572285428
0.11803641953460067,0.3040571572285428
-0.10551533818429684,0.3040571572285428
0.07820419515293323,0.3040571572285428
-0.07331172694513476,0.3040571572285428
-0.07167837914862367,0.3040571572285428
-0.09610617384203883,0.3040571572285428
0.07719325485973239,0.3040571572285428
0.03090295815567573,0.3040571572285428
-0.061089661349973366,0.3040571572285428
0.059286901614331,0.3040571572285428
-0.04051240429637662,0.3040571572285428
0.026185718181561263,0.3040571572285428
-0.09610617384203883,0.3040571572285428
0.10076474130806803,0.3040571572285428
0.0787729499570616,0.3040571572285428
0.12371973599958466,0.3040571572285428
0.09486482440013738,0.3040571572285428
-0.10952223053835947,0.3040571572285428
-0.06135461864237945,0.3040571572285428
-0.0787729499570616,0.3040571572285428
0.07204902767904742,0.3040571572285428
-0.011141838218214316,0.3040571572285428
-0.1004533380255308,0.3040571572285428
0.08988076069745074,0.3040571572285428
-0.06125597623097116,0.3040571572285428
0.09172042602118033,0.3040571572285428
-0.0855839105905224,0.3040571572285428
-0.08216801410414404,0.3040571572285428
-0.10026080728444849,0.3040571572285428
0.030807843292943532,0.3040571572285428
0.06836424465242541,0.3040571572285428
-0.059286901614331,0.3040571572285428
-0.08017151779240142,0.3040571572285428
-0.08625635265500498,0.3040571572285428
-0.06125597623097116,0.3040571572285428
0.08548843614043314,0.3040571572285428
-0.09272080962779869,0.3040571572285428
0.07312638851392125,0.3040571572285428
-0.08437645893297657,0.3040571572285428
0.07607974244319757,0.3040571572285428
-0.006611118174955735,0.3040571572285428
-0.10763755880127193,0.3040571572285428
0.06964915705111202,0.3040571572285428
0.11052396861098199,0.3040571572285428
-0.05863404322559916,0.3040571572285428
-0.08214213608030621,0.3040571572285428
-0.06936918073791203,0.3040571572285428
-0.08548843614043314,0.3040571572285428
-0.11118813406370434,0.3040571572285428
0.051451423980473865,0.3040571572285428
-0.14115291099251998,0.3040571572285428
-0.059286901614331,0.3040571572285428
0.07204902767904742,0.3040571572285428
0.08027052818679188,0.3040571572285428
0.09886300237569295,0.3040571572285428
-0.07577306024697476,0.3040571572285428
-0.09913624869974919,0.3040571572285428
-0.06150037287023625,0.3040571572285428
0.10844556155393288,0.3040571572285428
-0.09800319434797547,0.3040571572285428
-0.07331172694513476,0.3040571572285428
-0.08247897301562443,0.3040571572285428
-0.056929297518511064,0.3040571572285428
0.09610617384203883,0.3040571572285428
-0.12214657928219694,0.3040571572285428
-0.0855839105905224,0.3040571572285428
0.12020749981026324,0.3040571572285428
-0.09877414366995906,0.3040571572285428
-0.056929297518511064,0.3040571572285428
0.0789670192097773,0.3040571572285428
0.028743140640388232,0.3040571572285428
0.051395489145459265,0.3040571572285428
-0.09609067645088587,0.3040571572285428
-0.12265438294802253,0.3040571572285428
-0.11522977614116398,0.3040571572285428
-0.07331172694513476,0.3040571572285428
0.03600920038270007,0.3040571572285428
-0.07257484850850468,0.3040571572285428
-0.06346944748687641,0.3040571572285428
-0.055804341406969396,0.3040571572285428
-0.051395489145459265,0.3040571572285428
0.08680707159820744,0.3040571572285428
0.051451423980473865,0.3040571572285428
-0.07650356317344095,0.3040571572285428
-0.0904698930503379,0.3040571572285428
-0.09868871056835207,0.3040571572285428
-0.09894371795866687,0.3040571572285428
0.08226307296246926,0.3040571572285428
0.08017151779240142,0.3040571572285428
0.00848930089665515,0.3040571572285428
-0.09969032466334135,0.3040571572285428
0.07590077952214794,0.3040571572285428
0.08548843614043314,0.3040571572285428
-0.12764324039211816,0.3040571572285428
-0.056254257088696115,0.3040571572285428
0.0480012129495076,0.3040571572285428
0.07257484850850468,0.3040571572285428
0.09609067645088587,0.3040571572285428
0.07899289723361513,0.3040571572285428
0.028743140640388232,0.3040571572285428
0.06936918073791203,0.3040571572285428
0.07626868268055051,0.3040571572285428
0.03600920038270007,0.3040571572285428
-0.055804341406969396,0.3040571572285428
-0.12722189319434996,0.3040571572285428
0.05642057196969391,0.3040571572285428
0.0743890877800086,0.3040571572285428
-0.06346944748687641,0.3040571572285428
0.06551498247384174,0.3040571572285428
-0.07650356317344095,0.3040571572285428
-0.10301560816147948,0.3040571572285428
0.0960341343692713,0.3040571572285428
-0.015043879963346949,0.3040571572285428
-0.09350307029461577,0.3040571572285428
-0.06679989487252837,0.3040571572285428
-0.09333943885859528,0.3040571572285428
-0.08024465016295405,0.3040571572285428
-0.06135461864237945,0.3040571572285428
-0.03090295815567573,0.3040571572285428
-0.06809223853340995,0.3040571572285428
-0.08834878752876568,0.3040571572285428
0.08766700259830204,0.3040571572285428
0.0206953495239006,0.3040571572285428
0.00848930089665515,0.3040571572285428
-0.07511959070647478,0.3040571572285428
0.09948380559772524,0.3040571572285428
0.06150037287023625,0.3040571572285428
0.059286901614331,0.3040571572285428
-0.09702635447429293,0.3040571572285428
-0.10898031852732046,0.3040571572285428
-0.09006702509851156,0.3040571572285428
-0.0960341343692713,0.3040571572285428
-0.11522977614116398,0.3040571572285428
-0.08437645893297657,0.3040571572285428
-0.07331172694513476,0.3040571572285428
-0.056929297518511064,0.3040571572285428
-0.028743140640388232,0.3040571572285428
-0.07899289723361513,0.3040571572285428
-0.09446789987971593,0.3040571572285428
-0.059286901614331,0.3040571572285428
-0.12873584058992033,0.3040571572285428
-0.07827732752348587,0.3040571572285428
0.07728475198911411,0.3040571572285428
-0.06807683707703044,0.3040571572285428
0.08548843614043314,0.3040571572285428
-0.04051240429637662,0.3040571572285428
-0.08601901710359372,0.3040571572285428
-0.06807683707703044,0.3040571572285428
0.056254257088696115,0.3040571572285428
0.08548843614043314,0.3040571572285428
-0.05673674392347783,0.3040571572285428
-0.09398069366382725,0.3040571572285428
-0.0789670192097773,0.3040571572285428
0.05241006521101774,0.3040571572285428
-0.0954784055594045,0.3040571572285428
0.03839176680880672,0.3040571572285428
-0.06973982926833577,0.3040571572285428
-0.021654998138302683,0.3040571572285428
0.02421242059712965,0.3040571572285428
0.09430426844369545,0.3040571572285428
0.056929297518511064,0.3040571572285428
-0.09430426844369545,0.3040571572285428
0.08231331926990423,0.3040571572285428
0.08863022772660831,0.3040571572285428
-0.09446789987971593,0.3040571572285428
-0.06670125246112008,0.3040571572285428
0.055804341406969396,0.3040571572285428
0.0866914591680763,0.3040571572285428
-0.08247897301562443,0.3040571572285428
0.09996357098739761,0.3040571572285428
-0.08625635265500498,0.3040571572285428
0.09245528024388282,0.3040571572285428
0.0866914591680763,0.3040571572285428
0.028743140640388232,0.3040571572285428
0.013165697241647534,0.3040571572285428
-0.12214657928219694,0.3040571572285428
-0.028743140640388232,0.3040571572285428
-0.0709415007119936,0.3040571572285428
0.03600920038270007,0.3040571572285428
-0.11625294525393848,0.3040571572285428
-0.06551498247384174,0.3040571572285428
0.06927850852068829,0.3040571572285428
-0.06807683707703044,0.3040571572285428
0.10385381465865443,0.3040571572285428
-0.05529561585815225,0.3040571572285428
0.11807473835599804,0.3040571572285428
0.03090295815567573,0.3040571572285428
-0.07167837914862367,0.3040571572285428
0.0943050821470024,0.3040571572285428
0.09104731267720789,0.3040571572285428
0.059286901614331,0.3040571572285428
0.10660528025079857,0.3040571572285428
0.038447701643821316,0.3040571572285428
-0.09770381693775365,0.3040571572285428
-0.09789180546684617,0.3040571572285428
-0.0859737889609394,0.3040571572285428
-0.09948380559772524,0.3040571572285428
-0.09374452619056045,0.3040571572285428
0.09610617384203883,0.3040571572285428
0.006611118174955735,0.3040571572285428
-0.07899289723361513,0.3040571572285428
0.07220419997808095,0.3040571572285428
0.09190669042224114,0.3040571572285428
-0.07879882798089943,0.3040571572285428
0.10076474130806803,0.3040571572285428
0.05930908365541411,0.3040571572285428
-0.04349800903583105,0.3040571572285428
0.03839176680880672,0.3040571572285428
-0.05241006521101774,0.3040571572285428
0.026185718181561263,0.3040571572285428
0.026090603318829064,0.3040571572285428
-0.12020749981026324,0.3040571572285428
0.056254257088696115,0.3040571572285428
0.07404222987160095,0.3040571572285428
0.07534923951673138,0.3040571572285428
0.06356808989828469,0.3040571572285428
0.08933874364262322,0.3040571572285428
0.013165697241647534,0.3040571572285428
-0.051845404827185984,0.3040571572285428
-0.10661872144078621,0.3040571572285428
-0.08630158079765929,0.3040571572285428
-0.09702635447429293,0.3040571572285428
0.07787938481708032,0.3040571572285428
0.09374452619056045,0.3040571572285428
-0.017696417284906115,0.3040571572285428
0.08437645893297657,0.3040571572285428
0.07330535143497087,0.3040571572285428
-0.120283721533203,0.3040571572285428
-0.10558644289031284,0.3040571572285428
0.03090295815567573,0.3040571572285428
0.011046723355482117,0.3040571572285428
0.0855839105905224,0.3040571572285428
-0.06809223853340995,0.3040571572285428
-0.07699918560701668,0.3040571572285428
0.08120134206244768,0.3040571572285428
0.1198688562166921,0.3040571572285428
0.08548843614043314,0.3040571572285428
0.06927850852068829,0.3040571572285428
-0.09705069709160204,0.3040571572285428
0.08601901710359372,0.3040571572285428
0.0917821668999104,0.3040571572285428
-0.09245528024388282,0.3040571572285428
-0.03394449773014477,0.3040571572285428
-0.00848930089665515,0.3040571572285428
0.0709415007119936,0.3040571572285428
0.09699415500998747,0.3040571572285428
0.0954205532100042,0.3040571572285428
0.07456805070105821,0.3040571572285428
-0.04349800903583105,0.3040571572285428
0.07650356317344095,0.3040571572285428
0.09326690282134897,0.3040571572285428
-0.08359095022308097,0.3040571572285428
0.0954784055594045,0.3040571572285428
0.09802753696528457,0.3040571572285428
-0.07456805070105821,0.3040571572285428
-0.08027052818679188,0.3040571572285428
0.021654998138302683,0.3040571572285428
0.08437645893297657,0.3040571572285428
-0.056929297518511064,0.3040571572285428
-0.028743140640388232,0.3040571572285428
0.09374452619056045,0.3040571572285428
0.04739813574852403,0.3040571572285428
-0.059142768774416314,0.3040571572285428
0.0748234186872741,0.3040571572285428
-0.08834878752876568,0.3040571572285428
-0.06551498247384174,0.3040571572285428
0.08100727280973198,0.3040571572285428
-0.06670125246112008,0.3040571572285428
0.021654998138302683,0.3040571572285428
0.0866914591680763,0.3040571572285428
0.09791433564224157,0.3040571572285428
0.08447193338306584,0.3040571572285428
0.07887196035145208,0.3040571572285428
0.059286901614331,0.3040571572285428
-0.09486482440013738,0.3040571572285428
0.11741995917892038,0.3040571572285428
-0.07167837914862367,0.3040571572285428
0.02421242059712965,0.3040571572285428
0.0979790486405859,0.3040571572285428
0.07607974244319757,0.3040571572285428
-0.07650356317344095,0.3040571572285428
0.07827732752348587,0.3040571572285428
-0.0709415007119936,0.3040571572285428
-0.10707226135003353,0.3040571572285428
0.07204902767904742,0.3040571572285428
-0.09319843299701017,0.3040571572285428
0.11132395479044321,0.3040571572285428
-0.09104731267720789,0.3040571572285428
-0.10046750501101716,0.3040571572285428
0.0591205867333332,0.3040571572285428
0.1037941121344849,0.3040571572285428
0.08036558704511712,0.3040571572285428
-0.11118813406370434,0.3040571572285428
-0.0312919604085856,0.3040571572285428
0.06346944748687641,0.3040571572285428
0.04390668049232828,0.3040571572285428
0.07650356317344095,0.3040571572285428
-0.056929297518511064,0.3040571572285428
0.03090295815567573,0.3040571572285428
-0.0960341343692713,0.3040571572285428
-0.08620610634757002,0.3040571572285428
0.059286901614331,0.3040571572285428
0.015043879963346949,0.3040571572285428
-0.07047670770496584,0.3040571572285428
0.0783032055473237,0.3040571572285428
0.09610617384203883,0.3040571572285428
0.11227076832651153,0.3040571572285428
-0.017601302422173917,0.3040571572285428
0.0559706562879672,0.3040571572285428
-0.13473517047356415,0.3040571572285428
0.09702635447429293,0.3040571572285428
0.0948608109568692,0.3040571572285428
-0.10965250055324252,0.3040571572285428
0.10161711479072935,0.3040571572285428
0.03600920038270007,0.3040571572285428
-0.11498883137469117,0.3040571572285428
0.0743890877800086,0.3040571572285428
0.05861186118451605,0.3040571572285428
-0.07650356317344095,0.3040571572285428
0.09104731267720789,0.3040571572285428
0.05861186118451605,0.3040571572285428
-0.12275250648629142,0.3040571572285428
0.0866914591680763,0.3040571572285428
0.056929297518511064,0.3040571572285428
0.026090603318829064,0.3040571572285428
-0.05190133966220058,0.3040571572285428
0.07220419997808095,0.3040571572285428
0.12764767149888678,0.3040571572285428
-0.07650356317344095,0.3040571572285428
-0.0668905670897521,0.3040571572285428
-0.12429051325546603,0.3040571572285428
0.05642057196969391,0.3040571572285428
0.059286901614331,0.3040571572285428
-0.07257484850850468,0.3040571572285428
-0.08354070391564601,0.3040571572285428
0.06809223853340995,0.3040571572285428
-0.07204902767904742,0.3040571572285428
0.1004533380255308,0.3040571572285428
-0.08630158079765929,0.3040571572285428
-0.10965250055324252,0.3040571572285428
-0.059142768774416314,0.3040571572285428
0.1004533380255308,0.3040571572285428
0.06551498247384174,0.3040571572285428
-0.09705069709160204,0.3040571572285428
-0.11173687288867226,0.3040571572285428
-0.05529561585815225,0.3040571572285428
0.11803910015732813,0.3040571572285428
-0.0787729499570616,0.3040571572285428
-0.08437645893297657,0.3040571572285428
-0.07577306024697476,0.3040571572285428
-0.09104731267720789,0.3040571572285428
0.06807683707703044,0.3040571572285428
-0.0855839105905224,0.3040571572285428
0.09791433564224157,0.3040571572285428
-0.051395489145459265,0.3040571572285428
-0.09454124962026919,0.3040571572285428
-0.04739813574852403,0.3040571572285428
0.10027497426993484,0.3040571572285428
0.0855839105905224,0.3040571572285428
-0.055804341406969396,0.3040571572285428
0.11132395479044321,0.3040571572285428
-0.08765580779260551,0.3040571572285428
0.09697865761883451,0.3040571572285428
0.0855839105905224,0.3040571572285428
-0.11860595423495054,0.3040571572285428
-0.10551533818429684,0.3040571572285428
-0.07899289723361513,0.3040571572285428
-0.0855839105905224,0.3040571572285428
-0.09006702509851156,0.3040571572285428
0.10952223053835947,0.3040571572285428
0.08024465016295405,0.3040571572285428
0.030807843292943532,0.3040571572285428
-0.13473517047356415,0.3040571572285428
-0.08036558704511712,0.3040571572285428
-0.08548843614043314,0.3040571572285428
0.08888100931486512,0.3040571572285428
-0.08601901710359372,0.3040571572285428
0.07404222987160095,0.3040571572285428
-0.0943050821470024,0.3040571572285428
-0.09031903122131957,0.3040571572285428
0.09398069366382725,0.3040571572285428
0.08548843614043314,0.3040571572285428
0.09374452619056045,0.3040571572285428
0.0634472654457933,0.3040571572285428
-0.10558644289031284,0.3040571572285428
-0.051395489145459265,0.3040571572285428
0.1012691350052099,0.3040571572285428
-0.013165697241647534,0.3040571572285428
0.11147078214705032,0.3040571572285428
0.0917821668999104,0.3040571572285428
0.0743890877800086,0.3040571572285428
0.08359095022308097,0.3040571572285428
0.08747951366269002,0.3040571572285428
-0.08359095022308097,0.3040571572285428
-0.056254257088696115,0.3040571572285428
-0.0970675163245684,0.3040571572285428
0.0917821668999104,0.3040571572285428
-0.07728475198911411,0.3040571572285428
-0.02421242059712965,0.3040571572285428
0.13476433285385575,0.3040571572285428
-0.0591205867333332,0.3040571572285428
0.0559706562879672,0.3040571572285428
-0.07797444367540554,0.3040571572285428
-0.09702635447429293,0.3040571572285428
0.07728475198911411,0.3040571572285428
-0.011046723355482117,0.3040571572285428
0.09697162483459207,0.3040571572285428
-0.07167837914862367,0.3040571572285428
-0.10763755880127193,0.3040571572285428
0.10797858045469791,0.3040571572285428
0.06150037287023625,0.3040571572285428
-0.07511959070647478,0.3040571572285428
0.0930013734374331,0.3040571572285428
-0.09245278361579143,0.3040571572285428
0.08592354265350445,0.3040571572285428
-0.08861903292091178,0.3040571572285428
0.06964915705111202,0.3040571572285428
0.1376113547935836,0.3040571572285428
0.08737324409853994,0.3040571572285428
-0.07650356317344095,0.3040571572285428
0.07607974244319757,0.3040571572285428
-0.028743140640388232,0.3040571572285428
0.11803910015732813,0.3040571572285428
0.08120134206244768,0.3040571572285428
0.08816129859315366,0.3040571572285428
-0.09272080962779869,0.3040571572285428
0.06354590785720159,0.3040571572285428
0.09245528024388282,0.3040571572285428
-0.11038814788424312,0.3040571572285428
0.08027052818679188,0.3040571572285428
-0.026185718181561263,0.3040571572285428
0.05252044525700093,0.3040571572285428
-0.07511959070647478,0.3040571572285428
0.05930908365541411,0.3040571572285428
-0.12250241544898546,0.3040571572285428
-0.07607974244319757,0.3040571572285428
0.11860595423495054,0.3040571572285428
-0.046948220066797317,0.3040571572285428
0.06551498247384174,0.3040571572285428
0.09948380559772524,0.3040571572285428
0.09713955579733594,0.3040571572285428
0.06807683707703044,0.3040571572285428
0.07887196035145208,0.3040571572285428
0.07699918560701668,0.3040571572285428
-0.06150037287023625,0.3040571572285428
0.12668441594555901,0.3040571572285428
0.06475435988556302,0.3040571572285428
0.0787729499570616,0.3040571572285428
-0.10558644289031284,0.3040571572285428
-0.09791433564224157,0.3040571572285428
-0.08747951366269002,0.3040571572285428
-0.09697162483459207,0.3040571572285428
0.026090603318829064,0.3040571572285428
0.10564614541448236,0.3040571572285428
0.09312589695976385,0.3040571572285428
-0.10660528025079857,0.3040571572285428
-0.06354590785720159,0.3040571572285428
-0.05529561585815225,0.3040571572285428
0.06354590785720159,0.3040571572285428
0.03600920038270007,0.3040571572285428
0.09702816691620664,0.3040571572285428
-0.08933874364262322,0.3040571572285428
-0.09272080962779869,0.3040571572285428
-0.09697162483459207,0.3040571572285428
0.03579516432226215,0.3040571572285428
0.08274842578297556,0.3040571572285428
0.09190669042224114,0.3040571572285428
-0.11574323770170533,0.3040571572285428
-0.12429051325546603,0.3040571572285428
-0.06150037287023625,0.3040571572285428
-0.08766700259830204,0.3040571572285428
0.051451423980473865,0.3040571572285428
-0.10545563566012732,0.3040571572285428
-0.05529561585815225,0.3040571572285428
-0.09868871056835207,0.3040571572285428
0.0855839105905224,0.3040571572285428
0.08906849825047712,0.3040571572285428
-0.09873719889305074,0.3040571572285428
0.09389999481503722,0.3040571572285428
0.017601302422173917,0.3040571572285428
-0.10827920034934317,0.3040571572285428
-0.013165697241647534,0.3040571572285428
0.08863022772660831,0.3040571572285428
-0.09259628610546794,0.3040571572285428
-0.09190669042224114,0.3040571572285428
-0.09398069366382725,0.3040571572285428
0.013165697241647534,0.3040571572285428
-0.09996357098739761,0.3040571572285428
0.07879882798089943,0.3040571572285428
0.07331172694513476,0.3040571572285428
-0.0979790486405859,0.3040571572285428
-0.026090603318829064,0.3040571572285428
-0.0743890877800086,0.3040571572285428
0.08816129859315366,0.3040571572285428
0.056254257088696115,0.3040571572285428
-0.10018009170147457,0.3040571572285428
-0.09259628610546794,0.3040571572285428
0.11574323770170533,0.3040571572285428
-0.07728475198911411,0.3040571572285428
0.06150037287023625,0.3040571572285428
-0.10707226135003353,0.3040571572285428
-0.08442670524041154,0.3040571572285428
-0.1218079356886258,0.3040571572285428
0.1310941506341973,0.3040571572285428
0.09988285540442368,0.3040571572285428
0.05863404322559916,0.3040571572285428
0.09190669042224114,0.3040571572285428
0.0668905670897521,0.3040571572285428
0.07707231797756933,0.3040571572285428
0.10952223053835947,0.3040571572285428
0.05529561585815225,0.3040571572285428
-0.07699918560701668,0.3040571572285428
-0.06150037287023625,0.3040571572285428
-0.011141838218214316,0.3040571572285428
-0.0743890877800086,0.3040571572285428
-0.11526128938176157,0.3040571572285428
0.09486482440013738,0.3040571572285428
-0.09446789987971593,0.3040571572285428
-0.11526128938176157,0.3040571572285428
0.015043879963346949,0.3040571572285428
-0.06150037287023625,0.3040571572285428
-0.03090295815567573,0.3040571572285428
-0.06809223853340995,0.3040571572285428
-0.028743140640388232,0.3040571572285428
-0.04349800903583105,0.3040571572285428
0.09245528024388282,0.3040571572285428
-0.04051240429637662,0.3040571572285428
-0.07887196035145208,0.3040571572285428
-0.05529561585815225,0.3040571572285428
0.08363617836573528,0.3040571572285428
-0.07820419515293323,0.3040571572285428
0.09486482440013738,0.3040571572285428
0.08036558704511712,0.3040571572285428
-0.08988076069745074,0.3040571572285428
0.07590077952214794,0.3040571572285428
-0.0917821668999104,0.3040571572285428
-0.10844556155393288,0.3040571572285428
0.0591205867333332,0.3040571572285428
-0.07534923951673138,0.3040571572285428
0.07386326695055132,0.3040571572285428
-0.09789180546684617,0.3040571572285428
0.05816194550278933,0.3040571572285428
0.07827732752348587,0.3040571572285428
0.09245528024388282,0.3040571572285428
-0.10763755880127193,0.3040571572285428
-0.0717330314608893,0.3040571572285428
-0.0480012129495076,0.3040571572285428
0.12275250648629142,0.3040571572285428
-0.08548843614043314,0.3040571572285428
0.08765580779260551,0.3040571572285428
0.09172450215990308,0.3040571572285428
-0.07331172694513476,0.3040571572285428
0.09159590249884958,0.3040571572285428
-0.028743140640388232,0.3040571572285428
-0.05930908365541411,0.3040571572285428
0.1004533380255308,0.3040571572285428
-0.06346944748687641,0.3040571572285428
0.07331172694513476,0.3040571572285428
-0.051395489145459265,0.3040571572285428
-0.08933874364262322,0.3040571572285428
0.07887196035145208,0.3040571572285428
-0.08447193338306584,0.3040571572285428
0.10694145411984801,0.3040571572285428
0.10763755880127193,0.3040571572285428
0.09006702509851156,0.3040571572285428
-0.11270831835952835,0.3040571572285428
-0.11860595423495054,0.3040571572285428
-0.08247897301562443,0.3040571572285428
-0.12564824518860201,0.3040571572285428
-0.0480012129495076,0.3040571572285428
0.07699918560701668,0.3040571572285428
-0.08906849825047712,0.3040571572285428
-0.09446789987971593,0.3040571572285428
-0.04349800903583105,0.3040571572285428
0.11173687288867226,0.3040571572285428
0.07699918560701668,0.3040571572285428
0.07590077952214794,0.3040571572285428
-0.07386326695055132,0.3040571572285428
-0.08844273879099629,0.3040571572285428
0.09540505581885125,0.3040571572285428
-0.06473217784447992,0.3040571572285428
0.08363617836573528,0.3040571572285428
-0.08906849825047712,0.3040571572285428
0.07719325485973239,0.3040571572285428
-0.06551498247384174,0.3040571572285428
0.09272080962779869,0.3040571572285428
-0.10827920034934317,0.3040571572285428
0.08442670524041154,0.3040571572285428
-0.07511959070647478,0.3040571572285428
0.03600920038270007,0.3040571572285428
0.06807683707703044,0.3040571572285428
0.03600920038270007,0.3040571572285428
-0.08765580779260551,0.3040571572285428
-0.06679989487252837,0.3040571572285428
0.06679989487252837,0.3040571572285428
-0.03384938286741257,0.3040571572285428
-0.09326690282134897,0.3040571572285428
0.08959932049960811,0.3040571572285428
-0.08359095022308097,0.3040571572285428
0.015043879963346949,0.3040571572285428
0.09190669042224114,0.3040571572285428
-0.05241006521101774,0.3040571572285428
-0.07607974244319757,0.3040571572285428
-0.07607974244319757,0.3040571572285428
-0.09104731267720789,0.3040571572285428
-0.06679989487252837,0.3040571572285428
0.08036558704511712,0.3040571572285428
0.09508148103898303,0.3040571572285428
-0.0954784055594045,0.3040571572285428
0.08816129859315366,0.3040571572285428
0.0979547060232768,0.3040571572285428
0.07728475198911411,0.3040571572285428
0.09702816691620664,0.3040571572285428
-0.09446789987971593,0.3040571572285428
0.10519260550523504,0.3040571572285428
-0.10128330199069624,0.3040571572285428
-0.0789670192097773,0.3040571572285428
-0.026090603318829064,0.3040571572285428
-0.0930013734374331,0.3040571572285428
0.08816129859315366,0.3040571572285428
0.07820419515293323,0.3040571572285428
-0.09702635447429293,0.3040571572285428
0.08737324409853994,0.3040571572285428
0.08447193338306584,0.3040571572285428
0.09864834018731686,0.3040571572285428
0.04349800903583105,0.3040571572285428
0.028743140640388232,0.3040571572285428
-0.0743890877800086,0.3040571572285428
-0.08247897301562443,0.3040571572285428
-0.09172042602118033,0.3040571572285428
-0.09423173240644914,0.3040571572285428
-0.09172042602118033,0.3040571572285428
-0.10763755880127193,0.3040571572285428
0.05190133966220058,0.3040571572285428
0.013165697241647534,0.3040571572285428
-0.08793724799044814,0.3040571572285428
0.09437125984493348,0.3040571572285428
0.006611118174955735,0.3040571572285428
0.056254257088696115,0.3040571572285428
-0.11379095262233556,0.3040571572285428
0.09948380559772524,0.3040571572285428
0.09873719889305074,0.3040571572285428
0.07778037442268984,0.3040571572285428
-0.04349800903583105,0.3040571572285428
0.07577306024697476,0.3040571572285428
0.08601901710359372,0.3040571572285428
-0.06482285006170366,0.3040571572285428
-0.06150037287023625,0.3040571572285428
0.0787729499570616,0.3040571572285428
-0.0969543150015254,0.3040571572285428
-0.051395489145459265,0.3040571572285428
-0.08027052818679188,0.3040571572285428
-0.07728475198911411,0.3040571572285428
0.07456805070105821,0.3040571572285428
-0.06679192467834383,0.3040571572285428
-0.07899289723361513,0.3040571572285428
0.06150037287023625,0.3040571572285428
0.0559706562879672,0.3040571572285428
-0.08601901710359372,0.3040571572285428
0.07827732752348587,0.3040571572285428
0.0960341343692713,0.3040571572285428
-0.07167837914862367,0.3040571572285428
-0.051451423980473865,0.3040571572285428
0.08906849825047712,0.3040571572285428
-0.06135461864237945,0.3040571572285428
-0.09190669042224114,0.3040571572285428
-0.09104731267720789,0.3040571572285428
-0.09705069709160204,0.3040571572285428
-0.09873719889305074,0.3040571572285428
0.10651227239660685,0.3040571572285428
0.10468543228346017,0.3040571572285428
-0.08024465016295405,0.3040571572285428
-0.09610617384203883,0.3040571572285428
0.09702635447429293,0.3040571572285428
-0.08211925001718853,0.3040571572285428
0.08548843614043314,0.3040571572285428
-0.0866914591680763,0.3040571572285428
-0.06807683707703044,0.3040571572285428
0.06670125246112008,0.3040571572285428
-0.0932375409106999,0.3040571572285428
0.07887196035145208,0.3040571572285428
-0.026185718181561263,0.3040571572285428
-0.08247897301562443,0.3040571572285428
0.05642057196969391,0.3040571572285428
0.10468543228346017,0.3040571572285428
-0.0855839105905224,0.3040571572285428
-0.06150037287023625,0.3040571572285428
-0.12413626583063167,0.3040571572285428
-0.11577475094230293,0.3040571572285428
-0.12988733027165303,0.3040571572285428
0.013165697241647534,0.3040571572285428
-0.08737324409853994,0.3040571572285428
-0.04349800903583105,0.3040571572285428
-0.09610617384203883,0.3040571572285428
-0.11038814788424312,0.3040571572285428
0.09446789987971593,0.3040571572285428
-0.07607974244319757,0.3040571572285428
0.08024465016295405,0.3040571572285428
0.0930013734374331,0.3040571572285428
0.061089661349973366,0.3040571572285428
0.09374452619056045,0.3040571572285428
-0.028743140640388232,0.3040571572285428
0.11132395479044321,0.3040571572285428
-0.07275573998349752,0.3040571572285428
-0.09996357098739761,0.3040571572285428
0.07728475198911411,0.3040571572285428
-0.11526128938176157,0.3040571572285428
-0.095096978430136,0.3040571572285428
0.011046723355482117,0.3040571572285428
-0.06125597623097116,0.3040571572285428
0.09702635447429293,0.3040571572285428
0.056254257088696115,0.3040571572285428
-0.07331172694513476,0.3040571572285428
-0.038447701643821316,0.3040571572285428
-0.09699415500998747,0.3040571572285428
-0.10468543228346017,0.3040571572285428
-0.11803641953460067,0.3040571572285428
0.03090295815567573,0.3040571572285428
0.08548843614043314,0.3040571572285428
-0.11640333625264879,0.3040571572285428
-0.03394449773014477,0.3040571572285428
0.026185718181561263,0.3040571572285428
0.0743890877800086,0.3040571572285428
-0.07839826440564893,0.3040571572285428
-0.021654998138302683,0.3040571572285428
0.056254257088696115,0.3040571572285428
0.08834878752876568,0.3040571572285428
-0.0480012129495076,0.3040571572285428
0.07511959070647478,0.3040571572285428
0.07632460025239132,0.3040571572285428
0.07590077952214794,0.3040571572285428
0.09319843299701017,0.3040571572285428
-0.08108040518028461,0.3040571572285428
0.07220419997808095,0.3040571572285428
0.0668905670897521,0.3040571572285428
0.11379095262233556,0.3040571572285428
0.024307535459861848,0.3040571572285428
-0.12237587820112389,0.3040571572285428
-0.0979790486405859,0.3040571572285428
-0.13440448790842435,0.3040571572285428
0.0480012129495076,0.3040571572285428
-0.08601901710359372,0.3040571572285428
0.10352000185862134,0.3040571572285428
0.10590917556937465,0.3040571572285428
0.0709415007119936,0.3040571572285428
-0.06679192467834383,0.3040571572285428
-0.051451423980473865,0.3040571572285428
-0.0787729499570616,0.3040571572285428
0.07682022268596707,0.3040571572285428
0.11640333625264879,0.3040571572285428
0.07456805070105821,0.3040571572285428
0.08219238238774118,0.3040571572285428
-0.08863022772660831,0.3040571572285428
0.08024465016295405,0.3040571572285428
-0.12237587820112389,0.3040571572285428
-0.09186143188276544,0.3040571572285428
0.11741727855619292,0.3040571572285428
0.09789180546684617,0.3040571572285428
0.061089661349973366,0.3040571572285428
-0.09368563921289885,0.3040571572285428
0.059286901614331,0.3040571572285428
-0.09104731267720789,0.3040571572285428
-0.06315819186072441,0.3040571572285428
-0.013165697241647534,0.3040571572285428
-0.013165697241647534,0.3040571572285428
0.08548843614043314,0.3040571572285428
-0.05529561585815225,0.3040571572285428
-0.10694145411984801,0.3040571572285428
-0.08303098947704113,0.3040571572285428
-0.051451423980473865,0.3040571572285428
0.08816129859315366,0.3040571572285428
0.07204902767904742,0.3040571572285428
-0.0591205867333332,0.3040571572285428
0.07590077952214794,0.3040571572285428
0.07312638851392125,0.3040571572285428
-0.08247897301562443,0.3040571572285428
0.10621144286572076,0.3040571572285428
-0.06551498247384174,0.3040571572285428
0.09204769628382625,0.3040571572285428
-0.03384938286741257,0.3040571572285428
-0.1099811950643947,0.3040571572285428
-0.07204902767904742,0.3040571572285428
-0.0859737889609394,0.3040571572285428
-0.05529561585815225,0.3040571572285428
0.09868871056835207,0.3040571572285428
-0.08036558704511712,0.3040571572285428
0.06936918073791203,0.3040571572285428
-0.03090295815567573,0.3040571572285428
-0.07785350679324249,0.3040571572285428
-0.0859737889609394,0.3040571572285428
-0.04349800903583105,0.3040571572285428
0.06150037287023625,0.3040571572285428
-0.10385381465865443,0.3040571572285428
-0.08933874364262322,0.3040571572285428
-0.056929297518511064,0.3040571572285428
0.046948220066797317,0.3040571572285428
-0.026090603318829064,0.3040571572285428
-0.026090603318829064,0.3040571572285428
-0.09245528024388282,0.3040571572285428
-0.0954784055594045,0.3040571572285428
0.11577475094230293,0.3040571572285428
-0.09333943885859528,0.3040571572285428
0.10844556155393288,0.3040571572285428
-0.05529561585815225,0.3040571572285428
-0.015043879963346949,0.3040571572285428
0.03600920038270007,0.3040571572285428
-0.08933874364262322,0.3040571572285428
-0.07728475198911411,0.3040571572285428
0.08024465016295405,0.3040571572285428
0.07220419997808095,0.3040571572285428
-0.07682022268596707,0.3040571572285428
0.006611118174955735,0.3040571572285428
-0.07534923951673138,0.3040571572285428
-0.09886300237569295,0.3040571572285428
0.06809223853340995,0.3040571572285428
-0.051451423980473865,0.3040571572285428
-0.09491784960296257,0.3040571572285428
0.07632460025239132,0.3040571572285428
0.059142768774416314,0.3040571572285428
0.10965250055324252,0.3040571572285428
0.08747951366269002,0.3040571572285428
0.0866914591680763,0.3040571572285428
-0.11860595423495054,0.3040571572285428
0.09969032466334135,0.3040571572285428
-0.09430426844369545,0.3040571572285428
0.09398069366382725,0.3040571572285428
0.10965250055324252,0.3040571572285428
-0.11625294525393848,0.3040571572285428
-0.07386326695055132,0.3040571572285428
-0.09705069709160204,0.3040571572285428
-0.07386326695055132,0.3040571572285428
-0.09104731267720789,0.3040571572285428
-0.07577306024697476,0.3040571572285428
-0.09319843299701017,0.3040571572285428
-0.09190669042224114,0.3040571572285428
0.09540505581885125,0.3040571572285428
-0.051451423980473865,0.3040571572285428
-0.006611118174955735,0.3040571572285428
-0.11415402318416659,0.3040571572285428
-0.07204902767904742,0.3040571572285428
0.13691041700939438,0.3040571572285428
-0.08809295482025138,0.3040571572285428
0.024307535459861848,0.3040571572285428
0.026090603318829064,0.3040571572285428
0.10545563566012732,0.3040571572285428
0.09308587560947967,0.3040571572285428
-0.08834878752876568,0.3040571572285428
-0.08036558704511712,0.3040571572285428
-0.0855839105905224,0.3040571572285428
-0.07889388683922467,0.3040571572285428
0.09975705192178147,0.3040571572285428
0.08816129859315366,0.3040571572285428
0.0960341343692713,0.3040571572285428
0.08747951366269002,0.3040571572285428
0.03600920038270007,0.3040571572285428
0.07511959070647478,0.3040571572285428
-0.059286901614331,0.3040571572285428
0.04355394387084565,0.3040571572285428
0.02421242059712965,0.3040571572285428
-0.10551533818429684,0.3040571572285428
-0.028743140640388232,0.3040571572285428
-0.06919976550046375,0.3040571572285428
-0.07728475198911411,0.3040571572285428
0.028743140640388232,0.3040571572285428
0.09159590249884958,0.3040571572285428
-0.021654998138302683,0.3040571572285428
-0.051451423980473865,0.3040571572285428
-0.09006702509851156,0.3040571572285428
0.1343482907993785,0.3040571572285428
0.07047670770496584,0.3040571572285428
0.09446789987971593,0.3040571572285428
0.09245528024388282,0.3040571572285428
0.05529561585815225,0.3040571572285428
-0.09245278361579143,0.3040571572285428
-0.10519260550523504,0.3040571572285428
0.09159590249884958,0.3040571572285428
-0.09031903122131957,0.3040571572285428
-0.09272080962779869,0.3040571572285428
-0.03090295815567573,0.3040571572285428
0.06670125246112008,0.3040571572285428
-0.06125597623097116,0.3040571572285428
0.06973982926833577,0.3040571572285428
-0.11559284670299502,0.3040571572285428
-0.021654998138302683,0.3040571572285428
0.02421242059712965,0.3040571572285428
0.04051240429637662,0.3040571572285428
-0.07204902767904742,0.3040571572285428
-0.03090295815567573,0.3040571572285428
-0.052576380092015526,0.3040571572285428
0.026090603318829064,0.3040571572285428
-0.06670125246112008,0.3040571572285428
0.08747951366269002,0.3040571572285428
-0.013165697241647534,0.3040571572285428
0.07650356317344095,0.3040571572285428
-0.09272080962779869,0.3040571572285428
0.09789180546684617,0.3040571572285428
0.08601901710359372,0.3040571572285428
-0.08601901710359372,0.3040571572285428
-0.09491784960296257,0.3040571572285428
-0.04355394387084565,0.3040571572285428
0.08933874364262322,0.3040571572285428
-0.08437645893297657,0.3040571572285428
0.08247897301562443,0.3040571572285428
-0.08120134206244768,0.3040571572285428
-0.10385381465865443,0.3040571572285428
0.07331172694513476,0.3040571572285428
0.04184197783977298,0.3040571572285428
-0.013165697241647534,0.3040571572285428
-0.08933874364262322,0.3040571572285428
0.09996357098739761,0.3040571572285428
0.12054503370688424,0.3040571572285428
0.07047670770496584,0.3040571572285428
-0.08719694996862445,0.3040571572285428
-0.030807843292943532,0.3040571572285428
0.07650356317344095,0.3040571572285428
-0.03839176680880672,0.3040571572285428
-0.09398069366382725,0.3040571572285428
0.07386326695055132,0.3040571572285428
0.0954784055594045,0.3040571572285428
-0.08933874364262322,0.3040571572285428
0.03600920038270007,0.3040571572285428
-0.08235854741255853,0.3040571572285428
0.03839176680880672,0.3040571572285428
0.0960341343692713,0.3040571572285428
0.09374452619056045,0.3040571572285428
-0.06807683707703044,0.3040571572285428
0.07331172694513476,0.3040571572285428
-0.0702771263353376,0.3040571572285428
-0.08747951366269002,0.3040571572285428
0.09312589695976385,0.3040571572285428
0.00848930089665515,0.3040571572285428
-0.0709415007119936,0.3040571572285428
-0.10621144286572076,0.3040571572285428
-0.06354590785720159,0.3040571572285428
0.05529561585815225,0.3040571572285428
-0.00848930089665515,0.3040571572285428
0.09272080962779869,0.3040571572285428
0.06927850852068829,0.3040571572285428
0.09610617384203883,0.3040571572285428
0.1289325914269027,0.3040571572285428
-0.12722189319434996,0.3040571572285428
-0.06679989487252837,0.3040571572285428
0.08747951366269002,0.3040571572285428
0.08863022772660831,0.3040571572285428
0.06346944748687641,0.3040571572285428
0.09104731267720789,0.3040571572285428
-0.09105388544402204,0.3040571572285428
0.06475435988556302,0.3040571572285428
-0.07456805070105821,0.3040571572285428
-0.09245528024388282,0.3040571572285428
0.09864834018731686,0.3040571572285428
0.09486482440013738,0.3040571572285428
0.12440553067576532,0.3040571572285428
0.08027052818679188,0.3040571572285428
0.13446345730572629,0.3040571572285428
0.06679989487252837,0.3040571572285428
0.10076474130806803,0.3040571572285428
0.0668905670897521,0.3040571572285428
-0.09969032466334135,0.3040571572285428
-0.09190669042224114,0.3040571572285428
0.044356596174055,0.3040571572285428
-0.056929297518511064,0.3040571572285428
-0.042291893521499695,0.3040571572285428
0.026185718181561263,0.3040571572285428
-0.056254257088696115,0.3040571572285428
0.013165697241647534,0.3040571572285428
-0.028743140640388232,0.3040571572285428
0.06936918073791203,0.3040571572285428
0.0941746968498352,0.3040571572285428
0.04349800903583105,0.3040571572285428
-0.11741727855619292,0.3040571572285428
0.09791614808415527,0.3040571572285428
0.07204902767904742,0.3040571572285428
0.0480012129495076,0.3040571572285428
0.07879882798089943,0.3040571572285428
-0.006611118174955735,0.3040571572285428
-0.10097189870815901,0.3040571572285428
-0.06346944748687641,0.3040571572285428
0.09398069366382725,0.3040571572285428
0.10952223053835947,0.3040571572285428
-0.07682022268596707,0.3040571572285428
0.09398069366382725,0.3040571572285428
-0.06058093580115621,0.3040571572285428
-0.10871422778569852,0.3040571572285428
0.03600920038270007,0.3040571572285428
-0.0822634885542333,0.3040571572285428
0.09159590249884958,0.3040571572285428
0.07590077952214794,0.3040571572285428
-0.06807683707703044,0.3040571572285428
0.0954205532100042,0.3040571572285428
0.021654998138302683,0.3040571572285428
0.03090295815567573,0.3040571572285428
0.08247897301562443,0.3040571572285428
0.1218079356886258,0.3040571572285428
-0.051451423980473865,0.3040571572285428
-0.05529561585815225,0.3040571572285428
-0.10468543228346017,0.3040571572285428
0.07778037442268984,0.3040571572285428
-0.09374452619056045,0.3040571572285428
0.11303987568076179,0.3040571572285428
-0.06551498247384174,0.3040571572285428
0.09610617384203883,0.3040571572285428
0.046948220066797317,0.3040571572285428
-0.09336206443303065,0.3040571572285428
0.021654998138302683,0.3040571572285428
-0.08625635265500498,0.3040571572285428
0.07331172694513476,0.3040571572285428
0.03090295815567573,0.3040571572285428
-0.09245528024388282,0.3040571572285428
-0.09540505581885125,0.3040571572285428
-0.07456805070105821,0.3040571572285428
0.059286901614331,0.3040571572285428
-0.07511959070647478,0.3040571572285428
-0.10621144286572076,0.3040571572285428
-0.028743140640388232,0.3040571572285428
0.02637223811241715,0.3040571572285428
-0.0743890877800086,0.3040571572285428
0.08719694996862445,0.3040571572285428
0.07820419515293323,0.3040571572285428
-0.07574286185109322,0.3040571572285428
0.04355394387084565,0.3040571572285428
-0.10018009170147457,0.3040571572285428
-0.1047451348076297,0.3040571572285428
-0.05241006521101774,0.3040571572285428
-0.08553366428308742,0.3040571572285428
-0.08553366428308742,0.3040571572285428
0.08548843614043314,0.3040571572285428
0.051451423980473865,0.3040571572285428
0.07899289723361513,0.3040571572285428
0.10161711479072935,0.3040571572285428
-0.120283721533203,0.3040571572285428
-0.0859737889609394,0.3040571572285428
-0.09446789987971593,0.3040571572285428
0.09806790734631979,0.3040571572285428
-0.056929297518511064,0.3040571572285428
0.07204902767904742,0.3040571572285428
0.09806790734631979,0.3040571572285428
-0.09806790734631979,0.3040571572285428
-0.0954784055594045,0.3040571572285428
-0.11577475094230293,0.3040571572285428
0.09549390295055746,0.3040571572285428
-0.028743140640388232,0.3040571572285428
-0.056929297518511064,0.3040571572285428
-0.0591205867333332,0.3040571572285428
0.08765580779260551,0.3040571572285428
0.056254257088696115,0.3040571572285428
0.026185718181561263,0.3040571572285428
0.08834878752876568,0.3040571572285428
0.13155103383182562,0.3040571572285428
-0.09789180546684617,0.3040571572285428
0.10076474130806803,0.3040571572285428
-0.09333943885859528,0.3040571572285428
0.05818412754387245,0.3040571572285428
-0.09788616250201042,0.3040571572285428
-0.10763755880127193,0.3040571572285428
0.07820419515293323,0.3040571572285428
0.015043879963346949,0.3040571572285428
-0.09333943885859528,0.3040571572285428
0.07889388683922467,0.3040571572285428
-0.0634472654457933,0.3040571572285428
0.07699918560701668,0.3040571572285428
-0.06927850852068829,0.3040571572285428
0.03600920038270007,0.3040571572285428
0.0917821668999104,0.3040571572285428
0.08027052818679188,0.3040571572285428
-0.08553366428308742,0.3040571572285428
0.12213535814582165,0.3040571572285428
-0.09430426844369545,0.3040571572285428
-0.11105786404882129,0.3040571572285428
0.07879882798089943,0.3040571572285428
-0.06150037287023625,0.3040571572285428
0.11577475094230293,0.3040571572285428
-0.08437645893297657,0.3040571572285428
-0.09104731267720789,0.3040571572285428
0.10468543228346017,0.3040571572285428
-0.10621144286572076,0.3040571572285428
-0.11379095262233556,0.3040571572285428
-0.0743890877800086,0.3040571572285428
0.0787729499570616,0.3040571572285428
0.10952223053835947,0.3040571572285428
-0.06551498247384174,0.3040571572285428
-0.08933874364262322,0.3040571572285428
0.06670125246112008,0.3040571572285428
0.028250420834116566,0.3040571572285428
-0.06846288706383369,0.3040571572285428
0.06927850852068829,0.3040571572285428
-0.09326690282134897,0.3040571572285428
0.07820419515293323,0.3040571572285428
-0.06150037287023625,0.3040571572285428
-0.0480012129495076,0.3040571572285428
0.06125597623097116,0.3040571572285428
-0.051451423980473865,0.3040571572285428
0.11559284670299502,0.3040571572285428
-0.06679989487252837,0.3040571572285428
0.10046750501101716,0.3040571572285428
0.09031903122131957,0.3040571572285428
-0.06670125246112008,0.3040571572285428
-0.021654998138302683,0.3040571572285428
0.09702635447429293,0.3040571572285428
0.08120134206244768,0.3040571572285428
0.05861186118451605,0.3040571572285428
0.0743890877800086,0.3040571572285428
-0.09031903122131957,0.3040571572285428
-0.07511959070647478,0.3040571572285428
-0.030807843292943532,0.3040571572285428
-0.06973982926833577,0.3040571572285428
0.07284736878958209,0.3040571572285428
0.0855839105905224,0.3040571572285428
0.08024465016295405,0.3040571572285428
-0.0709415007119936,0.3040571572285428
0.07632460025239132,0.3040571572285428
0.10301282863684647,0.3040571572285428
0.030807843292943532,0.3040571572285428
-0.0480012129495076,0.3040571572285428
-0.12247400173939278,0.3040571572285428
-0.0855839105905224,0.3040571572285428
-0.09390815762658093,0.3040571572285428
-0.0634472654457933,0.3040571572285428
0.13416549558752866,0.3040571572285428
-0.07331172694513476,0.3040571572285428
0.07650356317344095,0.3040571572285428
-0.07728475198911411,0.3040571572285428
-0.028743140640388232,0.3040571572285428
-0.10558644289031284,0.3040571572285428
-0.0789670192097773,0.3040571572285428
0.10468543228346017,0.3040571572285428
-0.05529561585815225,0.3040571572285428
0.04390668049232828,0.3040571572285428
-0.056254257088696115,0.3040571572285428
-0.08988076069745074,0.3040571572285428
-0.09800319434797547,0.3040571572285428
-0.0787729499570616,0.3040571572285428
-0.06927850852068829,0.3040571572285428
-0.0881724933988502,0.3040571572285428
-0.06058093580115621,0.3040571572285428
0.09641408358281156,0.3040571572285428
-0.08961051530530464,0.3040571572285428
-0.10468543228346017,0.3040571572285428
-0.09272080962779869,0.3040571572285428
-0.07331172694513476,0.3040571572285428
-0.08837551851431695,0.3040571572285428
0.06809223853340995,0.3040571572285428
-0.06150037287023625,0.3040571572285428
0.09061561492015324,0.3040571572285428
0.1233406083202743,0.3040571572285428
-0.0917821668999104,0.3040571572285428
-0.1012691350052099,0.3040571572285428
-0.11559284670299502,0.3040571572285428
0.10545563566012732,0.3040571572285428
0.09702635447429293,0.3040571572285428
0.0591205867333332,0.3040571572285428
0.07887196035145208,0.3040571572285428
-0.07511959070647478,0.3040571572285428
0.07879882798089943,0.3040571572285428
-0.11105786404882129,0.3040571572285428
0.07091185631719937,0.3040571572285428
-0.05529561585815225,0.3040571572285428
0.02637223811241715,0.3040571572285428
-0.06354590785720159,0.3040571572285428
-0.056929297518511064,0.3040571572285428
0.04349800903583105,0.3040571572285428
0.030807843292943532,0.3040571572285428
0.08548843614043314,0.3040571572285428
-0.08988076069745074,0.3040571572285428
-0.10128330199069624,0.3040571572285428
0.0954784055594045,0.3040571572285428
0.06551498247384174,0.3040571572285428
0.07887196035145208,0.3040571572285428
0.1004533380255308,0.3040571572285428
-0.09259628610546794,0.3040571572285428
0.09374452619056045,0.3040571572285428
-0.10097189870815901,0.3040571572285428
0.051395489145459265,0.3040571572285428
0.09789180546684617,0.3040571572285428
0.07204902767904742,0.3040571572285428
-0.09641408358281156,0.3040571572285428
0.07728475198911411,0.3040571572285428
0.1099811950643947,0.3040571572285428
-0.09696981239267836,0.3040571572285428
0.07204902767904742,0.3040571572285428
-0.056254257088696115,0.3040571572285428
-0.08548843614043314,0.3040571572285428
0.08719694996862445,0.3040571572285428
0.08601901710359372,0.3040571572285428
0.08442670524041154,0.3040571572285428
0.0634472654457933,0.3040571572285428
0.06936918073791203,0.3040571572285428
-0.021654998138302683,0.3040571572285428
0.055804341406969396,0.3040571572285428
0.09245528024388282,0.3040571572285428
0.06484503210278678,0.3040571572285428
-0.10090666170149366,0.3040571572285428
-0.1021215084878712,0.3040571572285428
0.09873719889305074,0.3040571572285428
0.07728475198911411,0.3040571572285428
-0.06973982926833577,0.3040571572285428
0.10545563566012732,0.3040571572285428
-0.09031903122131957,0.3040571572285428
-0.10046750501101716,0.3040571572285428
-0.09789180546684617,0.3040571572285428
-0.08437645893297657,0.3040571572285428
-0.08216801410414404,0.3040571572285428
0.05930908365541411,0.3040571572285428
-0.061089661349973366,0.3040571572285428
0.11803910015732813,0.3040571572285428
-0.11574323770170533,0.3040571572285428
0.08906849825047712,0.3040571572285428
0.09333943885859528,0.3040571572285428
-0.07534923951673138,0.3040571572285428
-0.10871422778569852,0.3040571572285428
-0.056929297518511064,0.3040571572285428
0.017696417284906115,0.3040571572285428
0.056254257088696115,0.3040571572285428
-0.09789180546684617,0.3040571572285428
-0.006611118174955735,0.3040571572285428
0.08978558490066893,0.3040571572285428
0.09894371795866687,0.3040571572285428
0.06150037287023625,0.3040571572285428
0.08737324409853994,0.3040571572285428
0.11227076832651153,0.3040571572285428
0.09699415500998747,0.3040571572285428
-0.03600920038270007,0.3040571572285428
-0.0787729499570616,0.3040571572285428
-0.0789670192097773,0.3040571572285428
-0.08247897301562443,0.3040571572285428
0.0743890877800086,0.3040571572285428
-0.09245528024388282,0.3040571572285428
-0.03839176680880672,0.3040571572285428
0.0859737889609394,0.3040571572285428
-0.06973982926833577,0.3040571572285428
0.056929297518511064,0.3040571572285428
-0.08816129859315366,0.3040571572285428
0.05861186118451605,0.3040571572285428
-0.06356808989828469,0.3040571572285428
-0.06346944748687641,0.3040571572285428
0.07879882798089943,0.3040571572285428
-0.07167837914862367,0.3040571572285428
-0.07386326695055132,0.3040571572285428
0.051395489145459265,0.3040571572285428
0.09696981239267836,0.3040571572285428
-0.09050529562238037,0.3040571572285428
-0.04349800903583105,0.3040571572285428
-0.07967589535882567,0.3040571572285428
-0.07220419997808095,0.3040571572285428
0.06150037287023625,0.3040571572285428
-0.10076474130806803,0.3040571572285428
0.05190133966220058,0.3040571572285428
-0.09975705192178147,0.3040571572285428
-0.07204902767904742,0.3040571572285428
0.02421242059712965,0.3040571572285428
-0.07728475198911411,0.3040571572285428
0.08689908608373019,0.3040571572285428
0.0480012129495076,0.3040571572285428
0.06807683707703044,0.3040571572285428
-0.10621144286572076,0.3040571572285428
0.056254257088696115,0.3040571572285428
0.07820419515293323,0.3040571572285428
0.10918120888493349,0.3040571572285428
0.0881724933988502,0.3040571572285428
0.12239667031950288,0.3040571572285428
0.10551533818429684,0.3040571572285428
0.08363617836573528,0.3040571572285428
0.09031903122131957,0.3040571572285428
-0.06936918073791203,0.3040571572285428
-0.0969543150015254,0.3040571572285428
0.0591205867333332,0.3040571572285428
-0.08834878752876568,0.3040571572285428
-0.026185718181561263,0.3040571572285428
-0.0954784055594045,0.3040571572285428
-0.12214657928219694,0.3040571572285428
-0.07607974244319757,0.3040571572285428
0.09881451405099428,0.3040571572285428
-0.09862581001192144,0.3040571572285428
-0.09104731267720789,0.3040571572285428
-0.04051240429637662,0.3040571572285428
0.07899289723361513,0.3040571572285428
0.10519260550523504,0.3040571572285428
0.0743890877800086,0.3040571572285428
0.026090603318829064,0.3040571572285428
-0.09791433564224157,0.3040571572285428
-0.09873719889305074,0.3040571572285428
-0.11227076832651153,0.3040571572285428
0.08437645893297657,0.3040571572285428
-0.08816129859315366,0.3040571572285428
0.09948380559772524,0.3040571572285428
-0.1256451057214421,0.3040571572285428
0.07331172694513476,0.3040571572285428
-0.021654998138302683,0.3040571572285428
-0.056929297518511064,0.3040571572285428
-0.051845404827185984,0.3040571572285428
-0.1261296385015076,0.3040571572285428
0.03600920038270007,0.3040571572285428
0.0668905670897521,0.3040571572285428
-0.051395489145459265,0.3040571572285428
-0.07590077952214794,0.3040571572285428
0.06551498247384174,0.3040571572285428
-0.09031903122131957,0.3040571572285428
0.07728475198911411,0.3040571572285428
0.006611118174955735,0.3040571572285428
-0.0979790486405859,0.3040571572285428
-0.0789670192097773,0.3040571572285428
-0.1047451348076297,0.3040571572285428
0.11675986062797693,0.3040571572285428
-0.07204902767904742,0.3040571572285428
0.07887196035145208,0.3040571572285428
0.08906849825047712,0.3040571572285428
0.10385381465865443,0.3040571572285428
0.08447193338306584,0.3040571572285428
-0.08354070391564601,0.3040571572285428
0.02421242059712965,0.3040571572285428
0.07511959070647478,0.3040571572285428
-0.08553366428308742,0.3040571572285428
0.056680809088463235,0.3040571572285428
0.12910750626373924,0.3040571572285428
0.06973982926833577,0.3040571572285428
0.0743890877800086,0.3040571572285428
-0.013165697241647534,0.3040571572285428
-0.1374494120776379,0.3040571572285428
-0.08961051530530464,0.3040571572285428
-0.09948380559772524,0.3040571572285428
-0.051395489145459265,0.3040571572285428
0.13755118433853386,0.3040571572285428
-0.06254088862965779,0.3040571572285428
-0.10952223053835947,0.3040571572285428
0.08861903292091178,0.3040571572285428
-0.09398069366382725,0.3040571572285428
0.03090295815567573,0.3040571572285428
0.05816194550278933,0.3040571572285428
0.09881451405099428,0.3040571572285428
0.03600920038270007,0.3040571572285428
0.08437645893297657,0.3040571572285428
-0.08933874364262322,0.3040571572285428
-0.07257484850850468,0.3040571572285428
0.06973982926833577,0.3040571572285428
0.07167837914862367,0.3040571572285428
0.0634472654457933,0.3040571572285428
-0.04045646946136201,0.3040571572285428
0.055804341406969396,0.3040571572285428
0.026090603318829064,0.3040571572285428
-0.09881451405099428,0.3040571572285428
-0.09515352051175056,0.3040571572285428
0.061089661349973366,0.3040571572285428
-0.04014808174875768,0.3040571572285428
-0.08630158079765929,0.3040571572285428
0.09486482440013738,0.3040571572285428
0.0634472654457933,0.3040571572285428
-0.10161711479072935,0.3040571572285428
-0.12910750626373924,0.3040571572285428
0.11860595423495054,0.3040571572285428
-0.08630158079765929,0.3040571572285428
0.0480012129495076,0.3040571572285428
-0.09484531356571624,0.3040571572285428
0.11795570717082897,0.3040571572285428
0.08024465016295405,0.3040571572285428
0.06936918073791203,0.3040571572285428
0.08834878752876568,0.3040571572285428
-0.07404222987160095,0.3040571572285428
0.10551533818429684,0.3040571572285428
-0.07699918560701668,0.3040571572285428
0.1254292607160703,0.3040571572285428
-0.08548843614043314,0.3040571572285428
0.059286901614331,0.3040571572285428
-0.11541168038047189,0.3040571572285428
0.0960341343692713,0.3040571572285428
0.09868871056835207,0.3040571572285428
-0.10519260550523504,0.3040571572285428
0.09948380559772524,0.3040571572285428
0.09789180546684617,0.3040571572285428
-0.12383475341988395,0.3040571572285428
0.03839176680880672,0.3040571572285428
0.07577306024697476,0.3040571572285428
-0.0822634885542333,0.3040571572285428
0.13416549558752866,0.3040571572285428
0.07820419515293323,0.3040571572285428
-0.07577306024697476,0.3040571572285428
0.0724235480593387,0.3040571572285428
0.09104731267720789,0.3040571572285428
-0.0917821668999104,0.3040571572285428
0.06679989487252837,0.3040571572285428
0.06354590785720159,0.3040571572285428
-0.09969032466334135,0.3040571572285428
0.1289325914269027,0.3040571572285428
-0.04349800903583105,0.3040571572285428
-0.06150037287023625,0.3040571572285428
0.11105786404882129,0.3040571572285428
0.0480012129495076,0.3040571572285428
0.06679989487252837,0.3040571572285428
0.03600920038270007,0.3040571572285428
-0.026185718181561263,0.3040571572285428
0.08844273879099629,0.3040571572285428
-0.11160105216193338,0.3040571572285428
-0.08214213608030621,0.3040571572285428
-0.09245528024388282,0.3040571572285428
-0.05861186118451605,0.3040571572285428
0.05529561585815225,0.3040571572285428
0.07650356317344095,0.3040571572285428
0.0881724933988502,0.3040571572285428
-0.11640333625264879,0.3040571572285428
0.059286901614331,0.3040571572285428
0.030807843292943532,0.3040571572285428
0.0748234186872741,0.3040571572285428
0.09705069709160204,0.3040571572285428
0.11807205773327058,0.3040571572285428
0.08905730344478059,0.3040571572285428
-0.07257484850850468,0.3040571572285428
0.09159590249884958,0.3040571572285428
-0.07257484850850468,0.3040571572285428
-0.08553366428308742,0.3040571572285428
0.06936918073791203,0.3040571572285428
0.06150037287023625,0.3040571572285428
0.021654998138302683,0.3040571572285428
0.06919976550046375,0.3040571572285428
0.07408654025064404,0.3040571572285428
0.0743890877800086,0.3040571572285428
-0.0787729499570616,0.3040571572285428
0.00848930089665515,0.3040571572285428
-0.0783032055473237,0.3040571572285428
-0.03090295815567573,0.3040571572285428
0.026090603318829064,0.3040571572285428
0.10519260550523504,0.3040571572285428
-0.07257484850850468,0.3040571572285428
0.038447701643821316,0.3040571572285428
0.05190133966220058,0.3040571572285428
0.06679989487252837,0.3040571572285428
-0.06927850852068829,0.3040571572285428
0.12340108430310823,0.3040571572285428
-0.08553366428308742,0.3040571572285428
-0.028743140640388232,0.3040571572285428
0.0881724933988502,0.3040571572285428
0.04355394387084565,0.3040571572285428
-0.0789670192097773,0.3040571572285428
-0.056929297518511064,0.3040571572285428
-0.026090603318829064,0.3040571572285428
-0.046948220066797317,0.3040571572285428
0.08017151779240142,0.3040571572285428
-0.06484503210278678,0.3040571572285428
-0.07404222987160095,0.3040571572285428
-0.1021215084878712,0.3040571572285428
0.09104731267720789,0.3040571572285428
0.0840260567361523,0.3040571572285428
0.030807843292943532,0.3040571572285428
0.05642057196969391,0.3040571572285428
0.059286901614331,0.3040571572285428
0.07728475198911411,0.3040571572285428
-0.07899289723361513,0.3040571572285428
-0.04349800903583105,0.3040571572285428
-0.06346944748687641,0.3040571572285428
0.0743890877800086,0.3040571572285428
0.026090603318829064,0.3040571572285428
-0.0859737889609394,0.3040571572285428
0.051395489145459265,0.3040571572285428
0.06679989487252837,0.3040571572285428
-0.030807843292943532,0.3040571572285428
-0.06936918073791203,0.3040571572285428
0.06604670354644461,0.3040571572285428
0.09948380559772524,0.3040571572285428
0.10844556155393288,0.3040571572285428
-0.06679989487252837,0.3040571572285428
-0.1004533380255308,0.3040571572285428
-0.101602947805243,0.3040571572285428
-0.0480012129495076,0.3040571572285428
-0.07650356317344095,0.3040571572285428
-0.056929297518511064,0.3040571572285428
0.06936918073791203,0.3040571572285428
0.07257484850850468,0.3040571572285428
-0.08359095022308097,0.3040571572285428
0.06927850852068829,0.3040571572285428
0.07820419515293323,0.3040571572285428
-0.07820419515293323,0.3040571572285428
-0.04045646946136201,0.3040571572285428
-0.0709415007119936,0.3040571572285428
0.08548843614043314,0.3040571572285428
0.056929297518511064,0.3040571572285428
-0.08036558704511712,0.3040571572285428
-0.021654998138302683,0.3040571572285428
0.08018940880921166,0.3040571572285428
-0.07899289723361513,0.3040571572285428
-0.0881724933988502,0.3040571572285428
0.07728475198911411,0.3040571572285428
0.11173687288867226,0.3040571572285428
-0.0859737889609394,0.3040571572285428
0.09806790734631979,0.3040571572285428
0.07887196035145208,0.3040571572285428
0.09374452619056045,0.3040571572285428
-0.056254257088696115,0.3040571572285428
-0.03394449773014477,0.3040571572285428
0.0480012129495076,0.3040571572285428
-0.013165697241647534,0.3040571572285428
0.0855839105905224,0.3040571572285428
0.0859737889609394,0.3040571572285428
-0.09873719889305074,0.3040571572285428
-0.07100252853442311,0.3040571572285428
0.07699918560701668,0.3040571572285428
-0.07331172694513476,0.3040571572285428
0.09326690282134897,0.3040571572285428
-0.08680707159820744,0.3040571572285428
0.06679989487252837,0.3040571572285428
-0.09515352051175056,0.3040571572285428
-0.10763755880127193,0.3040571572285428
0.07204902767904742,0.3040571572285428
-0.013165697241647534,0.3040571572285428
-0.0943776181842487,0.3040571572285428
-0.09272080962779869,0.3040571572285428
-0.07607974244319757,0.3040571572285428
0.06346944748687641,0.3040571572285428
0.11379095262233556,0.3040571572285428
-0.09696981239267836,0.3040571572285428
-0.11577475094230293,0.3040571572285428
-0.06807683707703044,0.3040571572285428
-0.021654998138302683,0.3040571572285428
-0.00848930089665515,0.3040571572285428
0.09245528024388282,0.3040571572285428
0.06936918073791203,0.3040571572285428
0.08100727280973198,0.3040571572285428
0.04390668049232828,0.3040571572285428
-0.052576380092015526,0.3040571572285428
0.04349800903583105,0.3040571572285428
-0.04390668049232828,0.3040571572285428
-0.0855839105905224,0.3040571572285428
0.08024465016295405,0.3040571572285428
-0.09333943885859528,0.3040571572285428
-0.07699918560701668,0.3040571572285428
0.06973982926833577,0.3040571572285428
0.0789670192097773,0.3040571572285428
0.06356808989828469,0.3040571572285428
-0.09272080962779869,0.3040571572285428
0.07511959070647478,0.3040571572285428
0.06679989487252837,0.3040571572285428
0.0881724933988502,0.3040571572285428
-0.046948220066797317,0.3040571572285428
-0.1233406083202743,0.3040571572285428
0.10551533818429684,0.3040571572285428
-0.006611118174955735,0.3040571572285428
0.08693813758546862,0.3040571572285428
0.0855839105905224,0.3040571572285428
-0.06936918073791203,0.3040571572285428
0.051451423980473865,0.3040571572285428
-0.056254257088696115,0.3040571572285428
0.0743890877800086,0.3040571572285428
-0.0917821668999104,0.3040571572285428
-0.07204902767904742,0.3040571572285428
0.05529561585815225,0.3040571572285428
0.09864834018731686,0.3040571572285428
-0.0559706562879672,0.3040571572285428
-0.0866914591680763,0.3040571572285428
-0.09610617384203883,0.3040571572285428
-0.015043879963346949,0.3040571572285428
-0.0866914591680763,0.3040571572285428
0.028743140640388232,0.3040571572285428
-0.0480012129495076,0.3040571572285428
0.0668905670897521,0.3040571572285428
0.011046723355482117,0.3040571572285428
-0.07899289723361513,0.3040571572285428
-0.056254257088696115,0.3040571572285428
-0.07204902767904742,0.3040571572285428
-0.0668905670897521,0.3040571572285428
0.028743140640388232,0.3040571572285428
0.06670125246112008,0.3040571572285428
-0.08834878752876568,0.3040571572285428
0.1037941121344849,0.3040571572285428
0.08601901710359372,0.3040571572285428
0.07607974244319757,0.3040571572285428
-0.06150037287023625,0.3040571572285428
-0.08601901710359372,0.3040571572285428
0.08834878752876568,0.3040571572285428
0.07899289723361513,0.3040571572285428
-0.08680707159820744,0.3040571572285428
0.051395489145459265,0.3040571572285428
0.05241006521101774,0.3040571572285428
0.09791614808415527,0.3040571572285428
0.06551498247384174,0.3040571572285428
-0.08601901710359372,0.3040571572285428
0.09806790734631979,0.3040571572285428
0.09969032466334135,0.3040571572285428
0.08765580779260551,0.3040571572285428
-0.07590077952214794,0.3040571572285428
-0.0954784055594045,0.3040571572285428
0.06150037287023625,0.3040571572285428
-0.08747951366269002,0.3040571572285428
0.09806790734631979,0.3040571572285428
0.04355394387084565,0.3040571572285428
0.07257484850850468,0.3040571572285428
0.07728475198911411,0.3040571572285428
-0.07386326695055132,0.3040571572285428
-0.10797858045469791,0.3040571572285428
-0.101602947805243,0.3040571572285428
-0.09190669042224114,0.3040571572285428
0.10551533818429684,0.3040571572285428
-0.10918120888493349,0.3040571572285428
0.06135461864237945,0.3040571572285428
-0.03394449773014477,0.3040571572285428
-0.06973982926833577,0.3040571572285428
-0.06551498247384174,0.3040571572285428
0.09486482440013738,0.3040571572285428
0.09374452619056045,0.3040571572285428
-0.015043879963346949,0.3040571572285428
-0.08738443890423647,0.3040571572285428
-0.06356808989828469,0.3040571572285428
0.07386326695055132,0.3040571572285428
0.07331172694513476,0.3040571572285428
0.07839826440564893,0.3040571572285428
-0.09398069366382725,0.3040571572285428
0.0917821668999104,0.3040571572285428
-0.11983321801802219,0.3040571572285428
0.09390815762658093,0.3040571572285428
0.09791614808415527,0.3040571572285428
-0.00848930089665515,0.3040571572285428
0.12740123913795512,0.3040571572285428
0.0917821668999104,0.3040571572285428
0.10076474130806803,0.3040571572285428
0.07456805070105821,0.3040571572285428
-0.03090295815567573,0.3040571572285428
-0.08671159714811819,0.3040571572285428
0.10026080728444849,0.3040571572285428
-0.019761119937461415,0.3040571572285428
-0.0559706562879672,0.3040571572285428
-0.06150037287023625,0.3040571572285428
0.09272080962779869,0.3040571572285428
0.02637223811241715,0.3040571572285428
0.07778037442268984,0.3040571572285428
0.05529561585815225,0.3040571572285428
-0.03090295815567573,0.3040571572285428
0.06670125246112008,0.3040571572285428
-0.09312589695976385,0.3040571572285428
-0.08247897301562443,0.3040571572285428
0.1021215084878712,0.3040571572285428
0.07167837914862367,0.3040571572285428
0.10763755880127193,0.3040571572285428
0.03090295815567573,0.3040571572285428
-0.026090603318829064,0.3040571572285428
-0.08247897301562443,0.3040571572285428
-0.10590917556937465,0.3040571572285428
0.06475435988556302,0.3040571572285428
0.07607974244319757,0.3040571572285428
0.08247897301562443,0.3040571572285428
-0.09104731267720789,0.3040571572285428
0.028250420834116566,0.3040571572285428
0.08120134206244768,0.3040571572285428
0.09117840896635279,0.3040571572285428
-0.09969032466334135,0.3040571572285428
-0.0480012129495076,0.3040571572285428
0.10301282863684647,0.3040571572285428
-0.04739813574852403,0.3040571572285428
-0.056254257088696115,0.3040571572285428
-0.0743890877800086,0.3040571572285428
-0.06807683707703044,0.3040571572285428
0.0855839105905224,0.3040571572285428
-0.026090603318829064,0.3040571572285428
0.07887196035145208,0.3040571572285428
0.11526128938176157,0.3040571572285428
-0.07682022268596707,0.3040571572285428
0.0743890877800086,0.3040571572285428
0.026090603318829064,0.3040571572285428
0.024307535459861848,0.3040571572285428
0.06679989487252837,0.3040571572285428
0.08765580779260551,0.3040571572285428
0.11795570717082897,0.3040571572285428
0.028250420834116566,0.3040571572285428
0.09333943885859528,0.3040571572285428
0.0743890877800086,0.3040571572285428
0.11815545071976974,0.3040571572285428
0.013206540870769617,0.3040571572285428
0.04349800903583105,0.3040571572285428
0.0866914591680763,0.3040571572285428
-0.10090666170149366,0.3040571572285428
0.08844273879099629,0.3040571572285428
-0.06679989487252837,0.3040571572285428
-0.1047451348076297,0.3040571572285428
0.07511959070647478,0.3040571572285428
0.07386326695055132,0.3040571572285428
0.051451423980473865,0.3040571572285428
-0.0787729499570616,0.3040571572285428
-0.07887196035145208,0.3040571572285428
-0.0866914591680763,0.3040571572285428
0.059286901614331,0.3040571572285428
-0.06927850852068829,0.3040571572285428
0.024307535459861848,0.3040571572285428
-0.0591205867333332,0.3040571572285428
-0.11807205773327058,0.3040571572285428
0.06679989487252837,0.3040571572285428
0.09050529562238037,0.3040571572285428
0.056929297518511064,0.3040571572285428
0.08110628320412244,0.3040571572285428
-0.02421242059712965,0.3040571572285428
-0.04349800903583105,0.3040571572285428
0.05529561585815225,0.3040571572285428
-0.1256451057214421,0.3040571572285428
0.06551498247384174,0.3040571572285428
0.05642057196969391,0.3040571572285428
-0.09547709529161877,0.3040571572285428
0.07887196035145208,0.3040571572285428
-0.08036558704511712,0.3040571572285428
0.07650356317344095,0.3040571572285428
0.07204902767904742,0.3040571572285428
-0.07257484850850468,0.3040571572285428
0.0917821668999104,0.3040571572285428
0.07511959070647478,0.3040571572285428
-0.0480012129495076,0.3040571572285428
-0.05529561585815225,0.3040571572285428
-0.08359095022308097,0.3040571572285428
-0.013165697241647534,0.3040571572285428
-0.06346944748687641,0.3040571572285428
-0.03384938286741257,0.3040571572285428
0.07331172694513476,0.3040571572285428
0.07590077952214794,0.3040571572285428
-0.07887196035145208,0.3040571572285428
-0.0855839105905224,0.3040571572285428
-0.06346944748687641,0.3040571572285428
0.056929297518511064,0.3040571572285428
0.0960341343692713,0.3040571572285428
-0.056254257088696115,0.3040571572285428
-0.09996357098739761,0.3040571572285428
-0.09791614808415527,0.3040571572285428
0.08816129859315366,0.3040571572285428
0.1004533380255308,0.3040571572285428
-0.10161711479072935,0.3040571572285428
-0.10097189870815901,0.3040571572285428
0.0917821668999104,0.3040571572285428
-0.08017151779240142,0.3040571572285428
0.026090603318829064,0.3040571572285428
-0.09454124962026919,0.3040571572285428
0.06150037287023625,0.3040571572285428
0.015043879963346949,0.3040571572285428
0.0480012129495076,0.3040571572285428
-0.13112146085841953,0.3040571572285428
0.052576380092015526,0.3040571572285428
-0.11574323770170533,0.3040571572285428
0.021654998138302683,0.3040571572285428
-0.06346944748687641,0.3040571572285428
-0.11795570717082897,0.3040571572285428
0.07889388683922467,0.3040571572285428
-0.09446789987971593,0.3040571572285428
0.09555044503217203,0.3040571572285428
-0.0480012129495076,0.3040571572285428
0.09159590249884958,0.3040571572285428
0.06936918073791203,0.3040571572285428
0.12337267059351556,0.3040571572285428
0.08548843614043314,0.3040571572285428
-0.028743140640388232,0.3040571572285428
0.11337803452410652,0.3040571572285428
-0.0787729499570616,0.3040571572285428
-0.07787938481708032,0.3040571572285428
-0.07220419997808095,0.3040571572285428
0.08354070391564601,0.3040571572285428
0.10814893033446012,0.3040571572285428
-0.08024465016295405,0.3040571572285428
0.08247897301562443,0.3040571572285428
-0.04355394387084565,0.3040571572285428
-0.028250420834116566,0.3040571572285428
-0.006611118174955735,0.3040571572285428
-0.08036558704511712,0.3040571572285428
0.09031903122131957,0.3040571572285428
0.10519260550523504,0.3040571572285428
-0.09486482440013738,0.3040571572285428
-0.08719694996862445,0.3040571572285428
-0.006611118174955735,0.3040571572285428
-0.08437645893297657,0.3040571572285428
0.021654998138302683,0.3040571572285428
-0.028743140640388232,0.3040571572285428
-0.06679989487252837,0.3040571572285428
0.08882123627613972,0.3040571572285428
0.03090295815567573,0.3040571572285428
-0.07331172694513476,0.3040571572285428
-0.056254257088696115,0.3040571572285428
-0.03600920038270007,0.3040571572285428
-0.10952223053835947,0.3040571572285428
-0.011141838218214316,0.3040571572285428
-0.09486482440013738,0.3040571572285428
0.062374573748659984,0.3040571572285428
0.09159590249884958,0.3040571572285428
-0.09875161349456366,0.3040571572285428
0.013165697241647534,0.3040571572285428
0.08834878752876568,0.3040571572285428
-0.09031903122131957,0.3040571572285428
0.10551533818429684,0.3040571572285428
0.09350307029461577,0.3040571572285428
0.08027052818679188,0.3040571572285428
-0.08719694996862445,0.3040571572285428
-0.03600920038270007,0.3040571572285428
-0.08601901710359372,0.3040571572285428
-0.09172042602118033,0.3040571572285428
-0.06679989487252837,0.3040571572285428
-0.03394449773014477,0.3040571572285428
-0.08961051530530464,0.3040571572285428
0.09702635447429293,0.3040571572285428
-0.07699918560701668,0.3040571572285428
-0.07511959070647478,0.3040571572285428
0.0634472654457933,0.3040571572285428
0.02421242059712965,0.3040571572285428
0.09873719889305074,0.3040571572285428
0.11848960367250894,0.3040571572285428
-0.0480012129495076,0.3040571572285428
-0.10447913669493754,0.3040571572285428
0.10334664143687958,0.3040571572285428
-0.028250420834116566,0.3040571572285428
0.07728475198911411,0.3040571572285428
-0.07331172694513476,0.3040571572285428
0.05529561585815225,0.3040571572285428
-0.09806790734631979,0.3040571572285428
-0.1021215084878712,0.3040571572285428
0.0591205867333332,0.3040571572285428
0.03600920038270007,0.3040571572285428
0.0866914591680763,0.3040571572285428
-0.059286901614331,0.3040571572285428
-0.07511959070647478,0.3040571572285428
0.09948380559772524,0.3040571572285428
-0.1004533380255308,0.3040571572285428
0.07899289723361513,0.3040571572285428
-0.08688789127803366,0.3040571572285428
-0.059286901614331,0.3040571572285428
-0.0930013734374331,0.3040571572285428
-0.11227076832651153,0.3040571572285428
-0.06807683707703044,0.3040571572285428
0.09350307029461577,0.3040571572285428
0.0960341343692713,0.3040571572285428
-0.013165697241647534,0.3040571572285428
0.07331172694513476,0.3040571572285428
-0.03394449773014477,0.3040571572285428
0.04045646946136201,0.3040571572285428
-0.0768933550565197,0.3040571572285428
0.09272080962779869,0.3040571572285428
-0.017696417284906115,0.3040571572285428
-0.030807843292943532,0.3040571572285428
0.04349800903583105,0.3040571572285428
0.07331172694513476,0.3040571572285428
0.0668905670897521,0.3040571572285428
0.07607974244319757,0.3040571572285428
0.00848930089665515,0.3040571572285428
-0.07312638851392125,0.3040571572285428
0.09969032466334135,0.3040571572285428
0.09398069366382725,0.3040571572285428
0.0979790486405859,0.3040571572285428
0.07879882798089943,0.3040571572285428
0.09697865761883451,0.3040571572285428
-0.07204902767904742,0.3040571572285428
-0.06964915705111202,0.3040571572285428
0.0709415007119936,0.3040571572285428
-0.05642057196969391,0.3040571572285428
-0.11046910080974535,0.3040571572285428
-0.08680707159820744,0.3040571572285428
0.08816129859315366,0.3040571572285428
-0.12383475341988395,0.3040571572285428
-0.07204902767904742,0.3040571572285428
0.05642057196969391,0.3040571572285428
0.09336206443303065,0.3040571572285428
-0.07887196035145208,0.3040571572285428
0.09969032466334135,0.3040571572285428
-0.08442670524041154,0.3040571572285428
0.028743140640388232,0.3040571572285428
-0.04045646946136201,0.3040571572285428
0.10519260550523504,0.3040571572285428
0.06936918073791203,0.3040571572285428
0.08863022772660831,0.3040571572285428
0.10551533818429684,0.3040571572285428
0.07590077952214794,0.3040571572285428
0.006611118174955735,0.3040571572285428
-0.120283721533203,0.3040571572285428
-0.10076474130806803,0.3040571572285428
0.06936918073791203,0.3040571572285428
0.021654998138302683,0.3040571572285428
-0.09540505581885125,0.3040571572285428
0.07511959070647478,0.3040571572285428
-0.07691923308035753,0.3040571572285428
-0.07632460025239132,0.3040571572285428
-0.07899289723361513,0.3040571572285428
-0.00848930089665515,0.3040571572285428
-0.1021215084878712,0.3040571572285428
-0.07778037442268984,0.3040571572285428
0.10952223053835947,0.3040571572285428
-0.05529561585815225,0.3040571572285428
-0.08437645893297657,0.3040571572285428
-0.07408654025064404,0.3040571572285428
0.0668905670897521,0.3040571572285428
0.1012691350052099,0.3040571572285428
-0.05235413037600313,0.3040571572285428
-0.09374452619056045,0.3040571572285428
-0.10027497426993484,0.3040571572285428
0.06058093580115621,0.3040571572285428
-0.10411684481354672,0.3040571572285428
0.09245528024388282,0.3040571572285428
0.06964915705111202,0.3040571572285428
-0.04355394387084565,0.3040571572285428
0.08036558704511712,0.3040571572285428
0.059286901614331,0.3040571572285428
0.06551498247384174,0.3040571572285428
0.08601901710359372,0.3040571572285428
0.07709819600140716,0.3040571572285428
0.08765580779260551,0.3040571572285428
-0.055804341406969396,0.3040571572285428
-0.12450635826083783,0.3040571572285428
0.06973982926833577,0.3040571572285428
-0.0855839105905224,0.3040571572285428
-0.07887196035145208,0.3040571572285428
-0.03090295815567573,0.3040571572285428
-0.011046723355482117,0.3040571572285428
0.03600920038270007,0.3040571572285428
0.059286901614331,0.3040571572285428
0.017601302422173917,0.3040571572285428
0.07778037442268984,0.3040571572285428
-0.08442670524041154,0.3040571572285428
-0.05642057196969391,0.3040571572285428
0.12413626583063167,0.3040571572285428
-0.10334664143687958,0.3040571572285428
0.07204902767904742,0.3040571572285428
-0.06679192467834383,0.3040571572285428
0.08036558704511712,0.3040571572285428
-0.0855839105905224,0.3040571572285428
0.0480012129495076,0.3040571572285428
0.07728475198911411,0.3040571572285428
-0.09031903122131957,0.3040571572285428
0.09272080962779869,0.3040571572285428
0.07408654025064404,0.3040571572285428
-0.04390668049232828,0.3040571572285428
-0.013165697241647534,0.3040571572285428
-0.07728475198911411,0.3040571572285428
-0.03394449773014477,0.3040571572285428
-0.03384938286741257,0.3040571572285428
0.07887196035145208,0.3040571572285428
0.026090603318829064,0.3040571572285428
-0.1004533380255308,0.3040571572285428
0.013165697241647534,0.3040571572285428
-0.08933874364262322,0.3040571572285428
-0.059286901614331,0.3040571572285428
-0.013165697241647534,0.3040571572285428
-0.011046723355482117,0.3040571572285428
0.030807843292943532,0.3040571572285428
-0.0480012129495076,0.3040571572285428
0.03090295815567573,0.3040571572285428
-0.07632460025239132,0.3040571572285428
0.09190669042224114,0.3040571572285428
-0.08680707159820744,0.3040571572285428
-0.0709415007119936,0.3040571572285428
-0.09105388544402204,0.3040571572285428
0.03918944051821381,0.3040571572285428
-0.05529561585815225,0.3040571572285428
0.0979790486405859,0.3040571572285428
0.06125597623097116,0.3040571572285428
0.07047670770496584,0.3040571572285428
-0.11415402318416659,0.3040571572285428
0.08793724799044814,0.3040571572285428
-0.0591205867333332,0.3040571572285428
-0.10667842396495573,0.3040571572285428
-0.09791614808415527,0.3040571572285428
-0.03600920038270007,0.3040571572285428
0.05529561585815225,0.3040571572285428
-0.0917821668999104,0.3040571572285428
-0.04355394387084565,0.3040571572285428
0.04349800903583105,0.3040571572285428
-0.09913624869974919,0.3040571572285428
-0.07204902767904742,0.3040571572285428
0.09074013844248399,0.3040571572285428
-0.07827732752348587,0.3040571572285428
-0.07691923308035753,0.3040571572285428
-0.08231331926990423,0.3040571572285428
0.11741727855619292,0.3040571572285428
0.0859737889609394,0.3040571572285428
0.08747951366269002,0.3040571572285428
-0.026090603318829064,0.3040571572285428
-0.0855839105905224,0.3040571572285428
0.08027052818679188,0.3040571572285428
-0.09610617384203883,0.3040571572285428
-0.11807473835599804,0.3040571572285428
0.0859737889609394,0.3040571572285428
-0.10952223053835947,0.3040571572285428
0.051845404827185984,0.3040571572285428
0.09789180546684617,0.3040571572285428
-0.056929297518511064,0.3040571572285428
-0.08247897301562443,0.3040571572285428
-0.07511959070647478,0.3040571572285428
0.08747951366269002,0.3040571572285428
0.07220419997808095,0.3040571572285428
-0.051451423980473865,0.3040571572285428
0.05241006521101774,0.3040571572285428
-0.08861903292091178,0.3040571572285428
-0.05241006521101774,0.3040571572285428
0.006611118174955735,0.3040571572285428
0.07590077952214794,0.3040571572285428
-0.1271662781859812,0.3040571572285428
0.07607974244319757,0.3040571572285428
0.05241006521101774,0.3040571572285428
-0.05190133966220058,0.3040571572285428
-0.03384938286741257,0.3040571572285428
0.07257484850850468,0.3040571572285428
0.09702635447429293,0.3040571572285428
0.08765468429638257,0.3040571572285428
0.09374452619056045,0.3040571572285428
-0.08553366428308742,0.3040571572285428
0.06927850852068829,0.3040571572285428
-0.08247897301562443,0.3040571572285428
0.0954784055594045,0.3040571572285428
0.0591205867333332,0.3040571572285428
0.07682022268596707,0.3040571572285428
-0.09658753217144489,0.3040571572285428
0.11379095262233556,0.3040571572285428
0.07331172694513476,0.3040571572285428
-0.12262596923842983,0.3040571572285428
-0.08765580779260551,0.3040571572285428
-0.07038603548774208,0.3040571572285428
0.09454124962026919,0.3040571572285428
0.04349800903583105,0.3040571572285428
-0.06356808989828469,0.3040571572285428
-0.08863022772660831,0.3040571572285428
-0.0480012129495076,0.3040571572285428
-0.09705069709160204,0.3040571572285428
0.06356808989828469,0.3040571572285428
0.08027052818679188,0.3040571572285428
0.0480012129495076,0.3040571572285428
-0.035739229487247545,0.3040571572285428
-0.0559706562879672,0.3040571572285428
-0.056254257088696115,0.3040571572285428
0.06551498247384174,0.3040571572285428
0.09204769628382625,0.3040571572285428
-0.10076474130806803,0.3040571572285428
-0.03090295815567573,0.3040571572285428
0.08601901710359372,0.3040571572285428
0.08689908608373019,0.3040571572285428
-0.11640333625264879,0.3040571572285428
0.06679989487252837,0.3040571572285428
0.09948380559772524,0.3040571572285428
-0.09398069366382725,0.3040571572285428
0.06936918073791203,0.3040571572285428
0.0960341343692713,0.3040571572285428
-0.05529561585815225,0.3040571572285428
0.06473217784447992,0.3040571572285428
-0.06807683707703044,0.3040571572285428
0.013165697241647534,0.3040571572285428
0.06936918073791203,0.3040571572285428
0.09446789987971593,0.3040571572285428
0.02421242059712965,0.3040571572285428
0.08108040518028461,0.3040571572285428
0.07707231797756933,0.3040571572285428
-0.09374452619056045,0.3040571572285428
-0.06346944748687641,0.3040571572285428
0.09862581001192144,0.3040571572285428
-0.06807683707703044,0.3040571572285428
0.059286901614331,0.3040571572285428
-0.08988076069745074,0.3040571572285428
-0.03384938286741257,0.3040571572285428
-0.05529561585815225,0.3040571572285428
0.07626868268055051,0.3040571572285428
0.09104731267720789,0.3040571572285428
-0.07820419515293323,0.3040571572285428
0.10411684481354672,0.3040571572285428
0.0480012129495076,0.3040571572285428
0.026185718181561263,0.3040571572285428
0.06679989487252837,0.3040571572285428
0.07889388683922467,0.3040571572285428
0.11379095262233556,0.3040571572285428
0.11541168038047189,0.3040571572285428
0.06125597623097116,0.3040571572285428
-0.09641589602472525,0.3040571572285428
0.06936918073791203,0.3040571572285428
-0.08354070391564601,0.3040571572285428
-0.06639517003578524,0.3040571572285428
-0.09702635447429293,0.3040571572285428
-0.07632460025239132,0.3040571572285428
-0.04349800903583105,0.3040571572285428
-0.08765580779260551,0.3040571572285428
0.08747951366269002,0.3040571572285428
0.03394449773014477,0.3040571572285428
-0.08027052818679188,0.3040571572285428
0.08959932049960811,0.3040571572285428
-0.08359095022308097,0.3040571572285428
0.09446789987971593,0.3040571572285428
0.07047670770496584,0.3040571572285428
-0.017601302422173917,0.3040571572285428
0.10741328300345951,0.3040571572285428
-0.006611118174955735,0.3040571572285428
0.08680707159820744,0.3040571572285428
0.09259628610546794,0.3040571572285428
0.10694145411984801,0.3040571572285428
-0.06807683707703044,0.3040571572285428
0.08959932049960811,0.3040571572285428
0.07607974244319757,0.3040571572285428
0.12302195662379786,0.3040571572285428
0.06799359612200166,0.3040571572285428
0.06356808989828469,0.3040571572285428
0.028743140640388232,0.3040571572285428
0.10519260550523504,0.3040571572285428
-0.10519260550523504,0.3040571572285428
-0.12364212073102199,0.3040571572285428
-0.09190669042224114,0.3040571572285428
-0.09375898895345211,0.3040571572285428
0.05190133966220058,0.3040571572285428
-0.06494075925759317,0.3040571572285428
0.07511959070647478,0.3040571572285428
0.09791433564224157,0.3040571572285428
-0.1218079356886258,0.3040571572285428
-0.013165697241647534,0.3040571572285428
-0.055804341406969396,0.3040571572285428
0.09259628610546794,0.3040571572285428
-0.059286901614331,0.3040571572285428
-0.0866914591680763,0.3040571572285428
0.09259628610546794,0.3040571572285428
0.05190133966220058,0.3040571572285428
0.08442670524041154,0.3040571572285428
-0.11577475094230293,0.3040571572285428
-0.06679989487252837,0.3040571572285428
0.06964915705111202,0.3040571572285428
0.056254257088696115,0.3040571572285428
-0.11860595423495054,0.3040571572285428
-0.0206953495239006,0.3040571572285428
-0.08630158079765929,0.3040571572285428
-0.0743890877800086,0.3040571572285428
0.07167837914862367,0.3040571572285428
-0.10545563566012732,0.3040571572285428
0.08442670524041154,0.3040571572285428
0.019761119937461415,0.3040571572285428
0.11795570717082897,0.3040571572285428
-0.09446789987971593,0.3040571572285428
-0.08863022772660831,0.3040571572285428
-0.05529561585815225,0.3040571572285428
-0.07146339632261593,0.3040571572285428
-0.09319843299701017,0.3040571572285428
0.08442670524041154,0.3040571572285428
0.09702635447429293,0.3040571572285428
0.11807473835599804,0.3040571572285428
0.1021215084878712,0.3040571572285428
0.0855839105905224,0.3040571572285428
0.038447701643821316,0.3040571572285428
0.055804341406969396,0.3040571572285428
-0.09104731267720789,0.3040571572285428
0.0960341343692713,0.3040571572285428
0.07204902767904742,0.3040571572285428
0.06125597623097116,0.3040571572285428
0.11038814788424312,0.3040571572285428
0.09873719889305074,0.3040571572285428
0.06356808989828469,0.3040571572285428
0.08959932049960811,0.3040571572285428
-0.07155406853983967,0.3040571572285428
0.08027052818679188,0.3040571572285428
0.04503163660386995,0.3040571572285428
0.06807683707703044,0.3040571572285428
0.07257484850850468,0.3040571572285428
-0.09398069366382725,0.3040571572285428
0.07331172694513476,0.3040571572285428
-0.07899289723361513,0.3040571572285428
-0.09894371795866687,0.3040571572285428
-0.06936918073791203,0.3040571572285428
0.0709415007119936,0.3040571572285428
0.06346944748687641,0.3040571572285428
-0.09454124962026919,0.3040571572285428
0.10621144286572076,0.3040571572285428
-0.03090295815567573,0.3040571572285428
-0.05529561585815225,0.3040571572285428
-0.021654998138302683,0.3040571572285428
0.07607974244319757,0.3040571572285428
-0.07511959070647478,0.3040571572285428
-0.07251422027656246,0.3040571572285428
0.09105388544402204,0.3040571572285428
-0.10111318076710979,0.3040571572285428
0.05642057196969391,0.3040571572285428
0.09259628610546794,0.3040571572285428
-0.08442670524041154,0.3040571572285428
0.0480012129495076,0.3040571572285428
0.10128330199069624,0.3040571572285428
-0.09186143188276544,0.3040571572285428
0.03600920038270007,0.3040571572285428
0.07524723941751749,0.3040571572285428
0.017601302422173917,0.3040571572285428
0.08548843614043314,0.3040571572285428
0.06354590785720159,0.3040571572285428
-0.08247897301562443,0.3040571572285428
-0.06807683707703044,0.3040571572285428
0.09549390295055746,0.3040571572285428
-0.07091185631719937,0.3040571572285428
-0.10076474130806803,0.3040571572285428
0.08036558704511712,0.3040571572285428
-0.08693813758546862,0.3040571572285428
0.09374452619056045,0.3040571572285428
-0.09031903122131957,0.3040571572285428
-0.0859737889609394,0.3040571572285428
0.13416549558752866,0.3040571572285428
0.059286901614331,0.3040571572285428
-0.09540505581885125,0.3040571572285428
0.05529561585815225,0.3040571572285428
0.059286901614331,0.3040571572285428
-0.07331172694513476,0.3040571572285428
-0.07887196035145208,0.3040571572285428
0.07331172694513476,0.3040571572285428
0.11815545071976974,0.3040571572285428
-0.12708846294806675,0.3040571572285428
-0.07275573998349752,0.3040571572285428
-0.10763755880127193,0.3040571572285428
-0.0480012129495076,0.3040571572285428
-0.08442670524041154,0.3040571572285428
-0.09702635447429293,0.3040571572285428
-0.08933874364262322,0.3040571572285428
0.1004533380255308,0.3040571572285428
-0.1218079356886258,0.3040571572285428
0.0954784055594045,0.3040571572285428
-0.028743140640388232,0.3040571572285428
-0.09159590249884958,0.3040571572285428
0.056929297518511064,0.3040571572285428
0.02421242059712965,0.3040571572285428
0.056929297518511064,0.3040571572285428
0.0787729499570616,0.3040571572285428
0.03090295815567573,0.3040571572285428
-0.026090603318829064,0.3040571572285428
0.10077936796707669,0.3040571572285428
0.09702816691620664,0.3040571572285428
-0.08442670524041154,0.3040571572285428
-0.12462137568113714,0.3040571572285428
0.09159590249884958,0.3040571572285428
-0.07827732752348587,0.3040571572285428
-0.07047670770496584,0.3040571572285428
-0.09272080962779869,0.3040571572285428
0.12265438294802253,0.3040571572285428
-0.026185718181561263,0.3040571572285428
-0.09702816691620664,0.3040571572285428
-0.12247400173939278,0.3040571572285428
0.10519260550523504,0.3040571572285428
0.11065423862586504,0.3040571572285428
-0.12214657928219694,0.3040571572285428
-0.09789180546684617,0.3040571572285428
-0.06670125246112008,0.3040571572285428
0.017601302422173917,0.3040571572285428
0.05241006521101774,0.3040571572285428
0.09061561492015324,0.3040571572285428
-0.017696417284906115,0.3040571572285428
-0.12795601658200653,0.3040571572285428
-0.07820419515293323,0.3040571572285428
0.09423173240644914,0.3040571572285428
-0.05816194550278933,0.3040571572285428
0.10551533818429684,0.3040571572285428
-0.06354590785720159,0.3040571572285428
-0.07607974244319757,0.3040571572285428
-0.07899289723361513,0.3040571572285428
0.051395489145459265,0.3040571572285428
-0.06670125246112008,0.3040571572285428
0.0930013734374331,0.3040571572285428
-0.024307535459861848,0.3040571572285428
-0.09948380559772524,0.3040571572285428
-0.08354070391564601,0.3040571572285428
0.12229854678123399,0.3040571572285428
-0.06936918073791203,0.3040571572285428
-0.09326690282134897,0.3040571572285428
0.11412250994356901,0.3040571572285428
0.02421242059712965,0.3040571572285428
-0.05529561585815225,0.3040571572285428
0.10590917556937465,0.3040571572285428
-0.056254257088696115,0.3040571572285428
0.06058093580115621,0.3040571572285428
-0.07511959070647478,0.3040571572285428
0.08863022772660831,0.3040571572285428
0.08120134206244768,0.3040571572285428
-0.051451423980473865,0.3040571572285428
-0.05190133966220058,0.3040571572285428
0.013165697241647534,0.3040571572285428
0.09975705192178147,0.3040571572285428
-0.1034602993344518,0.3040571572285428
-0.08770307644983436,0.3040571572285428
0.006611118174955735,0.3040571572285428
0.06150037287023625,0.3040571572285428
-0.02421242059712965,0.3040571572285428
0.08719694996862445,0.3040571572285428
-0.02637223811241715,0.3040571572285428
-0.051451423980473865,0.3040571572285428
0.021654998138302683,0.3040571572285428
-0.04051240429637662,0.3040571572285428
0.09104731267720789,0.3040571572285428
0.11227076832651153,0.3040571572285428
0.0743890877800086,0.3040571572285428
0.06936918073791203,0.3040571572285428
-0.08027052818679188,0.3040571572285428
-0.09549390295055746,0.3040571572285428
0.09446789987971593,0.3040571572285428
0.08036558704511712,0.3040571572285428
0.06973982926833577,0.3040571572285428
-0.051451423980473865,0.3040571572285428
-0.0960341343692713,0.3040571572285428
0.09969032466334135,0.3040571572285428
0.026185718181561263,0.3040571572285428
0.06679989487252837,0.3040571572285428
0.12237587820112389,0.3040571572285428
-0.056929297518511064,0.3040571572285428
-0.028250420834116566,0.3040571572285428
-0.03600920038270007,0.3040571572285428
-0.05241006521101774,0.3040571572285428
-0.09988285540442368,0.3040571572285428
0.03090295815567573,0.3040571572285428
0.08747951366269002,0.3040571572285428
0.11741995917892038,0.3040571572285428
-0.061089661349973366,0.3040571572285428
0.044356596174055,0.3040571572285428
-0.10884449780058157,0.3040571572285428
0.0866914591680763,0.3040571572285428
0.1037941121344849,0.3040571572285428
-0.09245278361579143,0.3040571572285428
-0.06022966253083778,0.3040571572285428
-0.0480012129495076,0.3040571572285428
-0.08844273879099629,0.3040571572285428
0.07456805070105821,0.3040571572285428
0.08834878752876568,0.3040571572285428
-0.00848930089665515,0.3040571572285428
0.09105388544402204,0.3040571572285428
0.0960341343692713,0.3040571572285428
0.09333943885859528,0.3040571572285428
0.08223761053039547,0.3040571572285428
-0.08933874364262322,0.3040571572285428
0.06807683707703044,0.3040571572285428
0.11559284670299502,0.3040571572285428
0.07879882798089943,0.3040571572285428
0.0979790486405859,0.3040571572285428
0.08630158079765929,0.3040571572285428
0.11947538921329569,0.3040571572285428
-0.08863022772660831,0.3040571572285428
0.06475435988556302,0.3040571572285428
0.12778110174517,0.3040571572285428
0.0312919604085856,0.3040571572285428
0.08933874364262322,0.3040571572285428
-0.09104731267720789,0.3040571572285428
-0.0787729499570616,0.3040571572285428
-0.11389149608464788,0.3040571572285428
-0.07220419997808095,0.3040571572285428
0.09446789987971593,0.3040571572285428
-0.006611118174955735,0.3040571572285428
-0.07827732752348587,0.3040571572285428
-0.09486482440013738,0.3040571572285428
0.08747951366269002,0.3040571572285428
-0.07650356317344095,0.3040571572285428
0.09508148103898303,0.3040571572285428
-0.07167837914862367,0.3040571572285428
-0.11678869324584706,0.3040571572285428
-0.0789670192097773,0.3040571572285428
-0.06475435988556302,0.3040571572285428
-0.06670125246112008,0.3040571572285428
-0.0859737889609394,0.3040571572285428
0.035739229487247545,0.3040571572285428
0.09446789987971593,0.3040571572285428
-0.10076474130806803,0.3040571572285428
-0.0849904053606815,0.3040571572285428
0.10161711479072935,0.3040571572285428
0.0943776181842487,0.3040571572285428
0.08765580779260551,0.3040571572285428
0.056254257088696115,0.3040571572285428
-0.07879882798089943,0.3040571572285428
0.09609067645088587,0.3040571572285428
-0.03600920038270007,0.3040571572285428
-0.07331172694513476,0.3040571572285428
0.09709106747263727,0.3040571572285428
0.11183293668145217,0.3040571572285428
0.09702635447429293,0.3040571572285428
0.06823159134837226,0.3040571572285428
0.09948380559772524,0.3040571572285428
0.04349800903583105,0.3040571572285428
0.07511959070647478,0.3040571572285428
-0.09362610702819353,0.3040571572285428
-0.09881451405099428,0.3040571572285428
0.07707231797756933,0.3040571572285428
0.08620610634757002,0.3040571572285428
0.09864834018731686,0.3040571572285428
-0.09272080962779869,0.3040571572285428
0.03394449773014477,0.3040571572285428
-0.11032221671782068,0.3040571572285428
-0.051451423980473865,0.3040571572285428
-0.03839176680880672,0.3040571572285428
-0.08051165037615624,0.3040571572285428
0.10918120888493349,0.3040571572285428
0.09159590249884958,0.3040571572285428
-0.09791614808415527,0.3040571572285428
-0.0954784055594045,0.3040571572285428
0.0917821668999104,0.3040571572285428
-0.07827732752348587,0.3040571572285428
0.0668905670897521,0.3040571572285428
0.059286901614331,0.3040571572285428
-0.05816194550278933,0.3040571572285428
0.03600920038270007,0.3040571572285428
-0.03600920038270007,0.3040571572285428
-0.05861186118451605,0.3040571572285428
-0.09312589695976385,0.3040571572285428
-0.04349800903583105,0.3040571572285428
0.06551498247384174,0.3040571572285428
-0.028743140640388232,0.3040571572285428
-0.056254257088696115,0.3040571572285428
0.09868871056835207,0.3040571572285428
-0.06246524596588373,0.3040571572285428
0.08719694996862445,0.3040571572285428
0.09389999481503722,0.3040571572285428
-0.03600920038270007,0.3040571572285428
-0.07899289723361513,0.3040571572285428
0.0866914591680763,0.3040571572285428
0.03600920038270007,0.3040571572285428
-0.04739813574852403,0.3040571572285428
0.0954784055594045,0.3040571572285428
0.07607974244319757,0.3040571572285428
0.10741328300345951,0.3040571572285428
0.08247897301562443,0.3040571572285428
-0.0787729499570616,0.3040571572285428
0.08548843614043314,0.3040571572285428
-0.09610617384203883,0.3040571572285428
-0.0866914591680763,0.3040571572285428
-0.0787729499570616,0.3040571572285428
-0.10076474130806803,0.3040571572285428
-0.11526128938176157,0.3040571572285428
-0.0668905670897521,0.3040571572285428
-0.07827732752348587,0.3040571572285428
0.09802753696528457,0.3040571572285428
0.06150037287023625,0.3040571572285428
-0.051845404827185984,0.3040571572285428
-0.00848930089665515,0.3040571572285428
0.09800500678988916,0.3040571572285428
0.0855839105905224,0.3040571572285428
-0.06919976550046375,0.3040571572285428
-0.0866914591680763,0.3040571572285428
0.09312589695976385,0.3040571572285428
-0.026090603318829064,0.3040571572285428
-0.0789670192097773,0.3040571572285428
0.06551498247384174,0.3040571572285428
-0.09374452619056045,0.3040571572285428
0.07785350679324249,0.3040571572285428
0.0954784055594045,0.3040571572285428
0.07386326695055132,0.3040571572285428
-0.08737324409853994,0.3040571572285428
0.12708846294806675,0.3040571572285428
-0.07204902767904742,0.3040571572285428
-0.07887196035145208,0.3040571572285428
0.07204902767904742,0.3040571572285428
-0.09375898895345211,0.3040571572285428
-0.0559706562879672,0.3040571572285428
-0.10019425868696091,0.3040571572285428
-0.0709415007119936,0.3040571572285428
0.09204769628382625,0.3040571572285428
-0.08766700259830204,0.3040571572285428
0.07257484850850468,0.3040571572285428
0.08548843614043314,0.3040571572285428
-0.07889388683922467,0.3040571572285428
0.07590077952214794,0.3040571572285428
-0.09791433564224157,0.3040571572285428
0.0866914591680763,0.3040571572285428
0.0591205867333332,0.3040571572285428
0.10026080728444849,0.3040571572285428
-0.06150037287023625,0.3040571572285428
0.05529561585815225,0.3040571572285428
-0.09350307029461577,0.3040571572285428
-0.095096978430136,0.3040571572285428
0.06973982926833577,0.3040571572285428
0.06356808989828469,0.3040571572285428
0.09117840896635279,0.3040571572285428
-0.06679192467834383,0.3040571572285428
0.09326690282134897,0.3040571572285428
-0.04349800903583105,0.3040571572285428
-0.06936918073791203,0.3040571572285428
-0.07820419515293323,0.3040571572285428
0.09326690282134897,0.3040571572285428
-0.0787729499570616,0.3040571572285428
0.09540505581885125,0.3040571572285428
0.11522977614116398,0.3040571572285428
0.120283721533203,0.3040571572285428
-0.1256451057214421,0.3040571572285428
0.06150037287023625,0.3040571572285428
-0.03394449773014477,0.3040571572285428
0.028743140640388232,0.3040571572285428
-0.09609067645088587,0.3040571572285428
0.011141838218214316,0.3040571572285428
0.0789670192097773,0.3040571572285428
-0.07386326695055132,0.3040571572285428
0.059286901614331,0.3040571572285428
-0.0591205867333332,0.3040571572285428
0.056254257088696115,0.3040571572285428
0.08988076069745074,0.3040571572285428
0.0709415007119936,0.3040571572285428
-0.07879882798089943,0.3040571572285428
-0.08036558704511712,0.3040571572285428
0.06964915705111202,0.3040571572285428
-0.11577475094230293,0.3040571572285428
-0.06973982926833577,0.3040571572285428
0.09312589695976385,0.3040571572285428
0.03394449773014477,0.3040571572285428
-0.07887196035145208,0.3040571572285428
0.006611118174955735,0.3040571572285428
-0.0855839105905224,0.3040571572285428
0.09319843299701017,0.3040571572285428
0.006611118174955735,0.3040571572285428
0.0866914591680763,0.3040571572285428
-0.03600920038270007,0.3040571572285428
0.03600920038270007,0.3040571572285428
0.09272080962779869,0.3040571572285428
0.05529561585815225,0.3040571572285428
0.10128330199069624,0.3040571572285428
0.0855839105905224,0.3040571572285428
-0.09031903122131957,0.3040571572285428
-0.09609067645088587,0.3040571572285428
-0.06807683707703044,0.3040571572285428
0.06150037287023625,0.3040571572285428
-0.10027497426993484,0.3040571572285428
0.14283631586462847,0.3040571572285428
0.08834878752876568,0.3040571572285428
-0.059142768774416314,0.3040571572285428
0.1047451348076297,0.3040571572285428
-0.013165697241647534,0.3040571572285428
-0.08437645893297657,0.3040571572285428
0.051451423980473865,0.3040571572285428
-0.021654998138302683,0.3040571572285428
-0.059142768774416314,0.3040571572285428
-0.11132395479044321,0.3040571572285428
0.07887196035145208,0.3040571572285428
-0.09969032466334135,0.3040571572285428
-0.09319843299701017,0.3040571572285428
0.07797444367540554,0.3040571572285428
-0.056254257088696115,0.3040571572285428
-0.11522977614116398,0.3040571572285428
-0.09190669042224114,0.3040571572285428
-0.09996357098739761,0.3040571572285428
0.09326690282134897,0.3040571572285428
0.09398069366382725,0.3040571572285428
-0.09873719889305074,0.3040571572285428
0.04349800903583105,0.3040571572285428
-0.06679989487252837,0.3040571572285428
0.12364193543864921,0.3040571572285428
-0.09423173240644914,0.3040571572285428
-0.07386326695055132,0.3040571572285428
-0.02637223811241715,0.3040571572285428
0.051451423980473865,0.3040571572285428
0.03839176680880672,0.3040571572285428
-0.059286901614331,0.3040571572285428
-0.08442670524041154,0.3040571572285428
-0.09886300237569295,0.3040571572285428
-0.07404222987160095,0.3040571572285428
-0.10952223053835947,0.3040571572285428
0.06604670354644461,0.3040571572285428
-0.09486482440013738,0.3040571572285428
-0.08737324409853994,0.3040571572285428
-0.07887196035145208,0.3040571572285428
-0.06927850852068829,0.3040571572285428
-0.10300144117599314,0.3040571572285428
-0.10741328300345951,0.3040571572285428
0.05642057196969391,0.3040571572285428
-0.08437645893297657,0.3040571572285428
0.09326690282134897,0.3040571572285428
-0.09104731267720789,0.3040571572285428
-0.05529561585815225,0.3040571572285428
0.0917821668999104,0.3040571572285428
0.0943776181842487,0.3040571572285428
-0.0787729499570616,0.3040571572285428
0.006611118174955735,0.3040571572285428
0.13031053402252263,0.3040571572285428
0.12795601658200653,0.3040571572285428
-0.07887196035145208,0.3040571572285428
-0.09398069366382725,0.3040571572285428
0.07887196035145208,0.3040571572285428
-0.0954784055594045,0.3040571572285428
0.10728247577327399,0.3040571572285428
-0.026185718181561263,0.3040571572285428
-0.07699918560701668,0.3040571572285428
-0.12275250648629142,0.3040571572285428
-0.011046723355482117,0.3040571572285428
0.08747951366269002,0.3040571572285428
-0.021654998138302683,0.3040571572285428
0.04349800903583105,0.3040571572285428
0.10468543228346017,0.3040571572285428
-0.0917821668999104,0.3040571572285428
-0.04390668049232828,0.3040571572285428
-0.08933874364262322,0.3040571572285428
-0.07534923951673138,0.3040571572285428
0.06346944748687641,0.3040571572285428
0.06475435988556302,0.3040571572285428
-0.05190133966220058,0.3040571572285428
0.12017186161159332,0.3040571572285428
-0.021654998138302683,0.3040571572285428
-0.006611118174955735,0.3040571572285428
0.07887196035145208,0.3040571572285428
-0.1021215084878712,0.3040571572285428
0.06807683707703044,0.3040571572285428
0.0917821668999104,0.3040571572285428
-0.09245528024388282,0.3040571572285428
0.09312589695976385,0.3040571572285428
-0.05190133966220058,0.3040571572285428
0.09873719889305074,0.3040571572285428
-0.12440553067576532,0.3040571572285428
-0.09430426844369545,0.3040571572285428
-0.1346375638437556,0.3040571572285428
-0.08226307296246926,0.3040571572285428
0.06936918073791203,0.3040571572285428
-0.10827920034934317,0.3040571572285428
0.11118813406370434,0.3040571572285428
0.0881724933988502,0.3040571572285428
0.08036558704511712,0.3040571572285428
0.061089661349973366,0.3040571572285428
0.10647447302061305,0.3040571572285428
0.07331172694513476,0.3040571572285428
-0.07590077952214794,0.3040571572285428
0.08625635265500498,0.3040571572285428
0.10844556155393288,0.3040571572285428
0.10301282863684647,0.3040571572285428
-0.07899289723361513,0.3040571572285428
0.0954784055594045,0.3040571572285428
-0.08630158079765929,0.3040571572285428
0.07607974244319757,0.3040571572285428
0.0979790486405859,0.3040571572285428
-0.056254257088696115,0.3040571572285428
0.08816129859315366,0.3040571572285428
-0.0979790486405859,0.3040571572285428
-0.07091185631719937,0.3040571572285428
-0.09245528024388282,0.3040571572285428
-0.07220419997808095,0.3040571572285428
0.0866914591680763,0.3040571572285428
0.10027497426993484,0.3040571572285428
-0.03600920038270007,0.3040571572285428
0.03384938286741257,0.3040571572285428
-0.09702816691620664,0.3040571572285428
0.08442670524041154,0.3040571572285428
-0.06910112308905547,0.3040571572285428
-0.07204902767904742,0.3040571572285428
-0.06346944748687641,0.3040571572285428
0.07534923951673138,0.3040571572285428
0.08625635265500498,0.3040571572285428
0.0954205532100042,0.3040571572285428
0.07312638851392125,0.3040571572285428
0.09934462629106619,0.3040571572285428
-0.09702635447429293,0.3040571572285428
-0.09696981239267836,0.3040571572285428
0.08837551851431695,0.3040571572285428
0.05529561585815225,0.3040571572285428
-0.05930908365541411,0.3040571572285428
-0.10161711479072935,0.3040571572285428
0.03090295815567573,0.3040571572285428
-0.11574323770170533,0.3040571572285428
-0.07699918560701668,0.3040571572285428
-0.08863022772660831,0.3040571572285428
0.0954784055594045,0.3040571572285428
0.09540505581885125,0.3040571572285428
-0.055804341406969396,0.3040571572285428
0.056929297518511064,0.3040571572285428
0.07511959070647478,0.3040571572285428
0.0979790486405859,0.3040571572285428
0.09486482440013738,0.3040571572285428
0.07456805070105821,0.3040571572285428
0.0743890877800086,0.3040571572285428
-0.08592354265350445,0.3040571572285428
0.055804341406969396,0.3040571572285428
-0.021654998138302683,0.3040571572285428
0.06346944748687641,0.3040571572285428
0.07204902767904742,0.3040571572285428
-0.05642057196969391,0.3040571572285428
0.0979790486405859,0.3040571572285428
-0.07827732752348587,0.3040571572285428
-0.04349800903583105,0.3040571572285428
-0.11522977614116398,0.3040571572285428
-0.0480012129495076,0.3040571572285428
0.08359095022308097,0.3040571572285428
0.09398069366382725,0.3040571572285428
-0.10519260550523504,0.3040571572285428
-0.026185718181561263,0.3040571572285428
-0.09610617384203883,0.3040571572285428
-0.0743890877800086,0.3040571572285428
0.09272080962779869,0.3040571572285428
-0.06346944748687641,0.3040571572285428
-0.07456805070105821,0.3040571572285428
-0.051451423980473865,0.3040571572285428
-0.07607974244319757,0.3040571572285428
-0.06936918073791203,0.3040571572285428
0.06641735207686836,0.3040571572285428
-0.07456805070105821,0.3040571572285428
-0.12595029255790247,0.3040571572285428
0.09105388544402204,0.3040571572285428
-0.0859737889609394,0.3040571572285428
-0.09894371795866687,0.3040571572285428
0.07220419997808095,0.3040571572285428
-0.08863022772660831,0.3040571572285428
0.07820419515293323,0.3040571572285428
-0.07204902767904742,0.3040571572285428
0.056779451499871514,0.3040571572285428
-0.0855839105905224,0.3040571572285428
0.03090295815567573,0.3040571572285428
0.10019425868696091,0.3040571572285428
-0.00848930089665515,0.3040571572285428
0.08235854741255853,0.3040571572285428
0.06679192467834383,0.3040571572285428
0.11160105216193338,0.3040571572285428
0.08933874364262322,0.3040571572285428
0.1263018827987008,0.3040571572285428
-0.00848930089665515,0.3040571572285428
-0.08834878752876568,0.3040571572285428
0.10097189870815901,0.3040571572285428
-0.06551498247384174,0.3040571572285428
0.05816194550278933,0.3040571572285428
0.07511959070647478,0.3040571572285428
0.05529561585815225,0.3040571572285428
-0.08027052818679188,0.3040571572285428
-0.0866914591680763,0.3040571572285428
0.05190133966220058,0.3040571572285428
0.07607974244319757,0.3040571572285428
0.03600920038270007,0.3040571572285428
0.07607974244319757,0.3040571572285428
0.09864834018731686,0.3040571572285428
-0.05816194550278933,0.3040571572285428
0.07167837914862367,0.3040571572285428
0.08359095022308097,0.3040571572285428
0.06973982926833577,0.3040571572285428
-0.10660528025079857,0.3040571572285428
-0.08036558704511712,0.3040571572285428
0.08247897301562443,0.3040571572285428
0.07456805070105821,0.3040571572285428
-0.07607974244319757,0.3040571572285428
-0.06936918073791203,0.3040571572285428
0.051395489145459265,0.3040571572285428
-0.09540505581885125,0.3040571572285428
-0.06356808989828469,0.3040571572285428
-0.0709415007119936,0.3040571572285428
-0.10128330199069624,0.3040571572285428
-0.0866914591680763,0.3040571572285428
0.051451423980473865,0.3040571572285428
0.056929297518511064,0.3040571572285428
0.059142768774416314,0.3040571572285428
-0.09508148103898303,0.3040571572285428
-0.0917821668999104,0.3040571572285428
-0.06150037287023625,0.3040571572285428
-0.0709415007119936,0.3040571572285428
0.0787729499570616,0.3040571572285428
0.08437645893297657,0.3040571572285428
-0.09374452619056045,0.3040571572285428
0.08988076069745074,0.3040571572285428
0.09540505581885125,0.3040571572285428
-0.08592354265350445,0.3040571572285428
0.07827732752348587,0.3040571572285428
-0.07887196035145208,0.3040571572285428
0.09873719889305074,0.3040571572285428
-0.03394449773014477,0.3040571572285428
-0.08548843614043314,0.3040571572285428
0.1218079356886258,0.3040571572285428
-0.06254088862965779,0.3040571572285428
0.05642057196969391,0.3040571572285428
0.07899289723361513,0.3040571572285428
-0.08837551851431695,0.3040571572285428
0.06679989487252837,0.3040571572285428
0.10660528025079857,0.3040571572285428
-0.0881724933988502,0.3040571572285428
-0.08765580779260551,0.3040571572285428
0.06346944748687641,0.3040571572285428
-0.06135461864237945,0.3040571572285428
0.09390815762658093,0.3040571572285428
-0.07511959070647478,0.3040571572285428
0.11415402318416659,0.3040571572285428
0.0748234186872741,0.3040571572285428
-0.0979790486405859,0.3040571572285428
-0.09259628610546794,0.3040571572285428
0.08863022772660831,0.3040571572285428
-0.10468543228346017,0.3040571572285428
-0.09491735303848377,0.3040571572285428
0.07167837914862367,0.3040571572285428
-0.06679989487252837,0.3040571572285428
-0.07257484850850468,0.3040571572285428
0.07371589172022029,0.3040571572285428
0.07251422027656246,0.3040571572285428
-0.07778037442268984,0.3040571572285428
0.0954784055594045,0.3040571572285428
0.06551498247384174,0.3040571572285428
0.07330535143497087,0.3040571572285428
0.056254257088696115,0.3040571572285428
0.09699415500998747,0.3040571572285428
0.05190133966220058,0.3040571572285428
0.046948220066797317,0.3040571572285428
0.12302195662379786,0.3040571572285428
0.09789180546684617,0.3040571572285428
-0.11284413908626723,0.3040571572285428
-0.059286901614331,0.3040571572285428
0.03090295815567573,0.3040571572285428
-0.06679192467834383,0.3040571572285428
0.06936918073791203,0.3040571572285428
0.0960341343692713,0.3040571572285428
-0.06807683707703044,0.3040571572285428
-0.05642057196969391,0.3040571572285428
-0.056929297518511064,0.3040571572285428
0.056254257088696115,0.3040571572285428
-0.07511959070647478,0.3040571572285428
-0.09988285540442368,0.3040571572285428
-0.028743140640388232,0.3040571572285428
-0.07386326695055132,0.3040571572285428
0.026090603318829064,0.3040571572285428
0.04349800903583105,0.3040571572285428
0.11559284670299502,0.3040571572285428
0.10564614541448236,0.3040571572285428
0.08863022772660831,0.3040571572285428
-0.059286901614331,0.3040571572285428
0.03600920038270007,0.3040571572285428
0.07728475198911411,0.3040571572285428
0.05642057196969391,0.3040571572285428
-0.06972558632992104,0.3040571572285428
0.06807683707703044,0.3040571572285428
-0.07386326695055132,0.3040571572285428
-0.08698336572812293,0.3040571572285428
-0.056254257088696115,0.3040571572285428
-0.07047670770496584,0.3040571572285428
-0.0954784055594045,0.3040571572285428
0.05190133966220058,0.3040571572285428
-0.0979790486405859,0.3040571572285428
-0.08961051530530464,0.3040571572285428
-0.09806790734631979,0.3040571572285428
-0.08882123627613972,0.3040571572285428
-0.0709415007119936,0.3040571572285428
0.09159590249884958,0.3040571572285428
-0.07331172694513476,0.3040571572285428
-0.07590077952214794,0.3040571572285428
-0.09873719889305074,0.3040571572285428
0.006611118174955735,0.3040571572285428
0.0866914591680763,0.3040571572285428
-0.03090295815567573,0.3040571572285428
0.07331172694513476,0.3040571572285428
-0.10952223053835947,0.3040571572285428
-0.06150037287023625,0.3040571572285428
-0.06936918073791203,0.3040571572285428
-0.0855839105905224,0.3040571572285428
-0.0758418722454837,0.3040571572285428
0.0866914591680763,0.3040571572285428
-0.08100727280973198,0.3040571572285428
-0.0789670192097773,0.3040571572285428
-0.0855839105905224,0.3040571572285428
-0.028743140640388232,0.3040571572285428
0.06670125246112008,0.3040571572285428
-0.07511959070647478,0.3040571572285428
-0.10334664143687958,0.3040571572285428
0.12371973599958466,0.3040571572285428
0.0954784055594045,0.3040571572285428
0.06807683707703044,0.3040571572285428
0.059286901614331,0.3040571572285428
0.1308107295215638,0.3040571572285428
-0.07386326695055132,0.3040571572285428
0.06964915705111202,0.3040571572285428
-0.0859737889609394,0.3040571572285428
-0.06936918073791203,0.3040571572285428
0.07220419997808095,0.3040571572285428
-0.0480012129495076,0.3040571572285428
-0.051845404827185984,0.3040571572285428
-0.07607974244319757,0.3040571572285428
0.09312589695976385,0.3040571572285428
-0.09228424441303809,0.3040571572285428
-0.10027497426993484,0.3040571572285428
-0.03090295815567573,0.3040571572285428
0.04355394387084565,0.3040571572285428
-0.10647447302061305,0.3040571572285428
0.026090603318829064,0.3040571572285428
-0.08036558704511712,0.3040571572285428
0.1034602993344518,0.3040571572285428
-0.055804341406969396,0.3040571572285428
-0.0789670192097773,0.3040571572285428
-0.021654998138302683,0.3040571572285428
0.08110628320412244,0.3040571572285428
0.07220419997808095,0.3040571572285428
0.03394449773014477,0.3040571572285428
-0.006611118174955735,0.3040571572285428
0.0743890877800086,0.3040571572285428
0.06346944748687641,0.3040571572285428
-0.056929297518511064,0.3040571572285428
-0.07889388683922467,0.3040571572285428
0.03394449773014477,0.3040571572285428
-0.10334664143687958,0.3040571572285428
-0.07275573998349752,0.3040571572285428
0.07590077952214794,0.3040571572285428
-0.0743890877800086,0.3040571572285428
0.07204902767904742,0.3040571572285428
0.08274842578297556,0.3040571572285428
-0.08437645893297657,0.3040571572285428
-0.09585352762636962,0.3040571572285428
0.10519260550523504,0.3040571572285428
-0.06670125246112008,0.3040571572285428
0.07204902767904742,0.3040571572285428
0.09446789987971593,0.3040571572285428
-0.07650356317344095,0.3040571572285428
0.08120134206244768,0.3040571572285428
0.12764324039211816,0.3040571572285428
-0.06356808989828469,0.3040571572285428
0.11860595423495054,0.3040571572285428
0.07167837914862367,0.3040571572285428
0.06356808989828469,0.3040571572285428
0.08863022772660831,0.3040571572285428
-0.09789180546684617,0.3040571572285428
-0.0559706562879672,0.3040571572285428
0.09398069366382725,0.3040571572285428
0.0634472654457933,0.3040571572285428
-0.06473217784447992,0.3040571572285428
0.0480012129495076,0.3040571572285428
-0.07511959070647478,0.3040571572285428
-0.08689908608373019,0.3040571572285428
0.09423173240644914,0.3040571572285428
0.14019841741756944,0.3040571572285428
-0.06484503210278678,0.3040571572285428
0.04349800903583105,0.3040571572285428
-0.06927850852068829,0.3040571572285428
-0.07167837914862367,0.3040571572285428
0.09802753696528457,0.3040571572285428
-0.06150037287023625,0.3040571572285428
0.08036558704511712,0.3040571572285428
0.09245528024388282,0.3040571572285428
0.0917821668999104,0.3040571572285428
0.09031903122131957,0.3040571572285428
0.08834878752876568,0.3040571572285428
-0.07590077952214794,0.3040571572285428
-0.09172042602118033,0.3040571572285428
-0.059286901614331,0.3040571572285428
0.054711734471823065,0.3040571572285428
0.059142768774416314,0.3040571572285428
-0.10647447302061305,0.3040571572285428
-0.10551533818429684,0.3040571572285428
0.12262596923842983,0.3040571572285428
0.06125597623097116,0.3040571572285428
0.03090295815567573,0.3040571572285428
0.08447193338306584,0.3040571572285428
-0.06354590785720159,0.3040571572285428
-0.09398069366382725,0.3040571572285428
0.03394449773014477,0.3040571572285428
0.07879882798089943,0.3040571572285428
0.08961051530530464,0.3040571572285428
-0.11860595423495054,0.3040571572285428
0.07590077952214794,0.3040571572285428
-0.09374452619056045,0.3040571572285428
-0.07887196035145208,0.3040571572285428
-0.09789180546684617,0.3040571572285428
0.09031903122131957,0.3040571572285428
0.054711734471823065,0.3040571572285428
-0.1037941121344849,0.3040571572285428
0.03600920038270007,0.3040571572285428
-0.08961051530530464,0.3040571572285428
0.06356808989828469,0.3040571572285428
0.06679989487252837,0.3040571572285428
-0.013165697241647534,0.3040571572285428
0.1004533380255308,0.3040571572285428
-0.05529561585815225,0.3040571572285428
-0.0881724933988502,0.3040571572285428
-0.09390815762658093,0.3040571572285428
-0.11807473835599804,0.3040571572285428
0.120283721533203,0.3040571572285428
-0.0709415007119936,0.3040571572285428
-0.10545563566012732,0.3040571572285428
-0.017601302422173917,0.3040571572285428
0.09610617384203883,0.3040571572285428
0.006611118174955735,0.3040571572285428
0.07650356317344095,0.3040571572285428
-0.12275250648629142,0.3040571572285428
-0.030807843292943532,0.3040571572285428
0.09050529562238037,0.3040571572285428
-0.14411427881114636,0.3040571572285428
0.1021215084878712,0.3040571572285428
-0.05861186118451605,0.3040571572285428
0.056254257088696115,0.3040571572285428
0.06807683707703044,0.3040571572285428
0.07524723941751749,0.3040571572285428
0.11803910015732813,0.3040571572285428
0.0709415007119936,0.3040571572285428
-0.09104731267720789,0.3040571572285428
0.08437645893297657,0.3040571572285428
0.03384938286741257,0.3040571572285428
-0.0591205867333332,0.3040571572285428
-0.06366691740954156,0.3040571572285428
-0.0787729499570616,0.3040571572285428
-0.1004533380255308,0.3040571572285428
0.12595029255790247,0.3040571572285428
0.08354070391564601,0.3040571572285428
0.011046723355482117,0.3040571572285428
0.09702635447429293,0.3040571572285428
0.10647447302061305,0.3040571572285428
-0.04355394387084565,0.3040571572285428
-0.1047451348076297,0.3040571572285428
0.0960341343692713,0.3040571572285428
-0.0789670192097773,0.3040571572285428
-0.0866914591680763,0.3040571572285428
0.07728475198911411,0.3040571572285428
0.028743140640388232,0.3040571572285428
-0.09245528024388282,0.3040571572285428
-0.08354070391564601,0.3040571572285428
-0.07204902767904742,0.3040571572285428
-0.11741727855619292,0.3040571572285428
-0.11132395479044321,0.3040571572285428
-0.09389999481503722,0.3040571572285428
-0.09446789987971593,0.3040571572285428
-0.07820419515293323,0.3040571572285428
0.06150037287023625,0.3040571572285428
-0.051451423980473865,0.3040571572285428
-0.10076474130806803,0.3040571572285428
0.013165697241647534,0.3040571572285428
0.08747951366269002,0.3040571572285428
0.07590077952214794,0.3040571572285428
-0.07534923951673138,0.3040571572285428
0.006611118174955735,0.3040571572285428
-0.0930013734374331,0.3040571572285428
0.024307535459861848,0.3040571572285428
-0.10647447302061305,0.3040571572285428
0.06936918073791203,0.3040571572285428
-0.06927850852068829,0.3040571572285428
-0.09886300237569295,0.3040571572285428
0.06150037287023625,0.3040571572285428
-0.09702635447429293,0.3040571572285428
0.07682022268596707,0.3040571572285428
-0.07650356317344095,0.3040571572285428
0.0709415007119936,0.3040571572285428
-0.052576380092015526,0.3040571572285428
0.06936918073791203,0.3040571572285428
0.07047670770496584,0.3040571572285428
-0.08863022772660831,0.3040571572285428
-0.11337803452410652,0.3040571572285428
-0.10046750501101716,0.3040571572285428
-0.015043879963346949,0.3040571572285428
-0.02421242059712965,0.3040571572285428
-0.08747951366269002,0.3040571572285428
-0.07312638851392125,0.3040571572285428
0.03826989902705827,0.3040571572285428
0.04355394387084565,0.3040571572285428
-0.08933874364262322,0.3040571572285428
0.13031053402252263,0.3040571572285428
0.006611118174955735,0.3040571572285428
0.03090295815567573,0.3040571572285428
0.11294111890647633,0.3040571572285428
0.07820419515293323,0.3040571572285428
-0.07167837914862367,0.3040571572285428
-0.06354590785720159,0.3040571572285428
-0.11807205773327058,0.3040571572285428
0.059142768774416314,0.3040571572285428
-0.08437645893297657,0.3040571572285428
-0.09159590249884958,0.3040571572285428
0.1047451348076297,0.3040571572285428
0.05529561585815225,0.3040571572285428
0.061089661349973366,0.3040571572285428
0.0709415007119936,0.3040571572285428
-0.1254292607160703,0.3040571572285428
0.09486482440013738,0.3040571572285428
0.09374452619056045,0.3040571572285428
0.028743140640388232,0.3040571572285428
-0.08108040518028461,0.3040571572285428
0.0743890877800086,0.3040571572285428
0.03394449773014477,0.3040571572285428
-0.09996357098739761,0.3040571572285428
-0.051845404827185984,0.3040571572285428
-0.08359095022308097,0.3040571572285428
-0.0591205867333332,0.3040571572285428
-0.08592354265350445,0.3040571572285428
-0.07204902767904742,0.3040571572285428
-0.07257484850850468,0.3040571572285428
0.021654998138302683,0.3040571572285428
0.06809223853340995,0.3040571572285428
0.07607974244319757,0.3040571572285428
0.08442670524041154,0.3040571572285428
0.09326690282134897,0.3040571572285428
0.10027497426993484,0.3040571572285428
-0.09806790734631979,0.3040571572285428
0.09350307029461577,0.3040571572285428
-0.07820419515293323,0.3040571572285428
-0.05529561585815225,0.3040571572285428
-0.05642057196969391,0.3040571572285428
-0.10551533818429684,0.3040571572285428
-0.0979790486405859,0.3040571572285428
-0.03600920038270007,0.3040571572285428
0.09131941482793791,0.3040571572285428
0.08601901710359372,0.3040571572285428
0.10707226135003353,0.3040571572285428
0.06346944748687641,0.3040571572285428
0.09789180546684617,0.3040571572285428
0.046948220066797317,0.3040571572285428
0.08231331926990423,0.3040571572285428
-0.03384938286741257,0.3040571572285428
0.0866914591680763,0.3040571572285428
-0.06475435988556302,0.3040571572285428
0.07590077952214794,0.3040571572285428
-0.0917821668999104,0.3040571572285428
-0.07511959070647478,0.3040571572285428
0.0954784055594045,0.3040571572285428
-0.06973982926833577,0.3040571572285428
0.026090603318829064,0.3040571572285428
0.1021215084878712,0.3040571572285428
-0.04349800903583105,0.3040571572285428
0.08601901710359372,0.3040571572285428
0.0917821668999104,0.3040571572285428
0.08601901710359372,0.3040571572285428
0.0709415007119936,0.3040571572285428
-0.08933874364262322,0.3040571572285428
-0.06936918073791203,0.3040571572285428
0.08988076069745074,0.3040571572285428
-0.10161711479072935,0.3040571572285428
-0.12013016839037334,0.3040571572285428
-0.06473217784447992,0.3040571572285428
-0.11857031603628065,0.3040571572285428
0.10334664143687958,0.3040571572285428
0.10551533818429684,0.3040571572285428
0.07204902767904742,0.3040571572285428
-0.09104731267720789,0.3040571572285428
-0.08863022772660831,0.3040571572285428
-0.0917821668999104,0.3040571572285428
-0.07607974244319757,0.3040571572285428
-0.0881724933988502,0.3040571572285428
0.07047670770496584,0.3040571572285428
0.11173687288867226,0.3040571572285428
-0.1233406083202743,0.3040571572285428
0.07839826440564893,0.3040571572285428
-0.08630158079765929,0.3040571572285428
-0.11640333625264879,0.3040571572285428
-0.07204902767904742,0.3040571572285428
-0.09446789987971593,0.3040571572285428
-0.06807683707703044,0.3040571572285428
0.09996357098739761,0.3040571572285428
0.08036558704511712,0.3040571572285428
-0.08027052818679188,0.3040571572285428
0.09031903122131957,0.3040571572285428
0.07257484850850468,0.3040571572285428
0.06125597623097116,0.3040571572285428
-0.09948380559772524,0.3040571572285428
-0.06670125246112008,0.3040571572285428
0.08437645893297657,0.3040571572285428
-0.12229854678123399,0.3040571572285428
-0.07887196035145208,0.3040571572285428
0.03090295815567573,0.3040571572285428
0.05190133966220058,0.3040571572285428
-0.028743140640388232,0.3040571572285428
-0.056929297518511064,0.3040571572285428
-0.09873719889305074,0.3040571572285428
-0.006611118174955735,0.3040571572285428
-0.006611118174955735,0.3040571572285428
-0.07650356317344095,0.3040571572285428
-0.06475435988556302,0.3040571572285428
0.059286901614331,0.3040571572285428
-0.14411427881114636,0.3040571572285428
0.120283721533203,0.3040571572285428
-0.055804341406969396,0.3040571572285428
-0.06927850852068829,0.3040571572285428
-0.059142768774416314,0.3040571572285428
0.11690772443101613,0.3040571572285428
-0.07827732752348587,0.3040571572285428
0.08548843614043314,0.3040571572285428
-0.09791614808415527,0.3040571572285428
-0.05816194550278933,0.3040571572285428
0.006611118174955735,0.3040571572285428
0.12275250648629142,0.3040571572285428
-0.05529561585815225,0.3040571572285428
0.09159590249884958,0.3040571572285428
-0.06679989487252837,0.3040571572285428
-0.03090295815567573,0.3040571572285428
0.08863022772660831,0.3040571572285428
-0.08036558704511712,0.3040571572285428
-0.09868871056835207,0.3040571572285428
-0.07899289723361513,0.3040571572285428
0.07632460025239132,0.3040571572285428
0.04349800903583105,0.3040571572285428
-0.07511959070647478,0.3040571572285428
0.015043879963346949,0.3040571572285428
-0.061089661349973366,0.3040571572285428
0.09245528024388282,0.3040571572285428
-0.07707231797756933,0.3040571572285428
0.11065423862586504,0.3040571572285428
-0.0917821668999104,0.3040571572285428
-0.006611118174955735,0.3040571572285428
0.09988285540442368,0.3040571572285428
0.09326690282134897,0.3040571572285428
-0.06679989487252837,0.3040571572285428
0.07331172694513476,0.3040571572285428
0.11815545071976974,0.3040571572285428
-0.07100252853442311,0.3040571572285428
-0.026090603318829064,0.3040571572285428
0.061089661349973366,0.3040571572285428
0.08036558704511712,0.3040571572285428
0.09789180546684617,0.3040571572285428
-0.08214213608030621,0.3040571572285428
0.0743890877800086,0.3040571572285428
0.09050529562238037,0.3040571572285428
-0.09245528024388282,0.3040571572285428
0.03600920038270007,0.3040571572285428
-0.08766700259830204,0.3040571572285428
0.11795117505787289,0.3040571572285428
-0.09789180546684617,0.3040571572285428
0.101602947805243,0.3040571572285428
-0.07155406853983967,0.3040571572285428
-0.09702635447429293,0.3040571572285428
-0.06346944748687641,0.3040571572285428
-0.09272080962779869,0.3040571572285428
-0.08216801410414404,0.3040571572285428
0.09319843299701017,0.3040571572285428
0.09791433564224157,0.3040571572285428
-0.06551498247384174,0.3040571572285428
-0.09996357098739761,0.3040571572285428
-0.05642057196969391,0.3040571572285428
-0.030807843292943532,0.3040571572285428
-0.06936918073791203,0.3040571572285428
0.06973982926833577,0.3040571572285428
0.08359095022308097,0.3040571572285428
0.00848930089665515,0.3040571572285428
-0.0480012129495076,0.3040571572285428
-0.07404222987160095,0.3040571572285428
0.06670125246112008,0.3040571572285428
0.06346944748687641,0.3040571572285428
0.08680707159820744,0.3040571572285428
-0.05930908365541411,0.3040571572285428
0.06679989487252837,0.3040571572285428
0.09398069366382725,0.3040571572285428
-0.08601901710359372,0.3040571572285428
0.07511959070647478,0.3040571572285428
0.03384938286741257,0.3040571572285428
-0.04349800903583105,0.3040571572285428
-0.026090603318829064,0.3040571572285428
0.05476766930683767,0.3040571572285428
0.13036021554647195,0.3040571572285428
-0.08108040518028461,0.3040571572285428
0.08747951366269002,0.3040571572285428
0.06551498247384174,0.3040571572285428
-0.08027052818679188,0.3040571572285428
0.09031903122131957,0.3040571572285428
0.00848930089665515,0.3040571572285428
-0.10694145411984801,0.3040571572285428
0.09540505581885125,0.3040571572285428
-0.056254257088696115,0.3040571572285428
0.09969032466334135,0.3040571572285428
0.09333943885859528,0.3040571572285428
-0.0855839105905224,0.3040571572285428
-0.056254257088696115,0.3040571572285428
-0.06346944748687641,0.3040571572285428
0.07820419515293323,0.3040571572285428
0.0917821668999104,0.3040571572285428
0.09326690282134897,0.3040571572285428
0.11147078214705032,0.3040571572285428
-0.08017151779240142,0.3040571572285428
-0.09159590249884958,0.3040571572285428
0.08027052818679188,0.3040571572285428
-0.0668905670897521,0.3040571572285428
0.038447701643821316,0.3040571572285428
0.08120134206244768,0.3040571572285428
0.05930908365541411,0.3040571572285428
0.0979565184651905,0.3040571572285428
0.026185718181561263,0.3040571572285428
0.07331172694513476,0.3040571572285428
0.11284413908626723,0.3040571572285428
0.06150037287023625,0.3040571572285428
-0.051845404827185984,0.3040571572285428
-0.06346944748687641,0.3040571572285428
-0.05529561585815225,0.3040571572285428
0.013165697241647534,0.3040571572285428
-0.09975705192178147,0.3040571572285428
-0.09374452619056045,0.3040571572285428
-0.08719694996862445,0.3040571572285428
-0.09996357098739761,0.3040571572285428
0.09610617384203883,0.3040571572285428
0.10334664143687958,0.3040571572285428
0.10468543228346017,0.3040571572285428
0.10249426795421826,0.3040571572285428
-0.0960341343692713,0.3040571572285428
0.10301282863684647,0.3040571572285428
0.03090295815567573,0.3040571572285428
0.114905438388192,0.3040571572285428
-0.08548843614043314,0.3040571572285428
-0.026090603318829064,0.3040571572285428
-0.056254257088696115,0.3040571572285428
0.0668905670897521,0.3040571572285428
0.11795570717082897,0.3040571572285428
-0.021654998138302683,0.3040571572285428
0.017601302422173917,0.3040571572285428
-0.0855839105905224,0.3040571572285428
0.0480012129495076,0.3040571572285428
-0.08816129859315366,0.3040571572285428
0.08793724799044814,0.3040571572285428
-0.028743140640388232,0.3040571572285428
-0.08601901710359372,0.3040571572285428
-0.05235413037600313,0.3040571572285428
-0.07887196035145208,0.3040571572285428
-0.013165697241647534,0.3040571572285428
-0.03090295815567573,0.3040571572285428
0.00848930089665515,0.3040571572285428
0.08437645893297657,0.3040571572285428
-0.0855839105905224,0.3040571572285428
0.09702635447429293,0.3040571572285428
-0.11795570717082897,0.3040571572285428
0.09117840896635279,0.3040571572285428
0.09702635447429293,0.3040571572285428
-0.07607974244319757,0.3040571572285428
-0.08816129859315366,0.3040571572285428
-0.06150037287023625,0.3040571572285428
0.07607974244319757,0.3040571572285428
-0.0917821668999104,0.3040571572285428
0.0709415007119936,0.3040571572285428
0.03835258678108912,0.3040571572285428
0.05861186118451605,0.3040571572285428
-0.049290642846740534,0.3040571572285428
-0.09204769628382625,0.3040571572285428
-0.06354590785720159,0.3040571572285428
-0.09272080962779869,0.3040571572285428
0.07899289723361513,0.3040571572285428
-0.08027052818679188,0.3040571572285428
0.028743140640388232,0.3040571572285428
-0.09105388544402204,0.3040571572285428
-0.0954784055594045,0.3040571572285428
-0.04349800903583105,0.3040571572285428
0.09956452118069915,0.3040571572285428
-0.07220419997808095,0.3040571572285428
-0.10660528025079857,0.3040571572285428
0.06936918073791203,0.3040571572285428
0.02421242059712965,0.3040571572285428
-0.08036558704511712,0.3040571572285428
0.07331172694513476,0.3040571572285428
0.08861903292091178,0.3040571572285428
-0.07293470290454712,0.3040571572285428
0.08120134206244768,0.3040571572285428
0.08216801410414404,0.3040571572285428
0.10352000185862134,0.3040571572285428
-0.08247897301562443,0.3040571572285428
0.07626868268055051,0.3040571572285428
0.08816129859315366,0.3040571572285428
-0.1012691350052099,0.3040571572285428
0.10352000185862134,0.3040571572285428
-0.07899289723361513,0.3040571572285428
-0.11807205773327058,0.3040571572285428
0.05241006521101774,0.3040571572285428
0.0559706562879672,0.3040571572285428
-0.06346944748687641,0.3040571572285428
-0.09802753696528457,0.3040571572285428
0.0960341343692713,0.3040571572285428
-0.08844273879099629,0.3040571572285428
0.06551498247384174,0.3040571572285428
-0.07820419515293323,0.3040571572285428
-0.059286901614331,0.3040571572285428
-0.11526128938176157,0.3040571572285428
-0.06670125246112008,0.3040571572285428
-0.06973982926833577,0.3040571572285428
-0.006611118174955735,0.3040571572285428
-0.08442670524041154,0.3040571572285428
-0.09390815762658093,0.3040571572285428
-0.00848930089665515,0.3040571572285428
-0.08719694996862445,0.3040571572285428
-0.08630158079765929,0.3040571572285428
-0.05235413037600313,0.3040571572285428
0.055804341406969396,0.3040571572285428
0.07728475198911411,0.3040571572285428
-0.028250420834116566,0.3040571572285428
0.08816129859315366,0.3040571572285428
-0.06973982926833577,0.3040571572285428
0.06058093580115621,0.3040571572285428
-0.0917821668999104,0.3040571572285428
0.07887196035145208,0.3040571572285428
-0.0979790486405859,0.3040571572285428
-0.0881724933988502,0.3040571572285428
0.08719694996862445,0.3040571572285428
-0.07787938481708032,0.3040571572285428
-0.00848930089665515,0.3040571572285428
-0.07887196035145208,0.3040571572285428
-0.030807843292943532,0.3040571572285428
0.07293470290454712,0.3040571572285428
-0.09374452619056045,0.3040571572285428
-0.05190133966220058,0.3040571572285428
0.11065423862586504,0.3040571572285428
0.03600920038270007,0.3040571572285428
0.08601901710359372,0.3040571572285428
0.08737324409853994,0.3040571572285428
0.0866914591680763,0.3040571572285428
0.09975705192178147,0.3040571572285428
-0.02421242059712965,0.3040571572285428
0.12020749981026324,0.3040571572285428
0.06927850852068829,0.3040571572285428
-0.04051240429637662,0.3040571572285428
0.0743890877800086,0.3040571572285428
-0.11065423862586504,0.3040571572285428
0.09006702509851156,0.3040571572285428
0.0559706562879672,0.3040571572285428
0.06679989487252837,0.3040571572285428
0.04349800903583105,0.3040571572285428
-0.021654998138302683,0.3040571572285428
-0.0787729499570616,0.3040571572285428
0.09446789987971593,0.3040571572285428
-0.03600920038270007,0.3040571572285428
-0.05241006521101774,0.3040571572285428
0.11522977614116398,0.3040571572285428
0.06936918073791203,0.3040571572285428
0.0855839105905224,0.3040571572285428
0.09610617384203883,0.3040571572285428
0.08988076069745074,0.3040571572285428
0.08834878752876568,0.3040571572285428
0.0559706562879672,0.3040571572285428
-0.09868871056835207,0.3040571572285428
-0.07839826440564893,0.3040571572285428
0.09988285540442368,0.3040571572285428
-0.09791614808415527,0.3040571572285428
0.1099811950643947,0.3040571572285428
0.07257484850850468,0.3040571572285428
-0.0932375409106999,0.3040571572285428
0.0960341343692713,0.3040571572285428
0.08834878752876568,0.3040571572285428
-0.05642057196969391,0.3040571572285428
0.03090295815567573,0.3040571572285428
-0.055804341406969396,0.3040571572285428
0.07146339632261593,0.3040571572285428
-0.06551498247384174,0.3040571572285428
-0.06807683707703044,0.3040571572285428
-0.06919976550046375,0.3040571572285428
0.11741727855619292,0.3040571572285428
0.08737324409853994,0.3040571572285428
0.07820419515293323,0.3040571572285428
0.026090603318829064,0.3040571572285428
-0.09883232907753758,0.3040571572285428
-0.08965238979184698,0.3040571572285428
-0.08693813758546862,0.3040571572285428
0.1021215084878712,0.3040571572285428
-0.07204902767904742,0.3040571572285428
0.051395489145459265,0.3040571572285428
-0.03090295815567573,0.3040571572285428
-0.06125597623097116,0.3040571572285428
-0.07887196035145208,0.3040571572285428
0.09894371795866687,0.3040571572285428
0.08988076069745074,0.3040571572285428
-0.05863404322559916,0.3040571572285428
-0.04355394387084565,0.3040571572285428
0.0668905670897521,0.3040571572285428
-0.07607974244319757,0.3040571572285428
-0.09050529562238037,0.3040571572285428
0.08601901710359372,0.3040571572285428
-0.09908776037505053,0.3040571572285428
-0.07899289723361513,0.3040571572285428
0.07204902767904742,0.3040571572285428
0.09045869824464137,0.3040571572285428
-0.09446789987971593,0.3040571572285428
0.0859737889609394,0.3040571572285428
-0.09104731267720789,0.3040571572285428
0.07590077952214794,0.3040571572285428
0.03600920038270007,0.3040571572285428
-0.12795601658200653,0.3040571572285428
-0.07879882798089943,0.3040571572285428
-0.09800500678988916,0.3040571572285428
-0.11173687288867226,0.3040571572285428
0.015043879963346949,0.3040571572285428
0.028743140640388232,0.3040571572285428
0.0979547060232768,0.3040571572285428
-0.030807843292943532,0.3040571572285428
0.08816129859315366,0.3040571572285428
-0.08933874364262322,0.3040571572285428
0.09610617384203883,0.3040571572285428
0.038447701643821316,0.3040571572285428
-0.10077936796707669,0.3040571572285428
0.09873719889305074,0.3040571572285428
-0.07204902767904742,0.3040571572285428
-0.08630158079765929,0.3040571572285428
0.08961051530530464,0.3040571572285428
0.030807843292943532,0.3040571572285428
-0.09791614808415527,0.3040571572285428
0.013165697241647534,0.3040571572285428
0.07820419515293323,0.3040571572285428
0.08942302636969264,0.3040571572285428
0.08961051530530464,0.3040571572285428
-0.10621144286572076,0.3040571572285428
-0.1218079356886258,0.3040571572285428
-0.08247897301562443,0.3040571572285428
0.07204902767904742,0.3040571572285428
-0.07728475198911411,0.3040571572285428
-0.06679989487252837,0.3040571572285428
-0.1021215084878712,0.3040571572285428
0.03386104676554813,0.3040571572285428
-0.08747951366269002,0.3040571572285428
0.07719325485973239,0.3040571572285428
-0.09375898895345211,0.3040571572285428
-0.06807683707703044,0.3040571572285428
-0.06356808989828469,0.3040571572285428
0.06679989487252837,0.3040571572285428
0.10513897219270751,0.3040571572285428
0.021654998138302683,0.3040571572285428
0.03090295815567573,0.3040571572285428
0.09398069366382725,0.3040571572285428
0.07520005266717886,0.3040571572285428
-0.07887196035145208,0.3040571572285428
-0.059286901614331,0.3040571572285428
-0.05930908365541411,0.3040571572285428
0.0859737889609394,0.3040571572285428
-0.06346944748687641,0.3040571572285428
0.0783032055473237,0.3040571572285428
-0.03384938286741257,0.3040571572285428
0.10545563566012732,0.3040571572285428
0.03384938286741257,0.3040571572285428
-0.013165697241647534,0.3040571572285428
0.08863022772660831,0.3040571572285428
-0.1233406083202743,0.3040571572285428
-0.12364212073102199,0.3040571572285428
0.059286901614331,0.3040571572285428
-0.09272080962779869,0.3040571572285428
0.03090295815567573,0.3040571572285428
0.06125597623097116,0.3040571572285428
-0.09245528024388282,0.3040571572285428
0.056254257088696115,0.3040571572285428
-0.11317569640750068,0.3040571572285428
0.11574323770170533,0.3040571572285428
0.06964915705111202,0.3040571572285428
0.07827732752348587,0.3040571572285428
-0.03394449773014477,0.3040571572285428
-0.013165697241647534,0.3040571572285428
-0.03090295815567573,0.3040571572285428
0.0480012129495076,0.3040571572285428
-0.08120134206244768,0.3040571572285428
-0.08017151779240142,0.3040571572285428
-0.08747951366269002,0.3040571572285428
0.09245528024388282,0.3040571572285428
-0.10647447302061305,0.3040571572285428
0.08630158079765929,0.3040571572285428
-0.120283721533203,0.3040571572285428
-0.09159590249884958,0.3040571572285428
-0.07511959070647478,0.3040571572285428
-0.06150037287023625,0.3040571572285428
0.1280681960396223,0.3040571572285428
-0.10026080728444849,0.3040571572285428
-0.09245528024388282,0.3040571572285428
-0.08437645893297657,0.3040571572285428
0.0954784055594045,0.3040571572285428
0.051451423980473865,0.3040571572285428
-0.006611118174955735,0.3040571572285428
-0.0634472654457933,0.3040571572285428
-0.11675986062797693,0.3040571572285428
-0.056680809088463235,0.3040571572285428
0.06551498247384174,0.3040571572285428
-0.0855839105905224,0.3040571572285428
-0.11522977614116398,0.3040571572285428
-0.08793724799044814,0.3040571572285428
0.09117840896635279,0.3040571572285428
-0.1218079356886258,0.3040571572285428
-0.006611118174955735,0.3040571572285428
-0.10965250055324252,0.3040571572285428
-0.059142768774416314,0.3040571572285428
0.06346944748687641,0.3040571572285428
0.026090603318829064,0.3040571572285428
-0.08548843614043314,0.3040571572285428
0.05529561585815225,0.3040571572285428
-0.06936918073791203,0.3040571572285428
-0.10965250055324252,0.3040571572285428
-0.03394449773014477,0.3040571572285428
-0.08548843614043314,0.3040571572285428
0.0979790486405859,0.3040571572285428
-0.10965250055324252,0.3040571572285428
-0.09336206443303065,0.3040571572285428
-0.0591205867333332,0.3040571572285428
0.011141838218214316,0.3040571572285428
-0.04355394387084565,0.3040571572285428
0.10615174034155124,0.3040571572285428
-0.12237587820112389,0.3040571572285428
-0.10128330199069624,0.3040571572285428
0.05529561585815225,0.3040571572285428
-0.09806790734631979,0.3040571572285428
0.09702635447429293,0.3040571572285428
0.006611118174955735,0.3040571572285428
0.0783032055473237,0.3040571572285428
-0.04045646946136201,0.3040571572285428
-0.09390815762658093,0.3040571572285428
0.1037941121344849,0.3040571572285428
0.00848930089665515,0.3040571572285428
0.051395489145459265,0.3040571572285428
0.08036558704511712,0.3040571572285428
-0.04355394387084565,0.3040571572285428
0.08863022772660831,0.3040571572285428
0.07511959070647478,0.3040571572285428
0.05642057196969391,0.3040571572285428
-0.06679989487252837,0.3040571572285428
0.09319843299701017,0.3040571572285428
-0.026090603318829064,0.3040571572285428
-0.06679989487252837,0.3040571572285428
0.028743140640388232,0.3040571572285428
0.0743890877800086,0.3040571572285428
-0.059286901614331,0.3040571572285428
-0.021654998138302683,0.3040571572285428
-0.09430426844369545,0.3040571572285428
-0.10519260550523504,0.3040571572285428
-0.12375713815132129,0.3040571572285428
-0.0881724933988502,0.3040571572285428
-0.0881724933988502,0.3040571572285428
0.08816129859315366,0.3040571572285428
-0.09610617384203883,0.3040571572285428
0.06484503210278678,0.3040571572285428
0.11415402318416659,0.3040571572285428
0.051451423980473865,0.3040571572285428
-0.03600920038270007,0.3040571572285428
-0.0866914591680763,0.3040571572285428
0.12988733027165303,0.3040571572285428
0.07899289723361513,0.3040571572285428
-0.06551498247384174,0.3040571572285428
-0.0855839105905224,0.3040571572285428
0.0591205867333332,0.3040571572285428
-0.0743890877800086,0.3040571572285428
0.08110628320412244,0.3040571572285428
-0.06150037287023625,0.3040571572285428
-0.10797858045469791,0.3040571572285428
0.11640333625264879,0.3040571572285428
0.08447193338306584,0.3040571572285428
-0.09996357098739761,0.3040571572285428
-0.1012691350052099,0.3040571572285428
-0.06670125246112008,0.3040571572285428
-0.08961051530530464,0.3040571572285428
0.1047451348076297,0.3040571572285428
-0.10519260550523504,0.3040571572285428
0.05529561585815225,0.3040571572285428
-0.0480012129495076,0.3040571572285428
-0.1021215084878712,0.3040571572285428
0.0743890877800086,0.3040571572285428
-0.09988285540442368,0.3040571572285428
0.04349800903583105,0.3040571572285428
-0.05642057196969391,0.3040571572285428
0.026090603318829064,0.3040571572285428
-0.08625635265500498,0.3040571572285428
-0.0559706562879672,0.3040571572285428
-0.0789670192097773,0.3040571572285428
0.07607974244319757,0.3040571572285428
-0.06346944748687641,0.3040571572285428
-0.07607974244319757,0.3040571572285428
0.08548843614043314,0.3040571572285428
-0.09486482440013738,0.3040571572285428
-0.056929297518511064,0.3040571572285428
-0.08437645893297657,0.3040571572285428
0.07925207462858229,0.3040571572285428
-0.06936918073791203,0.3040571572285428
0.04349800903583105,0.3040571572285428
-0.09702635447429293,0.3040571572285428
-0.07331172694513476,0.3040571572285428
-0.04045646946136201,0.3040571572285428
-0.09549390295055746,0.3040571572285428
0.07778037442268984,0.3040571572285428
0.09374452619056045,0.3040571572285428
0.04045646946136201,0.3040571572285428
0.0480012129495076,0.3040571572285428
0.0954784055594045,0.3040571572285428
-0.07038603548774208,0.3040571572285428
0.030807843292943532,0.3040571572285428
-0.03090295815567573,0.3040571572285428
0.04051240429637662,0.3040571572285428
0.07820419515293323,0.3040571572285428
0.02421242059712965,0.3040571572285428
-0.06807683707703044,0.3040571572285428
-0.07820419515293323,0.3040571572285428
0.09031903122131957,0.3040571572285428
-0.09259628610546794,0.3040571572285428
-0.08863022772660831,0.3040571572285428
-0.017601302422173917,0.3040571572285428
-0.09789180546684617,0.3040571572285428
-0.07827732752348587,0.3040571572285428
0.08863022772660831,0.3040571572285428
-0.12229854678123399,0.3040571572285428
-0.07889388683922467,0.3040571572285428
0.07607974244319757,0.3040571572285428
0.06150037287023625,0.3040571572285428
-0.10046750501101716,0.3040571572285428
-0.09868871056835207,0.3040571572285428
0.09610617384203883,0.3040571572285428
0.06551498247384174,0.3040571572285428
0.07889388683922467,0.3040571572285428
-0.051395489145459265,0.3040571572285428
0.08036558704511712,0.3040571572285428
0.03600920038270007,0.3040571572285428
0.07331172694513476,0.3040571572285428
-0.09319843299701017,0.3040571572285428
-0.07889388683922467,0.3040571572285428
0.0743890877800086,0.3040571572285428
-0.0480012129495076,0.3040571572285428
0.1004533380255308,0.3040571572285428
-0.13033784424674488,0.3040571572285428
0.08863022772660831,0.3040571572285428
0.13036021554647195,0.3040571572285428
-0.11379095262233556,0.3040571572285428
0.006611118174955735,0.3040571572285428
0.07827732752348587,0.3040571572285428
-0.120283721533203,0.3040571572285428
0.04045646946136201,0.3040571572285428
0.08861903292091178,0.3040571572285428
0.07728475198911411,0.3040571572285428
-0.0668905670897521,0.3040571572285428
0.08747951366269002,0.3040571572285428
0.10295590563730994,0.3040571572285428
0.056929297518511064,0.3040571572285428
0.08553366428308742,0.3040571572285428
0.09802753696528457,0.3040571572285428
-0.08738443890423647,0.3040571572285428
-0.06354590785720159,0.3040571572285428
0.11370959184533996,0.3040571572285428
-0.07511959070647478,0.3040571572285428
-0.0859737889609394,0.3040571572285428
0.0866914591680763,0.3040571572285428
0.0787729499570616,0.3040571572285428
-0.11478260849451247,0.3040571572285428
-0.08027052818679188,0.3040571572285428
-0.08354070391564601,0.3040571572285428
0.06679192467834383,0.3040571572285428
0.10046750501101716,0.3040571572285428
0.04355394387084565,0.3040571572285428
-0.05476766930683767,0.3040571572285428
-0.07785350679324249,0.3040571572285428
0.056779451499871514,0.3040571572285428
-0.08548843614043314,0.3040571572285428
-0.0709415007119936,0.3040571572285428
0.07511959070647478,0.3040571572285428
0.0787729499570616,0.3040571572285428
0.06807683707703044,0.3040571572285428
-0.06346944748687641,0.3040571572285428
0.0789670192097773,0.3040571572285428
-0.006611118174955735,0.3040571572285428
-0.10069865238410278,0.3040571572285428
0.013165697241647534,0.3040571572285428
-0.03600920038270007,0.3040571572285428
0.09398069366382725,0.3040571572285428
0.06679989487252837,0.3040571572285428
0.07251422027656246,0.3040571572285428
-0.026090603318829064,0.3040571572285428
0.06551498247384174,0.3040571572285428
-0.04390668049232828,0.3040571572285428
0.0787729499570616,0.3040571572285428
-0.0787729499570616,0.3040571572285428
-0.08844273879099629,0.3040571572285428
0.08437645893297657,0.3040571572285428
-0.07879882798089943,0.3040571572285428
-0.04355394387084565,0.3040571572285428
-0.07820419515293323,0.3040571572285428
0.04349800903583105,0.3040571572285428
0.06927850852068829,0.3040571572285428
0.021654998138302683,0.3040571572285428
-0.09873719889305074,0.3040571572285428
-0.06936918073791203,0.3040571572285428
0.09969032466334135,0.3040571572285428
0.06058093580115621,0.3040571572285428
-0.0668905670897521,0.3040571572285428
-0.006611118174955735,0.3040571572285428
0.06809223853340995,0.3040571572285428
-0.10076474130806803,0.3040571572285428
-0.028743140640388232,0.3040571572285428
0.06807683707703044,0.3040571572285428
-0.09875161349456366,0.3040571572285428
-0.06679989487252837,0.3040571572285428
-0.09245528024388282,0.3040571572285428
0.09549390295055746,0.3040571572285428
-0.08933874364262322,0.3040571572285428
-0.06604670354644461,0.3040571572285428
-0.09374452619056045,0.3040571572285428
0.07728475198911411,0.3040571572285428
-0.051451423980473865,0.3040571572285428
0.07047670770496584,0.3040571572285428
0.0743890877800086,0.3040571572285428
0.06846288706383369,0.3040571572285428
0.07511959070647478,0.3040571572285428
-0.11803910015732813,0.3040571572285428
-0.11860595423495054,0.3040571572285428
-0.09446789987971593,0.3040571572285428
0.0789670192097773,0.3040571572285428
-0.10660528025079857,0.3040571572285428
-0.10952223053835947,0.3040571572285428
0.09709106747263727,0.3040571572285428
-0.07787938481708032,0.3040571572285428
-0.07047670770496584,0.3040571572285428
-0.055804341406969396,0.3040571572285428
-0.04045646946136201,0.3040571572285428
-0.11412250994356901,0.3040571572285428
-0.09319843299701017,0.3040571572285428
-0.08861903292091178,0.3040571572285428
0.051451423980473865,0.3040571572285428
-0.00848930089665515,0.3040571572285428
-0.08698336572812293,0.3040571572285428
0.08036558704511712,0.3040571572285428
0.09791614808415527,0.3040571572285428
0.09312589695976385,0.3040571572285428
-0.11860595423495054,0.3040571572285428
0.09259628610546794,0.3040571572285428
0.09031903122131957,0.3040571572285428
-0.06973982926833577,0.3040571572285428
0.08363617836573528,0.3040571572285428
0.09705069709160204,0.3040571572285428
0.07820419515293323,0.3040571572285428
0.09873719889305074,0.3040571572285428
-0.08120134206244768,0.3040571572285428
0.11317569640750068,0.3040571572285428
-0.059142768774416314,0.3040571572285428
0.1263018827987008,0.3040571572285428
0.09446789987971593,0.3040571572285428
-0.09702635447429293,0.3040571572285428
0.09226651921473061,0.3040571572285428
-0.07607974244319757,0.3040571572285428
-0.03090295815567573,0.3040571572285428
-0.09540505581885125,0.3040571572285428
0.0990473899940153,0.3040571572285428
0.10128330199069624,0.3040571572285428
-0.026090603318829064,0.3040571572285428
-0.07887196035145208,0.3040571572285428
0.059286901614331,0.3040571572285428
0.07785350679324249,0.3040571572285428
-0.08844273879099629,0.3040571572285428
0.12237587820112389,0.3040571572285428
-0.013165697241647534,0.3040571572285428
0.030807843292943532,0.3040571572285428
-0.0789670192097773,0.3040571572285428
0.10965250055324252,0.3040571572285428
-0.08437645893297657,0.3040571572285428
0.08620610634757002,0.3040571572285428
0.07778037442268984,0.3040571572285428
0.11132395479044321,0.3040571572285428
0.051451423980473865,0.3040571572285428
-0.07331172694513476,0.3040571572285428
-0.07386326695055132,0.3040571572285428
-0.08120134206244768,0.3040571572285428
-0.09486482440013738,0.3040571572285428
-0.07511959070647478,0.3040571572285428
0.06936918073791203,0.3040571572285428
-0.09696981239267836,0.3040571572285428
-0.09326690282134897,0.3040571572285428
0.07632460025239132,0.3040571572285428
-0.0312919604085856,0.3040571572285428
0.10250843493970462,0.3040571572285428
0.03090295815567573,0.3040571572285428
-0.07827732752348587,0.3040571572285428
-0.06936918073791203,0.3040571572285428
0.08620610634757002,0.3040571572285428
-0.08548843614043314,0.3040571572285428
0.10334664143687958,0.3040571572285428
-0.07331172694513476,0.3040571572285428
0.0917821668999104,0.3040571572285428
-0.07275573998349752,0.3040571572285428
0.07728475198911411,0.3040571572285428
-0.0954784055594045,0.3040571572285428
-0.05930908365541411,0.3040571572285428
0.04184197783977298,0.3040571572285428
-0.10128330199069624,0.3040571572285428
0.07204902767904742,0.3040571572285428
0.028250420834116566,0.3040571572285428
-0.08247897301562443,0.3040571572285428
-0.07607974244319757,0.3040571572285428
-0.05529561585815225,0.3040571572285428
0.08816129859315366,0.3040571572285428
-0.07899289723361513,0.3040571572285428
0.07879882798089943,0.3040571572285428
0.07820419515293323,0.3040571572285428
-0.10564614541448236,0.3040571572285428
0.028743140640388232,0.3040571572285428
0.08863022772660831,0.3040571572285428
-0.06356808989828469,0.3040571572285428
0.0709415007119936,0.3040571572285428
-0.07511959070647478,0.3040571572285428
-0.09190669042224114,0.3040571572285428
0.09159590249884958,0.3040571572285428
0.0881724933988502,0.3040571572285428
-0.059286901614331,0.3040571572285428
0.03600920038270007,0.3040571572285428
0.026090603318829064,0.3040571572285428
0.08247897301562443,0.3040571572285428
-0.06679192467834383,0.3040571572285428
-0.09272080962779869,0.3040571572285428
-0.09873719889305074,0.3040571572285428
-0.0480012129495076,0.3040571572285428
-0.02421242059712965,0.3040571572285428
-0.10621144286572076,0.3040571572285428
-0.07038603548774208,0.3040571572285428
0.09326690282134897,0.3040571572285428
-0.08601901710359372,0.3040571572285428
-0.08447193338306584,0.3040571572285428
-0.0668905670897521,0.3040571572285428
-0.06809223853340995,0.3040571572285428
0.0634472654457933,0.3040571572285428
-0.02421242059712965,0.3040571572285428
0.08553366428308742,0.3040571572285428
-0.07728475198911411,0.3040571572285428
0.10564614541448236,0.3040571572285428
0.09697162483459207,0.3040571572285428
-0.06150037287023625,0.3040571572285428
-0.08816129859315366,0.3040571572285428
0.11848960367250894,0.3040571572285428
-0.09326690282134897,0.3040571572285428
0.09791614808415527,0.3040571572285428
0.0743890877800086,0.3040571572285428
-0.12214657928219694,0.3040571572285428
0.07728475198911411,0.3040571572285428
-0.08834878752876568,0.3040571572285428
-0.09398069366382725,0.3040571572285428
-0.09446789987971593,0.3040571572285428
0.07511959070647478,0.3040571572285428
-0.051845404827185984,0.3040571572285428
-0.08100727280973198,0.3040571572285428
0.10019425868696091,0.3040571572285428
0.07257484850850468,0.3040571572285428
-0.04349800903583105,0.3040571572285428
0.0480012129495076,0.3040571572285428
-0.08548843614043314,0.3040571572285428
0.09326690282134897,0.3040571572285428
-0.07650356317344095,0.3040571572285428
0.0969543150015254,0.3040571572285428
0.09791614808415527,0.3040571572285428
-0.12660706963516113,0.3040571572285428
-0.021654998138302683,0.3040571572285428
-0.08738443890423647,0.3040571572285428
0.11379095262233556,0.3040571572285428
0.0787729499570616,0.3040571572285428
-0.11522977614116398,0.3040571572285428
-0.03600920038270007,0.3040571572285428
-0.08834878752876568,0.3040571572285428
0.10391383924369914,0.3040571572285428
0.10590917556937465,0.3040571572285428
-0.07820419515293323,0.3040571572285428
-0.017696417284906115,0.3040571572285428
-0.09204769628382625,0.3040571572285428
-0.07626868268055051,0.3040571572285428
0.07650356317344095,0.3040571572285428
0.12229854678123399,0.3040571572285428
-0.02637223811241715,0.3040571572285428
-0.08036558704511712,0.3040571572285428
-0.08933874364262322,0.3040571572285428
-0.07728475198911411,0.3040571572285428
0.09943348499680008,0.3040571572285428
-0.08861903292091178,0.3040571572285428
-0.06807683707703044,0.3040571572285428
-0.06670125246112008,0.3040571572285428
0.021654998138302683,0.3040571572285428
-0.056254257088696115,0.3040571572285428
-0.0855839105905224,0.3040571572285428
-0.051451423980473865,0.3040571572285428
-0.0783032055473237,0.3040571572285428
-0.021654998138302683,0.3040571572285428
-0.0787729499570616,0.3040571572285428
-0.0634472654457933,0.3040571572285428
-0.06356808989828469,0.3040571572285428
-0.09312589695976385,0.3040571572285428
-0.051845404827185984,0.3040571572285428
-0.03600920038270007,0.3040571572285428
-0.051451423980473865,0.3040571572285428
0.09061561492015324,0.3040571572285428
0.09969032466334135,0.3040571572285428
0.08630158079765929,0.3040571572285428
-0.051451423980473865,0.3040571572285428
-0.09333943885859528,0.3040571572285428
0.07632460025239132,0.3040571572285428
-0.08601901710359372,0.3040571572285428
-0.07707231797756933,0.3040571572285428
-0.09104731267720789,0.3040571572285428
0.08834878752876568,0.3040571572285428
0.09105388544402204,0.3040571572285428
0.03394449773014477,0.3040571572285428
0.07456805070105821,0.3040571572285428
-0.11379095262233556,0.3040571572285428
-0.09159590249884958,0.3040571572285428
-0.09272080962779869,0.3040571572285428
-0.08226307296246926,0.3040571572285428
0.08693813758546862,0.3040571572285428
0.101602947805243,0.3040571572285428
0.06936918073791203,0.3040571572285428
-0.08793724799044814,0.3040571572285428
0.08765580779260551,0.3040571572285428
0.07699918560701668,0.3040571572285428
-0.07699918560701668,0.3040571572285428
0.07204902767904742,0.3040571572285428
-0.10660528025079857,0.3040571572285428
0.013165697241647534,0.3040571572285428
-0.08354070391564601,0.3040571572285428
0.08933874364262322,0.3040571572285428
-0.10270420487894225,0.3040571572285428
0.07275573998349752,0.3040571572285428
-0.08206900370975356,0.3040571572285428
-0.021654998138302683,0.3040571572285428
-0.09969032466334135,0.3040571572285428
-0.04349800903583105,0.3040571572285428
0.05529561585815225,0.3040571572285428
0.06807683707703044,0.3040571572285428
0.10564614541448236,0.3040571572285428
0.07204902767904742,0.3040571572285428
0.09159590249884958,0.3040571572285428
0.05861186118451605,0.3040571572285428
0.09326690282134897,0.3040571572285428
-0.030807843292943532,0.3040571572285428
-0.08906849825047712,0.3040571572285428
-0.028250420834116566,0.3040571572285428
-0.0480012129495076,0.3040571572285428
-0.044356596174055,0.3040571572285428
0.09806790734631979,0.3040571572285428
-0.1282024489429382,0.3040571572285428
0.030807843292943532,0.3040571572285428
-0.09549390295055746,0.3040571572285428
-0.07728475198911411,0.3040571572285428
-0.07879882798089943,0.3040571572285428
-0.08834878752876568,0.3040571572285428
0.03386104676554813,0.3040571572285428
-0.09319843299701017,0.3040571572285428
0.09948380559772524,0.3040571572285428
0.011046723355482117,0.3040571572285428
-0.10046750501101716,0.3040571572285428
-0.0866914591680763,0.3040571572285428
0.09398069366382725,0.3040571572285428
0.09802753696528457,0.3040571572285428
-0.09908776037505053,0.3040571572285428
-0.0743890877800086,0.3040571572285428
0.08024465016295405,0.3040571572285428
-0.09486482440013738,0.3040571572285428
-0.07590077952214794,0.3040571572285428
0.11173687288867226,0.3040571572285428
-0.07887196035145208,0.3040571572285428
-0.011141838218214316,0.3040571572285428
0.05529561585815225,0.3040571572285428
0.07887196035145208,0.3040571572285428
0.07682022268596707,0.3040571572285428
-0.08447193338306584,0.3040571572285428
0.03090295815567573,0.3040571572285428
-0.0783032055473237,0.3040571572285428
0.08601901710359372,0.3040571572285428
0.09549390295055746,0.3040571572285428
0.08027052818679188,0.3040571572285428
0.04051240429637662,0.3040571572285428
0.0743890877800086,0.3040571572285428
-0.07590077952214794,0.3040571572285428
0.006611118174955735,0.3040571572285428
-0.09336206443303065,0.3040571572285428
0.0591205867333332,0.3040571572285428
0.09104731267720789,0.3040571572285428
0.10660528025079857,0.3040571572285428
0.09245528024388282,0.3040571572285428
0.1034602993344518,0.3040571572285428
-0.07650356317344095,0.3040571572285428
-0.07511959070647478,0.3040571572285428
-0.028743140640388232,0.3040571572285428
-0.06150037287023625,0.3040571572285428
0.021654998138302683,0.3040571572285428
-0.09031903122131957,0.3040571572285428
-0.07534923951673138,0.3040571572285428
-0.011046723355482117,0.3040571572285428
-0.06551498247384174,0.3040571572285428
0.07312638851392125,0.3040571572285428
-0.06150037287023625,0.3040571572285428
0.026090603318829064,0.3040571572285428
-0.10519260550523504,0.3040571572285428
-0.06679989487252837,0.3040571572285428
0.09789180546684617,0.3040571572285428
0.08933874364262322,0.3040571572285428
-0.08206900370975356,0.3040571572285428
-0.09508148103898303,0.3040571572285428
0.09368563921289885,0.3040571572285428
-0.06679989487252837,0.3040571572285428
0.0960341343692713,0.3040571572285428
0.09705069709160204,0.3040571572285428
0.07820419515293323,0.3040571572285428
-0.1021215084878712,0.3040571572285428
0.09050529562238037,0.3040571572285428
0.09486482440013738,0.3040571572285428
-0.04349800903583105,0.3040571572285428
-0.07820419515293323,0.3040571572285428
0.09204769628382625,0.3040571572285428
-0.09515352051175056,0.3040571572285428
0.05235413037600313,0.3040571572285428
0.08816129859315366,0.3040571572285428
-0.07167837914862367,0.3040571572285428
0.09454124962026919,0.3040571572285428
-0.09776035901936822,0.3040571572285428
0.09159590249884958,0.3040571572285428
0.06346944748687641,0.3040571572285428
-0.00848930089665515,0.3040571572285428
0.04349800903583105,0.3040571572285428
0.059142768774416314,0.3040571572285428
-0.04390668049232828,0.3040571572285428
-0.08548843614043314,0.3040571572285428
0.024307535459861848,0.3040571572285428
-0.06927850852068829,0.3040571572285428
0.08959932049960811,0.3040571572285428
0.052576380092015526,0.3040571572285428
-0.08553366428308742,0.3040571572285428
-0.059286901614331,0.3040571572285428
-0.0866914591680763,0.3040571572285428
0.08933874364262322,0.3040571572285428
-0.09702816691620664,0.3040571572285428
0.04355394387084565,0.3040571572285428
0.0480012129495076,0.3040571572285428
-0.08906849825047712,0.3040571572285428
-0.06346944748687641,0.3040571572285428
0.0559706562879672,0.3040571572285428
-0.02421242059712965,0.3040571572285428
-0.1021215084878712,0.3040571572285428
-0.09894371795866687,0.3040571572285428
0.08630158079765929,0.3040571572285428
-0.030807843292943532,0.3040571572285428
-0.0709415007119936,0.3040571572285428
-0.1037941121344849,0.3040571572285428
-0.08601901710359372,0.3040571572285428
-0.0709415007119936,0.3040571572285428
-0.07404222987160095,0.3040571572285428
0.051451423980473865,0.3040571572285428
-0.08834878752876568,0.3040571572285428
0.10617125074318087,0.3040571572285428
0.10301282863684647,0.3040571572285428
0.08437645893297657,0.3040571572285428
0.09446789987971593,0.3040571572285428
0.07524723941751749,0.3040571572285428
-0.06551498247384174,0.3040571572285428
0.05241006521101774,0.3040571572285428
0.07204902767904742,0.3040571572285428
-0.08231331926990423,0.3040571572285428
0.05241006521101774,0.3040571572285428
0.06150037287023625,0.3040571572285428
-0.11803641953460067,0.3040571572285428
0.09312589695976385,0.3040571572285428
-0.0601310201194295,0.3040571572285428
0.11317569640750068,0.3040571572285428
0.09696981239267836,0.3040571572285428
-0.09956452118069915,0.3040571572285428
-0.0855839105905224,0.3040571572285428
-0.017696417284906115,0.3040571572285428
-0.07827732752348587,0.3040571572285428
-0.09050529562238037,0.3040571572285428
-0.08721957778331124,0.3040571572285428
-0.08961051530530464,0.3040571572285428
0.09806790734631979,0.3040571572285428
-0.07511959070647478,0.3040571572285428
-0.08247897301562443,0.3040571572285428
-0.08834878752876568,0.3040571572285428
0.09802753696528457,0.3040571572285428
0.1218079356886258,0.3040571572285428
-0.056929297518511064,0.3040571572285428
0.026185718181561263,0.3040571572285428
-0.02421242059712965,0.3040571572285428
0.07632460025239132,0.3040571572285428
0.0634472654457933,0.3040571572285428
0.12237587820112389,0.3040571572285428
-0.11379095262233556,0.3040571572285428
-0.05476766930683767,0.3040571572285428
-0.08592354265350445,0.3040571572285428
-0.0743890877800086,0.3040571572285428
-0.0743890877800086,0.3040571572285428
-0.09883051663562387,0.3040571572285428
0.09245278361579143,0.3040571572285428
0.08100727280973198,0.3040571572285428
0.052576380092015526,0.3040571572285428
-0.09791433564224157,0.3040571572285428
0.08514437544754844,0.3040571572285428
0.12229854678123399,0.3040571572285428
0.07879882798089943,0.3040571572285428
-0.06150037287023625,0.3040571572285428
0.11625294525393848,0.3040571572285428
0.07386326695055132,0.3040571572285428
0.07293470290454712,0.3040571572285428
0.028743140640388232,0.3040571572285428
-0.06346944748687641,0.3040571572285428
-0.026185718181561263,0.3040571572285428
0.08548843614043314,0.3040571572285428
-0.07887196035145208,0.3040571572285428
-0.09640544684060263,0.3040571572285428
-0.09610617384203883,0.3040571572285428
0.028743140640388232,0.3040571572285428
0.06356808989828469,0.3040571572285428
0.08553366428308742,0.3040571572285428
-0.09791614808415527,0.3040571572285428
-0.10590917556937465,0.3040571572285428
-0.08036558704511712,0.3040571572285428
-0.059286901614331,0.3040571572285428
0.07728475198911411,0.3040571572285428
0.006611118174955735,0.3040571572285428
0.021654998138302683,0.3040571572285428
0.08961051530530464,0.3040571572285428
-0.06936918073791203,0.3040571572285428
-0.0668905670897521,0.3040571572285428
0.06475435988556302,0.3040571572285428
0.105008164962522,0.3040571572285428
-0.07404222987160095,0.3040571572285428
-0.08442670524041154,0.3040571572285428
-0.09259628610546794,0.3040571572285428
0.05642057196969391,0.3040571572285428
-0.09988285540442368,0.3040571572285428
0.08437645893297657,0.3040571572285428
-0.06936918073791203,0.3040571572285428
-0.10647447302061305,0.3040571572285428
-0.07899289723361513,0.3040571572285428
-0.06135461864237945,0.3040571572285428
-0.10590917556937465,0.3040571572285428
-0.06670125246112008,0.3040571572285428
-0.07632460025239132,0.3040571572285428
0.08933874364262322,0.3040571572285428
-0.04503163660386995,0.3040571572285428
-0.08816129859315366,0.3040571572285428
0.08036558704511712,0.3040571572285428
0.03600920038270007,0.3040571572285428
0.055804341406969396,0.3040571572285428
-0.03090295815567573,0.3040571572285428
-0.09074013844248399,0.3040571572285428
0.09034536952800715,0.3040571572285428
-0.07787938481708032,0.3040571572285428
-0.09390815762658093,0.3040571572285428
-0.10295590563730994,0.3040571572285428
0.035739229487247545,0.3040571572285428
-0.011046723355482117,0.3040571572285428
0.0943776181842487,0.3040571572285428
0.055804341406969396,0.3040571572285428
-0.07167837914862367,0.3040571572285428
0.11337803452410652,0.3040571572285428
-0.04355394387084565,0.3040571572285428
-0.08959932049960811,0.3040571572285428
-0.08363617836573528,0.3040571572285428
0.07511959070647478,0.3040571572285428
-0.08793724799044814,0.3040571572285428
-0.07577306024697476,0.3040571572285428
-0.06927850852068829,0.3040571572285428
-0.06927850852068829,0.3040571572285428
0.08630158079765929,0.3040571572285428
0.11379095262233556,0.3040571572285428
0.10128330199069624,0.3040571572285428
0.0917821668999104,0.3040571572285428
-0.07386326695055132,0.3040571572285428
-0.059142768774416314,0.3040571572285428
-0.08747951366269002,0.3040571572285428
-0.07899289723361513,0.3040571572285428
-0.09791614808415527,0.3040571572285428
-0.05529561585815225,0.3040571572285428
0.0866914591680763,0.3040571572285428
0.09104731267720789,0.3040571572285428
0.06346944748687641,0.3040571572285428
-0.07967589535882567,0.3040571572285428
0.07100252853442311,0.3040571572285428
0.056254257088696115,0.3040571572285428
0.0634472654457933,0.3040571572285428
-0.07820419515293323,0.3040571572285428
-0.09159590249884958,0.3040571572285428
0.05529561585815225,0.3040571572285428
-0.015043879963346949,0.3040571572285428
0.030807843292943532,0.3040571572285428
-0.12077433262581119,0.3040571572285428
-0.06972558632992104,0.3040571572285428
0.0979790486405859,0.3040571572285428
0.015043879963346949,0.3040571572285428
-0.051451423980473865,0.3040571572285428
-0.07889388683922467,0.3040571572285428
-0.0591205867333332,0.3040571572285428
0.10844556155393288,0.3040571572285428
0.07511959070647478,0.3040571572285428
-0.03090295815567573,0.3040571572285428
0.051395489145459265,0.3040571572285428
-0.09272080962779869,0.3040571572285428
0.06807683707703044,0.3040571572285428
-0.09491735303848377,0.3040571572285428
0.06254088862965779,0.3040571572285428
-0.11317569640750068,0.3040571572285428
0.09885485925293297,0.3040571572285428
0.07650356317344095,0.3040571572285428
0.061089661349973366,0.3040571572285428
-0.0979790486405859,0.3040571572285428
-0.0960341343692713,0.3040571572285428
0.09886300237569295,0.3040571572285428
-0.06484503210278678,0.3040571572285428
0.0881724933988502,0.3040571572285428
-0.056254257088696115,0.3040571572285428
0.0969543150015254,0.3040571572285428
0.11227076832651153,0.3040571572285428
0.04045646946136201,0.3040571572285428
-0.08737324409853994,0.3040571572285428
-0.08766700259830204,0.3040571572285428
-0.056929297518511064,0.3040571572285428
0.09272080962779869,0.3040571572285428
-0.07312638851392125,0.3040571572285428
0.06670125246112008,0.3040571572285428
0.09312589695976385,0.3040571572285428
0.10660528025079857,0.3040571572285428
-0.07167837914862367,0.3040571572285428
0.09245278361579143,0.3040571572285428
-0.11038814788424312,0.3040571572285428
-0.09398069366382725,0.3040571572285428
0.03090295815567573,0.3040571572285428
-0.028743140640388232,0.3040571572285428
-0.06356808989828469,0.3040571572285428
0.0960341343692713,0.3040571572285428
-0.09245528024388282,0.3040571572285428
-0.10026080728444849,0.3040571572285428
0.030807843292943532,0.3040571572285428
-0.07887196035145208,0.3040571572285428
-0.06346944748687641,0.3040571572285428
0.08747951366269002,0.3040571572285428
0.09948380559772524,0.3040571572285428
-0.0668905670897521,0.3040571572285428
0.013165697241647534,0.3040571572285428
0.0480012129495076,0.3040571572285428
0.13036021554647195,0.3040571572285428
-0.05861186118451605,0.3040571572285428
0.08979677970636546,0.3040571572285428
0.0743890877800086,0.3040571572285428
0.07820419515293323,0.3040571572285428
0.09944765198228642,0.3040571572285428
-0.08437645893297657,0.3040571572285428
-0.0979565184651905,0.3040571572285428
-0.024307535459861848,0.3040571572285428
0.07590077952214794,0.3040571572285428
-0.09540505581885125,0.3040571572285428
-0.059286901614331,0.3040571572285428
0.07820419515293323,0.3040571572285428
-0.06346944748687641,0.3040571572285428
-0.08036558704511712,0.3040571572285428
0.06346944748687641,0.3040571572285428
-0.07709819600140716,0.3040571572285428
-0.051395489145459265,0.3040571572285428
-0.06679989487252837,0.3040571572285428
0.105008164962522,0.3040571572285428
0.07257484850850468,0.3040571572285428
0.10250843493970462,0.3040571572285428
-0.08354070391564601,0.3040571572285428
0.07331172694513476,0.3040571572285428
0.0559706562879672,0.3040571572285428
-0.056254257088696115,0.3040571572285428
0.06679989487252837,0.3040571572285428
-0.0748234186872741,0.3040571572285428
-0.101602947805243,0.3040571572285428
-0.06125597623097116,0.3040571572285428
0.09969032466334135,0.3040571572285428
-0.08235854741255853,0.3040571572285428
0.0668905670897521,0.3040571572285428
0.1099811950643947,0.3040571572285428
0.09702635447429293,0.3040571572285428
-0.08226307296246926,0.3040571572285428
0.00848930089665515,0.3040571572285428
-0.0312919604085856,0.3040571572285428
0.04807317617833898,0.3040571572285428
-0.08553366428308742,0.3040571572285428
0.046948220066797317,0.3040571572285428
0.0943050821470024,0.3040571572285428
-0.0917821668999104,0.3040571572285428
0.09610617384203883,0.3040571572285428
-0.09549390295055746,0.3040571572285428
0.1308107295215638,0.3040571572285428
-0.05930908365541411,0.3040571572285428
0.07887196035145208,0.3040571572285428
0.11379095262233556,0.3040571572285428
-0.0748234186872741,0.3040571572285428
0.05190133966220058,0.3040571572285428
0.051845404827185984,0.3040571572285428
-0.00848930089665515,0.3040571572285428
0.06973982926833577,0.3040571572285428
0.03090295815567573,0.3040571572285428
-0.04051240429637662,0.3040571572285428
-0.0480012129495076,0.3040571572285428
-0.07590077952214794,0.3040571572285428
0.0709415007119936,0.3040571572285428
0.1012691350052099,0.3040571572285428
0.09948380559772524,0.3040571572285428
-0.07511959070647478,0.3040571572285428
-0.0668905670897521,0.3040571572285428
-0.03839176680880672,0.3040571572285428
0.011046723355482117,0.3040571572285428
-0.013165697241647534,0.3040571572285428
-0.056929297518511064,0.3040571572285428
-0.10005428821883236,0.3040571572285428
-0.05190133966220058,0.3040571572285428
-0.051845404827185984,0.3040571572285428
-0.07408654025064404,0.3040571572285428
0.051395489145459265,0.3040571572285428
-0.006611118174955735,0.3040571572285428
-0.09702816691620664,0.3040571572285428
-0.06346944748687641,0.3040571572285428
-0.08548843614043314,0.3040571572285428
0.08905730344478059,0.3040571572285428
-0.055804341406969396,0.3040571572285428
-0.051395489145459265,0.3040571572285428
0.07889388683922467,0.3040571572285428
0.06936918073791203,0.3040571572285428
0.0960341343692713,0.3040571572285428
0.0960341343692713,0.3040571572285428
-0.09333943885859528,0.3040571572285428
-0.08834878752876568,0.3040571572285428
0.03600920038270007,0.3040571572285428
-0.05529561585815225,0.3040571572285428
0.056254257088696115,0.3040571572285428
0.10046750501101716,0.3040571572285428
-0.08888100931486512,0.3040571572285428
-0.08630158079765929,0.3040571572285428
0.09204769628382625,0.3040571572285428
0.0917821668999104,0.3040571572285428
-0.08027052818679188,0.3040571572285428
-0.09326690282134897,0.3040571572285428
0.0855839105905224,0.3040571572285428
-0.06346944748687641,0.3040571572285428
-0.07607974244319757,0.3040571572285428
-0.10519260550523504,0.3040571572285428
-0.08553366428308742,0.3040571572285428
-0.059286901614331,0.3040571572285428
0.1197525056542505,0.3040571572285428
-0.08816129859315366,0.3040571572285428
0.09423173240644914,0.3040571572285428
0.09326690282134897,0.3040571572285428
-0.08592354265350445,0.3040571572285428
0.06679989487252837,0.3040571572285428
0.0783032055473237,0.3040571572285428
0.09104731267720789,0.3040571572285428
-0.056254257088696115,0.3040571572285428
0.07626868268055051,0.3040571572285428
0.0480012129495076,0.3040571572285428
-0.006611118174955735,0.3040571572285428
0.09031903122131957,0.3040571572285428
-0.07887196035145208,0.3040571572285428
0.0559706562879672,0.3040571572285428
0.0866914591680763,0.3040571572285428
-0.07785350679324249,0.3040571572285428
-0.0591205867333332,0.3040571572285428
-0.04349800903583105,0.3040571572285428
-0.07699918560701668,0.3040571572285428
0.10250843493970462,0.3040571572285428
0.06964915705111202,0.3040571572285428
-0.07879882798089943,0.3040571572285428
-0.08816129859315366,0.3040571572285428
-0.09806790734631979,0.3040571572285428
0.09398069366382725,0.3040571572285428
-0.017601302422173917,0.3040571572285428
0.09610617384203883,0.3040571572285428
-0.08601901710359372,0.3040571572285428
0.06551498247384174,0.3040571572285428
0.08601901710359372,0.3040571572285428
0.07590077952214794,0.3040571572285428
-0.09549390295055746,0.3040571572285428
0.07839826440564893,0.3040571572285428
-0.08816129859315366,0.3040571572285428
0.05476766930683767,0.3040571572285428
0.11750067154269209,0.3040571572285428
0.059286901614331,0.3040571572285428
-0.09609067645088587,0.3040571572285428
0.051451423980473865,0.3040571572285428
0.0743890877800086,0.3040571572285428
0.09702816691620664,0.3040571572285428
0.08765580779260551,0.3040571572285428
0.07408654025064404,0.3040571572285428
-0.03090295815567573,0.3040571572285428
-0.1310941506341973,0.3040571572285428
0.0866914591680763,0.3040571572285428
-0.0979790486405859,0.3040571572285428
-0.07607974244319757,0.3040571572285428
-0.0881724933988502,0.3040571572285428
-0.08120134206244768,0.3040571572285428
0.09252531965303773,0.3040571572285428
0.09802753696528457,0.3040571572285428
-0.05673674392347783,0.3040571572285428
-0.021654998138302683,0.3040571572285428
-0.08888100931486512,0.3040571572285428
0.07511959070647478,0.3040571572285428
0.08816129859315366,0.3040571572285428
-0.026090603318829064,0.3040571572285428
0.08601901710359372,0.3040571572285428
-0.06807683707703044,0.3040571572285428
0.04349800903583105,0.3040571572285428
0.07257484850850468,0.3040571572285428
0.030807843292943532,0.3040571572285428
-0.09948380559772524,0.3040571572285428
0.05529561585815225,0.3040571572285428
0.07607974244319757,0.3040571572285428
0.1254292607160703,0.3040571572285428
-0.09695612744343912,0.3040571572285428
0.08247897301562443,0.3040571572285428
-0.011046723355482117,0.3040571572285428
-0.04045646946136201,0.3040571572285428
-0.059286901614331,0.3040571572285428
0.06927850852068829,0.3040571572285428
-0.0559706562879672,0.3040571572285428
0.08625635265500498,0.3040571572285428
-0.08625635265500498,0.3040571572285428
0.0859737889609394,0.3040571572285428
-0.09555044503217203,0.3040571572285428
0.06679989487252837,0.3040571572285428
0.0480012129495076,0.3040571572285428
0.08834878752876568,0.3040571572285428
-0.08698336572812293,0.3040571572285428
0.08247897301562443,0.3040571572285428
-0.024307535459861848,0.3040571572285428
0.06551498247384174,0.3040571572285428
-0.026090603318829064,0.3040571572285428
0.0787729499570616,0.3040571572285428
-0.07386326695055132,0.3040571572285428
-0.09430426844369545,0.3040571572285428
-0.06484503210278678,0.3040571572285428
0.026090603318829064,0.3040571572285428
0.08816129859315366,0.3040571572285428
0.10844556155393288,0.3040571572285428
-0.07899289723361513,0.3040571572285428
-0.1218079356886258,0.3040571572285428
0.08437645893297657,0.3040571572285428
-0.08437645893297657,0.3040571572285428
0.09159590249884958,0.3040571572285428
-0.09948380559772524,0.3040571572285428
-0.030807843292943532,0.3040571572285428
-0.059142768774416314,0.3040571572285428
0.07889388683922467,0.3040571572285428
0.00848930089665515,0.3040571572285428
-0.10694145411984801,0.3040571572285428
0.07220419997808095,0.3040571572285428
0.09969032466334135,0.3040571572285428
-0.09204769628382625,0.3040571572285428
0.07887196035145208,0.3040571572285428
0.09326690282134897,0.3040571572285428
0.08247897301562443,0.3040571572285428
0.11227076832651153,0.3040571572285428
-0.09326690282134897,0.3040571572285428
-0.05861186118451605,0.3040571572285428
-0.07257484850850468,0.3040571572285428
0.0634472654457933,0.3040571572285428
-0.06936918073791203,0.3040571572285428
0.07632460025239132,0.3040571572285428
0.030807843292943532,0.3040571572285428
0.07167837914862367,0.3040571572285428
-0.028743140640388232,0.3040571572285428
0.08036558704511712,0.3040571572285428
-0.07887196035145208,0.3040571572285428
0.0480012129495076,0.3040571572285428
0.0855839105905224,0.3040571572285428
-0.0866914591680763,0.3040571572285428
0.035739229487247545,0.3040571572285428
0.08834878752876568,0.3040571572285428
-0.0917821668999104,0.3040571572285428
0.051395489145459265,0.3040571572285428
-0.09789180546684617,0.3040571572285428
0.0917821668999104,0.3040571572285428
0.07607974244319757,0.3040571572285428
-0.06679989487252837,0.3040571572285428
-0.07607974244319757,0.3040571572285428
0.09319843299701017,0.3040571572285428
-0.08027052818679188,0.3040571572285428
0.09948380559772524,0.3040571572285428
0.07728475198911411,0.3040571572285428
0.0855839105905224,0.3040571572285428
-0.07887196035145208,0.3040571572285428
0.07167837914862367,0.3040571572285428
-0.04349800903583105,0.3040571572285428
0.09486482440013738,0.3040571572285428
0.09245528024388282,0.3040571572285428
0.09272080962779869,0.3040571572285428
0.03600920038270007,0.3040571572285428
-0.07899289723361513,0.3040571572285428
0.07636769307494097,0.3040571572285428
-0.06135461864237945,0.3040571572285428
-0.0787729499570616,0.3040571572285428
0.0960341343692713,0.3040571572285428
-0.0480012129495076,0.3040571572285428
0.08765580779260551,0.3040571572285428
-0.06473217784447992,0.3040571572285428
-0.09034536952800715,0.3040571572285428
0.013165697241647534,0.3040571572285428
0.09159590249884958,0.3040571572285428
-0.08221826041157901,0.3040571572285428
0.12214657928219694,0.3040571572285428
-0.062374573748659984,0.3040571572285428
0.09312589695976385,0.3040571572285428
-0.051451423980473865,0.3040571572285428
0.09245528024388282,0.3040571572285428
-0.06846288706383369,0.3040571572285428
-0.09031903122131957,0.3040571572285428
-0.021654998138302683,0.3040571572285428
-0.09713955579733594,0.3040571572285428
0.07887196035145208,0.3040571572285428
0.08548843614043314,0.3040571572285428
-0.038447701643821316,0.3040571572285428
-0.03090295815567573,0.3040571572285428
-0.07887196035145208,0.3040571572285428
0.08601901710359372,0.3040571572285428
-0.04349800903583105,0.3040571572285428
-0.09789180546684617,0.3040571572285428
0.051845404827185984,0.3040571572285428
0.09159590249884958,0.3040571572285428
0.08961051530530464,0.3040571572285428
-0.021654998138302683,0.3040571572285428
-0.07607974244319757,0.3040571572285428
-0.1282024489429382,0.3040571572285428
-0.08863022772660831,0.3040571572285428
-0.07331172694513476,0.3040571572285428
-0.09333943885859528,0.3040571572285428
-0.10076474130806803,0.3040571572285428
0.09549390295055746,0.3040571572285428
-0.134997408789187,0.3040571572285428
-0.09159590249884958,0.3040571572285428
0.017601302422173917,0.3040571572285428
-0.07709819600140716,0.3040571572285428
-0.08844273879099629,0.3040571572285428
-0.06125597623097116,0.3040571572285428
0.08765580779260551,0.3040571572285428
-0.056929297518511064,0.3040571572285428
-0.09549390295055746,0.3040571572285428
-0.08036558704511712,0.3040571572285428
0.07534923951673138,0.3040571572285428
-0.04045646946136201,0.3040571572285428
0.08861903292091178,0.3040571572285428
0.09272080962779869,0.3040571572285428
0.08910379997020529,0.3040571572285428
0.09877414366995906,0.3040571572285428
0.0480012129495076,0.3040571572285428
-0.05863404322559916,0.3040571572285428
-0.10590917556937465,0.3040571572285428
-0.04051240429637662,0.3040571572285428
-0.0866914591680763,0.3040571572285428
0.09702635447429293,0.3040571572285428
-0.07650356317344095,0.3040571572285428
-0.07785350679324249,0.3040571572285428
-0.06125597623097116,0.3040571572285428
-0.015043879963346949,0.3040571572285428
0.055804341406969396,0.3040571572285428
0.08816129859315366,0.3040571572285428
-0.08737324409853994,0.3040571572285428
-0.07820419515293323,0.3040571572285428
-0.0709415007119936,0.3040571572285428
0.09374452619056045,0.3040571572285428
0.051451423980473865,0.3040571572285428
-0.08979677970636546,0.3040571572285428
-0.11173687288867226,0.3040571572285428
0.08120134206244768,0.3040571572285428
-0.11815545071976974,0.3040571572285428
-0.07887196035145208,0.3040571572285428
-0.08738443890423647,0.3040571572285428
-0.09948380559772524,0.3040571572285428
-0.06551498247384174,0.3040571572285428
-0.0979790486405859,0.3040571572285428
-0.059286901614331,0.3040571572285428
0.08676184345555314,0.3040571572285428
0.0866914591680763,0.3040571572285428
-0.07778037442268984,0.3040571572285428
0.07220419997808095,0.3040571572285428
-0.06473217784447992,0.3040571572285428
-0.07257484850850468,0.3040571572285428
0.07899289723361513,0.3040571572285428
0.08359095022308097,0.3040571572285428
-0.09486482440013738,0.3040571572285428
-0.07590077952214794,0.3040571572285428
-0.038447701643821316,0.3040571572285428
0.06356808989828469,0.3040571572285428
0.09486482440013738,0.3040571572285428
0.0709415007119936,0.3040571572285428
0.06936918073791203,0.3040571572285428
-0.03090295815567573,0.3040571572285428
0.04045646946136201,0.3040571572285428
0.12420484585009015,0.3040571572285428
-0.0917821668999104,0.3040571572285428
-0.07511959070647478,0.3040571572285428
0.06551498247384174,0.3040571572285428
0.06679989487252837,0.3040571572285428
0.08027052818679188,0.3040571572285428
0.0709415007119936,0.3040571572285428
-0.015043879963346949,0.3040571572285428
-0.06936918073791203,0.3040571572285428
0.059286901614331,0.3040571572285428
-0.028743140640388232,0.3040571572285428
0.09806790734631979,0.3040571572285428
-0.06356808989828469,0.3040571572285428
0.08765580779260551,0.3040571572285428
0.059142768774416314,0.3040571572285428
0.041746862977040784,0.3040571572285428
0.05930908365541411,0.3040571572285428
-0.09398069366382725,0.3040571572285428
-0.09695612744343912,0.3040571572285428
0.09159590249884958,0.3040571572285428
-0.11848960367250894,0.3040571572285428
0.09862581001192144,0.3040571572285428
0.06058093580115621,0.3040571572285428
-0.10763755880127193,0.3040571572285428
-0.09374452619056045,0.3040571572285428
0.059286901614331,0.3040571572285428
0.11803910015732813,0.3040571572285428
-0.06150037287023625,0.3040571572285428
0.1004533380255308,0.3040571572285428
-0.052576380092015526,0.3040571572285428
0.08630158079765929,0.3040571572285428
-0.06551498247384174,0.3040571572285428
-0.03090295815567573,0.3040571572285428
0.08961051530530464,0.3040571572285428
-0.0709415007119936,0.3040571572285428
-0.07899289723361513,0.3040571572285428
0.07155406853983967,0.3040571572285428
0.08548843614043314,0.3040571572285428
0.028743140640388232,0.3040571572285428
0.09031903122131957,0.3040571572285428
-0.07728475198911411,0.3040571572285428
0.06973982926833577,0.3040571572285428
0.07626868268055051,0.3040571572285428
0.08235854741255853,0.3040571572285428
0.07632460025239132,0.3040571572285428
-0.11284413908626723,0.3040571572285428
0.08036558704511712,0.3040571572285428
-0.08766700259830204,0.3040571572285428
-0.07887196035145208,0.3040571572285428
0.09948380559772524,0.3040571572285428
0.028743140640388232,0.3040571572285428
0.09326690282134897,0.3040571572285428
-0.08247897301562443,0.3040571572285428
-0.09374452619056045,0.3040571572285428
-0.09555044503217203,0.3040571572285428
0.07534923951673138,0.3040571572285428
-0.06679989487252837,0.3040571572285428
0.015043879963346949,0.3040571572285428
-0.08027052818679188,0.3040571572285428
0.09031903122131957,0.3040571572285428
0.09486482440013738,0.3040571572285428
0.09374452619056045,0.3040571572285428
0.07204902767904742,0.3040571572285428
-0.07456805070105821,0.3040571572285428
0.12351610172340753,0.3040571572285428
0.12237587820112389,0.3040571572285428
0.08816129859315366,0.3040571572285428
-0.06125597623097116,0.3040571572285428
-0.07167837914862367,0.3040571572285428
-0.08765580779260551,0.3040571572285428
0.08036558704511712,0.3040571572285428
0.10334664143687958,0.3040571572285428
0.07607974244319757,0.3040571572285428
0.08027052818679188,0.3040571572285428
0.08548843614043314,0.3040571572285428
0.06679192467834383,0.3040571572285428
-0.09104731267720789,0.3040571572285428
0.0634472654457933,0.3040571572285428
-0.0743890877800086,0.3040571572285428
0.09446789987971593,0.3040571572285428
0.03090295815567573,0.3040571572285428
-0.07728475198911411,0.3040571572285428
0.0480012129495076,0.3040571572285428
-0.0783032055473237,0.3040571572285428
0.10077936796707669,0.3040571572285428
0.09791614808415527,0.3040571572285428
0.12413626583063167,0.3040571572285428
0.09886300237569295,0.3040571572285428
-0.013165697241647534,0.3040571572285428
0.0866914591680763,0.3040571572285428
-0.026090603318829064,0.3040571572285428
-0.08905730344478059,0.3040571572285428
-0.09697162483459207,0.3040571572285428
0.06150037287023625,0.3040571572285428
-0.10551533818429684,0.3040571572285428
-0.10844556155393288,0.3040571572285428
0.07607974244319757,0.3040571572285428
-0.051451423980473865,0.3040571572285428
-0.02421242059712965,0.3040571572285428
-0.11559284670299502,0.3040571572285428
0.04349800903583105,0.3040571572285428
-0.030807843292943532,0.3040571572285428
-0.013165697241647534,0.3040571572285428
-0.08216801410414404,0.3040571572285428
-0.12782258633572333,0.3040571572285428
-0.08630158079765929,0.3040571572285428
-0.11904458958127918,0.3040571572285428
0.0960341343692713,0.3040571572285428
0.0917821668999104,0.3040571572285428
-0.0917821668999104,0.3040571572285428
-0.05818412754387245,0.3040571572285428
0.07590077952214794,0.3040571572285428
0.07511959070647478,0.3040571572285428
-0.11531835648642105,0.3040571572285428
-0.08447193338306584,0.3040571572285428
0.1282024489429382,0.3040571572285428
-0.09868871056835207,0.3040571572285428
-0.013165697241647534,0.3040571572285428
-0.07887196035145208,0.3040571572285428
0.05529561585815225,0.3040571572285428
-0.006611118174955735,0.3040571572285428
0.12275250648629142,0.3040571572285428
-0.10076474130806803,0.3040571572285428
-0.0881724933988502,0.3040571572285428
-0.055804341406969396,0.3040571572285428
-0.026185718181561263,0.3040571572285428
0.12054503370688424,0.3040571572285428
-0.08527184555852413,0.3040571572285428
0.0709415007119936,0.3040571572285428
-0.08226307296246926,0.3040571572285428
-0.09881451405099428,0.3040571572285428
-0.03839176680880672,0.3040571572285428
0.10026080728444849,0.3040571572285428
0.06936918073791203,0.3040571572285428
-0.09791614808415527,0.3040571572285428
0.09802753696528457,0.3040571572285428
-0.06927850852068829,0.3040571572285428
-0.10097189870815901,0.3040571572285428
-0.0480012129495076,0.3040571572285428
-0.08036558704511712,0.3040571572285428
0.09789180546684617,0.3040571572285428
-0.08906849825047712,0.3040571572285428
0.0960341343692713,0.3040571572285428
0.03090295815567573,0.3040571572285428
-0.08247897301562443,0.3040571572285428
-0.05642057196969391,0.3040571572285428
-0.056929297518511064,0.3040571572285428
-0.04045646946136201,0.3040571572285428
0.08120134206244768,0.3040571572285428
0.07251422027656246,0.3040571572285428
-0.07827732752348587,0.3040571572285428
0.07889388683922467,0.3040571572285428
-0.051451423980473865,0.3040571572285428
-0.11577475094230293,0.3040571572285428
0.07607974244319757,0.3040571572285428
0.09190669042224114,0.3040571572285428
0.08863022772660831,0.3040571572285428
-0.06551498247384174,0.3040571572285428
-0.0917821668999104,0.3040571572285428
-0.05190133966220058,0.3040571572285428
0.11795570717082897,0.3040571572285428
0.04349800903583105,0.3040571572285428
-0.06679989487252837,0.3040571572285428
0.08961051530530464,0.3040571572285428
0.1004533380255308,0.3040571572285428
-0.06809223853340995,0.3040571572285428
0.09540505581885125,0.3040571572285428
-0.028743140640388232,0.3040571572285428
0.05476766930683767,0.3040571572285428
-0.0709415007119936,0.3040571572285428
0.030807843292943532,0.3040571572285428
-0.0480012129495076,0.3040571572285428
-0.09446789987971593,0.3040571572285428
0.09259628610546794,0.3040571572285428
0.09996357098739761,0.3040571572285428
-0.07167837914862367,0.3040571572285428
0.07590077952214794,0.3040571572285428
-0.06936918073791203,0.3040571572285428
-0.11983321801802219,0.3040571572285428
-0.026090603318829064,0.3040571572285428
0.05529561585815225,0.3040571572285428
-0.011046723355482117,0.3040571572285428
-0.11803910015732813,0.3040571572285428
-0.08747951366269002,0.3040571572285428
0.10519260550523504,0.3040571572285428
-0.05190133966220058,0.3040571572285428
0.09190669042224114,0.3040571572285428
0.07511959070647478,0.3040571572285428
-0.021654998138302683,0.3040571572285428
-0.07785350679324249,0.3040571572285428
-0.09806790734631979,0.3040571572285428
-0.06482285006170366,0.3040571572285428
-0.08359095022308097,0.3040571572285428
-0.05529561585815225,0.3040571572285428
0.09508148103898303,0.3040571572285428
-0.08110628320412244,0.3040571572285428
-0.09006702509851156,0.3040571572285428
-0.08766700259830204,0.3040571572285428
-0.03829665194607452,0.3040571572285428
-0.09696981239267836,0.3040571572285428
0.059286901614331,0.3040571572285428
-0.07699918560701668,0.3040571572285428
-0.08630158079765929,0.3040571572285428
-0.0743890877800086,0.3040571572285428
0.06679989487252837,0.3040571572285428
-0.07331172694513476,0.3040571572285428
0.0789670192097773,0.3040571572285428
-0.056254257088696115,0.3040571572285428
0.06807683707703044,0.3040571572285428
-0.09868871056835207,0.3040571572285428
-0.09610617384203883,0.3040571572285428
-0.08905730344478059,0.3040571572285428
0.09800319434797547,0.3040571572285428
-0.06679989487252837,0.3040571572285428
0.0591205867333332,0.3040571572285428
0.08863022772660831,0.3040571572285428
0.07827732752348587,0.3040571572285428
0.10551533818429684,0.3040571572285428
0.06354590785720159,0.3040571572285428
0.10018009170147457,0.3040571572285428
-0.09549390295055746,0.3040571572285428
-0.06135461864237945,0.3040571572285428
-0.07899289723361513,0.3040571572285428
0.06150037287023625,0.3040571572285428
0.06356808989828469,0.3040571572285428
-0.0480012129495076,0.3040571572285428
-0.035739229487247545,0.3040571572285428
0.05930908365541411,0.3040571572285428
0.07511959070647478,0.3040571572285428
-0.0787729499570616,0.3040571572285428
-0.0855839105905224,0.3040571572285428
0.05235413037600313,0.3040571572285428
-0.06846288706383369,0.3040571572285428
0.0917821668999104,0.3040571572285428
-0.09549390295055746,0.3040571572285428
0.06484503210278678,0.3040571572285428
0.030807843292943532,0.3040571572285428
-0.06551498247384174,0.3040571572285428
-0.10046750501101716,0.3040571572285428
0.07728475198911411,0.3040571572285428
0.08988076069745074,0.3040571572285428
-0.07577306024697476,0.3040571572285428
-0.09031903122131957,0.3040571572285428
0.08906849825047712,0.3040571572285428
-0.08630158079765929,0.3040571572285428
0.09969032466334135,0.3040571572285428
-0.00848930089665515,0.3040571572285428
0.08816129859315366,0.3040571572285428
-0.09446789987971593,0.3040571572285428
-0.10046750501101716,0.3040571572285428
0.08442670524041154,0.3040571572285428
0.08698336572812293,0.3040571572285428
0.07590077952214794,0.3040571572285428
0.0943050821470024,0.3040571572285428
0.07887196035145208,0.3040571572285428
0.055804341406969396,0.3040571572285428
-0.06679192467834383,0.3040571572285428
0.0787729499570616,0.3040571572285428
0.0787729499570616,0.3040571572285428
-0.08442670524041154,0.3040571572285428
0.052576380092015526,0.3040571572285428
0.07899289723361513,0.3040571572285428
0.0960341343692713,0.3040571572285428
0.09696981239267836,0.3040571572285428
0.09873719889305074,0.3040571572285428
0.028743140640388232,0.3040571572285428
-0.051451423980473865,0.3040571572285428
-0.013165697241647534,0.3040571572285428
0.06936918073791203,0.3040571572285428
-0.11217395833487814,0.3040571572285428
-0.06973982926833577,0.3040571572285428
-0.10564614541448236,0.3040571572285428
-0.06807683707703044,0.3040571572285428
0.06936918073791203,0.3040571572285428
-0.0668905670897521,0.3040571572285428
0.07887196035145208,0.3040571572285428
-0.09326690282134897,0.3040571572285428
-0.017601302422173917,0.3040571572285428
-0.06809223853340995,0.3040571572285428
0.06551498247384174,0.3040571572285428
-0.101602947805243,0.3040571572285428
0.08863022772660831,0.3040571572285428
0.09104731267720789,0.3040571572285428
0.06936918073791203,0.3040571572285428
-0.08906849825047712,0.3040571572285428
-0.06551498247384174,0.3040571572285428
-0.0480012129495076,0.3040571572285428
0.013165697241647534,0.3040571572285428
0.06927850852068829,0.3040571572285428
-0.056929297518511064,0.3040571572285428
0.10027497426993484,0.3040571572285428
-0.07386326695055132,0.3040571572285428
0.06973982926833577,0.3040571572285428
-0.0559706562879672,0.3040571572285428
-0.07887196035145208,0.3040571572285428
0.07164235924366555,0.3040571572285428
0.10660528025079857,0.3040571572285428
-0.08442670524041154,0.3040571572285428
-0.08816129859315366,0.3040571572285428
-0.08359095022308097,0.3040571572285428
0.04051240429637662,0.3040571572285428
-0.07887196035145208,0.3040571572285428
-0.05476766930683767,0.3040571572285428
0.0789670192097773,0.3040571572285428
0.09789180546684617,0.3040571572285428
-0.07607974244319757,0.3040571572285428
0.06604670354644461,0.3040571572285428
-0.07386326695055132,0.3040571572285428
0.09031903122131957,0.3040571572285428
0.09913624869974919,0.3040571572285428
-0.0743890877800086,0.3040571572285428
0.030807843292943532,0.3040571572285428
-0.013165697241647534,0.3040571572285428
0.09259628610546794,0.3040571572285428
0.10564614541448236,0.3040571572285428
-0.09868871056835207,0.3040571572285428
0.09484531356571624,0.3040571572285428
-0.03090295815567573,0.3040571572285428
-0.028743140640388232,0.3040571572285428
0.07331172694513476,0.3040571572285428
-0.0979790486405859,0.3040571572285428
-0.0979547060232768,0.3040571572285428
0.026090603318829064,0.3040571572285428
0.013165697241647534,0.3040571572285428
0.07343366344038157,0.3040571572285428
0.09862581001192144,0.3040571572285428
-0.09877414366995906,0.3040571572285428
0.06263156084688153,0.3040571572285428
0.041746862977040784,0.3040571572285428
-0.10519260550523504,0.3040571572285428
-0.09697865761883451,0.3040571572285428
0.011141838218214316,0.3040571572285428
0.026185718181561263,0.3040571572285428
0.07257484850850468,0.3040571572285428
-0.09117840896635279,0.3040571572285428
-0.09540505581885125,0.3040571572285428
0.026090603318829064,0.3040571572285428
-0.055804341406969396,0.3040571572285428
0.10018009170147457,0.3040571572285428
-0.0866914591680763,0.3040571572285428
0.09454124962026919,0.3040571572285428
0.09806790734631979,0.3040571572285428
0.056254257088696115,0.3040571572285428
-0.08437645893297657,0.3040571572285428
0.09398069366382725,0.3040571572285428
-0.08630158079765929,0.3040571572285428
0.013165697241647534,0.3040571572285428
-0.0559706562879672,0.3040571572285428
0.08354070391564601,0.3040571572285428
0.11815545071976974,0.3040571572285428
0.06972558632992104,0.3040571572285428
0.056254257088696115,0.3040571572285428
-0.12477562310597151,0.3040571572285428
0.07257484850850468,0.3040571572285428
-0.09702635447429293,0.3040571572285428
-0.08592354265350445,0.3040571572285428
-0.09326690282134897,0.3040571572285428
-0.09789180546684617,0.3040571572285428
-0.07879882798089943,0.3040571572285428
-0.09398069366382725,0.3040571572285428
-0.09540505581885125,0.3040571572285428
0.030807843292943532,0.3040571572285428
0.07778037442268984,0.3040571572285428
0.0855839105905224,0.3040571572285428
0.09374452619056045,0.3040571572285428
-0.056929297518511064,0.3040571572285428
0.1021215084878712,0.3040571572285428
-0.09886300237569295,0.3040571572285428
0.07047670770496584,0.3040571572285428
0.09696981239267836,0.3040571572285428
0.11307138892135939,0.3040571572285428
0.10660528025079857,0.3040571572285428
0.06125597623097116,0.3040571572285428
-0.0743890877800086,0.3040571572285428
-0.006611118174955735,0.3040571572285428
0.11693908424455737,0.3040571572285428
-0.07331172694513476,0.3040571572285428
0.07889388683922467,0.3040571572285428
-0.0787729499570616,0.3040571572285428
0.09948380559772524,0.3040571572285428
0.07719325485973239,0.3040571572285428
0.0743890877800086,0.3040571572285428
-0.11803641953460067,0.3040571572285428
0.09610617384203883,0.3040571572285428
0.0559706562879672,0.3040571572285428
-0.07632460025239132,0.3040571572285428
-0.07204902767904742,0.3040571572285428
0.08442670524041154,0.3040571572285428
0.026090603318829064,0.3040571572285428
-0.06346944748687641,0.3040571572285428
-0.06679989487252837,0.3040571572285428
0.09791614808415527,0.3040571572285428
-0.09374452619056045,0.3040571572285428
0.08765580779260551,0.3040571572285428
0.09050529562238037,0.3040571572285428
-0.07204902767904742,0.3040571572285428
0.04349800903583105,0.3040571572285428
0.08834878752876568,0.3040571572285428
-0.028743140640388232,0.3040571572285428
-0.07100252853442311,0.3040571572285428
0.04355394387084565,0.3040571572285428
0.059286901614331,0.3040571572285428
0.056929297518511064,0.3040571572285428
0.0783032055473237,0.3040571572285428
-0.05642057196969391,0.3040571572285428
-0.08906849825047712,0.3040571572285428
0.08961051530530464,0.3040571572285428
0.03600920038270007,0.3040571572285428
-0.05930908365541411,0.3040571572285428
-0.120283721533203,0.3040571572285428
-0.05529561585815225,0.3040571572285428
-0.0886349718750789,0.3040571572285428
0.10564614541448236,0.3040571572285428
0.03394449773014477,0.3040571572285428
-0.059142768774416314,0.3040571572285428
-0.06670125246112008,0.3040571572285428
-0.08906849825047712,0.3040571572285428
-0.04051240429637662,0.3040571572285428
0.08354070391564601,0.3040571572285428
-0.07220419997808095,0.3040571572285428
-0.0917821668999104,0.3040571572285428
-0.0954205532100042,0.3040571572285428
-0.08548843614043314,0.3040571572285428
-0.03090295815567573,0.3040571572285428
0.051395489145459265,0.3040571572285428
0.09610617384203883,0.3040571572285428
0.0866914591680763,0.3040571572285428
-0.05642057196969391,0.3040571572285428
-0.09886300237569295,0.3040571572285428
0.09374452619056045,0.3040571572285428
-0.08844273879099629,0.3040571572285428
-0.07820419515293323,0.3040571572285428
0.09881451405099428,0.3040571572285428
0.06551498247384174,0.3040571572285428
0.07650356317344095,0.3040571572285428
-0.08906849825047712,0.3040571572285428
0.0709415007119936,0.3040571572285428
0.10965250055324252,0.3040571572285428
-0.07038603548774208,0.3040571572285428
0.09190669042224114,0.3040571572285428
0.08247897301562443,0.3040571572285428
0.09864834018731686,0.3040571572285428
-0.10468543228346017,0.3040571572285428
-0.07827732752348587,0.3040571572285428
0.12371973599958466,0.3040571572285428
-0.026090603318829064,0.3040571572285428
-0.06254088862965779,0.3040571572285428
-0.11693908424455737,0.3040571572285428
-0.06927850852068829,0.3040571572285428
-0.09969032466334135,0.3040571572285428
0.09969032466334135,0.3040571572285428
0.015043879963346949,0.3040571572285428
-0.06551498247384174,0.3040571572285428
-0.09272080962779869,0.3040571572285428
0.08816129859315366,0.3040571572285428
0.03600920038270007,0.3040571572285428
-0.08933874364262322,0.3040571572285428
-0.08933874364262322,0.3040571572285428
-0.0709415007119936,0.3040571572285428
-0.0480012129495076,0.3040571572285428
0.021654998138302683,0.3040571572285428
0.059142768774416314,0.3040571572285428
-0.09172042602118033,0.3040571572285428
-0.09398069366382725,0.3040571572285428
-0.06679989487252837,0.3040571572285428
0.07312638851392125,0.3040571572285428
0.09996357098739761,0.3040571572285428
0.013165697241647534,0.3040571572285428
-0.07204902767904742,0.3040571572285428
0.09873719889305074,0.3040571572285428
-0.06150037287023625,0.3040571572285428
-0.06475435988556302,0.3040571572285428
0.07456805070105821,0.3040571572285428
0.08235854741255853,0.3040571572285428
0.011141838218214316,0.3040571572285428
-0.09204769628382625,0.3040571572285428
0.09159590249884958,0.3040571572285428
-0.0480012129495076,0.3040571572285428
-0.10334664143687958,0.3040571572285428
-0.08719694996862445,0.3040571572285428
0.10128330199069624,0.3040571572285428
0.06356808989828469,0.3040571572285428
0.09307390947467942,0.3040571572285428
-0.07511959070647478,0.3040571572285428
-0.06973982926833577,0.3040571572285428
0.05529561585815225,0.3040571572285428
0.09806790734631979,0.3040571572285428
-0.08680707159820744,0.3040571572285428
-0.03579516432226215,0.3040571572285428
-0.06936918073791203,0.3040571572285428
0.07574286185109322,0.3040571572285428
-0.07839826440564893,0.3040571572285428
0.017601302422173917,0.3040571572285428
0.06807683707703044,0.3040571572285428
-0.09031903122131957,0.3040571572285428
-0.00848930089665515,0.3040571572285428
-0.07820419515293323,0.3040571572285428
0.10590917556937465,0.3040571572285428
-0.10647447302061305,0.3040571572285428
-0.11052396861098199,0.3040571572285428
-0.10046750501101716,0.3040571572285428
-0.015043879963346949,0.3040571572285428
-0.056254257088696115,0.3040571572285428
0.09319843299701017,0.3040571572285428
-0.03394449773014477,0.3040571572285428
-0.013165697241647534,0.3040571572285428
-0.09423173240644914,0.3040571572285428
0.04051240429637662,0.3040571572285428
0.05241006521101774,0.3040571572285428
-0.024307535459861848,0.3040571572285428
-0.09791614808415527,0.3040571572285428
0.07091185631719937,0.3040571572285428
0.08905730344478059,0.3040571572285428
0.08592354265350445,0.3040571572285428
-0.11815545071976974,0.3040571572285428
0.09446789987971593,0.3040571572285428
0.02421242059712965,0.3040571572285428
0.06679989487252837,0.3040571572285428
-0.10918120888493349,0.3040571572285428
0.03394449773014477,0.3040571572285428
-0.09800500678988916,0.3040571572285428
-0.056929297518511064,0.3040571572285428
-0.05818412754387245,0.3040571572285428
-0.06807683707703044,0.3040571572285428
-0.04349800903583105,0.3040571572285428
-0.08437645893297657,0.3040571572285428
-0.11559284670299502,0.3040571572285428
0.07607974244319757,0.3040571572285428
0.07632460025239132,0.3040571572285428
-0.09326690282134897,0.3040571572285428
-0.07899289723361513,0.3040571572285428
0.051451423980473865,0.3040571572285428
0.056929297518511064,0.3040571572285428
-0.09610617384203883,0.3040571572285428
0.030807843292943532,0.3040571572285428
0.05241006521101774,0.3040571572285428
-0.1198688562166921,0.3040571572285428
0.05529561585815225,0.3040571572285428
0.06807683707703044,0.3040571572285428
-0.10590917556937465,0.3040571572285428
-0.07699918560701668,0.3040571572285428
-0.0634472654457933,0.3040571572285428
-0.10076474130806803,0.3040571572285428
-0.0954784055594045,0.3040571572285428
0.04790686129734119,0.3040571572285428
-0.06919976550046375,0.3040571572285428
0.0789670192097773,0.3040571572285428
0.10647447302061305,0.3040571572285428
-0.03835258678108912,0.3040571572285428
-0.06809223853340995,0.3040571572285428
0.10551533818429684,0.3040571572285428
0.028743140640388232,0.3040571572285428
0.046948220066797317,0.3040571572285428
0.1433077223713504,0.3040571572285428
0.08676184345555314,0.3040571572285428
0.07820419515293323,0.3040571572285428
0.09446789987971593,0.3040571572285428
-0.013165697241647534,0.3040571572285428
0.10661872144078621,0.3040571572285428
-0.07899289723361513,0.3040571572285428
0.07275573998349752,0.3040571572285428
-0.021654998138302683,0.3040571572285428
-0.07899289723361513,0.3040571572285428
-0.0866914591680763,0.3040571572285428
-0.09050529562238037,0.3040571572285428
0.08988076069745074,0.3040571572285428
0.09319843299701017,0.3040571572285428
0.08933874364262322,0.3040571572285428
0.028743140640388232,0.3040571572285428
-0.08363617836573528,0.3040571572285428
-0.021654998138302683,0.3040571572285428
-0.11795570717082897,0.3040571572285428
0.09454124962026919,0.3040571572285428
-0.030807843292943532,0.3040571572285428
-0.04349800903583105,0.3040571572285428
0.09802753696528457,0.3040571572285428
-0.0668905670897521,0.3040571572285428
-0.09104731267720789,0.3040571572285428
-0.09190669042224114,0.3040571572285428
-0.08110628320412244,0.3040571572285428
-0.09245528024388282,0.3040571572285428
-0.10468543228346017,0.3040571572285428
0.026185718181561263,0.3040571572285428
-0.06973982926833577,0.3040571572285428
0.0634472654457933,0.3040571572285428
-0.07879882798089943,0.3040571572285428
0.021654998138302683,0.3040571572285428
0.07785350679324249,0.3040571572285428
-0.11577475094230293,0.3040571572285428
-0.07312638851392125,0.3040571572285428
0.026090603318829064,0.3040571572285428
0.0859737889609394,0.3040571572285428
0.09864834018731686,0.3040571572285428
0.0979565184651905,0.3040571572285428
-0.0787729499570616,0.3040571572285428
0.03384938286741257,0.3040571572285428
0.09245528024388282,0.3040571572285428
0.07827732752348587,0.3040571572285428
-0.06670125246112008,0.3040571572285428
-0.08110628320412244,0.3040571572285428
-0.12247400173939278,0.3040571572285428
-0.08816129859315366,0.3040571572285428
0.04045646946136201,0.3040571572285428
-0.09948380559772524,0.3040571572285428
-0.09610617384203883,0.3040571572285428
0.095096978430136,0.3040571572285428
-0.09789180546684617,0.3040571572285428
-0.09789180546684617,0.3040571572285428
0.10660528025079857,0.3040571572285428
0.08437645893297657,0.3040571572285428
0.07511959070647478,0.3040571572285428
0.07632460025239132,0.3040571572285428
0.04355394387084565,0.3040571572285428
-0.1012691350052099,0.3040571572285428
0.0591205867333332,0.3040571572285428
-0.07650356317344095,0.3040571572285428
-0.013165697241647534,0.3040571572285428
0.08863022772660831,0.3040571572285428
0.06346944748687641,0.3040571572285428
0.05529561585815225,0.3040571572285428
0.06807683707703044,0.3040571572285428
-0.0979790486405859,0.3040571572285428
0.09702635447429293,0.3040571572285428
-0.08036558704511712,0.3040571572285428
0.07899289723361513,0.3040571572285428
-0.06135461864237945,0.3040571572285428
-0.08363617836573528,0.3040571572285428
-0.07167837914862367,0.3040571572285428
0.11132395479044321,0.3040571572285428
-0.09956452118069915,0.3040571572285428
-0.08747951366269002,0.3040571572285428
-0.013165697241647534,0.3040571572285428
-0.07167837914862367,0.3040571572285428
-0.0634472654457933,0.3040571572285428
0.06346944748687641,0.3040571572285428
0.0601310201194295,0.3040571572285428
-0.013165697241647534,0.3040571572285428
-0.09446789987971593,0.3040571572285428
0.10334664143687958,0.3040571572285428
0.10468543228346017,0.3040571572285428
-0.09190669042224114,0.3040571572285428
0.030807843292943532,0.3040571572285428
0.03600920038270007,0.3040571572285428
0.09006702509851156,0.3040571572285428
0.09430426844369545,0.3040571572285428
0.09697162483459207,0.3040571572285428
-0.1021215084878712,0.3040571572285428
-0.06551498247384174,0.3040571572285428
-0.10551533818429684,0.3040571572285428
-0.10728247577327399,0.3040571572285428
0.09702635447429293,0.3040571572285428
0.035739229487247545,0.3040571572285428
0.09610617384203883,0.3040571572285428
0.06551498247384174,0.3040571572285428
-0.09877414366995906,0.3040571572285428
0.08816129859315366,0.3040571572285428
-0.08601901710359372,0.3040571572285428
-0.04045646946136201,0.3040571572285428
-0.06475435988556302,0.3040571572285428
-0.07827732752348587,0.3040571572285428
0.059286901614331,0.3040571572285428
0.09877414366995906,0.3040571572285428
0.09610617384203883,0.3040571572285428
0.09326690282134897,0.3040571572285428
0.09975705192178147,0.3040571572285428
0.06809223853340995,0.3040571572285428
0.09540505581885125,0.3040571572285428
0.06150037287023625,0.3040571572285428
-0.056929297518511064,0.3040571572285428
-0.0789670192097773,0.3040571572285428
0.09398069366382725,0.3040571572285428
0.052576380092015526,0.3040571572285428
-0.09695612744343912,0.3040571572285428
0.10468543228346017,0.3040571572285428
-0.09975705192178147,0.3040571572285428
-0.12778110174517,0.3040571572285428
0.08719694996862445,0.3040571572285428
0.013165697241647534,0.3040571572285428
0.056929297518511064,0.3040571572285428
-0.08247897301562443,0.3040571572285428
-0.08027052818679188,0.3040571572285428
-0.0789670192097773,0.3040571572285428
-0.09104731267720789,0.3040571572285428
0.08247897301562443,0.3040571572285428
-0.08442670524041154,0.3040571572285428
-0.051845404827185984,0.3040571572285428
0.08738443890423647,0.3040571572285428
0.0634472654457933,0.3040571572285428
0.09312589695976385,0.3040571572285428
0.02421242059712965,0.3040571572285428
0.0634472654457933,0.3040571572285428
0.08738443890423647,0.3040571572285428
-0.028743140640388232,0.3040571572285428
-0.04051240429637662,0.3040571572285428
-0.08437645893297657,0.3040571572285428
0.09873719889305074,0.3040571572285428
0.07456805070105821,0.3040571572285428
-0.08120134206244768,0.3040571572285428
0.07331172694513476,0.3040571572285428
0.0943050821470024,0.3040571572285428
0.09031903122131957,0.3040571572285428
0.07293470290454712,0.3040571572285428
0.061089661349973366,0.3040571572285428
0.06936918073791203,0.3040571572285428
0.028743140640388232,0.3040571572285428
0.06936918073791203,0.3040571572285428
0.044356596174055,0.3040571572285428
-0.06346944748687641,0.3040571572285428
-0.09131941482793791,0.3040571572285428
-0.04355394387084565,0.3040571572285428
-0.09430426844369545,0.3040571572285428
0.09969032466334135,0.3040571572285428
-0.09791433564224157,0.3040571572285428
-0.08553366428308742,0.3040571572285428
-0.09105388544402204,0.3040571572285428
-0.051451423980473865,0.3040571572285428
0.09705069709160204,0.3040571572285428
-0.051395489145459265,0.3040571572285428
-0.10076474130806803,0.3040571572285428
-0.08816129859315366,0.3040571572285428
-0.056929297518511064,0.3040571572285428
-0.06809223853340995,0.3040571572285428
-0.0634472654457933,0.3040571572285428
0.0783032055473237,0.3040571572285428
-0.11522977614116398,0.3040571572285428
0.11807473835599804,0.3040571572285428
0.051451423980473865,0.3040571572285428
0.056929297518511064,0.3040571572285428
-0.09368563921289885,0.3040571572285428
-0.08949434962011216,0.3040571572285428
0.08961051530530464,0.3040571572285428
-0.09702816691620664,0.3040571572285428
-0.11860595423495054,0.3040571572285428
-0.12450635826083783,0.3040571572285428
0.07607974244319757,0.3040571572285428
-0.09245528024388282,0.3040571572285428
0.11147078214705032,0.3040571572285428
0.10590917556937465,0.3040571572285428
-0.07728475198911411,0.3040571572285428
0.03394449773014477,0.3040571572285428
0.09333943885859528,0.3040571572285428
0.07511959070647478,0.3040571572285428
-0.09312589695976385,0.3040571572285428
0.12302195662379786,0.3040571572285428
0.08110628320412244,0.3040571572285428
0.0787729499570616,0.3040571572285428
-0.08226307296246926,0.3040571572285428
-0.11038814788424312,0.3040571572285428
-0.09702635447429293,0.3040571572285428
0.08816129859315366,0.3040571572285428
0.0787729499570616,0.3040571572285428
0.08793724799044814,0.3040571572285428
0.08863022772660831,0.3040571572285428
-0.11577475094230293,0.3040571572285428
0.08816129859315366,0.3040571572285428
0.0787729499570616,0.3040571572285428
-0.07728475198911411,0.3040571572285428
-0.051845404827185984,0.3040571572285428
-0.0743890877800086,0.3040571572285428
0.056929297518511064,0.3040571572285428
0.026185718181561263,0.3040571572285428
-0.028743140640388232,0.3040571572285428
0.09245528024388282,0.3040571572285428
0.09336206443303065,0.3040571572285428
0.09333943885859528,0.3040571572285428
0.08354070391564601,0.3040571572285428
0.08231331926990423,0.3040571572285428
-0.09454124962026919,0.3040571572285428
-0.0709415007119936,0.3040571572285428
0.08036558704511712,0.3040571572285428
0.10519260550523504,0.3040571572285428
0.011046723355482117,0.3040571572285428
-0.08548843614043314,0.3040571572285428
-0.0979790486405859,0.3040571572285428
-0.06551498247384174,0.3040571572285428
-0.07511959070647478,0.3040571572285428
0.0591205867333332,0.3040571572285428
-0.07047670770496584,0.3040571572285428
-0.0591205867333332,0.3040571572285428
0.055804341406969396,0.3040571572285428
0.06679989487252837,0.3040571572285428
-0.00848930089665515,0.3040571572285428
0.09031903122131957,0.3040571572285428
-0.0709415007119936,0.3040571572285428
-0.04355394387084565,0.3040571572285428
-0.08247897301562443,0.3040571572285428
0.05190133966220058,0.3040571572285428
-0.07887196035145208,0.3040571572285428
0.05252044525700093,0.3040571572285428
-0.07511959070647478,0.3040571572285428
-0.04349800903583105,0.3040571572285428
-0.05529561585815225,0.3040571572285428
-0.056254257088696115,0.3040571572285428
0.11803641953460067,0.3040571572285428
0.09104731267720789,0.3040571572285428
0.026090603318829064,0.3040571572285428
-0.09948380559772524,0.3040571572285428
0.07650356317344095,0.3040571572285428
0.11132395479044321,0.3040571572285428
0.0743890877800086,0.3040571572285428
0.09996357098739761,0.3040571572285428
0.00848930089665515,0.3040571572285428
0.051395489145459265,0.3040571572285428
-0.09697162483459207,0.3040571572285428
-0.044356596174055,0.3040571572285428
-0.11073513481604971,0.3040571572285428
0.08747951366269002,0.3040571572285428
-0.11577475094230293,0.3040571572285428
0.08120134206244768,0.3040571572285428
-0.1308107295215638,0.3040571572285428
-0.03394449773014477,0.3040571572285428
-0.14199629047823747,0.3040571572285428
0.013165697241647534,0.3040571572285428
0.028743140640388232,0.3040571572285428
0.11052396861098199,0.3040571572285428
-0.07728475198911411,0.3040571572285428
-0.04349800903583105,0.3040571572285428
-0.07879882798089943,0.3040571572285428
-0.101602947805243,0.3040571572285428
-0.09996357098739761,0.3040571572285428
0.06936918073791203,0.3040571572285428
-0.06936918073791203,0.3040571572285428
-0.03600920038270007,0.3040571572285428
-0.026185718181561263,0.3040571572285428
0.07511959070647478,0.3040571572285428
-0.06936918073791203,0.3040571572285428
-0.06936918073791203,0.3040571572285428
0.08933874364262322,0.3040571572285428
-0.11038814788424312,0.3040571572285428
0.0855839105905224,0.3040571572285428
-0.07511959070647478,0.3040571572285428
-0.05190133966220058,0.3040571572285428
0.09031903122131957,0.3040571572285428
-0.08888100931486512,0.3040571572285428
0.0979790486405859,0.3040571572285428
0.09375898895345211,0.3040571572285428
0.07707231797756933,0.3040571572285428
0.08247897301562443,0.3040571572285428
-0.05241006521101774,0.3040571572285428
-0.006611118174955735,0.3040571572285428
0.09031903122131957,0.3040571572285428
-0.07887196035145208,0.3040571572285428
-0.059286901614331,0.3040571572285428
-0.09350307029461577,0.3040571572285428
0.07827732752348587,0.3040571572285428
-0.08834878752876568,0.3040571572285428
-0.096342546284172,0.3040571572285428
0.11640333625264879,0.3040571572285428
-0.0480012129495076,0.3040571572285428
-0.07899289723361513,0.3040571572285428
0.06936918073791203,0.3040571572285428
0.05861186118451605,0.3040571572285428
0.07511959070647478,0.3040571572285428
0.06964915705111202,0.3040571572285428
0.08680707159820744,0.3040571572285428
0.07257484850850468,0.3040571572285428
0.09868871056835207,0.3040571572285428
-0.026090603318829064,0.3040571572285428
-0.09806790734631979,0.3040571572285428
-0.06679989487252837,0.3040571572285428
-0.08108040518028461,0.3040571572285428
-0.038447701643821316,0.3040571572285428
0.08447193338306584,0.3040571572285428
0.056254257088696115,0.3040571572285428
0.0917821668999104,0.3040571572285428
-0.09326690282134897,0.3040571572285428
0.03600920038270007,0.3040571572285428
-0.09789180546684617,0.3040571572285428
-0.06551498247384174,0.3040571572285428
-0.08024465016295405,0.3040571572285428
-0.06551498247384174,0.3040571572285428
0.1004533380255308,0.3040571572285428
-0.056929297518511064,0.3040571572285428
0.056929297518511064,0.3040571572285428
0.051395489145459265,0.3040571572285428
0.051451423980473865,0.3040571572285428
0.06058093580115621,0.3040571572285428
-0.026185718181561263,0.3040571572285428
0.09326690282134897,0.3040571572285428
-0.10027497426993484,0.3040571572285428
0.07899289723361513,0.3040571572285428
0.1037941121344849,0.3040571572285428
-0.05642057196969391,0.3040571572285428
0.051845404827185984,0.3040571572285428
0.08247897301562443,0.3040571572285428
-0.03600920038270007,0.3040571572285428
-0.09913624869974919,0.3040571572285428
-0.059286901614331,0.3040571572285428
-0.06936918073791203,0.3040571572285428
0.011141838218214316,0.3040571572285428
-0.006611118174955735,0.3040571572285428
-0.030807843292943532,0.3040571572285428
-0.0668905670897521,0.3040571572285428
-0.11741995917892038,0.3040571572285428
-0.1256451057214421,0.3040571572285428
-0.07899289723361513,0.3040571572285428
-0.08430862043021786,0.3040571572285428
0.0917821668999104,0.3040571572285428
-0.10519260550523504,0.3040571572285428
-0.05190133966220058,0.3040571572285428
-0.07590077952214794,0.3040571572285428
-0.08933874364262322,0.3040571572285428
-0.013165697241647534,0.3040571572285428
-0.06354590785720159,0.3040571572285428
0.13422446498483062,0.3040571572285428
0.09272080962779869,0.3040571572285428
-0.06679989487252837,0.3040571572285428
0.0881724933988502,0.3040571572285428
-0.028743140640388232,0.3040571572285428
-0.09374452619056045,0.3040571572285428
0.09245528024388282,0.3040571572285428
-0.06936918073791203,0.3040571572285428
-0.07607974244319757,0.3040571572285428
-0.08601901710359372,0.3040571572285428
-0.03600920038270007,0.3040571572285428
0.11389149608464788,0.3040571572285428
-0.0979790486405859,0.3040571572285428
-0.08247897301562443,0.3040571572285428
0.08888100931486512,0.3040571572285428
-0.0789670192097773,0.3040571572285428
-0.09398069366382725,0.3040571572285428
-0.09705069709160204,0.3040571572285428
-0.09031903122131957,0.3040571572285428
0.04045646946136201,0.3040571572285428
0.0970675163245684,0.3040571572285428
-0.09948380559772524,0.3040571572285428
-0.017696417284906115,0.3040571572285428
0.05642057196969391,0.3040571572285428
-0.03394449773014477,0.3040571572285428
0.056254257088696115,0.3040571572285428
0.07879882798089943,0.3040571572285428
-0.09886300237569295,0.3040571572285428
0.08834878752876568,0.3040571572285428
0.08905730344478059,0.3040571572285428
-0.08354070391564601,0.3040571572285428
0.08816129859315366,0.3040571572285428
0.09374452619056045,0.3040571572285428
-0.08844273879099629,0.3040571572285428
-0.1004533380255308,0.3040571572285428
0.08100727280973198,0.3040571572285428
0.07590077952214794,0.3040571572285428
0.09889522963396821,0.3040571572285428
0.0960341343692713,0.3040571572285428
0.0717330314608893,0.3040571572285428
-0.08905730344478059,0.3040571572285428
0.0668905670897521,0.3040571572285428
0.026185718181561263,0.3040571572285428
-0.06150037287023625,0.3040571572285428
-0.07386326695055132,0.3040571572285428
-0.07827732752348587,0.3040571572285428
-0.0668905670897521,0.3040571572285428
-0.03090295815567573,0.3040571572285428
-0.055804341406969396,0.3040571572285428
0.03839176680880672,0.3040571572285428
0.122743735725572,0.3040571572285428
0.0668905670897521,0.3040571572285428
0.06679989487252837,0.3040571572285428
0.09374452619056045,0.3040571572285428
-0.03394449773014477,0.3040571572285428
-0.0960341343692713,0.3040571572285428
0.08363617836573528,0.3040571572285428
-0.0559706562879672,0.3040571572285428
0.026090603318829064,0.3040571572285428
-0.021654998138302683,0.3040571572285428
0.02637223811241715,0.3040571572285428
-0.05241006521101774,0.3040571572285428
0.08766700259830204,0.3040571572285428
0.07887196035145208,0.3040571572285428
0.09948380559772524,0.3040571572285428
-0.09486482440013738,0.3040571572285428
-0.06551498247384174,0.3040571572285428
0.0917821668999104,0.3040571572285428
0.06846288706383369,0.3040571572285428
-0.08601901710359372,0.3040571572285428
-0.11374110508593754,0.3040571572285428
0.08933874364262322,0.3040571572285428
-0.08933874364262322,0.3040571572285428
0.0943776181842487,0.3040571572285428
-0.026090603318829064,0.3040571572285428
-0.09508148103898303,0.3040571572285428
-0.0866914591680763,0.3040571572285428
0.09104731267720789,0.3040571572285428
-0.028743140640388232,0.3040571572285428
-0.006611118174955735,0.3040571572285428
0.1021215084878712,0.3040571572285428
0.11803910015732813,0.3040571572285428
-0.059286901614331,0.3040571572285428
0.10519260550523504,0.3040571572285428
0.09245528024388282,0.3040571572285428
0.09791614808415527,0.3040571572285428
0.08719694996862445,0.3040571572285428
0.05241006521101774,0.3040571572285428
0.11105786404882129,0.3040571572285428
-0.0787729499570616,0.3040571572285428
0.07204902767904742,0.3040571572285428
-0.0743890877800086,0.3040571572285428
-0.11803910015732813,0.3040571572285428
0.006611118174955735,0.3040571572285428
0.017601302422173917,0.3040571572285428
-0.03090295815567573,0.3040571572285428
0.10551533818429684,0.3040571572285428
0.11522977614116398,0.3040571572285428
-0.08816129859315366,0.3040571572285428
-0.08231331926990423,0.3040571572285428
0.08747951366269002,0.3040571572285428
-0.06354590785720159,0.3040571572285428
0.04355394387084565,0.3040571572285428
-0.08359095022308097,0.3040571572285428
0.051451423980473865,0.3040571572285428
0.09446789987971593,0.3040571572285428
0.06346944748687641,0.3040571572285428
0.05642057196969391,0.3040571572285428
-0.06679989487252837,0.3040571572285428
0.08719694996862445,0.3040571572285428
-0.06604670354644461,0.3040571572285428
-0.0634472654457933,0.3040571572285428
-0.101602947805243,0.3040571572285428
-0.0634472654457933,0.3040571572285428
-0.07257484850850468,0.3040571572285428
-0.08036558704511712,0.3040571572285428
-0.07728475198911411,0.3040571572285428
-0.059286901614331,0.3040571572285428
0.08978558490066893,0.3040571572285428
0.08120134206244768,0.3040571572285428
0.07257484850850468,0.3040571572285428
0.11118813406370434,0.3040571572285428
0.026090603318829064,0.3040571572285428
0.0743890877800086,0.3040571572285428
-0.06936918073791203,0.3040571572285428
0.10551533818429684,0.3040571572285428
0.08747951366269002,0.3040571572285428
0.05642057196969391,0.3040571572285428
-0.09641589602472525,0.3040571572285428
0.11795570717082897,0.3040571572285428
0.0709415007119936,0.3040571572285428
-0.08247897301562443,0.3040571572285428
0.11640333625264879,0.3040571572285428
-0.056929297518511064,0.3040571572285428
0.02421242059712965,0.3040571572285428
0.09702635447429293,0.3040571572285428
0.11105786404882129,0.3040571572285428
0.07827732752348587,0.3040571572285428
-0.0930013734374331,0.3040571572285428
-0.09454124962026919,0.3040571572285428
-0.06807683707703044,0.3040571572285428
-0.04349800903583105,0.3040571572285428
0.021654998138302683,0.3040571572285428
0.07887196035145208,0.3040571572285428
-0.015043879963346949,0.3040571572285428
-0.08816129859315366,0.3040571572285428
-0.0480012129495076,0.3040571572285428
-0.028743140640388232,0.3040571572285428
0.12429051325546603,0.3040571572285428
0.07275573998349752,0.3040571572285428
0.0855839105905224,0.3040571572285428
0.10551533818429684,0.3040571572285428
-0.0855839105905224,0.3040571572285428
-0.06058093580115621,0.3040571572285428
0.10046750501101716,0.3040571572285428
-0.07820419515293323,0.3040571572285428
0.09204769628382625,0.3040571572285428
0.03384938286741257,0.3040571572285428
0.07331172694513476,0.3040571572285428
-0.07820419515293323,0.3040571572285428
-0.09430426844369545,0.3040571572285428
0.026090603318829064,0.3040571572285428
0.06964915705111202,0.3040571572285428
0.056929297518511064,0.3040571572285428
-0.08719694996862445,0.3040571572285428
0.06670125246112008,0.3040571572285428
-0.0930013734374331,0.3040571572285428
0.09873719889305074,0.3040571572285428
0.06807683707703044,0.3040571572285428
-0.03600920038270007,0.3040571572285428
-0.11574323770170533,0.3040571572285428
0.046948220066797317,0.3040571572285428
0.0634472654457933,0.3040571572285428
-0.07879882798089943,0.3040571572285428
-0.07511959070647478,0.3040571572285428
-0.11065423862586504,0.3040571572285428
0.08354070391564601,0.3040571572285428
0.08906849825047712,0.3040571572285428
-0.09390815762658093,0.3040571572285428
-0.0312919604085856,0.3040571572285428
0.11807205773327058,0.3040571572285428
0.059142768774416314,0.3040571572285428
-0.013165697241647534,0.3040571572285428
0.09508148103898303,0.3040571572285428
0.09031903122131957,0.3040571572285428
0.0601310201194295,0.3040571572285428
0.04045646946136201,0.3040571572285428
-0.10844556155393288,0.3040571572285428
-0.059286901614331,0.3040571572285428
0.1310941506341973,0.3040571572285428
-0.08447193338306584,0.3040571572285428
0.017601302422173917,0.3040571572285428
-0.05473391651290618,0.3040571572285428
-0.07787938481708032,0.3040571572285428
-0.11132395479044321,0.3040571572285428
0.051451423980473865,0.3040571572285428
-0.0960341343692713,0.3040571572285428
-0.09259628610546794,0.3040571572285428
0.08553366428308742,0.3040571572285428
-0.07511959070647478,0.3040571572285428
-0.04790686129734119,0.3040571572285428
-0.08766700259830204,0.3040571572285428
-0.0606795782125645,0.3040571572285428
0.08274842578297556,0.3040571572285428
-0.04349800903583105,0.3040571572285428
-0.0591205867333332,0.3040571572285428
0.0480012129495076,0.3040571572285428
0.026090603318829064,0.3040571572285428
0.1021215084878712,0.3040571572285428
-0.03394449773014477,0.3040571572285428
0.11678869324584706,0.3040571572285428
0.07404222987160095,0.3040571572285428
-0.0954784055594045,0.3040571572285428
-0.0960341343692713,0.3040571572285428
-0.07204902767904742,0.3040571572285428
-0.08816129859315366,0.3040571572285428
-0.0840260567361523,0.3040571572285428
-0.10707226135003353,0.3040571572285428
-0.0979547060232768,0.3040571572285428
-0.03090295815567573,0.3040571572285428
0.08719694996862445,0.3040571572285428
0.06807683707703044,0.3040571572285428
0.04355394387084565,0.3040571572285428
-0.09312589695976385,0.3040571572285428
-0.021654998138302683,0.3040571572285428
0.09104731267720789,0.3040571572285428
-0.006611118174955735,0.3040571572285428
0.056929297518511064,0.3040571572285428
0.08354070391564601,0.3040571572285428
-0.08719694996862445,0.3040571572285428
-0.03600920038270007,0.3040571572285428
-0.07691923308035753,0.3040571572285428
-0.09988285540442368,0.3040571572285428
0.026185718181561263,0.3040571572285428
-0.12740123913795512,0.3040571572285428
-0.09702635447429293,0.3040571572285428
-0.05529561585815225,0.3040571572285428
0.056254257088696115,0.3040571572285428
-0.06927850852068829,0.3040571572285428
0.06927850852068829,0.3040571572285428
0.08120134206244768,0.3040571572285428
0.08737324409853994,0.3040571572285428
-0.04349800903583105,0.3040571572285428
-0.03090295815567573,0.3040571572285428
-0.06936918073791203,0.3040571572285428
0.05529561585815225,0.3040571572285428
0.10334664143687958,0.3040571572285428
0.0979790486405859,0.3040571572285428
-0.028743140640388232,0.3040571572285428
0.06551498247384174,0.3040571572285428
0.0743890877800086,0.3040571572285428
0.09326690282134897,0.3040571572285428
0.09996357098739761,0.3040571572285428
-0.05642057196969391,0.3040571572285428
-0.006611118174955735,0.3040571572285428
-0.07887196035145208,0.3040571572285428
0.08766700259830204,0.3040571572285428
-0.07778037442268984,0.3040571572285428
0.08226307296246926,0.3040571572285428
-0.07820419515293323,0.3040571572285428
0.09956452118069915,0.3040571572285428
0.06356808989828469,0.3040571572285428
0.06346944748687641,0.3040571572285428
-0.051395489145459265,0.3040571572285428
0.0480012129495076,0.3040571572285428
0.08247897301562443,0.3040571572285428
0.06135461864237945,0.3040571572285428
-0.09886300237569295,0.3040571572285428
0.09031903122131957,0.3040571572285428
0.051395489145459265,0.3040571572285428
0.07590077952214794,0.3040571572285428
-0.056929297518511064,0.3040571572285428
0.04051240429637662,0.3040571572285428
0.0935611156905681,0.3040571572285428
0.08120134206244768,0.3040571572285428
-0.09956452118069915,0.3040571572285428
0.08816129859315366,0.3040571572285428
-0.08247897301562443,0.3040571572285428
-0.08933874364262322,0.3040571572285428
0.11574323770170533,0.3040571572285428
-0.06927850852068829,0.3040571572285428
-0.056929297518511064,0.3040571572285428
-0.09609067645088587,0.3040571572285428
0.07607974244319757,0.3040571572285428
0.0480012129495076,0.3040571572285428
0.12462137568113714,0.3040571572285428
-0.1338223656109816,0.3040571572285428
-0.07511959070647478,0.3040571572285428
-0.12214657928219694,0.3040571572285428
-0.030807843292943532,0.3040571572285428
0.09031903122131957,0.3040571572285428
-0.0634472654457933,0.3040571572285428
-0.04045646946136201,0.3040571572285428
0.10918120888493349,0.3040571572285428
-0.07577306024697476,0.3040571572285428
0.06807683707703044,0.3040571572285428
0.09374452619056045,0.3040571572285428
-0.06964915705111202,0.3040571572285428
-0.05241006521101774,0.3040571572285428
0.08863022772660831,0.3040571572285428
-0.09326690282134897,0.3040571572285428
-0.059286901614331,0.3040571572285428
0.013165697241647534,0.3040571572285428
0.0943776181842487,0.3040571572285428
0.026185718181561263,0.3040571572285428
-0.08738443890423647,0.3040571572285428
-0.1037941121344849,0.3040571572285428
-0.0917821668999104,0.3040571572285428
0.07167837914862367,0.3040571572285428
0.056929297518511064,0.3040571572285428
-0.07204902767904742,0.3040571572285428
-0.08630158079765929,0.3040571572285428
0.04045646946136201,0.3040571572285428
0.08988076069745074,0.3040571572285428
-0.021654998138302683,0.3040571572285428
0.06679989487252837,0.3040571572285428
0.07511959070647478,0.3040571572285428
-0.09699415500998747,0.3040571572285428
0.14894392937834205,0.3040571572285428
0.07889388683922467,0.3040571572285428
-0.06927850852068829,0.3040571572285428
0.10918120888493349,0.3040571572285428
-0.07524723941751749,0.3040571572285428
0.09389999481503722,0.3040571572285428
0.09031903122131957,0.3040571572285428
0.07511959070647478,0.3040571572285428
-0.08834878752876568,0.3040571572285428
-0.07607974244319757,0.3040571572285428
0.10468543228346017,0.3040571572285428
0.006611118174955735,0.3040571572285428
-0.013165697241647534,0.3040571572285428
-0.07312638851392125,0.3040571572285428
-0.056929297518511064,0.3040571572285428
-0.13036021554647195,0.3040571572285428
0.059142768774416314,0.3040571572285428
0.1004533380255308,0.3040571572285428
0.08024465016295405,0.3040571572285428
-0.0969543150015254,0.3040571572285428
0.08359095022308097,0.3040571572285428
-0.07728475198911411,0.3040571572285428
0.017601302422173917,0.3040571572285428
0.07204902767904742,0.3040571572285428
-0.05529561585815225,0.3040571572285428
-0.024307535459861848,0.3040571572285428
0.02421242059712965,0.3040571572285428
-0.09702816691620664,0.3040571572285428
0.1047451348076297,0.3040571572285428
-0.07386326695055132,0.3040571572285428
0.07887196035145208,0.3040571572285428
0.09245528024388282,0.3040571572285428
0.08601901710359372,0.3040571572285428
0.059286901614331,0.3040571572285428
0.06807683707703044,0.3040571572285428
0.08442670524041154,0.3040571572285428
-0.09312589695976385,0.3040571572285428
0.015043879963346949,0.3040571572285428
-0.06964915705111202,0.3040571572285428
-0.06346944748687641,0.3040571572285428
-0.07204902767904742,0.3040571572285428
-0.10898031852732046,0.3040571572285428
0.11815545071976974,0.3040571572285428
-0.10545563566012732,0.3040571572285428
0.04045646946136201,0.3040571572285428
-0.09245528024388282,0.3040571572285428
0.09050529562238037,0.3040571572285428
-0.059286901614331,0.3040571572285428
-0.09956452118069915,0.3040571572285428
0.0480012129495076,0.3040571572285428
-0.09104731267720789,0.3040571572285428
-0.08592354265350445,0.3040571572285428
-0.015043879963346949,0.3040571572285428
0.0866914591680763,0.3040571572285428
0.07827732752348587,0.3040571572285428
-0.0954784055594045,0.3040571572285428
0.028743140640388232,0.3040571572285428
0.0709415007119936,0.3040571572285428
-0.08765580779260551,0.3040571572285428
-0.09326690282134897,0.3040571572285428
0.07887196035145208,0.3040571572285428
-0.09446789987971593,0.3040571572285428
0.11160105216193338,0.3040571572285428
-0.03090295815567573,0.3040571572285428
0.028743140640388232,0.3040571572285428
-0.08816129859315366,0.3040571572285428
-0.07827732752348587,0.3040571572285428
-0.021654998138302683,0.3040571572285428
0.07839826440564893,0.3040571572285428
0.09508148103898303,0.3040571572285428
-0.0743890877800086,0.3040571572285428
0.024307535459861848,0.3040571572285428
0.06973982926833577,0.3040571572285428
-0.08834878752876568,0.3040571572285428
0.05930908365541411,0.3040571572285428
-0.08747951366269002,0.3040571572285428
0.08698336572812293,0.3040571572285428
0.0668905670897521,0.3040571572285428
-0.08988076069745074,0.3040571572285428
-0.06936918073791203,0.3040571572285428
-0.07456805070105821,0.3040571572285428
0.06679989487252837,0.3040571572285428
0.021654998138302683,0.3040571572285428
0.03579516432226215,0.3040571572285428
0.0960341343692713,0.3040571572285428
0.08834878752876568,0.3040571572285428
-0.059286901614331,0.3040571572285428
0.1097883212799814,0.3040571572285428
0.07204902767904742,0.3040571572285428
-0.08036558704511712,0.3040571572285428
-0.0930013734374331,0.3040571572285428
0.07607974244319757,0.3040571572285428
0.0709415007119936,0.3040571572285428
0.10797858045469791,0.3040571572285428
0.07386326695055132,0.3040571572285428
-0.09272080962779869,0.3040571572285428
0.07820419515293323,0.3040571572285428
-0.11370959184533996,0.3040571572285428
-0.04051240429637662,0.3040571572285428
0.07331172694513476,0.3040571572285428
0.10564614541448236,0.3040571572285428
-0.07331172694513476,0.3040571572285428
-0.11337803452410652,0.3040571572285428
0.026090603318829064,0.3040571572285428
0.07511959070647478,0.3040571572285428
-0.03090295815567573,0.3040571572285428
0.06807683707703044,0.3040571572285428
0.09791614808415527,0.3040571572285428
0.07682022268596707,0.3040571572285428
-0.08630158079765929,0.3040571572285428
0.07607974244319757,0.3040571572285428
0.09398069366382725,0.3040571572285428
0.056254257088696115,0.3040571572285428
0.021654998138302683,0.3040571572285428
0.03839176680880672,0.3040571572285428
0.056254257088696115,0.3040571572285428
-0.06346944748687641,0.3040571572285428
-0.09398069366382725,0.3040571572285428
-0.07709819600140716,0.3040571572285428
-0.06150037287023625,0.3040571572285428
0.09031903122131957,0.3040571572285428
0.06551498247384174,0.3040571572285428
-0.0855839105905224,0.3040571572285428
0.05235413037600313,0.3040571572285428
0.07707231797756933,0.3040571572285428
0.055804341406969396,0.3040571572285428
-0.08601901710359372,0.3040571572285428
-0.09159590249884958,0.3040571572285428
0.08888100931486512,0.3040571572285428
0.06936918073791203,0.3040571572285428
0.08816129859315366,0.3040571572285428
-0.08816129859315366,0.3040571572285428
0.051845404827185984,0.3040571572285428
-0.09374452619056045,0.3040571572285428
-0.09252531965303773,0.3040571572285428
-0.09259628610546794,0.3040571572285428
0.09050529562238037,0.3040571572285428
-0.03918944051821381,0.3040571572285428
0.0591205867333332,0.3040571572285428
0.09272080962779869,0.3040571572285428
-0.055804341406969396,0.3040571572285428
-0.07879882798089943,0.3040571572285428
0.09702816691620664,0.3040571572285428
-0.1282024489429382,0.3040571572285428
0.055804341406969396,0.3040571572285428
-0.07204902767904742,0.3040571572285428
-0.03090295815567573,0.3040571572285428
-0.06807683707703044,0.3040571572285428
0.0480012129495076,0.3040571572285428
-0.07590077952214794,0.3040571572285428
-0.06356808989828469,0.3040571572285428
0.08036558704511712,0.3040571572285428
-0.06551498247384174,0.3040571572285428
0.0960341343692713,0.3040571572285428
0.00848930089665515,0.3040571572285428
-0.0312919604085856,0.3040571572285428
-0.09374452619056045,0.3040571572285428
0.05529561585815225,0.3040571572285428
-0.07456805070105821,0.3040571572285428
-0.08216801410414404,0.3040571572285428
0.07820419515293323,0.3040571572285428
0.06927850852068829,0.3040571572285428
-0.06346944748687641,0.3040571572285428
0.028743140640388232,0.3040571572285428
0.013165697241647534,0.3040571572285428
-0.06150037287023625,0.3040571572285428
-0.05529561585815225,0.3040571572285428
0.07331172694513476,0.3040571572285428
-0.10385381465865443,0.3040571572285428
-0.07607974244319757,0.3040571572285428
-0.07204902767904742,0.3040571572285428
0.09806790734631979,0.3040571572285428
-0.09508148103898303,0.3040571572285428
0.09374452619056045,0.3040571572285428
0.08027052818679188,0.3040571572285428
-0.07047670770496584,0.3040571572285428
0.07899289723361513,0.3040571572285428
0.09454124962026919,0.3040571572285428
0.09104731267720789,0.3040571572285428
-0.13681338894070189,0.3040571572285428
-0.09702816691620664,0.3040571572285428
0.03090295815567573,0.3040571572285428
0.1376113547935836,0.3040571572285428
-0.03839176680880672,0.3040571572285428
0.07728475198911411,0.3040571572285428
0.09245528024388282,0.3040571572285428
-0.09996357098739761,0.3040571572285428
-0.056929297518511064,0.3040571572285428
0.09873719889305074,0.3040571572285428
-0.09446789987971593,0.3040571572285428
0.0855839105905224,0.3040571572285428
0.07607974244319757,0.3040571572285428
-0.0789670192097773,0.3040571572285428
0.09259628610546794,0.3040571572285428
0.11588987469210743,0.3040571572285428
-0.08863022772660831,0.3040571572285428
-0.08548843614043314,0.3040571572285428
-0.13416549558752866,0.3040571572285428
-0.046948220066797317,0.3040571572285428
0.059142768774416314,0.3040571572285428
-0.051451423980473865,0.3040571572285428
0.019761119937461415,0.3040571572285428
0.0789670192097773,0.3040571572285428
0.06356808989828469,0.3040571572285428
-0.10468543228346017,0.3040571572285428
0.0954205532100042,0.3040571572285428
-0.0881724933988502,0.3040571572285428
0.08861903292091178,0.3040571572285428
-0.07899289723361513,0.3040571572285428
0.11522977614116398,0.3040571572285428
-0.07511959070647478,0.3040571572285428
-0.09454124962026919,0.3040571572285428
0.08247897301562443,0.3040571572285428
0.0743890877800086,0.3040571572285428
-0.09886300237569295,0.3040571572285428
0.07820419515293323,0.3040571572285428
0.09031903122131957,0.3040571572285428
0.05190133966220058,0.3040571572285428
-0.056254257088696115,0.3040571572285428
0.07590077952214794,0.3040571572285428
-0.06551498247384174,0.3040571572285428
-0.09374452619056045,0.3040571572285428
-0.044356596174055,0.3040571572285428
0.059286901614331,0.3040571572285428
0.026185718181561263,0.3040571572285428
-0.07785350679324249,0.3040571572285428
0.07607974244319757,0.3040571572285428
-0.029413777686886185,0.3040571572285428
-0.06679989487252837,0.3040571572285428
0.0480012129495076,0.3040571572285428
-0.08766700259830204,0.3040571572285428
0.024307535459861848,0.3040571572285428
-0.059142768774416314,0.3040571572285428
0.09398069366382725,0.3040571572285428
0.07155406853983967,0.3040571572285428
-0.09806790734631979,0.3040571572285428
0.02421242059712965,0.3040571572285428
-0.0709415007119936,0.3040571572285428
-0.0787729499570616,0.3040571572285428
0.07047670770496584,0.3040571572285428
0.03394449773014477,0.3040571572285428
0.07331172694513476,0.3040571572285428
-0.0559706562879672,0.3040571572285428
-0.03394449773014477,0.3040571572285428
-0.05861186118451605,0.3040571572285428
-0.06551498247384174,0.3040571572285428
-0.08601901710359372,0.3040571572285428
-0.013165697241647534,0.3040571572285428
-0.0783032055473237,0.3040571572285428
0.0917821668999104,0.3040571572285428
0.08765580779260551,0.3040571572285428
-0.06354590785720159,0.3040571572285428
-0.1004533380255308,0.3040571572285428
-0.11541168038047189,0.3040571572285428
0.07404222987160095,0.3040571572285428
-0.06354590785720159,0.3040571572285428
-0.08601901710359372,0.3040571572285428
-0.08816129859315366,0.3040571572285428
0.11132395479044321,0.3040571572285428
0.0979790486405859,0.3040571572285428
-0.0787729499570616,0.3040571572285428
-0.10076474130806803,0.3040571572285428
0.07330535143497087,0.3040571572285428
-0.0881724933988502,0.3040571572285428
-0.0787729499570616,0.3040571572285428
0.09697865761883451,0.3040571572285428
-0.056929297518511064,0.3040571572285428
-0.06150037287023625,0.3040571572285428
0.04349800903583105,0.3040571572285428
-0.06964915705111202,0.3040571572285428
