overall,overall_rho,Rest,Stim8hr,Stim48hr,Rest_rho,Stim8hr_rho,Stim48hr_rho,observed_agreement,observed_rho
0.5,-0.20993693055878418,0.36363636363636365,0.5454545454545454,0.5714285714285714,-0.41818181818181827,-0.09090909090909091,-0.2527472527472528,0.5669642857142857,0.15768917911426772
0.5333333333333333,-0.16642563235701224,0.7777777777777778,0.5454545454545454,0.3,0.19999999999999998,-0.23636363636363636,-0.5636363636363636,0.5669642857142857,0.15768917911426772
0.46153846153846156,-0.28073906239625324,0.36363636363636365,0.5333333333333333,0.46153846153846156,-0.7272727272727273,0.11785714285714284,-0.5659340659340659,0.5669642857142857,0.15768917911426772
0.55,0.13840018903208537,0.6,0.5625,0.5,0.38181818181818183,0.09999999999999999,0.14348925719589722,0.5669642857142857,0.15768917911426772
0.41379310344827586,-0.34306845698682364,0.4,0.3333333333333333,0.5,-0.4545454545454545,-0.6666666666666667,-0.34545454545454546,0.5669642857142857,0.15768917911426772
0.43243243243243246,-0.10313555823938075,0.47619047619047616,0.2,0.6666666666666666,0.0038961038961038965,-0.5272727272727272,-0.08571428571428573,0.5669642857142857,0.15768917911426772
0.2702702702702703,-0.21539920611604005,0.2631578947368421,0.2,0.375,-0.22807017543859648,-0.17575757575757575,-0.5476190476190477,0.5669642857142857,0.15768917911426772
0.4117647058823529,0.012683374231217027,0.25,0.38461538461538464,0.5384615384615384,0.19047619047619052,-0.39560439560439564,0.2692307692307692,0.5669642857142857,0.15768917911426772
0.40350877192982454,-0.1346967218691354,0.4375,0.5,0.23529411764705882,0.3058823529411765,-0.29478260869565215,-0.4558823529411765,0.5669642857142857,0.15768917911426772
0.4594594594594595,0.06887966853384327,0.5833333333333334,0.38461538461538464,0.4166666666666667,0.5244755244755246,-0.32967032967032966,-0.10489510489510491,0.5669642857142857,0.15768917911426772
0.6060606060606061,-0.07353555636938504,0.5384615384615384,0.6666666666666666,0.6,-0.15934065934065936,0.18928571428571428,-0.49999999999999994,0.5669642857142857,0.15768917911426772
0.5135135135135135,0.053938711493009474,0.4375,0.5555555555555556,0.5833333333333334,-0.1176470588235294,-0.15,0.39860139860139865,0.5669642857142857,0.15768917911426772
0.42857142857142855,-0.15647664207973672,0.4375,0.6,0.3125,0.01764705882352941,0.006060606060606061,-0.3235294117647059,0.5669642857142857,0.15768917911426772
0.4594594594594595,0.018492176386913226,0.4444444444444444,0.3333333333333333,0.6153846153846154,0.06666666666666667,-0.3107142857142856,0.2582417582417582,0.5669642857142857,0.15768917911426772
0.6451612903225806,0.0483968542044767,0.6,0.6666666666666666,0.6666666666666666,0.28484848484848485,0.016666666666666666,0.007005264683383462,0.5669642857142857,0.15768917911426772
0.475,-0.0551594746716698,0.375,0.5882352941176471,0.42857142857142855,-0.39999999999999997,0.37990196078431376,-0.3571428571428572,0.5669642857142857,0.15768917911426772
0.3611111111111111,-0.42679709207369154,0.5555555555555556,0.25,0.3333333333333333,0.03333333333333333,-0.6643356643356644,-0.36818602727049504,0.5669642857142857,0.15768917911426772
0.42857142857142855,-0.17170868347338936,0.5833333333333334,0.5333333333333333,0.0,0.3216783216783217,-0.21428571428571427,-0.261904761904762,0.5669642857142857,0.15768917911426772
0.4418604651162791,-0.0824555442880103,0.5384615384615384,0.14285714285714285,0.625,0.46153846153846156,-0.7230769230769231,-0.0588235294117647,0.5669642857142857,0.15768917911426772
0.4864864864864865,0.10740323651135515,0.6923076923076923,0.4,0.35714285714285715,0.19230769230769232,-0.006060606060606061,0.02417582417582418,0.5669642857142857,0.15768917911426772
0.46511627906976744,-0.24640362486886003,0.35294117647058826,0.6,0.45454545454545453,-0.2058823529411765,-0.08221629735166394,-0.36363636363636365,0.5669642857142857,0.15768917911426772
0.5,-0.03789731095592558,0.625,0.5384615384615384,0.38461538461538464,0.4285714285714286,-0.049450549450549455,-0.4340659340659341,0.5669642857142857,0.15768917911426772
0.4883720930232558,-0.10631229235880398,0.5833333333333334,0.4,0.5,0.027972027972027972,-0.4107142857142856,-0.032352941176470584,0.5669642857142857,0.15768917911426772
0.5714285714285714,-0.019330438436755845,0.5833333333333334,0.5833333333333334,0.5454545454545454,-0.04195804195804196,-0.01751316170845866,0.08181818181818183,0.5669642857142857,0.15768917911426772
0.6052631578947368,0.18077365021313052,0.75,0.5555555555555556,0.3333333333333333,0.43909774436090226,-0.15,-0.21666666666666667,0.5669642857142857,0.15768917911426772
0.34146341463414637,-0.3003484320557492,0.3125,0.5555555555555556,0.25,-0.14705882352941177,-0.09999999999999999,-0.4323529411764706,0.5669642857142857,0.15768917911426772
0.5,-0.08581152256705292,0.5789473684210527,0.42857142857142855,0.4444444444444444,0.1736842105263158,-0.11208791208791209,-0.4666666666666666,0.5669642857142857,0.15768917911426772
0.46875,-0.03482404692082111,0.75,0.4117647058823529,0.2857142857142857,0.6666666666666669,-0.34068627450980393,-0.5,0.5669642857142857,0.15768917911426772
0.4117647058823529,-0.01130806859168747,0.46153846153846156,0.18181818181818182,0.6,-0.13736263736263735,-0.26363636363636367,0.5878787878787878,0.5669642857142857,0.15768917911426772
0.42105263157894735,-0.19829284426022148,0.4,0.47058823529411764,0.36363636363636365,-0.406060606060606,-0.04901960784313726,-0.5454545454545455,0.5669642857142857,0.15768917911426772
0.575,0.010507059442113833,0.8888888888888888,0.4375,0.5333333333333333,0.9500000000000001,-0.4382352941176471,-0.2642857142857143,0.5669642857142857,0.15768917911426772
0.5454545454545454,0.061387743938218095,0.5,0.5,0.6428571428571429,0.22637362637362637,0.05294117647058824,-0.1384615384615385,0.5669642857142857,0.15768917911426772
0.46875,0.005498533724340175,0.6363636363636364,0.3333333333333333,0.4166666666666667,0.4000000000000001,-0.43333333333333335,-0.2377622377622378,0.5669642857142857,0.15768917911426772
0.45714285714285713,-0.2892561983471074,0.2727272727272727,0.5333333333333333,0.5555555555555556,-0.6545454545454547,-0.35,-0.5020964452534339,0.5669642857142857,0.15768917911426772
0.525,-0.0584455181467582,0.7692307692307693,0.5454545454545454,0.3125,0.7197802197802198,-0.16363636363636366,-0.351729307878893,0.5669642857142857,0.15768917911426772
0.4,-0.2665480047643057,0.2857142857142857,0.42857142857142855,0.4444444444444444,-0.10714285714285716,-0.059340659340659345,-0.41666666666666663,0.5669642857142857,0.15768917911426772
0.6052631578947368,0.14893849857736918,0.5833333333333334,0.6,0.6363636363636364,0.1328671328671329,-0.11071428571428568,0.4646936885297694,0.5669642857142857,0.15768917911426772
0.48148148148148145,0.057997557997558,0.625,0.14285714285714285,0.5833333333333334,0.5000000000000001,-0.28571428571428575,-0.08391608391608392,0.5669642857142857,0.15768917911426772
0.34285714285714286,-0.3692393892702059,0.09090909090909091,0.5,0.42857142857142855,-0.5181818181818182,-0.0790277206784084,-0.3010989010989011,0.5669642857142857,0.15768917911426772
0.4222222222222222,-0.1718822060519034,0.5,0.42105263157894735,0.3333333333333333,-0.11208791208791209,-0.2263157894736842,-0.2937062937062937,0.5669642857142857,0.15768917911426772
0.5,-0.04388028676480952,0.36363636363636365,0.5,0.5882352941176471,-0.3545454545454546,-0.01818181818181818,0.04656862745098039,0.5669642857142857,0.15768917911426772
0.5151515151515151,0.08490014235374455,0.6363636363636364,0.5384615384615384,0.3333333333333333,0.1272727272727273,0.049450549450549455,0.11666666666666665,0.5669642857142857,0.15768917911426772
0.45454545454545453,-0.309042290795036,0.4166666666666667,0.6,0.36363636363636365,-0.20979020979020982,-0.4545454545454545,0.02727272727272728,0.5669642857142857,0.15768917911426772
0.4807692307692308,-0.20991291060121636,0.46153846153846156,0.48,0.5,-0.4725274725274725,-0.1392307692307692,-0.2835164835164835,0.5669642857142857,0.15768917911426772
0.5581395348837209,0.2096877715089786,0.625,0.6,0.4166666666666667,0.6147058823529412,0.1464285714285714,-0.02097902097902098,0.5669642857142857,0.15768917911426772
0.4166666666666667,0.07490347490347489,0.3333333333333333,0.5,0.46153846153846156,0.16785714285714282,-0.1666666666666667,-0.19780219780219782,0.5669642857142857,0.15768917911426772
0.475,-0.061825687212684124,0.6,0.4,0.4,0.0,-0.1357142857142857,0.03647433262080388,0.5669642857142857,0.15768917911426772
0.425,-0.0735059574068862,0.5,0.25,0.5833333333333334,-0.1188811188811189,-0.27520242917720916,0.15384615384615385,0.5669642857142857,0.15768917911426772
0.46808510638297873,-0.1981440259854904,0.6923076923076923,0.5,0.3,0.25274725274725274,-0.21318681318681318,-0.6060150375939849,0.5669642857142857,0.15768917911426772
0.3870967741935484,-0.0016130658414469118,0.45454545454545453,0.14285714285714285,0.46153846153846156,0.16363636363636366,-0.07142857142857144,0.18131868131868134,0.5669642857142857,0.15768917911426772
0.5365853658536586,0.027441414861511262,0.3333333333333333,0.7,0.5789473684210527,0.027972027972027972,0.2121212121212121,-0.15263157894736842,0.5669642857142857,0.15768917911426772
0.5526315789473685,-0.12715434718381213,0.8,0.5384615384615384,0.4,0.35757575757575755,-0.19230769230769232,-0.3142857142857143,0.5669642857142857,0.15768917911426772
0.5897435897435898,0.010831604113331277,0.7,0.5,0.6,0.41818181818181815,-0.1252747252747253,-0.1857142857142857,0.5669642857142857,0.15768917911426772
0.55,-0.000844317276598433,0.5,0.625,0.5,-0.0303030303030303,0.0411764705882353,-0.3098901098901099,0.5669642857142857,0.15768917911426772
0.5161290322580645,-0.041935483870967745,0.6153846153846154,0.4444444444444444,0.4444444444444444,0.22527472527472525,-0.33333333333333337,0.03333333333333333,0.5669642857142857,0.15768917911426772
0.42424242424242425,-0.21492437611597537,0.7272727272727273,0.3333333333333333,0.2,0.2545454545454546,-0.3076923076923077,-0.32121212121212117,0.5669642857142857,0.15768917911426772
0.375,-0.0478446456739112,0.2857142857142857,0.23076923076923078,0.6153846153846154,-0.23076923076923075,-0.4945054945054945,0.32417582417582413,0.5669642857142857,0.15768917911426772
0.5625,0.2725689682421922,0.8181818181818182,0.4,0.45454545454545453,0.7636363636363637,-0.006060606060606061,0.10909090909090911,0.5669642857142857,0.15768917911426772
0.4358974358974359,-0.2844417465731635,0.375,0.6666666666666666,0.2727272727272727,-0.2911764705882353,-0.006993006993006993,-0.7363636363636363,0.5669642857142857,0.15768917911426772
0.44,-0.3353846153846154,0.14285714285714285,0.5,0.625,-0.7857142857142859,-0.01818181818181818,-0.1666666666666667,0.5669642857142857,0.15768917911426772
0.4117647058823529,-0.14346829640947287,0.2857142857142857,0.375,0.5833333333333334,-0.35824175824175825,0.0,0.2447552447552448,0.5669642857142857,0.15768917911426772
0.425,-0.2547023784405273,0.5,0.4666666666666667,0.3333333333333333,-0.34545454545454546,-0.28928571428571426,-0.30357142857142855,0.5669642857142857,0.15768917911426772
0.6176470588235294,0.23361344537815126,0.5555555555555556,0.6,0.6666666666666666,0.6833333333333333,-0.24848484848484845,0.39642857142857135,0.5669642857142857,0.15768917911426772
0.5142857142857142,-0.18767507002801123,0.5714285714285714,0.5454545454545454,0.4,0.15604395604395604,-0.13636363636363638,-0.5878787878787878,0.5669642857142857,0.15768917911426772
0.44680851063829785,-0.04509973988458153,0.45454545454545453,0.47368421052631576,0.4117647058823529,-0.3090909090909091,0.14210526315789473,-0.10539215686274511,0.5669642857142857,0.15768917911426772
0.5,0.03957219251336898,0.7777777777777778,0.2727272727272727,0.5,0.5,-0.38181818181818183,0.14285714285714285,0.5669642857142857,0.15768917911426772
0.3939393939393939,-0.18282085561497327,0.7777777777777778,0.09090909090909091,0.38461538461538464,0.2833333333333333,-0.5909090909090909,-0.39010989010989006,0.5669642857142857,0.15768917911426772
0.42105263157894735,0.08655213918371812,0.2777777777777778,0.5294117647058824,0.6666666666666666,-0.18885448916408668,0.16666666666666669,0.5,0.5669642857142857,0.15768917911426772
0.4166666666666667,-0.14157014157014158,0.42857142857142855,0.2,0.47058823529411764,-0.35824175824175825,-0.49999999999999994,0.02696078431372549,0.5669642857142857,0.15768917911426772
0.4878048780487805,-0.21132404181184672,0.5,0.6,0.38461538461538464,-0.15170278637770898,-0.09090909090909088,-0.2747252747252747,0.5669642857142857,0.15768917911426772
0.42105263157894735,-0.24600569199612463,0.5,0.29411764705882354,0.5454545454545454,-0.309090909090909,-0.2034313725490196,-0.07272727272727274,0.5669642857142857,0.15768917911426772
0.5135135135135135,0.009957325746799429,0.5625,0.5,0.4444444444444444,0.032352941176470584,-0.0979020979020979,-0.13333333333333333,0.5669642857142857,0.15768917911426772
0.45652173913043476,-0.08388071672659751,0.6,0.4666666666666667,0.3125,0.125,0.075,-0.47240630890847124,0.5669642857142857,0.15768917911426772
0.5945945945945946,0.0799004209808536,0.75,0.5882352941176471,0.5,0.5952380952380953,0.3186274509803922,-0.3426573426573427,0.5669642857142857,0.15768917911426772
0.3617021276595745,-0.1950676538475627,0.4375,0.4666666666666667,0.1875,0.1323529411764706,-0.25357142857142856,-0.39882277169531377,0.5669642857142857,0.15768917911426772
0.46875,0.010081569101089824,0.5833333333333334,0.5454545454545454,0.2222222222222222,0.39860139860139865,0.20909090909090913,-0.5333333333333333,0.5669642857142857,0.15768917911426772
0.4,-0.3328486330412489,0.4375,0.42857142857142855,0.35294117647058826,-0.3411764705882353,-0.5357142857142858,-0.25490196078431376,0.5669642857142857,0.15768917911426772
0.6285714285714286,0.05000350176839733,0.75,0.6,0.5,0.4685314685314686,-0.06785714285714285,0.023809523809523815,0.5669642857142857,0.15768917911426772
0.4,-0.006851571264621678,0.23076923076923078,0.38461538461538464,0.5263157894736842,-0.38461538461538464,-0.24725274725274726,0.3508771929824562,0.5669642857142857,0.15768917911426772
0.3783783783783784,-0.17461916929495155,0.2857142857142857,0.3,0.5384615384615384,-0.22637362637362637,-0.6484848484848483,0.22283377339169547,0.5669642857142857,0.15768917911426772
0.5116279069767442,0.006040471156750227,0.5,0.5333333333333333,0.5,0.2087912087912088,0.11785714285714284,-0.22637362637362637,0.5669642857142857,0.15768917911426772
0.4634146341463415,0.04895896873704549,0.3888888888888889,0.5384615384615384,0.5,0.16615067079463364,-0.18131868131868134,0.0303030303030303,0.5669642857142857,0.15768917911426772
0.5,0.01072444742687732,0.6666666666666666,0.5,0.3333333333333333,0.0979020979020979,0.12087912087912088,-0.2867132867132868,0.5669642857142857,0.15768917911426772
0.53125,0.0065988452298042476,0.8461538461538461,0.36363636363636365,0.25,0.25274725274725274,-0.36363636363636365,-0.5952380952380953,0.5669642857142857,0.15768917911426772
0.3902439024390244,-0.20749128919860632,0.5,0.36363636363636365,0.3333333333333333,-0.30069930069930073,-0.41818181818181827,0.06501547987616099,0.5669642857142857,0.15768917911426772
0.5666666666666667,0.20338229252964038,0.5714285714285714,0.8333333333333334,0.47058823529411764,0.7500000000000002,0.3714285714285715,-0.17892156862745098,0.5669642857142857,0.15768917911426772
0.42105263157894735,-0.2615308862042263,0.6363636363636364,0.25,0.4,-0.03636363636363637,-0.6153846153846154,-0.37857142857142856,0.5669642857142857,0.15768917911426772
0.47368421052631576,0.021119439764609074,0.6666666666666666,0.5,0.42105263157894735,1.0,-0.06176470588235294,-0.07368421052631578,0.5669642857142857,0.15768917911426772
0.3235294117647059,-0.2916953175294343,0.5714285714285714,0.23076923076923078,0.2857142857142857,0.5,-0.7472527472527472,-0.24835164835164836,0.5669642857142857,0.15768917911426772
0.35,-0.23979735540375138,0.3333333333333333,0.4375,0.16666666666666666,-0.27554179566563464,-0.2029411764705882,-0.3142857142857143,0.5669642857142857,0.15768917911426772
0.5,-0.07429643527204503,0.4166666666666667,0.5294117647058824,0.5454545454545454,-0.27272727272727276,-0.04901960784313726,0.03636363636363637,0.5669642857142857,0.15768917911426772
0.4827586206896552,-0.11725582057163139,0.5454545454545454,0.4,0.5,0.20909090909090913,-0.395138603392042,-0.2380952380952381,0.5669642857142857,0.15768917911426772
0.43902439024390244,-0.3558672371722968,0.35294117647058826,0.5454545454545454,0.46153846153846156,-0.6887254901960785,0.018181818181818184,-0.07692307692307691,0.5669642857142857,0.15768917911426772
0.42424242424242425,-0.2650401069518717,0.36363636363636365,0.375,0.5,-0.7272727272727273,-0.4047619047619048,0.054945054945054944,0.5669642857142857,0.15768917911426772
0.41304347826086957,-0.07616639431294077,0.3888888888888889,0.4,0.46153846153846156,0.17853457172342618,-0.20911536500314523,-0.32417582417582413,0.5669642857142857,0.15768917911426772
0.45454545454545453,-0.06684491978609626,0.7,0.2857142857142857,0.4444444444444444,0.22424242424242422,-0.3362637362637363,-0.016666666666666666,0.5669642857142857,0.15768917911426772
0.375,-0.28099639064212095,0.38461538461538464,0.47058823529411764,0.2,-0.34615384615384615,-0.15441176470588236,-0.29696969696969694,0.5669642857142857,0.15768917911426772
0.5142857142857142,0.004762238263656888,0.625,0.5833333333333334,0.4,0.4047619047619048,0.2657342657342658,-0.3714285714285714,0.5669642857142857,0.15768917911426772
0.3877551020408163,-0.18653537086097444,0.5454545454545454,0.29411764705882354,0.2,0.11349520045172222,-0.5098039215686275,-0.4545454545454545,0.5669642857142857,0.15768917911426772
0.5806451612903226,0.19879032258064516,0.7,0.3333333333333333,0.6,0.4424242424242424,-0.7142857142857143,0.2321428571428571,0.5669642857142857,0.15768917911426772
0.475,0.24859287054409007,0.5714285714285714,0.5,0.35714285714285715,0.5472527472527472,0.10489510489510491,0.0945054945054945,0.5669642857142857,0.15768917911426772
0.3939393939393939,-0.31205081498882214,0.2727272727272727,0.46153846153846156,0.4444444444444444,-0.5,-0.18131868131868134,-0.31666666666666665,0.5669642857142857,0.15768917911426772
0.36666666666666664,-0.36778284797612465,0.5384615384615384,0.2727272727272727,0.16666666666666666,-0.21978021978021978,-0.5545454545454546,-0.5428571428571429,0.5669642857142857,0.15768917911426772
0.4634146341463415,0.048257839721254366,0.4375,0.46153846153846156,0.5,-0.09411764705882353,0.15384615384615383,0.2447552447552448,0.5669642857142857,0.15768917911426772
0.43333333333333335,-0.09187986651835373,0.6666666666666666,0.2,0.45454545454545453,0.45,-0.6121212121212121,-0.44545454545454555,0.5669642857142857,0.15768917911426772
0.34615384615384615,-0.13435897435897434,0.2857142857142857,0.3333333333333333,0.5,-0.3274725274725274,-0.3142857142857143,0.08571428571428573,0.5669642857142857,0.15768917911426772
0.4117647058823529,-0.014671047989965552,0.7777777777777778,0.25,0.29411764705882354,0.75,-0.4285714285714286,-0.09803921568627452,0.5669642857142857,0.15768917911426772
0.45161290322580644,-0.21411290322580648,0.3333333333333333,0.6666666666666666,0.2857142857142857,-0.25874125874125875,0.23076923076923078,-0.5357142857142858,0.5669642857142857,0.15768917911426772
0.46938775510204084,-0.07678767317991426,0.5625,0.5454545454545454,0.36363636363636365,-0.15588235294117647,-0.10909090909090911,-0.18012422360248448,0.5669642857142857,0.15768917911426772
0.46875,-0.1341765196726864,0.4,0.6153846153846154,0.3333333333333333,-0.43030303030303024,0.1043956043956044,-0.41666666666666663,0.5669642857142857,0.15768917911426772
0.5405405405405406,0.12731152204836413,0.4166666666666667,0.5833333333333334,0.6153846153846154,-0.3636363636363637,0.1398601398601399,0.4725274725274725,0.5669642857142857,0.15768917911426772
0.4444444444444444,-0.14257365453851684,0.125,0.7142857142857143,0.5,-0.523809523809524,0.25,-0.15384615384615385,0.5669642857142857,0.15768917911426772
0.5588235294117647,0.05898533076204545,0.6666666666666666,0.625,0.36363636363636365,0.42499999999999993,0.2380952380952381,-0.48181818181818187,0.5669642857142857,0.15768917911426772
0.5813953488372093,0.08177596562629592,0.8461538461538461,0.3684210526315789,0.6363636363636364,0.510989010989011,-0.3385964912280702,0.02727272727272728,0.5669642857142857,0.15768917911426772
0.3333333333333333,-0.15577711442592884,0.6153846153846154,0.21428571428571427,0.16666666666666666,0.38461538461538464,-0.5120879120879122,-0.25874125874125875,0.5669642857142857,0.15768917911426772
0.4,-0.08940381828870073,0.21428571428571427,0.5714285714285714,0.4166666666666667,-0.3142857142857143,0.3098901098901099,-0.2797202797202798,0.5669642857142857,0.15768917911426772
0.5675675675675675,-0.015884305357989566,0.7692307692307693,0.4444444444444444,0.4666666666666667,0.21978021978021978,-0.33333333333333337,-0.0964285714285714,0.5669642857142857,0.15768917911426772
0.5151515151515151,-0.1557486631016043,0.7272727272727273,0.5,0.3333333333333333,0.4727272727272727,-0.5636363636363636,0.11188811188811189,0.5669642857142857,0.15768917911426772
0.5128205128205128,-0.11356850057562842,0.6153846153846154,0.45454545454545453,0.4666666666666667,0.1758241758241758,-0.5181818181818182,-0.2821428571428571,0.5669642857142857,0.15768917911426772
0.4,-0.19201246086109833,0.2,0.5384615384615384,0.3333333333333333,-0.3,-0.16483516483516483,-0.1398601398601399,0.5669642857142857,0.15768917911426772
0.5,0.03261107482866777,0.5833333333333334,0.3125,0.7,0.4545454545454546,-0.34411764705882353,0.309090909090909,0.5669642857142857,0.15768917911426772
0.358974358974359,-0.3457839880049561,0.2222222222222222,0.47368421052631576,0.2727272727272727,-0.2333333333333333,-0.512280701754386,-0.22727272727272727,0.5669642857142857,0.15768917911426772
0.40625,-0.16752199413489735,0.5,0.3333333333333333,0.38461538461538464,-0.05454545454545454,-0.19999999999999998,-0.2912087912087912,0.5669642857142857,0.15768917911426772
0.5,-0.12819357771574091,0.7272727272727273,0.5714285714285714,0.18181818181818182,0.02727272727272728,-0.0198019921806251,-0.27272727272727276,0.5669642857142857,0.15768917911426772
0.35135135135135137,-0.17676348671938089,0.5,0.16666666666666666,0.3333333333333333,0.06764705882352941,-0.5384615384615385,-0.35,0.5669642857142857,0.15768917911426772
0.5,-0.15690565196269643,0.5384615384615384,0.5,0.46153846153846156,-0.14285714285714285,-0.18787878787878787,-0.010989010989010988,0.5669642857142857,0.15768917911426772
0.5,-0.050010943613091184,0.5,0.5,0.5,-0.15164835164835166,0.12727272727272726,-0.0857142857142857,0.5669642857142857,0.15768917911426772
0.39473684210526316,-0.09640004376846481,0.5,0.3125,0.4166666666666667,0.49090909090909085,-0.3588235294117647,-0.31468531468531474,0.5669642857142857,0.15768917911426772
0.5277777777777778,0.2907523012649184,0.6428571428571429,0.5454545454545454,0.36363636363636365,0.5912087912087912,0.03636363636363637,-0.045454545454545456,0.5669642857142857,0.15768917911426772
0.6129032258064516,0.15403225806451612,0.5454545454545454,0.7142857142857143,0.6153846153846154,0.20909090909090913,0.10714285714285716,0.12637362637362637,0.5669642857142857,0.15768917911426772
0.5476190476190477,0.08257029414147964,0.5294117647058824,0.4444444444444444,0.625,-0.10294117647058824,0.2833333333333333,0.07941176470588236,0.5669642857142857,0.15768917911426772
0.40384615384615385,-0.2548077949823769,0.4444444444444444,0.35714285714285715,0.4,0.09803921568627451,-0.5252747252747253,-0.29323308270676685,0.5669642857142857,0.15768917911426772
0.45161290322580644,-0.019560395638679517,0.5454545454545454,0.3,0.5,-0.07272727272727274,0.09090909090909088,0.006060606060606061,0.5669642857142857,0.15768917911426772
0.5,0.27534884091936285,0.4166666666666667,0.5625,0.5,0.22377622377622378,0.19117647058823528,0.8424242424242423,0.5669642857142857,0.15768917911426772
0.5357142857142857,-0.07060755336617405,0.6666666666666666,0.5833333333333334,0.4,0.08571428571428573,0.027972027972027972,0.07878787878787878,0.5669642857142857,0.15768917911426772
0.3055555555555556,-0.3796898135154977,0.3333333333333333,0.21428571428571427,0.4,-0.3356643356643357,-0.6747252747252748,-0.5636363636363636,0.5669642857142857,0.15768917911426772
0.46875,-0.2445462919184007,0.5454545454545454,0.45454545454545453,0.4,-0.33636363636363636,0.05454545454545456,-0.3696969696969697,0.5669642857142857,0.15768917911426772
0.3469387755102041,-0.3568130224497746,0.5833333333333334,0.20833333333333334,0.38461538461538464,-0.23076923076923078,-0.5939130434782608,-0.34065934065934067,0.5669642857142857,0.15768917911426772
0.4358974358974359,0.019737841009133283,0.4166666666666667,0.5,0.4,0.16083916083916086,-0.16083916083916086,0.16428571428571426,0.5669642857142857,0.15768917911426772
0.40476190476190477,0.04318936877076412,0.45454545454545453,0.23076923076923078,0.5,-0.5272727272727273,-0.532967032967033,0.45304437564499483,0.5669642857142857,0.15768917911426772
0.4166666666666667,-0.2180320488458485,0.5,0.4375,0.25,-0.16783216783216784,-0.39999999999999997,-0.3571428571428572,0.5669642857142857,0.15768917911426772
0.5384615384615384,0.03507440024293956,0.75,0.3,0.5294117647058824,0.4125874125874127,-0.2127669402880226,-0.22058823529411767,0.5669642857142857,0.15768917911426772
0.5,-0.1897085168077233,0.4666666666666667,0.4444444444444444,0.6,0.05357142857142857,-0.5376676986584108,-0.1607142857142857,0.5669642857142857,0.15768917911426772
0.5142857142857142,0.144688003716399,0.6666666666666666,0.25,0.6363636363636364,0.3216783216783217,-0.08391608391608392,0.27272727272727276,0.5669642857142857,0.15768917911426772
0.5,-0.12429777191322697,0.6875,0.3076923076923077,0.47368421052631576,0.3147058823529411,-0.2692307692307692,-0.329091738569948,0.5669642857142857,0.15768917911426772
0.5476190476190477,-0.03443944737643092,0.5833333333333334,0.5833333333333334,0.5,-0.25874125874125875,-0.16083916083916086,0.02478059184132298,0.5669642857142857,0.15768917911426772
0.5483870967741935,-0.10080645161290325,0.4,0.6666666666666666,0.5555555555555556,-0.06666666666666665,-0.02097902097902098,-0.11666666666666665,0.5669642857142857,0.15768917911426772
0.47368421052631576,-0.08907369931809214,0.5294117647058824,0.36363636363636365,0.5,-0.04166666666666667,-0.4727272727272727,0.07878787878787878,0.5669642857142857,0.15768917911426772
0.3333333333333333,-0.22248089506705107,0.42857142857142855,0.3125,0.3125,-0.07142857142857144,-0.4794117647058824,0.044117647058823525,0.5669642857142857,0.15768917911426772
0.28125,-0.3374278133161216,0.5,0.16666666666666666,0.2857142857142857,-0.48571428571428577,-0.0979020979020979,-0.48844914045541904,0.5669642857142857,0.15768917911426772
0.40625,-0.1829514237890284,0.4166666666666667,0.4444444444444444,0.36363636363636365,-0.17482517482517487,-0.09999999999999999,-0.20909090909090913,0.5669642857142857,0.15768917911426772
0.47058823529411764,-0.08373443373815086,0.6666666666666666,0.3076923076923077,0.5,0.19999999999999998,-0.5694640875565551,0.3426573426573427,0.5669642857142857,0.15768917911426772
0.59375,0.05627864439201575,0.6666666666666666,0.5,0.5384615384615384,0.2785714285714285,-0.7999999999999999,-0.18131868131868134,0.5669642857142857,0.15768917911426772
0.5476190476190477,0.028118795857933008,0.7,0.6,0.3333333333333333,0.32121212121212117,0.08270676691729321,-0.35664335664335667,0.5669642857142857,0.15768917911426772
0.4318181818181818,-0.15617181728572316,0.625,0.3125,0.3333333333333333,-0.09117647058823529,-0.3294117647058824,-0.1328671328671329,0.5669642857142857,0.15768917911426772
0.59375,-0.020900174255929296,0.75,0.38461538461538464,0.7272727272727273,-0.19047619047619052,-0.13480067773077872,0.18181818181818182,0.5669642857142857,0.15768917911426772
0.36363636363636365,-0.25835095137420716,0.4,0.4117647058823529,0.29411764705882354,-0.4666666666666666,-0.2132352941176471,-0.4068627450980392,0.5669642857142857,0.15768917911426772
0.4117647058823529,-0.214836886561752,0.5,0.25,0.5833333333333334,-0.14285714285714288,-0.3929360887182612,-0.027972027972027972,0.5669642857142857,0.15768917911426772
0.46153846153846156,-0.3419972840222536,0.5714285714285714,0.375,0.45454545454545453,0.3214285714285715,-0.5952380952380953,-0.6000000000000001,0.5669642857142857,0.15768917911426772
0.46153846153846156,0.06822552924922143,0.6923076923076923,0.3333333333333333,0.35294117647058826,0.5604395604395606,-0.21666666666666667,-0.14705882352941177,0.5669642857142857,0.15768917911426772
0.41935483870967744,-0.42609397922195696,0.375,0.42857142857142855,0.4444444444444444,-0.6904761904761906,-0.42857142857142855,-0.5333333333333333,0.5669642857142857,0.15768917911426772
0.4117647058823529,-0.17524828113063406,0.5,0.3076923076923077,0.45454545454545453,-0.006060606060606061,-0.47802197802197804,-0.009090909090909092,0.5669642857142857,0.15768917911426772
0.3870967741935484,-0.21612903225806454,0.7,0.3076923076923077,0.125,0.8303030303030302,-0.7032967032967032,-0.6666666666666669,0.5669642857142857,0.15768917911426772
0.5,0.14973857028913,0.75,0.42857142857142855,0.375,0.7619047619047621,-0.002197802197802198,-0.261904761904762,0.5669642857142857,0.15768917911426772
0.5238095238095238,0.020339532450550965,0.5384615384615384,0.375,0.6923076923076923,-0.027472527472527472,-0.27058823529411763,0.4340659340659341,0.5669642857142857,0.15768917911426772
0.5789473684210527,0.03414127050030068,0.4375,0.5833333333333334,0.8,-0.2676470588235294,-0.3636363636363637,0.34545454545454546,0.5669642857142857,0.15768917911426772
0.425531914893617,-0.29359389454209067,0.5,0.2,0.5625,-0.37941176470588234,-0.7214285714285712,-0.0029411764705882353,0.5669642857142857,0.15768917911426772
0.5,-0.049674640479915315,0.5555555555555556,0.36363636363636365,0.5833333333333334,0.43333333333333335,-0.41818181818181827,0.1188811188811189,0.5669642857142857,0.15768917911426772
0.4482758620689655,-0.10985221674876844,0.3333333333333333,0.4666666666666667,0.5,-0.4285714285714286,-0.1714285714285714,-0.023809523809523815,0.5669642857142857,0.15768917911426772
0.4117647058823529,-0.18624904507257448,0.7777777777777778,0.3076923076923077,0.25,0.5,-0.2967032967032967,-0.5384615384615385,0.5669642857142857,0.15768917911426772
0.2727272727272727,-0.3646695090863594,0.2,0.3333333333333333,0.2727272727272727,-0.33333333333333326,-0.6713286713286714,0.08181818181818183,0.5669642857142857,0.15768917911426772
0.48484848484848486,0.02891284375432639,0.5384615384615384,0.2222222222222222,0.6363636363636364,0.021978021978021976,0.38333333333333336,0.07272727272727274,0.5669642857142857,0.15768917911426772
0.3870967741935484,-0.3733870967741936,0.42857142857142855,0.21428571428571427,0.6,0.39285714285714296,-0.6483516483516484,-0.2121212121212121,0.5669642857142857,0.15768917911426772
0.4375,-0.11876832844574779,0.6428571428571429,0.36363636363636365,0.14285714285714285,-0.05054945054945055,-0.009090909090909092,-0.5357142857142858,0.5669642857142857,0.15768917911426772
0.6428571428571429,0.07610183696040188,0.5,0.8,0.6,0.3333333333333334,-0.17575757575757575,0.29696969696969694,0.5669642857142857,0.15768917911426772
0.6111111111111112,0.16190476190476194,0.4444444444444444,0.6153846153846154,0.7142857142857143,0.18333333333333335,-0.15934065934065936,0.37142857142857144,0.5669642857142857,0.15768917911426772
0.45,-0.03311910714412978,0.42857142857142855,0.4117647058823529,0.5,0.1785714285714286,-0.4387254901960785,0.2323529411764706,0.5669642857142857,0.15768917911426772
0.3611111111111111,-0.13115387117704816,0.4,0.36363636363636365,0.3333333333333333,0.17575757575757575,-0.045454545454545456,-0.2931189731668019,0.5669642857142857,0.15768917911426772
0.4838709677419355,0.0217741935483871,1.0,0.2857142857142857,0.3888888888888889,0.7714285714285715,-0.642857142857143,-0.13519091847265222,0.5669642857142857,0.15768917911426772
0.52,0.09655703198425002,0.6363636363636364,0.2857142857142857,0.5714285714285714,0.5545454545454546,-0.6785714285714287,-0.21428571428571433,0.5669642857142857,0.15768917911426772
0.3181818181818182,-0.2523997741389046,0.4,0.0,0.3,-0.06666666666666665,,-0.43030303030303024,0.5669642857142857,0.15768917911426772
0.37142857142857144,-0.2697478991596639,0.2222222222222222,0.38461538461538464,0.46153846153846156,-0.5,-0.3681318681318681,-0.07692307692307691,0.5669642857142857,0.15768917911426772
0.34375,-0.1554537121906508,0.23529411764705882,0.5833333333333334,0.0,-0.3186274509803922,0.05253948512537597,-0.5,0.5669642857142857,0.15768917911426772
0.37777777777777777,-0.244532279314888,0.5454545454545454,0.35,0.2857142857142857,0.018181818181818184,-0.19248120300751878,-0.4813186813186813,0.5669642857142857,0.15768917911426772
0.48717948717948717,-0.0465634175884894,0.8,0.36363636363636365,0.3888888888888889,0.10303030303030303,-0.06363636363636364,-0.17234262125902994,0.5669642857142857,0.15768917911426772
0.4090909090909091,-0.38931566803290757,0.4,0.5,0.3076923076923077,-0.2821428571428571,-0.2735294117647059,-0.2912087912087912,0.5669642857142857,0.15768917911426772
0.5151515151515151,0.14424202106874853,0.7777777777777778,0.4166666666666667,0.4166666666666667,0.48333333333333334,-0.35664335664335667,-0.10489510489510491,0.5669642857142857,0.15768917911426772
0.2857142857142857,-0.32145108279684,0.4444444444444444,0.16666666666666666,0.2857142857142857,0.45,-0.7342657342657343,-0.2703296703296703,0.5669642857142857,0.15768917911426772
0.4722222222222222,-0.1446589446589447,0.42857142857142855,0.5,0.46153846153846156,-0.42857142857142866,-0.11470588235294117,0.04395604395604395,0.5669642857142857,0.15768917911426772
0.4473684210526316,-0.09990152095415253,0.6666666666666666,0.3333333333333333,0.36363636363636365,0.3426573426573427,-0.43214285714285705,-0.5090909090909091,0.5669642857142857,0.15768917911426772
0.4166666666666667,-0.024456172168098707,0.6363636363636364,0.3076923076923077,0.3333333333333333,0.4272727272727273,-0.2857142857142857,-0.1398601398601399,0.5669642857142857,0.15768917911426772
0.40540540540540543,-0.22504150502315737,0.5714285714285714,0.2,0.5333333333333333,-0.3214285714285715,-0.6392857142857141,0.15357142857142855,0.5669642857142857,0.15768917911426772
0.3783783783783784,-0.2016477983507893,0.45454545454545453,0.2,0.5454545454545454,-0.03636363636363637,-0.5178571428571428,0.26363636363636367,0.5669642857142857,0.15768917911426772
0.41935483870967744,-0.2224238803037475,0.8181818181818182,0.09090909090909091,0.3333333333333333,0.8272727272727273,-0.5909090909090909,-0.33333333333333337,0.5669642857142857,0.15768917911426772
0.4634146341463415,-0.11542314571687269,0.7272727272727273,0.5,0.25,0.4000000000000001,-0.2527472527472528,-0.2735294117647059,0.5669642857142857,0.15768917911426772
0.40476190476190477,-0.2793128595737785,0.47368421052631576,0.36363636363636365,0.3333333333333333,-0.443859649122807,0.018181818181818184,-0.16083916083916086,0.5669642857142857,0.15768917911426772
0.4411764705882353,-0.036827628791847034,0.5,0.38461538461538464,0.46153846153846156,-0.07142857142857144,-0.005494505494505494,0.2692307692307692,0.5669642857142857,0.15768917911426772
0.5652173913043478,0.06814887912210489,0.625,0.36363636363636365,0.631578947368421,0.3323529411764706,-0.6454545454545455,0.13684210526315788,0.5669642857142857,0.15768917911426772
0.5142857142857142,0.04159955189135576,0.4666666666666667,0.5454545454545454,0.5555555555555556,0.22142857142857136,-0.20909090909090913,-0.25,0.5669642857142857,0.15768917911426772
0.5454545454545454,0.15173796791443853,0.75,0.2222222222222222,0.5833333333333334,0.37762237762237766,-0.18333333333333335,0.02097902097902098,0.5669642857142857,0.15768917911426772
0.46511627906976744,0.13266885651468321,0.5,0.25,0.6153846153846154,0.3663570691434469,-0.6643356643356644,0.4725274725274725,0.5669642857142857,0.15768917911426772
0.5405405405405406,-0.01256519677572309,0.5714285714285714,0.6923076923076923,0.3,-0.18681318681318684,0.3736263736263736,0.2121212121212121,0.5669642857142857,0.15768917911426772
0.3333333333333333,-0.20655080213903745,0.42857142857142855,0.3333333333333333,0.2857142857142857,0.3214285714285715,-0.43356643356643365,-0.2,0.5669642857142857,0.15768917911426772
0.5,-0.15976363759756085,0.5833333333333334,0.6,0.2727272727272727,0.1328671328671329,-0.17694377038727674,-0.44545454545454555,0.5669642857142857,0.15768917911426772
0.4186046511627907,-0.12715191784959226,0.5,0.25,0.47058823529411764,0.16043956043956045,-0.5804195804195805,-0.24019607843137256,0.5669642857142857,0.15768917911426772
0.4864864864864865,-0.07421458261994128,0.5,0.5714285714285714,0.4444444444444444,-0.14685314685314685,0.7500000000000002,-0.39938080495356043,0.5669642857142857,0.15768917911426772
0.4722222222222222,-0.1656690484219242,0.625,0.47058823529411764,0.36363636363636365,0.5714285714285715,-0.49019607843137264,0.10022805046720515,0.5669642857142857,0.15768917911426772
0.4523809523809524,-0.04894453227144535,0.45454545454545453,0.4375,0.4666666666666667,0.19090909090909092,-0.25588235294117645,0.017857142857142853,0.5669642857142857,0.15768917911426772
0.48936170212765956,-0.11061000307590317,0.6153846153846154,0.3684210526315789,0.5333333333333333,0.18131868131868134,-0.5298245614035089,-0.10714285714285714,0.5669642857142857,0.15768917911426772
0.38235294117647056,-0.247879581663793,0.6153846153846154,0.2,0.2727272727272727,0.04395604395604395,-0.3696969696969697,-0.7454545454545456,0.5669642857142857,0.15768917911426772
0.46153846153846156,-0.12642340215593575,0.4166666666666667,0.5,0.47058823529411764,-0.25874125874125875,0.06666666666666665,-0.18382352941176472,0.5669642857142857,0.15768917911426772
0.43478260869565216,0.17090696098058142,0.6666666666666666,0.3333333333333333,0.38461538461538464,0.15384615384615385,0.08181818181818182,0.32417582417582413,0.5669642857142857,0.15768917911426772
0.5945945945945946,0.06780464675201517,0.42857142857142855,0.5882352941176471,0.6923076923076923,0.03571428571428572,-0.24754901960784317,0.22527472527472525,0.5669642857142857,0.15768917911426772
0.4186046511627907,-0.2758985200845666,0.35714285714285715,0.375,0.5384615384615384,0.04615384615384615,-0.55,-0.1043956043956044,0.5669642857142857,0.15768917911426772
0.5454545454545454,-0.04588382799142655,0.7,0.4166666666666667,0.5454545454545454,0.3890595479552414,-0.5314685314685316,0.018181818181818184,0.5669642857142857,0.15768917911426772
0.3902439024390244,-0.3153149229026919,0.5714285714285714,0.4166666666666667,0.2,0.02857142857142857,-0.4545454545454546,-0.7882040680887782,0.5669642857142857,0.15768917911426772
0.36363636363636365,-0.01871814162129801,0.46153846153846156,0.25,0.3333333333333333,0.07142857142857142,0.023809523809523815,-0.31468531468531474,0.5669642857142857,0.15768917911426772
0.5357142857142857,-0.04926108374384236,0.5,0.6666666666666666,0.3333333333333333,0.16363636363636364,-0.2447552447552448,-0.4285714285714286,0.5669642857142857,0.15768917911426772
0.3870967741935484,-0.180241935483871,0.2857142857142857,0.3333333333333333,0.5,0.5714285714285715,-0.0979020979020979,-0.44755244755244755,0.5669642857142857,0.15768917911426772
0.53125,0.08725139803852285,0.3333333333333333,0.6428571428571429,0.5,-0.2,0.1384615384615385,0.16083916083916086,0.5669642857142857,0.15768917911426772
0.5,0.08682782458662965,0.5555555555555556,0.38461538461538464,0.5384615384615384,0.11661506707946334,-0.12637362637362637,0.18131868131868134,0.5669642857142857,0.15768917911426772
0.3902439024390244,-0.15698231612839142,0.4666666666666667,0.3333333333333333,0.36363636363636365,0.457142857142857,-0.457142857142857,-0.36363636363636365,0.5669642857142857,0.15768917911426772
0.5161290322580645,-0.0397257519672151,0.6666666666666666,0.3076923076923077,0.6666666666666666,0.06666666666666667,-0.532967032967033,0.19999999999999998,0.5669642857142857,0.15768917911426772
0.4222222222222222,-0.006390407800250345,0.42857142857142855,0.47368421052631576,0.3333333333333333,0.1364137239109729,-0.028070175438596492,0.16783216783216784,0.5669642857142857,0.15768917911426772
0.391304347826087,-0.2977673615394104,0.4,0.4,0.375,0.07857142857142857,-0.3928571428571428,-0.7019869450135229,0.5669642857142857,0.15768917911426772
0.3333333333333333,-0.19646234407920027,0.4,0.36363636363636365,0.2222222222222222,-0.309090909090909,0.05454545454545456,-0.21666666666666667,0.5669642857142857,0.15768917911426772
0.46153846153846156,-0.2524291497975708,0.5833333333333334,0.5454545454545454,0.3125,-0.06993006993006995,-0.39090909090909093,-0.17941176470588235,0.5669642857142857,0.15768917911426772
0.5,0.0024666126376355194,0.5,0.4375,0.5625,0.22377622377622378,-0.35000000000000003,0.18101550154436752,0.5669642857142857,0.15768917911426772
0.5357142857142857,0.03366634765344262,0.5,0.6666666666666666,0.4,-0.8857142857142858,0.5804195804195805,-0.2121212121212121,0.5669642857142857,0.15768917911426772
0.5116279069767442,-0.06674972632838928,0.42857142857142855,0.5714285714285714,0.5333333333333333,-0.1076923076923077,0.07252747252747253,-0.05714285714285713,0.5669642857142857,0.15768917911426772
0.45161290322580644,-0.008066142531414234,0.7777777777777778,0.2,0.4166666666666667,0.5333333333333333,-0.43030303030303024,-0.08391608391608392,0.5669642857142857,0.15768917911426772
0.5161290322580645,0.2237903225806452,0.2727272727272727,0.625,0.6666666666666666,0.02727272727272728,0.3571428571428572,0.6223776223776225,0.5669642857142857,0.15768917911426772
0.5116279069767442,-0.10223883421791752,0.47619047619047616,0.4,0.6666666666666666,-0.09220779220779221,-0.24848484848484845,0.04895104895104895,0.5669642857142857,0.15768917911426772
0.4666666666666667,-0.1599555061179088,0.7777777777777778,0.4444444444444444,0.25,0.0,-0.6166666666666666,-0.1958041958041958,0.5669642857142857,0.15768917911426772
0.34782608695652173,-0.30676246584013556,0.42105263157894735,0.3125,0.2727272727272727,-0.15263157894736842,-0.3558823529411765,-0.4328029451992949,0.5669642857142857,0.15768917911426772
0.39473684210526316,-0.13754992634255753,0.5,0.3333333333333333,0.3333333333333333,0.38461538461538464,-0.3216783216783217,-0.2797202797202798,0.5669642857142857,0.15768917911426772
0.2564102564102564,-0.3586213881813294,0.36363636363636365,0.16666666666666666,0.25,-0.41818181818181827,-0.6783216783216784,-0.13529411764705881,0.5669642857142857,0.15768917911426772
0.4838709677419355,-0.14255469373787083,0.25,0.5454545454545454,0.5833333333333334,-0.523809523809524,-0.21818181818181823,-0.2447552447552448,0.5669642857142857,0.15768917911426772
0.4444444444444444,-0.11474221715994086,0.5454545454545454,0.5,0.35,0.018181818181818184,-0.29042921864916815,-0.32342988372243586,0.5669642857142857,0.15768917911426772
0.35135135135135137,-0.1025489040994396,0.36363636363636365,0.5,0.2777777777777778,0.23636363636363636,0.2142857142857143,-0.24045407636738902,0.5669642857142857,0.15768917911426772
0.3939393939393939,0.036934904449168394,0.4,0.35714285714285715,0.4444444444444444,-0.3696969696969697,-0.08131868131868132,0.0,0.5669642857142857,0.15768917911426772
0.3888888888888889,-0.07946336429308565,0.42857142857142855,0.25,0.42857142857142855,0.5357142857142858,-0.6000000000000001,-0.1785714285714286,0.5669642857142857,0.15768917911426772
0.35294117647058826,-0.30926732460952067,0.36363636363636365,0.25,0.45454545454545453,-0.39090909090909093,-0.3216783216783217,0.0,0.5669642857142857,0.15768917911426772
0.36666666666666664,-0.4162216288384513,0.2222222222222222,0.45454545454545453,0.4,-0.19999999999999998,-0.4000000000000001,-0.2796365500928297,0.5669642857142857,0.15768917911426772
0.5121951219512195,0.06394006713674306,0.6923076923076923,0.3125,0.5833333333333334,0.49793719733206016,-0.5205882352941177,0.1398601398601399,0.5669642857142857,0.15768917911426772
0.3684210526315789,-0.09509219251526053,0.3333333333333333,0.6153846153846154,0.1875,-0.2833333333333333,0.17032967032967034,-0.3529411764705882,0.5669642857142857,0.15768917911426772
0.275,-0.23464840500699316,0.25,0.2857142857142857,0.2857142857142857,-0.04195804195804196,-0.27472527472527475,-0.3406593406593406,0.5669642857142857,0.15768917911426772
0.36363636363636365,-0.15342330606092933,0.4166666666666667,0.3157894736842105,0.38461538461538464,0.39860139860139865,-0.31052631578947365,-0.16483516483516483,0.5669642857142857,0.15768917911426772
0.5294117647058824,-0.02918258212375859,0.5,0.5263157894736842,0.5454545454545454,0.0,-0.03508771929824562,-0.018181818181818184,0.5669642857142857,0.15768917911426772
0.4411764705882353,-0.08281763336875506,0.3333333333333333,0.45454545454545453,0.5454545454545454,-0.4125874125874127,0.5909090909090909,-0.28181818181818186,0.5669642857142857,0.15768917911426772
0.3829787234042553,-0.3174800514154567,0.5625,0.29411764705882354,0.2857142857142857,0.02941176470588235,-0.49785417082917494,-0.5604395604395604,0.5669642857142857,0.15768917911426772
0.2894736842105263,-0.2315478473674238,0.2222222222222222,0.17647058823529413,0.5,-0.2833333333333333,-0.5514705882352942,0.27272727272727276,0.5669642857142857,0.15768917911426772
0.3783783783783784,-0.13455838861602767,0.23076923076923078,0.3076923076923077,0.6363636363636364,-0.23076923076923078,-0.5,0.3272727272727273,0.5669642857142857,0.15768917911426772
0.3333333333333333,-0.2960053526219625,0.45454545454545453,0.3333333333333333,0.2,-0.27272727272727276,-0.6363636363636365,0.12727272727272726,0.5669642857142857,0.15768917911426772
0.29545454545454547,-0.32587476675504684,0.2,0.4,0.2631578947368421,-0.1515151515151515,-0.25357142857142856,-0.45964912280701753,0.5669642857142857,0.15768917911426772
0.37209302325581395,-0.4203889020738994,0.5,0.2,0.42857142857142855,-0.26593406593406593,-0.6714285714285713,-0.4769230769230769,0.5669642857142857,0.15768917911426772
0.45161290322580644,0.06493244737788458,0.5454545454545454,0.2222222222222222,0.5454545454545454,0.009090909090909092,0.0,0.13636363636363638,0.5669642857142857,0.15768917911426772
0.6,0.24631904885064632,0.6,0.625,0.5714285714285714,0.2178571428571428,-0.1411764705882353,0.5120879120879122,0.5669642857142857,0.15768917911426772
0.45454545454545453,-0.2356283422459893,0.6666666666666666,0.36363636363636365,0.38461538461538464,0.016666666666666666,-0.7818181818181819,-0.15384615384615383,0.5669642857142857,0.15768917911426772
0.42424242424242425,-0.18920274374255314,0.5454545454545454,0.4166666666666667,0.3,0.10909090909090911,-0.6503496503496504,-0.06666666666666665,0.5669642857142857,0.15768917911426772
0.5116279069767442,0.04666616338910504,0.625,0.3157894736842105,0.75,0.31764705882352945,-0.3508771929824562,0.261904761904762,0.5669642857142857,0.15768917911426772
0.42105263157894735,-0.13065601595307375,0.625,0.2727272727272727,0.42105263157894735,0.2142857142857143,-0.3272727272727273,-0.23859649122807017,0.5669642857142857,0.15768917911426772
0.4772727272727273,-0.09493269457645301,0.5,0.26666666666666666,0.6923076923076923,-0.12058823529411765,-0.3714285714285714,0.24175824175824176,0.5669642857142857,0.15768917911426772
0.3953488372093023,-0.0850228414544868,0.5333333333333333,0.35294117647058826,0.2727272727272727,0.12142857142857141,-0.36274509803921573,-0.10909090909090911,0.5669642857142857,0.15768917911426772
0.4146341463414634,-0.1787612168121305,0.4,0.5833333333333334,0.2857142857142857,-0.23928571428571427,-0.06293706293706294,-0.3626373626373627,0.5669642857142857,0.15768917911426772
0.3939393939393939,0.0543160359546594,0.5,0.5,0.26666666666666666,0.406060606060606,0.023809523809523815,-0.049999999999999996,0.5669642857142857,0.15768917911426772
0.46153846153846156,-0.11469933419955355,0.5555555555555556,0.4375,0.42857142857142855,0.35,-0.06176470588235294,-0.39780219780219783,0.5669642857142857,0.15768917911426772
0.6363636363636364,0.24197860962566844,0.5,0.75,0.6363636363636364,0.2606060606060606,0.3706293706293707,0.17272727272727276,0.5669642857142857,0.15768917911426772
0.5813953488372093,0.2703212898819385,0.7222222222222222,0.42857142857142855,0.5454545454545454,0.4901960784313726,-0.3190320962434044,0.19090909090909092,0.5669642857142857,0.15768917911426772
0.3958333333333333,-0.11285113316681858,0.5,0.3333333333333333,0.38461538461538464,0.12087912087912088,-0.1097759070563665,-0.027472527472527472,0.5669642857142857,0.15768917911426772
0.5263157894736842,-0.01192755924529735,0.75,0.5,0.2,0.3411764705882353,-0.5244755244755246,-0.06666666666666665,0.5669642857142857,0.15768917911426772
0.38461538461538464,-0.2844273499264848,0.5454545454545454,0.25,0.375,0.009090909090909092,-0.5874125874125874,-0.10588235294117648,0.5669642857142857,0.15768917911426772
0.45454545454545453,-0.0055156276886079965,0.5833333333333334,0.3333333333333333,0.5,0.35664335664335667,-0.19999999999999998,-0.028571428571428574,0.5669642857142857,0.15768917911426772
0.5135135135135135,-0.06994665135106286,0.6363636363636364,0.36363636363636365,0.5333333333333333,0.13636363636363638,-0.5272727272727273,-0.024999999999999998,0.5669642857142857,0.15768917911426772
0.43333333333333335,-0.17730812013348163,0.625,0.4166666666666667,0.3,0.3333333333333334,-0.2867132867132868,-0.5030303030303029,0.5669642857142857,0.15768917911426772
0.5217391304347826,0.0500169601520607,0.5,0.5833333333333334,0.5,0.1847265221878225,0.37762237762237766,-0.0823529411764706,0.5669642857142857,0.15768917911426772
0.4,-0.13262127280818872,0.7,0.2857142857142857,0.23076923076923078,0.38181818181818183,-0.39285714285714296,-0.5034392658108675,0.5669642857142857,0.15768917911426772
0.4722222222222222,0.11364952723192694,0.5384615384615384,0.2,0.6153846153846154,0.42857142857142855,-0.32121212121212117,0.38461538461538464,0.5669642857142857,0.15768917911426772
0.5365853658536586,0.11960972255509512,0.5,0.6153846153846154,0.5,0.4545454545454545,0.0,0.003095975232198142,0.5669642857142857,0.15768917911426772
0.4473684210526316,-0.17762941991029177,0.5714285714285714,0.4,0.3333333333333333,0.02857142857142857,-0.19660418931919638,-0.016666666666666666,0.5669642857142857,0.15768917911426772
0.575,0.11744840525328332,0.38461538461538464,0.7368421052631579,0.5,-0.11538461538461539,0.4982456140350877,0.3571428571428572,0.5669642857142857,0.15768917911426772
0.42857142857142855,0.017789606561975806,0.46153846153846156,0.45454545454545453,0.36363636363636365,0.04395604395604395,-0.3272727272727273,-0.10000000000000002,0.5669642857142857,0.15768917911426772
0.3888888888888889,-0.3225225225225225,0.5454545454545454,0.2727272727272727,0.35714285714285715,-0.045454545454545456,-0.8272727272727273,-0.3406593406593406,0.5669642857142857,0.15768917911426772
0.4473684210526316,-0.2076927288768291,0.4444444444444444,0.5714285714285714,0.3333333333333333,-0.38333333333333336,-0.2043956043956044,-0.4392857142857142,0.5669642857142857,0.15768917911426772
0.5,-0.22859762070633105,0.5714285714285714,0.36363636363636365,0.5714285714285714,-0.14285714285714288,-0.36363636363636365,-0.2527472527472528,0.5669642857142857,0.15768917911426772
0.4482758620689655,0.026357926052866718,0.7142857142857143,0.38461538461538464,0.3333333333333333,0.1785714285714286,-0.3878958277559143,0.03333333333333333,0.5669642857142857,0.15768917911426772
0.38235294117647056,-0.2058059587471352,0.36363636363636365,0.4,0.38461538461538464,0.0,-0.3696969696969697,-0.2747252747252747,0.5669642857142857,0.15768917911426772
0.43243243243243246,-0.17298002526198436,0.3333333333333333,0.5333333333333333,0.4,-0.2377622377622378,-0.04642857142857142,-0.24848484848484845,0.5669642857142857,0.15768917911426772
0.37209302325581395,-0.015141217381944714,0.42857142857142855,0.25,0.4117647058823529,-0.07692307692307693,-0.09807370556736847,0.0,0.5669642857142857,0.15768917911426772
0.3103448275862069,-0.2948639017316025,0.45454545454545453,0.2,0.25,-0.009090909090909092,-0.5757575757575757,-0.261904761904762,0.5669642857142857,0.15768917911426772
0.5405405405405406,0.16468077567616135,0.8,0.3076923076923077,0.5714285714285714,0.5045616012544536,-0.016483516483516484,0.0,0.5669642857142857,0.15768917911426772
0.4883720930232558,0.053915276148577676,0.5333333333333333,0.35714285714285715,0.5714285714285714,0.010714285714285713,-0.3538461538461538,0.221978021978022,0.5669642857142857,0.15768917911426772
0.5142857142857142,0.029693956232213544,0.5,0.5,0.5384615384615384,-0.4545454545454545,0.15384615384615385,0.11538461538461539,0.5669642857142857,0.15768917911426772
0.5555555555555556,0.17222293874166353,0.625,0.3333333333333333,0.75,0.29411764705882354,-0.22377622377622378,0.523809523809524,0.5669642857142857,0.15768917911426772
0.5714285714285714,-0.0011204481792717086,0.7,0.6923076923076923,0.3333333333333333,0.4424242424242424,-0.1043956043956044,-0.22377622377622378,0.5669642857142857,0.15768917911426772
0.5652173913043478,0.03063241106719368,0.375,0.75,0.5714285714285714,-0.19047619047619052,0.07142857142857144,0.03571428571428572,0.5669642857142857,0.15768917911426772
0.37777777777777777,-0.18453126069428188,0.42857142857142855,0.5625,0.13333333333333333,-0.0945054945054945,0.11470588235294117,-0.7428571428571428,0.5669642857142857,0.15768917911426772
0.47058823529411764,-0.33707693581452697,0.42857142857142855,0.36363636363636365,0.5625,-0.3214285714285715,-0.5090909090909091,-0.3205882352941176,0.5669642857142857,0.15768917911426772
0.4791666666666667,0.08467216673903603,0.5882352941176471,0.5384615384615384,0.3333333333333333,0.3088235294117647,0.32417582417582413,-0.4262125902992776,0.5669642857142857,0.15768917911426772
0.3684210526315789,-0.2657181978347429,0.2857142857142857,0.46153846153846156,0.36363636363636365,-0.3142857142857143,-0.5384615384615384,-0.08181818181818183,0.5669642857142857,0.15768917911426772
0.46808510638297873,-0.21405030391374466,0.5384615384615384,0.4166666666666667,0.45454545454545453,-0.049450549450549455,-0.22377622377622378,-0.17221908526256355,0.5669642857142857,0.15768917911426772
0.3488372093023256,-0.16850411538171112,0.25,0.25,0.47368421052631576,-0.2867132867132868,-0.6993006993006995,0.11847302588518129,0.5669642857142857,0.15768917911426772
0.45454545454545453,-0.20320855614973263,0.5333333333333333,0.4444444444444444,0.3333333333333333,-0.11428571428571425,0.03333333333333333,-0.6666666666666667,0.5669642857142857,0.15768917911426772
0.45,-0.16737029813782964,0.6666666666666666,0.29411764705882354,0.5,0.2333333333333333,-0.5441176470588236,-0.2,0.5669642857142857,0.15768917911426772
0.5853658536585366,0.07770034843205577,0.75,0.36363636363636365,0.6111111111111112,0.32867132867132864,-0.5090909090909091,0.3457172342621259,0.5669642857142857,0.15768917911426772
0.5925925925925926,-0.08974358974358974,0.5714285714285714,0.75,0.5,0.07142857142857144,0.04761904761904763,-0.4825174825174825,0.5669642857142857,0.15768917911426772
0.5555555555555556,0.05832061340577424,0.625,0.5,0.5454545454545454,0.19047619047619052,-0.38095238095238104,-0.009090909090909092,0.5669642857142857,0.15768917911426772
0.5,0.11330049261083742,0.5454545454545454,0.3333333333333333,0.625,0.3181818181818182,0.11666666666666665,0.19047619047619052,0.5669642857142857,0.15768917911426772
0.3333333333333333,-0.2020242914979757,0.5294117647058824,0.16666666666666666,0.2,0.29901960784313725,-0.3916083916083916,-0.6363636363636362,0.5669642857142857,0.15768917911426772
0.35135135135135137,-0.10811451622335087,0.4444444444444444,0.4,0.23076923076923078,-0.41666666666666663,-0.1857142857142857,-0.14285714285714285,0.5669642857142857,0.15768917911426772
0.45,-0.01557223264540338,0.45454545454545453,0.4375,0.46153846153846156,-0.22727272727272727,0.02058823529411765,0.054945054945054944,0.5669642857142857,0.15768917911426772
0.4722222222222222,0.05071437765478182,0.6428571428571429,0.3333333333333333,0.4,0.26153846153846155,-0.16783216783216784,-0.5653521556224601,0.5669642857142857,0.15768917911426772
0.39285714285714285,0.06677613574165298,0.6,0.3333333333333333,0.375,0.6,-0.3178571428571428,0.0,0.5669642857142857,0.15768917911426772
0.5238095238095238,-0.009886948490732957,0.6,0.6153846153846154,0.35714285714285715,0.36428571428571427,-0.21428571428571427,-0.18681318681318684,0.5669642857142857,0.15768917911426772
0.5,-0.0747192301057587,0.5714285714285714,0.5555555555555556,0.36363636363636365,-0.1824175824175824,0.0,-0.10000000000000002,0.5669642857142857,0.15768917911426772
0.38235294117647056,-0.25001910365646773,0.4444444444444444,0.3333333333333333,0.4,-0.18333333333333335,-0.25357142857142856,0.03647433262080388,0.5669642857142857,0.15768917911426772
0.38095238095238093,-0.27979904383761445,0.5,0.2222222222222222,0.5,0.17362637362637365,-0.5748194014447885,-0.34545454545454546,0.5669642857142857,0.15768917911426772
0.32432432432432434,-0.25170431366085866,0.5555555555555556,0.2727272727272727,0.23529411764705882,-0.06666666666666667,-0.05454545454545456,-0.8186274509803922,0.5669642857142857,0.15768917911426772
0.5454545454545454,-0.06350798050083253,0.5625,0.6,0.42857142857142855,0.19999999999999998,0.07878787878787878,-0.5357142857142858,0.5669642857142857,0.15768917911426772
0.5714285714285714,-0.009244344864745725,0.75,0.5454545454545454,0.5,0.2142857142857143,-0.11818181818181818,-0.044117647058823525,0.5669642857142857,0.15768917911426772
0.5483870967741935,0.1366935483870968,0.6363636363636364,0.5,0.5,0.08181818181818183,0.027972027972027972,0.38095238095238104,0.5669642857142857,0.15768917911426772
0.46153846153846156,-0.3116554485493404,0.6666666666666666,0.5263157894736842,0.18181818181818182,-0.6333333333333333,-0.3649122807017544,-0.7090909090909092,0.5669642857142857,0.15768917911426772
0.39473684210526316,-0.09783857743785729,0.5384615384615384,0.2727272727272727,0.35714285714285715,-0.049450549450549455,-0.14578625522502567,-0.25302545564132073,0.5669642857142857,0.15768917911426772
0.5098039215686274,0.042264355896477236,0.5789473684210527,0.47619047619047616,0.45454545454545453,0.12631578947368421,-0.03506493506493507,0.1272727272727273,0.5669642857142857,0.15768917911426772
0.3076923076923077,-0.17543149286023837,0.5555555555555556,0.2222222222222222,0.25,0.48333333333333334,-0.39958704344133317,-0.4685314685314686,0.5669642857142857,0.15768917911426772
0.5405405405405406,0.09151256519677571,0.5714285714285714,0.6923076923076923,0.3,-0.002197802197802198,0.14285714285714285,-0.2606060606060606,0.5669642857142857,0.15768917911426772
0.4358974358974359,-0.321692480643955,0.5,0.5384615384615384,0.25,-0.16483516483516483,-0.3626373626373627,-0.8251748251748254,0.5669642857142857,0.15768917911426772
0.37777777777777777,-0.17839849807102168,0.4375,0.46153846153846156,0.25,-0.02941176470588235,-0.2582417582417582,-0.2823529411764706,0.5669642857142857,0.15768917911426772
0.39473684210526316,0.15036113025030037,0.42857142857142855,0.2777777777777778,0.5384615384615384,0.21428571428571433,0.5562435500515995,0.16483516483516483,0.5669642857142857,0.15768917911426772
0.4358974358974359,-0.09392712550607286,0.38461538461538464,0.5333333333333333,0.36363636363636365,-0.08241758241758242,0.23571428571428568,-0.7545454545454545,0.5669642857142857,0.15768917911426772
0.5,-0.11182513263392578,0.625,0.25,0.5,0.31764705882352945,-0.523809523809524,-0.27058823529411763,0.5669642857142857,0.15768917911426772
0.5172413793103449,0.0334975369458128,0.6666666666666666,0.5714285714285714,0.3,0.2657342657342658,0.1785714285714286,-0.2727272727272727,0.5669642857142857,0.15768917911426772
0.40625,-0.15105407882676444,0.2857142857142857,0.4,0.4666666666666667,0.14285714285714288,-0.0303030303030303,-0.21626460825111601,0.5669642857142857,0.15768917911426772
0.5121951219512195,0.11159508710347911,0.42857142857142855,0.5294117647058824,0.6,0.21318681318681318,-0.09313725490196079,0.19999999999999998,0.5669642857142857,0.15768917911426772
0.3888888888888889,-0.17016347161171838,0.46153846153846156,0.3333333333333333,0.375,0.13736263736263735,-0.18928571428571428,-0.5000000000000001,0.5669642857142857,0.15768917911426772
0.42857142857142855,-0.12156862745098039,0.5,0.46153846153846156,0.3333333333333333,0.11515151515151514,-0.30769230769230765,-0.16083916083916086,0.5669642857142857,0.15768917911426772
0.5,-0.08476499189627226,0.5625,0.5625,0.3,0.06764705882352941,-0.14705882352941177,-0.395138603392042,0.5669642857142857,0.15768917911426772
0.55,0.04737780300426231,0.46153846153846156,0.5384615384615384,0.6428571428571429,0.18131868131868134,0.054945054945054944,0.2571428571428571,0.5669642857142857,0.15768917911426772
0.32432432432432434,-0.3470839260312944,0.38461538461538464,0.08333333333333333,0.5,-0.2967032967032967,-0.8391608391608393,-0.1328671328671329,0.5669642857142857,0.15768917911426772
0.45,-0.20694183864915575,0.5,0.42857142857142855,0.4166666666666667,0.35824175824175825,-0.3318681318681319,-0.4755244755244756,0.5669642857142857,0.15768917911426772
0.5,-0.11502017125391205,0.6,0.6470588235294118,0.3333333333333333,-0.09999999999999999,0.23529411764705882,-0.07533539731682146,0.5669642857142857,0.15768917911426772
0.3829787234042553,-0.1901650719189606,0.5333333333333333,0.14285714285714285,0.4444444444444444,-0.12142857142857141,-0.5764579945915306,-0.15170278637770898,0.5669642857142857,0.15768917911426772
0.43243243243243246,0.02394499762920815,0.45454545454545453,0.26666666666666666,0.6363636363636364,0.28181818181818186,-0.35357142857142854,0.20909090909090913,0.5669642857142857,0.15768917911426772
0.45714285714285713,0.005322501588792993,0.6,0.2727272727272727,0.4444444444444444,0.21071428571428572,-0.45454545454545453,-0.03333333333333333,0.5669642857142857,0.15768917911426772
0.4523809523809524,-0.27155591661289114,0.625,0.21428571428571427,0.5,0.08529411764705883,-0.3934065934065934,-0.4895104895104896,0.5669642857142857,0.15768917911426772
0.6341463414634146,0.1906172425562806,0.6428571428571429,0.7777777777777778,0.5555555555555556,0.0989010989010989,0.16666666666666669,0.31475748194014447,0.5669642857142857,0.15768917911426772
0.35135135135135137,-0.18781124549877834,0.3076923076923077,0.3,0.42857142857142855,-0.3516483516483516,-0.6484848484848483,0.02417582417582418,0.5669642857142857,0.15768917911426772
0.3235294117647059,-0.25836516424751715,0.3333333333333333,0.21428571428571427,0.45454545454545453,-0.08333333333333334,-0.3626373626373627,-0.09090909090909091,0.5669642857142857,0.15768917911426772
0.48484848484848486,-0.2548888553068847,0.5555555555555556,0.5,0.42857142857142855,-0.11666666666666665,-0.7333333333333332,-0.07692307692307693,0.5669642857142857,0.15768917911426772
0.2926829268292683,-0.42507406116637214,0.2222222222222222,0.3125,0.3125,-0.3666666666666667,-0.6441176470588235,-0.21764705882352942,0.5669642857142857,0.15768917911426772
0.6111111111111112,-0.08751608751608753,0.75,0.5454545454545454,0.5882352941176471,-0.4285714285714286,0.018181818181818184,-0.07352941176470588,0.5669642857142857,0.15768917911426772
0.43243243243243246,-0.2728943161690282,0.25,0.5,0.4666666666666667,-0.5714285714285715,-0.2043956043956044,-0.31814132453469957,0.5669642857142857,0.15768917911426772
0.2972972972972973,-0.36787196464804756,0.3,0.4166666666666667,0.2,0.28484848484848485,-0.6013986013986015,-0.7392857142857142,0.5669642857142857,0.15768917911426772
0.45454545454545453,-0.0668123195682832,0.42857142857142855,0.3684210526315789,0.6363636363636364,-0.1384615384615385,-0.22807017543859648,0.28181818181818186,0.5669642857142857,0.15768917911426772
0.3235294117647059,0.0033618581907090468,0.38461538461538464,0.4,0.18181818181818182,0.24725274725274726,-0.10334394242561099,-0.45454545454545453,0.5669642857142857,0.15768917911426772
0.45714285714285713,0.06582633053221289,0.75,0.15384615384615385,0.5714285714285714,0.28571428571428575,-0.6703296703296703,0.3010989010989011,0.5669642857142857,0.15768917911426772
0.5476190476190477,0.2657212326391137,0.6153846153846154,0.375,0.6923076923076923,0.7362637362637362,-0.6029411764705882,0.521978021978022,0.5669642857142857,0.15768917911426772
0.3939393939393939,-0.27473262032085566,0.4666666666666667,0.4166666666666667,0.16666666666666666,0.014285714285714282,-0.23076923076923078,-0.8285714285714287,0.5669642857142857,0.15768917911426772
0.5,-0.0072225870425908474,0.5384615384615384,0.5384615384615384,0.4166666666666667,-0.07142857142857142,-0.054945054945054944,0.02097902097902098,0.5669642857142857,0.15768917911426772
0.5121951219512195,0.0021778900683739094,0.75,0.5555555555555556,0.18181818181818182,0.5174825174825175,0.005159958720330237,-0.43636363636363645,0.5669642857142857,0.15768917911426772
0.34375,-0.2775181021645453,0.4666666666666667,0.2222222222222222,0.25,0.15714285714285714,-0.6833333333333333,-0.4285714285714286,0.5669642857142857,0.15768917911426772
0.45454545454545453,-0.05247326203208557,0.3333333333333333,0.625,0.5714285714285714,-0.21775025799793604,0.04761904761904763,0.3571428571428572,0.5669642857142857,0.15768917911426772
0.45454545454545453,0.09844559723000335,0.6666666666666666,0.5384615384615384,0.18181818181818182,0.5333333333333333,0.16483516483516483,-0.4000000000000001,0.5669642857142857,0.15768917911426772
0.4090909090909091,-0.22052294085354232,0.625,0.18181818181818182,0.44,-0.28571428571428575,-0.28181818181818186,-0.21846153846153843,0.5669642857142857,0.15768917911426772
0.47058823529411764,-0.10038197097020625,0.5714285714285714,0.35714285714285715,0.5384615384615384,0.07142857142857144,-0.2923076923076923,-0.07692307692307691,0.5669642857142857,0.15768917911426772
0.5384615384615384,-0.02388784860592541,0.75,0.38461538461538464,0.5,0.5524475524475525,-0.25274725274725274,0.015384615384615385,0.5669642857142857,0.15768917911426772
0.5238095238095238,-0.15023702455506568,0.46153846153846156,0.38461538461538464,0.6875,-0.12087912087912088,-0.41208791208791207,0.11920533028531519,0.5669642857142857,0.15768917911426772
0.5238095238095238,0.06701511289484322,0.6,0.47368421052631576,0.5384615384615384,0.13939393939393938,0.03684210526315789,0.18131868131868134,0.5669642857142857,0.15768917911426772
0.4318181818181818,-0.1662731286826187,0.4117647058823529,0.5,0.38461538461538464,0.014705882352941176,-0.1252747252747253,-0.4566716837410054,0.5669642857142857,0.15768917911426772
0.46875,0.10026578724174788,0.4666666666666667,0.3,0.7142857142857143,0.07857142857142857,-0.18787878787878787,0.9642857142857145,0.5669642857142857,0.15768917911426772
0.4117647058823529,-0.05302162136339114,0.45454545454545453,0.4,0.38461538461538464,0.27272727272727276,-0.12727272727272726,-0.1043956043956044,0.5669642857142857,0.15768917911426772
0.4857142857142857,0.02395125714956847,0.6363636363636364,0.45454545454545453,0.38461538461538464,0.29090909090909095,-0.3727272727272728,0.021978021978021976,0.5669642857142857,0.15768917911426772
0.5142857142857142,0.05168429174380565,0.25,0.631578947368421,0.5,-0.7619047619047621,0.10350877192982455,0.5000000000000001,0.5669642857142857,0.15768917911426772
0.4358974358974359,-0.15962346293027277,0.5714285714285714,0.35714285714285715,0.36363636363636365,0.0857142857142857,-0.3054945054945055,-0.44545454545454555,0.5669642857142857,0.15768917911426772
0.4,-0.17102115502654927,0.38461538461538464,0.3125,0.5454545454545454,0.07142857142857142,-0.5588235294117647,-0.045454545454545456,0.5669642857142857,0.15768917911426772
0.42424242424242425,-0.2374864218202185,0.4,0.25,0.6363636363636364,-0.4424242424242424,-0.7552447552447553,0.15454545454545454,0.5669642857142857,0.15768917911426772
0.4,-0.32465906844983194,0.6,0.3333333333333333,0.35294117647058826,0.6,-0.5596283657498774,-0.6053921568627452,0.5669642857142857,0.15768917911426772
0.4857142857142857,-0.042580012710343944,0.5454545454545454,0.375,0.625,0.05454545454545456,-0.3205882352941176,0.14285714285714288,0.5669642857142857,0.15768917911426772
0.4523809523809524,-0.11127320026225919,0.6153846153846154,0.38461538461538464,0.375,0.15934065934065936,-0.39560439560439564,-0.18823529411764706,0.5669642857142857,0.15768917911426772
0.5428571428571428,0.2682636414789492,0.6363636363636364,0.6666666666666666,0.4,0.6363636363636364,0.5499999999999999,-0.1753133395526125,0.5669642857142857,0.15768917911426772
0.47058823529411764,-0.06310160427807486,0.5,0.5,0.4,-0.41818181818181815,0.1384615384615385,-0.2727272727272727,0.5669642857142857,0.15768917911426772
0.5476190476190477,0.12333373860453613,0.5833333333333334,0.5333333333333333,0.5333333333333333,-0.055944055944055944,-0.11428571428571425,0.024999999999999998,0.5669642857142857,0.15768917911426772
0.35714285714285715,-0.10712693983915687,0.4375,0.3333333333333333,0.2727272727272727,0.0588235294117647,-0.25357142857142856,-0.29090909090909095,0.5669642857142857,0.15768917911426772
0.3157894736842105,-0.1617333262802705,0.23076923076923078,0.35714285714285715,0.36363636363636365,-0.42857142857142855,0.054945054945054944,-0.018181818181818184,0.5669642857142857,0.15768917911426772
0.5121951219512195,0.08563463748846212,0.5833333333333334,0.4166666666666667,0.5294117647058824,0.5174825174825175,-0.04195804195804196,-0.22058823529411767,0.5669642857142857,0.15768917911426772
0.41935483870967744,-0.09677419354838711,0.6,0.2222222222222222,0.4166666666666667,-0.23636363636363633,-0.6166666666666666,-0.1398601398601399,0.5669642857142857,0.15768917911426772
0.39285714285714285,0.06568144499178982,0.5,0.36363636363636365,0.3333333333333333,0.5000000000000001,-0.30000000000000004,-0.049999999999999996,0.5669642857142857,0.15768917911426772
0.5,-0.08379456884964345,0.8,0.6428571428571429,0.08333333333333333,0.05454545454545454,0.16483516483516483,-0.5104895104895105,0.5669642857142857,0.15768917911426772
0.5757575757575758,-0.01905239415024976,0.375,0.5,0.7333333333333333,0.0,-0.38181818181818183,-0.014285714285714282,0.5669642857142857,0.15768917911426772
0.42857142857142855,0.06897495616802876,0.4444444444444444,0.09090909090909091,0.875,0.41666666666666663,-0.5818181818181819,0.8571428571428572,0.5669642857142857,0.15768917911426772
0.4418604651162791,-0.03669724773257601,0.5714285714285714,0.3,0.42105263157894735,0.5560439560439561,-0.6484848484848483,-0.09824561403508772,0.5669642857142857,0.15768917911426772
0.4594594594594595,-0.1537549644097435,0.4444444444444444,0.5714285714285714,0.35714285714285715,0.5499999999999999,-0.05054945054945055,-0.059340659340659345,0.5669642857142857,0.15768917911426772
0.5333333333333333,0.010011123470522802,0.8571428571428571,0.42857142857142855,0.4444444444444444,0.3214285714285715,-0.3010989010989011,-0.2833333333333333,0.5669642857142857,0.15768917911426772
0.38461538461538464,-0.1672149402414779,0.46153846153846156,0.375,0.3,0.4010989010989011,-0.4176470588235294,-0.2606060606060606,0.5669642857142857,0.15768917911426772
0.4482758620689655,0.15149649086460776,0.5555555555555556,0.45454545454545453,0.3333333333333333,0.15,0.18181818181818182,-0.06666666666666667,0.5669642857142857,0.15768917911426772
0.4634146341463415,-0.08902439024390245,0.6153846153846154,0.3684210526315789,0.4444444444444444,0.1758241758241758,-0.13508771929824562,-0.6166666666666666,0.5669642857142857,0.15768917911426772
0.3409090909090909,-0.19466469432532535,0.6,0.2857142857142857,0.23076923076923078,0.12727272727272726,-0.2961038961038961,-0.4175824175824176,0.5669642857142857,0.15768917911426772
0.4418604651162791,-0.1955602536997886,0.6,0.42857142857142855,0.3684210526315789,0.01818181818181818,-0.06373626373626373,-0.21052631578947367,0.5669642857142857,0.15768917911426772
0.43243243243243246,-0.15193550326061972,0.6666666666666666,0.5,0.23529411764705882,0.5874125874125874,-0.07142857142857144,-0.7001840678410318,0.5669642857142857,0.15768917911426772
0.43478260869565216,-0.19846433757007564,0.5294117647058824,0.46153846153846156,0.3125,0.09803921568627452,-0.3131868131868132,-0.5970588235294118,0.5669642857142857,0.15768917911426772
0.37777777777777777,-0.12497529508641655,0.5,0.5384615384615384,0.2,-0.013986013986013986,-0.06593406593406594,-0.5263157894736841,0.5669642857142857,0.15768917911426772
0.4358974358974359,-0.08674528074270371,0.5714285714285714,0.5294117647058824,0.26666666666666666,0.5,-0.19607843137254904,-0.27499999999999997,0.5669642857142857,0.15768917911426772
0.375,-0.21959490514737467,0.4166666666666667,0.3333333333333333,0.36363636363636365,-0.14685314685314685,-0.2333333333333333,-0.07272727272727274,0.5669642857142857,0.15768917911426772
0.6176470588235294,0.09580563860186238,0.6363636363636364,0.5714285714285714,0.625,0.03636363636363637,-0.42857142857142866,0.3852941176470588,0.5669642857142857,0.15768917911426772
0.42857142857142855,-0.192436974789916,0.5,0.4166666666666667,0.36363636363636365,0.16783216783216784,-0.6293706293706295,-0.26363636363636367,0.5669642857142857,0.15768917911426772
0.32142857142857145,-0.19928826369486533,0.4444444444444444,0.18181818181818182,0.375,-0.11666666666666665,-0.6000000000000001,-0.09523809523809526,0.5669642857142857,0.15768917911426772
0.43333333333333335,-0.1161419519924604,0.4444444444444444,0.6363636363636364,0.2,0.18333333333333335,-0.1272727272727273,-0.11515151515151514,0.5669642857142857,0.15768917911426772
0.5625,0.08284457478005865,0.5555555555555556,0.7777777777777778,0.42857142857142855,0.38333333333333336,0.31666666666666665,-0.1956043956043956,0.5669642857142857,0.15768917911426772
0.42857142857142855,0.07885706301290672,0.5714285714285714,0.36363636363636365,0.3,0.38461538461538464,-0.33636363636363636,0.06666666666666665,0.5669642857142857,0.15768917911426772
0.38461538461538464,-0.18017094017094015,0.3,0.5,0.375,-0.10303030303030303,0.2142857142857143,-0.3571428571428572,0.5669642857142857,0.15768917911426772
0.4358974358974359,-0.030365909244820435,0.6363636363636364,0.29411764705882354,0.45454545454545453,0.11818181818181818,-0.27450980392156865,0.3272727272727273,0.5669642857142857,0.15768917911426772
0.45161290322580644,-0.20909365969755594,0.625,0.4444444444444444,0.35714285714285715,0.4761904761904762,0.16666666666666669,-0.5604395604395604,0.5669642857142857,0.15768917911426772
0.358974358974359,-0.15011640931245607,0.6,0.13333333333333333,0.42857142857142855,0.28484848484848485,-0.7357142857142855,0.015384615384615385,0.5669642857142857,0.15768917911426772
0.28125,-0.5805150789663904,0.4444444444444444,0.3,0.15384615384615385,-0.03333333333333333,-0.7454545454545454,-0.7747252747252747,0.5669642857142857,0.15768917911426772
0.3888888888888889,-0.055605612047882606,0.3333333333333333,0.5,0.2727272727272727,-0.5,0.36470588235294116,-0.13211879379767952,0.5669642857142857,0.15768917911426772
0.3793103448275862,-0.4275862068965517,0.5,0.4,0.2727272727272727,-0.2380952380952381,-0.5151515151515151,-0.5090909090909091,0.5669642857142857,0.15768917911426772
0.6046511627906976,0.13244233029411176,0.38461538461538464,0.6923076923076923,0.7058823529411765,-0.21428571428571427,0.35714285714285715,0.14460784313725492,0.5669642857142857,0.15768917911426772
0.46808510638297873,-0.1255312387270956,0.6666666666666666,0.3333333333333333,0.35,0.40763673890608876,-0.26666666666666666,-0.362406015037594,0.5669642857142857,0.15768917911426772
0.4146341463414634,0.07953654499520865,0.6923076923076923,0.26666666666666666,0.3076923076923077,0.6758241758241759,-0.4539769462461444,-0.4010989010989011,0.5669642857142857,0.15768917911426772
0.5405405405405406,-0.133965620384239,0.5625,0.6153846153846154,0.375,-0.19117647058823528,0.03846153846153846,-0.5714285714285715,0.5669642857142857,0.15768917911426772
0.5588235294117647,-0.006875477463712757,1.0,0.5333333333333333,0.4666666666666667,0.19999999999999998,-0.024999999999999998,-0.03214285714285714,0.5669642857142857,0.15768917911426772
0.4166666666666667,-0.09371178496593692,0.6,0.35294117647058826,0.3333333333333333,0.2121212121212121,-0.19619868801149754,-0.7333333333333334,0.5669642857142857,0.15768917911426772
0.3902439024390244,-0.2119430290786047,0.35294117647058826,0.35714285714285715,0.5,-0.06127450980392158,-0.5472527472527472,-0.2121212121212121,0.5669642857142857,0.15768917911426772
0.2222222222222222,-0.20943367668827098,0.25,0.0,0.3333333333333333,-0.19047619047619052,-0.6785714285714287,0.02097902097902098,0.5669642857142857,0.15768917911426772
0.5238095238095238,0.26020015417816394,0.5333333333333333,0.5454545454545454,0.5,0.5499999999999999,-0.10000000000000002,0.10882352941176471,0.5669642857142857,0.15768917911426772
0.5,-0.1112596735243286,0.6923076923076923,0.2727272727272727,0.5,0.15384615384615383,-0.7090909090909092,-0.12899896800825592,0.5669642857142857,0.15768917911426772
0.4473684210526316,-0.15079886279833618,0.42857142857142855,0.47058823529411764,0.42857142857142855,0.1384615384615385,-0.43627450980392163,0.07142857142857144,0.5669642857142857,0.15768917911426772
0.5428571428571428,0.09495798319327732,0.45454545454545453,0.5454545454545454,0.6153846153846154,0.10909090909090911,0.045454545454545456,0.18131868131868134,0.5669642857142857,0.15768917911426772
0.3829787234042553,-0.14951433857539317,0.4117647058823529,0.4444444444444444,0.25,-0.11519607843137256,-0.003095975232198142,-0.6293706293706295,0.5669642857142857,0.15768917911426772
0.41935483870967744,-0.023994354391522817,0.6,0.3333333333333333,0.3333333333333333,0.29696969696969694,-0.03333333333333333,-0.11188811188811189,0.5669642857142857,0.15768917911426772
0.5,0.05425219941348973,0.2,0.6363636363636364,0.6363636363636364,-0.18787878787878787,0.045454545454545456,0.6272727272727273,0.5669642857142857,0.15768917911426772
0.4864864864864865,-0.06840950964781699,0.625,0.4,0.5,-0.04761904761904763,-0.1357142857142857,0.26153846153846155,0.5669642857142857,0.15768917911426772
0.37142857142857144,-0.29558030471048713,0.4166666666666667,0.36363636363636365,0.3333333333333333,-0.04195804195804196,-0.2870166899742693,-0.6643356643356644,0.5669642857142857,0.15768917911426772
0.5135135135135135,-0.08084400189663347,0.5,0.3333333333333333,0.625,0.034965034965034975,-0.7,0.2323529411764706,0.5669642857142857,0.15768917911426772
0.41379310344827586,-0.26924498295124605,0.2857142857142857,0.4666666666666667,0.42857142857142855,-0.4642857142857144,-0.20357142857142854,-0.6071428571428572,0.5669642857142857,0.15768917911426772
0.5357142857142857,0.01860974274767378,0.5,0.5555555555555556,0.5384615384615384,-0.2571428571428572,-0.3,0.07142857142857142,0.5669642857142857,0.15768917911426772
0.46153846153846156,-0.18311569996963253,0.5,0.3333333333333333,0.5714285714285714,0.3939393939393939,-0.625558784197443,-0.03736263736263736,0.5669642857142857,0.15768917911426772
0.4722222222222222,-0.13822393822393822,0.4166666666666667,0.5833333333333334,0.4166666666666667,-0.1398601398601399,-0.08391608391608392,-0.5104895104895105,0.5669642857142857,0.15768917911426772
0.5365853658536586,-0.14904830363892013,0.625,0.5,0.5217391304347826,-0.023809523809523815,-0.09090909090909088,-0.2391895304055997,0.5669642857142857,0.15768917911426772
0.5272727272727272,-0.08755727124280722,0.6875,0.4583333333333333,0.4666666666666667,-0.011764705882352941,-0.09913043478260869,-0.25,0.5669642857142857,0.15768917911426772
0.48148148148148145,-0.11022901277217016,0.5555555555555556,0.625,0.3,0.33333333333333337,-0.3333333333333334,0.09090909090909088,0.5669642857142857,0.15768917911426772
0.4583333333333333,-0.18608695652173912,0.4444444444444444,0.42857142857142855,0.5,-0.3,-0.07142857142857144,-0.11904761904761905,0.5669642857142857,0.15768917911426772
0.5813953488372093,0.0575420049494549,0.6666666666666666,0.5454545454545454,0.5,0.24264329511295424,-0.1272727272727273,-0.0857142857142857,0.5669642857142857,0.15768917911426772
0.46153846153846156,-0.04858791400538025,0.36363636363636365,0.35714285714285715,0.6428571428571429,-0.19090909090909092,-0.389010989010989,0.43736263736263736,0.5669642857142857,0.15768917911426772
0.5681818181818182,-0.020860495449717534,0.6666666666666666,0.2857142857142857,0.7333333333333333,0.23571428571428568,-0.5560439560439561,0.3071428571428571,0.5669642857142857,0.15768917911426772
0.47058823529411764,-0.151424861011875,0.7777777777777778,0.2222222222222222,0.4375,0.7333333333333334,-0.7666666666666667,-0.10882352941176471,0.5669642857142857,0.15768917911426772
0.5862068965517241,0.0325163199904524,0.375,0.5555555555555556,0.75,-0.11904761904761905,-0.4666666666666666,0.3846153846153847,0.5669642857142857,0.15768917911426772
0.5263157894736842,-0.08611916629402766,0.6923076923076923,0.4,0.4666666666666667,0.16483516483516483,-0.7575757575757575,-0.0857142857142857,0.5669642857142857,0.15768917911426772
0.46808510638297873,0.09378161953558956,0.47368421052631576,0.5714285714285714,0.35714285714285715,0.12105263157894736,0.1384615384615385,0.07692307692307693,0.5669642857142857,0.15768917911426772
0.45454545454545453,-0.2165775401069519,0.45454545454545453,0.5714285714285714,0.25,-0.30000000000000004,-0.1912087912087912,-0.4047619047619048,0.5669642857142857,0.15768917911426772
0.39285714285714285,-0.04243088031964853,0.5555555555555556,0.25,0.36363636363636365,0.26666666666666666,-0.5714285714285715,-0.33636363636363636,0.5669642857142857,0.15768917911426772
0.47368421052631576,0.05422708626449472,0.5833333333333334,0.5454545454545454,0.3333333333333333,0.5174825174825175,-0.10000000000000002,-0.2877570407308238,0.5669642857142857,0.15768917911426772
0.5,-0.1508510410936555,0.6153846153846154,0.4444444444444444,0.375,0.005494505494505494,-0.26666666666666666,-0.11904761904761905,0.5669642857142857,0.15768917911426772
0.42857142857142855,-0.2471602596021031,0.6363636363636364,0.0,0.625,0.02727272727272728,-0.4666666666666666,-0.5714285714285715,0.5669642857142857,0.15768917911426772
0.55,0.1520709228184511,0.7142857142857143,0.36363636363636365,0.5333333333333333,0.09010989010989012,-0.4000000000000001,0.0857142857142857,0.5669642857142857,0.15768917911426772
0.3611111111111111,-0.23114543114543115,0.25,0.38461538461538464,0.4,-0.3333333333333334,-0.054945054945054944,-0.1714285714285714,0.5669642857142857,0.15768917911426772
0.5151515151515151,0.21056149732620322,0.6666666666666666,0.3,0.5,0.532142857142857,0.19999999999999998,-0.09523809523809526,0.5669642857142857,0.15768917911426772
0.5,-0.11840175953079178,0.8571428571428571,0.3076923076923077,0.5,0.7142857142857144,-0.4175824175824176,-0.1328671328671329,0.5669642857142857,0.15768917911426772
0.4318181818181818,-0.15688209215084217,0.5833333333333334,0.3125,0.4375,-0.15384615384615385,-0.6176470588235293,-0.15,0.5669642857142857,0.15768917911426772
0.6060606060606061,0.18016211310499336,0.7272727272727273,0.5,0.5625,0.20909090909090913,-0.7714285714285715,0.21176470588235297,0.5669642857142857,0.15768917911426772
0.34146341463414637,-0.3951219512195123,0.5333333333333333,0.2,0.2727272727272727,-0.25357142857142856,-0.457142857142857,-0.4272727272727273,0.5669642857142857,0.15768917911426772
0.4,-0.3544256301098755,0.2222222222222222,0.3888888888888889,0.5384615384615384,-0.41666666666666663,-0.3746130030959752,-0.4835164835164835,0.5669642857142857,0.15768917911426772
0.4166666666666667,-0.06126520380792437,0.5,0.42857142857142855,0.3,0.22377622377622378,-0.3054945054945055,0.18787878787878787,0.5669642857142857,0.15768917911426772
0.46875,0.044175602788411775,0.4,0.3333333333333333,0.6153846153846154,0.28484848484848485,-0.4666666666666666,0.38461538461538464,0.5669642857142857,0.15768917911426772
0.5263157894736842,0.08217529270160849,0.46153846153846156,0.5,0.6153846153846154,0.0934065934065934,0.1398601398601399,0.2087912087912088,0.5669642857142857,0.15768917911426772
0.3870967741935484,-0.16051623637514326,0.5454545454545454,0.3333333333333333,0.2727272727272727,0.5454545454545455,-0.7666666666666667,-0.6090909090909091,0.5669642857142857,0.15768917911426772
0.4358974358974359,-0.1768308115023377,0.7272727272727273,0.29411764705882354,0.36363636363636365,-0.009090909090909092,-0.5392156862745099,-0.20000000000000004,0.5669642857142857,0.15768917911426772
0.5384615384615384,0.3081922398417535,0.75,0.16666666666666666,0.5833333333333334,0.523809523809524,-0.4285714285714286,0.2837132196770302,0.5669642857142857,0.15768917911426772
0.5555555555555556,0.19357745068722323,0.7692307692307693,0.4,0.46153846153846156,0.6263736263736264,-0.35757575757575755,-0.04395604395604395,0.5669642857142857,0.15768917911426772
0.4418604651162791,-0.21232256115977047,0.42857142857142855,0.42857142857142855,0.4666666666666667,-0.04175824175824176,-0.3054945054945055,-0.1464285714285714,0.5669642857142857,0.15768917911426772
0.38235294117647056,-0.2821120269737126,0.5,0.36363636363636365,0.3333333333333333,-0.3571428571428572,0.17272727272727276,-0.2678571428571428,0.5669642857142857,0.15768917911426772
0.5,-0.1744976703083363,0.8888888888888888,0.4,0.3,0.38333333333333336,-0.625558784197443,-0.49090909090909085,0.5669642857142857,0.15768917911426772
0.5625,0.0632447306685519,0.8333333333333334,0.5333333333333333,0.45454545454545453,0.028571428571428574,0.2964285714285714,-0.15454545454545454,0.5669642857142857,0.15768917911426772
0.4166666666666667,-0.22642724242649126,0.5,0.3333333333333333,0.4166666666666667,0.0,-0.06293706293706294,-0.4265734265734266,0.5669642857142857,0.15768917911426772
0.6,0.15826330532212887,0.7058823529411765,0.3333333333333333,0.6666666666666666,0.4093137254901961,-0.15,0.06666666666666667,0.5669642857142857,0.15768917911426772
0.5862068965517241,0.032023648475445546,0.6666666666666666,0.375,0.6666666666666666,0.2797202797202798,-0.261904761904762,-0.3,0.5669642857142857,0.15768917911426772
0.5526315789473685,0.0,0.5,0.7777777777777778,0.4666666666666667,0.1384615384615385,0.3,0.15,0.5669642857142857,0.15768917911426772
0.46511627906976744,-0.1085774690425853,0.4117647058823529,0.5882352941176471,0.3333333333333333,-0.02696078431372549,-0.34068627450980393,-0.16666666666666669,0.5669642857142857,0.15768917911426772
0.42105263157894735,-0.14740643555105867,0.7272727272727273,0.23076923076923078,0.35714285714285715,0.45454545454545453,-0.5164835164835164,-0.08131868131868132,0.5669642857142857,0.15768917911426772
0.6923076923076923,0.32307692307692304,0.75,0.75,0.6,0.2380952380952381,0.5714285714285715,0.5757575757575757,0.5669642857142857,0.15768917911426772
0.35294117647058826,-0.2501337007834908,0.3333333333333333,0.2857142857142857,0.4,-0.16083916083916086,-0.42857142857142866,-0.2964285714285714,0.5669642857142857,0.15768917911426772
0.5365853658536586,0.19966026413816768,0.6,0.5714285714285714,0.4166666666666667,0.5178571428571428,0.15164835164835166,-0.16783216783216784,0.5669642857142857,0.15768917911426772
0.475,0.15063801905300234,0.6363636363636364,0.3888888888888889,0.45454545454545453,0.3727272727272728,-0.07533539731682146,0.21412356236175648,0.5669642857142857,0.15768917911426772
0.5526315789473685,-0.05602670030818572,0.6428571428571429,0.5555555555555556,0.4666666666666667,0.13406593406593406,-0.15,-0.2714285714285714,0.5669642857142857,0.15768917911426772
0.42857142857142855,-0.22648644918627026,0.125,0.4,0.6666666666666666,-0.6190476190476191,-0.23571428571428568,-0.06993006993006995,0.5669642857142857,0.15768917911426772
0.5384615384615384,0.1764404197440513,0.5454545454545454,0.5,0.5714285714285714,0.6272727272727273,-0.1666666666666667,0.07142857142857144,0.5669642857142857,0.15768917911426772
0.38235294117647056,-0.18442967431012425,0.23076923076923078,0.4444444444444444,0.5,-0.4010989010989011,-0.06666666666666667,-0.20979020979020982,0.5669642857142857,0.15768917911426772
0.43243243243243246,-0.2833096254148885,0.7,0.2,0.4117647058823529,0.17575757575757575,-0.7212121212121211,-0.49019607843137264,0.5669642857142857,0.15768917911426772
0.5,0.16466400051633903,0.8181818181818182,0.375,0.2727272727272727,0.30000000000000004,-0.14285714285714288,0.09090909090909091,0.5669642857142857,0.15768917911426772
0.5555555555555556,0.1563899868247694,0.5714285714285714,0.625,0.4666666666666667,0.4065934065934066,-0.023529411764705882,0.33928571428571425,0.5669642857142857,0.15768917911426772
0.5609756097560976,0.018949294374060073,0.6363636363636364,0.3888888888888889,0.75,0.13636363636363638,-0.13216315648705593,0.41958041958041964,0.5669642857142857,0.15768917911426772
0.47368421052631576,-0.07265962696217836,0.625,0.5263157894736842,0.2727272727272727,0.523809523809524,0.03333333333333333,-0.5727272727272729,0.5669642857142857,0.15768917911426772
0.42857142857142855,-0.0288515406162465,0.5833333333333334,0.2727272727272727,0.4166666666666667,-0.20979020979020982,-0.43636363636363645,-0.04195804195804196,0.5669642857142857,0.15768917911426772
0.6041666666666666,0.15865606432417573,0.625,0.4117647058823529,0.8,0.2058823529411765,-0.26470588235294124,0.2571428571428571,0.5669642857142857,0.15768917911426772
0.4864864864864865,-0.06875703882625385,0.25,0.7777777777777778,0.5,-0.2937062937062937,0.45,-0.19117647058823528,0.5669642857142857,0.15768917911426772
0.5526315789473685,0.07693149531729343,0.5454545454545454,0.5,0.6363636363636364,0.02727272727272728,-0.14411764705882352,0.26363636363636367,0.5669642857142857,0.15768917911426772
0.4146341463414634,0.028048780487804882,0.35714285714285715,0.3,0.5294117647058824,-0.11208791208791209,-0.11515151515151514,0.24509803921568632,0.5669642857142857,0.15768917911426772
0.35555555555555557,-0.31866394429783707,0.5833333333333334,0.2777777777777778,0.26666666666666666,-0.16083916083916086,-0.40763673890608876,-0.7107142857142856,0.5669642857142857,0.15768917911426772
0.4864864864864865,-0.051683262209578,0.5,0.4166666666666667,0.5333333333333333,0.19999999999999998,-0.30069930069930073,0.06071428571428571,0.5669642857142857,0.15768917911426772
0.3902439024390244,-0.20198632244627923,0.25,0.46153846153846156,0.4375,-0.4265734265734266,-0.31911997177082313,0.10588235294117648,0.5669642857142857,0.15768917911426772
0.2413793103448276,-0.2869640303986733,0.36363636363636365,0.25,0.1,-0.16363636363636366,-0.4761904761904762,-0.3039527718400323,0.5669642857142857,0.15768917911426772
0.36,-0.41615384615384615,0.5714285714285714,0.3333333333333333,0.0,-0.2175824175824176,-1.0,-0.7142857142857144,0.5669642857142857,0.15768917911426772
0.5945945945945946,0.44981920208633897,0.6923076923076923,0.6666666666666666,0.4666666666666667,0.4340659340659341,0.6833333333333333,0.28571428571428564,0.5669642857142857,0.15768917911426772
0.6666666666666666,0.09041530908144843,0.8,0.7272727272727273,0.5,0.9272727272727272,-0.03636363636363637,-0.4685314685314686,0.5669642857142857,0.15768917911426772
0.6190476190476191,0.2537984686658391,0.8666666666666667,0.5833333333333334,0.4,0.657142857142857,0.15384615384615385,-0.28571428571428564,0.5669642857142857,0.15768917911426772
0.4117647058823529,-0.1878199745683367,0.4166666666666667,0.3333333333333333,0.46153846153846156,0.17482517482517487,-0.326362689414732,-0.16483516483516483,0.5669642857142857,0.15768917911426772
0.5294117647058824,0.13521772345301758,0.4,0.2727272727272727,0.8461538461538461,-0.006060606060606061,-0.045454545454545456,0.5439560439560439,0.5669642857142857,0.15768917911426772
0.40476190476190477,-0.10201766469491938,0.4666666666666667,0.3125,0.45454545454545453,-0.017857142857142853,-0.27058823529411763,0.10000000000000002,0.5669642857142857,0.15768917911426772
0.5714285714285714,-0.011905595659142223,0.5,0.5555555555555556,0.6666666666666666,-0.4197802197802198,0.21666666666666667,0.16083916083916086,0.5669642857142857,0.15768917911426772
0.5714285714285714,0.11653477162830973,0.6666666666666666,0.3333333333333333,0.7272727272727273,0.14685314685314685,-0.18881118881118883,0.39090909090909093,0.5669642857142857,0.15768917911426772
0.5348837209302325,-0.15562351353259085,0.7142857142857143,0.6666666666666666,0.29411764705882354,0.1956043956043956,-0.2377622377622378,-0.6397058823529412,0.5669642857142857,0.15768917911426772
0.40425531914893614,-0.2529705985403239,0.6153846153846154,0.3125,0.3333333333333333,-0.07142857142857142,-0.4058823529411764,-0.44272445820433437,0.5669642857142857,0.15768917911426772
0.5,-0.03800494310481435,0.6923076923076923,0.42857142857142855,0.4,0.34065934065934067,-0.3098901098901099,-0.43214285714285705,0.5669642857142857,0.15768917911426772
0.5405405405405406,0.2803627531449834,0.7777777777777778,0.5714285714285714,0.35714285714285715,0.2833333333333333,0.3318681318681319,0.26593406593406593,0.5669642857142857,0.15768917911426772
0.45,-0.08640180130523964,0.5,0.375,0.5,0.059340659340659345,-0.0823529411764706,0.0303030303030303,0.5669642857142857,0.15768917911426772
0.5526315789473685,0.08907857352528713,0.6153846153846154,0.5384615384615384,0.5,0.18131868131868134,0.42857142857142855,-0.18881118881118883,0.5669642857142857,0.15768917911426772
0.47058823529411764,-0.09917481778385363,0.7777777777777778,0.3125,0.4444444444444444,0.25,-0.12941176470588234,-0.33333333333333337,0.5669642857142857,0.15768917911426772
0.4166666666666667,-0.33153153153153153,0.5,0.46153846153846156,0.3333333333333333,0.09523809523809526,-0.15384615384615383,-0.7107142857142856,0.5669642857142857,0.15768917911426772
0.358974358974359,-0.30945994181732445,0.45454545454545453,0.35714285714285715,0.2857142857142857,-0.30000000000000004,-0.43736263736263736,-0.02857142857142857,0.5669642857142857,0.15768917911426772
0.5,-0.07979921504393511,0.7272727272727273,0.45454545454545453,0.35714285714285715,0.3545454545454546,-0.3454545454545455,0.07692307692307693,0.5669642857142857,0.15768917911426772
0.43902439024390244,-0.034931835043370524,0.25,0.4375,0.6153846153846154,-0.41958041958041964,0.0,0.005494505494505494,0.5669642857142857,0.15768917911426772
0.36363636363636365,-0.3571786778956148,0.4166666666666667,0.3,0.36363636363636365,0.04895104895104895,-0.43030303030303024,-0.5363636363636364,0.5669642857142857,0.15768917911426772
0.47368421052631576,0.11403556788618265,0.5,0.5238095238095238,0.3333333333333333,0.4285714285714286,-0.04417018745463268,-0.2833333333333333,0.5669642857142857,0.15768917911426772
0.4146341463414634,-0.06973907747174748,0.5384615384615384,0.4666666666666667,0.23076923076923078,-0.2582417582417582,-0.22499999999999998,-0.2778544581797684,0.5669642857142857,0.15768917911426772
0.5277777777777778,-0.185480756854164,0.75,0.375,0.5833333333333334,0.3333333333333334,-0.44297289402320833,-0.22377622377622378,0.5669642857142857,0.15768917911426772
0.3611111111111111,-0.06383526383526383,0.42857142857142855,0.3333333333333333,0.3,0.11208791208791209,-0.2797202797202798,0.09090909090909088,0.5669642857142857,0.15768917911426772
0.45454545454545453,-0.030748663101604276,0.4,0.5,0.4666666666666667,0.29696969696969694,-0.4761904761904762,-0.0857142857142857,0.5669642857142857,0.15768917911426772
0.4864864864864865,0.08998221758551984,0.6,0.6,0.25,0.5272727272727272,0.11785714285714284,-0.2517482517482518,0.5669642857142857,0.15768917911426772
0.35714285714285715,-0.18824959543173564,0.4,0.375,0.2727272727272727,-0.4392857142857142,0.06176470588235294,-0.2545454545454546,0.5669642857142857,0.15768917911426772
0.4411764705882353,-0.2134616860076583,0.42857142857142855,0.46153846153846156,0.42857142857142855,-0.3571428571428572,-0.08241758241758242,-0.39780219780219783,0.5669642857142857,0.15768917911426772
0.5,-0.06295884315906564,0.45454545454545453,0.375,0.6363636363636364,0.11818181818181818,-0.261904761904762,-0.20909090909090913,0.5669642857142857,0.15768917911426772
0.5135135135135135,0.17273266274321794,0.6666666666666666,0.5454545454545454,0.2727272727272727,0.6321428571428571,0.07272727272727274,-0.4090909090909091,0.5669642857142857,0.15768917911426772
0.5128205128205128,0.0908032606510108,0.5,0.42857142857142855,0.5625,0.044117647058823525,-0.07142857142857144,0.25588235294117645,0.5669642857142857,0.15768917911426772
0.5714285714285714,0.26655719759168034,0.75,0.7777777777777778,0.2727272727272727,0.7380952380952381,0.33333333333333337,0.0,0.5669642857142857,0.15768917911426772
0.525,-0.054221388367729835,0.7142857142857143,0.5,0.3333333333333333,0.3450549450549451,-0.0857142857142857,-0.21678321678321683,0.5669642857142857,0.15768917911426772
0.42105263157894735,-0.16283650786932094,0.4375,0.3,0.5,-0.12941176470588234,-0.33333333333333326,0.0979020979020979,0.5669642857142857,0.15768917911426772
0.5609756097560976,0.06184668989547039,0.6666666666666666,0.5555555555555556,0.45454545454545453,0.34965034965034975,-0.11042311661506708,-0.18181818181818182,0.5669642857142857,0.15768917911426772
0.42105263157894735,-0.30194254491168704,0.375,0.5384615384615384,0.3333333333333333,-0.4382352941176471,-0.005494505494505494,-0.34309923758984645,0.5669642857142857,0.15768917911426772
0.5263157894736842,-0.07648539227486595,0.6428571428571429,0.42857142857142855,0.5,0.18681318681318684,-0.27912087912087913,-0.35757575757575755,0.5669642857142857,0.15768917911426772
0.46875,-0.24926686217008792,0.6,0.3333333333333333,0.4,0.06428571428571428,-0.5314685314685316,-0.3,0.5669642857142857,0.15768917911426772
0.375,-0.3092222548555417,0.21428571428571427,0.46153846153846156,0.46153846153846156,-0.46373626373626364,-0.06593406593406594,-0.2087912087912088,0.5669642857142857,0.15768917911426772
0.3888888888888889,-0.31265285366479867,0.46153846153846156,0.4,0.3076923076923077,-0.25274725274725274,-0.01818181818181818,-0.4505494505494505,0.5669642857142857,0.15768917911426772
0.4594594594594595,-0.09246636255944482,0.8,0.35714285714285715,0.3076923076923077,0.5757575757575757,-0.16923076923076924,-0.46703296703296704,0.5669642857142857,0.15768917911426772
0.475,-0.007130124808562249,0.6,0.35714285714285715,0.45454545454545453,0.12857142857142856,-0.006593406593406593,0.10000000000000002,0.5669642857142857,0.15768917911426772
0.42105263157894735,-0.0176168070904913,0.5,0.09090909090909091,0.6,0.14685314685314685,-0.24545454545454545,0.23928571428571427,0.5669642857142857,0.15768917911426772
0.5,-0.19490511483354503,0.4666666666666667,0.6666666666666666,0.5,-0.35357142857142854,0.5,0.13173888881045848,0.5669642857142857,0.15768917911426772
0.45714285714285713,0.00028011204481792715,0.6,0.4375,0.3333333333333333,0.309090909090909,-0.023529411764705882,-0.21666666666666667,0.5669642857142857,0.15768917911426772
0.5555555555555556,-0.06541932947855121,0.6,0.5625,0.5,0.2071428571428571,-0.3058823529411765,0.2175824175824176,0.5669642857142857,0.15768917911426772
0.4,-0.13548387096774192,0.375,0.23076923076923078,0.6666666666666666,0.11904761904761905,-0.2747252747252747,0.049999999999999996,0.5669642857142857,0.15768917911426772
0.5769230769230769,-0.08172337271090749,0.8181818181818182,0.2857142857142857,0.5,0.6454545454545455,-0.7500000000000002,0.09523809523809526,0.5669642857142857,0.15768917911426772
0.45652173913043476,-0.19828543271954088,0.16666666666666666,0.4666666666666667,0.631578947368421,-0.7972027972027973,-0.125,0.13508771929824562,0.5669642857142857,0.15768917911426772
0.40625,0.0406891495601173,0.5,0.42857142857142855,0.2727272727272727,0.3318681318681319,0.5357142857142858,-0.5363636363636364,0.5669642857142857,0.15768917911426772
0.45714285714285713,0.003922667567819322,0.6428571428571429,0.18181818181818182,0.5,0.15604395604395604,-0.6636363636363638,0.2121212121212121,0.5669642857142857,0.15768917911426772
0.4878048780487805,-0.05470383275261326,0.5454545454545454,0.16666666666666666,0.6666666666666666,0.15454545454545454,-0.6643356643356644,0.3023735810113519,0.5669642857142857,0.15768917911426772
0.46153846153846156,0.05367521367521367,0.7,0.2,0.5,0.6,-0.8181818181818182,0.2571428571428572,0.5669642857142857,0.15768917911426772
0.2777777777777778,-0.5219126080696078,0.14285714285714285,0.3,0.3157894736842105,-0.14285714285714288,-0.5515151515151515,-0.6192982456140351,0.5669642857142857,0.15768917911426772
0.5897435897435898,0.08108518593250798,0.7857142857142857,0.5,0.45454545454545453,0.18681318681318684,-0.006593406593406593,-0.22727272727272727,0.5669642857142857,0.15768917911426772
0.5128205128205128,0.05050862904388466,0.6363636363636364,0.4,0.5384615384615384,0.07272727272727274,0.18928571428571428,0.03296703296703297,0.5669642857142857,0.15768917911426772
0.3076923076923077,-0.25862941725780525,0.23076923076923078,0.36363636363636365,0.3333333333333333,-0.26373626373626374,-0.09090909090909091,-0.30357142857142855,0.5669642857142857,0.15768917911426772
0.5227272727272727,-0.012263020680254508,0.8,0.4444444444444444,0.4375,0.406060606060606,-0.2239422084623323,-0.17352941176470588,0.5669642857142857,0.15768917911426772
0.4166666666666667,-0.26126126126126126,0.45454545454545453,0.3,0.4666666666666667,-0.48181818181818187,-0.10303030303030303,-0.3607142857142856,0.5669642857142857,0.15768917911426772
0.40625,-0.10813782991202345,0.5555555555555556,0.4166666666666667,0.2727272727272727,0.0,-0.30069930069930073,-0.36363636363636365,0.5669642857142857,0.15768917911426772
0.43902439024390244,-0.16602787456445997,0.4,0.5555555555555556,0.4117647058823529,-0.16428571428571426,0.06666666666666667,-0.232843137254902,0.5669642857142857,0.15768917911426772
0.4782608695652174,0.06296833084494942,0.5714285714285714,0.3684210526315789,0.5384615384615384,0.3274725274725274,0.019298245614035085,-0.09890109890109891,0.5669642857142857,0.15768917911426772
0.4090909090909091,-0.19986609829526664,0.4375,0.47058823529411764,0.2727272727272727,0.014705882352941175,-0.3504901960784314,-0.19090909090909092,0.5669642857142857,0.15768917911426772
0.45,-0.11952901453317108,0.6,0.5,0.25,0.5757575757575757,-0.10835913312693499,-0.378284292902707,0.5669642857142857,0.15768917911426772
0.5,-0.06744754850570381,0.36363636363636365,0.6,0.5,0.39090909090909093,0.010714285714285713,-0.5757575757575757,0.5669642857142857,0.15768917911426772
0.42105263157894735,-0.10691032461151845,0.5555555555555556,0.4375,0.3076923076923077,0.09999999999999999,-0.049999999999999996,-0.021978021978021976,0.5669642857142857,0.15768917911426772
0.5,-0.18060967277097503,0.7777777777777778,0.4,0.4,0.4666666666666666,-0.6848484848484848,-0.25,0.5669642857142857,0.15768917911426772
0.36585365853658536,-0.27519818799547,0.42857142857142855,0.1875,0.5454545454545454,0.0792079687225004,-0.4382352941176471,0.20909090909090913,0.5669642857142857,0.15768917911426772
0.41935483870967744,-0.19637096774193552,0.3,0.5,0.4444444444444444,-0.7939393939393938,-0.0979020979020979,0.33333333333333337,0.5669642857142857,0.15768917911426772
0.4666666666666667,-0.26184649610678534,0.7272727272727273,0.2222222222222222,0.4,0.36363636363636365,-0.6166666666666666,-0.49090909090909085,0.5669642857142857,0.15768917911426772
0.5555555555555556,0.12471845060898888,0.5333333333333333,0.6,0.5454545454545454,0.014285714285714282,0.29696969696969694,0.2545454545454546,0.5669642857142857,0.15768917911426772
0.4482758620689655,-0.0901477832512315,0.4444444444444444,0.3333333333333333,0.5,0.38333333333333336,-0.14285714285714288,-0.04175824175824176,0.5669642857142857,0.15768917911426772
0.5277777777777778,-0.014287553095636504,0.5,0.6,0.45454545454545453,0.43030303030303024,-0.035746216239853884,-0.21818181818181823,0.5669642857142857,0.15768917911426772
0.45454545454545453,-0.07653743315508023,0.46153846153846156,0.375,0.5,-0.19780219780219782,-0.261904761904762,-0.04195804195804196,0.5669642857142857,0.15768917911426772
0.43243243243243246,-0.0040303461356092935,0.2727272727272727,0.5,0.5,0.16363636363636366,-0.3696969696969697,0.2647058823529412,0.5669642857142857,0.15768917911426772
0.45454545454545453,0.12533422459893048,0.4166666666666667,0.5454545454545454,0.4,0.5174825174825175,-0.09090909090909091,-0.01818181818181818,0.5669642857142857,0.15768917911426772
0.42857142857142855,-0.15397082708579324,0.47368421052631576,0.3076923076923077,0.5,0.0543859649122807,-0.5164835164835164,0.29696969696969694,0.5669642857142857,0.15768917911426772
0.6538461538461539,0.30056420340120366,0.75,0.625,0.6,0.6666666666666669,0.2380952380952381,-0.01818181818181818,0.5669642857142857,0.15768917911426772
0.4482758620689655,-0.19802955665024624,0.5555555555555556,0.5,0.3,0.5666666666666667,-0.5393939393939393,-0.23636363636363633,0.5669642857142857,0.15768917911426772
0.53125,0.02052974071494655,0.7272727272727273,0.2222222222222222,0.5833333333333334,0.7818181818181819,-0.7333333333333334,0.034965034965034975,0.5669642857142857,0.15768917911426772
0.4166666666666667,-0.07913043478260869,0.6666666666666666,0.4,0.375,-0.5,-0.3,-0.3411764705882353,0.5669642857142857,0.15768917911426772
0.34285714285714286,-0.21288515406162464,0.35714285714285715,0.375,0.3076923076923077,-0.054945054945054944,-0.261904761904762,-0.5384615384615384,0.5669642857142857,0.15768917911426772
0.47368421052631576,0.014554607222190648,0.4444444444444444,0.5714285714285714,0.4,0.38333333333333336,0.18681318681318684,-0.12142857142857141,0.5669642857142857,0.15768917911426772
0.45161290322580644,-0.21975806451612906,0.5,0.4444444444444444,0.4,0.2377622377622378,-0.6166666666666666,-0.12727272727272726,0.5669642857142857,0.15768917911426772
0.5714285714285714,0.01596638655462185,0.6666666666666666,0.6,0.46153846153846156,0.2517482517482518,-0.006060606060606061,-0.6648351648351648,0.5669642857142857,0.15768917911426772
0.2962962962962963,-0.41245611837588064,0.4,0.21428571428571427,0.375,-0.19999999999999998,-0.3758241758241759,-0.6666666666666669,0.5669642857142857,0.15768917911426772
0.5,0.2985941355156394,0.7,0.2727272727272727,0.5384615384615384,0.6121212121212121,-0.26363636363636367,0.2912087912087912,0.5669642857142857,0.15768917911426772
0.3870967741935484,0.01068763885412386,0.5,0.3,0.36363636363636365,0.6,-0.49090909090909085,-0.13636363636363638,0.5669642857142857,0.15768917911426772
0.4594594594594595,-0.11297492758865503,0.5454545454545454,0.6,0.3125,-0.009090909090909092,-0.0303030303030303,-0.5029411764705883,0.5669642857142857,0.15768917911426772
0.48717948717948717,0.23442481937001378,0.6428571428571429,0.3076923076923077,0.5,0.6747252747252748,-0.39560439560439564,0.027972027972027972,0.5669642857142857,0.15768917911426772
0.42857142857142855,-0.07844090602443558,0.6153846153846154,0.4117647058823529,0.25,0.7857142857142857,-0.4730392156862746,-0.18881118881118883,0.5669642857142857,0.15768917911426772
0.45,-0.23858892200431173,0.36363636363636365,0.5333333333333333,0.42857142857142855,-0.43636363636363645,0.021428571428571425,-0.1956043956043956,0.5669642857142857,0.15768917911426772
0.47619047619047616,-0.2982171808819574,0.5384615384615384,0.35714285714285715,0.5333333333333333,-0.40659340659340654,-0.45494505494505494,-0.010714285714285713,0.5669642857142857,0.15768917911426772
0.37777777777777777,-0.3332894137280872,0.5,0.35,0.3333333333333333,0.0303030303030303,-0.2706766917293233,-0.4678571428571427,0.5669642857142857,0.15768917911426772
0.38095238095238093,-0.15078818444288755,0.4666666666666667,0.21428571428571427,0.46153846153846156,0.23571428571428568,-0.48571428571428577,-0.327373074489034,0.5669642857142857,0.15768917911426772
0.5121951219512195,0.128239753675889,0.7142857142857143,0.18181818181818182,0.5625,0.006593406593406593,-0.6181818181818182,0.3058823529411765,0.5669642857142857,0.15768917911426772
0.5384615384615384,0.16620274326665055,0.7058823529411765,0.46153846153846156,0.3333333333333333,0.5441176470588236,-0.15384615384615383,-0.06666666666666667,0.5669642857142857,0.15768917911426772
0.3225806451612903,-0.4427865734771773,0.5714285714285714,0.2,0.2857142857142857,-0.39285714285714296,-0.709090909090909,-0.5560439560439561,0.5669642857142857,0.15768917911426772
0.37142857142857144,-0.26218487394957984,0.6,0.18181818181818182,0.2222222222222222,-0.03214285714285714,-0.7545454545454545,-0.2333333333333333,0.5669642857142857,0.15768917911426772
0.4594594594594595,0.02015173067804647,0.375,0.2857142857142857,0.6428571428571429,0.02941176470588235,0.21428571428571433,0.16483516483516483,0.5669642857142857,0.15768917911426772
0.525,0.04259111595285428,0.5833333333333334,0.5384615384615384,0.4666666666666667,0.4685314685314686,-0.19230769230769232,-0.19999999999999998,0.5669642857142857,0.15768917911426772
0.5227272727272727,-0.08492194938145145,0.6875,0.38461538461538464,0.4666666666666667,0.2676470588235294,-0.3021978021978022,-0.13214285714285715,0.5669642857142857,0.15768917911426772
0.5365853658536586,0.03075046825513665,0.6,0.47368421052631576,0.5833333333333334,0.01818181818181818,-0.09824561403508772,0.18881118881118883,0.5669642857142857,0.15768917911426772
0.4166666666666667,-0.11199794397988189,0.5,0.25,0.5,0.02941176470588235,-0.4895104895104896,0.5000000000000001,0.5669642857142857,0.15768917911426772
0.425,-0.32592175769664805,0.42857142857142855,0.47058823529411764,0.375,0.5,-0.4534313725490197,-0.5088235294117647,0.5669642857142857,0.15768917911426772
0.48717948717948717,-0.004251012145748988,0.5,0.4444444444444444,0.5,0.19711042311661509,-0.3,-0.15384615384615385,0.5669642857142857,0.15768917911426772
0.3611111111111111,-0.24031407072547517,0.25,0.4444444444444444,0.4,-0.2377622377622378,-0.18333333333333335,-0.3142857142857143,0.5669642857142857,0.15768917911426772
0.3684210526315789,-0.36679980358015335,0.46153846153846156,0.2857142857142857,0.36363636363636365,-0.12637362637362637,-0.35824175824175825,-0.7000000000000001,0.5669642857142857,0.15768917911426772
0.4864864864864865,-0.16302092624530012,0.5,0.5294117647058824,0.4,-0.29696969696969694,-0.14469653240847943,0.13939393939393938,0.5669642857142857,0.15768917911426772
0.30303030303030304,-0.25768716577540113,0.6,0.2,0.3076923076923077,-0.19999999999999998,-0.4535714285714285,-0.1758241758241758,0.5669642857142857,0.15768917911426772
0.39473684210526316,-0.3730779804030636,0.7142857142857143,0.47368421052631576,0.08333333333333333,0.39285714285714296,-0.36315789473684207,-0.6573426573426573,0.5669642857142857,0.15768917911426772
0.6097560975609756,-0.02526132404181185,0.6666666666666666,0.46153846153846156,0.6923076923076923,0.024999999999999998,-0.19230769230769232,0.0879120879120879,0.5669642857142857,0.15768917911426772
0.4634146341463415,-0.123176096636723,0.5,0.45454545454545453,0.4375,0.15604395604395604,-0.19090909090909092,-0.4205882352941176,0.5669642857142857,0.15768917911426772
0.37142857142857144,-0.1946778711484594,0.2727272727272727,0.5,0.3,-0.27272727272727276,-0.07252747252747253,-0.2606060606060606,0.5669642857142857,0.15768917911426772
0.46,0.0664121587744552,0.5833333333333334,0.38461538461538464,0.3076923076923077,0.2756521739130435,0.13736263736263735,-0.1043956043956044,0.5669642857142857,0.15768917911426772
0.6875,0.33507469666894907,0.8,0.875,0.5,0.6242424242424242,0.4523809523809524,-0.12981305985076452,0.5669642857142857,0.15768917911426772
0.40625,-0.2685609577664595,0.5555555555555556,0.3125,0.42857142857142855,-0.5833333333333334,-0.538235294117647,0.21428571428571433,0.5669642857142857,0.15768917911426772
0.6136363636363636,0.08922090283561622,0.5833333333333334,0.7058823529411765,0.5333333333333333,0.4545454545454546,0.26715686274509803,-0.15714285714285714,0.5669642857142857,0.15768917911426772
0.4222222222222222,-0.16297760210803688,0.47058823529411764,0.35714285714285715,0.42857142857142855,0.10294117647058824,-0.5560439560439561,0.27472527472527475,0.5669642857142857,0.15768917911426772
0.4166666666666667,-0.2440560203356876,0.4,0.5333333333333333,0.3076923076923077,-0.2706766917293233,-0.23571428571428568,-0.3631365196012815,0.5669642857142857,0.15768917911426772
0.4,-0.22837305712654982,0.7142857142857143,0.2727272727272727,0.2,0.3098901098901099,-0.33636363636363636,-0.5071428571428571,0.5669642857142857,0.15768917911426772
0.4473684210526316,-0.3010176168070905,0.6666666666666666,0.3333333333333333,0.42857142857142855,0.11666666666666665,-0.5821428571428571,-0.3142857142857143,0.5669642857142857,0.15768917911426772
0.3333333333333333,-0.17908787541713014,0.3076923076923077,0.14285714285714285,0.5,-0.41208791208791207,0.07142857142857144,-0.17575757575757575,0.5669642857142857,0.15768917911426772
0.4074074074074074,-0.059838193339506,0.625,0.375,0.2727272727272727,0.1666666666666667,-0.11904761904761905,-0.18181818181818182,0.5669642857142857,0.15768917911426772
0.4523809523809524,-0.09991086621829674,0.6666666666666666,0.42857142857142855,0.23076923076923078,-0.11071428571428568,-0.01098901098901099,-0.37912087912087916,0.5669642857142857,0.15768917911426772
0.3125,-0.21407624633431083,0.625,0.21428571428571427,0.2,-0.023809523809523815,-0.09010989010989012,-0.7333333333333332,0.5669642857142857,0.15768917911426772
0.5,0.007698652768104957,0.4444444444444444,0.5833333333333334,0.45454545454545453,0.3,-0.1328671328671329,0.03636363636363637,0.5669642857142857,0.15768917911426772
0.5405405405405406,0.12282157762661206,0.6923076923076923,0.5333333333333333,0.3333333333333333,0.30769230769230765,0.11428571428571425,0.03333333333333333,0.5669642857142857,0.15768917911426772
0.5405405405405406,0.1941678520625889,0.46153846153846156,0.5454545454545454,0.6153846153846154,0.21428571428571427,0.3545454545454546,-0.005494505494505494,0.5669642857142857,0.15768917911426772
0.5882352941176471,0.0016806722689075631,0.6666666666666666,0.38461538461538464,0.75,-0.049999999999999996,-0.40659340659340654,0.30069930069930073,0.5669642857142857,0.15768917911426772
0.5238095238095238,0.23400461950407092,0.5,0.5,0.625,0.17293233082706763,0.03520354165444462,0.523809523809524,0.5669642857142857,0.15768917911426772
0.38461538461538464,-0.19817813765182188,0.4166666666666667,0.4,0.3333333333333333,-0.1958041958041958,-0.007142857142857141,-0.15384615384615385,0.5669642857142857,0.15768917911426772
0.30303030303030304,-0.2403275683163084,0.18181818181818182,0.36363636363636365,0.36363636363636365,-0.45454545454545453,-0.24545454545454545,-0.14578625522502567,0.5669642857142857,0.15768917911426772
0.3055555555555556,-0.22009138342762744,0.5833333333333334,0.23076923076923078,0.09090909090909091,0.2377622377622378,-0.3516483516483516,-0.6636363636363638,0.5669642857142857,0.15768917911426772
0.43243243243243246,-0.1308754670072142,0.4375,0.5714285714285714,0.35714285714285715,-0.19117647058823528,-0.21428571428571433,0.0945054945054945,0.5669642857142857,0.15768917911426772
0.5185185185185185,-0.03724053724053724,0.5714285714285714,0.45454545454545453,0.5555555555555556,-0.3571428571428572,-0.16363636363636366,0.0,0.5669642857142857,0.15768917911426772
0.5263157894736842,0.2996115340699463,0.7142857142857143,0.45454545454545453,0.38461538461538464,0.8197802197802198,-0.28181818181818186,0.1758241758241758,0.5669642857142857,0.15768917911426772
0.4482758620689655,-0.18177339901477826,0.4,0.3,0.6666666666666666,-0.07878787878787878,-0.5515151515151515,0.31666666666666665,0.5669642857142857,0.15768917911426772
0.4,-0.2176462313009294,0.36363636363636365,0.35714285714285715,0.4666666666666667,-0.26363636363636367,-0.5032967032967033,0.09285714285714285,0.5669642857142857,0.15768917911426772
0.46875,-0.2320381231671554,0.375,0.5,0.5,-0.09523809523809526,-0.26593406593406593,-0.4666666666666666,0.5669642857142857,0.15768917911426772
0.5,-0.020724722018570264,0.6428571428571429,0.4,0.4166666666666667,0.43736263736263736,-0.1515151515151515,-0.3636363636363637,0.5669642857142857,0.15768917911426772
0.4166666666666667,0.13307593307593307,0.5833333333333334,0.375,0.3125,0.2797202797202798,0.1666666666666667,-0.05294117647058824,0.5669642857142857,0.15768917911426772
0.53125,0.07038123167155425,0.4444444444444444,0.6666666666666666,0.45454545454545453,-0.21666666666666667,0.3216783216783217,0.03636363636363637,0.5669642857142857,0.15768917911426772
0.45454545454545453,0.047129606582196774,0.7142857142857143,0.5,0.2857142857142857,0.1785714285714286,-0.08391608391608392,-0.01098901098901099,0.5669642857142857,0.15768917911426772
0.46875,-0.11363636363636363,0.7,0.1111111111111111,0.5384615384615384,0.6,-0.8333333333333333,0.005494505494505494,0.5669642857142857,0.15768917911426772
0.42857142857142855,0.008683473389355743,0.4444444444444444,0.4,0.42857142857142855,0.24458204334365324,0.04242424242424241,-0.25,0.5669642857142857,0.15768917911426772
0.45,0.10769230769230771,0.5714285714285714,0.15384615384615385,0.6153846153846154,0.054945054945054944,-0.5494505494505494,0.5,0.5669642857142857,0.15768917911426772
0.5,0.10064829854766062,0.5555555555555556,0.4,0.5,0.13519091847265222,-0.01818181818181818,0.015384615384615385,0.5669642857142857,0.15768917911426772
0.5555555555555556,0.00025740025740025744,0.6153846153846154,0.5,0.5333333333333333,0.1868131868131868,-0.4761904761904762,0.039285714285714285,0.5669642857142857,0.15768917911426772
0.42105263157894735,-0.1040595251121567,0.625,0.23076923076923078,0.3333333333333333,0.1764705882352941,-0.21978021978021978,-0.41666666666666663,0.5669642857142857,0.15768917911426772
0.4411764705882353,-0.1046760391198044,0.6428571428571429,0.16666666666666666,0.35714285714285715,0.2156216926334733,-0.2571428571428572,-0.2571428571428571,0.5669642857142857,0.15768917911426772
0.2903225806451613,-0.07965315749771555,0.5555555555555556,0.23076923076923078,0.1111111111111111,0.049999999999999996,0.2087912087912088,-0.5499999999999999,0.5669642857142857,0.15768917911426772
0.48484848484848486,0.004847066756655512,0.42857142857142855,0.5454545454545454,0.4666666666666667,-0.3214285714285715,0.4090909090909091,-0.039285714285714285,0.5669642857142857,0.15768917911426772
0.5111111111111111,0.12424242424242424,0.5333333333333333,0.42857142857142855,0.5625,0.010714285714285713,0.05054945054945055,0.4264705882352941,0.5669642857142857,0.15768917911426772
0.4,-0.2678613316265333,0.5384615384615384,0.25,0.4,0.19780219780219782,-0.3426573426573427,-0.20554074337915984,0.5669642857142857,0.15768917911426772
0.4186046511627907,-0.01298848405683234,0.42857142857142855,0.4117647058823529,0.4166666666666667,0.0857142857142857,-0.10539215686274511,0.0560421174670677,0.5669642857142857,0.15768917911426772
0.6129032258064516,0.2737903225806452,0.7272727272727273,0.5,0.6,0.5272727272727273,0.309090909090909,-0.10303030303030303,0.5669642857142857,0.15768917911426772
0.3488372093023256,-0.16899494072340107,0.4166666666666667,0.13333333333333333,0.5,-0.32924744011902274,-0.5107142857142856,0.03529411764705882,0.5669642857142857,0.15768917911426772
0.45454545454545453,-0.1266711229946524,0.625,0.46153846153846156,0.3333333333333333,0.38095238095238104,-0.42857142857142855,-0.4125874125874127,0.5669642857142857,0.15768917911426772
0.48717948717948717,-0.14313189667418263,0.6,0.4166666666666667,0.4166666666666667,0.11428571428571425,-0.4125874125874127,-0.3636363636363637,0.5669642857142857,0.15768917911426772
0.5,-0.07320872455388587,0.7142857142857143,0.5454545454545454,0.3333333333333333,0.21428571428571433,-0.06363636363636364,-0.4545454545454546,0.5669642857142857,0.15768917911426772
0.5161290322580645,-0.1721774193548387,0.375,0.5,0.6363636363636364,-0.7142857142857144,-0.6643356643356644,0.4000000000000001,0.5669642857142857,0.15768917911426772
0.5142857142857142,-0.11400560224089636,0.5555555555555556,0.5,0.42857142857142855,0.19091847265221878,-0.5393939393939393,-0.4642857142857144,0.5669642857142857,0.15768917911426772
0.4772727272727273,0.006131294270694005,0.6923076923076923,0.4,0.375,0.510989010989011,-0.2821428571428571,-0.09411764705882353,0.5669642857142857,0.15768917911426772
0.4666666666666667,-0.10789766407119021,0.6,0.4,0.4,0.33333333333333326,-0.5030303030303029,-0.12727272727272726,0.5669642857142857,0.15768917911426772
0.4444444444444444,-0.1400382135072603,0.5882352941176471,0.375,0.3333333333333333,0.29411764705882354,-0.2352941176470588,-0.5499132776456018,0.5669642857142857,0.15768917911426772
0.48484848484848486,0.01838235294117647,0.7777777777777778,0.2857142857142857,0.5,0.7666666666666667,-0.006593406593406593,-0.43030303030303024,0.5669642857142857,0.15768917911426772
0.40540540540540543,0.018255097202465622,0.3,0.5833333333333334,0.3333333333333333,-0.006060606060606061,0.2517482517482518,0.11071428571428568,0.5669642857142857,0.15768917911426772
0.2857142857142857,-0.23751211827436558,0.38461538461538464,0.11764705882352941,0.3684210526315789,0.03846153846153846,-0.6397058823529412,-0.08771929824561404,0.5669642857142857,0.15768917911426772
0.42105263157894735,-0.09937072637312458,0.46153846153846156,0.375,0.4444444444444444,0.005494505494505494,-0.1764705882352941,-0.15,0.5669642857142857,0.15768917911426772
0.375,-0.14517459505569347,0.2857142857142857,0.375,0.4444444444444444,-0.5357142857142858,-0.21470588235294116,0.25,0.5669642857142857,0.15768917911426772
0.45714285714285713,-0.13322126791274877,0.5384615384615384,0.38461538461538464,0.4444444444444444,-0.13186813186813187,-0.33516483516483514,-0.08333333333333334,0.5669642857142857,0.15768917911426772
0.5,0.03670745272525028,0.625,0.35714285714285715,0.625,0.11904761904761905,-0.44175824175824174,0.6904761904761906,0.5669642857142857,0.15768917911426772
0.5151515151515151,0.14405080213903743,0.6,0.45454545454545453,0.5,0.05454545454545454,0.3181818181818182,0.10489510489510491,0.5669642857142857,0.15768917911426772
0.5,0.0826585179526356,0.625,0.3333333333333333,0.6363636363636364,0.4523809523809524,-0.010714285714285713,0.06363636363636364,0.5669642857142857,0.15768917911426772
0.45,-0.07777829978040676,0.36363636363636365,0.38461538461538464,0.5625,-0.3272727272727273,-0.3516483516483516,0.22647058823529412,0.5669642857142857,0.15768917911426772
0.47619047619047616,-0.02106883839499303,0.6,0.3333333333333333,0.5714285714285714,0.4424242424242424,-0.19308211143030826,0.3450549450549451,0.5669642857142857,0.15768917911426772
0.5151515151515151,0.0529790258388524,0.6666666666666666,0.5,0.38461538461538464,0.5314685314685316,0.2380952380952381,-0.3681318681318681,0.5669642857142857,0.15768917911426772
0.4,-0.06554621848739496,0.5,0.5384615384615384,0.21428571428571427,0.4523809523809524,-0.14835164835164835,-0.5604395604395604,0.5669642857142857,0.15768917911426772
0.3870967741935484,-0.0661356994993234,0.2,0.375,0.5,-0.6,0.049999999999999996,0.16363636363636364,0.5669642857142857,0.15768917911426772
0.43636363636363634,-0.31889025265205334,0.5263157894736842,0.2857142857142857,0.45454545454545453,-0.08596491228070174,-0.5340659340659341,-0.3675889328063242,0.5669642857142857,0.15768917911426772
0.4166666666666667,-0.05585585585585586,0.38461538461538464,0.4,0.46153846153846156,-0.054945054945054944,-0.0303030303030303,-0.2087912087912088,0.5669642857142857,0.15768917911426772
0.6486486486486487,0.3098624940730203,0.5833333333333334,0.7857142857142857,0.5454545454545454,0.034965034965034975,0.49890109890109896,0.15454545454545454,0.5669642857142857,0.15768917911426772
0.5294117647058824,0.05898533076204545,0.6363636363636364,0.5,0.45454545454545453,0.6454545454545455,0.08391608391608392,-0.3181818181818182,0.5669642857142857,0.15768917911426772
0.3225806451612903,-0.16977517981228749,0.36363636363636365,0.36363636363636365,0.2222222222222222,0.3181818181818182,-0.27272727272727276,-0.31666666666666665,0.5669642857142857,0.15768917911426772
0.4473684210526316,-0.16676697513608407,0.625,0.3125,0.5,0.3333333333333334,-0.6882352941176471,-0.11208791208791209,0.5669642857142857,0.15768917911426772
0.425531914893617,-0.06452545462498024,0.5,0.42857142857142855,0.3684210526315789,-0.02417582417582418,-0.367032967032967,0.07368421052631578,0.5669642857142857,0.15768917911426772
0.7407407407407407,0.5873015873015872,0.7692307692307693,0.6,0.7777777777777778,0.7582417582417583,-0.3,0.5333333333333333,0.5669642857142857,0.15768917911426772
0.46875,0.1228005865102639,0.5454545454545454,0.5833333333333334,0.2222222222222222,0.5,0.1258741258741259,-0.3666666666666667,0.5669642857142857,0.15768917911426772
0.3611111111111111,-0.3171375255939614,0.3333333333333333,0.3333333333333333,0.4166666666666667,-0.1188811188811189,-0.6083916083916086,-0.2937062937062937,0.5669642857142857,0.15768917911426772
0.4375,-0.2905324913677704,0.8333333333333334,0.21428571428571427,0.5,0.8857142857142858,-0.7626373626373627,0.0,0.5669642857142857,0.15768917911426772
0.5945945945945946,0.18776671408250356,0.5384615384615384,0.5,0.8,0.20329670329670327,0.0945054945054945,0.29696969696969694,0.5669642857142857,0.15768917911426772
0.53125,0.2349706744868035,0.6,0.4,0.5833333333333334,0.43030303030303024,0.11515151515151514,0.31468531468531474,0.5669642857142857,0.15768917911426772
0.375,-0.28444110918293875,0.46153846153846156,0.46153846153846156,0.21428571428571427,0.016483516483516484,-0.22527472527472525,-0.6,0.5669642857142857,0.15768917911426772
0.38095238095238093,-0.18897127360432214,0.5,0.2857142857142857,0.46153846153846156,0.5952380952380953,-0.3090909090909091,-0.6758241758241759,0.5669642857142857,0.15768917911426772
0.41304347826086957,-0.18311900655046776,0.5384615384615384,0.2857142857142857,0.42105263157894735,-0.23626373626373626,0.015384615384615385,-0.30350877192982456,0.5669642857142857,0.15768917911426772
0.5,0.16545384934761098,0.42857142857142855,0.45454545454545453,0.6153846153846154,0.2703296703296703,-0.14545454545454548,0.19780219780219782,0.5669642857142857,0.15768917911426772
0.45714285714285713,-0.14565826330532214,0.38461538461538464,0.5454545454545454,0.45454545454545453,-0.2692307692307692,0.18181818181818182,-0.1272727272727273,0.5669642857142857,0.15768917911426772
0.34615384615384615,-0.3511111111111111,0.4444444444444444,0.125,0.4444444444444444,-0.43333333333333335,-0.523809523809524,-0.3666666666666667,0.5669642857142857,0.15768917911426772
0.43333333333333335,-0.1670745272525028,0.375,0.7272727272727273,0.18181818181818182,0.023809523809523815,-0.018181818181818184,-0.38181818181818183,0.5669642857142857,0.15768917911426772
0.48148148148148145,0.15539612453983953,0.5,0.375,0.5454545454545454,0.30952380952380953,-0.14285714285714288,-0.05454545454545456,0.5669642857142857,0.15768917911426772
0.4,-0.0018445930376619671,0.5454545454545454,0.5294117647058824,0.17647058823529413,0.45454545454545453,0.02450980392156863,-0.2550582944149468,0.5669642857142857,0.15768917911426772
0.43333333333333335,-0.12747497219132367,0.5384615384615384,0.4,0.2857142857142857,0.4340659340659341,-0.4424242424242424,-0.7857142857142859,0.5669642857142857,0.15768917911426772
0.34615384615384615,-0.21230769230769228,0.45454545454545453,0.1,0.6,0.17272727272727276,-0.8666666666666665,-0.39999999999999997,0.5669642857142857,0.15768917911426772
0.4444444444444444,0.025482625482625483,0.4,0.2727272727272727,0.7,0.3571428571428571,-0.7454545454545456,0.0303030303030303,0.5669642857142857,0.15768917911426772
0.46153846153846156,0.1013895709564516,0.4166666666666667,0.47058823529411764,0.4782608695652174,0.1188811188811189,0.20833333333333337,0.02766798418972332,0.5669642857142857,0.15768917911426772
0.4722222222222222,0.05611325611325611,0.6,0.45454545454545453,0.3,0.12142857142857141,-0.009090909090909092,-0.23636363636363633,0.5669642857142857,0.15768917911426772
0.375,-0.2871751584080138,0.3,0.5333333333333333,0.26666666666666666,-0.35757575757575755,-0.25357142857142856,-0.2571428571428571,0.5669642857142857,0.15768917911426772
0.5405405405405406,0.317368111299653,0.8333333333333334,0.45454545454545453,0.35714285714285715,0.6993006993006995,0.14545454545454548,0.006593406593406593,0.5669642857142857,0.15768917911426772
0.4857142857142857,-0.09833998956335398,0.36363636363636365,0.35714285714285715,0.8,-0.3090909090909091,0.0857142857142857,0.17575757575757575,0.5669642857142857,0.15768917911426772
0.3684210526315789,-0.04026919084650849,0.35714285714285715,0.25,0.4375,0.0945054945054945,-0.5476190476190477,-0.14411764705882352,0.5669642857142857,0.15768917911426772
0.5128205128205128,-0.1867597944581803,0.8181818181818182,0.4444444444444444,0.3,0.10000000000000002,-0.3828689370485036,-0.18787878787878787,0.5669642857142857,0.15768917911426772
0.5185185185185185,-0.10687022900763357,0.75,0.45454545454545453,0.5,0.19999999999999998,-0.25057012616801283,-0.1398601398601399,0.5669642857142857,0.15768917911426772
0.5853658536585366,0.1054006968641115,0.6153846153846154,0.5625,0.5833333333333334,0.2802197802197803,-0.055882352941176466,0.006993006993006993,0.5669642857142857,0.15768917911426772
0.29411764705882354,-0.233819827340076,0.4,0.3125,0.125,-0.11515151515151514,-0.4676470588235294,-0.2142857142857143,0.5669642857142857,0.15768917911426772
0.5666666666666667,0.31568409343715237,0.3333333333333333,0.6,0.6428571428571429,-0.14285714285714288,0.5272727272727272,0.3274725274725274,0.5669642857142857,0.15768917911426772
0.6,-0.03,0.8,0.5,0.42857142857142855,0.6606060606060605,-0.3333333333333334,-0.7857142857142859,0.5669642857142857,0.15768917911426772
0.5142857142857142,-0.18263305322128853,0.4444444444444444,0.75,0.35714285714285715,0.0,0.1188811188811189,-0.6043956043956044,0.5669642857142857,0.15768917911426772
0.4358974358974359,-0.13280696426763844,0.29411764705882354,0.46153846153846156,0.6666666666666666,-0.07352941176470588,-0.3163689375314194,-0.06666666666666667,0.5669642857142857,0.15768917911426772
0.38235294117647056,-0.13706165522467395,0.375,0.46153846153846156,0.3076923076923077,0.261904761904762,-0.34615384615384615,-0.2967032967032967,0.5669642857142857,0.15768917911426772
0.40540540540540543,-0.1605121216737029,0.5,0.42857142857142855,0.3333333333333333,0.5476190476190477,-0.3626373626373627,-0.08928571428571427,0.5669642857142857,0.15768917911426772
0.42105263157894735,-0.14630409826571153,0.8,0.3125,0.25,0.28484848484848485,-0.6411764705882352,-0.3636363636363637,0.5669642857142857,0.15768917911426772
0.2857142857142857,-0.14537815126050418,0.5384615384615384,0.13333333333333333,0.14285714285714285,0.010989010989010988,-0.5,-0.14285714285714288,0.5669642857142857,0.15768917911426772
0.375,-0.32132470354375925,0.25,0.3684210526315789,0.46153846153846156,-0.3571428571428572,-0.4070175438596491,-0.14835164835164835,0.5669642857142857,0.15768917911426772
0.5116279069767442,0.11295681063122924,0.8333333333333334,0.25,0.47368421052631576,0.7202797202797203,-0.39860139860139865,-0.09649122807017543,0.5669642857142857,0.15768917911426772
0.3793103448275862,-0.22643835475368,0.42857142857142855,0.46153846153846156,0.2222222222222222,0.07142857142857144,-0.22527472527472525,-0.45,0.5669642857142857,0.15768917911426772
0.47058823529411764,-0.15110771581359816,0.5833333333333334,0.25,0.5,0.1958041958041958,-0.4285714285714286,-0.24835164835164836,0.5669642857142857,0.15768917911426772
0.5,-0.037517219026010865,0.4166666666666667,0.5,0.5833333333333334,-0.1328671328671329,0.007223942208462332,-0.11188811188811189,0.5669642857142857,0.15768917911426772
0.28205128205128205,-0.2298699329832907,0.16666666666666666,0.25,0.4,-0.3706293706293707,-0.39860139860139865,0.17857142857142855,0.5669642857142857,0.15768917911426772
0.5897435897435898,0.04797813660681629,0.8333333333333334,0.42105263157894735,0.7142857142857143,0.5428571428571429,-0.41052631578947374,0.3362637362637363,0.5669642857142857,0.15768917911426772
0.631578947368421,0.1342597658387132,0.7058823529411765,0.6666666666666666,0.4444444444444444,0.12500000000000003,0.02097902097902098,0.26666666666666666,0.5669642857142857,0.15768917911426772
0.48717948717948717,-0.05111594722878107,0.5333333333333333,0.42857142857142855,0.5,0.3928571428571428,-0.45054945054945056,0.13939393939393938,0.5669642857142857,0.15768917911426772
0.4444444444444444,-0.15433131805026495,0.5555555555555556,0.2,0.5294117647058824,-0.2833333333333333,-0.7212121212121211,-0.14460784313725492,0.5669642857142857,0.15768917911426772
0.45714285714285713,-0.005042016806722689,0.3333333333333333,0.5882352941176471,0.3333333333333333,0.03333333333333333,0.13235294117647062,0.15,0.5669642857142857,0.15768917911426772
0.2926829268292683,-0.3241430378962138,0.36363636363636365,0.21052631578947367,0.36363636363636365,0.08181818181818183,-0.46140350877192987,-0.23636363636363636,0.5669642857142857,0.15768917911426772
0.44680851063829785,-0.14616096207215543,0.5,0.25,0.6,0.01764705882352941,-0.4852941176470588,0.2821428571428571,0.5669642857142857,0.15768917911426772
0.45,-0.02870813409763221,0.625,0.4444444444444444,0.35714285714285715,0.28571428571428575,-0.12280701754385966,-0.1912087912087912,0.5669642857142857,0.15768917911426772
0.5,-0.0502199413489736,0.6,0.3333333333333333,0.6,-0.07878787878787878,-0.10489510489510491,0.05454545454545454,0.5669642857142857,0.15768917911426772
0.5227272727272727,0.014517265680056375,0.6470588235294118,0.7142857142857143,0.35,0.36274509803921573,-0.03571428571428572,-0.24812030075187969,0.5669642857142857,0.15768917911426772
0.5675675675675675,0.07100942458090699,0.5384615384615384,0.6,0.5555555555555556,0.2802197802197803,0.125,-0.43333333333333335,0.5669642857142857,0.15768917911426772
0.5675675675675675,0.18160265528686578,0.5,0.6923076923076923,0.5,0.14725274725274726,0.21428571428571427,0.18787878787878787,0.5669642857142857,0.15768917911426772
0.5384615384615384,0.1091093117408907,0.6428571428571429,0.4,0.6,0.5736263736263736,-0.38214285714285706,0.35757575757575755,0.5669642857142857,0.15768917911426772
0.41379310344827586,-0.14637754365271238,0.46153846153846156,0.42857142857142855,0.3333333333333333,0.09890109890109891,-0.5,-0.3,0.5669642857142857,0.15768917911426772
0.41025641025641024,0.05850498514502071,0.4666666666666667,0.35714285714285715,0.4,0.4535714285714285,0.006593406593406593,-0.3696969696969697,0.5669642857142857,0.15768917911426772
0.3783783783783784,-0.38077173915504714,0.5,0.4666666666666667,0.21428571428571427,0.261904761904762,-0.3214285714285714,-0.8153846153846154,0.5669642857142857,0.15768917911426772
0.43243243243243246,-0.28343609400085173,0.625,0.23076923076923078,0.5,0.14285714285714288,-0.510989010989011,-0.32818257597068257,0.5669642857142857,0.15768917911426772
0.5384615384615384,0.009230769230769232,0.6363636363636364,0.3333333333333333,0.5,0.6454545454545455,-1.0,-0.3216783216783217,0.5669642857142857,0.15768917911426772
0.48717948717948717,0.0019231742521719612,0.5454545454545454,0.38461538461538464,0.5333333333333333,0.5454545454545455,-0.2692307692307692,-0.11428571428571425,0.5669642857142857,0.15768917911426772
0.4864864864864865,-0.1690474782176517,0.6,0.5714285714285714,0.3333333333333333,-0.21071428571428572,0.21428571428571433,-0.42857142857142855,0.5669642857142857,0.15768917911426772
0.6538461538461539,0.15318858148320733,0.8181818181818182,0.75,0.2857142857142857,0.6636363636363638,-0.30952380952380953,-0.6071428571428572,0.5669642857142857,0.15768917911426772
0.5333333333333333,0.16618464961067853,0.7,0.36363636363636365,0.5555555555555556,0.7818181818181817,-0.29090909090909095,-0.4666666666666666,0.5669642857142857,0.15768917911426772
0.5428571428571428,0.10407620216966947,0.6428571428571429,0.4166666666666667,0.5555555555555556,0.4197802197802198,-0.18181818181818185,0.13333333333333333,0.5669642857142857,0.15768917911426772
0.45161290322580644,-0.15062002294510538,0.4166666666666667,0.2727272727272727,0.75,-0.5734265734265735,-0.13636363636363638,-0.30952380952380953,0.5669642857142857,0.15768917911426772
0.4375,-0.1292273857503332,0.5833333333333334,0.45454545454545453,0.2222222222222222,0.2027972027972028,-0.13636363636363638,-0.65,0.5669642857142857,0.15768917911426772
0.4,-0.315406162464986,0.6666666666666666,0.375,0.3076923076923077,0.3714285714285715,-0.4205882352941176,-0.37912087912087916,0.5669642857142857,0.15768917911426772
0.48717948717948717,-0.004048992833781687,0.25,0.5555555555555556,0.5384615384615384,-0.261904761904762,0.12487100103199174,-0.21978021978021978,0.5669642857142857,0.15768917911426772
0.46808510638297873,0.07377641586153656,0.5,0.42105263157894735,0.5,0.11661506707946334,-0.0894736842105263,0.22424242424242422,0.5669642857142857,0.15768917911426772
0.4166666666666667,-0.1136568422338482,0.5833333333333334,0.3333333333333333,0.3333333333333333,-0.2517482517482518,-0.09285714285714285,-0.26666666666666666,0.5669642857142857,0.15768917911426772
0.5,-0.1629593615858884,0.6666666666666666,0.5,0.4117647058823529,0.2333333333333333,-0.21764705882352942,-0.26960784313725494,0.5669642857142857,0.15768917911426772
0.4444444444444444,-0.10515477208208868,0.8,0.25,0.4,0.35757575757575755,-0.31346586852805103,-0.4545454545454545,0.5669642857142857,0.15768917911426772
0.475,-0.29543109239687526,0.5833333333333334,0.5555555555555556,0.3684210526315789,-0.06993006993006995,-0.08333333333333334,-0.4298245614035088,0.5669642857142857,0.15768917911426772
0.4772727272727273,-0.020155038759689922,0.6666666666666666,0.5,0.29411764705882354,0.4428571428571427,0.25874125874125875,-0.43137254901960786,0.5669642857142857,0.15768917911426772
0.5277777777777778,0.061140430420246764,0.8888888888888888,0.35714285714285715,0.46153846153846156,0.5666666666666667,-0.6131868131868132,0.11538461538461539,0.5669642857142857,0.15768917911426772
0.4166666666666667,-0.07007354739736944,0.42105263157894735,0.38461538461538464,0.4375,0.15614035087719297,-0.30769230769230765,0.02941176470588235,0.5669642857142857,0.15768917911426772
0.4878048780487805,0.042857142857142864,0.38461538461538464,0.5,0.5833333333333334,-0.19780219780219782,0.22352941176470587,0.17482517482517487,0.5669642857142857,0.15768917911426772
0.37777777777777777,-0.1657444005270092,0.47368421052631576,0.5,0.14285714285714285,0.22807017543859648,0.055944055944055944,-0.38461538461538464,0.5669642857142857,0.15768917911426772
0.3,-0.3343718725495813,0.625,0.06666666666666667,0.42857142857142855,0.261904761904762,-0.6386414512273741,-0.39285714285714296,0.5669642857142857,0.15768917911426772
0.5,-0.3054771315640881,0.625,0.2,0.5555555555555556,-0.2142857142857143,-0.39999999999999997,0.5166666666666667,0.5669642857142857,0.15768917911426772
0.47368421052631576,-0.2324359830070146,0.5,0.4,0.5333333333333333,0.07142857142857144,-0.6249999999999999,0.03214285714285714,0.5669642857142857,0.15768917911426772
0.3076923076923077,-0.28940176279454605,0.4,0.09090909090909091,0.38461538461538464,-0.15,-0.5181818181818182,-0.03296703296703297,0.5669642857142857,0.15768917911426772
0.6774193548387096,0.26275459296081866,0.6363636363636364,0.6666666666666666,0.75,0.7000000000000001,-0.02097902097902098,0.5000000000000001,0.5669642857142857,0.15768917911426772
0.3888888888888889,-0.19357745068722323,0.46153846153846156,0.3076923076923077,0.4,0.14285714285714285,-0.2802197802197803,-0.34545454545454546,0.5669642857142857,0.15768917911426772
0.3684210526315789,-0.2913885545464493,0.36363636363636365,0.25,0.4666666666666667,-0.6454545454545455,-0.35664335664335667,-0.2964285714285714,0.5669642857142857,0.15768917911426772
0.52,0.10461538461538461,0.625,0.5,0.45454545454545453,0.5476190476190477,-0.2571428571428572,-0.3272727272727273,0.5669642857142857,0.15768917911426772
0.5,0.13557281978334612,0.5789473684210527,0.4444444444444444,0.4,0.28421052631578947,-0.16666666666666669,-0.13939393939393938,0.5669642857142857,0.15768917911426772
0.5,-0.1854838709677419,0.5,0.5384615384615384,0.4444444444444444,0.18787878787878787,-0.3516483516483516,0.03333333333333333,0.5669642857142857,0.15768917911426772
0.5526315789473685,0.05011763426005676,0.5625,0.6666666666666666,0.46153846153846156,-0.15294117647058825,0.41666666666666663,0.07692307692307691,0.5669642857142857,0.15768917911426772
0.56,0.13966911383985398,0.8,0.2857142857142857,0.5,0.24848484848484845,-0.07142857142857144,0.07142857142857144,0.5669642857142857,0.15768917911426772
0.5128205128205128,-0.07896335331007594,0.6666666666666666,0.23076923076923078,0.6428571428571429,0.5104895104895105,-0.8076923076923077,-0.11221128902354222,0.5669642857142857,0.15768917911426772
0.5,-0.06787665303618007,0.6666666666666666,0.4375,0.5,0.08571428571428573,-0.36470588235294116,0.08187464709203841,0.5669642857142857,0.15768917911426772
0.34285714285714286,0.0064425770308123255,0.2,0.5,0.3333333333333333,-0.4545454545454545,0.5878787878787878,-0.08928571428571427,0.5669642857142857,0.15768917911426772
0.48936170212765956,-0.09360816401240411,0.3333333333333333,0.4375,0.6875,-0.3571428571428571,-0.2411764705882353,-0.01764705882352941,0.5669642857142857,0.15768917911426772
0.36363636363636365,-0.052477647045424784,0.3333333333333333,0.15384615384615385,0.5714285714285714,-0.3714285714285715,-0.34615384615384615,0.3010989010989011,0.5669642857142857,0.15768917911426772
0.4838709677419355,-0.14919354838709678,0.5454545454545454,0.6666666666666666,0.2727272727272727,0.18181818181818182,-0.5666666666666667,-0.5,0.5669642857142857,0.15768917911426772
0.5263157894736842,-0.023744392165444796,0.5714285714285714,0.4666666666666667,0.5555555555555556,0.38461538461538464,-0.36785714285714277,-0.26666666666666666,0.5669642857142857,0.15768917911426772
0.5,-0.07495661155579421,0.6428571428571429,0.38461538461538464,0.46153846153846156,0.4065934065934066,-0.5824175824175823,-0.2087912087912088,0.5669642857142857,0.15768917911426772
0.38461538461538464,-0.1791497975708502,0.4,0.5454545454545454,0.2777777777777778,-0.06666666666666665,-0.07272727272727274,-0.2549019607843137,0.5669642857142857,0.15768917911426772
0.4827586206896552,-0.2275862068965517,0.6666666666666666,0.3076923076923077,0.6,0.3142857142857143,-0.5054945054945055,-0.09090909090909088,0.5669642857142857,0.15768917911426772
0.47619047619047616,-0.20363017583664209,0.5454545454545454,0.47368421052631576,0.4166666666666667,-0.06363636363636364,-0.1456140350877193,-0.35664335664335667,0.5669642857142857,0.15768917911426772
0.5294117647058824,-0.03942241588401993,0.5,0.75,0.4166666666666667,0.006593406593406593,-0.1666666666666667,-0.34965034965034975,0.5669642857142857,0.15768917911426772
0.4838709677419355,-0.15303962170727578,0.5555555555555556,0.45454545454545453,0.45454545454545453,0.049999999999999996,0.06363636363636364,-0.23636363636363636,0.5669642857142857,0.15768917911426772
0.5121951219512195,-0.036938624700120194,0.6363636363636364,0.6666666666666666,0.26666666666666666,0.3545454545454546,-0.1357142857142857,-0.1357142857142857,0.5669642857142857,0.15768917911426772
0.5142857142857142,0.030252100840336138,0.38461538461538464,0.6,0.5882352941176471,-0.2087912087912088,0.09999999999999999,0.25000000000000006,0.5669642857142857,0.15768917911426772
0.36363636363636365,-0.08455882352941177,0.7272727272727273,0.3,0.08333333333333333,0.46363636363636374,0.07878787878787878,-0.8041958041958043,0.5669642857142857,0.15768917911426772
0.5789473684210527,0.0309661888609257,0.6666666666666666,0.5714285714285714,0.5333333333333333,-0.11666666666666665,0.1956043956043956,-0.04642857142857142,0.5669642857142857,0.15768917911426772
0.6486486486486487,0.30014224751066854,0.625,0.5833333333333334,0.7058823529411765,0.8333333333333335,-0.0979020979020979,0.3308823529411765,0.5669642857142857,0.15768917911426772
0.5862068965517241,0.18797733431879776,0.5454545454545454,0.5454545454545454,0.7142857142857143,0.02727272727272728,-0.41913548377194887,0.6785714285714287,0.5669642857142857,0.15768917911426772
0.4358974358974359,0.07439647764981007,0.5384615384615384,0.2857142857142857,0.5,0.19230769230769232,-0.17362637362637365,-0.04895104895104895,0.5669642857142857,0.15768917911426772
0.4864864864864865,-0.2085729564027886,0.5454545454545454,0.4666666666666667,0.45454545454545453,0.02727272727272728,-0.2928571428571428,-0.2870166899742693,0.5669642857142857,0.15768917911426772
0.5,0.12266783407319569,0.6153846153846154,0.6,0.3333333333333333,0.2802197802197803,-0.24848484848484845,-0.08214285714285713,0.5669642857142857,0.15768917911426772
0.5555555555555556,0.09781209781209782,0.8,0.5,0.42857142857142855,0.5393939393939393,-0.4755244755244756,0.16043956043956045,0.5669642857142857,0.15768917911426772
0.40816326530612246,-0.0896474309913771,0.6,0.3157894736842105,0.3333333333333333,0.10187671628358358,-0.07543859649122807,-0.5107142857142856,0.5669642857142857,0.15768917911426772
0.5714285714285714,0.1647509578544061,0.6363636363636364,0.7142857142857143,0.4,0.4000000000000001,0.14285714285714288,0.2606060606060606,0.5669642857142857,0.15768917911426772
0.5641025641025641,0.015284174319892953,0.5,0.5714285714285714,0.6153846153846154,0.027972027972027972,-0.0989010989010989,0.24175824175824176,0.5669642857142857,0.15768917911426772
0.4857142857142857,-0.04664518885935389,0.46153846153846156,0.4,0.5833333333333334,0.016483516483516484,-0.4666666666666666,-0.04895104895104895,0.5669642857142857,0.15768917911426772
0.5,-0.07463339944010544,0.3076923076923077,0.46153846153846156,0.75,-0.24725274725274726,-0.3493813484042632,0.1786342494262783,0.5669642857142857,0.15768917911426772
0.43902439024390244,-0.17456445993031364,0.3076923076923077,0.46153846153846156,0.5333333333333333,-0.2802197802197803,-0.13736263736263735,-0.11785714285714284,0.5669642857142857,0.15768917911426772
0.3548387096774194,-0.1667674968369893,0.4444444444444444,0.2727272727272727,0.36363636363636365,0.3,-0.3272727272727273,-0.39090909090909093,0.5669642857142857,0.15768917911426772
0.4318181818181818,-0.10556730091613813,0.5625,0.3333333333333333,0.38461538461538464,-0.0411764705882353,-0.3571428571428571,0.005494505494505494,0.5669642857142857,0.15768917911426772
0.47368421052631576,-0.07879185864644561,0.42857142857142855,0.35714285714285715,0.5882352941176471,0.39285714285714296,-0.432967032967033,-0.07598039215686275,0.5669642857142857,0.15768917911426772
0.5263157894736842,0.2147937411095306,0.6666666666666666,0.46153846153846156,0.4,0.25,0.2692307692307692,0.12727272727272726,0.5669642857142857,0.15768917911426772
0.4444444444444444,-0.17439989739440656,0.5,0.4,0.4,-0.27941176470588236,-0.6606060606060605,0.0303030303030303,0.5669642857142857,0.15768917911426772
0.4444444444444444,-0.19124839124839127,0.5384615384615384,0.35714285714285715,0.4444444444444444,-0.19780219780219782,-0.22637362637362637,-0.38333333333333336,0.5669642857142857,0.15768917911426772
0.5,0.028122777303132288,0.8,0.4117647058823529,0.36363636363636365,0.38181818181818183,-0.34313725490196084,-0.10000000000000002,0.5669642857142857,0.15768917911426772
0.5,0.07693570462954549,0.6428571428571429,0.36363636363636365,0.46153846153846156,0.22637362637362637,-0.46363636363636374,0.29436066361619023,0.5669642857142857,0.15768917911426772
0.42105263157894735,-0.1569185317225358,0.5,0.4166666666666667,0.35714285714285715,0.1328671328671329,-0.5804195804195805,-0.3538461538461538,0.5669642857142857,0.15768917911426772
0.5833333333333334,0.3442950003911716,0.5833333333333334,0.7777777777777778,0.4666666666666667,0.3426573426573427,0.6666666666666667,0.39999999999999997,0.5669642857142857,0.15768917911426772
0.45454545454545453,-0.28848404213749707,0.38461538461538464,0.4166666666666667,0.625,-0.16483516483516483,-0.46153846153846156,0.04761904761904763,0.5669642857142857,0.15768917911426772
0.5483870967741935,0.2808750896419435,0.5,0.5555555555555556,0.5833333333333334,-0.0303030303030303,0.03333333333333333,0.2657342657342658,0.5669642857142857,0.15768917911426772
0.4864864864864865,-0.1289710763394974,0.5263157894736842,0.4,0.46153846153846156,-0.03333333333333333,-0.3,-0.37912087912087916,0.5669642857142857,0.15768917911426772
0.42857142857142855,-0.28798249094367906,0.6666666666666666,0.2727272727272727,0.45454545454545453,-0.48571428571428577,-0.33636363636363636,-0.1272727272727273,0.5669642857142857,0.15768917911426772
0.47619047619047616,-0.01369474495674547,0.6470588235294118,0.5454545454545454,0.21428571428571427,0.42892156862745107,-0.045454545454545456,-0.11208791208791209,0.5669642857142857,0.15768917911426772
0.3448275862068966,-0.08007885233399999,0.375,0.4,0.2727272727272727,0.023809523809523815,-0.19999999999999998,0.05454545454545456,0.5669642857142857,0.15768917911426772
0.5128205128205128,-0.06842105263157895,0.7857142857142857,0.23076923076923078,0.5,0.45494505494505494,-0.6593406593406593,0.055944055944055944,0.5669642857142857,0.15768917911426772
0.5517241379310345,0.03128464120293527,0.6666666666666666,0.5714285714285714,0.46153846153846156,0.31666666666666665,-0.1785714285714286,-0.016483516483516484,0.5669642857142857,0.15768917911426772
0.48717948717948717,-0.11893916449233706,0.5,0.5,0.4444444444444444,-0.3696969696969697,0.0631578947368421,-0.2333333333333333,0.5669642857142857,0.15768917911426772
0.4186046511627907,-0.25659807602786244,0.38461538461538464,0.3888888888888889,0.5,-0.5879120879120878,-0.23013415892672856,-0.14685314685314685,0.5669642857142857,0.15768917911426772
0.5,-0.1993787145306081,0.6666666666666666,0.4444444444444444,0.42857142857142855,0.2571428571428572,-0.5499999999999999,-0.03571428571428572,0.5669642857142857,0.15768917911426772
0.40476190476190477,-0.1874544152997855,0.5,0.29411764705882354,0.4666666666666667,0.24848484848484845,-0.5710784313725491,0.021428571428571425,0.5669642857142857,0.15768917911426772
0.39473684210526316,-0.16402232191705876,0.4,0.45454545454545453,0.35294117647058826,0.5393939393939393,-0.41818181818181827,-0.21078431372549022,0.5669642857142857,0.15768917911426772
0.38235294117647056,-0.36244174603447776,0.3333333333333333,0.5,0.25,-0.09090909090909093,-0.26593406593406593,-0.6428571428571429,0.5669642857142857,0.15768917911426772
0.53125,0.12133431085043987,0.6666666666666666,0.5714285714285714,0.4666666666666667,0.5,-0.059340659340659345,0.24642857142857136,0.5669642857142857,0.15768917911426772
0.5641025641025641,0.04028951810379297,0.75,0.4666666666666667,0.5,0.5104895104895105,-0.1964285714285714,0.10489510489510491,0.5669642857142857,0.15768917911426772
0.5,-0.12828815499361973,0.5,0.4444444444444444,0.5833333333333334,0.10588235294117648,-0.4047496667416087,-0.013986013986013986,0.5669642857142857,0.15768917911426772
0.5454545454545454,0.17048303764788356,0.6,0.5,0.5,0.6214285714285712,0.10303030303030303,-0.2380952380952381,0.5669642857142857,0.15768917911426772
0.4166666666666667,-0.22737264914607327,0.75,0.3125,0.3,0.5174825174825175,-0.5411764705882353,-0.46917293233082696,0.5669642857142857,0.15768917911426772
0.41818181818181815,-0.17014214634088512,0.38461538461538464,0.5909090909090909,0.25,-0.2087912087912088,0.07058159232072277,-0.3714285714285714,0.5669642857142857,0.15768917911426772
0.34375,-0.369168730356271,0.5833333333333334,0.1111111111111111,0.2727272727272727,-0.16083916083916086,-0.6666666666666667,-0.29090909090909095,0.5669642857142857,0.15768917911426772
0.3888888888888889,-0.27492116666749256,0.3333333333333333,0.4,0.4444444444444444,-0.006993006993006993,-0.44999999999999996,-0.2333333333333333,0.5669642857142857,0.15768917911426772
0.52,0.007539377649876402,0.5882352941176471,0.5882352941176471,0.375,0.32107843137254904,-0.07107843137254903,-0.21176470588235297,0.5669642857142857,0.15768917911426772
0.4230769230769231,-0.2772649572649572,0.7142857142857143,0.3,0.3333333333333333,0.642857142857143,-0.8303030303030302,-0.4666666666666666,0.5669642857142857,0.15768917911426772
0.4666666666666667,-0.3067853170189099,0.6666666666666666,0.2727272727272727,0.5,-0.3,-0.08181818181818183,-0.3696969696969697,0.5669642857142857,0.15768917911426772
0.5142857142857142,0.00378230729089823,0.5833333333333334,0.5714285714285714,0.3333333333333333,0.18881118881118883,0.11208791208791209,-0.5166666666666667,0.5669642857142857,0.15768917911426772
0.34285714285714286,-0.3901106635834852,0.25,0.4166666666666667,0.3333333333333333,-0.09523809523809526,-0.4265734265734266,-0.4892857142857142,0.5669642857142857,0.15768917911426772
0.4411764705882353,-0.08114303273224387,0.75,0.36363636363636365,0.3333333333333333,0.5476190476190477,-0.5363636363636364,-0.1964285714285714,0.5669642857142857,0.15768917911426772
0.35135135135135137,-0.3147785884954704,0.42857142857142855,0.5,0.09090909090909091,-0.02857142857142857,-0.23817899923503774,-0.48181818181818187,0.5669642857142857,0.15768917911426772
0.4878048780487805,-0.00453040606285127,0.7333333333333333,0.38461538461538464,0.3076923076923077,0.1607142857142857,-0.14835164835164835,-0.42857142857142855,0.5669642857142857,0.15768917911426772
0.5238095238095238,0.2251843448667045,0.7,0.4166666666666667,0.3,0.4992481203007519,-0.06993006993006995,-0.19999999999999998,0.5669642857142857,0.15768917911426772
0.5135135135135135,0.05251615206901803,0.6666666666666666,0.5,0.4117647058823529,0.06293706293706294,-0.5000000000000001,0.22549019607843138,0.5669642857142857,0.15768917911426772
0.5853658536585366,-0.13851984262545072,0.7142857142857143,0.42857142857142855,0.6153846153846154,0.4021978021978022,-0.3362637362637363,-0.21428571428571427,0.5669642857142857,0.15768917911426772
0.375,-0.13941270288019514,0.4444444444444444,0.2727272727272727,0.36363636363636365,0.0196078431372549,-0.4000000000000001,-0.054669845709384636,0.5669642857142857,0.15768917911426772
0.48717948717948717,0.1024395186946767,0.5714285714285714,0.4444444444444444,0.5,0.39285714285714296,-0.1331269349845201,0.2571428571428571,0.5669642857142857,0.15768917911426772
0.5652173913043478,0.15954363243909958,0.5294117647058824,0.5333333333333333,0.6428571428571429,-0.12254901960784316,-0.16428571428571426,0.221978021978022,0.5669642857142857,0.15768917911426772
0.6052631578947368,0.024182076813655765,0.6428571428571429,0.4166666666666667,0.75,0.2527472527472528,-0.5594405594405596,0.18881118881118883,0.5669642857142857,0.15768917911426772
0.4444444444444444,-0.054962029030411294,0.6666666666666666,0.36363636363636365,0.375,0.35,-0.29090909090909095,-0.06764705882352941,0.5669642857142857,0.15768917911426772
0.4883720930232558,0.04183500121231189,0.4666666666666667,0.5333333333333333,0.46153846153846156,-0.035714285714285705,0.1928571428571428,-0.14285714285714285,0.5669642857142857,0.15768917911426772
0.47058823529411764,-0.10343773873185637,0.5,0.35714285714285715,0.5625,1.0,-0.5516483516483517,0.05294117647058824,0.5669642857142857,0.15768917911426772
0.4666666666666667,-0.04294137305468364,0.6428571428571429,0.25,0.3333333333333333,0.3098901098901099,0.19999999999999998,-0.2937062937062937,0.5669642857142857,0.15768917911426772
0.2972972972972973,-0.42098399821631227,0.5555555555555556,0.1875,0.25,-0.016666666666666666,-0.488235294117647,-0.5314685314685316,0.5669642857142857,0.15768917911426772
0.358974358974359,-0.21772356928536254,0.5,0.21428571428571427,0.36363636363636365,-0.1252747252747253,-0.4681318681318682,0.10000000000000002,0.5669642857142857,0.15768917911426772
0.6428571428571429,0.2089056360857386,0.7142857142857143,0.5294117647058824,0.7272727272727273,0.4901098901098901,0.07843137254901962,0.16363636363636366,0.5669642857142857,0.15768917911426772
0.4,-0.30648717140523113,0.4375,0.5384615384615384,0.18181818181818182,-0.31176470588235294,-0.2802197802197803,-0.2545454545454546,0.5669642857142857,0.15768917911426772
0.5405405405405406,0.18515884305357985,0.7,0.6428571428571429,0.3076923076923077,0.6484848484848483,0.02417582417582418,-0.13736263736263735,0.5669642857142857,0.15768917911426772
0.5172413793103449,-0.09459293088131608,0.5,0.5454545454545454,0.5,0.05454545454545454,-0.14545454545454548,-0.38095238095238104,0.5669642857142857,0.15768917911426772
0.38461538461538464,-0.22796983610487884,0.5555555555555556,0.3888888888888889,0.25,0.016666666666666666,-0.2053663570691434,-0.5384615384615385,0.5669642857142857,0.15768917911426772
0.375,-0.24743401759530786,0.5555555555555556,0.21428571428571427,0.4444444444444444,0.5499999999999999,-0.5956043956043956,-0.08333333333333334,0.5669642857142857,0.15768917911426772
0.5428571428571428,0.12268907563025211,0.5833333333333334,0.4444444444444444,0.5714285714285714,0.6713286713286714,-0.6333333333333333,-0.02417582417582418,0.5669642857142857,0.15768917911426772
0.3333333333333333,-0.36302858605019905,0.4166666666666667,0.21428571428571427,0.42857142857142855,-0.2377622377622378,-0.6395604395604396,-0.07142857142857144,0.5669642857142857,0.15768917911426772
0.4146341463414634,-0.15818815331010458,0.5,0.1875,0.6153846153846154,0.04895104895104895,-0.6705882352941177,0.3021978021978022,0.5669642857142857,0.15768917911426772
0.3333333333333333,-0.36159324437709583,0.3333333333333333,0.38461538461538464,0.25,-0.6166666666666666,-0.3131868131868132,0.09523809523809526,0.5669642857142857,0.15768917911426772
0.3695652173913043,-0.011348567600298442,0.5454545454545454,0.42857142857142855,0.23809523809523808,0.26363636363636367,0.054945054945054944,-0.21168831168831168,0.5669642857142857,0.15768917911426772
0.525,0.04587457202851486,0.4,0.5454545454545454,0.5789473684210527,-0.09090909090909088,0.23636363636363636,0.07810443928726764,0.5669642857142857,0.15768917911426772
0.525,0.09343777861022658,0.8,0.4666666666666667,0.4,0.6484848484848483,0.039285714285714285,-0.457142857142857,0.5669642857142857,0.15768917911426772
0.4375,0.01722873900293255,0.4444444444444444,0.375,0.5714285714285714,-0.19999999999999998,-0.10882352941176471,-0.03571428571428572,0.5669642857142857,0.15768917911426772
0.5,-0.06324786324786325,0.5555555555555556,0.3,0.7142857142857143,0.049999999999999996,-0.2121212121212121,-0.03571428571428572,0.5669642857142857,0.15768917911426772
0.34146341463414637,-0.26483143231426737,0.3333333333333333,0.3333333333333333,0.35714285714285715,0.1398601398601399,-0.15,-0.3274725274725274,0.5669642857142857,0.15768917911426772
0.39473684210526316,-0.08699934392211704,0.6923076923076923,0.15384615384615385,0.3333333333333333,0.46153846153846156,-0.5054945054945055,-0.1328671328671329,0.5669642857142857,0.15768917911426772
0.45161290322580644,-0.07693083282919944,0.5714285714285714,0.4666666666666667,0.3333333333333333,0.21428571428571433,-0.28928571428571426,0.09205101496312953,0.5669642857142857,0.15768917911426772
0.4473684210526316,-0.14213808950651058,0.4444444444444444,0.375,0.5384615384615384,0.16666666666666669,-0.3411764705882353,0.010989010989010988,0.5669642857142857,0.15768917911426772
0.4375,-0.07020438119486186,0.5384615384615384,0.18181818181818182,0.625,0.15384615384615383,-0.5,0.28571428571428575,0.5669642857142857,0.15768917911426772
0.4444444444444444,-0.0496080111755781,0.5333333333333333,0.4666666666666667,0.3333333333333333,0.028571428571428564,-0.09285714285714285,-0.13928571428571426,0.5669642857142857,0.15768917911426772
0.5277777777777778,-0.05353925353925355,0.5833333333333334,0.5333333333333333,0.4444444444444444,0.034965034965034975,-0.18214285714285713,-0.09999999999999999,0.5669642857142857,0.15768917911426772
0.4722222222222222,-0.03848381499699451,0.4444444444444444,0.3333333333333333,0.5333333333333333,0.09803921568627451,-0.5,0.0964285714285714,0.5669642857142857,0.15768917911426772
0.5428571428571428,-0.0944175968172373,0.6153846153846154,0.5,0.5,0.25274725274725274,-0.7142857142857144,-0.46373626373626364,0.5669642857142857,0.15768917911426772
0.5641025641025641,0.06752037261268262,0.8,0.5833333333333334,0.4117647058823529,0.5636363636363636,-0.09090909090909093,-0.17535257741027593,0.5669642857142857,0.15768917911426772
0.40540540540540543,-0.10337265147671268,0.5714285714285714,0.125,0.4,0.4021978021978022,-0.11904761904761905,-0.39642857142857135,0.5669642857142857,0.15768917911426772
0.4666666666666667,0.06295884315906564,0.625,0.5,0.3333333333333333,0.5476190476190477,0.4424242424242424,-0.15384615384615385,0.5669642857142857,0.15768917911426772
0.45,-0.26531569682386896,0.45454545454545453,0.375,0.5384615384615384,-0.26363636363636367,-0.37941176470588234,-0.010989010989010988,0.5669642857142857,0.15768917911426772
0.3333333333333333,-0.19670672494114014,0.35714285714285715,0.3,0.3333333333333333,-0.04615384615384615,-0.5636363636363636,0.14285714285714288,0.5669642857142857,0.15768917911426772
0.46153846153846156,-0.19149797570850202,0.6666666666666666,0.2,0.5833333333333334,0.0,-0.5035714285714286,-0.08391608391608392,0.5669642857142857,0.15768917911426772
0.4444444444444444,-0.024177344457926502,0.6666666666666666,0.3181818181818182,0.5,0.7,-0.531338226990401,0.2175824175824176,0.5669642857142857,0.15768917911426772
0.4186046511627907,-0.0699316555151533,0.5454545454545454,0.47058823529411764,0.26666666666666666,-0.24545454545454545,-0.1519607843137255,-0.035714285714285705,0.5669642857142857,0.15768917911426772
0.4864864864864865,-0.33183165615529653,0.5,0.5,0.46153846153846156,-0.22377622377622378,-0.6223776223776225,-0.3516483516483516,0.5669642857142857,0.15768917911426772
0.5306122448979592,-0.10530880893245387,0.4666666666666667,0.5909090909090909,0.5,-0.06428571428571428,-0.23433088650479958,-0.34965034965034975,0.5669642857142857,0.15768917911426772
0.3333333333333333,-0.2163996439697375,0.5555555555555556,0.2857142857142857,0.21428571428571427,0.19999999999999998,-0.30631873731649006,-0.21318681318681318,0.5669642857142857,0.15768917911426772
0.5151515151515151,-0.01838235294117647,0.6,0.5,0.4666666666666667,0.5151515151515151,0.09523809523809526,-0.35,0.5669642857142857,0.15768917911426772
0.4722222222222222,-0.10399639637983801,0.5,0.5384615384615384,0.4,0.07142857142857144,-0.049450549450549455,-0.10714285714285714,0.5669642857142857,0.15768917911426772
0.5227272727272727,-0.031856785602841074,0.6,0.5384615384615384,0.4375,0.37857142857142856,0.2912087912087912,-0.33529411764705885,0.5669642857142857,0.15768917911426772
0.39473684210526316,-0.15527712448694442,0.5454545454545454,0.3076923076923077,0.35714285714285715,0.08181818181818183,-0.5,0.006593406593406593,0.5669642857142857,0.15768917911426772
0.4117647058823529,-0.21038961038961038,0.46153846153846156,0.46153846153846156,0.25,-0.3681318681318681,-0.09890109890109891,0.2380952380952381,0.5669642857142857,0.15768917911426772
0.42857142857142855,0.02252836312097396,0.6923076923076923,0.23809523809523808,0.5,0.42857142857142855,-0.26883116883116887,-0.2142857142857143,0.5669642857142857,0.15768917911426772
0.4473684210526316,-0.30070580556034054,0.75,0.2857142857142857,0.4375,0.5714285714285715,-0.8373626373626375,-0.22352941176470587,0.5669642857142857,0.15768917911426772
0.5,0.05261228319383883,0.5454545454545454,0.7,0.2727272727272727,0.19090909090909092,0.09090909090909088,0.018181818181818184,0.5669642857142857,0.15768917911426772
0.43243243243243246,-0.01879186677082187,0.375,0.42857142857142855,0.4666666666666667,0.261904761904762,-0.0945054945054945,-0.2377123379950284,0.5669642857142857,0.15768917911426772
0.5227272727272727,0.03939671586357627,0.5,0.5,0.5555555555555556,-0.04895104895104895,-0.3098901098901099,0.24664602683178533,0.5669642857142857,0.15768917911426772
0.525,-0.22345215759849907,0.5555555555555556,0.625,0.4,-0.6333333333333333,-0.2441176470588235,-0.2964285714285714,0.5669642857142857,0.15768917911426772
0.37142857142857144,-0.2757896217982475,0.5,0.29411764705882354,0.375,-0.19999999999999998,-0.2720588235294118,-0.4285714285714286,0.5669642857142857,0.15768917911426772
0.4583333333333333,0.06285621243586369,0.4375,0.3684210526315789,0.6153846153846154,-0.07352941176470588,0.11403508771929824,-0.054945054945054944,0.5669642857142857,0.15768917911426772
0.3142857142857143,-0.31374746207621856,0.375,0.25,0.2857142857142857,0.0,-0.5734265734265735,0.0,0.5669642857142857,0.15768917911426772
0.3333333333333333,-0.2082825449140153,0.375,0.3333333333333333,0.3157894736842105,0.0,-0.4179566563467492,-0.07985959522630738,0.5669642857142857,0.15768917911426772
0.4,-0.4308445559108082,0.4444444444444444,0.5,0.2727272727272727,-0.2833333333333333,-0.406060606060606,-0.5968124823274489,0.5669642857142857,0.15768917911426772
0.5277777777777778,0.04736774359634444,0.6666666666666666,0.4,0.5,0.4125874125874127,-0.49090909090909085,0.32783298165701547,0.5669642857142857,0.15768917911426772
0.4074074074074074,-0.03174603174603174,0.2857142857142857,0.5,0.42857142857142855,-0.21428571428571433,0.4285714285714286,-0.07692307692307693,0.5669642857142857,0.15768917911426772
0.46153846153846156,-0.08209332928434052,0.3333333333333333,0.6153846153846154,0.42857142857142855,-0.16783216783216784,0.26373626373626374,-0.21122124992666771,0.5669642857142857,0.15768917911426772
0.5128205128205128,-0.05729324859801087,0.6666666666666666,0.5,0.4,0.0,0.09090909090909093,-0.33928571428571425,0.5669642857142857,0.15768917911426772
0.5454545454545454,0.1824866310160428,0.6666666666666666,0.25,0.6153846153846154,0.5804195804195805,-0.4285714285714286,0.03846153846153846,0.5669642857142857,0.15768917911426772
0.375,-0.16170951469190256,0.36363636363636365,0.35714285714285715,0.4,0.05454545454545456,-0.5824175824175825,-0.14477217577140825,0.5669642857142857,0.15768917911426772
0.375,-0.2909943714821764,0.3125,0.4117647058823529,0.42857142857142855,-0.31176470588235294,-0.16176470588235298,-0.07142857142857144,0.5669642857142857,0.15768917911426772
0.48148148148148145,-0.15905968739736032,0.6666666666666666,0.36363636363636365,0.42857142857142855,-0.15,-0.7454545454545456,0.1785714285714286,0.5669642857142857,0.15768917911426772
0.5121951219512195,-0.10410768046378215,0.5555555555555556,0.6153846153846154,0.42105263157894735,-0.38333333333333336,0.03846153846153846,-0.37894736842105264,0.5669642857142857,0.15768917911426772
0.6071428571428571,0.1258894362342638,0.7,0.5,0.6,0.43030303030303024,-0.5714285714285715,0.11515151515151514,0.5669642857142857,0.15768917911426772
0.4,-0.3016207695180174,0.5,0.35294117647058826,0.35714285714285715,-0.059340659340659345,-0.28186274509803927,-0.4813186813186813,0.5669642857142857,0.15768917911426772
0.5625,0.2652369179868541,0.7142857142857143,0.4444444444444444,0.4444444444444444,0.3230769230769231,0.03333333333333333,0.5666666666666667,0.5669642857142857,0.15768917911426772
0.4722222222222222,-0.2482785255157271,0.6,0.2,0.5454545454545454,-0.08214285714285713,-0.5878787878787878,0.018181818181818184,0.5669642857142857,0.15768917911426772
0.425,-0.11876729690817957,0.5,0.4117647058823529,0.3333333333333333,0.2043956043956044,-0.11764705882352941,-0.5499999999999999,0.5669642857142857,0.15768917911426772
0.42857142857142855,0.03977591036414566,0.5833333333333334,0.18181818181818182,0.5,0.5804195804195805,-0.16363636363636366,0.11188811188811189,0.5669642857142857,0.15768917911426772
0.43243243243243246,-0.18207150344313927,0.5,0.2857142857142857,0.5294117647058824,-0.08571428571428573,-0.5208791208791209,-0.07480074980438343,0.5669642857142857,0.15768917911426772
0.46153846153846156,-0.05547400985145365,0.5,0.5333333333333333,0.3333333333333333,-0.14685314685314685,-0.23928571428571427,0.1188811188811189,0.5669642857142857,0.15768917911426772
0.5675675675675675,0.1206733048838312,0.5,0.5714285714285714,0.6666666666666666,0.3098901098901099,-0.16043956043956045,-0.41666666666666663,0.5669642857142857,0.15768917911426772
0.3870967741935484,-0.05,0.3333333333333333,0.4444444444444444,0.4,0.20979020979020982,-0.3,0.2121212121212121,0.5669642857142857,0.15768917911426772
0.4444444444444444,-0.22203629810786457,0.4444444444444444,0.6428571428571429,0.23076923076923078,-0.15,-0.06160619789527809,-0.34615384615384615,0.5669642857142857,0.15768917911426772
0.6428571428571429,0.11713191023535852,0.8,0.6666666666666666,0.5,0.5515151515151515,0.14285714285714288,-0.34965034965034975,0.5669642857142857,0.15768917911426772
0.4,-0.15148245516105407,0.46153846153846156,0.4666666666666667,0.25,0.10989010989010989,-0.017857142857142853,-0.6479869832129704,0.5669642857142857,0.15768917911426772
0.4878048780487805,-0.10749597118084597,0.6,0.375,0.5333333333333333,-0.28484848484848485,-0.12058823529411765,0.13928571428571426,0.5669642857142857,0.15768917911426772
0.45454545454545453,-0.1557486631016043,0.5714285714285714,0.5384615384615384,0.3076923076923077,0.642857142857143,-0.30769230769230765,-0.4340659340659341,0.5669642857142857,0.15768917911426772
0.5526315789473685,0.17605864974286028,0.5555555555555556,0.5,0.5789473684210527,0.41666666666666663,0.04242424242424241,0.03684210526315789,0.5669642857142857,0.15768917911426772
0.35,-0.2609878514996489,0.5384615384615384,0.3333333333333333,0.2,-0.06593406593406594,-0.4685314685314686,-0.5785714285714285,0.5669642857142857,0.15768917911426772
0.46153846153846156,-0.04565701652603588,0.5,0.5,0.38461538461538464,0.14411764705882352,0.10303030303030303,-0.2692307692307692,0.5669642857142857,0.15768917911426772
0.3548387096774194,-0.06693548387096775,0.6,0.23076923076923078,0.25,0.22424242424242422,-0.3736263736263736,-0.14285714285714288,0.5669642857142857,0.15768917911426772
0.5,-0.11415220576335396,0.7272727272727273,0.4,0.3333333333333333,0.3181818181818182,-0.4545454545454545,-0.03333333333333333,0.5669642857142857,0.15768917911426772
0.6129032258064516,0.36008064516129035,0.6363636363636364,0.5833333333333334,0.625,0.23636363636363636,0.39860139860139865,0.6190476190476191,0.5669642857142857,0.15768917911426772
0.4,-0.20803204044626528,0.625,0.25,0.4,0.2142857142857143,-0.5664335664335665,0.11515151515151514,0.5669642857142857,0.15768917911426772
0.46511627906976744,-0.17533129472230763,0.3,0.625,0.4117647058823529,-0.13939393939393938,-0.25588235294117645,-0.21568627450980393,0.5669642857142857,0.15768917911426772
0.3888888888888889,-0.23992792063861043,0.5454545454545454,0.2727272727272727,0.35714285714285715,0.3727272727272728,-0.5454545454545455,-0.37142857142857144,0.5669642857142857,0.15768917911426772
0.4,-0.28181309103803565,0.5,0.3125,0.4117647058823529,0.2937062937062937,-0.45474625997731355,-0.22549019607843138,0.5669642857142857,0.15768917911426772
0.3333333333333333,-0.4621427442121549,0.3333333333333333,0.2222222222222222,0.3888888888888889,-0.2571428571428572,-0.6666666666666667,-0.42002063983488136,0.5669642857142857,0.15768917911426772
0.4473684210526316,-0.06576211839369735,0.5555555555555556,0.46153846153846156,0.375,0.45,-0.30769230769230765,-0.3735294117647059,0.5669642857142857,0.15768917911426772
0.358974358974359,-0.01690454499443263,0.4,0.2857142857142857,0.4,-0.09090909090909088,-0.16923076923076924,0.2913316623548092,0.5669642857142857,0.15768917911426772
0.4230769230769231,0.03693570451436388,0.5714285714285714,0.36363636363636365,0.375,0.42857142857142866,0.1272727272727273,0.11976262619132588,0.5669642857142857,0.15768917911426772
0.4864864864864865,0.12359950226234571,0.5,0.3888888888888889,0.6666666666666666,0.6606060606060605,-0.08879712076474068,0.43333333333333335,0.5669642857142857,0.15768917911426772
0.5116279069767442,0.06992373349241306,0.125,0.631578947368421,0.5625,-0.38095238095238104,0.12280701754385966,0.07941176470588236,0.5669642857142857,0.15768917911426772
0.4864864864864865,-0.11297492758865503,0.6,0.23076923076923078,0.6428571428571429,0.006060606060606061,-0.6758241758241759,0.18681318681318684,0.5669642857142857,0.15768917911426772
0.38235294117647056,-0.18380443086325438,0.4,0.3333333333333333,0.42857142857142855,-0.11071428571428568,-0.1328671328671329,-0.14285714285714288,0.5669642857142857,0.15768917911426772
0.4186046511627907,-0.11047762955525683,0.6153846153846154,0.3125,0.35714285714285715,0.23076923076923078,-0.25,-0.3450549450549451,0.5669642857142857,0.15768917911426772
0.4482758620689655,-0.1763546798029556,0.3333333333333333,0.5714285714285714,0.5,-0.3846153846153847,-0.21428571428571433,0.41818181818181815,0.5669642857142857,0.15768917911426772
0.37037037037037035,-0.20641222336284495,0.5,0.3076923076923077,0.4,-0.7999999999999999,-0.24175824175824176,-0.19999999999999998,0.5669642857142857,0.15768917911426772
0.38461538461538464,-0.08866396761133602,0.4,0.4,0.35714285714285715,-0.28484848484848485,-0.06428571428571428,0.1384615384615385,0.5669642857142857,0.15768917911426772
0.35294117647058826,-0.05515660809778457,0.4,0.25,0.5,-0.06666666666666665,-0.08823529411764705,-0.09523809523809526,0.5669642857142857,0.15768917911426772
0.45,-0.06923076923076925,0.25,0.5625,0.5,-0.2027972027972028,-0.12941176470588234,0.21678321678321683,0.5669642857142857,0.15768917911426772
0.4411764705882353,-0.02078239608801956,0.42857142857142855,0.2857142857142857,0.6153846153846154,0.03571428571428572,-0.3916394009056964,0.25274725274725274,0.5669642857142857,0.15768917911426772
0.32142857142857145,-0.3295470128028042,0.5,0.25,0.25,0.19047619047619052,-0.6666666666666669,-0.6223776223776225,0.5669642857142857,0.15768917911426772
0.3888888888888889,-0.18612434186879329,0.23076923076923078,0.45454545454545453,0.5,-0.6153846153846153,-0.009090909090909092,-0.013986013986013986,0.5669642857142857,0.15768917911426772
0.4230769230769231,-0.18500256164399742,0.2857142857142857,0.47058823529411764,0.5714285714285714,-0.6051948051948052,0.19374620441135382,0.2835164835164835,0.5669642857142857,0.15768917911426772
0.38461538461538464,-0.26551270507523417,0.35714285714285715,0.4,0.4,-0.3626373626373627,-0.532142857142857,0.2121212121212121,0.5669642857142857,0.15768917911426772
0.4,-0.06778711484593837,0.625,0.16666666666666666,0.23076923076923078,0.3941176470588235,-0.8857142857142858,-0.4230769230769231,0.5669642857142857,0.15768917911426772
0.4,-0.20948616600790515,0.4,0.1,0.55,-0.23571428571428568,-0.6121212121212121,0.10526315789473684,0.5669642857142857,0.15768917911426772
0.5454545454545454,0.05114918673105335,0.7777777777777778,0.46153846153846156,0.45454545454545453,0.2833333333333333,-0.2857142857142857,-0.15454545454545454,0.5669642857142857,0.15768917911426772
0.48484848484848486,-0.11531712248835381,0.375,0.4666666666666667,0.6,-0.4761904761904762,-0.4428571428571427,0.28484848484848485,0.5669642857142857,0.15768917911426772
0.4594594594594595,-0.2317586394919418,0.5,0.5294117647058824,0.25,-0.15384615384615385,-0.303921568627451,0.023809523809523815,0.5669642857142857,0.15768917911426772
0.425,-0.2881133327249298,0.36363636363636365,0.5714285714285714,0.3333333333333333,-0.20909090909090913,-0.3010989010989011,-0.11785714285714284,0.5669642857142857,0.15768917911426772
0.42105263157894735,-0.21350405030446584,0.4444444444444444,0.6363636363636364,0.2777777777777778,-0.08333333333333334,0.06363636363636364,-0.7378740970072238,0.5669642857142857,0.15768917911426772
0.46875,-0.14645770385037762,0.375,0.25,0.875,-0.2529411764705882,-0.8095238095238096,0.5952380952380953,0.5669642857142857,0.15768917911426772
0.6304347826086957,0.2399851985476154,0.6875,0.5625,0.6428571428571429,0.3941176470588235,0.25,0.1912087912087912,0.5669642857142857,0.15768917911426772
0.29545454545454547,-0.1920000029808458,0.47058823529411764,0.2,0.16666666666666666,0.2622549019607843,-0.457142857142857,-0.5524475524475525,0.5669642857142857,0.15768917911426772
0.5128205128205128,0.19062563662644247,0.6153846153846154,0.45454545454545453,0.4666666666666667,0.4010989010989011,-0.02727272727272728,0.19999999999999998,0.5669642857142857,0.15768917911426772
0.4722222222222222,-0.0895397506235497,0.5714285714285714,0.45454545454545453,0.36363636363636365,0.2879120879120879,-0.10000000000000002,-0.7608220194556027,0.5669642857142857,0.15768917911426772
0.5652173913043478,0.15553979470221588,0.5454545454545454,0.5882352941176471,0.5555555555555556,0.18181818181818182,-0.08578431372549021,0.2631578947368421,0.5669642857142857,0.15768917911426772
0.6071428571428571,-0.013683634373289545,0.75,0.4,0.7142857142857143,-1.0,-0.41818181818181815,0.015384615384615385,0.5669642857142857,0.15768917911426772
0.5428571428571428,0.10715036093228,0.7692307692307693,0.45454545454545453,0.36363636363636365,0.4175824175824176,0.7090909090909092,-0.43636363636363645,0.5669642857142857,0.15768917911426772
0.5294117647058824,0.229811292595217,0.9,0.5,0.3333333333333333,0.7212121212121211,0.2,-0.08978328173374613,0.5669642857142857,0.15768917911426772
0.65625,0.03244432237987089,0.625,0.5,0.9,0.30952380952380953,-0.5120879120879122,-0.01818181818181818,0.5669642857142857,0.15768917911426772
0.5609756097560976,0.1260562771574819,0.47368421052631576,0.75,0.5,0.16666666666666666,0.3216783216783217,-0.18787878787878787,0.5669642857142857,0.15768917911426772
0.4,-0.18096533628426412,0.47368421052631576,0.3333333333333333,0.3333333333333333,-0.08596491228070174,-0.0979020979020979,-0.2333333333333333,0.5669642857142857,0.15768917911426772
0.47619047619047616,0.1739799847463463,0.5384615384615384,0.4166666666666667,0.47058823529411764,0.4010989010989011,0.18181818181818185,0.022058823529411766,0.5669642857142857,0.15768917911426772
0.575,0.04456118959825063,0.6,0.6666666666666666,0.4666666666666667,0.33333333333333326,0.2607142857142857,-0.2285714285714285,0.5669642857142857,0.15768917911426772
0.4864864864864865,0.14652362067112026,0.6153846153846154,0.46153846153846156,0.36363636363636365,0.6098901098901099,-0.14285714285714285,-0.20000000000000004,0.5669642857142857,0.15768917911426772
0.5142857142857142,-0.1487603320379394,0.625,0.4,0.5833333333333334,-0.1666666666666667,-0.47142857142857136,0.4545454545454546,0.5669642857142857,0.15768917911426772
0.42857142857142855,-0.15521992120830616,0.5833333333333334,0.3333333333333333,0.4090909090909091,0.46153846153846156,-0.15357142857142855,-0.233201581027668,0.5669642857142857,0.15768917911426772
0.45714285714285713,-0.15714285714285714,0.5,0.5454545454545454,0.35714285714285715,0.01818181818181818,-0.07272727272727274,-0.16923076923076924,0.5669642857142857,0.15768917911426772
0.3170731707317073,-0.2141301515225228,0.36363636363636365,0.29411764705882354,0.3076923076923077,-0.3454545454545455,-0.21078431372549022,0.1868131868131868,0.5669642857142857,0.15768917911426772
0.46808510638297873,-0.024167437557816838,0.4117647058823529,0.35294117647058826,0.6923076923076923,-0.18382352941176472,-0.5416666666666667,0.8131868131868131,0.5669642857142857,0.15768917911426772
0.4864864864864865,-0.04528480833039478,0.45454545454545453,0.4375,0.6,0.23636363636363636,-0.3411764705882353,-0.28484848484848485,0.5669642857142857,0.15768917911426772
0.42424242424242425,-0.32720588235294124,0.6666666666666666,0.3333333333333333,0.2222222222222222,0.06293706293706294,-0.3706293706293707,-0.5166666666666667,0.5669642857142857,0.15768917911426772
0.42105263157894735,-0.1148985064913965,0.5,0.46153846153846156,0.2727272727272727,0.3054945054945055,-0.10989010989010989,-0.8090909090909091,0.5669642857142857,0.15768917911426772
0.4146341463414634,-0.029619304817492812,0.5,0.4,0.3333333333333333,-0.11208791208791209,-0.14298486495941554,0.006993006993006993,0.5669642857142857,0.15768917911426772
0.4166666666666667,-0.03354411486566562,0.5714285714285714,0.3888888888888889,0.3125,0.6527472527472528,-0.1475748194014448,-0.2411764705882353,0.5669642857142857,0.15768917911426772
0.34210526315789475,-0.36690923072919285,0.5833333333333334,0.25,0.21428571428571427,-0.04195804195804196,-0.6993006993006995,-0.43736263736263736,0.5669642857142857,0.15768917911426772
0.5526315789473685,0.08656161137408122,0.4666666666666667,0.5,0.6923076923076923,0.1357142857142857,-0.09090909090909088,-0.021978021978021976,0.5669642857142857,0.15768917911426772
