source_table	result_family	specifications	expected_direction_fraction	q_supported_fraction	median_estimate	minimum_estimate	maximum_estimate	robustness_label	specification_id	minimum_cells	minimum_guides	on_target_rule	transfer_definition	model_family	covariate_set	cross_validation_seed	module_resolution	reason	tail_cutoff
scalar_families	buffering	11520.0	0.8456597222222222	0.8334201388888889	-0.1674389803119856	-1.1346755624435412	0.1297345199663087	broad											
scalar_families	context_switching	2880.0	0.0	0.0	-0.6421185542804473	-0.8411344872488343	-0.3126207148046002	narrow											
scalar_families	transfer_gain	2880.0	0.6208333333333333	0.5277777777777778	0.0646886472691029	-0.2534243904276322	0.9496275851967024	mixed											
validation_families	cross_system_conservation	216.0	0.6666666666666666	0.6666666666666666	0.3646522869435843	0.3140530871534042	0.4185022820650988												
validation_families	disease_convergence	576.0	0.9027777777777778	0.4930555555555556	0.0421695861813914	-0.0092509500069708	0.0962091354440429												
validation_families	natural_genetic_concordance	216.0	0.5370370370370371	0.074074074074074	0.0589004393117993	-0.0576133515607199	0.2209249976793836												
scalar_unavailable									961	100.0	3.0	significant	distal_gene_count_residual	ridge	minimal	20260912.0		insufficient_rows_or_targets	
scalar_unavailable									965	100.0	3.0	significant	distal_gene_count_residual	ridge	minimal	20261119.0		insufficient_rows_or_targets	
scalar_unavailable									969	100.0	3.0	significant	distal_gene_count_residual	ridge	observability	20261031.0		insufficient_rows_or_targets	
scalar_unavailable									973	100.0	3.0	significant	distal_gene_count_residual	ridge	reproducibility	20261013.0		insufficient_rows_or_targets	
scalar_unavailable									977	100.0	3.0	significant	distal_gene_count_residual	ridge	no_state	20260929.0		insufficient_rows_or_targets	
scalar_unavailable									981	100.0	3.0	significant	distal_gene_count_residual	huber_regression	minimal	20260912.0		insufficient_rows_or_targets	
scalar_unavailable									985	100.0	3.0	significant	distal_gene_count_residual	huber_regression	minimal	20261119.0		insufficient_rows_or_targets	
scalar_unavailable									989	100.0	3.0	significant	distal_gene_count_residual	huber_regression	observability	20261031.0		insufficient_rows_or_targets	
scalar_unavailable									993	100.0	3.0	significant	distal_gene_count_residual	huber_regression	reproducibility	20261013.0		insufficient_rows_or_targets	
scalar_unavailable									997	100.0	3.0	significant	distal_gene_count_residual	huber_regression	no_state	20260929.0		insufficient_rows_or_targets	
scalar_unavailable									1001	100.0	3.0	significant	distal_gene_count_residual	sparse_nonlinear	minimal	20260912.0		insufficient_rows_or_targets	
scalar_unavailable									1005	100.0	3.0	significant	distal_gene_count_residual	sparse_nonlinear	minimal	20261119.0		insufficient_rows_or_targets	
scalar_unavailable									1009	100.0	3.0	significant	distal_gene_count_residual	sparse_nonlinear	observability	20261031.0		insufficient_rows_or_targets	
scalar_unavailable									1013	100.0	3.0	significant	distal_gene_count_residual	sparse_nonlinear	reproducibility	20261013.0		insufficient_rows_or_targets	
scalar_unavailable									1017	100.0	3.0	significant	distal_gene_count_residual	sparse_nonlinear	no_state	20260929.0		insufficient_rows_or_targets	
scalar_unavailable									1021	100.0	3.0	significant	distal_gene_count_residual	graph_readout	minimal	20260912.0		insufficient_rows_or_targets	
scalar_unavailable									1025	100.0	3.0	significant	distal_gene_count_residual	graph_readout	minimal	20261119.0		insufficient_rows_or_targets	
scalar_unavailable									1029	100.0	3.0	significant	distal_gene_count_residual	graph_readout	observability	20261031.0		insufficient_rows_or_targets	
scalar_unavailable									1033	100.0	3.0	significant	distal_gene_count_residual	graph_readout	reproducibility	20261013.0		insufficient_rows_or_targets	
scalar_unavailable									1037	100.0	3.0	significant	distal_gene_count_residual	graph_readout	no_state	20260929.0		insufficient_rows_or_targets	
scalar_unavailable									1041	100.0	3.0	significant	debiased_response_l2_gain	ridge	minimal	20260912.0		insufficient_rows_or_targets	
scalar_unavailable									1045	100.0	3.0	significant	debiased_response_l2_gain	ridge	minimal	20261119.0		insufficient_rows_or_targets	
scalar_unavailable									1049	100.0	3.0	significant	debiased_response_l2_gain	ridge	observability	20261031.0		insufficient_rows_or_targets	
scalar_unavailable									1053	100.0	3.0	significant	debiased_response_l2_gain	ridge	reproducibility	20261013.0		insufficient_rows_or_targets	
scalar_unavailable									1057	100.0	3.0	significant	debiased_response_l2_gain	ridge	no_state	20260929.0		insufficient_rows_or_targets	
scalar_unavailable									1061	100.0	3.0	significant	debiased_response_l2_gain	huber_regression	minimal	20260912.0		insufficient_rows_or_targets	
scalar_unavailable									1065	100.0	3.0	significant	debiased_response_l2_gain	huber_regression	minimal	20261119.0		insufficient_rows_or_targets	
scalar_unavailable									1069	100.0	3.0	significant	debiased_response_l2_gain	huber_regression	observability	20261031.0		insufficient_rows_or_targets	
scalar_unavailable									1073	100.0	3.0	significant	debiased_response_l2_gain	huber_regression	reproducibility	20261013.0		insufficient_rows_or_targets	
scalar_unavailable									1077	100.0	3.0	significant	debiased_response_l2_gain	huber_regression	no_state	20260929.0		insufficient_rows_or_targets	
scalar_unavailable									1081	100.0	3.0	significant	debiased_response_l2_gain	sparse_nonlinear	minimal	20260912.0		insufficient_rows_or_targets	
scalar_unavailable									1085	100.0	3.0	significant	debiased_response_l2_gain	sparse_nonlinear	minimal	20261119.0		insufficient_rows_or_targets	
scalar_unavailable									1089	100.0	3.0	significant	debiased_response_l2_gain	sparse_nonlinear	observability	20261031.0		insufficient_rows_or_targets	
scalar_unavailable									1093	100.0	3.0	significant	debiased_response_l2_gain	sparse_nonlinear	reproducibility	20261013.0		insufficient_rows_or_targets	
scalar_unavailable									1097	100.0	3.0	significant	debiased_response_l2_gain	sparse_nonlinear	no_state	20260929.0		insufficient_rows_or_targets	
scalar_unavailable									1101	100.0	3.0	significant	debiased_response_l2_gain	graph_readout	minimal	20260912.0		insufficient_rows_or_targets	
scalar_unavailable									1105	100.0	3.0	significant	debiased_response_l2_gain	graph_readout	minimal	20261119.0		insufficient_rows_or_targets	
scalar_unavailable									1109	100.0	3.0	significant	debiased_response_l2_gain	graph_readout	observability	20261031.0		insufficient_rows_or_targets	
scalar_unavailable									1113	100.0	3.0	significant	debiased_response_l2_gain	graph_readout	reproducibility	20261013.0		insufficient_rows_or_targets	
scalar_unavailable									1117	100.0	3.0	significant	debiased_response_l2_gain	graph_readout	no_state	20260929.0		insufficient_rows_or_targets	
scalar_unavailable									1121	100.0	3.0	significant	significant_response_l1_gain	ridge	minimal	20260912.0		insufficient_rows_or_targets	
scalar_unavailable									1125	100.0	3.0	significant	significant_response_l1_gain	ridge	minimal	20261119.0		insufficient_rows_or_targets	
scalar_unavailable									1129	100.0	3.0	significant	significant_response_l1_gain	ridge	observability	20261031.0		insufficient_rows_or_targets	
scalar_unavailable									1133	100.0	3.0	significant	significant_response_l1_gain	ridge	reproducibility	20261013.0		insufficient_rows_or_targets	
scalar_unavailable									1137	100.0	3.0	significant	significant_response_l1_gain	ridge	no_state	20260929.0		insufficient_rows_or_targets	
scalar_unavailable									1141	100.0	3.0	significant	significant_response_l1_gain	huber_regression	minimal	20260912.0		insufficient_rows_or_targets	
scalar_unavailable									1145	100.0	3.0	significant	significant_response_l1_gain	huber_regression	minimal	20261119.0		insufficient_rows_or_targets	
scalar_unavailable									1149	100.0	3.0	significant	significant_response_l1_gain	huber_regression	observability	20261031.0		insufficient_rows_or_targets	
scalar_unavailable									1153	100.0	3.0	significant	significant_response_l1_gain	huber_regression	reproducibility	20261013.0		insufficient_rows_or_targets	
scalar_unavailable									1157	100.0	3.0	significant	significant_response_l1_gain	huber_regression	no_state	20260929.0		insufficient_rows_or_targets	
scalar_unavailable									1161	100.0	3.0	significant	significant_response_l1_gain	sparse_nonlinear	minimal	20260912.0		insufficient_rows_or_targets	
scalar_unavailable									1165	100.0	3.0	significant	significant_response_l1_gain	sparse_nonlinear	minimal	20261119.0		insufficient_rows_or_targets	
scalar_unavailable									1169	100.0	3.0	significant	significant_response_l1_gain	sparse_nonlinear	observability	20261031.0		insufficient_rows_or_targets	
scalar_unavailable									1173	100.0	3.0	significant	significant_response_l1_gain	sparse_nonlinear	reproducibility	20261013.0		insufficient_rows_or_targets	
scalar_unavailable									1177	100.0	3.0	significant	significant_response_l1_gain	sparse_nonlinear	no_state	20260929.0		insufficient_rows_or_targets	
scalar_unavailable									1181	100.0	3.0	significant	significant_response_l1_gain	graph_readout	minimal	20260912.0		insufficient_rows_or_targets	
scalar_unavailable									1185	100.0	3.0	significant	significant_response_l1_gain	graph_readout	minimal	20261119.0		insufficient_rows_or_targets	
scalar_unavailable									1189	100.0	3.0	significant	significant_response_l1_gain	graph_readout	observability	20261031.0		insufficient_rows_or_targets	
scalar_unavailable									1193	100.0	3.0	significant	significant_response_l1_gain	graph_readout	reproducibility	20261013.0		insufficient_rows_or_targets	
scalar_unavailable									1197	100.0	3.0	significant	significant_response_l1_gain	graph_readout	no_state	20260929.0		insufficient_rows_or_targets	
scalar_unavailable									1201	100.0	3.0	significant_and_absolute_z_at_least_2	distal_gene_count_residual	ridge	minimal	20260912.0		insufficient_rows_or_targets	
scalar_unavailable									1205	100.0	3.0	significant_and_absolute_z_at_least_2	distal_gene_count_residual	ridge	minimal	20261119.0		insufficient_rows_or_targets	
scalar_unavailable									1209	100.0	3.0	significant_and_absolute_z_at_least_2	distal_gene_count_residual	ridge	observability	20261031.0		insufficient_rows_or_targets	
scalar_unavailable									1213	100.0	3.0	significant_and_absolute_z_at_least_2	distal_gene_count_residual	ridge	reproducibility	20261013.0		insufficient_rows_or_targets	
scalar_unavailable									1217	100.0	3.0	significant_and_absolute_z_at_least_2	distal_gene_count_residual	ridge	no_state	20260929.0		insufficient_rows_or_targets	
scalar_unavailable									1221	100.0	3.0	significant_and_absolute_z_at_least_2	distal_gene_count_residual	huber_regression	minimal	20260912.0		insufficient_rows_or_targets	
scalar_unavailable									1225	100.0	3.0	significant_and_absolute_z_at_least_2	distal_gene_count_residual	huber_regression	minimal	20261119.0		insufficient_rows_or_targets	
scalar_unavailable									1229	100.0	3.0	significant_and_absolute_z_at_least_2	distal_gene_count_residual	huber_regression	observability	20261031.0		insufficient_rows_or_targets	
scalar_unavailable									1233	100.0	3.0	significant_and_absolute_z_at_least_2	distal_gene_count_residual	huber_regression	reproducibility	20261013.0		insufficient_rows_or_targets	
scalar_unavailable									1237	100.0	3.0	significant_and_absolute_z_at_least_2	distal_gene_count_residual	huber_regression	no_state	20260929.0		insufficient_rows_or_targets	
scalar_unavailable									1241	100.0	3.0	significant_and_absolute_z_at_least_2	distal_gene_count_residual	sparse_nonlinear	minimal	20260912.0		insufficient_rows_or_targets	
scalar_unavailable									1245	100.0	3.0	significant_and_absolute_z_at_least_2	distal_gene_count_residual	sparse_nonlinear	minimal	20261119.0		insufficient_rows_or_targets	
scalar_unavailable									1249	100.0	3.0	significant_and_absolute_z_at_least_2	distal_gene_count_residual	sparse_nonlinear	observability	20261031.0		insufficient_rows_or_targets	
scalar_unavailable									1253	100.0	3.0	significant_and_absolute_z_at_least_2	distal_gene_count_residual	sparse_nonlinear	reproducibility	20261013.0		insufficient_rows_or_targets	
scalar_unavailable									1257	100.0	3.0	significant_and_absolute_z_at_least_2	distal_gene_count_residual	sparse_nonlinear	no_state	20260929.0		insufficient_rows_or_targets	
scalar_unavailable									1261	100.0	3.0	significant_and_absolute_z_at_least_2	distal_gene_count_residual	graph_readout	minimal	20260912.0		insufficient_rows_or_targets	
scalar_unavailable									1265	100.0	3.0	significant_and_absolute_z_at_least_2	distal_gene_count_residual	graph_readout	minimal	20261119.0		insufficient_rows_or_targets	
scalar_unavailable									1269	100.0	3.0	significant_and_absolute_z_at_least_2	distal_gene_count_residual	graph_readout	observability	20261031.0		insufficient_rows_or_targets	
scalar_unavailable									1273	100.0	3.0	significant_and_absolute_z_at_least_2	distal_gene_count_residual	graph_readout	reproducibility	20261013.0		insufficient_rows_or_targets	
scalar_unavailable									1277	100.0	3.0	significant_and_absolute_z_at_least_2	distal_gene_count_residual	graph_readout	no_state	20260929.0		insufficient_rows_or_targets	
scalar_unavailable									1281	100.0	3.0	significant_and_absolute_z_at_least_2	debiased_response_l2_gain	ridge	minimal	20260912.0		insufficient_rows_or_targets	
scalar_unavailable									1285	100.0	3.0	significant_and_absolute_z_at_least_2	debiased_response_l2_gain	ridge	minimal	20261119.0		insufficient_rows_or_targets	
scalar_unavailable									1289	100.0	3.0	significant_and_absolute_z_at_least_2	debiased_response_l2_gain	ridge	observability	20261031.0		insufficient_rows_or_targets	
scalar_unavailable									1293	100.0	3.0	significant_and_absolute_z_at_least_2	debiased_response_l2_gain	ridge	reproducibility	20261013.0		insufficient_rows_or_targets	
scalar_unavailable									1297	100.0	3.0	significant_and_absolute_z_at_least_2	debiased_response_l2_gain	ridge	no_state	20260929.0		insufficient_rows_or_targets	
scalar_unavailable									1301	100.0	3.0	significant_and_absolute_z_at_least_2	debiased_response_l2_gain	huber_regression	minimal	20260912.0		insufficient_rows_or_targets	
scalar_unavailable									1305	100.0	3.0	significant_and_absolute_z_at_least_2	debiased_response_l2_gain	huber_regression	minimal	20261119.0		insufficient_rows_or_targets	
scalar_unavailable									1309	100.0	3.0	significant_and_absolute_z_at_least_2	debiased_response_l2_gain	huber_regression	observability	20261031.0		insufficient_rows_or_targets	
scalar_unavailable									1313	100.0	3.0	significant_and_absolute_z_at_least_2	debiased_response_l2_gain	huber_regression	reproducibility	20261013.0		insufficient_rows_or_targets	
scalar_unavailable									1317	100.0	3.0	significant_and_absolute_z_at_least_2	debiased_response_l2_gain	huber_regression	no_state	20260929.0		insufficient_rows_or_targets	
scalar_unavailable									1321	100.0	3.0	significant_and_absolute_z_at_least_2	debiased_response_l2_gain	sparse_nonlinear	minimal	20260912.0		insufficient_rows_or_targets	
scalar_unavailable									1325	100.0	3.0	significant_and_absolute_z_at_least_2	debiased_response_l2_gain	sparse_nonlinear	minimal	20261119.0		insufficient_rows_or_targets	
scalar_unavailable									1329	100.0	3.0	significant_and_absolute_z_at_least_2	debiased_response_l2_gain	sparse_nonlinear	observability	20261031.0		insufficient_rows_or_targets	
scalar_unavailable									1333	100.0	3.0	significant_and_absolute_z_at_least_2	debiased_response_l2_gain	sparse_nonlinear	reproducibility	20261013.0		insufficient_rows_or_targets	
scalar_unavailable									1337	100.0	3.0	significant_and_absolute_z_at_least_2	debiased_response_l2_gain	sparse_nonlinear	no_state	20260929.0		insufficient_rows_or_targets	
scalar_unavailable									1341	100.0	3.0	significant_and_absolute_z_at_least_2	debiased_response_l2_gain	graph_readout	minimal	20260912.0		insufficient_rows_or_targets	
scalar_unavailable									1345	100.0	3.0	significant_and_absolute_z_at_least_2	debiased_response_l2_gain	graph_readout	minimal	20261119.0		insufficient_rows_or_targets	
scalar_unavailable									1349	100.0	3.0	significant_and_absolute_z_at_least_2	debiased_response_l2_gain	graph_readout	observability	20261031.0		insufficient_rows_or_targets	
scalar_unavailable									1353	100.0	3.0	significant_and_absolute_z_at_least_2	debiased_response_l2_gain	graph_readout	reproducibility	20261013.0		insufficient_rows_or_targets	
scalar_unavailable									1357	100.0	3.0	significant_and_absolute_z_at_least_2	debiased_response_l2_gain	graph_readout	no_state	20260929.0		insufficient_rows_or_targets	
scalar_unavailable									1361	100.0	3.0	significant_and_absolute_z_at_least_2	significant_response_l1_gain	ridge	minimal	20260912.0		insufficient_rows_or_targets	
scalar_unavailable									1365	100.0	3.0	significant_and_absolute_z_at_least_2	significant_response_l1_gain	ridge	minimal	20261119.0		insufficient_rows_or_targets	
scalar_unavailable									1369	100.0	3.0	significant_and_absolute_z_at_least_2	significant_response_l1_gain	ridge	observability	20261031.0		insufficient_rows_or_targets	
scalar_unavailable									1373	100.0	3.0	significant_and_absolute_z_at_least_2	significant_response_l1_gain	ridge	reproducibility	20261013.0		insufficient_rows_or_targets	
scalar_unavailable									1377	100.0	3.0	significant_and_absolute_z_at_least_2	significant_response_l1_gain	ridge	no_state	20260929.0		insufficient_rows_or_targets	
scalar_unavailable									1381	100.0	3.0	significant_and_absolute_z_at_least_2	significant_response_l1_gain	huber_regression	minimal	20260912.0		insufficient_rows_or_targets	
scalar_unavailable									1385	100.0	3.0	significant_and_absolute_z_at_least_2	significant_response_l1_gain	huber_regression	minimal	20261119.0		insufficient_rows_or_targets	
scalar_unavailable									1389	100.0	3.0	significant_and_absolute_z_at_least_2	significant_response_l1_gain	huber_regression	observability	20261031.0		insufficient_rows_or_targets	
scalar_unavailable									1393	100.0	3.0	significant_and_absolute_z_at_least_2	significant_response_l1_gain	huber_regression	reproducibility	20261013.0		insufficient_rows_or_targets	
scalar_unavailable									1397	100.0	3.0	significant_and_absolute_z_at_least_2	significant_response_l1_gain	huber_regression	no_state	20260929.0		insufficient_rows_or_targets	
scalar_unavailable									1401	100.0	3.0	significant_and_absolute_z_at_least_2	significant_response_l1_gain	sparse_nonlinear	minimal	20260912.0		insufficient_rows_or_targets	
scalar_unavailable									1405	100.0	3.0	significant_and_absolute_z_at_least_2	significant_response_l1_gain	sparse_nonlinear	minimal	20261119.0		insufficient_rows_or_targets	
scalar_unavailable									1409	100.0	3.0	significant_and_absolute_z_at_least_2	significant_response_l1_gain	sparse_nonlinear	observability	20261031.0		insufficient_rows_or_targets	
scalar_unavailable									1413	100.0	3.0	significant_and_absolute_z_at_least_2	significant_response_l1_gain	sparse_nonlinear	reproducibility	20261013.0		insufficient_rows_or_targets	
scalar_unavailable									1417	100.0	3.0	significant_and_absolute_z_at_least_2	significant_response_l1_gain	sparse_nonlinear	no_state	20260929.0		insufficient_rows_or_targets	
scalar_unavailable									1421	100.0	3.0	significant_and_absolute_z_at_least_2	significant_response_l1_gain	graph_readout	minimal	20260912.0		insufficient_rows_or_targets	
scalar_unavailable									1425	100.0	3.0	significant_and_absolute_z_at_least_2	significant_response_l1_gain	graph_readout	minimal	20261119.0		insufficient_rows_or_targets	
scalar_unavailable									1429	100.0	3.0	significant_and_absolute_z_at_least_2	significant_response_l1_gain	graph_readout	observability	20261031.0		insufficient_rows_or_targets	
scalar_unavailable									1433	100.0	3.0	significant_and_absolute_z_at_least_2	significant_response_l1_gain	graph_readout	reproducibility	20261013.0		insufficient_rows_or_targets	
scalar_unavailable									1437	100.0	3.0	significant_and_absolute_z_at_least_2	significant_response_l1_gain	graph_readout	no_state	20260929.0		insufficient_rows_or_targets	
scalar_unavailable									2401	200.0	3.0	significant	distal_gene_count_residual	ridge	minimal	20260912.0		insufficient_rows_or_targets	
scalar_unavailable									2405	200.0	3.0	significant	distal_gene_count_residual	ridge	minimal	20261119.0		insufficient_rows_or_targets	
scalar_unavailable									2409	200.0	3.0	significant	distal_gene_count_residual	ridge	observability	20261031.0		insufficient_rows_or_targets	
scalar_unavailable									2413	200.0	3.0	significant	distal_gene_count_residual	ridge	reproducibility	20261013.0		insufficient_rows_or_targets	
scalar_unavailable									2417	200.0	3.0	significant	distal_gene_count_residual	ridge	no_state	20260929.0		insufficient_rows_or_targets	
scalar_unavailable									2421	200.0	3.0	significant	distal_gene_count_residual	huber_regression	minimal	20260912.0		insufficient_rows_or_targets	
scalar_unavailable									2425	200.0	3.0	significant	distal_gene_count_residual	huber_regression	minimal	20261119.0		insufficient_rows_or_targets	
scalar_unavailable									2429	200.0	3.0	significant	distal_gene_count_residual	huber_regression	observability	20261031.0		insufficient_rows_or_targets	
scalar_unavailable									2433	200.0	3.0	significant	distal_gene_count_residual	huber_regression	reproducibility	20261013.0		insufficient_rows_or_targets	
scalar_unavailable									2437	200.0	3.0	significant	distal_gene_count_residual	huber_regression	no_state	20260929.0		insufficient_rows_or_targets	
scalar_unavailable									2441	200.0	3.0	significant	distal_gene_count_residual	sparse_nonlinear	minimal	20260912.0		insufficient_rows_or_targets	
scalar_unavailable									2445	200.0	3.0	significant	distal_gene_count_residual	sparse_nonlinear	minimal	20261119.0		insufficient_rows_or_targets	
scalar_unavailable									2449	200.0	3.0	significant	distal_gene_count_residual	sparse_nonlinear	observability	20261031.0		insufficient_rows_or_targets	
scalar_unavailable									2453	200.0	3.0	significant	distal_gene_count_residual	sparse_nonlinear	reproducibility	20261013.0		insufficient_rows_or_targets	
scalar_unavailable									2457	200.0	3.0	significant	distal_gene_count_residual	sparse_nonlinear	no_state	20260929.0		insufficient_rows_or_targets	
scalar_unavailable									2461	200.0	3.0	significant	distal_gene_count_residual	graph_readout	minimal	20260912.0		insufficient_rows_or_targets	
scalar_unavailable									2465	200.0	3.0	significant	distal_gene_count_residual	graph_readout	minimal	20261119.0		insufficient_rows_or_targets	
scalar_unavailable									2469	200.0	3.0	significant	distal_gene_count_residual	graph_readout	observability	20261031.0		insufficient_rows_or_targets	
scalar_unavailable									2473	200.0	3.0	significant	distal_gene_count_residual	graph_readout	reproducibility	20261013.0		insufficient_rows_or_targets	
scalar_unavailable									2477	200.0	3.0	significant	distal_gene_count_residual	graph_readout	no_state	20260929.0		insufficient_rows_or_targets	
scalar_unavailable									2481	200.0	3.0	significant	debiased_response_l2_gain	ridge	minimal	20260912.0		insufficient_rows_or_targets	
scalar_unavailable									2485	200.0	3.0	significant	debiased_response_l2_gain	ridge	minimal	20261119.0		insufficient_rows_or_targets	
scalar_unavailable									2489	200.0	3.0	significant	debiased_response_l2_gain	ridge	observability	20261031.0		insufficient_rows_or_targets	
scalar_unavailable									2493	200.0	3.0	significant	debiased_response_l2_gain	ridge	reproducibility	20261013.0		insufficient_rows_or_targets	
scalar_unavailable									2497	200.0	3.0	significant	debiased_response_l2_gain	ridge	no_state	20260929.0		insufficient_rows_or_targets	
scalar_unavailable									2501	200.0	3.0	significant	debiased_response_l2_gain	huber_regression	minimal	20260912.0		insufficient_rows_or_targets	
scalar_unavailable									2505	200.0	3.0	significant	debiased_response_l2_gain	huber_regression	minimal	20261119.0		insufficient_rows_or_targets	
scalar_unavailable									2509	200.0	3.0	significant	debiased_response_l2_gain	huber_regression	observability	20261031.0		insufficient_rows_or_targets	
scalar_unavailable									2513	200.0	3.0	significant	debiased_response_l2_gain	huber_regression	reproducibility	20261013.0		insufficient_rows_or_targets	
scalar_unavailable									2517	200.0	3.0	significant	debiased_response_l2_gain	huber_regression	no_state	20260929.0		insufficient_rows_or_targets	
scalar_unavailable									2521	200.0	3.0	significant	debiased_response_l2_gain	sparse_nonlinear	minimal	20260912.0		insufficient_rows_or_targets	
scalar_unavailable									2525	200.0	3.0	significant	debiased_response_l2_gain	sparse_nonlinear	minimal	20261119.0		insufficient_rows_or_targets	
scalar_unavailable									2529	200.0	3.0	significant	debiased_response_l2_gain	sparse_nonlinear	observability	20261031.0		insufficient_rows_or_targets	
scalar_unavailable									2533	200.0	3.0	significant	debiased_response_l2_gain	sparse_nonlinear	reproducibility	20261013.0		insufficient_rows_or_targets	
scalar_unavailable									2537	200.0	3.0	significant	debiased_response_l2_gain	sparse_nonlinear	no_state	20260929.0		insufficient_rows_or_targets	
scalar_unavailable									2541	200.0	3.0	significant	debiased_response_l2_gain	graph_readout	minimal	20260912.0		insufficient_rows_or_targets	
scalar_unavailable									2545	200.0	3.0	significant	debiased_response_l2_gain	graph_readout	minimal	20261119.0		insufficient_rows_or_targets	
scalar_unavailable									2549	200.0	3.0	significant	debiased_response_l2_gain	graph_readout	observability	20261031.0		insufficient_rows_or_targets	
scalar_unavailable									2553	200.0	3.0	significant	debiased_response_l2_gain	graph_readout	reproducibility	20261013.0		insufficient_rows_or_targets	
scalar_unavailable									2557	200.0	3.0	significant	debiased_response_l2_gain	graph_readout	no_state	20260929.0		insufficient_rows_or_targets	
scalar_unavailable									2561	200.0	3.0	significant	significant_response_l1_gain	ridge	minimal	20260912.0		insufficient_rows_or_targets	
scalar_unavailable									2565	200.0	3.0	significant	significant_response_l1_gain	ridge	minimal	20261119.0		insufficient_rows_or_targets	
scalar_unavailable									2569	200.0	3.0	significant	significant_response_l1_gain	ridge	observability	20261031.0		insufficient_rows_or_targets	
scalar_unavailable									2573	200.0	3.0	significant	significant_response_l1_gain	ridge	reproducibility	20261013.0		insufficient_rows_or_targets	
scalar_unavailable									2577	200.0	3.0	significant	significant_response_l1_gain	ridge	no_state	20260929.0		insufficient_rows_or_targets	
scalar_unavailable									2581	200.0	3.0	significant	significant_response_l1_gain	huber_regression	minimal	20260912.0		insufficient_rows_or_targets	
scalar_unavailable									2585	200.0	3.0	significant	significant_response_l1_gain	huber_regression	minimal	20261119.0		insufficient_rows_or_targets	
scalar_unavailable									2589	200.0	3.0	significant	significant_response_l1_gain	huber_regression	observability	20261031.0		insufficient_rows_or_targets	
scalar_unavailable									2593	200.0	3.0	significant	significant_response_l1_gain	huber_regression	reproducibility	20261013.0		insufficient_rows_or_targets	
scalar_unavailable									2597	200.0	3.0	significant	significant_response_l1_gain	huber_regression	no_state	20260929.0		insufficient_rows_or_targets	
scalar_unavailable									2601	200.0	3.0	significant	significant_response_l1_gain	sparse_nonlinear	minimal	20260912.0		insufficient_rows_or_targets	
scalar_unavailable									2605	200.0	3.0	significant	significant_response_l1_gain	sparse_nonlinear	minimal	20261119.0		insufficient_rows_or_targets	
scalar_unavailable									2609	200.0	3.0	significant	significant_response_l1_gain	sparse_nonlinear	observability	20261031.0		insufficient_rows_or_targets	
scalar_unavailable									2613	200.0	3.0	significant	significant_response_l1_gain	sparse_nonlinear	reproducibility	20261013.0		insufficient_rows_or_targets	
scalar_unavailable									2617	200.0	3.0	significant	significant_response_l1_gain	sparse_nonlinear	no_state	20260929.0		insufficient_rows_or_targets	
scalar_unavailable									2621	200.0	3.0	significant	significant_response_l1_gain	graph_readout	minimal	20260912.0		insufficient_rows_or_targets	
scalar_unavailable									2625	200.0	3.0	significant	significant_response_l1_gain	graph_readout	minimal	20261119.0		insufficient_rows_or_targets	
scalar_unavailable									2629	200.0	3.0	significant	significant_response_l1_gain	graph_readout	observability	20261031.0		insufficient_rows_or_targets	
scalar_unavailable									2633	200.0	3.0	significant	significant_response_l1_gain	graph_readout	reproducibility	20261013.0		insufficient_rows_or_targets	
scalar_unavailable									2637	200.0	3.0	significant	significant_response_l1_gain	graph_readout	no_state	20260929.0		insufficient_rows_or_targets	
scalar_unavailable									2641	200.0	3.0	significant_and_absolute_z_at_least_2	distal_gene_count_residual	ridge	minimal	20260912.0		insufficient_rows_or_targets	
scalar_unavailable									2645	200.0	3.0	significant_and_absolute_z_at_least_2	distal_gene_count_residual	ridge	minimal	20261119.0		insufficient_rows_or_targets	
scalar_unavailable									2649	200.0	3.0	significant_and_absolute_z_at_least_2	distal_gene_count_residual	ridge	observability	20261031.0		insufficient_rows_or_targets	
scalar_unavailable									2653	200.0	3.0	significant_and_absolute_z_at_least_2	distal_gene_count_residual	ridge	reproducibility	20261013.0		insufficient_rows_or_targets	
scalar_unavailable									2657	200.0	3.0	significant_and_absolute_z_at_least_2	distal_gene_count_residual	ridge	no_state	20260929.0		insufficient_rows_or_targets	
scalar_unavailable									2661	200.0	3.0	significant_and_absolute_z_at_least_2	distal_gene_count_residual	huber_regression	minimal	20260912.0		insufficient_rows_or_targets	
scalar_unavailable									2665	200.0	3.0	significant_and_absolute_z_at_least_2	distal_gene_count_residual	huber_regression	minimal	20261119.0		insufficient_rows_or_targets	
scalar_unavailable									2669	200.0	3.0	significant_and_absolute_z_at_least_2	distal_gene_count_residual	huber_regression	observability	20261031.0		insufficient_rows_or_targets	
scalar_unavailable									2673	200.0	3.0	significant_and_absolute_z_at_least_2	distal_gene_count_residual	huber_regression	reproducibility	20261013.0		insufficient_rows_or_targets	
scalar_unavailable									2677	200.0	3.0	significant_and_absolute_z_at_least_2	distal_gene_count_residual	huber_regression	no_state	20260929.0		insufficient_rows_or_targets	
scalar_unavailable									2681	200.0	3.0	significant_and_absolute_z_at_least_2	distal_gene_count_residual	sparse_nonlinear	minimal	20260912.0		insufficient_rows_or_targets	
scalar_unavailable									2685	200.0	3.0	significant_and_absolute_z_at_least_2	distal_gene_count_residual	sparse_nonlinear	minimal	20261119.0		insufficient_rows_or_targets	
scalar_unavailable									2689	200.0	3.0	significant_and_absolute_z_at_least_2	distal_gene_count_residual	sparse_nonlinear	observability	20261031.0		insufficient_rows_or_targets	
scalar_unavailable									2693	200.0	3.0	significant_and_absolute_z_at_least_2	distal_gene_count_residual	sparse_nonlinear	reproducibility	20261013.0		insufficient_rows_or_targets	
scalar_unavailable									2697	200.0	3.0	significant_and_absolute_z_at_least_2	distal_gene_count_residual	sparse_nonlinear	no_state	20260929.0		insufficient_rows_or_targets	
scalar_unavailable									2701	200.0	3.0	significant_and_absolute_z_at_least_2	distal_gene_count_residual	graph_readout	minimal	20260912.0		insufficient_rows_or_targets	
scalar_unavailable									2705	200.0	3.0	significant_and_absolute_z_at_least_2	distal_gene_count_residual	graph_readout	minimal	20261119.0		insufficient_rows_or_targets	
scalar_unavailable									2709	200.0	3.0	significant_and_absolute_z_at_least_2	distal_gene_count_residual	graph_readout	observability	20261031.0		insufficient_rows_or_targets	
scalar_unavailable									2713	200.0	3.0	significant_and_absolute_z_at_least_2	distal_gene_count_residual	graph_readout	reproducibility	20261013.0		insufficient_rows_or_targets	
scalar_unavailable									2717	200.0	3.0	significant_and_absolute_z_at_least_2	distal_gene_count_residual	graph_readout	no_state	20260929.0		insufficient_rows_or_targets	
scalar_unavailable									2721	200.0	3.0	significant_and_absolute_z_at_least_2	debiased_response_l2_gain	ridge	minimal	20260912.0		insufficient_rows_or_targets	
scalar_unavailable									2725	200.0	3.0	significant_and_absolute_z_at_least_2	debiased_response_l2_gain	ridge	minimal	20261119.0		insufficient_rows_or_targets	
scalar_unavailable									2729	200.0	3.0	significant_and_absolute_z_at_least_2	debiased_response_l2_gain	ridge	observability	20261031.0		insufficient_rows_or_targets	
scalar_unavailable									2733	200.0	3.0	significant_and_absolute_z_at_least_2	debiased_response_l2_gain	ridge	reproducibility	20261013.0		insufficient_rows_or_targets	
scalar_unavailable									2737	200.0	3.0	significant_and_absolute_z_at_least_2	debiased_response_l2_gain	ridge	no_state	20260929.0		insufficient_rows_or_targets	
scalar_unavailable									2741	200.0	3.0	significant_and_absolute_z_at_least_2	debiased_response_l2_gain	huber_regression	minimal	20260912.0		insufficient_rows_or_targets	
scalar_unavailable									2745	200.0	3.0	significant_and_absolute_z_at_least_2	debiased_response_l2_gain	huber_regression	minimal	20261119.0		insufficient_rows_or_targets	
scalar_unavailable									2749	200.0	3.0	significant_and_absolute_z_at_least_2	debiased_response_l2_gain	huber_regression	observability	20261031.0		insufficient_rows_or_targets	
scalar_unavailable									2753	200.0	3.0	significant_and_absolute_z_at_least_2	debiased_response_l2_gain	huber_regression	reproducibility	20261013.0		insufficient_rows_or_targets	
scalar_unavailable									2757	200.0	3.0	significant_and_absolute_z_at_least_2	debiased_response_l2_gain	huber_regression	no_state	20260929.0		insufficient_rows_or_targets	
scalar_unavailable									2761	200.0	3.0	significant_and_absolute_z_at_least_2	debiased_response_l2_gain	sparse_nonlinear	minimal	20260912.0		insufficient_rows_or_targets	
scalar_unavailable									2765	200.0	3.0	significant_and_absolute_z_at_least_2	debiased_response_l2_gain	sparse_nonlinear	minimal	20261119.0		insufficient_rows_or_targets	
scalar_unavailable									2769	200.0	3.0	significant_and_absolute_z_at_least_2	debiased_response_l2_gain	sparse_nonlinear	observability	20261031.0		insufficient_rows_or_targets	
scalar_unavailable									2773	200.0	3.0	significant_and_absolute_z_at_least_2	debiased_response_l2_gain	sparse_nonlinear	reproducibility	20261013.0		insufficient_rows_or_targets	
scalar_unavailable									2777	200.0	3.0	significant_and_absolute_z_at_least_2	debiased_response_l2_gain	sparse_nonlinear	no_state	20260929.0		insufficient_rows_or_targets	
scalar_unavailable									2781	200.0	3.0	significant_and_absolute_z_at_least_2	debiased_response_l2_gain	graph_readout	minimal	20260912.0		insufficient_rows_or_targets	
scalar_unavailable									2785	200.0	3.0	significant_and_absolute_z_at_least_2	debiased_response_l2_gain	graph_readout	minimal	20261119.0		insufficient_rows_or_targets	
scalar_unavailable									2789	200.0	3.0	significant_and_absolute_z_at_least_2	debiased_response_l2_gain	graph_readout	observability	20261031.0		insufficient_rows_or_targets	
scalar_unavailable									2793	200.0	3.0	significant_and_absolute_z_at_least_2	debiased_response_l2_gain	graph_readout	reproducibility	20261013.0		insufficient_rows_or_targets	
scalar_unavailable									2797	200.0	3.0	significant_and_absolute_z_at_least_2	debiased_response_l2_gain	graph_readout	no_state	20260929.0		insufficient_rows_or_targets	
scalar_unavailable									2801	200.0	3.0	significant_and_absolute_z_at_least_2	significant_response_l1_gain	ridge	minimal	20260912.0		insufficient_rows_or_targets	
scalar_unavailable									2805	200.0	3.0	significant_and_absolute_z_at_least_2	significant_response_l1_gain	ridge	minimal	20261119.0		insufficient_rows_or_targets	
scalar_unavailable									2809	200.0	3.0	significant_and_absolute_z_at_least_2	significant_response_l1_gain	ridge	observability	20261031.0		insufficient_rows_or_targets	
scalar_unavailable									2813	200.0	3.0	significant_and_absolute_z_at_least_2	significant_response_l1_gain	ridge	reproducibility	20261013.0		insufficient_rows_or_targets	
scalar_unavailable									2817	200.0	3.0	significant_and_absolute_z_at_least_2	significant_response_l1_gain	ridge	no_state	20260929.0		insufficient_rows_or_targets	
scalar_unavailable									2821	200.0	3.0	significant_and_absolute_z_at_least_2	significant_response_l1_gain	huber_regression	minimal	20260912.0		insufficient_rows_or_targets	
scalar_unavailable									2825	200.0	3.0	significant_and_absolute_z_at_least_2	significant_response_l1_gain	huber_regression	minimal	20261119.0		insufficient_rows_or_targets	
scalar_unavailable									2829	200.0	3.0	significant_and_absolute_z_at_least_2	significant_response_l1_gain	huber_regression	observability	20261031.0		insufficient_rows_or_targets	
scalar_unavailable									2833	200.0	3.0	significant_and_absolute_z_at_least_2	significant_response_l1_gain	huber_regression	reproducibility	20261013.0		insufficient_rows_or_targets	
scalar_unavailable									2837	200.0	3.0	significant_and_absolute_z_at_least_2	significant_response_l1_gain	huber_regression	no_state	20260929.0		insufficient_rows_or_targets	
scalar_unavailable									2841	200.0	3.0	significant_and_absolute_z_at_least_2	significant_response_l1_gain	sparse_nonlinear	minimal	20260912.0		insufficient_rows_or_targets	
scalar_unavailable									2845	200.0	3.0	significant_and_absolute_z_at_least_2	significant_response_l1_gain	sparse_nonlinear	minimal	20261119.0		insufficient_rows_or_targets	
scalar_unavailable									2849	200.0	3.0	significant_and_absolute_z_at_least_2	significant_response_l1_gain	sparse_nonlinear	observability	20261031.0		insufficient_rows_or_targets	
scalar_unavailable									2853	200.0	3.0	significant_and_absolute_z_at_least_2	significant_response_l1_gain	sparse_nonlinear	reproducibility	20261013.0		insufficient_rows_or_targets	
scalar_unavailable									2857	200.0	3.0	significant_and_absolute_z_at_least_2	significant_response_l1_gain	sparse_nonlinear	no_state	20260929.0		insufficient_rows_or_targets	
scalar_unavailable									2861	200.0	3.0	significant_and_absolute_z_at_least_2	significant_response_l1_gain	graph_readout	minimal	20260912.0		insufficient_rows_or_targets	
scalar_unavailable									2865	200.0	3.0	significant_and_absolute_z_at_least_2	significant_response_l1_gain	graph_readout	minimal	20261119.0		insufficient_rows_or_targets	
scalar_unavailable									2869	200.0	3.0	significant_and_absolute_z_at_least_2	significant_response_l1_gain	graph_readout	observability	20261031.0		insufficient_rows_or_targets	
scalar_unavailable									2873	200.0	3.0	significant_and_absolute_z_at_least_2	significant_response_l1_gain	graph_readout	reproducibility	20261013.0		insufficient_rows_or_targets	
scalar_unavailable									2877	200.0	3.0	significant_and_absolute_z_at_least_2	significant_response_l1_gain	graph_readout	no_state	20260929.0		insufficient_rows_or_targets	
scalar_unavailable									3841	300.0	3.0	significant	distal_gene_count_residual	ridge	minimal	20260912.0		insufficient_rows_or_targets	
scalar_unavailable									3845	300.0	3.0	significant	distal_gene_count_residual	ridge	minimal	20261119.0		insufficient_rows_or_targets	
scalar_unavailable									3849	300.0	3.0	significant	distal_gene_count_residual	ridge	observability	20261031.0		insufficient_rows_or_targets	
scalar_unavailable									3853	300.0	3.0	significant	distal_gene_count_residual	ridge	reproducibility	20261013.0		insufficient_rows_or_targets	
scalar_unavailable									3857	300.0	3.0	significant	distal_gene_count_residual	ridge	no_state	20260929.0		insufficient_rows_or_targets	
scalar_unavailable									3861	300.0	3.0	significant	distal_gene_count_residual	huber_regression	minimal	20260912.0		insufficient_rows_or_targets	
scalar_unavailable									3865	300.0	3.0	significant	distal_gene_count_residual	huber_regression	minimal	20261119.0		insufficient_rows_or_targets	
scalar_unavailable									3869	300.0	3.0	significant	distal_gene_count_residual	huber_regression	observability	20261031.0		insufficient_rows_or_targets	
scalar_unavailable									3873	300.0	3.0	significant	distal_gene_count_residual	huber_regression	reproducibility	20261013.0		insufficient_rows_or_targets	
scalar_unavailable									3877	300.0	3.0	significant	distal_gene_count_residual	huber_regression	no_state	20260929.0		insufficient_rows_or_targets	
scalar_unavailable									3881	300.0	3.0	significant	distal_gene_count_residual	sparse_nonlinear	minimal	20260912.0		insufficient_rows_or_targets	
scalar_unavailable									3885	300.0	3.0	significant	distal_gene_count_residual	sparse_nonlinear	minimal	20261119.0		insufficient_rows_or_targets	
scalar_unavailable									3889	300.0	3.0	significant	distal_gene_count_residual	sparse_nonlinear	observability	20261031.0		insufficient_rows_or_targets	
scalar_unavailable									3893	300.0	3.0	significant	distal_gene_count_residual	sparse_nonlinear	reproducibility	20261013.0		insufficient_rows_or_targets	
scalar_unavailable									3897	300.0	3.0	significant	distal_gene_count_residual	sparse_nonlinear	no_state	20260929.0		insufficient_rows_or_targets	
scalar_unavailable									3901	300.0	3.0	significant	distal_gene_count_residual	graph_readout	minimal	20260912.0		insufficient_rows_or_targets	
scalar_unavailable									3905	300.0	3.0	significant	distal_gene_count_residual	graph_readout	minimal	20261119.0		insufficient_rows_or_targets	
scalar_unavailable									3909	300.0	3.0	significant	distal_gene_count_residual	graph_readout	observability	20261031.0		insufficient_rows_or_targets	
scalar_unavailable									3913	300.0	3.0	significant	distal_gene_count_residual	graph_readout	reproducibility	20261013.0		insufficient_rows_or_targets	
scalar_unavailable									3917	300.0	3.0	significant	distal_gene_count_residual	graph_readout	no_state	20260929.0		insufficient_rows_or_targets	
scalar_unavailable									3921	300.0	3.0	significant	debiased_response_l2_gain	ridge	minimal	20260912.0		insufficient_rows_or_targets	
scalar_unavailable									3925	300.0	3.0	significant	debiased_response_l2_gain	ridge	minimal	20261119.0		insufficient_rows_or_targets	
scalar_unavailable									3929	300.0	3.0	significant	debiased_response_l2_gain	ridge	observability	20261031.0		insufficient_rows_or_targets	
scalar_unavailable									3933	300.0	3.0	significant	debiased_response_l2_gain	ridge	reproducibility	20261013.0		insufficient_rows_or_targets	
scalar_unavailable									3937	300.0	3.0	significant	debiased_response_l2_gain	ridge	no_state	20260929.0		insufficient_rows_or_targets	
scalar_unavailable									3941	300.0	3.0	significant	debiased_response_l2_gain	huber_regression	minimal	20260912.0		insufficient_rows_or_targets	
scalar_unavailable									3945	300.0	3.0	significant	debiased_response_l2_gain	huber_regression	minimal	20261119.0		insufficient_rows_or_targets	
scalar_unavailable									3949	300.0	3.0	significant	debiased_response_l2_gain	huber_regression	observability	20261031.0		insufficient_rows_or_targets	
scalar_unavailable									3953	300.0	3.0	significant	debiased_response_l2_gain	huber_regression	reproducibility	20261013.0		insufficient_rows_or_targets	
scalar_unavailable									3957	300.0	3.0	significant	debiased_response_l2_gain	huber_regression	no_state	20260929.0		insufficient_rows_or_targets	
scalar_unavailable									3961	300.0	3.0	significant	debiased_response_l2_gain	sparse_nonlinear	minimal	20260912.0		insufficient_rows_or_targets	
scalar_unavailable									3965	300.0	3.0	significant	debiased_response_l2_gain	sparse_nonlinear	minimal	20261119.0		insufficient_rows_or_targets	
scalar_unavailable									3969	300.0	3.0	significant	debiased_response_l2_gain	sparse_nonlinear	observability	20261031.0		insufficient_rows_or_targets	
scalar_unavailable									3973	300.0	3.0	significant	debiased_response_l2_gain	sparse_nonlinear	reproducibility	20261013.0		insufficient_rows_or_targets	
scalar_unavailable									3977	300.0	3.0	significant	debiased_response_l2_gain	sparse_nonlinear	no_state	20260929.0		insufficient_rows_or_targets	
scalar_unavailable									3981	300.0	3.0	significant	debiased_response_l2_gain	graph_readout	minimal	20260912.0		insufficient_rows_or_targets	
scalar_unavailable									3985	300.0	3.0	significant	debiased_response_l2_gain	graph_readout	minimal	20261119.0		insufficient_rows_or_targets	
scalar_unavailable									3989	300.0	3.0	significant	debiased_response_l2_gain	graph_readout	observability	20261031.0		insufficient_rows_or_targets	
scalar_unavailable									3993	300.0	3.0	significant	debiased_response_l2_gain	graph_readout	reproducibility	20261013.0		insufficient_rows_or_targets	
scalar_unavailable									3997	300.0	3.0	significant	debiased_response_l2_gain	graph_readout	no_state	20260929.0		insufficient_rows_or_targets	
scalar_unavailable									4001	300.0	3.0	significant	significant_response_l1_gain	ridge	minimal	20260912.0		insufficient_rows_or_targets	
scalar_unavailable									4005	300.0	3.0	significant	significant_response_l1_gain	ridge	minimal	20261119.0		insufficient_rows_or_targets	
scalar_unavailable									4009	300.0	3.0	significant	significant_response_l1_gain	ridge	observability	20261031.0		insufficient_rows_or_targets	
scalar_unavailable									4013	300.0	3.0	significant	significant_response_l1_gain	ridge	reproducibility	20261013.0		insufficient_rows_or_targets	
scalar_unavailable									4017	300.0	3.0	significant	significant_response_l1_gain	ridge	no_state	20260929.0		insufficient_rows_or_targets	
scalar_unavailable									4021	300.0	3.0	significant	significant_response_l1_gain	huber_regression	minimal	20260912.0		insufficient_rows_or_targets	
scalar_unavailable									4025	300.0	3.0	significant	significant_response_l1_gain	huber_regression	minimal	20261119.0		insufficient_rows_or_targets	
scalar_unavailable									4029	300.0	3.0	significant	significant_response_l1_gain	huber_regression	observability	20261031.0		insufficient_rows_or_targets	
scalar_unavailable									4033	300.0	3.0	significant	significant_response_l1_gain	huber_regression	reproducibility	20261013.0		insufficient_rows_or_targets	
scalar_unavailable									4037	300.0	3.0	significant	significant_response_l1_gain	huber_regression	no_state	20260929.0		insufficient_rows_or_targets	
scalar_unavailable									4041	300.0	3.0	significant	significant_response_l1_gain	sparse_nonlinear	minimal	20260912.0		insufficient_rows_or_targets	
scalar_unavailable									4045	300.0	3.0	significant	significant_response_l1_gain	sparse_nonlinear	minimal	20261119.0		insufficient_rows_or_targets	
scalar_unavailable									4049	300.0	3.0	significant	significant_response_l1_gain	sparse_nonlinear	observability	20261031.0		insufficient_rows_or_targets	
scalar_unavailable									4053	300.0	3.0	significant	significant_response_l1_gain	sparse_nonlinear	reproducibility	20261013.0		insufficient_rows_or_targets	
scalar_unavailable									4057	300.0	3.0	significant	significant_response_l1_gain	sparse_nonlinear	no_state	20260929.0		insufficient_rows_or_targets	
scalar_unavailable									4061	300.0	3.0	significant	significant_response_l1_gain	graph_readout	minimal	20260912.0		insufficient_rows_or_targets	
scalar_unavailable									4065	300.0	3.0	significant	significant_response_l1_gain	graph_readout	minimal	20261119.0		insufficient_rows_or_targets	
scalar_unavailable									4069	300.0	3.0	significant	significant_response_l1_gain	graph_readout	observability	20261031.0		insufficient_rows_or_targets	
scalar_unavailable									4073	300.0	3.0	significant	significant_response_l1_gain	graph_readout	reproducibility	20261013.0		insufficient_rows_or_targets	
scalar_unavailable									4077	300.0	3.0	significant	significant_response_l1_gain	graph_readout	no_state	20260929.0		insufficient_rows_or_targets	
scalar_unavailable									4081	300.0	3.0	significant_and_absolute_z_at_least_2	distal_gene_count_residual	ridge	minimal	20260912.0		insufficient_rows_or_targets	
scalar_unavailable									4085	300.0	3.0	significant_and_absolute_z_at_least_2	distal_gene_count_residual	ridge	minimal	20261119.0		insufficient_rows_or_targets	
scalar_unavailable									4089	300.0	3.0	significant_and_absolute_z_at_least_2	distal_gene_count_residual	ridge	observability	20261031.0		insufficient_rows_or_targets	
scalar_unavailable									4093	300.0	3.0	significant_and_absolute_z_at_least_2	distal_gene_count_residual	ridge	reproducibility	20261013.0		insufficient_rows_or_targets	
scalar_unavailable									4097	300.0	3.0	significant_and_absolute_z_at_least_2	distal_gene_count_residual	ridge	no_state	20260929.0		insufficient_rows_or_targets	
scalar_unavailable									4101	300.0	3.0	significant_and_absolute_z_at_least_2	distal_gene_count_residual	huber_regression	minimal	20260912.0		insufficient_rows_or_targets	
scalar_unavailable									4105	300.0	3.0	significant_and_absolute_z_at_least_2	distal_gene_count_residual	huber_regression	minimal	20261119.0		insufficient_rows_or_targets	
scalar_unavailable									4109	300.0	3.0	significant_and_absolute_z_at_least_2	distal_gene_count_residual	huber_regression	observability	20261031.0		insufficient_rows_or_targets	
scalar_unavailable									4113	300.0	3.0	significant_and_absolute_z_at_least_2	distal_gene_count_residual	huber_regression	reproducibility	20261013.0		insufficient_rows_or_targets	
scalar_unavailable									4117	300.0	3.0	significant_and_absolute_z_at_least_2	distal_gene_count_residual	huber_regression	no_state	20260929.0		insufficient_rows_or_targets	
scalar_unavailable									4121	300.0	3.0	significant_and_absolute_z_at_least_2	distal_gene_count_residual	sparse_nonlinear	minimal	20260912.0		insufficient_rows_or_targets	
scalar_unavailable									4125	300.0	3.0	significant_and_absolute_z_at_least_2	distal_gene_count_residual	sparse_nonlinear	minimal	20261119.0		insufficient_rows_or_targets	
scalar_unavailable									4129	300.0	3.0	significant_and_absolute_z_at_least_2	distal_gene_count_residual	sparse_nonlinear	observability	20261031.0		insufficient_rows_or_targets	
scalar_unavailable									4133	300.0	3.0	significant_and_absolute_z_at_least_2	distal_gene_count_residual	sparse_nonlinear	reproducibility	20261013.0		insufficient_rows_or_targets	
scalar_unavailable									4137	300.0	3.0	significant_and_absolute_z_at_least_2	distal_gene_count_residual	sparse_nonlinear	no_state	20260929.0		insufficient_rows_or_targets	
scalar_unavailable									4141	300.0	3.0	significant_and_absolute_z_at_least_2	distal_gene_count_residual	graph_readout	minimal	20260912.0		insufficient_rows_or_targets	
scalar_unavailable									4145	300.0	3.0	significant_and_absolute_z_at_least_2	distal_gene_count_residual	graph_readout	minimal	20261119.0		insufficient_rows_or_targets	
scalar_unavailable									4149	300.0	3.0	significant_and_absolute_z_at_least_2	distal_gene_count_residual	graph_readout	observability	20261031.0		insufficient_rows_or_targets	
scalar_unavailable									4153	300.0	3.0	significant_and_absolute_z_at_least_2	distal_gene_count_residual	graph_readout	reproducibility	20261013.0		insufficient_rows_or_targets	
scalar_unavailable									4157	300.0	3.0	significant_and_absolute_z_at_least_2	distal_gene_count_residual	graph_readout	no_state	20260929.0		insufficient_rows_or_targets	
scalar_unavailable									4161	300.0	3.0	significant_and_absolute_z_at_least_2	debiased_response_l2_gain	ridge	minimal	20260912.0		insufficient_rows_or_targets	
scalar_unavailable									4165	300.0	3.0	significant_and_absolute_z_at_least_2	debiased_response_l2_gain	ridge	minimal	20261119.0		insufficient_rows_or_targets	
scalar_unavailable									4169	300.0	3.0	significant_and_absolute_z_at_least_2	debiased_response_l2_gain	ridge	observability	20261031.0		insufficient_rows_or_targets	
scalar_unavailable									4173	300.0	3.0	significant_and_absolute_z_at_least_2	debiased_response_l2_gain	ridge	reproducibility	20261013.0		insufficient_rows_or_targets	
scalar_unavailable									4177	300.0	3.0	significant_and_absolute_z_at_least_2	debiased_response_l2_gain	ridge	no_state	20260929.0		insufficient_rows_or_targets	
scalar_unavailable									4181	300.0	3.0	significant_and_absolute_z_at_least_2	debiased_response_l2_gain	huber_regression	minimal	20260912.0		insufficient_rows_or_targets	
scalar_unavailable									4185	300.0	3.0	significant_and_absolute_z_at_least_2	debiased_response_l2_gain	huber_regression	minimal	20261119.0		insufficient_rows_or_targets	
scalar_unavailable									4189	300.0	3.0	significant_and_absolute_z_at_least_2	debiased_response_l2_gain	huber_regression	observability	20261031.0		insufficient_rows_or_targets	
scalar_unavailable									4193	300.0	3.0	significant_and_absolute_z_at_least_2	debiased_response_l2_gain	huber_regression	reproducibility	20261013.0		insufficient_rows_or_targets	
scalar_unavailable									4197	300.0	3.0	significant_and_absolute_z_at_least_2	debiased_response_l2_gain	huber_regression	no_state	20260929.0		insufficient_rows_or_targets	
scalar_unavailable									4201	300.0	3.0	significant_and_absolute_z_at_least_2	debiased_response_l2_gain	sparse_nonlinear	minimal	20260912.0		insufficient_rows_or_targets	
scalar_unavailable									4205	300.0	3.0	significant_and_absolute_z_at_least_2	debiased_response_l2_gain	sparse_nonlinear	minimal	20261119.0		insufficient_rows_or_targets	
scalar_unavailable									4209	300.0	3.0	significant_and_absolute_z_at_least_2	debiased_response_l2_gain	sparse_nonlinear	observability	20261031.0		insufficient_rows_or_targets	
scalar_unavailable									4213	300.0	3.0	significant_and_absolute_z_at_least_2	debiased_response_l2_gain	sparse_nonlinear	reproducibility	20261013.0		insufficient_rows_or_targets	
scalar_unavailable									4217	300.0	3.0	significant_and_absolute_z_at_least_2	debiased_response_l2_gain	sparse_nonlinear	no_state	20260929.0		insufficient_rows_or_targets	
scalar_unavailable									4221	300.0	3.0	significant_and_absolute_z_at_least_2	debiased_response_l2_gain	graph_readout	minimal	20260912.0		insufficient_rows_or_targets	
scalar_unavailable									4225	300.0	3.0	significant_and_absolute_z_at_least_2	debiased_response_l2_gain	graph_readout	minimal	20261119.0		insufficient_rows_or_targets	
scalar_unavailable									4229	300.0	3.0	significant_and_absolute_z_at_least_2	debiased_response_l2_gain	graph_readout	observability	20261031.0		insufficient_rows_or_targets	
scalar_unavailable									4233	300.0	3.0	significant_and_absolute_z_at_least_2	debiased_response_l2_gain	graph_readout	reproducibility	20261013.0		insufficient_rows_or_targets	
scalar_unavailable									4237	300.0	3.0	significant_and_absolute_z_at_least_2	debiased_response_l2_gain	graph_readout	no_state	20260929.0		insufficient_rows_or_targets	
scalar_unavailable									4241	300.0	3.0	significant_and_absolute_z_at_least_2	significant_response_l1_gain	ridge	minimal	20260912.0		insufficient_rows_or_targets	
scalar_unavailable									4245	300.0	3.0	significant_and_absolute_z_at_least_2	significant_response_l1_gain	ridge	minimal	20261119.0		insufficient_rows_or_targets	
scalar_unavailable									4249	300.0	3.0	significant_and_absolute_z_at_least_2	significant_response_l1_gain	ridge	observability	20261031.0		insufficient_rows_or_targets	
scalar_unavailable									4253	300.0	3.0	significant_and_absolute_z_at_least_2	significant_response_l1_gain	ridge	reproducibility	20261013.0		insufficient_rows_or_targets	
scalar_unavailable									4257	300.0	3.0	significant_and_absolute_z_at_least_2	significant_response_l1_gain	ridge	no_state	20260929.0		insufficient_rows_or_targets	
scalar_unavailable									4261	300.0	3.0	significant_and_absolute_z_at_least_2	significant_response_l1_gain	huber_regression	minimal	20260912.0		insufficient_rows_or_targets	
scalar_unavailable									4265	300.0	3.0	significant_and_absolute_z_at_least_2	significant_response_l1_gain	huber_regression	minimal	20261119.0		insufficient_rows_or_targets	
scalar_unavailable									4269	300.0	3.0	significant_and_absolute_z_at_least_2	significant_response_l1_gain	huber_regression	observability	20261031.0		insufficient_rows_or_targets	
scalar_unavailable									4273	300.0	3.0	significant_and_absolute_z_at_least_2	significant_response_l1_gain	huber_regression	reproducibility	20261013.0		insufficient_rows_or_targets	
scalar_unavailable									4277	300.0	3.0	significant_and_absolute_z_at_least_2	significant_response_l1_gain	huber_regression	no_state	20260929.0		insufficient_rows_or_targets	
scalar_unavailable									4281	300.0	3.0	significant_and_absolute_z_at_least_2	significant_response_l1_gain	sparse_nonlinear	minimal	20260912.0		insufficient_rows_or_targets	
scalar_unavailable									4285	300.0	3.0	significant_and_absolute_z_at_least_2	significant_response_l1_gain	sparse_nonlinear	minimal	20261119.0		insufficient_rows_or_targets	
scalar_unavailable									4289	300.0	3.0	significant_and_absolute_z_at_least_2	significant_response_l1_gain	sparse_nonlinear	observability	20261031.0		insufficient_rows_or_targets	
scalar_unavailable									4293	300.0	3.0	significant_and_absolute_z_at_least_2	significant_response_l1_gain	sparse_nonlinear	reproducibility	20261013.0		insufficient_rows_or_targets	
scalar_unavailable									4297	300.0	3.0	significant_and_absolute_z_at_least_2	significant_response_l1_gain	sparse_nonlinear	no_state	20260929.0		insufficient_rows_or_targets	
scalar_unavailable									4301	300.0	3.0	significant_and_absolute_z_at_least_2	significant_response_l1_gain	graph_readout	minimal	20260912.0		insufficient_rows_or_targets	
scalar_unavailable									4305	300.0	3.0	significant_and_absolute_z_at_least_2	significant_response_l1_gain	graph_readout	minimal	20261119.0		insufficient_rows_or_targets	
scalar_unavailable									4309	300.0	3.0	significant_and_absolute_z_at_least_2	significant_response_l1_gain	graph_readout	observability	20261031.0		insufficient_rows_or_targets	
scalar_unavailable									4313	300.0	3.0	significant_and_absolute_z_at_least_2	significant_response_l1_gain	graph_readout	reproducibility	20261013.0		insufficient_rows_or_targets	
scalar_unavailable									4317	300.0	3.0	significant_and_absolute_z_at_least_2	significant_response_l1_gain	graph_readout	no_state	20260929.0		insufficient_rows_or_targets	
scalar_unavailable									962	100.0	3.0	significant	distal_gene_count_residual	ridge	minimal	20260929.0		insufficient_rows_or_targets	
scalar_unavailable									966	100.0	3.0	significant	distal_gene_count_residual	ridge	observability	20260912.0		insufficient_rows_or_targets	
scalar_unavailable									970	100.0	3.0	significant	distal_gene_count_residual	ridge	observability	20261119.0		insufficient_rows_or_targets	
scalar_unavailable									974	100.0	3.0	significant	distal_gene_count_residual	ridge	reproducibility	20261031.0		insufficient_rows_or_targets	
scalar_unavailable									978	100.0	3.0	significant	distal_gene_count_residual	ridge	no_state	20261013.0		insufficient_rows_or_targets	
scalar_unavailable									982	100.0	3.0	significant	distal_gene_count_residual	huber_regression	minimal	20260929.0		insufficient_rows_or_targets	
scalar_unavailable									986	100.0	3.0	significant	distal_gene_count_residual	huber_regression	observability	20260912.0		insufficient_rows_or_targets	
scalar_unavailable									990	100.0	3.0	significant	distal_gene_count_residual	huber_regression	observability	20261119.0		insufficient_rows_or_targets	
scalar_unavailable									994	100.0	3.0	significant	distal_gene_count_residual	huber_regression	reproducibility	20261031.0		insufficient_rows_or_targets	
scalar_unavailable									998	100.0	3.0	significant	distal_gene_count_residual	huber_regression	no_state	20261013.0		insufficient_rows_or_targets	
scalar_unavailable									1002	100.0	3.0	significant	distal_gene_count_residual	sparse_nonlinear	minimal	20260929.0		insufficient_rows_or_targets	
scalar_unavailable									1006	100.0	3.0	significant	distal_gene_count_residual	sparse_nonlinear	observability	20260912.0		insufficient_rows_or_targets	
scalar_unavailable									1010	100.0	3.0	significant	distal_gene_count_residual	sparse_nonlinear	observability	20261119.0		insufficient_rows_or_targets	
scalar_unavailable									1014	100.0	3.0	significant	distal_gene_count_residual	sparse_nonlinear	reproducibility	20261031.0		insufficient_rows_or_targets	
scalar_unavailable									1018	100.0	3.0	significant	distal_gene_count_residual	sparse_nonlinear	no_state	20261013.0		insufficient_rows_or_targets	
scalar_unavailable									1022	100.0	3.0	significant	distal_gene_count_residual	graph_readout	minimal	20260929.0		insufficient_rows_or_targets	
scalar_unavailable									1026	100.0	3.0	significant	distal_gene_count_residual	graph_readout	observability	20260912.0		insufficient_rows_or_targets	
scalar_unavailable									1030	100.0	3.0	significant	distal_gene_count_residual	graph_readout	observability	20261119.0		insufficient_rows_or_targets	
scalar_unavailable									1034	100.0	3.0	significant	distal_gene_count_residual	graph_readout	reproducibility	20261031.0		insufficient_rows_or_targets	
scalar_unavailable									1038	100.0	3.0	significant	distal_gene_count_residual	graph_readout	no_state	20261013.0		insufficient_rows_or_targets	
scalar_unavailable									1042	100.0	3.0	significant	debiased_response_l2_gain	ridge	minimal	20260929.0		insufficient_rows_or_targets	
scalar_unavailable									1046	100.0	3.0	significant	debiased_response_l2_gain	ridge	observability	20260912.0		insufficient_rows_or_targets	
scalar_unavailable									1050	100.0	3.0	significant	debiased_response_l2_gain	ridge	observability	20261119.0		insufficient_rows_or_targets	
scalar_unavailable									1054	100.0	3.0	significant	debiased_response_l2_gain	ridge	reproducibility	20261031.0		insufficient_rows_or_targets	
scalar_unavailable									1058	100.0	3.0	significant	debiased_response_l2_gain	ridge	no_state	20261013.0		insufficient_rows_or_targets	
scalar_unavailable									1062	100.0	3.0	significant	debiased_response_l2_gain	huber_regression	minimal	20260929.0		insufficient_rows_or_targets	
scalar_unavailable									1066	100.0	3.0	significant	debiased_response_l2_gain	huber_regression	observability	20260912.0		insufficient_rows_or_targets	
scalar_unavailable									1070	100.0	3.0	significant	debiased_response_l2_gain	huber_regression	observability	20261119.0		insufficient_rows_or_targets	
scalar_unavailable									1074	100.0	3.0	significant	debiased_response_l2_gain	huber_regression	reproducibility	20261031.0		insufficient_rows_or_targets	
scalar_unavailable									1078	100.0	3.0	significant	debiased_response_l2_gain	huber_regression	no_state	20261013.0		insufficient_rows_or_targets	
scalar_unavailable									1082	100.0	3.0	significant	debiased_response_l2_gain	sparse_nonlinear	minimal	20260929.0		insufficient_rows_or_targets	
scalar_unavailable									1086	100.0	3.0	significant	debiased_response_l2_gain	sparse_nonlinear	observability	20260912.0		insufficient_rows_or_targets	
scalar_unavailable									1090	100.0	3.0	significant	debiased_response_l2_gain	sparse_nonlinear	observability	20261119.0		insufficient_rows_or_targets	
scalar_unavailable									1094	100.0	3.0	significant	debiased_response_l2_gain	sparse_nonlinear	reproducibility	20261031.0		insufficient_rows_or_targets	
scalar_unavailable									1098	100.0	3.0	significant	debiased_response_l2_gain	sparse_nonlinear	no_state	20261013.0		insufficient_rows_or_targets	
scalar_unavailable									1102	100.0	3.0	significant	debiased_response_l2_gain	graph_readout	minimal	20260929.0		insufficient_rows_or_targets	
scalar_unavailable									1106	100.0	3.0	significant	debiased_response_l2_gain	graph_readout	observability	20260912.0		insufficient_rows_or_targets	
scalar_unavailable									1110	100.0	3.0	significant	debiased_response_l2_gain	graph_readout	observability	20261119.0		insufficient_rows_or_targets	
scalar_unavailable									1114	100.0	3.0	significant	debiased_response_l2_gain	graph_readout	reproducibility	20261031.0		insufficient_rows_or_targets	
scalar_unavailable									1118	100.0	3.0	significant	debiased_response_l2_gain	graph_readout	no_state	20261013.0		insufficient_rows_or_targets	
scalar_unavailable									1122	100.0	3.0	significant	significant_response_l1_gain	ridge	minimal	20260929.0		insufficient_rows_or_targets	
scalar_unavailable									1126	100.0	3.0	significant	significant_response_l1_gain	ridge	observability	20260912.0		insufficient_rows_or_targets	
scalar_unavailable									1130	100.0	3.0	significant	significant_response_l1_gain	ridge	observability	20261119.0		insufficient_rows_or_targets	
scalar_unavailable									1134	100.0	3.0	significant	significant_response_l1_gain	ridge	reproducibility	20261031.0		insufficient_rows_or_targets	
scalar_unavailable									1138	100.0	3.0	significant	significant_response_l1_gain	ridge	no_state	20261013.0		insufficient_rows_or_targets	
scalar_unavailable									1142	100.0	3.0	significant	significant_response_l1_gain	huber_regression	minimal	20260929.0		insufficient_rows_or_targets	
scalar_unavailable									1146	100.0	3.0	significant	significant_response_l1_gain	huber_regression	observability	20260912.0		insufficient_rows_or_targets	
scalar_unavailable									1150	100.0	3.0	significant	significant_response_l1_gain	huber_regression	observability	20261119.0		insufficient_rows_or_targets	
scalar_unavailable									1154	100.0	3.0	significant	significant_response_l1_gain	huber_regression	reproducibility	20261031.0		insufficient_rows_or_targets	
scalar_unavailable									1158	100.0	3.0	significant	significant_response_l1_gain	huber_regression	no_state	20261013.0		insufficient_rows_or_targets	
scalar_unavailable									1162	100.0	3.0	significant	significant_response_l1_gain	sparse_nonlinear	minimal	20260929.0		insufficient_rows_or_targets	
scalar_unavailable									1166	100.0	3.0	significant	significant_response_l1_gain	sparse_nonlinear	observability	20260912.0		insufficient_rows_or_targets	
scalar_unavailable									1170	100.0	3.0	significant	significant_response_l1_gain	sparse_nonlinear	observability	20261119.0		insufficient_rows_or_targets	
scalar_unavailable									1174	100.0	3.0	significant	significant_response_l1_gain	sparse_nonlinear	reproducibility	20261031.0		insufficient_rows_or_targets	
scalar_unavailable									1178	100.0	3.0	significant	significant_response_l1_gain	sparse_nonlinear	no_state	20261013.0		insufficient_rows_or_targets	
scalar_unavailable									1182	100.0	3.0	significant	significant_response_l1_gain	graph_readout	minimal	20260929.0		insufficient_rows_or_targets	
scalar_unavailable									1186	100.0	3.0	significant	significant_response_l1_gain	graph_readout	observability	20260912.0		insufficient_rows_or_targets	
scalar_unavailable									1190	100.0	3.0	significant	significant_response_l1_gain	graph_readout	observability	20261119.0		insufficient_rows_or_targets	
scalar_unavailable									1194	100.0	3.0	significant	significant_response_l1_gain	graph_readout	reproducibility	20261031.0		insufficient_rows_or_targets	
scalar_unavailable									1198	100.0	3.0	significant	significant_response_l1_gain	graph_readout	no_state	20261013.0		insufficient_rows_or_targets	
scalar_unavailable									1202	100.0	3.0	significant_and_absolute_z_at_least_2	distal_gene_count_residual	ridge	minimal	20260929.0		insufficient_rows_or_targets	
scalar_unavailable									1206	100.0	3.0	significant_and_absolute_z_at_least_2	distal_gene_count_residual	ridge	observability	20260912.0		insufficient_rows_or_targets	
scalar_unavailable									1210	100.0	3.0	significant_and_absolute_z_at_least_2	distal_gene_count_residual	ridge	observability	20261119.0		insufficient_rows_or_targets	
scalar_unavailable									1214	100.0	3.0	significant_and_absolute_z_at_least_2	distal_gene_count_residual	ridge	reproducibility	20261031.0		insufficient_rows_or_targets	
scalar_unavailable									1218	100.0	3.0	significant_and_absolute_z_at_least_2	distal_gene_count_residual	ridge	no_state	20261013.0		insufficient_rows_or_targets	
scalar_unavailable									1222	100.0	3.0	significant_and_absolute_z_at_least_2	distal_gene_count_residual	huber_regression	minimal	20260929.0		insufficient_rows_or_targets	
scalar_unavailable									1226	100.0	3.0	significant_and_absolute_z_at_least_2	distal_gene_count_residual	huber_regression	observability	20260912.0		insufficient_rows_or_targets	
scalar_unavailable									1230	100.0	3.0	significant_and_absolute_z_at_least_2	distal_gene_count_residual	huber_regression	observability	20261119.0		insufficient_rows_or_targets	
scalar_unavailable									1234	100.0	3.0	significant_and_absolute_z_at_least_2	distal_gene_count_residual	huber_regression	reproducibility	20261031.0		insufficient_rows_or_targets	
scalar_unavailable									1238	100.0	3.0	significant_and_absolute_z_at_least_2	distal_gene_count_residual	huber_regression	no_state	20261013.0		insufficient_rows_or_targets	
scalar_unavailable									1242	100.0	3.0	significant_and_absolute_z_at_least_2	distal_gene_count_residual	sparse_nonlinear	minimal	20260929.0		insufficient_rows_or_targets	
scalar_unavailable									1246	100.0	3.0	significant_and_absolute_z_at_least_2	distal_gene_count_residual	sparse_nonlinear	observability	20260912.0		insufficient_rows_or_targets	
scalar_unavailable									1250	100.0	3.0	significant_and_absolute_z_at_least_2	distal_gene_count_residual	sparse_nonlinear	observability	20261119.0		insufficient_rows_or_targets	
scalar_unavailable									1254	100.0	3.0	significant_and_absolute_z_at_least_2	distal_gene_count_residual	sparse_nonlinear	reproducibility	20261031.0		insufficient_rows_or_targets	
scalar_unavailable									1258	100.0	3.0	significant_and_absolute_z_at_least_2	distal_gene_count_residual	sparse_nonlinear	no_state	20261013.0		insufficient_rows_or_targets	
scalar_unavailable									1262	100.0	3.0	significant_and_absolute_z_at_least_2	distal_gene_count_residual	graph_readout	minimal	20260929.0		insufficient_rows_or_targets	
scalar_unavailable									1266	100.0	3.0	significant_and_absolute_z_at_least_2	distal_gene_count_residual	graph_readout	observability	20260912.0		insufficient_rows_or_targets	
scalar_unavailable									1270	100.0	3.0	significant_and_absolute_z_at_least_2	distal_gene_count_residual	graph_readout	observability	20261119.0		insufficient_rows_or_targets	
scalar_unavailable									1274	100.0	3.0	significant_and_absolute_z_at_least_2	distal_gene_count_residual	graph_readout	reproducibility	20261031.0		insufficient_rows_or_targets	
scalar_unavailable									1278	100.0	3.0	significant_and_absolute_z_at_least_2	distal_gene_count_residual	graph_readout	no_state	20261013.0		insufficient_rows_or_targets	
scalar_unavailable									1282	100.0	3.0	significant_and_absolute_z_at_least_2	debiased_response_l2_gain	ridge	minimal	20260929.0		insufficient_rows_or_targets	
scalar_unavailable									1286	100.0	3.0	significant_and_absolute_z_at_least_2	debiased_response_l2_gain	ridge	observability	20260912.0		insufficient_rows_or_targets	
scalar_unavailable									1290	100.0	3.0	significant_and_absolute_z_at_least_2	debiased_response_l2_gain	ridge	observability	20261119.0		insufficient_rows_or_targets	
scalar_unavailable									1294	100.0	3.0	significant_and_absolute_z_at_least_2	debiased_response_l2_gain	ridge	reproducibility	20261031.0		insufficient_rows_or_targets	
scalar_unavailable									1298	100.0	3.0	significant_and_absolute_z_at_least_2	debiased_response_l2_gain	ridge	no_state	20261013.0		insufficient_rows_or_targets	
scalar_unavailable									1302	100.0	3.0	significant_and_absolute_z_at_least_2	debiased_response_l2_gain	huber_regression	minimal	20260929.0		insufficient_rows_or_targets	
scalar_unavailable									1306	100.0	3.0	significant_and_absolute_z_at_least_2	debiased_response_l2_gain	huber_regression	observability	20260912.0		insufficient_rows_or_targets	
scalar_unavailable									1310	100.0	3.0	significant_and_absolute_z_at_least_2	debiased_response_l2_gain	huber_regression	observability	20261119.0		insufficient_rows_or_targets	
scalar_unavailable									1314	100.0	3.0	significant_and_absolute_z_at_least_2	debiased_response_l2_gain	huber_regression	reproducibility	20261031.0		insufficient_rows_or_targets	
scalar_unavailable									1318	100.0	3.0	significant_and_absolute_z_at_least_2	debiased_response_l2_gain	huber_regression	no_state	20261013.0		insufficient_rows_or_targets	
scalar_unavailable									1322	100.0	3.0	significant_and_absolute_z_at_least_2	debiased_response_l2_gain	sparse_nonlinear	minimal	20260929.0		insufficient_rows_or_targets	
scalar_unavailable									1326	100.0	3.0	significant_and_absolute_z_at_least_2	debiased_response_l2_gain	sparse_nonlinear	observability	20260912.0		insufficient_rows_or_targets	
scalar_unavailable									1330	100.0	3.0	significant_and_absolute_z_at_least_2	debiased_response_l2_gain	sparse_nonlinear	observability	20261119.0		insufficient_rows_or_targets	
scalar_unavailable									1334	100.0	3.0	significant_and_absolute_z_at_least_2	debiased_response_l2_gain	sparse_nonlinear	reproducibility	20261031.0		insufficient_rows_or_targets	
scalar_unavailable									1338	100.0	3.0	significant_and_absolute_z_at_least_2	debiased_response_l2_gain	sparse_nonlinear	no_state	20261013.0		insufficient_rows_or_targets	
scalar_unavailable									1342	100.0	3.0	significant_and_absolute_z_at_least_2	debiased_response_l2_gain	graph_readout	minimal	20260929.0		insufficient_rows_or_targets	
scalar_unavailable									1346	100.0	3.0	significant_and_absolute_z_at_least_2	debiased_response_l2_gain	graph_readout	observability	20260912.0		insufficient_rows_or_targets	
scalar_unavailable									1350	100.0	3.0	significant_and_absolute_z_at_least_2	debiased_response_l2_gain	graph_readout	observability	20261119.0		insufficient_rows_or_targets	
scalar_unavailable									1354	100.0	3.0	significant_and_absolute_z_at_least_2	debiased_response_l2_gain	graph_readout	reproducibility	20261031.0		insufficient_rows_or_targets	
scalar_unavailable									1358	100.0	3.0	significant_and_absolute_z_at_least_2	debiased_response_l2_gain	graph_readout	no_state	20261013.0		insufficient_rows_or_targets	
scalar_unavailable									1362	100.0	3.0	significant_and_absolute_z_at_least_2	significant_response_l1_gain	ridge	minimal	20260929.0		insufficient_rows_or_targets	
scalar_unavailable									1366	100.0	3.0	significant_and_absolute_z_at_least_2	significant_response_l1_gain	ridge	observability	20260912.0		insufficient_rows_or_targets	
scalar_unavailable									1370	100.0	3.0	significant_and_absolute_z_at_least_2	significant_response_l1_gain	ridge	observability	20261119.0		insufficient_rows_or_targets	
scalar_unavailable									1374	100.0	3.0	significant_and_absolute_z_at_least_2	significant_response_l1_gain	ridge	reproducibility	20261031.0		insufficient_rows_or_targets	
scalar_unavailable									1378	100.0	3.0	significant_and_absolute_z_at_least_2	significant_response_l1_gain	ridge	no_state	20261013.0		insufficient_rows_or_targets	
scalar_unavailable									1382	100.0	3.0	significant_and_absolute_z_at_least_2	significant_response_l1_gain	huber_regression	minimal	20260929.0		insufficient_rows_or_targets	
scalar_unavailable									1386	100.0	3.0	significant_and_absolute_z_at_least_2	significant_response_l1_gain	huber_regression	observability	20260912.0		insufficient_rows_or_targets	
scalar_unavailable									1390	100.0	3.0	significant_and_absolute_z_at_least_2	significant_response_l1_gain	huber_regression	observability	20261119.0		insufficient_rows_or_targets	
scalar_unavailable									1394	100.0	3.0	significant_and_absolute_z_at_least_2	significant_response_l1_gain	huber_regression	reproducibility	20261031.0		insufficient_rows_or_targets	
scalar_unavailable									1398	100.0	3.0	significant_and_absolute_z_at_least_2	significant_response_l1_gain	huber_regression	no_state	20261013.0		insufficient_rows_or_targets	
scalar_unavailable									1402	100.0	3.0	significant_and_absolute_z_at_least_2	significant_response_l1_gain	sparse_nonlinear	minimal	20260929.0		insufficient_rows_or_targets	
scalar_unavailable									1406	100.0	3.0	significant_and_absolute_z_at_least_2	significant_response_l1_gain	sparse_nonlinear	observability	20260912.0		insufficient_rows_or_targets	
scalar_unavailable									1410	100.0	3.0	significant_and_absolute_z_at_least_2	significant_response_l1_gain	sparse_nonlinear	observability	20261119.0		insufficient_rows_or_targets	
scalar_unavailable									1414	100.0	3.0	significant_and_absolute_z_at_least_2	significant_response_l1_gain	sparse_nonlinear	reproducibility	20261031.0		insufficient_rows_or_targets	
scalar_unavailable									1418	100.0	3.0	significant_and_absolute_z_at_least_2	significant_response_l1_gain	sparse_nonlinear	no_state	20261013.0		insufficient_rows_or_targets	
scalar_unavailable									1422	100.0	3.0	significant_and_absolute_z_at_least_2	significant_response_l1_gain	graph_readout	minimal	20260929.0		insufficient_rows_or_targets	
scalar_unavailable									1426	100.0	3.0	significant_and_absolute_z_at_least_2	significant_response_l1_gain	graph_readout	observability	20260912.0		insufficient_rows_or_targets	
scalar_unavailable									1430	100.0	3.0	significant_and_absolute_z_at_least_2	significant_response_l1_gain	graph_readout	observability	20261119.0		insufficient_rows_or_targets	
scalar_unavailable									1434	100.0	3.0	significant_and_absolute_z_at_least_2	significant_response_l1_gain	graph_readout	reproducibility	20261031.0		insufficient_rows_or_targets	
scalar_unavailable									1438	100.0	3.0	significant_and_absolute_z_at_least_2	significant_response_l1_gain	graph_readout	no_state	20261013.0		insufficient_rows_or_targets	
scalar_unavailable									2402	200.0	3.0	significant	distal_gene_count_residual	ridge	minimal	20260929.0		insufficient_rows_or_targets	
scalar_unavailable									2406	200.0	3.0	significant	distal_gene_count_residual	ridge	observability	20260912.0		insufficient_rows_or_targets	
scalar_unavailable									2410	200.0	3.0	significant	distal_gene_count_residual	ridge	observability	20261119.0		insufficient_rows_or_targets	
scalar_unavailable									2414	200.0	3.0	significant	distal_gene_count_residual	ridge	reproducibility	20261031.0		insufficient_rows_or_targets	
scalar_unavailable									2418	200.0	3.0	significant	distal_gene_count_residual	ridge	no_state	20261013.0		insufficient_rows_or_targets	
scalar_unavailable									2422	200.0	3.0	significant	distal_gene_count_residual	huber_regression	minimal	20260929.0		insufficient_rows_or_targets	
scalar_unavailable									2426	200.0	3.0	significant	distal_gene_count_residual	huber_regression	observability	20260912.0		insufficient_rows_or_targets	
scalar_unavailable									2430	200.0	3.0	significant	distal_gene_count_residual	huber_regression	observability	20261119.0		insufficient_rows_or_targets	
scalar_unavailable									2434	200.0	3.0	significant	distal_gene_count_residual	huber_regression	reproducibility	20261031.0		insufficient_rows_or_targets	
scalar_unavailable									2438	200.0	3.0	significant	distal_gene_count_residual	huber_regression	no_state	20261013.0		insufficient_rows_or_targets	
scalar_unavailable									2442	200.0	3.0	significant	distal_gene_count_residual	sparse_nonlinear	minimal	20260929.0		insufficient_rows_or_targets	
scalar_unavailable									2446	200.0	3.0	significant	distal_gene_count_residual	sparse_nonlinear	observability	20260912.0		insufficient_rows_or_targets	
scalar_unavailable									2450	200.0	3.0	significant	distal_gene_count_residual	sparse_nonlinear	observability	20261119.0		insufficient_rows_or_targets	
scalar_unavailable									2454	200.0	3.0	significant	distal_gene_count_residual	sparse_nonlinear	reproducibility	20261031.0		insufficient_rows_or_targets	
scalar_unavailable									2458	200.0	3.0	significant	distal_gene_count_residual	sparse_nonlinear	no_state	20261013.0		insufficient_rows_or_targets	
scalar_unavailable									2462	200.0	3.0	significant	distal_gene_count_residual	graph_readout	minimal	20260929.0		insufficient_rows_or_targets	
scalar_unavailable									2466	200.0	3.0	significant	distal_gene_count_residual	graph_readout	observability	20260912.0		insufficient_rows_or_targets	
scalar_unavailable									2470	200.0	3.0	significant	distal_gene_count_residual	graph_readout	observability	20261119.0		insufficient_rows_or_targets	
scalar_unavailable									2474	200.0	3.0	significant	distal_gene_count_residual	graph_readout	reproducibility	20261031.0		insufficient_rows_or_targets	
scalar_unavailable									2478	200.0	3.0	significant	distal_gene_count_residual	graph_readout	no_state	20261013.0		insufficient_rows_or_targets	
scalar_unavailable									2482	200.0	3.0	significant	debiased_response_l2_gain	ridge	minimal	20260929.0		insufficient_rows_or_targets	
scalar_unavailable									2486	200.0	3.0	significant	debiased_response_l2_gain	ridge	observability	20260912.0		insufficient_rows_or_targets	
scalar_unavailable									2490	200.0	3.0	significant	debiased_response_l2_gain	ridge	observability	20261119.0		insufficient_rows_or_targets	
scalar_unavailable									2494	200.0	3.0	significant	debiased_response_l2_gain	ridge	reproducibility	20261031.0		insufficient_rows_or_targets	
scalar_unavailable									2498	200.0	3.0	significant	debiased_response_l2_gain	ridge	no_state	20261013.0		insufficient_rows_or_targets	
scalar_unavailable									2502	200.0	3.0	significant	debiased_response_l2_gain	huber_regression	minimal	20260929.0		insufficient_rows_or_targets	
scalar_unavailable									2506	200.0	3.0	significant	debiased_response_l2_gain	huber_regression	observability	20260912.0		insufficient_rows_or_targets	
scalar_unavailable									2510	200.0	3.0	significant	debiased_response_l2_gain	huber_regression	observability	20261119.0		insufficient_rows_or_targets	
scalar_unavailable									2514	200.0	3.0	significant	debiased_response_l2_gain	huber_regression	reproducibility	20261031.0		insufficient_rows_or_targets	
scalar_unavailable									2518	200.0	3.0	significant	debiased_response_l2_gain	huber_regression	no_state	20261013.0		insufficient_rows_or_targets	
scalar_unavailable									2522	200.0	3.0	significant	debiased_response_l2_gain	sparse_nonlinear	minimal	20260929.0		insufficient_rows_or_targets	
scalar_unavailable									2526	200.0	3.0	significant	debiased_response_l2_gain	sparse_nonlinear	observability	20260912.0		insufficient_rows_or_targets	
scalar_unavailable									2530	200.0	3.0	significant	debiased_response_l2_gain	sparse_nonlinear	observability	20261119.0		insufficient_rows_or_targets	
scalar_unavailable									2534	200.0	3.0	significant	debiased_response_l2_gain	sparse_nonlinear	reproducibility	20261031.0		insufficient_rows_or_targets	
scalar_unavailable									2538	200.0	3.0	significant	debiased_response_l2_gain	sparse_nonlinear	no_state	20261013.0		insufficient_rows_or_targets	
scalar_unavailable									2542	200.0	3.0	significant	debiased_response_l2_gain	graph_readout	minimal	20260929.0		insufficient_rows_or_targets	
scalar_unavailable									2546	200.0	3.0	significant	debiased_response_l2_gain	graph_readout	observability	20260912.0		insufficient_rows_or_targets	
scalar_unavailable									2550	200.0	3.0	significant	debiased_response_l2_gain	graph_readout	observability	20261119.0		insufficient_rows_or_targets	
scalar_unavailable									2554	200.0	3.0	significant	debiased_response_l2_gain	graph_readout	reproducibility	20261031.0		insufficient_rows_or_targets	
scalar_unavailable									2558	200.0	3.0	significant	debiased_response_l2_gain	graph_readout	no_state	20261013.0		insufficient_rows_or_targets	
scalar_unavailable									2562	200.0	3.0	significant	significant_response_l1_gain	ridge	minimal	20260929.0		insufficient_rows_or_targets	
scalar_unavailable									2566	200.0	3.0	significant	significant_response_l1_gain	ridge	observability	20260912.0		insufficient_rows_or_targets	
scalar_unavailable									2570	200.0	3.0	significant	significant_response_l1_gain	ridge	observability	20261119.0		insufficient_rows_or_targets	
scalar_unavailable									2574	200.0	3.0	significant	significant_response_l1_gain	ridge	reproducibility	20261031.0		insufficient_rows_or_targets	
scalar_unavailable									2578	200.0	3.0	significant	significant_response_l1_gain	ridge	no_state	20261013.0		insufficient_rows_or_targets	
scalar_unavailable									2582	200.0	3.0	significant	significant_response_l1_gain	huber_regression	minimal	20260929.0		insufficient_rows_or_targets	
scalar_unavailable									2586	200.0	3.0	significant	significant_response_l1_gain	huber_regression	observability	20260912.0		insufficient_rows_or_targets	
scalar_unavailable									2590	200.0	3.0	significant	significant_response_l1_gain	huber_regression	observability	20261119.0		insufficient_rows_or_targets	
scalar_unavailable									2594	200.0	3.0	significant	significant_response_l1_gain	huber_regression	reproducibility	20261031.0		insufficient_rows_or_targets	
scalar_unavailable									2598	200.0	3.0	significant	significant_response_l1_gain	huber_regression	no_state	20261013.0		insufficient_rows_or_targets	
scalar_unavailable									2602	200.0	3.0	significant	significant_response_l1_gain	sparse_nonlinear	minimal	20260929.0		insufficient_rows_or_targets	
scalar_unavailable									2606	200.0	3.0	significant	significant_response_l1_gain	sparse_nonlinear	observability	20260912.0		insufficient_rows_or_targets	
scalar_unavailable									2610	200.0	3.0	significant	significant_response_l1_gain	sparse_nonlinear	observability	20261119.0		insufficient_rows_or_targets	
scalar_unavailable									2614	200.0	3.0	significant	significant_response_l1_gain	sparse_nonlinear	reproducibility	20261031.0		insufficient_rows_or_targets	
scalar_unavailable									2618	200.0	3.0	significant	significant_response_l1_gain	sparse_nonlinear	no_state	20261013.0		insufficient_rows_or_targets	
scalar_unavailable									2622	200.0	3.0	significant	significant_response_l1_gain	graph_readout	minimal	20260929.0		insufficient_rows_or_targets	
scalar_unavailable									2626	200.0	3.0	significant	significant_response_l1_gain	graph_readout	observability	20260912.0		insufficient_rows_or_targets	
scalar_unavailable									2630	200.0	3.0	significant	significant_response_l1_gain	graph_readout	observability	20261119.0		insufficient_rows_or_targets	
scalar_unavailable									2634	200.0	3.0	significant	significant_response_l1_gain	graph_readout	reproducibility	20261031.0		insufficient_rows_or_targets	
scalar_unavailable									2638	200.0	3.0	significant	significant_response_l1_gain	graph_readout	no_state	20261013.0		insufficient_rows_or_targets	
scalar_unavailable									2642	200.0	3.0	significant_and_absolute_z_at_least_2	distal_gene_count_residual	ridge	minimal	20260929.0		insufficient_rows_or_targets	
scalar_unavailable									2646	200.0	3.0	significant_and_absolute_z_at_least_2	distal_gene_count_residual	ridge	observability	20260912.0		insufficient_rows_or_targets	
scalar_unavailable									2650	200.0	3.0	significant_and_absolute_z_at_least_2	distal_gene_count_residual	ridge	observability	20261119.0		insufficient_rows_or_targets	
scalar_unavailable									2654	200.0	3.0	significant_and_absolute_z_at_least_2	distal_gene_count_residual	ridge	reproducibility	20261031.0		insufficient_rows_or_targets	
scalar_unavailable									2658	200.0	3.0	significant_and_absolute_z_at_least_2	distal_gene_count_residual	ridge	no_state	20261013.0		insufficient_rows_or_targets	
scalar_unavailable									2662	200.0	3.0	significant_and_absolute_z_at_least_2	distal_gene_count_residual	huber_regression	minimal	20260929.0		insufficient_rows_or_targets	
scalar_unavailable									2666	200.0	3.0	significant_and_absolute_z_at_least_2	distal_gene_count_residual	huber_regression	observability	20260912.0		insufficient_rows_or_targets	
scalar_unavailable									2670	200.0	3.0	significant_and_absolute_z_at_least_2	distal_gene_count_residual	huber_regression	observability	20261119.0		insufficient_rows_or_targets	
scalar_unavailable									2674	200.0	3.0	significant_and_absolute_z_at_least_2	distal_gene_count_residual	huber_regression	reproducibility	20261031.0		insufficient_rows_or_targets	
scalar_unavailable									2678	200.0	3.0	significant_and_absolute_z_at_least_2	distal_gene_count_residual	huber_regression	no_state	20261013.0		insufficient_rows_or_targets	
scalar_unavailable									2682	200.0	3.0	significant_and_absolute_z_at_least_2	distal_gene_count_residual	sparse_nonlinear	minimal	20260929.0		insufficient_rows_or_targets	
scalar_unavailable									2686	200.0	3.0	significant_and_absolute_z_at_least_2	distal_gene_count_residual	sparse_nonlinear	observability	20260912.0		insufficient_rows_or_targets	
scalar_unavailable									2690	200.0	3.0	significant_and_absolute_z_at_least_2	distal_gene_count_residual	sparse_nonlinear	observability	20261119.0		insufficient_rows_or_targets	
scalar_unavailable									2694	200.0	3.0	significant_and_absolute_z_at_least_2	distal_gene_count_residual	sparse_nonlinear	reproducibility	20261031.0		insufficient_rows_or_targets	
scalar_unavailable									2698	200.0	3.0	significant_and_absolute_z_at_least_2	distal_gene_count_residual	sparse_nonlinear	no_state	20261013.0		insufficient_rows_or_targets	
scalar_unavailable									2702	200.0	3.0	significant_and_absolute_z_at_least_2	distal_gene_count_residual	graph_readout	minimal	20260929.0		insufficient_rows_or_targets	
scalar_unavailable									2706	200.0	3.0	significant_and_absolute_z_at_least_2	distal_gene_count_residual	graph_readout	observability	20260912.0		insufficient_rows_or_targets	
scalar_unavailable									2710	200.0	3.0	significant_and_absolute_z_at_least_2	distal_gene_count_residual	graph_readout	observability	20261119.0		insufficient_rows_or_targets	
scalar_unavailable									2714	200.0	3.0	significant_and_absolute_z_at_least_2	distal_gene_count_residual	graph_readout	reproducibility	20261031.0		insufficient_rows_or_targets	
scalar_unavailable									2718	200.0	3.0	significant_and_absolute_z_at_least_2	distal_gene_count_residual	graph_readout	no_state	20261013.0		insufficient_rows_or_targets	
scalar_unavailable									2722	200.0	3.0	significant_and_absolute_z_at_least_2	debiased_response_l2_gain	ridge	minimal	20260929.0		insufficient_rows_or_targets	
scalar_unavailable									2726	200.0	3.0	significant_and_absolute_z_at_least_2	debiased_response_l2_gain	ridge	observability	20260912.0		insufficient_rows_or_targets	
scalar_unavailable									2730	200.0	3.0	significant_and_absolute_z_at_least_2	debiased_response_l2_gain	ridge	observability	20261119.0		insufficient_rows_or_targets	
scalar_unavailable									2734	200.0	3.0	significant_and_absolute_z_at_least_2	debiased_response_l2_gain	ridge	reproducibility	20261031.0		insufficient_rows_or_targets	
scalar_unavailable									2738	200.0	3.0	significant_and_absolute_z_at_least_2	debiased_response_l2_gain	ridge	no_state	20261013.0		insufficient_rows_or_targets	
scalar_unavailable									2742	200.0	3.0	significant_and_absolute_z_at_least_2	debiased_response_l2_gain	huber_regression	minimal	20260929.0		insufficient_rows_or_targets	
scalar_unavailable									2746	200.0	3.0	significant_and_absolute_z_at_least_2	debiased_response_l2_gain	huber_regression	observability	20260912.0		insufficient_rows_or_targets	
scalar_unavailable									2750	200.0	3.0	significant_and_absolute_z_at_least_2	debiased_response_l2_gain	huber_regression	observability	20261119.0		insufficient_rows_or_targets	
scalar_unavailable									2754	200.0	3.0	significant_and_absolute_z_at_least_2	debiased_response_l2_gain	huber_regression	reproducibility	20261031.0		insufficient_rows_or_targets	
scalar_unavailable									2758	200.0	3.0	significant_and_absolute_z_at_least_2	debiased_response_l2_gain	huber_regression	no_state	20261013.0		insufficient_rows_or_targets	
scalar_unavailable									2762	200.0	3.0	significant_and_absolute_z_at_least_2	debiased_response_l2_gain	sparse_nonlinear	minimal	20260929.0		insufficient_rows_or_targets	
scalar_unavailable									2766	200.0	3.0	significant_and_absolute_z_at_least_2	debiased_response_l2_gain	sparse_nonlinear	observability	20260912.0		insufficient_rows_or_targets	
scalar_unavailable									2770	200.0	3.0	significant_and_absolute_z_at_least_2	debiased_response_l2_gain	sparse_nonlinear	observability	20261119.0		insufficient_rows_or_targets	
scalar_unavailable									2774	200.0	3.0	significant_and_absolute_z_at_least_2	debiased_response_l2_gain	sparse_nonlinear	reproducibility	20261031.0		insufficient_rows_or_targets	
scalar_unavailable									2778	200.0	3.0	significant_and_absolute_z_at_least_2	debiased_response_l2_gain	sparse_nonlinear	no_state	20261013.0		insufficient_rows_or_targets	
scalar_unavailable									2782	200.0	3.0	significant_and_absolute_z_at_least_2	debiased_response_l2_gain	graph_readout	minimal	20260929.0		insufficient_rows_or_targets	
scalar_unavailable									2786	200.0	3.0	significant_and_absolute_z_at_least_2	debiased_response_l2_gain	graph_readout	observability	20260912.0		insufficient_rows_or_targets	
scalar_unavailable									2790	200.0	3.0	significant_and_absolute_z_at_least_2	debiased_response_l2_gain	graph_readout	observability	20261119.0		insufficient_rows_or_targets	
scalar_unavailable									2794	200.0	3.0	significant_and_absolute_z_at_least_2	debiased_response_l2_gain	graph_readout	reproducibility	20261031.0		insufficient_rows_or_targets	
scalar_unavailable									2798	200.0	3.0	significant_and_absolute_z_at_least_2	debiased_response_l2_gain	graph_readout	no_state	20261013.0		insufficient_rows_or_targets	
scalar_unavailable									2802	200.0	3.0	significant_and_absolute_z_at_least_2	significant_response_l1_gain	ridge	minimal	20260929.0		insufficient_rows_or_targets	
scalar_unavailable									2806	200.0	3.0	significant_and_absolute_z_at_least_2	significant_response_l1_gain	ridge	observability	20260912.0		insufficient_rows_or_targets	
scalar_unavailable									2810	200.0	3.0	significant_and_absolute_z_at_least_2	significant_response_l1_gain	ridge	observability	20261119.0		insufficient_rows_or_targets	
scalar_unavailable									2814	200.0	3.0	significant_and_absolute_z_at_least_2	significant_response_l1_gain	ridge	reproducibility	20261031.0		insufficient_rows_or_targets	
scalar_unavailable									2818	200.0	3.0	significant_and_absolute_z_at_least_2	significant_response_l1_gain	ridge	no_state	20261013.0		insufficient_rows_or_targets	
scalar_unavailable									2822	200.0	3.0	significant_and_absolute_z_at_least_2	significant_response_l1_gain	huber_regression	minimal	20260929.0		insufficient_rows_or_targets	
scalar_unavailable									2826	200.0	3.0	significant_and_absolute_z_at_least_2	significant_response_l1_gain	huber_regression	observability	20260912.0		insufficient_rows_or_targets	
scalar_unavailable									2830	200.0	3.0	significant_and_absolute_z_at_least_2	significant_response_l1_gain	huber_regression	observability	20261119.0		insufficient_rows_or_targets	
scalar_unavailable									2834	200.0	3.0	significant_and_absolute_z_at_least_2	significant_response_l1_gain	huber_regression	reproducibility	20261031.0		insufficient_rows_or_targets	
scalar_unavailable									2838	200.0	3.0	significant_and_absolute_z_at_least_2	significant_response_l1_gain	huber_regression	no_state	20261013.0		insufficient_rows_or_targets	
scalar_unavailable									2842	200.0	3.0	significant_and_absolute_z_at_least_2	significant_response_l1_gain	sparse_nonlinear	minimal	20260929.0		insufficient_rows_or_targets	
scalar_unavailable									2846	200.0	3.0	significant_and_absolute_z_at_least_2	significant_response_l1_gain	sparse_nonlinear	observability	20260912.0		insufficient_rows_or_targets	
scalar_unavailable									2850	200.0	3.0	significant_and_absolute_z_at_least_2	significant_response_l1_gain	sparse_nonlinear	observability	20261119.0		insufficient_rows_or_targets	
scalar_unavailable									2854	200.0	3.0	significant_and_absolute_z_at_least_2	significant_response_l1_gain	sparse_nonlinear	reproducibility	20261031.0		insufficient_rows_or_targets	
scalar_unavailable									2858	200.0	3.0	significant_and_absolute_z_at_least_2	significant_response_l1_gain	sparse_nonlinear	no_state	20261013.0		insufficient_rows_or_targets	
scalar_unavailable									2862	200.0	3.0	significant_and_absolute_z_at_least_2	significant_response_l1_gain	graph_readout	minimal	20260929.0		insufficient_rows_or_targets	
scalar_unavailable									2866	200.0	3.0	significant_and_absolute_z_at_least_2	significant_response_l1_gain	graph_readout	observability	20260912.0		insufficient_rows_or_targets	
scalar_unavailable									2870	200.0	3.0	significant_and_absolute_z_at_least_2	significant_response_l1_gain	graph_readout	observability	20261119.0		insufficient_rows_or_targets	
scalar_unavailable									2874	200.0	3.0	significant_and_absolute_z_at_least_2	significant_response_l1_gain	graph_readout	reproducibility	20261031.0		insufficient_rows_or_targets	
scalar_unavailable									2878	200.0	3.0	significant_and_absolute_z_at_least_2	significant_response_l1_gain	graph_readout	no_state	20261013.0		insufficient_rows_or_targets	
scalar_unavailable									3842	300.0	3.0	significant	distal_gene_count_residual	ridge	minimal	20260929.0		insufficient_rows_or_targets	
scalar_unavailable									3846	300.0	3.0	significant	distal_gene_count_residual	ridge	observability	20260912.0		insufficient_rows_or_targets	
scalar_unavailable									3850	300.0	3.0	significant	distal_gene_count_residual	ridge	observability	20261119.0		insufficient_rows_or_targets	
scalar_unavailable									3854	300.0	3.0	significant	distal_gene_count_residual	ridge	reproducibility	20261031.0		insufficient_rows_or_targets	
scalar_unavailable									3858	300.0	3.0	significant	distal_gene_count_residual	ridge	no_state	20261013.0		insufficient_rows_or_targets	
scalar_unavailable									3862	300.0	3.0	significant	distal_gene_count_residual	huber_regression	minimal	20260929.0		insufficient_rows_or_targets	
scalar_unavailable									3866	300.0	3.0	significant	distal_gene_count_residual	huber_regression	observability	20260912.0		insufficient_rows_or_targets	
scalar_unavailable									3870	300.0	3.0	significant	distal_gene_count_residual	huber_regression	observability	20261119.0		insufficient_rows_or_targets	
scalar_unavailable									3874	300.0	3.0	significant	distal_gene_count_residual	huber_regression	reproducibility	20261031.0		insufficient_rows_or_targets	
scalar_unavailable									3878	300.0	3.0	significant	distal_gene_count_residual	huber_regression	no_state	20261013.0		insufficient_rows_or_targets	
scalar_unavailable									3882	300.0	3.0	significant	distal_gene_count_residual	sparse_nonlinear	minimal	20260929.0		insufficient_rows_or_targets	
scalar_unavailable									3886	300.0	3.0	significant	distal_gene_count_residual	sparse_nonlinear	observability	20260912.0		insufficient_rows_or_targets	
scalar_unavailable									3890	300.0	3.0	significant	distal_gene_count_residual	sparse_nonlinear	observability	20261119.0		insufficient_rows_or_targets	
scalar_unavailable									3894	300.0	3.0	significant	distal_gene_count_residual	sparse_nonlinear	reproducibility	20261031.0		insufficient_rows_or_targets	
scalar_unavailable									3898	300.0	3.0	significant	distal_gene_count_residual	sparse_nonlinear	no_state	20261013.0		insufficient_rows_or_targets	
scalar_unavailable									3902	300.0	3.0	significant	distal_gene_count_residual	graph_readout	minimal	20260929.0		insufficient_rows_or_targets	
scalar_unavailable									3906	300.0	3.0	significant	distal_gene_count_residual	graph_readout	observability	20260912.0		insufficient_rows_or_targets	
scalar_unavailable									3910	300.0	3.0	significant	distal_gene_count_residual	graph_readout	observability	20261119.0		insufficient_rows_or_targets	
scalar_unavailable									3914	300.0	3.0	significant	distal_gene_count_residual	graph_readout	reproducibility	20261031.0		insufficient_rows_or_targets	
scalar_unavailable									3918	300.0	3.0	significant	distal_gene_count_residual	graph_readout	no_state	20261013.0		insufficient_rows_or_targets	
scalar_unavailable									3922	300.0	3.0	significant	debiased_response_l2_gain	ridge	minimal	20260929.0		insufficient_rows_or_targets	
scalar_unavailable									3926	300.0	3.0	significant	debiased_response_l2_gain	ridge	observability	20260912.0		insufficient_rows_or_targets	
scalar_unavailable									3930	300.0	3.0	significant	debiased_response_l2_gain	ridge	observability	20261119.0		insufficient_rows_or_targets	
scalar_unavailable									3934	300.0	3.0	significant	debiased_response_l2_gain	ridge	reproducibility	20261031.0		insufficient_rows_or_targets	
scalar_unavailable									3938	300.0	3.0	significant	debiased_response_l2_gain	ridge	no_state	20261013.0		insufficient_rows_or_targets	
scalar_unavailable									3942	300.0	3.0	significant	debiased_response_l2_gain	huber_regression	minimal	20260929.0		insufficient_rows_or_targets	
scalar_unavailable									3946	300.0	3.0	significant	debiased_response_l2_gain	huber_regression	observability	20260912.0		insufficient_rows_or_targets	
scalar_unavailable									3950	300.0	3.0	significant	debiased_response_l2_gain	huber_regression	observability	20261119.0		insufficient_rows_or_targets	
scalar_unavailable									3954	300.0	3.0	significant	debiased_response_l2_gain	huber_regression	reproducibility	20261031.0		insufficient_rows_or_targets	
scalar_unavailable									3958	300.0	3.0	significant	debiased_response_l2_gain	huber_regression	no_state	20261013.0		insufficient_rows_or_targets	
scalar_unavailable									3962	300.0	3.0	significant	debiased_response_l2_gain	sparse_nonlinear	minimal	20260929.0		insufficient_rows_or_targets	
scalar_unavailable									3966	300.0	3.0	significant	debiased_response_l2_gain	sparse_nonlinear	observability	20260912.0		insufficient_rows_or_targets	
scalar_unavailable									3970	300.0	3.0	significant	debiased_response_l2_gain	sparse_nonlinear	observability	20261119.0		insufficient_rows_or_targets	
scalar_unavailable									3974	300.0	3.0	significant	debiased_response_l2_gain	sparse_nonlinear	reproducibility	20261031.0		insufficient_rows_or_targets	
scalar_unavailable									3978	300.0	3.0	significant	debiased_response_l2_gain	sparse_nonlinear	no_state	20261013.0		insufficient_rows_or_targets	
scalar_unavailable									3982	300.0	3.0	significant	debiased_response_l2_gain	graph_readout	minimal	20260929.0		insufficient_rows_or_targets	
scalar_unavailable									3986	300.0	3.0	significant	debiased_response_l2_gain	graph_readout	observability	20260912.0		insufficient_rows_or_targets	
scalar_unavailable									3990	300.0	3.0	significant	debiased_response_l2_gain	graph_readout	observability	20261119.0		insufficient_rows_or_targets	
scalar_unavailable									3994	300.0	3.0	significant	debiased_response_l2_gain	graph_readout	reproducibility	20261031.0		insufficient_rows_or_targets	
scalar_unavailable									3998	300.0	3.0	significant	debiased_response_l2_gain	graph_readout	no_state	20261013.0		insufficient_rows_or_targets	
scalar_unavailable									4002	300.0	3.0	significant	significant_response_l1_gain	ridge	minimal	20260929.0		insufficient_rows_or_targets	
scalar_unavailable									4006	300.0	3.0	significant	significant_response_l1_gain	ridge	observability	20260912.0		insufficient_rows_or_targets	
scalar_unavailable									4010	300.0	3.0	significant	significant_response_l1_gain	ridge	observability	20261119.0		insufficient_rows_or_targets	
scalar_unavailable									4014	300.0	3.0	significant	significant_response_l1_gain	ridge	reproducibility	20261031.0		insufficient_rows_or_targets	
scalar_unavailable									4018	300.0	3.0	significant	significant_response_l1_gain	ridge	no_state	20261013.0		insufficient_rows_or_targets	
scalar_unavailable									4022	300.0	3.0	significant	significant_response_l1_gain	huber_regression	minimal	20260929.0		insufficient_rows_or_targets	
scalar_unavailable									4026	300.0	3.0	significant	significant_response_l1_gain	huber_regression	observability	20260912.0		insufficient_rows_or_targets	
scalar_unavailable									4030	300.0	3.0	significant	significant_response_l1_gain	huber_regression	observability	20261119.0		insufficient_rows_or_targets	
scalar_unavailable									4034	300.0	3.0	significant	significant_response_l1_gain	huber_regression	reproducibility	20261031.0		insufficient_rows_or_targets	
scalar_unavailable									4038	300.0	3.0	significant	significant_response_l1_gain	huber_regression	no_state	20261013.0		insufficient_rows_or_targets	
scalar_unavailable									4042	300.0	3.0	significant	significant_response_l1_gain	sparse_nonlinear	minimal	20260929.0		insufficient_rows_or_targets	
scalar_unavailable									4046	300.0	3.0	significant	significant_response_l1_gain	sparse_nonlinear	observability	20260912.0		insufficient_rows_or_targets	
scalar_unavailable									4050	300.0	3.0	significant	significant_response_l1_gain	sparse_nonlinear	observability	20261119.0		insufficient_rows_or_targets	
scalar_unavailable									4054	300.0	3.0	significant	significant_response_l1_gain	sparse_nonlinear	reproducibility	20261031.0		insufficient_rows_or_targets	
scalar_unavailable									4058	300.0	3.0	significant	significant_response_l1_gain	sparse_nonlinear	no_state	20261013.0		insufficient_rows_or_targets	
scalar_unavailable									4062	300.0	3.0	significant	significant_response_l1_gain	graph_readout	minimal	20260929.0		insufficient_rows_or_targets	
scalar_unavailable									4066	300.0	3.0	significant	significant_response_l1_gain	graph_readout	observability	20260912.0		insufficient_rows_or_targets	
scalar_unavailable									4070	300.0	3.0	significant	significant_response_l1_gain	graph_readout	observability	20261119.0		insufficient_rows_or_targets	
scalar_unavailable									4074	300.0	3.0	significant	significant_response_l1_gain	graph_readout	reproducibility	20261031.0		insufficient_rows_or_targets	
scalar_unavailable									4078	300.0	3.0	significant	significant_response_l1_gain	graph_readout	no_state	20261013.0		insufficient_rows_or_targets	
scalar_unavailable									4082	300.0	3.0	significant_and_absolute_z_at_least_2	distal_gene_count_residual	ridge	minimal	20260929.0		insufficient_rows_or_targets	
scalar_unavailable									4086	300.0	3.0	significant_and_absolute_z_at_least_2	distal_gene_count_residual	ridge	observability	20260912.0		insufficient_rows_or_targets	
scalar_unavailable									4090	300.0	3.0	significant_and_absolute_z_at_least_2	distal_gene_count_residual	ridge	observability	20261119.0		insufficient_rows_or_targets	
scalar_unavailable									4094	300.0	3.0	significant_and_absolute_z_at_least_2	distal_gene_count_residual	ridge	reproducibility	20261031.0		insufficient_rows_or_targets	
scalar_unavailable									4098	300.0	3.0	significant_and_absolute_z_at_least_2	distal_gene_count_residual	ridge	no_state	20261013.0		insufficient_rows_or_targets	
scalar_unavailable									4102	300.0	3.0	significant_and_absolute_z_at_least_2	distal_gene_count_residual	huber_regression	minimal	20260929.0		insufficient_rows_or_targets	
scalar_unavailable									4106	300.0	3.0	significant_and_absolute_z_at_least_2	distal_gene_count_residual	huber_regression	observability	20260912.0		insufficient_rows_or_targets	
scalar_unavailable									4110	300.0	3.0	significant_and_absolute_z_at_least_2	distal_gene_count_residual	huber_regression	observability	20261119.0		insufficient_rows_or_targets	
scalar_unavailable									4114	300.0	3.0	significant_and_absolute_z_at_least_2	distal_gene_count_residual	huber_regression	reproducibility	20261031.0		insufficient_rows_or_targets	
scalar_unavailable									4118	300.0	3.0	significant_and_absolute_z_at_least_2	distal_gene_count_residual	huber_regression	no_state	20261013.0		insufficient_rows_or_targets	
scalar_unavailable									4122	300.0	3.0	significant_and_absolute_z_at_least_2	distal_gene_count_residual	sparse_nonlinear	minimal	20260929.0		insufficient_rows_or_targets	
scalar_unavailable									4126	300.0	3.0	significant_and_absolute_z_at_least_2	distal_gene_count_residual	sparse_nonlinear	observability	20260912.0		insufficient_rows_or_targets	
scalar_unavailable									4130	300.0	3.0	significant_and_absolute_z_at_least_2	distal_gene_count_residual	sparse_nonlinear	observability	20261119.0		insufficient_rows_or_targets	
scalar_unavailable									4134	300.0	3.0	significant_and_absolute_z_at_least_2	distal_gene_count_residual	sparse_nonlinear	reproducibility	20261031.0		insufficient_rows_or_targets	
scalar_unavailable									4138	300.0	3.0	significant_and_absolute_z_at_least_2	distal_gene_count_residual	sparse_nonlinear	no_state	20261013.0		insufficient_rows_or_targets	
scalar_unavailable									4142	300.0	3.0	significant_and_absolute_z_at_least_2	distal_gene_count_residual	graph_readout	minimal	20260929.0		insufficient_rows_or_targets	
scalar_unavailable									4146	300.0	3.0	significant_and_absolute_z_at_least_2	distal_gene_count_residual	graph_readout	observability	20260912.0		insufficient_rows_or_targets	
scalar_unavailable									4150	300.0	3.0	significant_and_absolute_z_at_least_2	distal_gene_count_residual	graph_readout	observability	20261119.0		insufficient_rows_or_targets	
scalar_unavailable									4154	300.0	3.0	significant_and_absolute_z_at_least_2	distal_gene_count_residual	graph_readout	reproducibility	20261031.0		insufficient_rows_or_targets	
scalar_unavailable									4158	300.0	3.0	significant_and_absolute_z_at_least_2	distal_gene_count_residual	graph_readout	no_state	20261013.0		insufficient_rows_or_targets	
scalar_unavailable									4162	300.0	3.0	significant_and_absolute_z_at_least_2	debiased_response_l2_gain	ridge	minimal	20260929.0		insufficient_rows_or_targets	
scalar_unavailable									4166	300.0	3.0	significant_and_absolute_z_at_least_2	debiased_response_l2_gain	ridge	observability	20260912.0		insufficient_rows_or_targets	
scalar_unavailable									4170	300.0	3.0	significant_and_absolute_z_at_least_2	debiased_response_l2_gain	ridge	observability	20261119.0		insufficient_rows_or_targets	
scalar_unavailable									4174	300.0	3.0	significant_and_absolute_z_at_least_2	debiased_response_l2_gain	ridge	reproducibility	20261031.0		insufficient_rows_or_targets	
scalar_unavailable									4178	300.0	3.0	significant_and_absolute_z_at_least_2	debiased_response_l2_gain	ridge	no_state	20261013.0		insufficient_rows_or_targets	
scalar_unavailable									4182	300.0	3.0	significant_and_absolute_z_at_least_2	debiased_response_l2_gain	huber_regression	minimal	20260929.0		insufficient_rows_or_targets	
scalar_unavailable									4186	300.0	3.0	significant_and_absolute_z_at_least_2	debiased_response_l2_gain	huber_regression	observability	20260912.0		insufficient_rows_or_targets	
scalar_unavailable									4190	300.0	3.0	significant_and_absolute_z_at_least_2	debiased_response_l2_gain	huber_regression	observability	20261119.0		insufficient_rows_or_targets	
scalar_unavailable									4194	300.0	3.0	significant_and_absolute_z_at_least_2	debiased_response_l2_gain	huber_regression	reproducibility	20261031.0		insufficient_rows_or_targets	
scalar_unavailable									4198	300.0	3.0	significant_and_absolute_z_at_least_2	debiased_response_l2_gain	huber_regression	no_state	20261013.0		insufficient_rows_or_targets	
scalar_unavailable									4202	300.0	3.0	significant_and_absolute_z_at_least_2	debiased_response_l2_gain	sparse_nonlinear	minimal	20260929.0		insufficient_rows_or_targets	
scalar_unavailable									4206	300.0	3.0	significant_and_absolute_z_at_least_2	debiased_response_l2_gain	sparse_nonlinear	observability	20260912.0		insufficient_rows_or_targets	
scalar_unavailable									4210	300.0	3.0	significant_and_absolute_z_at_least_2	debiased_response_l2_gain	sparse_nonlinear	observability	20261119.0		insufficient_rows_or_targets	
scalar_unavailable									4214	300.0	3.0	significant_and_absolute_z_at_least_2	debiased_response_l2_gain	sparse_nonlinear	reproducibility	20261031.0		insufficient_rows_or_targets	
scalar_unavailable									4218	300.0	3.0	significant_and_absolute_z_at_least_2	debiased_response_l2_gain	sparse_nonlinear	no_state	20261013.0		insufficient_rows_or_targets	
scalar_unavailable									4222	300.0	3.0	significant_and_absolute_z_at_least_2	debiased_response_l2_gain	graph_readout	minimal	20260929.0		insufficient_rows_or_targets	
scalar_unavailable									4226	300.0	3.0	significant_and_absolute_z_at_least_2	debiased_response_l2_gain	graph_readout	observability	20260912.0		insufficient_rows_or_targets	
scalar_unavailable									4230	300.0	3.0	significant_and_absolute_z_at_least_2	debiased_response_l2_gain	graph_readout	observability	20261119.0		insufficient_rows_or_targets	
scalar_unavailable									4234	300.0	3.0	significant_and_absolute_z_at_least_2	debiased_response_l2_gain	graph_readout	reproducibility	20261031.0		insufficient_rows_or_targets	
scalar_unavailable									4238	300.0	3.0	significant_and_absolute_z_at_least_2	debiased_response_l2_gain	graph_readout	no_state	20261013.0		insufficient_rows_or_targets	
scalar_unavailable									4242	300.0	3.0	significant_and_absolute_z_at_least_2	significant_response_l1_gain	ridge	minimal	20260929.0		insufficient_rows_or_targets	
scalar_unavailable									4246	300.0	3.0	significant_and_absolute_z_at_least_2	significant_response_l1_gain	ridge	observability	20260912.0		insufficient_rows_or_targets	
scalar_unavailable									4250	300.0	3.0	significant_and_absolute_z_at_least_2	significant_response_l1_gain	ridge	observability	20261119.0		insufficient_rows_or_targets	
scalar_unavailable									4254	300.0	3.0	significant_and_absolute_z_at_least_2	significant_response_l1_gain	ridge	reproducibility	20261031.0		insufficient_rows_or_targets	
scalar_unavailable									4258	300.0	3.0	significant_and_absolute_z_at_least_2	significant_response_l1_gain	ridge	no_state	20261013.0		insufficient_rows_or_targets	
scalar_unavailable									4262	300.0	3.0	significant_and_absolute_z_at_least_2	significant_response_l1_gain	huber_regression	minimal	20260929.0		insufficient_rows_or_targets	
scalar_unavailable									4266	300.0	3.0	significant_and_absolute_z_at_least_2	significant_response_l1_gain	huber_regression	observability	20260912.0		insufficient_rows_or_targets	
scalar_unavailable									4270	300.0	3.0	significant_and_absolute_z_at_least_2	significant_response_l1_gain	huber_regression	observability	20261119.0		insufficient_rows_or_targets	
scalar_unavailable									4274	300.0	3.0	significant_and_absolute_z_at_least_2	significant_response_l1_gain	huber_regression	reproducibility	20261031.0		insufficient_rows_or_targets	
scalar_unavailable									4278	300.0	3.0	significant_and_absolute_z_at_least_2	significant_response_l1_gain	huber_regression	no_state	20261013.0		insufficient_rows_or_targets	
scalar_unavailable									4282	300.0	3.0	significant_and_absolute_z_at_least_2	significant_response_l1_gain	sparse_nonlinear	minimal	20260929.0		insufficient_rows_or_targets	
scalar_unavailable									4286	300.0	3.0	significant_and_absolute_z_at_least_2	significant_response_l1_gain	sparse_nonlinear	observability	20260912.0		insufficient_rows_or_targets	
scalar_unavailable									4290	300.0	3.0	significant_and_absolute_z_at_least_2	significant_response_l1_gain	sparse_nonlinear	observability	20261119.0		insufficient_rows_or_targets	
scalar_unavailable									4294	300.0	3.0	significant_and_absolute_z_at_least_2	significant_response_l1_gain	sparse_nonlinear	reproducibility	20261031.0		insufficient_rows_or_targets	
scalar_unavailable									4298	300.0	3.0	significant_and_absolute_z_at_least_2	significant_response_l1_gain	sparse_nonlinear	no_state	20261013.0		insufficient_rows_or_targets	
scalar_unavailable									4302	300.0	3.0	significant_and_absolute_z_at_least_2	significant_response_l1_gain	graph_readout	minimal	20260929.0		insufficient_rows_or_targets	
scalar_unavailable									4306	300.0	3.0	significant_and_absolute_z_at_least_2	significant_response_l1_gain	graph_readout	observability	20260912.0		insufficient_rows_or_targets	
scalar_unavailable									4310	300.0	3.0	significant_and_absolute_z_at_least_2	significant_response_l1_gain	graph_readout	observability	20261119.0		insufficient_rows_or_targets	
scalar_unavailable									4314	300.0	3.0	significant_and_absolute_z_at_least_2	significant_response_l1_gain	graph_readout	reproducibility	20261031.0		insufficient_rows_or_targets	
scalar_unavailable									4318	300.0	3.0	significant_and_absolute_z_at_least_2	significant_response_l1_gain	graph_readout	no_state	20261013.0		insufficient_rows_or_targets	
scalar_unavailable									963	100.0	3.0	significant	distal_gene_count_residual	ridge	minimal	20261013.0		insufficient_rows_or_targets	
scalar_unavailable									967	100.0	3.0	significant	distal_gene_count_residual	ridge	observability	20260929.0		insufficient_rows_or_targets	
scalar_unavailable									971	100.0	3.0	significant	distal_gene_count_residual	ridge	reproducibility	20260912.0		insufficient_rows_or_targets	
scalar_unavailable									975	100.0	3.0	significant	distal_gene_count_residual	ridge	reproducibility	20261119.0		insufficient_rows_or_targets	
scalar_unavailable									979	100.0	3.0	significant	distal_gene_count_residual	ridge	no_state	20261031.0		insufficient_rows_or_targets	
scalar_unavailable									983	100.0	3.0	significant	distal_gene_count_residual	huber_regression	minimal	20261013.0		insufficient_rows_or_targets	
scalar_unavailable									987	100.0	3.0	significant	distal_gene_count_residual	huber_regression	observability	20260929.0		insufficient_rows_or_targets	
scalar_unavailable									991	100.0	3.0	significant	distal_gene_count_residual	huber_regression	reproducibility	20260912.0		insufficient_rows_or_targets	
scalar_unavailable									995	100.0	3.0	significant	distal_gene_count_residual	huber_regression	reproducibility	20261119.0		insufficient_rows_or_targets	
scalar_unavailable									999	100.0	3.0	significant	distal_gene_count_residual	huber_regression	no_state	20261031.0		insufficient_rows_or_targets	
scalar_unavailable									1003	100.0	3.0	significant	distal_gene_count_residual	sparse_nonlinear	minimal	20261013.0		insufficient_rows_or_targets	
scalar_unavailable									1007	100.0	3.0	significant	distal_gene_count_residual	sparse_nonlinear	observability	20260929.0		insufficient_rows_or_targets	
scalar_unavailable									1011	100.0	3.0	significant	distal_gene_count_residual	sparse_nonlinear	reproducibility	20260912.0		insufficient_rows_or_targets	
scalar_unavailable									1015	100.0	3.0	significant	distal_gene_count_residual	sparse_nonlinear	reproducibility	20261119.0		insufficient_rows_or_targets	
scalar_unavailable									1019	100.0	3.0	significant	distal_gene_count_residual	sparse_nonlinear	no_state	20261031.0		insufficient_rows_or_targets	
scalar_unavailable									1023	100.0	3.0	significant	distal_gene_count_residual	graph_readout	minimal	20261013.0		insufficient_rows_or_targets	
scalar_unavailable									1027	100.0	3.0	significant	distal_gene_count_residual	graph_readout	observability	20260929.0		insufficient_rows_or_targets	
scalar_unavailable									1031	100.0	3.0	significant	distal_gene_count_residual	graph_readout	reproducibility	20260912.0		insufficient_rows_or_targets	
scalar_unavailable									1035	100.0	3.0	significant	distal_gene_count_residual	graph_readout	reproducibility	20261119.0		insufficient_rows_or_targets	
scalar_unavailable									1039	100.0	3.0	significant	distal_gene_count_residual	graph_readout	no_state	20261031.0		insufficient_rows_or_targets	
scalar_unavailable									1043	100.0	3.0	significant	debiased_response_l2_gain	ridge	minimal	20261013.0		insufficient_rows_or_targets	
scalar_unavailable									1047	100.0	3.0	significant	debiased_response_l2_gain	ridge	observability	20260929.0		insufficient_rows_or_targets	
scalar_unavailable									1051	100.0	3.0	significant	debiased_response_l2_gain	ridge	reproducibility	20260912.0		insufficient_rows_or_targets	
scalar_unavailable									1055	100.0	3.0	significant	debiased_response_l2_gain	ridge	reproducibility	20261119.0		insufficient_rows_or_targets	
scalar_unavailable									1059	100.0	3.0	significant	debiased_response_l2_gain	ridge	no_state	20261031.0		insufficient_rows_or_targets	
scalar_unavailable									1063	100.0	3.0	significant	debiased_response_l2_gain	huber_regression	minimal	20261013.0		insufficient_rows_or_targets	
scalar_unavailable									1067	100.0	3.0	significant	debiased_response_l2_gain	huber_regression	observability	20260929.0		insufficient_rows_or_targets	
scalar_unavailable									1071	100.0	3.0	significant	debiased_response_l2_gain	huber_regression	reproducibility	20260912.0		insufficient_rows_or_targets	
scalar_unavailable									1075	100.0	3.0	significant	debiased_response_l2_gain	huber_regression	reproducibility	20261119.0		insufficient_rows_or_targets	
scalar_unavailable									1079	100.0	3.0	significant	debiased_response_l2_gain	huber_regression	no_state	20261031.0		insufficient_rows_or_targets	
scalar_unavailable									1083	100.0	3.0	significant	debiased_response_l2_gain	sparse_nonlinear	minimal	20261013.0		insufficient_rows_or_targets	
scalar_unavailable									1087	100.0	3.0	significant	debiased_response_l2_gain	sparse_nonlinear	observability	20260929.0		insufficient_rows_or_targets	
scalar_unavailable									1091	100.0	3.0	significant	debiased_response_l2_gain	sparse_nonlinear	reproducibility	20260912.0		insufficient_rows_or_targets	
scalar_unavailable									1095	100.0	3.0	significant	debiased_response_l2_gain	sparse_nonlinear	reproducibility	20261119.0		insufficient_rows_or_targets	
scalar_unavailable									1099	100.0	3.0	significant	debiased_response_l2_gain	sparse_nonlinear	no_state	20261031.0		insufficient_rows_or_targets	
scalar_unavailable									1103	100.0	3.0	significant	debiased_response_l2_gain	graph_readout	minimal	20261013.0		insufficient_rows_or_targets	
scalar_unavailable									1107	100.0	3.0	significant	debiased_response_l2_gain	graph_readout	observability	20260929.0		insufficient_rows_or_targets	
scalar_unavailable									1111	100.0	3.0	significant	debiased_response_l2_gain	graph_readout	reproducibility	20260912.0		insufficient_rows_or_targets	
scalar_unavailable									1115	100.0	3.0	significant	debiased_response_l2_gain	graph_readout	reproducibility	20261119.0		insufficient_rows_or_targets	
scalar_unavailable									1119	100.0	3.0	significant	debiased_response_l2_gain	graph_readout	no_state	20261031.0		insufficient_rows_or_targets	
scalar_unavailable									1123	100.0	3.0	significant	significant_response_l1_gain	ridge	minimal	20261013.0		insufficient_rows_or_targets	
scalar_unavailable									1127	100.0	3.0	significant	significant_response_l1_gain	ridge	observability	20260929.0		insufficient_rows_or_targets	
scalar_unavailable									1131	100.0	3.0	significant	significant_response_l1_gain	ridge	reproducibility	20260912.0		insufficient_rows_or_targets	
scalar_unavailable									1135	100.0	3.0	significant	significant_response_l1_gain	ridge	reproducibility	20261119.0		insufficient_rows_or_targets	
scalar_unavailable									1139	100.0	3.0	significant	significant_response_l1_gain	ridge	no_state	20261031.0		insufficient_rows_or_targets	
scalar_unavailable									1143	100.0	3.0	significant	significant_response_l1_gain	huber_regression	minimal	20261013.0		insufficient_rows_or_targets	
scalar_unavailable									1147	100.0	3.0	significant	significant_response_l1_gain	huber_regression	observability	20260929.0		insufficient_rows_or_targets	
scalar_unavailable									1151	100.0	3.0	significant	significant_response_l1_gain	huber_regression	reproducibility	20260912.0		insufficient_rows_or_targets	
scalar_unavailable									1155	100.0	3.0	significant	significant_response_l1_gain	huber_regression	reproducibility	20261119.0		insufficient_rows_or_targets	
scalar_unavailable									1159	100.0	3.0	significant	significant_response_l1_gain	huber_regression	no_state	20261031.0		insufficient_rows_or_targets	
scalar_unavailable									1163	100.0	3.0	significant	significant_response_l1_gain	sparse_nonlinear	minimal	20261013.0		insufficient_rows_or_targets	
scalar_unavailable									1167	100.0	3.0	significant	significant_response_l1_gain	sparse_nonlinear	observability	20260929.0		insufficient_rows_or_targets	
scalar_unavailable									1171	100.0	3.0	significant	significant_response_l1_gain	sparse_nonlinear	reproducibility	20260912.0		insufficient_rows_or_targets	
scalar_unavailable									1175	100.0	3.0	significant	significant_response_l1_gain	sparse_nonlinear	reproducibility	20261119.0		insufficient_rows_or_targets	
scalar_unavailable									1179	100.0	3.0	significant	significant_response_l1_gain	sparse_nonlinear	no_state	20261031.0		insufficient_rows_or_targets	
scalar_unavailable									1183	100.0	3.0	significant	significant_response_l1_gain	graph_readout	minimal	20261013.0		insufficient_rows_or_targets	
scalar_unavailable									1187	100.0	3.0	significant	significant_response_l1_gain	graph_readout	observability	20260929.0		insufficient_rows_or_targets	
scalar_unavailable									1191	100.0	3.0	significant	significant_response_l1_gain	graph_readout	reproducibility	20260912.0		insufficient_rows_or_targets	
scalar_unavailable									1195	100.0	3.0	significant	significant_response_l1_gain	graph_readout	reproducibility	20261119.0		insufficient_rows_or_targets	
scalar_unavailable									1199	100.0	3.0	significant	significant_response_l1_gain	graph_readout	no_state	20261031.0		insufficient_rows_or_targets	
scalar_unavailable									1203	100.0	3.0	significant_and_absolute_z_at_least_2	distal_gene_count_residual	ridge	minimal	20261013.0		insufficient_rows_or_targets	
scalar_unavailable									1207	100.0	3.0	significant_and_absolute_z_at_least_2	distal_gene_count_residual	ridge	observability	20260929.0		insufficient_rows_or_targets	
scalar_unavailable									1211	100.0	3.0	significant_and_absolute_z_at_least_2	distal_gene_count_residual	ridge	reproducibility	20260912.0		insufficient_rows_or_targets	
scalar_unavailable									1215	100.0	3.0	significant_and_absolute_z_at_least_2	distal_gene_count_residual	ridge	reproducibility	20261119.0		insufficient_rows_or_targets	
scalar_unavailable									1219	100.0	3.0	significant_and_absolute_z_at_least_2	distal_gene_count_residual	ridge	no_state	20261031.0		insufficient_rows_or_targets	
scalar_unavailable									1223	100.0	3.0	significant_and_absolute_z_at_least_2	distal_gene_count_residual	huber_regression	minimal	20261013.0		insufficient_rows_or_targets	
scalar_unavailable									1227	100.0	3.0	significant_and_absolute_z_at_least_2	distal_gene_count_residual	huber_regression	observability	20260929.0		insufficient_rows_or_targets	
scalar_unavailable									1231	100.0	3.0	significant_and_absolute_z_at_least_2	distal_gene_count_residual	huber_regression	reproducibility	20260912.0		insufficient_rows_or_targets	
scalar_unavailable									1235	100.0	3.0	significant_and_absolute_z_at_least_2	distal_gene_count_residual	huber_regression	reproducibility	20261119.0		insufficient_rows_or_targets	
scalar_unavailable									1239	100.0	3.0	significant_and_absolute_z_at_least_2	distal_gene_count_residual	huber_regression	no_state	20261031.0		insufficient_rows_or_targets	
scalar_unavailable									1243	100.0	3.0	significant_and_absolute_z_at_least_2	distal_gene_count_residual	sparse_nonlinear	minimal	20261013.0		insufficient_rows_or_targets	
scalar_unavailable									1247	100.0	3.0	significant_and_absolute_z_at_least_2	distal_gene_count_residual	sparse_nonlinear	observability	20260929.0		insufficient_rows_or_targets	
scalar_unavailable									1251	100.0	3.0	significant_and_absolute_z_at_least_2	distal_gene_count_residual	sparse_nonlinear	reproducibility	20260912.0		insufficient_rows_or_targets	
scalar_unavailable									1255	100.0	3.0	significant_and_absolute_z_at_least_2	distal_gene_count_residual	sparse_nonlinear	reproducibility	20261119.0		insufficient_rows_or_targets	
scalar_unavailable									1259	100.0	3.0	significant_and_absolute_z_at_least_2	distal_gene_count_residual	sparse_nonlinear	no_state	20261031.0		insufficient_rows_or_targets	
scalar_unavailable									1263	100.0	3.0	significant_and_absolute_z_at_least_2	distal_gene_count_residual	graph_readout	minimal	20261013.0		insufficient_rows_or_targets	
scalar_unavailable									1267	100.0	3.0	significant_and_absolute_z_at_least_2	distal_gene_count_residual	graph_readout	observability	20260929.0		insufficient_rows_or_targets	
scalar_unavailable									1271	100.0	3.0	significant_and_absolute_z_at_least_2	distal_gene_count_residual	graph_readout	reproducibility	20260912.0		insufficient_rows_or_targets	
scalar_unavailable									1275	100.0	3.0	significant_and_absolute_z_at_least_2	distal_gene_count_residual	graph_readout	reproducibility	20261119.0		insufficient_rows_or_targets	
scalar_unavailable									1279	100.0	3.0	significant_and_absolute_z_at_least_2	distal_gene_count_residual	graph_readout	no_state	20261031.0		insufficient_rows_or_targets	
scalar_unavailable									1283	100.0	3.0	significant_and_absolute_z_at_least_2	debiased_response_l2_gain	ridge	minimal	20261013.0		insufficient_rows_or_targets	
scalar_unavailable									1287	100.0	3.0	significant_and_absolute_z_at_least_2	debiased_response_l2_gain	ridge	observability	20260929.0		insufficient_rows_or_targets	
scalar_unavailable									1291	100.0	3.0	significant_and_absolute_z_at_least_2	debiased_response_l2_gain	ridge	reproducibility	20260912.0		insufficient_rows_or_targets	
scalar_unavailable									1295	100.0	3.0	significant_and_absolute_z_at_least_2	debiased_response_l2_gain	ridge	reproducibility	20261119.0		insufficient_rows_or_targets	
scalar_unavailable									1299	100.0	3.0	significant_and_absolute_z_at_least_2	debiased_response_l2_gain	ridge	no_state	20261031.0		insufficient_rows_or_targets	
scalar_unavailable									1303	100.0	3.0	significant_and_absolute_z_at_least_2	debiased_response_l2_gain	huber_regression	minimal	20261013.0		insufficient_rows_or_targets	
scalar_unavailable									1307	100.0	3.0	significant_and_absolute_z_at_least_2	debiased_response_l2_gain	huber_regression	observability	20260929.0		insufficient_rows_or_targets	
scalar_unavailable									1311	100.0	3.0	significant_and_absolute_z_at_least_2	debiased_response_l2_gain	huber_regression	reproducibility	20260912.0		insufficient_rows_or_targets	
scalar_unavailable									1315	100.0	3.0	significant_and_absolute_z_at_least_2	debiased_response_l2_gain	huber_regression	reproducibility	20261119.0		insufficient_rows_or_targets	
scalar_unavailable									1319	100.0	3.0	significant_and_absolute_z_at_least_2	debiased_response_l2_gain	huber_regression	no_state	20261031.0		insufficient_rows_or_targets	
scalar_unavailable									1323	100.0	3.0	significant_and_absolute_z_at_least_2	debiased_response_l2_gain	sparse_nonlinear	minimal	20261013.0		insufficient_rows_or_targets	
scalar_unavailable									1327	100.0	3.0	significant_and_absolute_z_at_least_2	debiased_response_l2_gain	sparse_nonlinear	observability	20260929.0		insufficient_rows_or_targets	
scalar_unavailable									1331	100.0	3.0	significant_and_absolute_z_at_least_2	debiased_response_l2_gain	sparse_nonlinear	reproducibility	20260912.0		insufficient_rows_or_targets	
scalar_unavailable									1335	100.0	3.0	significant_and_absolute_z_at_least_2	debiased_response_l2_gain	sparse_nonlinear	reproducibility	20261119.0		insufficient_rows_or_targets	
scalar_unavailable									1339	100.0	3.0	significant_and_absolute_z_at_least_2	debiased_response_l2_gain	sparse_nonlinear	no_state	20261031.0		insufficient_rows_or_targets	
scalar_unavailable									1343	100.0	3.0	significant_and_absolute_z_at_least_2	debiased_response_l2_gain	graph_readout	minimal	20261013.0		insufficient_rows_or_targets	
scalar_unavailable									1347	100.0	3.0	significant_and_absolute_z_at_least_2	debiased_response_l2_gain	graph_readout	observability	20260929.0		insufficient_rows_or_targets	
scalar_unavailable									1351	100.0	3.0	significant_and_absolute_z_at_least_2	debiased_response_l2_gain	graph_readout	reproducibility	20260912.0		insufficient_rows_or_targets	
scalar_unavailable									1355	100.0	3.0	significant_and_absolute_z_at_least_2	debiased_response_l2_gain	graph_readout	reproducibility	20261119.0		insufficient_rows_or_targets	
scalar_unavailable									1359	100.0	3.0	significant_and_absolute_z_at_least_2	debiased_response_l2_gain	graph_readout	no_state	20261031.0		insufficient_rows_or_targets	
scalar_unavailable									1363	100.0	3.0	significant_and_absolute_z_at_least_2	significant_response_l1_gain	ridge	minimal	20261013.0		insufficient_rows_or_targets	
scalar_unavailable									1367	100.0	3.0	significant_and_absolute_z_at_least_2	significant_response_l1_gain	ridge	observability	20260929.0		insufficient_rows_or_targets	
scalar_unavailable									1371	100.0	3.0	significant_and_absolute_z_at_least_2	significant_response_l1_gain	ridge	reproducibility	20260912.0		insufficient_rows_or_targets	
scalar_unavailable									1375	100.0	3.0	significant_and_absolute_z_at_least_2	significant_response_l1_gain	ridge	reproducibility	20261119.0		insufficient_rows_or_targets	
scalar_unavailable									1379	100.0	3.0	significant_and_absolute_z_at_least_2	significant_response_l1_gain	ridge	no_state	20261031.0		insufficient_rows_or_targets	
scalar_unavailable									1383	100.0	3.0	significant_and_absolute_z_at_least_2	significant_response_l1_gain	huber_regression	minimal	20261013.0		insufficient_rows_or_targets	
scalar_unavailable									1387	100.0	3.0	significant_and_absolute_z_at_least_2	significant_response_l1_gain	huber_regression	observability	20260929.0		insufficient_rows_or_targets	
scalar_unavailable									1391	100.0	3.0	significant_and_absolute_z_at_least_2	significant_response_l1_gain	huber_regression	reproducibility	20260912.0		insufficient_rows_or_targets	
scalar_unavailable									1395	100.0	3.0	significant_and_absolute_z_at_least_2	significant_response_l1_gain	huber_regression	reproducibility	20261119.0		insufficient_rows_or_targets	
scalar_unavailable									1399	100.0	3.0	significant_and_absolute_z_at_least_2	significant_response_l1_gain	huber_regression	no_state	20261031.0		insufficient_rows_or_targets	
scalar_unavailable									1403	100.0	3.0	significant_and_absolute_z_at_least_2	significant_response_l1_gain	sparse_nonlinear	minimal	20261013.0		insufficient_rows_or_targets	
scalar_unavailable									1407	100.0	3.0	significant_and_absolute_z_at_least_2	significant_response_l1_gain	sparse_nonlinear	observability	20260929.0		insufficient_rows_or_targets	
scalar_unavailable									1411	100.0	3.0	significant_and_absolute_z_at_least_2	significant_response_l1_gain	sparse_nonlinear	reproducibility	20260912.0		insufficient_rows_or_targets	
scalar_unavailable									1415	100.0	3.0	significant_and_absolute_z_at_least_2	significant_response_l1_gain	sparse_nonlinear	reproducibility	20261119.0		insufficient_rows_or_targets	
scalar_unavailable									1419	100.0	3.0	significant_and_absolute_z_at_least_2	significant_response_l1_gain	sparse_nonlinear	no_state	20261031.0		insufficient_rows_or_targets	
scalar_unavailable									1423	100.0	3.0	significant_and_absolute_z_at_least_2	significant_response_l1_gain	graph_readout	minimal	20261013.0		insufficient_rows_or_targets	
scalar_unavailable									1427	100.0	3.0	significant_and_absolute_z_at_least_2	significant_response_l1_gain	graph_readout	observability	20260929.0		insufficient_rows_or_targets	
scalar_unavailable									1431	100.0	3.0	significant_and_absolute_z_at_least_2	significant_response_l1_gain	graph_readout	reproducibility	20260912.0		insufficient_rows_or_targets	
scalar_unavailable									1435	100.0	3.0	significant_and_absolute_z_at_least_2	significant_response_l1_gain	graph_readout	reproducibility	20261119.0		insufficient_rows_or_targets	
scalar_unavailable									1439	100.0	3.0	significant_and_absolute_z_at_least_2	significant_response_l1_gain	graph_readout	no_state	20261031.0		insufficient_rows_or_targets	
scalar_unavailable									2403	200.0	3.0	significant	distal_gene_count_residual	ridge	minimal	20261013.0		insufficient_rows_or_targets	
scalar_unavailable									2407	200.0	3.0	significant	distal_gene_count_residual	ridge	observability	20260929.0		insufficient_rows_or_targets	
scalar_unavailable									2411	200.0	3.0	significant	distal_gene_count_residual	ridge	reproducibility	20260912.0		insufficient_rows_or_targets	
scalar_unavailable									2415	200.0	3.0	significant	distal_gene_count_residual	ridge	reproducibility	20261119.0		insufficient_rows_or_targets	
scalar_unavailable									2419	200.0	3.0	significant	distal_gene_count_residual	ridge	no_state	20261031.0		insufficient_rows_or_targets	
scalar_unavailable									2423	200.0	3.0	significant	distal_gene_count_residual	huber_regression	minimal	20261013.0		insufficient_rows_or_targets	
scalar_unavailable									2427	200.0	3.0	significant	distal_gene_count_residual	huber_regression	observability	20260929.0		insufficient_rows_or_targets	
scalar_unavailable									2431	200.0	3.0	significant	distal_gene_count_residual	huber_regression	reproducibility	20260912.0		insufficient_rows_or_targets	
scalar_unavailable									2435	200.0	3.0	significant	distal_gene_count_residual	huber_regression	reproducibility	20261119.0		insufficient_rows_or_targets	
scalar_unavailable									2439	200.0	3.0	significant	distal_gene_count_residual	huber_regression	no_state	20261031.0		insufficient_rows_or_targets	
scalar_unavailable									2443	200.0	3.0	significant	distal_gene_count_residual	sparse_nonlinear	minimal	20261013.0		insufficient_rows_or_targets	
scalar_unavailable									2447	200.0	3.0	significant	distal_gene_count_residual	sparse_nonlinear	observability	20260929.0		insufficient_rows_or_targets	
scalar_unavailable									2451	200.0	3.0	significant	distal_gene_count_residual	sparse_nonlinear	reproducibility	20260912.0		insufficient_rows_or_targets	
scalar_unavailable									2455	200.0	3.0	significant	distal_gene_count_residual	sparse_nonlinear	reproducibility	20261119.0		insufficient_rows_or_targets	
scalar_unavailable									2459	200.0	3.0	significant	distal_gene_count_residual	sparse_nonlinear	no_state	20261031.0		insufficient_rows_or_targets	
scalar_unavailable									2463	200.0	3.0	significant	distal_gene_count_residual	graph_readout	minimal	20261013.0		insufficient_rows_or_targets	
scalar_unavailable									2467	200.0	3.0	significant	distal_gene_count_residual	graph_readout	observability	20260929.0		insufficient_rows_or_targets	
scalar_unavailable									2471	200.0	3.0	significant	distal_gene_count_residual	graph_readout	reproducibility	20260912.0		insufficient_rows_or_targets	
scalar_unavailable									2475	200.0	3.0	significant	distal_gene_count_residual	graph_readout	reproducibility	20261119.0		insufficient_rows_or_targets	
scalar_unavailable									2479	200.0	3.0	significant	distal_gene_count_residual	graph_readout	no_state	20261031.0		insufficient_rows_or_targets	
scalar_unavailable									2483	200.0	3.0	significant	debiased_response_l2_gain	ridge	minimal	20261013.0		insufficient_rows_or_targets	
scalar_unavailable									2487	200.0	3.0	significant	debiased_response_l2_gain	ridge	observability	20260929.0		insufficient_rows_or_targets	
scalar_unavailable									2491	200.0	3.0	significant	debiased_response_l2_gain	ridge	reproducibility	20260912.0		insufficient_rows_or_targets	
scalar_unavailable									2495	200.0	3.0	significant	debiased_response_l2_gain	ridge	reproducibility	20261119.0		insufficient_rows_or_targets	
scalar_unavailable									2499	200.0	3.0	significant	debiased_response_l2_gain	ridge	no_state	20261031.0		insufficient_rows_or_targets	
scalar_unavailable									2503	200.0	3.0	significant	debiased_response_l2_gain	huber_regression	minimal	20261013.0		insufficient_rows_or_targets	
scalar_unavailable									2507	200.0	3.0	significant	debiased_response_l2_gain	huber_regression	observability	20260929.0		insufficient_rows_or_targets	
scalar_unavailable									2511	200.0	3.0	significant	debiased_response_l2_gain	huber_regression	reproducibility	20260912.0		insufficient_rows_or_targets	
scalar_unavailable									2515	200.0	3.0	significant	debiased_response_l2_gain	huber_regression	reproducibility	20261119.0		insufficient_rows_or_targets	
scalar_unavailable									2519	200.0	3.0	significant	debiased_response_l2_gain	huber_regression	no_state	20261031.0		insufficient_rows_or_targets	
scalar_unavailable									2523	200.0	3.0	significant	debiased_response_l2_gain	sparse_nonlinear	minimal	20261013.0		insufficient_rows_or_targets	
scalar_unavailable									2527	200.0	3.0	significant	debiased_response_l2_gain	sparse_nonlinear	observability	20260929.0		insufficient_rows_or_targets	
scalar_unavailable									2531	200.0	3.0	significant	debiased_response_l2_gain	sparse_nonlinear	reproducibility	20260912.0		insufficient_rows_or_targets	
scalar_unavailable									2535	200.0	3.0	significant	debiased_response_l2_gain	sparse_nonlinear	reproducibility	20261119.0		insufficient_rows_or_targets	
scalar_unavailable									2539	200.0	3.0	significant	debiased_response_l2_gain	sparse_nonlinear	no_state	20261031.0		insufficient_rows_or_targets	
scalar_unavailable									2543	200.0	3.0	significant	debiased_response_l2_gain	graph_readout	minimal	20261013.0		insufficient_rows_or_targets	
scalar_unavailable									2547	200.0	3.0	significant	debiased_response_l2_gain	graph_readout	observability	20260929.0		insufficient_rows_or_targets	
scalar_unavailable									2551	200.0	3.0	significant	debiased_response_l2_gain	graph_readout	reproducibility	20260912.0		insufficient_rows_or_targets	
scalar_unavailable									2555	200.0	3.0	significant	debiased_response_l2_gain	graph_readout	reproducibility	20261119.0		insufficient_rows_or_targets	
scalar_unavailable									2559	200.0	3.0	significant	debiased_response_l2_gain	graph_readout	no_state	20261031.0		insufficient_rows_or_targets	
scalar_unavailable									2563	200.0	3.0	significant	significant_response_l1_gain	ridge	minimal	20261013.0		insufficient_rows_or_targets	
scalar_unavailable									2567	200.0	3.0	significant	significant_response_l1_gain	ridge	observability	20260929.0		insufficient_rows_or_targets	
scalar_unavailable									2571	200.0	3.0	significant	significant_response_l1_gain	ridge	reproducibility	20260912.0		insufficient_rows_or_targets	
scalar_unavailable									2575	200.0	3.0	significant	significant_response_l1_gain	ridge	reproducibility	20261119.0		insufficient_rows_or_targets	
scalar_unavailable									2579	200.0	3.0	significant	significant_response_l1_gain	ridge	no_state	20261031.0		insufficient_rows_or_targets	
scalar_unavailable									2583	200.0	3.0	significant	significant_response_l1_gain	huber_regression	minimal	20261013.0		insufficient_rows_or_targets	
scalar_unavailable									2587	200.0	3.0	significant	significant_response_l1_gain	huber_regression	observability	20260929.0		insufficient_rows_or_targets	
scalar_unavailable									2591	200.0	3.0	significant	significant_response_l1_gain	huber_regression	reproducibility	20260912.0		insufficient_rows_or_targets	
scalar_unavailable									2595	200.0	3.0	significant	significant_response_l1_gain	huber_regression	reproducibility	20261119.0		insufficient_rows_or_targets	
scalar_unavailable									2599	200.0	3.0	significant	significant_response_l1_gain	huber_regression	no_state	20261031.0		insufficient_rows_or_targets	
scalar_unavailable									2603	200.0	3.0	significant	significant_response_l1_gain	sparse_nonlinear	minimal	20261013.0		insufficient_rows_or_targets	
scalar_unavailable									2607	200.0	3.0	significant	significant_response_l1_gain	sparse_nonlinear	observability	20260929.0		insufficient_rows_or_targets	
scalar_unavailable									2611	200.0	3.0	significant	significant_response_l1_gain	sparse_nonlinear	reproducibility	20260912.0		insufficient_rows_or_targets	
scalar_unavailable									2615	200.0	3.0	significant	significant_response_l1_gain	sparse_nonlinear	reproducibility	20261119.0		insufficient_rows_or_targets	
scalar_unavailable									2619	200.0	3.0	significant	significant_response_l1_gain	sparse_nonlinear	no_state	20261031.0		insufficient_rows_or_targets	
scalar_unavailable									2623	200.0	3.0	significant	significant_response_l1_gain	graph_readout	minimal	20261013.0		insufficient_rows_or_targets	
scalar_unavailable									2627	200.0	3.0	significant	significant_response_l1_gain	graph_readout	observability	20260929.0		insufficient_rows_or_targets	
scalar_unavailable									2631	200.0	3.0	significant	significant_response_l1_gain	graph_readout	reproducibility	20260912.0		insufficient_rows_or_targets	
scalar_unavailable									2635	200.0	3.0	significant	significant_response_l1_gain	graph_readout	reproducibility	20261119.0		insufficient_rows_or_targets	
scalar_unavailable									2639	200.0	3.0	significant	significant_response_l1_gain	graph_readout	no_state	20261031.0		insufficient_rows_or_targets	
scalar_unavailable									2643	200.0	3.0	significant_and_absolute_z_at_least_2	distal_gene_count_residual	ridge	minimal	20261013.0		insufficient_rows_or_targets	
scalar_unavailable									2647	200.0	3.0	significant_and_absolute_z_at_least_2	distal_gene_count_residual	ridge	observability	20260929.0		insufficient_rows_or_targets	
scalar_unavailable									2651	200.0	3.0	significant_and_absolute_z_at_least_2	distal_gene_count_residual	ridge	reproducibility	20260912.0		insufficient_rows_or_targets	
scalar_unavailable									2655	200.0	3.0	significant_and_absolute_z_at_least_2	distal_gene_count_residual	ridge	reproducibility	20261119.0		insufficient_rows_or_targets	
scalar_unavailable									2659	200.0	3.0	significant_and_absolute_z_at_least_2	distal_gene_count_residual	ridge	no_state	20261031.0		insufficient_rows_or_targets	
scalar_unavailable									2663	200.0	3.0	significant_and_absolute_z_at_least_2	distal_gene_count_residual	huber_regression	minimal	20261013.0		insufficient_rows_or_targets	
scalar_unavailable									2667	200.0	3.0	significant_and_absolute_z_at_least_2	distal_gene_count_residual	huber_regression	observability	20260929.0		insufficient_rows_or_targets	
scalar_unavailable									2671	200.0	3.0	significant_and_absolute_z_at_least_2	distal_gene_count_residual	huber_regression	reproducibility	20260912.0		insufficient_rows_or_targets	
scalar_unavailable									2675	200.0	3.0	significant_and_absolute_z_at_least_2	distal_gene_count_residual	huber_regression	reproducibility	20261119.0		insufficient_rows_or_targets	
scalar_unavailable									2679	200.0	3.0	significant_and_absolute_z_at_least_2	distal_gene_count_residual	huber_regression	no_state	20261031.0		insufficient_rows_or_targets	
scalar_unavailable									2683	200.0	3.0	significant_and_absolute_z_at_least_2	distal_gene_count_residual	sparse_nonlinear	minimal	20261013.0		insufficient_rows_or_targets	
scalar_unavailable									2687	200.0	3.0	significant_and_absolute_z_at_least_2	distal_gene_count_residual	sparse_nonlinear	observability	20260929.0		insufficient_rows_or_targets	
scalar_unavailable									2691	200.0	3.0	significant_and_absolute_z_at_least_2	distal_gene_count_residual	sparse_nonlinear	reproducibility	20260912.0		insufficient_rows_or_targets	
scalar_unavailable									2695	200.0	3.0	significant_and_absolute_z_at_least_2	distal_gene_count_residual	sparse_nonlinear	reproducibility	20261119.0		insufficient_rows_or_targets	
scalar_unavailable									2699	200.0	3.0	significant_and_absolute_z_at_least_2	distal_gene_count_residual	sparse_nonlinear	no_state	20261031.0		insufficient_rows_or_targets	
scalar_unavailable									2703	200.0	3.0	significant_and_absolute_z_at_least_2	distal_gene_count_residual	graph_readout	minimal	20261013.0		insufficient_rows_or_targets	
scalar_unavailable									2707	200.0	3.0	significant_and_absolute_z_at_least_2	distal_gene_count_residual	graph_readout	observability	20260929.0		insufficient_rows_or_targets	
scalar_unavailable									2711	200.0	3.0	significant_and_absolute_z_at_least_2	distal_gene_count_residual	graph_readout	reproducibility	20260912.0		insufficient_rows_or_targets	
scalar_unavailable									2715	200.0	3.0	significant_and_absolute_z_at_least_2	distal_gene_count_residual	graph_readout	reproducibility	20261119.0		insufficient_rows_or_targets	
scalar_unavailable									2719	200.0	3.0	significant_and_absolute_z_at_least_2	distal_gene_count_residual	graph_readout	no_state	20261031.0		insufficient_rows_or_targets	
scalar_unavailable									2723	200.0	3.0	significant_and_absolute_z_at_least_2	debiased_response_l2_gain	ridge	minimal	20261013.0		insufficient_rows_or_targets	
scalar_unavailable									2727	200.0	3.0	significant_and_absolute_z_at_least_2	debiased_response_l2_gain	ridge	observability	20260929.0		insufficient_rows_or_targets	
scalar_unavailable									2731	200.0	3.0	significant_and_absolute_z_at_least_2	debiased_response_l2_gain	ridge	reproducibility	20260912.0		insufficient_rows_or_targets	
scalar_unavailable									2735	200.0	3.0	significant_and_absolute_z_at_least_2	debiased_response_l2_gain	ridge	reproducibility	20261119.0		insufficient_rows_or_targets	
scalar_unavailable									2739	200.0	3.0	significant_and_absolute_z_at_least_2	debiased_response_l2_gain	ridge	no_state	20261031.0		insufficient_rows_or_targets	
scalar_unavailable									2743	200.0	3.0	significant_and_absolute_z_at_least_2	debiased_response_l2_gain	huber_regression	minimal	20261013.0		insufficient_rows_or_targets	
scalar_unavailable									2747	200.0	3.0	significant_and_absolute_z_at_least_2	debiased_response_l2_gain	huber_regression	observability	20260929.0		insufficient_rows_or_targets	
scalar_unavailable									2751	200.0	3.0	significant_and_absolute_z_at_least_2	debiased_response_l2_gain	huber_regression	reproducibility	20260912.0		insufficient_rows_or_targets	
scalar_unavailable									2755	200.0	3.0	significant_and_absolute_z_at_least_2	debiased_response_l2_gain	huber_regression	reproducibility	20261119.0		insufficient_rows_or_targets	
scalar_unavailable									2759	200.0	3.0	significant_and_absolute_z_at_least_2	debiased_response_l2_gain	huber_regression	no_state	20261031.0		insufficient_rows_or_targets	
scalar_unavailable									2763	200.0	3.0	significant_and_absolute_z_at_least_2	debiased_response_l2_gain	sparse_nonlinear	minimal	20261013.0		insufficient_rows_or_targets	
scalar_unavailable									2767	200.0	3.0	significant_and_absolute_z_at_least_2	debiased_response_l2_gain	sparse_nonlinear	observability	20260929.0		insufficient_rows_or_targets	
scalar_unavailable									2771	200.0	3.0	significant_and_absolute_z_at_least_2	debiased_response_l2_gain	sparse_nonlinear	reproducibility	20260912.0		insufficient_rows_or_targets	
scalar_unavailable									2775	200.0	3.0	significant_and_absolute_z_at_least_2	debiased_response_l2_gain	sparse_nonlinear	reproducibility	20261119.0		insufficient_rows_or_targets	
scalar_unavailable									2779	200.0	3.0	significant_and_absolute_z_at_least_2	debiased_response_l2_gain	sparse_nonlinear	no_state	20261031.0		insufficient_rows_or_targets	
scalar_unavailable									2783	200.0	3.0	significant_and_absolute_z_at_least_2	debiased_response_l2_gain	graph_readout	minimal	20261013.0		insufficient_rows_or_targets	
scalar_unavailable									2787	200.0	3.0	significant_and_absolute_z_at_least_2	debiased_response_l2_gain	graph_readout	observability	20260929.0		insufficient_rows_or_targets	
scalar_unavailable									2791	200.0	3.0	significant_and_absolute_z_at_least_2	debiased_response_l2_gain	graph_readout	reproducibility	20260912.0		insufficient_rows_or_targets	
scalar_unavailable									2795	200.0	3.0	significant_and_absolute_z_at_least_2	debiased_response_l2_gain	graph_readout	reproducibility	20261119.0		insufficient_rows_or_targets	
scalar_unavailable									2799	200.0	3.0	significant_and_absolute_z_at_least_2	debiased_response_l2_gain	graph_readout	no_state	20261031.0		insufficient_rows_or_targets	
scalar_unavailable									2803	200.0	3.0	significant_and_absolute_z_at_least_2	significant_response_l1_gain	ridge	minimal	20261013.0		insufficient_rows_or_targets	
scalar_unavailable									2807	200.0	3.0	significant_and_absolute_z_at_least_2	significant_response_l1_gain	ridge	observability	20260929.0		insufficient_rows_or_targets	
scalar_unavailable									2811	200.0	3.0	significant_and_absolute_z_at_least_2	significant_response_l1_gain	ridge	reproducibility	20260912.0		insufficient_rows_or_targets	
scalar_unavailable									2815	200.0	3.0	significant_and_absolute_z_at_least_2	significant_response_l1_gain	ridge	reproducibility	20261119.0		insufficient_rows_or_targets	
scalar_unavailable									2819	200.0	3.0	significant_and_absolute_z_at_least_2	significant_response_l1_gain	ridge	no_state	20261031.0		insufficient_rows_or_targets	
scalar_unavailable									2823	200.0	3.0	significant_and_absolute_z_at_least_2	significant_response_l1_gain	huber_regression	minimal	20261013.0		insufficient_rows_or_targets	
scalar_unavailable									2827	200.0	3.0	significant_and_absolute_z_at_least_2	significant_response_l1_gain	huber_regression	observability	20260929.0		insufficient_rows_or_targets	
scalar_unavailable									2831	200.0	3.0	significant_and_absolute_z_at_least_2	significant_response_l1_gain	huber_regression	reproducibility	20260912.0		insufficient_rows_or_targets	
scalar_unavailable									2835	200.0	3.0	significant_and_absolute_z_at_least_2	significant_response_l1_gain	huber_regression	reproducibility	20261119.0		insufficient_rows_or_targets	
scalar_unavailable									2839	200.0	3.0	significant_and_absolute_z_at_least_2	significant_response_l1_gain	huber_regression	no_state	20261031.0		insufficient_rows_or_targets	
scalar_unavailable									2843	200.0	3.0	significant_and_absolute_z_at_least_2	significant_response_l1_gain	sparse_nonlinear	minimal	20261013.0		insufficient_rows_or_targets	
scalar_unavailable									2847	200.0	3.0	significant_and_absolute_z_at_least_2	significant_response_l1_gain	sparse_nonlinear	observability	20260929.0		insufficient_rows_or_targets	
scalar_unavailable									2851	200.0	3.0	significant_and_absolute_z_at_least_2	significant_response_l1_gain	sparse_nonlinear	reproducibility	20260912.0		insufficient_rows_or_targets	
scalar_unavailable									2855	200.0	3.0	significant_and_absolute_z_at_least_2	significant_response_l1_gain	sparse_nonlinear	reproducibility	20261119.0		insufficient_rows_or_targets	
scalar_unavailable									2859	200.0	3.0	significant_and_absolute_z_at_least_2	significant_response_l1_gain	sparse_nonlinear	no_state	20261031.0		insufficient_rows_or_targets	
scalar_unavailable									2863	200.0	3.0	significant_and_absolute_z_at_least_2	significant_response_l1_gain	graph_readout	minimal	20261013.0		insufficient_rows_or_targets	
scalar_unavailable									2867	200.0	3.0	significant_and_absolute_z_at_least_2	significant_response_l1_gain	graph_readout	observability	20260929.0		insufficient_rows_or_targets	
scalar_unavailable									2871	200.0	3.0	significant_and_absolute_z_at_least_2	significant_response_l1_gain	graph_readout	reproducibility	20260912.0		insufficient_rows_or_targets	
scalar_unavailable									2875	200.0	3.0	significant_and_absolute_z_at_least_2	significant_response_l1_gain	graph_readout	reproducibility	20261119.0		insufficient_rows_or_targets	
scalar_unavailable									2879	200.0	3.0	significant_and_absolute_z_at_least_2	significant_response_l1_gain	graph_readout	no_state	20261031.0		insufficient_rows_or_targets	
scalar_unavailable									3843	300.0	3.0	significant	distal_gene_count_residual	ridge	minimal	20261013.0		insufficient_rows_or_targets	
scalar_unavailable									3847	300.0	3.0	significant	distal_gene_count_residual	ridge	observability	20260929.0		insufficient_rows_or_targets	
scalar_unavailable									3851	300.0	3.0	significant	distal_gene_count_residual	ridge	reproducibility	20260912.0		insufficient_rows_or_targets	
scalar_unavailable									3855	300.0	3.0	significant	distal_gene_count_residual	ridge	reproducibility	20261119.0		insufficient_rows_or_targets	
scalar_unavailable									3859	300.0	3.0	significant	distal_gene_count_residual	ridge	no_state	20261031.0		insufficient_rows_or_targets	
scalar_unavailable									3863	300.0	3.0	significant	distal_gene_count_residual	huber_regression	minimal	20261013.0		insufficient_rows_or_targets	
scalar_unavailable									3867	300.0	3.0	significant	distal_gene_count_residual	huber_regression	observability	20260929.0		insufficient_rows_or_targets	
scalar_unavailable									3871	300.0	3.0	significant	distal_gene_count_residual	huber_regression	reproducibility	20260912.0		insufficient_rows_or_targets	
scalar_unavailable									3875	300.0	3.0	significant	distal_gene_count_residual	huber_regression	reproducibility	20261119.0		insufficient_rows_or_targets	
scalar_unavailable									3879	300.0	3.0	significant	distal_gene_count_residual	huber_regression	no_state	20261031.0		insufficient_rows_or_targets	
scalar_unavailable									3883	300.0	3.0	significant	distal_gene_count_residual	sparse_nonlinear	minimal	20261013.0		insufficient_rows_or_targets	
scalar_unavailable									3887	300.0	3.0	significant	distal_gene_count_residual	sparse_nonlinear	observability	20260929.0		insufficient_rows_or_targets	
scalar_unavailable									3891	300.0	3.0	significant	distal_gene_count_residual	sparse_nonlinear	reproducibility	20260912.0		insufficient_rows_or_targets	
scalar_unavailable									3895	300.0	3.0	significant	distal_gene_count_residual	sparse_nonlinear	reproducibility	20261119.0		insufficient_rows_or_targets	
scalar_unavailable									3899	300.0	3.0	significant	distal_gene_count_residual	sparse_nonlinear	no_state	20261031.0		insufficient_rows_or_targets	
scalar_unavailable									3903	300.0	3.0	significant	distal_gene_count_residual	graph_readout	minimal	20261013.0		insufficient_rows_or_targets	
scalar_unavailable									3907	300.0	3.0	significant	distal_gene_count_residual	graph_readout	observability	20260929.0		insufficient_rows_or_targets	
scalar_unavailable									3911	300.0	3.0	significant	distal_gene_count_residual	graph_readout	reproducibility	20260912.0		insufficient_rows_or_targets	
scalar_unavailable									3915	300.0	3.0	significant	distal_gene_count_residual	graph_readout	reproducibility	20261119.0		insufficient_rows_or_targets	
scalar_unavailable									3919	300.0	3.0	significant	distal_gene_count_residual	graph_readout	no_state	20261031.0		insufficient_rows_or_targets	
scalar_unavailable									3923	300.0	3.0	significant	debiased_response_l2_gain	ridge	minimal	20261013.0		insufficient_rows_or_targets	
scalar_unavailable									3927	300.0	3.0	significant	debiased_response_l2_gain	ridge	observability	20260929.0		insufficient_rows_or_targets	
scalar_unavailable									3931	300.0	3.0	significant	debiased_response_l2_gain	ridge	reproducibility	20260912.0		insufficient_rows_or_targets	
scalar_unavailable									3935	300.0	3.0	significant	debiased_response_l2_gain	ridge	reproducibility	20261119.0		insufficient_rows_or_targets	
scalar_unavailable									3939	300.0	3.0	significant	debiased_response_l2_gain	ridge	no_state	20261031.0		insufficient_rows_or_targets	
scalar_unavailable									3943	300.0	3.0	significant	debiased_response_l2_gain	huber_regression	minimal	20261013.0		insufficient_rows_or_targets	
scalar_unavailable									3947	300.0	3.0	significant	debiased_response_l2_gain	huber_regression	observability	20260929.0		insufficient_rows_or_targets	
scalar_unavailable									3951	300.0	3.0	significant	debiased_response_l2_gain	huber_regression	reproducibility	20260912.0		insufficient_rows_or_targets	
scalar_unavailable									3955	300.0	3.0	significant	debiased_response_l2_gain	huber_regression	reproducibility	20261119.0		insufficient_rows_or_targets	
scalar_unavailable									3959	300.0	3.0	significant	debiased_response_l2_gain	huber_regression	no_state	20261031.0		insufficient_rows_or_targets	
scalar_unavailable									3963	300.0	3.0	significant	debiased_response_l2_gain	sparse_nonlinear	minimal	20261013.0		insufficient_rows_or_targets	
scalar_unavailable									3967	300.0	3.0	significant	debiased_response_l2_gain	sparse_nonlinear	observability	20260929.0		insufficient_rows_or_targets	
scalar_unavailable									3971	300.0	3.0	significant	debiased_response_l2_gain	sparse_nonlinear	reproducibility	20260912.0		insufficient_rows_or_targets	
scalar_unavailable									3975	300.0	3.0	significant	debiased_response_l2_gain	sparse_nonlinear	reproducibility	20261119.0		insufficient_rows_or_targets	
scalar_unavailable									3979	300.0	3.0	significant	debiased_response_l2_gain	sparse_nonlinear	no_state	20261031.0		insufficient_rows_or_targets	
scalar_unavailable									3983	300.0	3.0	significant	debiased_response_l2_gain	graph_readout	minimal	20261013.0		insufficient_rows_or_targets	
scalar_unavailable									3987	300.0	3.0	significant	debiased_response_l2_gain	graph_readout	observability	20260929.0		insufficient_rows_or_targets	
scalar_unavailable									3991	300.0	3.0	significant	debiased_response_l2_gain	graph_readout	reproducibility	20260912.0		insufficient_rows_or_targets	
scalar_unavailable									3995	300.0	3.0	significant	debiased_response_l2_gain	graph_readout	reproducibility	20261119.0		insufficient_rows_or_targets	
scalar_unavailable									3999	300.0	3.0	significant	debiased_response_l2_gain	graph_readout	no_state	20261031.0		insufficient_rows_or_targets	
scalar_unavailable									4003	300.0	3.0	significant	significant_response_l1_gain	ridge	minimal	20261013.0		insufficient_rows_or_targets	
scalar_unavailable									4007	300.0	3.0	significant	significant_response_l1_gain	ridge	observability	20260929.0		insufficient_rows_or_targets	
scalar_unavailable									4011	300.0	3.0	significant	significant_response_l1_gain	ridge	reproducibility	20260912.0		insufficient_rows_or_targets	
scalar_unavailable									4015	300.0	3.0	significant	significant_response_l1_gain	ridge	reproducibility	20261119.0		insufficient_rows_or_targets	
scalar_unavailable									4019	300.0	3.0	significant	significant_response_l1_gain	ridge	no_state	20261031.0		insufficient_rows_or_targets	
scalar_unavailable									4023	300.0	3.0	significant	significant_response_l1_gain	huber_regression	minimal	20261013.0		insufficient_rows_or_targets	
scalar_unavailable									4027	300.0	3.0	significant	significant_response_l1_gain	huber_regression	observability	20260929.0		insufficient_rows_or_targets	
scalar_unavailable									4031	300.0	3.0	significant	significant_response_l1_gain	huber_regression	reproducibility	20260912.0		insufficient_rows_or_targets	
scalar_unavailable									4035	300.0	3.0	significant	significant_response_l1_gain	huber_regression	reproducibility	20261119.0		insufficient_rows_or_targets	
scalar_unavailable									4039	300.0	3.0	significant	significant_response_l1_gain	huber_regression	no_state	20261031.0		insufficient_rows_or_targets	
scalar_unavailable									4043	300.0	3.0	significant	significant_response_l1_gain	sparse_nonlinear	minimal	20261013.0		insufficient_rows_or_targets	
scalar_unavailable									4047	300.0	3.0	significant	significant_response_l1_gain	sparse_nonlinear	observability	20260929.0		insufficient_rows_or_targets	
scalar_unavailable									4051	300.0	3.0	significant	significant_response_l1_gain	sparse_nonlinear	reproducibility	20260912.0		insufficient_rows_or_targets	
scalar_unavailable									4055	300.0	3.0	significant	significant_response_l1_gain	sparse_nonlinear	reproducibility	20261119.0		insufficient_rows_or_targets	
scalar_unavailable									4059	300.0	3.0	significant	significant_response_l1_gain	sparse_nonlinear	no_state	20261031.0		insufficient_rows_or_targets	
scalar_unavailable									4063	300.0	3.0	significant	significant_response_l1_gain	graph_readout	minimal	20261013.0		insufficient_rows_or_targets	
scalar_unavailable									4067	300.0	3.0	significant	significant_response_l1_gain	graph_readout	observability	20260929.0		insufficient_rows_or_targets	
scalar_unavailable									4071	300.0	3.0	significant	significant_response_l1_gain	graph_readout	reproducibility	20260912.0		insufficient_rows_or_targets	
scalar_unavailable									4075	300.0	3.0	significant	significant_response_l1_gain	graph_readout	reproducibility	20261119.0		insufficient_rows_or_targets	
scalar_unavailable									4079	300.0	3.0	significant	significant_response_l1_gain	graph_readout	no_state	20261031.0		insufficient_rows_or_targets	
scalar_unavailable									4083	300.0	3.0	significant_and_absolute_z_at_least_2	distal_gene_count_residual	ridge	minimal	20261013.0		insufficient_rows_or_targets	
scalar_unavailable									4087	300.0	3.0	significant_and_absolute_z_at_least_2	distal_gene_count_residual	ridge	observability	20260929.0		insufficient_rows_or_targets	
scalar_unavailable									4091	300.0	3.0	significant_and_absolute_z_at_least_2	distal_gene_count_residual	ridge	reproducibility	20260912.0		insufficient_rows_or_targets	
scalar_unavailable									4095	300.0	3.0	significant_and_absolute_z_at_least_2	distal_gene_count_residual	ridge	reproducibility	20261119.0		insufficient_rows_or_targets	
scalar_unavailable									4099	300.0	3.0	significant_and_absolute_z_at_least_2	distal_gene_count_residual	ridge	no_state	20261031.0		insufficient_rows_or_targets	
scalar_unavailable									4103	300.0	3.0	significant_and_absolute_z_at_least_2	distal_gene_count_residual	huber_regression	minimal	20261013.0		insufficient_rows_or_targets	
scalar_unavailable									4107	300.0	3.0	significant_and_absolute_z_at_least_2	distal_gene_count_residual	huber_regression	observability	20260929.0		insufficient_rows_or_targets	
scalar_unavailable									4111	300.0	3.0	significant_and_absolute_z_at_least_2	distal_gene_count_residual	huber_regression	reproducibility	20260912.0		insufficient_rows_or_targets	
scalar_unavailable									4115	300.0	3.0	significant_and_absolute_z_at_least_2	distal_gene_count_residual	huber_regression	reproducibility	20261119.0		insufficient_rows_or_targets	
scalar_unavailable									4119	300.0	3.0	significant_and_absolute_z_at_least_2	distal_gene_count_residual	huber_regression	no_state	20261031.0		insufficient_rows_or_targets	
scalar_unavailable									4123	300.0	3.0	significant_and_absolute_z_at_least_2	distal_gene_count_residual	sparse_nonlinear	minimal	20261013.0		insufficient_rows_or_targets	
scalar_unavailable									4127	300.0	3.0	significant_and_absolute_z_at_least_2	distal_gene_count_residual	sparse_nonlinear	observability	20260929.0		insufficient_rows_or_targets	
scalar_unavailable									4131	300.0	3.0	significant_and_absolute_z_at_least_2	distal_gene_count_residual	sparse_nonlinear	reproducibility	20260912.0		insufficient_rows_or_targets	
scalar_unavailable									4135	300.0	3.0	significant_and_absolute_z_at_least_2	distal_gene_count_residual	sparse_nonlinear	reproducibility	20261119.0		insufficient_rows_or_targets	
scalar_unavailable									4139	300.0	3.0	significant_and_absolute_z_at_least_2	distal_gene_count_residual	sparse_nonlinear	no_state	20261031.0		insufficient_rows_or_targets	
scalar_unavailable									4143	300.0	3.0	significant_and_absolute_z_at_least_2	distal_gene_count_residual	graph_readout	minimal	20261013.0		insufficient_rows_or_targets	
scalar_unavailable									4147	300.0	3.0	significant_and_absolute_z_at_least_2	distal_gene_count_residual	graph_readout	observability	20260929.0		insufficient_rows_or_targets	
scalar_unavailable									4151	300.0	3.0	significant_and_absolute_z_at_least_2	distal_gene_count_residual	graph_readout	reproducibility	20260912.0		insufficient_rows_or_targets	
scalar_unavailable									4155	300.0	3.0	significant_and_absolute_z_at_least_2	distal_gene_count_residual	graph_readout	reproducibility	20261119.0		insufficient_rows_or_targets	
scalar_unavailable									4159	300.0	3.0	significant_and_absolute_z_at_least_2	distal_gene_count_residual	graph_readout	no_state	20261031.0		insufficient_rows_or_targets	
scalar_unavailable									4163	300.0	3.0	significant_and_absolute_z_at_least_2	debiased_response_l2_gain	ridge	minimal	20261013.0		insufficient_rows_or_targets	
scalar_unavailable									4167	300.0	3.0	significant_and_absolute_z_at_least_2	debiased_response_l2_gain	ridge	observability	20260929.0		insufficient_rows_or_targets	
scalar_unavailable									4171	300.0	3.0	significant_and_absolute_z_at_least_2	debiased_response_l2_gain	ridge	reproducibility	20260912.0		insufficient_rows_or_targets	
scalar_unavailable									4175	300.0	3.0	significant_and_absolute_z_at_least_2	debiased_response_l2_gain	ridge	reproducibility	20261119.0		insufficient_rows_or_targets	
scalar_unavailable									4179	300.0	3.0	significant_and_absolute_z_at_least_2	debiased_response_l2_gain	ridge	no_state	20261031.0		insufficient_rows_or_targets	
scalar_unavailable									4183	300.0	3.0	significant_and_absolute_z_at_least_2	debiased_response_l2_gain	huber_regression	minimal	20261013.0		insufficient_rows_or_targets	
scalar_unavailable									4187	300.0	3.0	significant_and_absolute_z_at_least_2	debiased_response_l2_gain	huber_regression	observability	20260929.0		insufficient_rows_or_targets	
scalar_unavailable									4191	300.0	3.0	significant_and_absolute_z_at_least_2	debiased_response_l2_gain	huber_regression	reproducibility	20260912.0		insufficient_rows_or_targets	
scalar_unavailable									4195	300.0	3.0	significant_and_absolute_z_at_least_2	debiased_response_l2_gain	huber_regression	reproducibility	20261119.0		insufficient_rows_or_targets	
scalar_unavailable									4199	300.0	3.0	significant_and_absolute_z_at_least_2	debiased_response_l2_gain	huber_regression	no_state	20261031.0		insufficient_rows_or_targets	
scalar_unavailable									4203	300.0	3.0	significant_and_absolute_z_at_least_2	debiased_response_l2_gain	sparse_nonlinear	minimal	20261013.0		insufficient_rows_or_targets	
scalar_unavailable									4207	300.0	3.0	significant_and_absolute_z_at_least_2	debiased_response_l2_gain	sparse_nonlinear	observability	20260929.0		insufficient_rows_or_targets	
scalar_unavailable									4211	300.0	3.0	significant_and_absolute_z_at_least_2	debiased_response_l2_gain	sparse_nonlinear	reproducibility	20260912.0		insufficient_rows_or_targets	
scalar_unavailable									4215	300.0	3.0	significant_and_absolute_z_at_least_2	debiased_response_l2_gain	sparse_nonlinear	reproducibility	20261119.0		insufficient_rows_or_targets	
scalar_unavailable									4219	300.0	3.0	significant_and_absolute_z_at_least_2	debiased_response_l2_gain	sparse_nonlinear	no_state	20261031.0		insufficient_rows_or_targets	
scalar_unavailable									4223	300.0	3.0	significant_and_absolute_z_at_least_2	debiased_response_l2_gain	graph_readout	minimal	20261013.0		insufficient_rows_or_targets	
scalar_unavailable									4227	300.0	3.0	significant_and_absolute_z_at_least_2	debiased_response_l2_gain	graph_readout	observability	20260929.0		insufficient_rows_or_targets	
scalar_unavailable									4231	300.0	3.0	significant_and_absolute_z_at_least_2	debiased_response_l2_gain	graph_readout	reproducibility	20260912.0		insufficient_rows_or_targets	
scalar_unavailable									4235	300.0	3.0	significant_and_absolute_z_at_least_2	debiased_response_l2_gain	graph_readout	reproducibility	20261119.0		insufficient_rows_or_targets	
scalar_unavailable									4239	300.0	3.0	significant_and_absolute_z_at_least_2	debiased_response_l2_gain	graph_readout	no_state	20261031.0		insufficient_rows_or_targets	
scalar_unavailable									4243	300.0	3.0	significant_and_absolute_z_at_least_2	significant_response_l1_gain	ridge	minimal	20261013.0		insufficient_rows_or_targets	
scalar_unavailable									4247	300.0	3.0	significant_and_absolute_z_at_least_2	significant_response_l1_gain	ridge	observability	20260929.0		insufficient_rows_or_targets	
scalar_unavailable									4251	300.0	3.0	significant_and_absolute_z_at_least_2	significant_response_l1_gain	ridge	reproducibility	20260912.0		insufficient_rows_or_targets	
scalar_unavailable									4255	300.0	3.0	significant_and_absolute_z_at_least_2	significant_response_l1_gain	ridge	reproducibility	20261119.0		insufficient_rows_or_targets	
scalar_unavailable									4259	300.0	3.0	significant_and_absolute_z_at_least_2	significant_response_l1_gain	ridge	no_state	20261031.0		insufficient_rows_or_targets	
scalar_unavailable									4263	300.0	3.0	significant_and_absolute_z_at_least_2	significant_response_l1_gain	huber_regression	minimal	20261013.0		insufficient_rows_or_targets	
scalar_unavailable									4267	300.0	3.0	significant_and_absolute_z_at_least_2	significant_response_l1_gain	huber_regression	observability	20260929.0		insufficient_rows_or_targets	
scalar_unavailable									4271	300.0	3.0	significant_and_absolute_z_at_least_2	significant_response_l1_gain	huber_regression	reproducibility	20260912.0		insufficient_rows_or_targets	
scalar_unavailable									4275	300.0	3.0	significant_and_absolute_z_at_least_2	significant_response_l1_gain	huber_regression	reproducibility	20261119.0		insufficient_rows_or_targets	
scalar_unavailable									4279	300.0	3.0	significant_and_absolute_z_at_least_2	significant_response_l1_gain	huber_regression	no_state	20261031.0		insufficient_rows_or_targets	
scalar_unavailable									4283	300.0	3.0	significant_and_absolute_z_at_least_2	significant_response_l1_gain	sparse_nonlinear	minimal	20261013.0		insufficient_rows_or_targets	
scalar_unavailable									4287	300.0	3.0	significant_and_absolute_z_at_least_2	significant_response_l1_gain	sparse_nonlinear	observability	20260929.0		insufficient_rows_or_targets	
scalar_unavailable									4291	300.0	3.0	significant_and_absolute_z_at_least_2	significant_response_l1_gain	sparse_nonlinear	reproducibility	20260912.0		insufficient_rows_or_targets	
scalar_unavailable									4295	300.0	3.0	significant_and_absolute_z_at_least_2	significant_response_l1_gain	sparse_nonlinear	reproducibility	20261119.0		insufficient_rows_or_targets	
scalar_unavailable									4299	300.0	3.0	significant_and_absolute_z_at_least_2	significant_response_l1_gain	sparse_nonlinear	no_state	20261031.0		insufficient_rows_or_targets	
scalar_unavailable									4303	300.0	3.0	significant_and_absolute_z_at_least_2	significant_response_l1_gain	graph_readout	minimal	20261013.0		insufficient_rows_or_targets	
scalar_unavailable									4307	300.0	3.0	significant_and_absolute_z_at_least_2	significant_response_l1_gain	graph_readout	observability	20260929.0		insufficient_rows_or_targets	
scalar_unavailable									4311	300.0	3.0	significant_and_absolute_z_at_least_2	significant_response_l1_gain	graph_readout	reproducibility	20260912.0		insufficient_rows_or_targets	
scalar_unavailable									4315	300.0	3.0	significant_and_absolute_z_at_least_2	significant_response_l1_gain	graph_readout	reproducibility	20261119.0		insufficient_rows_or_targets	
scalar_unavailable									4319	300.0	3.0	significant_and_absolute_z_at_least_2	significant_response_l1_gain	graph_readout	no_state	20261031.0		insufficient_rows_or_targets	
scalar_unavailable									964	100.0	3.0	significant	distal_gene_count_residual	ridge	minimal	20261031.0		insufficient_rows_or_targets	
scalar_unavailable									968	100.0	3.0	significant	distal_gene_count_residual	ridge	observability	20261013.0		insufficient_rows_or_targets	
scalar_unavailable									972	100.0	3.0	significant	distal_gene_count_residual	ridge	reproducibility	20260929.0		insufficient_rows_or_targets	
scalar_unavailable									976	100.0	3.0	significant	distal_gene_count_residual	ridge	no_state	20260912.0		insufficient_rows_or_targets	
scalar_unavailable									980	100.0	3.0	significant	distal_gene_count_residual	ridge	no_state	20261119.0		insufficient_rows_or_targets	
scalar_unavailable									984	100.0	3.0	significant	distal_gene_count_residual	huber_regression	minimal	20261031.0		insufficient_rows_or_targets	
scalar_unavailable									988	100.0	3.0	significant	distal_gene_count_residual	huber_regression	observability	20261013.0		insufficient_rows_or_targets	
scalar_unavailable									992	100.0	3.0	significant	distal_gene_count_residual	huber_regression	reproducibility	20260929.0		insufficient_rows_or_targets	
scalar_unavailable									996	100.0	3.0	significant	distal_gene_count_residual	huber_regression	no_state	20260912.0		insufficient_rows_or_targets	
scalar_unavailable									1000	100.0	3.0	significant	distal_gene_count_residual	huber_regression	no_state	20261119.0		insufficient_rows_or_targets	
scalar_unavailable									1004	100.0	3.0	significant	distal_gene_count_residual	sparse_nonlinear	minimal	20261031.0		insufficient_rows_or_targets	
scalar_unavailable									1008	100.0	3.0	significant	distal_gene_count_residual	sparse_nonlinear	observability	20261013.0		insufficient_rows_or_targets	
scalar_unavailable									1012	100.0	3.0	significant	distal_gene_count_residual	sparse_nonlinear	reproducibility	20260929.0		insufficient_rows_or_targets	
scalar_unavailable									1016	100.0	3.0	significant	distal_gene_count_residual	sparse_nonlinear	no_state	20260912.0		insufficient_rows_or_targets	
scalar_unavailable									1020	100.0	3.0	significant	distal_gene_count_residual	sparse_nonlinear	no_state	20261119.0		insufficient_rows_or_targets	
scalar_unavailable									1024	100.0	3.0	significant	distal_gene_count_residual	graph_readout	minimal	20261031.0		insufficient_rows_or_targets	
scalar_unavailable									1028	100.0	3.0	significant	distal_gene_count_residual	graph_readout	observability	20261013.0		insufficient_rows_or_targets	
scalar_unavailable									1032	100.0	3.0	significant	distal_gene_count_residual	graph_readout	reproducibility	20260929.0		insufficient_rows_or_targets	
scalar_unavailable									1036	100.0	3.0	significant	distal_gene_count_residual	graph_readout	no_state	20260912.0		insufficient_rows_or_targets	
scalar_unavailable									1040	100.0	3.0	significant	distal_gene_count_residual	graph_readout	no_state	20261119.0		insufficient_rows_or_targets	
scalar_unavailable									1044	100.0	3.0	significant	debiased_response_l2_gain	ridge	minimal	20261031.0		insufficient_rows_or_targets	
scalar_unavailable									1048	100.0	3.0	significant	debiased_response_l2_gain	ridge	observability	20261013.0		insufficient_rows_or_targets	
scalar_unavailable									1052	100.0	3.0	significant	debiased_response_l2_gain	ridge	reproducibility	20260929.0		insufficient_rows_or_targets	
scalar_unavailable									1056	100.0	3.0	significant	debiased_response_l2_gain	ridge	no_state	20260912.0		insufficient_rows_or_targets	
scalar_unavailable									1060	100.0	3.0	significant	debiased_response_l2_gain	ridge	no_state	20261119.0		insufficient_rows_or_targets	
scalar_unavailable									1064	100.0	3.0	significant	debiased_response_l2_gain	huber_regression	minimal	20261031.0		insufficient_rows_or_targets	
scalar_unavailable									1068	100.0	3.0	significant	debiased_response_l2_gain	huber_regression	observability	20261013.0		insufficient_rows_or_targets	
scalar_unavailable									1072	100.0	3.0	significant	debiased_response_l2_gain	huber_regression	reproducibility	20260929.0		insufficient_rows_or_targets	
scalar_unavailable									1076	100.0	3.0	significant	debiased_response_l2_gain	huber_regression	no_state	20260912.0		insufficient_rows_or_targets	
scalar_unavailable									1080	100.0	3.0	significant	debiased_response_l2_gain	huber_regression	no_state	20261119.0		insufficient_rows_or_targets	
scalar_unavailable									1084	100.0	3.0	significant	debiased_response_l2_gain	sparse_nonlinear	minimal	20261031.0		insufficient_rows_or_targets	
scalar_unavailable									1088	100.0	3.0	significant	debiased_response_l2_gain	sparse_nonlinear	observability	20261013.0		insufficient_rows_or_targets	
scalar_unavailable									1092	100.0	3.0	significant	debiased_response_l2_gain	sparse_nonlinear	reproducibility	20260929.0		insufficient_rows_or_targets	
scalar_unavailable									1096	100.0	3.0	significant	debiased_response_l2_gain	sparse_nonlinear	no_state	20260912.0		insufficient_rows_or_targets	
scalar_unavailable									1100	100.0	3.0	significant	debiased_response_l2_gain	sparse_nonlinear	no_state	20261119.0		insufficient_rows_or_targets	
scalar_unavailable									1104	100.0	3.0	significant	debiased_response_l2_gain	graph_readout	minimal	20261031.0		insufficient_rows_or_targets	
scalar_unavailable									1108	100.0	3.0	significant	debiased_response_l2_gain	graph_readout	observability	20261013.0		insufficient_rows_or_targets	
scalar_unavailable									1112	100.0	3.0	significant	debiased_response_l2_gain	graph_readout	reproducibility	20260929.0		insufficient_rows_or_targets	
scalar_unavailable									1116	100.0	3.0	significant	debiased_response_l2_gain	graph_readout	no_state	20260912.0		insufficient_rows_or_targets	
scalar_unavailable									1120	100.0	3.0	significant	debiased_response_l2_gain	graph_readout	no_state	20261119.0		insufficient_rows_or_targets	
scalar_unavailable									1124	100.0	3.0	significant	significant_response_l1_gain	ridge	minimal	20261031.0		insufficient_rows_or_targets	
scalar_unavailable									1128	100.0	3.0	significant	significant_response_l1_gain	ridge	observability	20261013.0		insufficient_rows_or_targets	
scalar_unavailable									1132	100.0	3.0	significant	significant_response_l1_gain	ridge	reproducibility	20260929.0		insufficient_rows_or_targets	
scalar_unavailable									1136	100.0	3.0	significant	significant_response_l1_gain	ridge	no_state	20260912.0		insufficient_rows_or_targets	
scalar_unavailable									1140	100.0	3.0	significant	significant_response_l1_gain	ridge	no_state	20261119.0		insufficient_rows_or_targets	
scalar_unavailable									1144	100.0	3.0	significant	significant_response_l1_gain	huber_regression	minimal	20261031.0		insufficient_rows_or_targets	
scalar_unavailable									1148	100.0	3.0	significant	significant_response_l1_gain	huber_regression	observability	20261013.0		insufficient_rows_or_targets	
scalar_unavailable									1152	100.0	3.0	significant	significant_response_l1_gain	huber_regression	reproducibility	20260929.0		insufficient_rows_or_targets	
scalar_unavailable									1156	100.0	3.0	significant	significant_response_l1_gain	huber_regression	no_state	20260912.0		insufficient_rows_or_targets	
scalar_unavailable									1160	100.0	3.0	significant	significant_response_l1_gain	huber_regression	no_state	20261119.0		insufficient_rows_or_targets	
scalar_unavailable									1164	100.0	3.0	significant	significant_response_l1_gain	sparse_nonlinear	minimal	20261031.0		insufficient_rows_or_targets	
scalar_unavailable									1168	100.0	3.0	significant	significant_response_l1_gain	sparse_nonlinear	observability	20261013.0		insufficient_rows_or_targets	
scalar_unavailable									1172	100.0	3.0	significant	significant_response_l1_gain	sparse_nonlinear	reproducibility	20260929.0		insufficient_rows_or_targets	
scalar_unavailable									1176	100.0	3.0	significant	significant_response_l1_gain	sparse_nonlinear	no_state	20260912.0		insufficient_rows_or_targets	
scalar_unavailable									1180	100.0	3.0	significant	significant_response_l1_gain	sparse_nonlinear	no_state	20261119.0		insufficient_rows_or_targets	
scalar_unavailable									1184	100.0	3.0	significant	significant_response_l1_gain	graph_readout	minimal	20261031.0		insufficient_rows_or_targets	
scalar_unavailable									1188	100.0	3.0	significant	significant_response_l1_gain	graph_readout	observability	20261013.0		insufficient_rows_or_targets	
scalar_unavailable									1192	100.0	3.0	significant	significant_response_l1_gain	graph_readout	reproducibility	20260929.0		insufficient_rows_or_targets	
scalar_unavailable									1196	100.0	3.0	significant	significant_response_l1_gain	graph_readout	no_state	20260912.0		insufficient_rows_or_targets	
scalar_unavailable									1200	100.0	3.0	significant	significant_response_l1_gain	graph_readout	no_state	20261119.0		insufficient_rows_or_targets	
scalar_unavailable									1204	100.0	3.0	significant_and_absolute_z_at_least_2	distal_gene_count_residual	ridge	minimal	20261031.0		insufficient_rows_or_targets	
scalar_unavailable									1208	100.0	3.0	significant_and_absolute_z_at_least_2	distal_gene_count_residual	ridge	observability	20261013.0		insufficient_rows_or_targets	
scalar_unavailable									1212	100.0	3.0	significant_and_absolute_z_at_least_2	distal_gene_count_residual	ridge	reproducibility	20260929.0		insufficient_rows_or_targets	
scalar_unavailable									1216	100.0	3.0	significant_and_absolute_z_at_least_2	distal_gene_count_residual	ridge	no_state	20260912.0		insufficient_rows_or_targets	
scalar_unavailable									1220	100.0	3.0	significant_and_absolute_z_at_least_2	distal_gene_count_residual	ridge	no_state	20261119.0		insufficient_rows_or_targets	
scalar_unavailable									1224	100.0	3.0	significant_and_absolute_z_at_least_2	distal_gene_count_residual	huber_regression	minimal	20261031.0		insufficient_rows_or_targets	
scalar_unavailable									1228	100.0	3.0	significant_and_absolute_z_at_least_2	distal_gene_count_residual	huber_regression	observability	20261013.0		insufficient_rows_or_targets	
scalar_unavailable									1232	100.0	3.0	significant_and_absolute_z_at_least_2	distal_gene_count_residual	huber_regression	reproducibility	20260929.0		insufficient_rows_or_targets	
scalar_unavailable									1236	100.0	3.0	significant_and_absolute_z_at_least_2	distal_gene_count_residual	huber_regression	no_state	20260912.0		insufficient_rows_or_targets	
scalar_unavailable									1240	100.0	3.0	significant_and_absolute_z_at_least_2	distal_gene_count_residual	huber_regression	no_state	20261119.0		insufficient_rows_or_targets	
scalar_unavailable									1244	100.0	3.0	significant_and_absolute_z_at_least_2	distal_gene_count_residual	sparse_nonlinear	minimal	20261031.0		insufficient_rows_or_targets	
scalar_unavailable									1248	100.0	3.0	significant_and_absolute_z_at_least_2	distal_gene_count_residual	sparse_nonlinear	observability	20261013.0		insufficient_rows_or_targets	
scalar_unavailable									1252	100.0	3.0	significant_and_absolute_z_at_least_2	distal_gene_count_residual	sparse_nonlinear	reproducibility	20260929.0		insufficient_rows_or_targets	
scalar_unavailable									1256	100.0	3.0	significant_and_absolute_z_at_least_2	distal_gene_count_residual	sparse_nonlinear	no_state	20260912.0		insufficient_rows_or_targets	
scalar_unavailable									1260	100.0	3.0	significant_and_absolute_z_at_least_2	distal_gene_count_residual	sparse_nonlinear	no_state	20261119.0		insufficient_rows_or_targets	
scalar_unavailable									1264	100.0	3.0	significant_and_absolute_z_at_least_2	distal_gene_count_residual	graph_readout	minimal	20261031.0		insufficient_rows_or_targets	
scalar_unavailable									1268	100.0	3.0	significant_and_absolute_z_at_least_2	distal_gene_count_residual	graph_readout	observability	20261013.0		insufficient_rows_or_targets	
scalar_unavailable									1272	100.0	3.0	significant_and_absolute_z_at_least_2	distal_gene_count_residual	graph_readout	reproducibility	20260929.0		insufficient_rows_or_targets	
scalar_unavailable									1276	100.0	3.0	significant_and_absolute_z_at_least_2	distal_gene_count_residual	graph_readout	no_state	20260912.0		insufficient_rows_or_targets	
scalar_unavailable									1280	100.0	3.0	significant_and_absolute_z_at_least_2	distal_gene_count_residual	graph_readout	no_state	20261119.0		insufficient_rows_or_targets	
scalar_unavailable									1284	100.0	3.0	significant_and_absolute_z_at_least_2	debiased_response_l2_gain	ridge	minimal	20261031.0		insufficient_rows_or_targets	
scalar_unavailable									1288	100.0	3.0	significant_and_absolute_z_at_least_2	debiased_response_l2_gain	ridge	observability	20261013.0		insufficient_rows_or_targets	
scalar_unavailable									1292	100.0	3.0	significant_and_absolute_z_at_least_2	debiased_response_l2_gain	ridge	reproducibility	20260929.0		insufficient_rows_or_targets	
scalar_unavailable									1296	100.0	3.0	significant_and_absolute_z_at_least_2	debiased_response_l2_gain	ridge	no_state	20260912.0		insufficient_rows_or_targets	
scalar_unavailable									1300	100.0	3.0	significant_and_absolute_z_at_least_2	debiased_response_l2_gain	ridge	no_state	20261119.0		insufficient_rows_or_targets	
scalar_unavailable									1304	100.0	3.0	significant_and_absolute_z_at_least_2	debiased_response_l2_gain	huber_regression	minimal	20261031.0		insufficient_rows_or_targets	
scalar_unavailable									1308	100.0	3.0	significant_and_absolute_z_at_least_2	debiased_response_l2_gain	huber_regression	observability	20261013.0		insufficient_rows_or_targets	
scalar_unavailable									1312	100.0	3.0	significant_and_absolute_z_at_least_2	debiased_response_l2_gain	huber_regression	reproducibility	20260929.0		insufficient_rows_or_targets	
scalar_unavailable									1316	100.0	3.0	significant_and_absolute_z_at_least_2	debiased_response_l2_gain	huber_regression	no_state	20260912.0		insufficient_rows_or_targets	
scalar_unavailable									1320	100.0	3.0	significant_and_absolute_z_at_least_2	debiased_response_l2_gain	huber_regression	no_state	20261119.0		insufficient_rows_or_targets	
scalar_unavailable									1324	100.0	3.0	significant_and_absolute_z_at_least_2	debiased_response_l2_gain	sparse_nonlinear	minimal	20261031.0		insufficient_rows_or_targets	
scalar_unavailable									1328	100.0	3.0	significant_and_absolute_z_at_least_2	debiased_response_l2_gain	sparse_nonlinear	observability	20261013.0		insufficient_rows_or_targets	
scalar_unavailable									1332	100.0	3.0	significant_and_absolute_z_at_least_2	debiased_response_l2_gain	sparse_nonlinear	reproducibility	20260929.0		insufficient_rows_or_targets	
scalar_unavailable									1336	100.0	3.0	significant_and_absolute_z_at_least_2	debiased_response_l2_gain	sparse_nonlinear	no_state	20260912.0		insufficient_rows_or_targets	
scalar_unavailable									1340	100.0	3.0	significant_and_absolute_z_at_least_2	debiased_response_l2_gain	sparse_nonlinear	no_state	20261119.0		insufficient_rows_or_targets	
scalar_unavailable									1344	100.0	3.0	significant_and_absolute_z_at_least_2	debiased_response_l2_gain	graph_readout	minimal	20261031.0		insufficient_rows_or_targets	
scalar_unavailable									1348	100.0	3.0	significant_and_absolute_z_at_least_2	debiased_response_l2_gain	graph_readout	observability	20261013.0		insufficient_rows_or_targets	
scalar_unavailable									1352	100.0	3.0	significant_and_absolute_z_at_least_2	debiased_response_l2_gain	graph_readout	reproducibility	20260929.0		insufficient_rows_or_targets	
scalar_unavailable									1356	100.0	3.0	significant_and_absolute_z_at_least_2	debiased_response_l2_gain	graph_readout	no_state	20260912.0		insufficient_rows_or_targets	
scalar_unavailable									1360	100.0	3.0	significant_and_absolute_z_at_least_2	debiased_response_l2_gain	graph_readout	no_state	20261119.0		insufficient_rows_or_targets	
scalar_unavailable									1364	100.0	3.0	significant_and_absolute_z_at_least_2	significant_response_l1_gain	ridge	minimal	20261031.0		insufficient_rows_or_targets	
scalar_unavailable									1368	100.0	3.0	significant_and_absolute_z_at_least_2	significant_response_l1_gain	ridge	observability	20261013.0		insufficient_rows_or_targets	
scalar_unavailable									1372	100.0	3.0	significant_and_absolute_z_at_least_2	significant_response_l1_gain	ridge	reproducibility	20260929.0		insufficient_rows_or_targets	
scalar_unavailable									1376	100.0	3.0	significant_and_absolute_z_at_least_2	significant_response_l1_gain	ridge	no_state	20260912.0		insufficient_rows_or_targets	
scalar_unavailable									1380	100.0	3.0	significant_and_absolute_z_at_least_2	significant_response_l1_gain	ridge	no_state	20261119.0		insufficient_rows_or_targets	
scalar_unavailable									1384	100.0	3.0	significant_and_absolute_z_at_least_2	significant_response_l1_gain	huber_regression	minimal	20261031.0		insufficient_rows_or_targets	
scalar_unavailable									1388	100.0	3.0	significant_and_absolute_z_at_least_2	significant_response_l1_gain	huber_regression	observability	20261013.0		insufficient_rows_or_targets	
scalar_unavailable									1392	100.0	3.0	significant_and_absolute_z_at_least_2	significant_response_l1_gain	huber_regression	reproducibility	20260929.0		insufficient_rows_or_targets	
scalar_unavailable									1396	100.0	3.0	significant_and_absolute_z_at_least_2	significant_response_l1_gain	huber_regression	no_state	20260912.0		insufficient_rows_or_targets	
scalar_unavailable									1400	100.0	3.0	significant_and_absolute_z_at_least_2	significant_response_l1_gain	huber_regression	no_state	20261119.0		insufficient_rows_or_targets	
scalar_unavailable									1404	100.0	3.0	significant_and_absolute_z_at_least_2	significant_response_l1_gain	sparse_nonlinear	minimal	20261031.0		insufficient_rows_or_targets	
scalar_unavailable									1408	100.0	3.0	significant_and_absolute_z_at_least_2	significant_response_l1_gain	sparse_nonlinear	observability	20261013.0		insufficient_rows_or_targets	
scalar_unavailable									1412	100.0	3.0	significant_and_absolute_z_at_least_2	significant_response_l1_gain	sparse_nonlinear	reproducibility	20260929.0		insufficient_rows_or_targets	
scalar_unavailable									1416	100.0	3.0	significant_and_absolute_z_at_least_2	significant_response_l1_gain	sparse_nonlinear	no_state	20260912.0		insufficient_rows_or_targets	
scalar_unavailable									1420	100.0	3.0	significant_and_absolute_z_at_least_2	significant_response_l1_gain	sparse_nonlinear	no_state	20261119.0		insufficient_rows_or_targets	
scalar_unavailable									1424	100.0	3.0	significant_and_absolute_z_at_least_2	significant_response_l1_gain	graph_readout	minimal	20261031.0		insufficient_rows_or_targets	
scalar_unavailable									1428	100.0	3.0	significant_and_absolute_z_at_least_2	significant_response_l1_gain	graph_readout	observability	20261013.0		insufficient_rows_or_targets	
scalar_unavailable									1432	100.0	3.0	significant_and_absolute_z_at_least_2	significant_response_l1_gain	graph_readout	reproducibility	20260929.0		insufficient_rows_or_targets	
scalar_unavailable									1436	100.0	3.0	significant_and_absolute_z_at_least_2	significant_response_l1_gain	graph_readout	no_state	20260912.0		insufficient_rows_or_targets	
scalar_unavailable									1440	100.0	3.0	significant_and_absolute_z_at_least_2	significant_response_l1_gain	graph_readout	no_state	20261119.0		insufficient_rows_or_targets	
scalar_unavailable									2404	200.0	3.0	significant	distal_gene_count_residual	ridge	minimal	20261031.0		insufficient_rows_or_targets	
scalar_unavailable									2408	200.0	3.0	significant	distal_gene_count_residual	ridge	observability	20261013.0		insufficient_rows_or_targets	
scalar_unavailable									2412	200.0	3.0	significant	distal_gene_count_residual	ridge	reproducibility	20260929.0		insufficient_rows_or_targets	
scalar_unavailable									2416	200.0	3.0	significant	distal_gene_count_residual	ridge	no_state	20260912.0		insufficient_rows_or_targets	
scalar_unavailable									2420	200.0	3.0	significant	distal_gene_count_residual	ridge	no_state	20261119.0		insufficient_rows_or_targets	
scalar_unavailable									2424	200.0	3.0	significant	distal_gene_count_residual	huber_regression	minimal	20261031.0		insufficient_rows_or_targets	
scalar_unavailable									2428	200.0	3.0	significant	distal_gene_count_residual	huber_regression	observability	20261013.0		insufficient_rows_or_targets	
scalar_unavailable									2432	200.0	3.0	significant	distal_gene_count_residual	huber_regression	reproducibility	20260929.0		insufficient_rows_or_targets	
scalar_unavailable									2436	200.0	3.0	significant	distal_gene_count_residual	huber_regression	no_state	20260912.0		insufficient_rows_or_targets	
scalar_unavailable									2440	200.0	3.0	significant	distal_gene_count_residual	huber_regression	no_state	20261119.0		insufficient_rows_or_targets	
scalar_unavailable									2444	200.0	3.0	significant	distal_gene_count_residual	sparse_nonlinear	minimal	20261031.0		insufficient_rows_or_targets	
scalar_unavailable									2448	200.0	3.0	significant	distal_gene_count_residual	sparse_nonlinear	observability	20261013.0		insufficient_rows_or_targets	
scalar_unavailable									2452	200.0	3.0	significant	distal_gene_count_residual	sparse_nonlinear	reproducibility	20260929.0		insufficient_rows_or_targets	
scalar_unavailable									2456	200.0	3.0	significant	distal_gene_count_residual	sparse_nonlinear	no_state	20260912.0		insufficient_rows_or_targets	
scalar_unavailable									2460	200.0	3.0	significant	distal_gene_count_residual	sparse_nonlinear	no_state	20261119.0		insufficient_rows_or_targets	
scalar_unavailable									2464	200.0	3.0	significant	distal_gene_count_residual	graph_readout	minimal	20261031.0		insufficient_rows_or_targets	
scalar_unavailable									2468	200.0	3.0	significant	distal_gene_count_residual	graph_readout	observability	20261013.0		insufficient_rows_or_targets	
scalar_unavailable									2472	200.0	3.0	significant	distal_gene_count_residual	graph_readout	reproducibility	20260929.0		insufficient_rows_or_targets	
scalar_unavailable									2476	200.0	3.0	significant	distal_gene_count_residual	graph_readout	no_state	20260912.0		insufficient_rows_or_targets	
scalar_unavailable									2480	200.0	3.0	significant	distal_gene_count_residual	graph_readout	no_state	20261119.0		insufficient_rows_or_targets	
scalar_unavailable									2484	200.0	3.0	significant	debiased_response_l2_gain	ridge	minimal	20261031.0		insufficient_rows_or_targets	
scalar_unavailable									2488	200.0	3.0	significant	debiased_response_l2_gain	ridge	observability	20261013.0		insufficient_rows_or_targets	
scalar_unavailable									2492	200.0	3.0	significant	debiased_response_l2_gain	ridge	reproducibility	20260929.0		insufficient_rows_or_targets	
scalar_unavailable									2496	200.0	3.0	significant	debiased_response_l2_gain	ridge	no_state	20260912.0		insufficient_rows_or_targets	
scalar_unavailable									2500	200.0	3.0	significant	debiased_response_l2_gain	ridge	no_state	20261119.0		insufficient_rows_or_targets	
scalar_unavailable									2504	200.0	3.0	significant	debiased_response_l2_gain	huber_regression	minimal	20261031.0		insufficient_rows_or_targets	
scalar_unavailable									2508	200.0	3.0	significant	debiased_response_l2_gain	huber_regression	observability	20261013.0		insufficient_rows_or_targets	
scalar_unavailable									2512	200.0	3.0	significant	debiased_response_l2_gain	huber_regression	reproducibility	20260929.0		insufficient_rows_or_targets	
scalar_unavailable									2516	200.0	3.0	significant	debiased_response_l2_gain	huber_regression	no_state	20260912.0		insufficient_rows_or_targets	
scalar_unavailable									2520	200.0	3.0	significant	debiased_response_l2_gain	huber_regression	no_state	20261119.0		insufficient_rows_or_targets	
scalar_unavailable									2524	200.0	3.0	significant	debiased_response_l2_gain	sparse_nonlinear	minimal	20261031.0		insufficient_rows_or_targets	
scalar_unavailable									2528	200.0	3.0	significant	debiased_response_l2_gain	sparse_nonlinear	observability	20261013.0		insufficient_rows_or_targets	
scalar_unavailable									2532	200.0	3.0	significant	debiased_response_l2_gain	sparse_nonlinear	reproducibility	20260929.0		insufficient_rows_or_targets	
scalar_unavailable									2536	200.0	3.0	significant	debiased_response_l2_gain	sparse_nonlinear	no_state	20260912.0		insufficient_rows_or_targets	
scalar_unavailable									2540	200.0	3.0	significant	debiased_response_l2_gain	sparse_nonlinear	no_state	20261119.0		insufficient_rows_or_targets	
scalar_unavailable									2544	200.0	3.0	significant	debiased_response_l2_gain	graph_readout	minimal	20261031.0		insufficient_rows_or_targets	
scalar_unavailable									2548	200.0	3.0	significant	debiased_response_l2_gain	graph_readout	observability	20261013.0		insufficient_rows_or_targets	
scalar_unavailable									2552	200.0	3.0	significant	debiased_response_l2_gain	graph_readout	reproducibility	20260929.0		insufficient_rows_or_targets	
scalar_unavailable									2556	200.0	3.0	significant	debiased_response_l2_gain	graph_readout	no_state	20260912.0		insufficient_rows_or_targets	
scalar_unavailable									2560	200.0	3.0	significant	debiased_response_l2_gain	graph_readout	no_state	20261119.0		insufficient_rows_or_targets	
scalar_unavailable									2564	200.0	3.0	significant	significant_response_l1_gain	ridge	minimal	20261031.0		insufficient_rows_or_targets	
scalar_unavailable									2568	200.0	3.0	significant	significant_response_l1_gain	ridge	observability	20261013.0		insufficient_rows_or_targets	
scalar_unavailable									2572	200.0	3.0	significant	significant_response_l1_gain	ridge	reproducibility	20260929.0		insufficient_rows_or_targets	
scalar_unavailable									2576	200.0	3.0	significant	significant_response_l1_gain	ridge	no_state	20260912.0		insufficient_rows_or_targets	
scalar_unavailable									2580	200.0	3.0	significant	significant_response_l1_gain	ridge	no_state	20261119.0		insufficient_rows_or_targets	
scalar_unavailable									2584	200.0	3.0	significant	significant_response_l1_gain	huber_regression	minimal	20261031.0		insufficient_rows_or_targets	
scalar_unavailable									2588	200.0	3.0	significant	significant_response_l1_gain	huber_regression	observability	20261013.0		insufficient_rows_or_targets	
scalar_unavailable									2592	200.0	3.0	significant	significant_response_l1_gain	huber_regression	reproducibility	20260929.0		insufficient_rows_or_targets	
scalar_unavailable									2596	200.0	3.0	significant	significant_response_l1_gain	huber_regression	no_state	20260912.0		insufficient_rows_or_targets	
scalar_unavailable									2600	200.0	3.0	significant	significant_response_l1_gain	huber_regression	no_state	20261119.0		insufficient_rows_or_targets	
scalar_unavailable									2604	200.0	3.0	significant	significant_response_l1_gain	sparse_nonlinear	minimal	20261031.0		insufficient_rows_or_targets	
scalar_unavailable									2608	200.0	3.0	significant	significant_response_l1_gain	sparse_nonlinear	observability	20261013.0		insufficient_rows_or_targets	
scalar_unavailable									2612	200.0	3.0	significant	significant_response_l1_gain	sparse_nonlinear	reproducibility	20260929.0		insufficient_rows_or_targets	
scalar_unavailable									2616	200.0	3.0	significant	significant_response_l1_gain	sparse_nonlinear	no_state	20260912.0		insufficient_rows_or_targets	
scalar_unavailable									2620	200.0	3.0	significant	significant_response_l1_gain	sparse_nonlinear	no_state	20261119.0		insufficient_rows_or_targets	
scalar_unavailable									2624	200.0	3.0	significant	significant_response_l1_gain	graph_readout	minimal	20261031.0		insufficient_rows_or_targets	
scalar_unavailable									2628	200.0	3.0	significant	significant_response_l1_gain	graph_readout	observability	20261013.0		insufficient_rows_or_targets	
scalar_unavailable									2632	200.0	3.0	significant	significant_response_l1_gain	graph_readout	reproducibility	20260929.0		insufficient_rows_or_targets	
scalar_unavailable									2636	200.0	3.0	significant	significant_response_l1_gain	graph_readout	no_state	20260912.0		insufficient_rows_or_targets	
scalar_unavailable									2640	200.0	3.0	significant	significant_response_l1_gain	graph_readout	no_state	20261119.0		insufficient_rows_or_targets	
scalar_unavailable									2644	200.0	3.0	significant_and_absolute_z_at_least_2	distal_gene_count_residual	ridge	minimal	20261031.0		insufficient_rows_or_targets	
scalar_unavailable									2648	200.0	3.0	significant_and_absolute_z_at_least_2	distal_gene_count_residual	ridge	observability	20261013.0		insufficient_rows_or_targets	
scalar_unavailable									2652	200.0	3.0	significant_and_absolute_z_at_least_2	distal_gene_count_residual	ridge	reproducibility	20260929.0		insufficient_rows_or_targets	
scalar_unavailable									2656	200.0	3.0	significant_and_absolute_z_at_least_2	distal_gene_count_residual	ridge	no_state	20260912.0		insufficient_rows_or_targets	
scalar_unavailable									2660	200.0	3.0	significant_and_absolute_z_at_least_2	distal_gene_count_residual	ridge	no_state	20261119.0		insufficient_rows_or_targets	
scalar_unavailable									2664	200.0	3.0	significant_and_absolute_z_at_least_2	distal_gene_count_residual	huber_regression	minimal	20261031.0		insufficient_rows_or_targets	
scalar_unavailable									2668	200.0	3.0	significant_and_absolute_z_at_least_2	distal_gene_count_residual	huber_regression	observability	20261013.0		insufficient_rows_or_targets	
scalar_unavailable									2672	200.0	3.0	significant_and_absolute_z_at_least_2	distal_gene_count_residual	huber_regression	reproducibility	20260929.0		insufficient_rows_or_targets	
scalar_unavailable									2676	200.0	3.0	significant_and_absolute_z_at_least_2	distal_gene_count_residual	huber_regression	no_state	20260912.0		insufficient_rows_or_targets	
scalar_unavailable									2680	200.0	3.0	significant_and_absolute_z_at_least_2	distal_gene_count_residual	huber_regression	no_state	20261119.0		insufficient_rows_or_targets	
scalar_unavailable									2684	200.0	3.0	significant_and_absolute_z_at_least_2	distal_gene_count_residual	sparse_nonlinear	minimal	20261031.0		insufficient_rows_or_targets	
scalar_unavailable									2688	200.0	3.0	significant_and_absolute_z_at_least_2	distal_gene_count_residual	sparse_nonlinear	observability	20261013.0		insufficient_rows_or_targets	
scalar_unavailable									2692	200.0	3.0	significant_and_absolute_z_at_least_2	distal_gene_count_residual	sparse_nonlinear	reproducibility	20260929.0		insufficient_rows_or_targets	
scalar_unavailable									2696	200.0	3.0	significant_and_absolute_z_at_least_2	distal_gene_count_residual	sparse_nonlinear	no_state	20260912.0		insufficient_rows_or_targets	
scalar_unavailable									2700	200.0	3.0	significant_and_absolute_z_at_least_2	distal_gene_count_residual	sparse_nonlinear	no_state	20261119.0		insufficient_rows_or_targets	
scalar_unavailable									2704	200.0	3.0	significant_and_absolute_z_at_least_2	distal_gene_count_residual	graph_readout	minimal	20261031.0		insufficient_rows_or_targets	
scalar_unavailable									2708	200.0	3.0	significant_and_absolute_z_at_least_2	distal_gene_count_residual	graph_readout	observability	20261013.0		insufficient_rows_or_targets	
scalar_unavailable									2712	200.0	3.0	significant_and_absolute_z_at_least_2	distal_gene_count_residual	graph_readout	reproducibility	20260929.0		insufficient_rows_or_targets	
scalar_unavailable									2716	200.0	3.0	significant_and_absolute_z_at_least_2	distal_gene_count_residual	graph_readout	no_state	20260912.0		insufficient_rows_or_targets	
scalar_unavailable									2720	200.0	3.0	significant_and_absolute_z_at_least_2	distal_gene_count_residual	graph_readout	no_state	20261119.0		insufficient_rows_or_targets	
scalar_unavailable									2724	200.0	3.0	significant_and_absolute_z_at_least_2	debiased_response_l2_gain	ridge	minimal	20261031.0		insufficient_rows_or_targets	
scalar_unavailable									2728	200.0	3.0	significant_and_absolute_z_at_least_2	debiased_response_l2_gain	ridge	observability	20261013.0		insufficient_rows_or_targets	
scalar_unavailable									2732	200.0	3.0	significant_and_absolute_z_at_least_2	debiased_response_l2_gain	ridge	reproducibility	20260929.0		insufficient_rows_or_targets	
scalar_unavailable									2736	200.0	3.0	significant_and_absolute_z_at_least_2	debiased_response_l2_gain	ridge	no_state	20260912.0		insufficient_rows_or_targets	
scalar_unavailable									2740	200.0	3.0	significant_and_absolute_z_at_least_2	debiased_response_l2_gain	ridge	no_state	20261119.0		insufficient_rows_or_targets	
scalar_unavailable									2744	200.0	3.0	significant_and_absolute_z_at_least_2	debiased_response_l2_gain	huber_regression	minimal	20261031.0		insufficient_rows_or_targets	
scalar_unavailable									2748	200.0	3.0	significant_and_absolute_z_at_least_2	debiased_response_l2_gain	huber_regression	observability	20261013.0		insufficient_rows_or_targets	
scalar_unavailable									2752	200.0	3.0	significant_and_absolute_z_at_least_2	debiased_response_l2_gain	huber_regression	reproducibility	20260929.0		insufficient_rows_or_targets	
scalar_unavailable									2756	200.0	3.0	significant_and_absolute_z_at_least_2	debiased_response_l2_gain	huber_regression	no_state	20260912.0		insufficient_rows_or_targets	
scalar_unavailable									2760	200.0	3.0	significant_and_absolute_z_at_least_2	debiased_response_l2_gain	huber_regression	no_state	20261119.0		insufficient_rows_or_targets	
scalar_unavailable									2764	200.0	3.0	significant_and_absolute_z_at_least_2	debiased_response_l2_gain	sparse_nonlinear	minimal	20261031.0		insufficient_rows_or_targets	
scalar_unavailable									2768	200.0	3.0	significant_and_absolute_z_at_least_2	debiased_response_l2_gain	sparse_nonlinear	observability	20261013.0		insufficient_rows_or_targets	
scalar_unavailable									2772	200.0	3.0	significant_and_absolute_z_at_least_2	debiased_response_l2_gain	sparse_nonlinear	reproducibility	20260929.0		insufficient_rows_or_targets	
scalar_unavailable									2776	200.0	3.0	significant_and_absolute_z_at_least_2	debiased_response_l2_gain	sparse_nonlinear	no_state	20260912.0		insufficient_rows_or_targets	
scalar_unavailable									2780	200.0	3.0	significant_and_absolute_z_at_least_2	debiased_response_l2_gain	sparse_nonlinear	no_state	20261119.0		insufficient_rows_or_targets	
scalar_unavailable									2784	200.0	3.0	significant_and_absolute_z_at_least_2	debiased_response_l2_gain	graph_readout	minimal	20261031.0		insufficient_rows_or_targets	
scalar_unavailable									2788	200.0	3.0	significant_and_absolute_z_at_least_2	debiased_response_l2_gain	graph_readout	observability	20261013.0		insufficient_rows_or_targets	
scalar_unavailable									2792	200.0	3.0	significant_and_absolute_z_at_least_2	debiased_response_l2_gain	graph_readout	reproducibility	20260929.0		insufficient_rows_or_targets	
scalar_unavailable									2796	200.0	3.0	significant_and_absolute_z_at_least_2	debiased_response_l2_gain	graph_readout	no_state	20260912.0		insufficient_rows_or_targets	
scalar_unavailable									2800	200.0	3.0	significant_and_absolute_z_at_least_2	debiased_response_l2_gain	graph_readout	no_state	20261119.0		insufficient_rows_or_targets	
scalar_unavailable									2804	200.0	3.0	significant_and_absolute_z_at_least_2	significant_response_l1_gain	ridge	minimal	20261031.0		insufficient_rows_or_targets	
scalar_unavailable									2808	200.0	3.0	significant_and_absolute_z_at_least_2	significant_response_l1_gain	ridge	observability	20261013.0		insufficient_rows_or_targets	
scalar_unavailable									2812	200.0	3.0	significant_and_absolute_z_at_least_2	significant_response_l1_gain	ridge	reproducibility	20260929.0		insufficient_rows_or_targets	
scalar_unavailable									2816	200.0	3.0	significant_and_absolute_z_at_least_2	significant_response_l1_gain	ridge	no_state	20260912.0		insufficient_rows_or_targets	
scalar_unavailable									2820	200.0	3.0	significant_and_absolute_z_at_least_2	significant_response_l1_gain	ridge	no_state	20261119.0		insufficient_rows_or_targets	
scalar_unavailable									2824	200.0	3.0	significant_and_absolute_z_at_least_2	significant_response_l1_gain	huber_regression	minimal	20261031.0		insufficient_rows_or_targets	
scalar_unavailable									2828	200.0	3.0	significant_and_absolute_z_at_least_2	significant_response_l1_gain	huber_regression	observability	20261013.0		insufficient_rows_or_targets	
scalar_unavailable									2832	200.0	3.0	significant_and_absolute_z_at_least_2	significant_response_l1_gain	huber_regression	reproducibility	20260929.0		insufficient_rows_or_targets	
scalar_unavailable									2836	200.0	3.0	significant_and_absolute_z_at_least_2	significant_response_l1_gain	huber_regression	no_state	20260912.0		insufficient_rows_or_targets	
scalar_unavailable									2840	200.0	3.0	significant_and_absolute_z_at_least_2	significant_response_l1_gain	huber_regression	no_state	20261119.0		insufficient_rows_or_targets	
scalar_unavailable									2844	200.0	3.0	significant_and_absolute_z_at_least_2	significant_response_l1_gain	sparse_nonlinear	minimal	20261031.0		insufficient_rows_or_targets	
scalar_unavailable									2848	200.0	3.0	significant_and_absolute_z_at_least_2	significant_response_l1_gain	sparse_nonlinear	observability	20261013.0		insufficient_rows_or_targets	
scalar_unavailable									2852	200.0	3.0	significant_and_absolute_z_at_least_2	significant_response_l1_gain	sparse_nonlinear	reproducibility	20260929.0		insufficient_rows_or_targets	
scalar_unavailable									2856	200.0	3.0	significant_and_absolute_z_at_least_2	significant_response_l1_gain	sparse_nonlinear	no_state	20260912.0		insufficient_rows_or_targets	
scalar_unavailable									2860	200.0	3.0	significant_and_absolute_z_at_least_2	significant_response_l1_gain	sparse_nonlinear	no_state	20261119.0		insufficient_rows_or_targets	
scalar_unavailable									2864	200.0	3.0	significant_and_absolute_z_at_least_2	significant_response_l1_gain	graph_readout	minimal	20261031.0		insufficient_rows_or_targets	
scalar_unavailable									2868	200.0	3.0	significant_and_absolute_z_at_least_2	significant_response_l1_gain	graph_readout	observability	20261013.0		insufficient_rows_or_targets	
scalar_unavailable									2872	200.0	3.0	significant_and_absolute_z_at_least_2	significant_response_l1_gain	graph_readout	reproducibility	20260929.0		insufficient_rows_or_targets	
scalar_unavailable									2876	200.0	3.0	significant_and_absolute_z_at_least_2	significant_response_l1_gain	graph_readout	no_state	20260912.0		insufficient_rows_or_targets	
scalar_unavailable									2880	200.0	3.0	significant_and_absolute_z_at_least_2	significant_response_l1_gain	graph_readout	no_state	20261119.0		insufficient_rows_or_targets	
scalar_unavailable									3844	300.0	3.0	significant	distal_gene_count_residual	ridge	minimal	20261031.0		insufficient_rows_or_targets	
scalar_unavailable									3848	300.0	3.0	significant	distal_gene_count_residual	ridge	observability	20261013.0		insufficient_rows_or_targets	
scalar_unavailable									3852	300.0	3.0	significant	distal_gene_count_residual	ridge	reproducibility	20260929.0		insufficient_rows_or_targets	
scalar_unavailable									3856	300.0	3.0	significant	distal_gene_count_residual	ridge	no_state	20260912.0		insufficient_rows_or_targets	
scalar_unavailable									3860	300.0	3.0	significant	distal_gene_count_residual	ridge	no_state	20261119.0		insufficient_rows_or_targets	
scalar_unavailable									3864	300.0	3.0	significant	distal_gene_count_residual	huber_regression	minimal	20261031.0		insufficient_rows_or_targets	
scalar_unavailable									3868	300.0	3.0	significant	distal_gene_count_residual	huber_regression	observability	20261013.0		insufficient_rows_or_targets	
scalar_unavailable									3872	300.0	3.0	significant	distal_gene_count_residual	huber_regression	reproducibility	20260929.0		insufficient_rows_or_targets	
scalar_unavailable									3876	300.0	3.0	significant	distal_gene_count_residual	huber_regression	no_state	20260912.0		insufficient_rows_or_targets	
scalar_unavailable									3880	300.0	3.0	significant	distal_gene_count_residual	huber_regression	no_state	20261119.0		insufficient_rows_or_targets	
scalar_unavailable									3884	300.0	3.0	significant	distal_gene_count_residual	sparse_nonlinear	minimal	20261031.0		insufficient_rows_or_targets	
scalar_unavailable									3888	300.0	3.0	significant	distal_gene_count_residual	sparse_nonlinear	observability	20261013.0		insufficient_rows_or_targets	
scalar_unavailable									3892	300.0	3.0	significant	distal_gene_count_residual	sparse_nonlinear	reproducibility	20260929.0		insufficient_rows_or_targets	
scalar_unavailable									3896	300.0	3.0	significant	distal_gene_count_residual	sparse_nonlinear	no_state	20260912.0		insufficient_rows_or_targets	
scalar_unavailable									3900	300.0	3.0	significant	distal_gene_count_residual	sparse_nonlinear	no_state	20261119.0		insufficient_rows_or_targets	
scalar_unavailable									3904	300.0	3.0	significant	distal_gene_count_residual	graph_readout	minimal	20261031.0		insufficient_rows_or_targets	
scalar_unavailable									3908	300.0	3.0	significant	distal_gene_count_residual	graph_readout	observability	20261013.0		insufficient_rows_or_targets	
scalar_unavailable									3912	300.0	3.0	significant	distal_gene_count_residual	graph_readout	reproducibility	20260929.0		insufficient_rows_or_targets	
scalar_unavailable									3916	300.0	3.0	significant	distal_gene_count_residual	graph_readout	no_state	20260912.0		insufficient_rows_or_targets	
scalar_unavailable									3920	300.0	3.0	significant	distal_gene_count_residual	graph_readout	no_state	20261119.0		insufficient_rows_or_targets	
scalar_unavailable									3924	300.0	3.0	significant	debiased_response_l2_gain	ridge	minimal	20261031.0		insufficient_rows_or_targets	
scalar_unavailable									3928	300.0	3.0	significant	debiased_response_l2_gain	ridge	observability	20261013.0		insufficient_rows_or_targets	
scalar_unavailable									3932	300.0	3.0	significant	debiased_response_l2_gain	ridge	reproducibility	20260929.0		insufficient_rows_or_targets	
scalar_unavailable									3936	300.0	3.0	significant	debiased_response_l2_gain	ridge	no_state	20260912.0		insufficient_rows_or_targets	
scalar_unavailable									3940	300.0	3.0	significant	debiased_response_l2_gain	ridge	no_state	20261119.0		insufficient_rows_or_targets	
scalar_unavailable									3944	300.0	3.0	significant	debiased_response_l2_gain	huber_regression	minimal	20261031.0		insufficient_rows_or_targets	
scalar_unavailable									3948	300.0	3.0	significant	debiased_response_l2_gain	huber_regression	observability	20261013.0		insufficient_rows_or_targets	
scalar_unavailable									3952	300.0	3.0	significant	debiased_response_l2_gain	huber_regression	reproducibility	20260929.0		insufficient_rows_or_targets	
scalar_unavailable									3956	300.0	3.0	significant	debiased_response_l2_gain	huber_regression	no_state	20260912.0		insufficient_rows_or_targets	
scalar_unavailable									3960	300.0	3.0	significant	debiased_response_l2_gain	huber_regression	no_state	20261119.0		insufficient_rows_or_targets	
scalar_unavailable									3964	300.0	3.0	significant	debiased_response_l2_gain	sparse_nonlinear	minimal	20261031.0		insufficient_rows_or_targets	
scalar_unavailable									3968	300.0	3.0	significant	debiased_response_l2_gain	sparse_nonlinear	observability	20261013.0		insufficient_rows_or_targets	
scalar_unavailable									3972	300.0	3.0	significant	debiased_response_l2_gain	sparse_nonlinear	reproducibility	20260929.0		insufficient_rows_or_targets	
scalar_unavailable									3976	300.0	3.0	significant	debiased_response_l2_gain	sparse_nonlinear	no_state	20260912.0		insufficient_rows_or_targets	
scalar_unavailable									3980	300.0	3.0	significant	debiased_response_l2_gain	sparse_nonlinear	no_state	20261119.0		insufficient_rows_or_targets	
scalar_unavailable									3984	300.0	3.0	significant	debiased_response_l2_gain	graph_readout	minimal	20261031.0		insufficient_rows_or_targets	
scalar_unavailable									3988	300.0	3.0	significant	debiased_response_l2_gain	graph_readout	observability	20261013.0		insufficient_rows_or_targets	
scalar_unavailable									3992	300.0	3.0	significant	debiased_response_l2_gain	graph_readout	reproducibility	20260929.0		insufficient_rows_or_targets	
scalar_unavailable									3996	300.0	3.0	significant	debiased_response_l2_gain	graph_readout	no_state	20260912.0		insufficient_rows_or_targets	
scalar_unavailable									4000	300.0	3.0	significant	debiased_response_l2_gain	graph_readout	no_state	20261119.0		insufficient_rows_or_targets	
scalar_unavailable									4004	300.0	3.0	significant	significant_response_l1_gain	ridge	minimal	20261031.0		insufficient_rows_or_targets	
scalar_unavailable									4008	300.0	3.0	significant	significant_response_l1_gain	ridge	observability	20261013.0		insufficient_rows_or_targets	
scalar_unavailable									4012	300.0	3.0	significant	significant_response_l1_gain	ridge	reproducibility	20260929.0		insufficient_rows_or_targets	
scalar_unavailable									4016	300.0	3.0	significant	significant_response_l1_gain	ridge	no_state	20260912.0		insufficient_rows_or_targets	
scalar_unavailable									4020	300.0	3.0	significant	significant_response_l1_gain	ridge	no_state	20261119.0		insufficient_rows_or_targets	
scalar_unavailable									4024	300.0	3.0	significant	significant_response_l1_gain	huber_regression	minimal	20261031.0		insufficient_rows_or_targets	
scalar_unavailable									4028	300.0	3.0	significant	significant_response_l1_gain	huber_regression	observability	20261013.0		insufficient_rows_or_targets	
scalar_unavailable									4032	300.0	3.0	significant	significant_response_l1_gain	huber_regression	reproducibility	20260929.0		insufficient_rows_or_targets	
scalar_unavailable									4036	300.0	3.0	significant	significant_response_l1_gain	huber_regression	no_state	20260912.0		insufficient_rows_or_targets	
scalar_unavailable									4040	300.0	3.0	significant	significant_response_l1_gain	huber_regression	no_state	20261119.0		insufficient_rows_or_targets	
scalar_unavailable									4044	300.0	3.0	significant	significant_response_l1_gain	sparse_nonlinear	minimal	20261031.0		insufficient_rows_or_targets	
scalar_unavailable									4048	300.0	3.0	significant	significant_response_l1_gain	sparse_nonlinear	observability	20261013.0		insufficient_rows_or_targets	
scalar_unavailable									4052	300.0	3.0	significant	significant_response_l1_gain	sparse_nonlinear	reproducibility	20260929.0		insufficient_rows_or_targets	
scalar_unavailable									4056	300.0	3.0	significant	significant_response_l1_gain	sparse_nonlinear	no_state	20260912.0		insufficient_rows_or_targets	
scalar_unavailable									4060	300.0	3.0	significant	significant_response_l1_gain	sparse_nonlinear	no_state	20261119.0		insufficient_rows_or_targets	
scalar_unavailable									4064	300.0	3.0	significant	significant_response_l1_gain	graph_readout	minimal	20261031.0		insufficient_rows_or_targets	
scalar_unavailable									4068	300.0	3.0	significant	significant_response_l1_gain	graph_readout	observability	20261013.0		insufficient_rows_or_targets	
scalar_unavailable									4072	300.0	3.0	significant	significant_response_l1_gain	graph_readout	reproducibility	20260929.0		insufficient_rows_or_targets	
scalar_unavailable									4076	300.0	3.0	significant	significant_response_l1_gain	graph_readout	no_state	20260912.0		insufficient_rows_or_targets	
scalar_unavailable									4080	300.0	3.0	significant	significant_response_l1_gain	graph_readout	no_state	20261119.0		insufficient_rows_or_targets	
scalar_unavailable									4084	300.0	3.0	significant_and_absolute_z_at_least_2	distal_gene_count_residual	ridge	minimal	20261031.0		insufficient_rows_or_targets	
scalar_unavailable									4088	300.0	3.0	significant_and_absolute_z_at_least_2	distal_gene_count_residual	ridge	observability	20261013.0		insufficient_rows_or_targets	
scalar_unavailable									4092	300.0	3.0	significant_and_absolute_z_at_least_2	distal_gene_count_residual	ridge	reproducibility	20260929.0		insufficient_rows_or_targets	
scalar_unavailable									4096	300.0	3.0	significant_and_absolute_z_at_least_2	distal_gene_count_residual	ridge	no_state	20260912.0		insufficient_rows_or_targets	
scalar_unavailable									4100	300.0	3.0	significant_and_absolute_z_at_least_2	distal_gene_count_residual	ridge	no_state	20261119.0		insufficient_rows_or_targets	
scalar_unavailable									4104	300.0	3.0	significant_and_absolute_z_at_least_2	distal_gene_count_residual	huber_regression	minimal	20261031.0		insufficient_rows_or_targets	
scalar_unavailable									4108	300.0	3.0	significant_and_absolute_z_at_least_2	distal_gene_count_residual	huber_regression	observability	20261013.0		insufficient_rows_or_targets	
scalar_unavailable									4112	300.0	3.0	significant_and_absolute_z_at_least_2	distal_gene_count_residual	huber_regression	reproducibility	20260929.0		insufficient_rows_or_targets	
scalar_unavailable									4116	300.0	3.0	significant_and_absolute_z_at_least_2	distal_gene_count_residual	huber_regression	no_state	20260912.0		insufficient_rows_or_targets	
scalar_unavailable									4120	300.0	3.0	significant_and_absolute_z_at_least_2	distal_gene_count_residual	huber_regression	no_state	20261119.0		insufficient_rows_or_targets	
scalar_unavailable									4124	300.0	3.0	significant_and_absolute_z_at_least_2	distal_gene_count_residual	sparse_nonlinear	minimal	20261031.0		insufficient_rows_or_targets	
scalar_unavailable									4128	300.0	3.0	significant_and_absolute_z_at_least_2	distal_gene_count_residual	sparse_nonlinear	observability	20261013.0		insufficient_rows_or_targets	
scalar_unavailable									4132	300.0	3.0	significant_and_absolute_z_at_least_2	distal_gene_count_residual	sparse_nonlinear	reproducibility	20260929.0		insufficient_rows_or_targets	
scalar_unavailable									4136	300.0	3.0	significant_and_absolute_z_at_least_2	distal_gene_count_residual	sparse_nonlinear	no_state	20260912.0		insufficient_rows_or_targets	
scalar_unavailable									4140	300.0	3.0	significant_and_absolute_z_at_least_2	distal_gene_count_residual	sparse_nonlinear	no_state	20261119.0		insufficient_rows_or_targets	
scalar_unavailable									4144	300.0	3.0	significant_and_absolute_z_at_least_2	distal_gene_count_residual	graph_readout	minimal	20261031.0		insufficient_rows_or_targets	
scalar_unavailable									4148	300.0	3.0	significant_and_absolute_z_at_least_2	distal_gene_count_residual	graph_readout	observability	20261013.0		insufficient_rows_or_targets	
scalar_unavailable									4152	300.0	3.0	significant_and_absolute_z_at_least_2	distal_gene_count_residual	graph_readout	reproducibility	20260929.0		insufficient_rows_or_targets	
scalar_unavailable									4156	300.0	3.0	significant_and_absolute_z_at_least_2	distal_gene_count_residual	graph_readout	no_state	20260912.0		insufficient_rows_or_targets	
scalar_unavailable									4160	300.0	3.0	significant_and_absolute_z_at_least_2	distal_gene_count_residual	graph_readout	no_state	20261119.0		insufficient_rows_or_targets	
scalar_unavailable									4164	300.0	3.0	significant_and_absolute_z_at_least_2	debiased_response_l2_gain	ridge	minimal	20261031.0		insufficient_rows_or_targets	
scalar_unavailable									4168	300.0	3.0	significant_and_absolute_z_at_least_2	debiased_response_l2_gain	ridge	observability	20261013.0		insufficient_rows_or_targets	
scalar_unavailable									4172	300.0	3.0	significant_and_absolute_z_at_least_2	debiased_response_l2_gain	ridge	reproducibility	20260929.0		insufficient_rows_or_targets	
scalar_unavailable									4176	300.0	3.0	significant_and_absolute_z_at_least_2	debiased_response_l2_gain	ridge	no_state	20260912.0		insufficient_rows_or_targets	
scalar_unavailable									4180	300.0	3.0	significant_and_absolute_z_at_least_2	debiased_response_l2_gain	ridge	no_state	20261119.0		insufficient_rows_or_targets	
scalar_unavailable									4184	300.0	3.0	significant_and_absolute_z_at_least_2	debiased_response_l2_gain	huber_regression	minimal	20261031.0		insufficient_rows_or_targets	
scalar_unavailable									4188	300.0	3.0	significant_and_absolute_z_at_least_2	debiased_response_l2_gain	huber_regression	observability	20261013.0		insufficient_rows_or_targets	
scalar_unavailable									4192	300.0	3.0	significant_and_absolute_z_at_least_2	debiased_response_l2_gain	huber_regression	reproducibility	20260929.0		insufficient_rows_or_targets	
scalar_unavailable									4196	300.0	3.0	significant_and_absolute_z_at_least_2	debiased_response_l2_gain	huber_regression	no_state	20260912.0		insufficient_rows_or_targets	
scalar_unavailable									4200	300.0	3.0	significant_and_absolute_z_at_least_2	debiased_response_l2_gain	huber_regression	no_state	20261119.0		insufficient_rows_or_targets	
scalar_unavailable									4204	300.0	3.0	significant_and_absolute_z_at_least_2	debiased_response_l2_gain	sparse_nonlinear	minimal	20261031.0		insufficient_rows_or_targets	
scalar_unavailable									4208	300.0	3.0	significant_and_absolute_z_at_least_2	debiased_response_l2_gain	sparse_nonlinear	observability	20261013.0		insufficient_rows_or_targets	
scalar_unavailable									4212	300.0	3.0	significant_and_absolute_z_at_least_2	debiased_response_l2_gain	sparse_nonlinear	reproducibility	20260929.0		insufficient_rows_or_targets	
scalar_unavailable									4216	300.0	3.0	significant_and_absolute_z_at_least_2	debiased_response_l2_gain	sparse_nonlinear	no_state	20260912.0		insufficient_rows_or_targets	
scalar_unavailable									4220	300.0	3.0	significant_and_absolute_z_at_least_2	debiased_response_l2_gain	sparse_nonlinear	no_state	20261119.0		insufficient_rows_or_targets	
scalar_unavailable									4224	300.0	3.0	significant_and_absolute_z_at_least_2	debiased_response_l2_gain	graph_readout	minimal	20261031.0		insufficient_rows_or_targets	
scalar_unavailable									4228	300.0	3.0	significant_and_absolute_z_at_least_2	debiased_response_l2_gain	graph_readout	observability	20261013.0		insufficient_rows_or_targets	
scalar_unavailable									4232	300.0	3.0	significant_and_absolute_z_at_least_2	debiased_response_l2_gain	graph_readout	reproducibility	20260929.0		insufficient_rows_or_targets	
scalar_unavailable									4236	300.0	3.0	significant_and_absolute_z_at_least_2	debiased_response_l2_gain	graph_readout	no_state	20260912.0		insufficient_rows_or_targets	
scalar_unavailable									4240	300.0	3.0	significant_and_absolute_z_at_least_2	debiased_response_l2_gain	graph_readout	no_state	20261119.0		insufficient_rows_or_targets	
scalar_unavailable									4244	300.0	3.0	significant_and_absolute_z_at_least_2	significant_response_l1_gain	ridge	minimal	20261031.0		insufficient_rows_or_targets	
scalar_unavailable									4248	300.0	3.0	significant_and_absolute_z_at_least_2	significant_response_l1_gain	ridge	observability	20261013.0		insufficient_rows_or_targets	
scalar_unavailable									4252	300.0	3.0	significant_and_absolute_z_at_least_2	significant_response_l1_gain	ridge	reproducibility	20260929.0		insufficient_rows_or_targets	
scalar_unavailable									4256	300.0	3.0	significant_and_absolute_z_at_least_2	significant_response_l1_gain	ridge	no_state	20260912.0		insufficient_rows_or_targets	
scalar_unavailable									4260	300.0	3.0	significant_and_absolute_z_at_least_2	significant_response_l1_gain	ridge	no_state	20261119.0		insufficient_rows_or_targets	
scalar_unavailable									4264	300.0	3.0	significant_and_absolute_z_at_least_2	significant_response_l1_gain	huber_regression	minimal	20261031.0		insufficient_rows_or_targets	
scalar_unavailable									4268	300.0	3.0	significant_and_absolute_z_at_least_2	significant_response_l1_gain	huber_regression	observability	20261013.0		insufficient_rows_or_targets	
scalar_unavailable									4272	300.0	3.0	significant_and_absolute_z_at_least_2	significant_response_l1_gain	huber_regression	reproducibility	20260929.0		insufficient_rows_or_targets	
scalar_unavailable									4276	300.0	3.0	significant_and_absolute_z_at_least_2	significant_response_l1_gain	huber_regression	no_state	20260912.0		insufficient_rows_or_targets	
scalar_unavailable									4280	300.0	3.0	significant_and_absolute_z_at_least_2	significant_response_l1_gain	huber_regression	no_state	20261119.0		insufficient_rows_or_targets	
scalar_unavailable									4284	300.0	3.0	significant_and_absolute_z_at_least_2	significant_response_l1_gain	sparse_nonlinear	minimal	20261031.0		insufficient_rows_or_targets	
scalar_unavailable									4288	300.0	3.0	significant_and_absolute_z_at_least_2	significant_response_l1_gain	sparse_nonlinear	observability	20261013.0		insufficient_rows_or_targets	
scalar_unavailable									4292	300.0	3.0	significant_and_absolute_z_at_least_2	significant_response_l1_gain	sparse_nonlinear	reproducibility	20260929.0		insufficient_rows_or_targets	
scalar_unavailable									4296	300.0	3.0	significant_and_absolute_z_at_least_2	significant_response_l1_gain	sparse_nonlinear	no_state	20260912.0		insufficient_rows_or_targets	
scalar_unavailable									4300	300.0	3.0	significant_and_absolute_z_at_least_2	significant_response_l1_gain	sparse_nonlinear	no_state	20261119.0		insufficient_rows_or_targets	
scalar_unavailable									4304	300.0	3.0	significant_and_absolute_z_at_least_2	significant_response_l1_gain	graph_readout	minimal	20261031.0		insufficient_rows_or_targets	
scalar_unavailable									4308	300.0	3.0	significant_and_absolute_z_at_least_2	significant_response_l1_gain	graph_readout	observability	20261013.0		insufficient_rows_or_targets	
scalar_unavailable									4312	300.0	3.0	significant_and_absolute_z_at_least_2	significant_response_l1_gain	graph_readout	reproducibility	20260929.0		insufficient_rows_or_targets	
scalar_unavailable									4316	300.0	3.0	significant_and_absolute_z_at_least_2	significant_response_l1_gain	graph_readout	no_state	20260912.0		insufficient_rows_or_targets	
scalar_unavailable									4320	300.0	3.0	significant_and_absolute_z_at_least_2	significant_response_l1_gain	graph_readout	no_state	20261119.0		insufficient_rows_or_targets	
validation_unavailable	disease_convergence									100.0	1.0	significant	distal_gene_count_residual		minimal		15.0	disease labels are tied to the source study cluster resolution	0.05
validation_unavailable	disease_convergence									100.0	1.0	significant	distal_gene_count_residual		minimal		50.0	disease labels are tied to the source study cluster resolution	0.05
validation_unavailable	disease_convergence									100.0	1.0	significant	distal_gene_count_residual		observability		15.0	disease labels are tied to the source study cluster resolution	0.05
validation_unavailable	disease_convergence									100.0	1.0	significant	distal_gene_count_residual		observability		50.0	disease labels are tied to the source study cluster resolution	0.05
validation_unavailable	disease_convergence									100.0	1.0	significant	distal_gene_count_residual		reproducibility		15.0	disease labels are tied to the source study cluster resolution	0.05
validation_unavailable	disease_convergence									100.0	1.0	significant	distal_gene_count_residual		reproducibility		50.0	disease labels are tied to the source study cluster resolution	0.05
validation_unavailable	disease_convergence									100.0	1.0	significant	distal_gene_count_residual		no_state		15.0	disease labels are tied to the source study cluster resolution	0.05
validation_unavailable	disease_convergence									100.0	1.0	significant	distal_gene_count_residual		no_state		50.0	disease labels are tied to the source study cluster resolution	0.05
validation_unavailable	disease_convergence									100.0	1.0	significant	distal_gene_count_residual		minimal		15.0	disease labels are tied to the source study cluster resolution	0.1
validation_unavailable	disease_convergence									100.0	1.0	significant	distal_gene_count_residual		minimal		50.0	disease labels are tied to the source study cluster resolution	0.1
validation_unavailable	disease_convergence									100.0	1.0	significant	distal_gene_count_residual		observability		15.0	disease labels are tied to the source study cluster resolution	0.1
validation_unavailable	disease_convergence									100.0	1.0	significant	distal_gene_count_residual		observability		50.0	disease labels are tied to the source study cluster resolution	0.1
validation_unavailable	disease_convergence									100.0	1.0	significant	distal_gene_count_residual		reproducibility		15.0	disease labels are tied to the source study cluster resolution	0.1
validation_unavailable	disease_convergence									100.0	1.0	significant	distal_gene_count_residual		reproducibility		50.0	disease labels are tied to the source study cluster resolution	0.1
validation_unavailable	disease_convergence									100.0	1.0	significant	distal_gene_count_residual		no_state		15.0	disease labels are tied to the source study cluster resolution	0.1
validation_unavailable	disease_convergence									100.0	1.0	significant	distal_gene_count_residual		no_state		50.0	disease labels are tied to the source study cluster resolution	0.1
validation_unavailable	disease_convergence									100.0	1.0	significant	distal_gene_count_residual		minimal		15.0	disease labels are tied to the source study cluster resolution	0.15
validation_unavailable	disease_convergence									100.0	1.0	significant	distal_gene_count_residual		minimal		50.0	disease labels are tied to the source study cluster resolution	0.15
validation_unavailable	disease_convergence									100.0	1.0	significant	distal_gene_count_residual		observability		15.0	disease labels are tied to the source study cluster resolution	0.15
validation_unavailable	disease_convergence									100.0	1.0	significant	distal_gene_count_residual		observability		50.0	disease labels are tied to the source study cluster resolution	0.15
validation_unavailable	disease_convergence									100.0	1.0	significant	distal_gene_count_residual		reproducibility		15.0	disease labels are tied to the source study cluster resolution	0.15
validation_unavailable	disease_convergence									100.0	1.0	significant	distal_gene_count_residual		reproducibility		50.0	disease labels are tied to the source study cluster resolution	0.15
validation_unavailable	disease_convergence									100.0	1.0	significant	distal_gene_count_residual		no_state		15.0	disease labels are tied to the source study cluster resolution	0.15
validation_unavailable	disease_convergence									100.0	1.0	significant	distal_gene_count_residual		no_state		50.0	disease labels are tied to the source study cluster resolution	0.15
validation_unavailable	disease_convergence									100.0	1.0	significant	distal_gene_count_residual		minimal		15.0	disease labels are tied to the source study cluster resolution	0.2
validation_unavailable	disease_convergence									100.0	1.0	significant	distal_gene_count_residual		minimal		50.0	disease labels are tied to the source study cluster resolution	0.2
validation_unavailable	disease_convergence									100.0	1.0	significant	distal_gene_count_residual		observability		15.0	disease labels are tied to the source study cluster resolution	0.2
validation_unavailable	disease_convergence									100.0	1.0	significant	distal_gene_count_residual		observability		50.0	disease labels are tied to the source study cluster resolution	0.2
validation_unavailable	disease_convergence									100.0	1.0	significant	distal_gene_count_residual		reproducibility		15.0	disease labels are tied to the source study cluster resolution	0.2
validation_unavailable	disease_convergence									100.0	1.0	significant	distal_gene_count_residual		reproducibility		50.0	disease labels are tied to the source study cluster resolution	0.2
validation_unavailable	disease_convergence									100.0	1.0	significant	distal_gene_count_residual		no_state		15.0	disease labels are tied to the source study cluster resolution	0.2
validation_unavailable	disease_convergence									100.0	1.0	significant	distal_gene_count_residual		no_state		50.0	disease labels are tied to the source study cluster resolution	0.2
validation_unavailable	disease_convergence									100.0	1.0	significant	debiased_response_l2_gain		minimal		15.0	disease labels are tied to the source study cluster resolution	0.05
validation_unavailable	disease_convergence									100.0	1.0	significant	debiased_response_l2_gain		minimal		50.0	disease labels are tied to the source study cluster resolution	0.05
validation_unavailable	disease_convergence									100.0	1.0	significant	debiased_response_l2_gain		observability		15.0	disease labels are tied to the source study cluster resolution	0.05
validation_unavailable	disease_convergence									100.0	1.0	significant	debiased_response_l2_gain		observability		50.0	disease labels are tied to the source study cluster resolution	0.05
validation_unavailable	disease_convergence									100.0	1.0	significant	debiased_response_l2_gain		reproducibility		15.0	disease labels are tied to the source study cluster resolution	0.05
validation_unavailable	disease_convergence									100.0	1.0	significant	debiased_response_l2_gain		reproducibility		50.0	disease labels are tied to the source study cluster resolution	0.05
validation_unavailable	disease_convergence									100.0	1.0	significant	debiased_response_l2_gain		no_state		15.0	disease labels are tied to the source study cluster resolution	0.05
validation_unavailable	disease_convergence									100.0	1.0	significant	debiased_response_l2_gain		no_state		50.0	disease labels are tied to the source study cluster resolution	0.05
validation_unavailable	disease_convergence									100.0	1.0	significant	debiased_response_l2_gain		minimal		15.0	disease labels are tied to the source study cluster resolution	0.1
validation_unavailable	disease_convergence									100.0	1.0	significant	debiased_response_l2_gain		minimal		50.0	disease labels are tied to the source study cluster resolution	0.1
validation_unavailable	disease_convergence									100.0	1.0	significant	debiased_response_l2_gain		observability		15.0	disease labels are tied to the source study cluster resolution	0.1
validation_unavailable	disease_convergence									100.0	1.0	significant	debiased_response_l2_gain		observability		50.0	disease labels are tied to the source study cluster resolution	0.1
validation_unavailable	disease_convergence									100.0	1.0	significant	debiased_response_l2_gain		reproducibility		15.0	disease labels are tied to the source study cluster resolution	0.1
validation_unavailable	disease_convergence									100.0	1.0	significant	debiased_response_l2_gain		reproducibility		50.0	disease labels are tied to the source study cluster resolution	0.1
validation_unavailable	disease_convergence									100.0	1.0	significant	debiased_response_l2_gain		no_state		15.0	disease labels are tied to the source study cluster resolution	0.1
validation_unavailable	disease_convergence									100.0	1.0	significant	debiased_response_l2_gain		no_state		50.0	disease labels are tied to the source study cluster resolution	0.1
validation_unavailable	disease_convergence									100.0	1.0	significant	debiased_response_l2_gain		minimal		15.0	disease labels are tied to the source study cluster resolution	0.15
validation_unavailable	disease_convergence									100.0	1.0	significant	debiased_response_l2_gain		minimal		50.0	disease labels are tied to the source study cluster resolution	0.15
validation_unavailable	disease_convergence									100.0	1.0	significant	debiased_response_l2_gain		observability		15.0	disease labels are tied to the source study cluster resolution	0.15
validation_unavailable	disease_convergence									100.0	1.0	significant	debiased_response_l2_gain		observability		50.0	disease labels are tied to the source study cluster resolution	0.15
validation_unavailable	disease_convergence									100.0	1.0	significant	debiased_response_l2_gain		reproducibility		15.0	disease labels are tied to the source study cluster resolution	0.15
validation_unavailable	disease_convergence									100.0	1.0	significant	debiased_response_l2_gain		reproducibility		50.0	disease labels are tied to the source study cluster resolution	0.15
validation_unavailable	disease_convergence									100.0	1.0	significant	debiased_response_l2_gain		no_state		15.0	disease labels are tied to the source study cluster resolution	0.15
validation_unavailable	disease_convergence									100.0	1.0	significant	debiased_response_l2_gain		no_state		50.0	disease labels are tied to the source study cluster resolution	0.15
validation_unavailable	disease_convergence									100.0	1.0	significant	debiased_response_l2_gain		minimal		15.0	disease labels are tied to the source study cluster resolution	0.2
validation_unavailable	disease_convergence									100.0	1.0	significant	debiased_response_l2_gain		minimal		50.0	disease labels are tied to the source study cluster resolution	0.2
validation_unavailable	disease_convergence									100.0	1.0	significant	debiased_response_l2_gain		observability		15.0	disease labels are tied to the source study cluster resolution	0.2
validation_unavailable	disease_convergence									100.0	1.0	significant	debiased_response_l2_gain		observability		50.0	disease labels are tied to the source study cluster resolution	0.2
validation_unavailable	disease_convergence									100.0	1.0	significant	debiased_response_l2_gain		reproducibility		15.0	disease labels are tied to the source study cluster resolution	0.2
validation_unavailable	disease_convergence									100.0	1.0	significant	debiased_response_l2_gain		reproducibility		50.0	disease labels are tied to the source study cluster resolution	0.2
validation_unavailable	disease_convergence									100.0	1.0	significant	debiased_response_l2_gain		no_state		15.0	disease labels are tied to the source study cluster resolution	0.2
validation_unavailable	disease_convergence									100.0	1.0	significant	debiased_response_l2_gain		no_state		50.0	disease labels are tied to the source study cluster resolution	0.2
validation_unavailable	disease_convergence									100.0	1.0	significant	significant_response_l1_gain		minimal		15.0	disease labels are tied to the source study cluster resolution	0.05
validation_unavailable	disease_convergence									100.0	1.0	significant	significant_response_l1_gain		minimal		50.0	disease labels are tied to the source study cluster resolution	0.05
validation_unavailable	disease_convergence									100.0	1.0	significant	significant_response_l1_gain		observability		15.0	disease labels are tied to the source study cluster resolution	0.05
validation_unavailable	disease_convergence									100.0	1.0	significant	significant_response_l1_gain		observability		50.0	disease labels are tied to the source study cluster resolution	0.05
validation_unavailable	disease_convergence									100.0	1.0	significant	significant_response_l1_gain		reproducibility		15.0	disease labels are tied to the source study cluster resolution	0.05
validation_unavailable	disease_convergence									100.0	1.0	significant	significant_response_l1_gain		reproducibility		50.0	disease labels are tied to the source study cluster resolution	0.05
validation_unavailable	disease_convergence									100.0	1.0	significant	significant_response_l1_gain		no_state		15.0	disease labels are tied to the source study cluster resolution	0.05
validation_unavailable	disease_convergence									100.0	1.0	significant	significant_response_l1_gain		no_state		50.0	disease labels are tied to the source study cluster resolution	0.05
validation_unavailable	disease_convergence									100.0	1.0	significant	significant_response_l1_gain		minimal		15.0	disease labels are tied to the source study cluster resolution	0.1
validation_unavailable	disease_convergence									100.0	1.0	significant	significant_response_l1_gain		minimal		50.0	disease labels are tied to the source study cluster resolution	0.1
validation_unavailable	disease_convergence									100.0	1.0	significant	significant_response_l1_gain		observability		15.0	disease labels are tied to the source study cluster resolution	0.1
validation_unavailable	disease_convergence									100.0	1.0	significant	significant_response_l1_gain		observability		50.0	disease labels are tied to the source study cluster resolution	0.1
validation_unavailable	disease_convergence									100.0	1.0	significant	significant_response_l1_gain		reproducibility		15.0	disease labels are tied to the source study cluster resolution	0.1
validation_unavailable	disease_convergence									100.0	1.0	significant	significant_response_l1_gain		reproducibility		50.0	disease labels are tied to the source study cluster resolution	0.1
validation_unavailable	disease_convergence									100.0	1.0	significant	significant_response_l1_gain		no_state		15.0	disease labels are tied to the source study cluster resolution	0.1
validation_unavailable	disease_convergence									100.0	1.0	significant	significant_response_l1_gain		no_state		50.0	disease labels are tied to the source study cluster resolution	0.1
validation_unavailable	disease_convergence									100.0	1.0	significant	significant_response_l1_gain		minimal		15.0	disease labels are tied to the source study cluster resolution	0.15
validation_unavailable	disease_convergence									100.0	1.0	significant	significant_response_l1_gain		minimal		50.0	disease labels are tied to the source study cluster resolution	0.15
validation_unavailable	disease_convergence									100.0	1.0	significant	significant_response_l1_gain		observability		15.0	disease labels are tied to the source study cluster resolution	0.15
validation_unavailable	disease_convergence									100.0	1.0	significant	significant_response_l1_gain		observability		50.0	disease labels are tied to the source study cluster resolution	0.15
validation_unavailable	disease_convergence									100.0	1.0	significant	significant_response_l1_gain		reproducibility		15.0	disease labels are tied to the source study cluster resolution	0.15
validation_unavailable	disease_convergence									100.0	1.0	significant	significant_response_l1_gain		reproducibility		50.0	disease labels are tied to the source study cluster resolution	0.15
validation_unavailable	disease_convergence									100.0	1.0	significant	significant_response_l1_gain		no_state		15.0	disease labels are tied to the source study cluster resolution	0.15
validation_unavailable	disease_convergence									100.0	1.0	significant	significant_response_l1_gain		no_state		50.0	disease labels are tied to the source study cluster resolution	0.15
validation_unavailable	disease_convergence									100.0	1.0	significant	significant_response_l1_gain		minimal		15.0	disease labels are tied to the source study cluster resolution	0.2
validation_unavailable	disease_convergence									100.0	1.0	significant	significant_response_l1_gain		minimal		50.0	disease labels are tied to the source study cluster resolution	0.2
validation_unavailable	disease_convergence									100.0	1.0	significant	significant_response_l1_gain		observability		15.0	disease labels are tied to the source study cluster resolution	0.2
validation_unavailable	disease_convergence									100.0	1.0	significant	significant_response_l1_gain		observability		50.0	disease labels are tied to the source study cluster resolution	0.2
validation_unavailable	disease_convergence									100.0	1.0	significant	significant_response_l1_gain		reproducibility		15.0	disease labels are tied to the source study cluster resolution	0.2
validation_unavailable	disease_convergence									100.0	1.0	significant	significant_response_l1_gain		reproducibility		50.0	disease labels are tied to the source study cluster resolution	0.2
validation_unavailable	disease_convergence									100.0	1.0	significant	significant_response_l1_gain		no_state		15.0	disease labels are tied to the source study cluster resolution	0.2
validation_unavailable	disease_convergence									100.0	1.0	significant	significant_response_l1_gain		no_state		50.0	disease labels are tied to the source study cluster resolution	0.2
validation_unavailable	disease_convergence									100.0	1.0	significant_and_absolute_z_at_least_2	distal_gene_count_residual		minimal		15.0	disease labels are tied to the source study cluster resolution	0.05
validation_unavailable	disease_convergence									100.0	1.0	significant_and_absolute_z_at_least_2	distal_gene_count_residual		minimal		50.0	disease labels are tied to the source study cluster resolution	0.05
validation_unavailable	disease_convergence									100.0	1.0	significant_and_absolute_z_at_least_2	distal_gene_count_residual		observability		15.0	disease labels are tied to the source study cluster resolution	0.05
validation_unavailable	disease_convergence									100.0	1.0	significant_and_absolute_z_at_least_2	distal_gene_count_residual		observability		50.0	disease labels are tied to the source study cluster resolution	0.05
validation_unavailable	disease_convergence									100.0	1.0	significant_and_absolute_z_at_least_2	distal_gene_count_residual		reproducibility		15.0	disease labels are tied to the source study cluster resolution	0.05
validation_unavailable	disease_convergence									100.0	1.0	significant_and_absolute_z_at_least_2	distal_gene_count_residual		reproducibility		50.0	disease labels are tied to the source study cluster resolution	0.05
validation_unavailable	disease_convergence									100.0	1.0	significant_and_absolute_z_at_least_2	distal_gene_count_residual		no_state		15.0	disease labels are tied to the source study cluster resolution	0.05
validation_unavailable	disease_convergence									100.0	1.0	significant_and_absolute_z_at_least_2	distal_gene_count_residual		no_state		50.0	disease labels are tied to the source study cluster resolution	0.05
validation_unavailable	disease_convergence									100.0	1.0	significant_and_absolute_z_at_least_2	distal_gene_count_residual		minimal		15.0	disease labels are tied to the source study cluster resolution	0.1
validation_unavailable	disease_convergence									100.0	1.0	significant_and_absolute_z_at_least_2	distal_gene_count_residual		minimal		50.0	disease labels are tied to the source study cluster resolution	0.1
validation_unavailable	disease_convergence									100.0	1.0	significant_and_absolute_z_at_least_2	distal_gene_count_residual		observability		15.0	disease labels are tied to the source study cluster resolution	0.1
validation_unavailable	disease_convergence									100.0	1.0	significant_and_absolute_z_at_least_2	distal_gene_count_residual		observability		50.0	disease labels are tied to the source study cluster resolution	0.1
validation_unavailable	disease_convergence									100.0	1.0	significant_and_absolute_z_at_least_2	distal_gene_count_residual		reproducibility		15.0	disease labels are tied to the source study cluster resolution	0.1
validation_unavailable	disease_convergence									100.0	1.0	significant_and_absolute_z_at_least_2	distal_gene_count_residual		reproducibility		50.0	disease labels are tied to the source study cluster resolution	0.1
validation_unavailable	disease_convergence									100.0	1.0	significant_and_absolute_z_at_least_2	distal_gene_count_residual		no_state		15.0	disease labels are tied to the source study cluster resolution	0.1
validation_unavailable	disease_convergence									100.0	1.0	significant_and_absolute_z_at_least_2	distal_gene_count_residual		no_state		50.0	disease labels are tied to the source study cluster resolution	0.1
validation_unavailable	disease_convergence									100.0	1.0	significant_and_absolute_z_at_least_2	distal_gene_count_residual		minimal		15.0	disease labels are tied to the source study cluster resolution	0.15
validation_unavailable	disease_convergence									100.0	1.0	significant_and_absolute_z_at_least_2	distal_gene_count_residual		minimal		50.0	disease labels are tied to the source study cluster resolution	0.15
validation_unavailable	disease_convergence									100.0	1.0	significant_and_absolute_z_at_least_2	distal_gene_count_residual		observability		15.0	disease labels are tied to the source study cluster resolution	0.15
validation_unavailable	disease_convergence									100.0	1.0	significant_and_absolute_z_at_least_2	distal_gene_count_residual		observability		50.0	disease labels are tied to the source study cluster resolution	0.15
validation_unavailable	disease_convergence									100.0	1.0	significant_and_absolute_z_at_least_2	distal_gene_count_residual		reproducibility		15.0	disease labels are tied to the source study cluster resolution	0.15
validation_unavailable	disease_convergence									100.0	1.0	significant_and_absolute_z_at_least_2	distal_gene_count_residual		reproducibility		50.0	disease labels are tied to the source study cluster resolution	0.15
validation_unavailable	disease_convergence									100.0	1.0	significant_and_absolute_z_at_least_2	distal_gene_count_residual		no_state		15.0	disease labels are tied to the source study cluster resolution	0.15
validation_unavailable	disease_convergence									100.0	1.0	significant_and_absolute_z_at_least_2	distal_gene_count_residual		no_state		50.0	disease labels are tied to the source study cluster resolution	0.15
validation_unavailable	disease_convergence									100.0	1.0	significant_and_absolute_z_at_least_2	distal_gene_count_residual		minimal		15.0	disease labels are tied to the source study cluster resolution	0.2
validation_unavailable	disease_convergence									100.0	1.0	significant_and_absolute_z_at_least_2	distal_gene_count_residual		minimal		50.0	disease labels are tied to the source study cluster resolution	0.2
validation_unavailable	disease_convergence									100.0	1.0	significant_and_absolute_z_at_least_2	distal_gene_count_residual		observability		15.0	disease labels are tied to the source study cluster resolution	0.2
validation_unavailable	disease_convergence									100.0	1.0	significant_and_absolute_z_at_least_2	distal_gene_count_residual		observability		50.0	disease labels are tied to the source study cluster resolution	0.2
validation_unavailable	disease_convergence									100.0	1.0	significant_and_absolute_z_at_least_2	distal_gene_count_residual		reproducibility		15.0	disease labels are tied to the source study cluster resolution	0.2
validation_unavailable	disease_convergence									100.0	1.0	significant_and_absolute_z_at_least_2	distal_gene_count_residual		reproducibility		50.0	disease labels are tied to the source study cluster resolution	0.2
validation_unavailable	disease_convergence									100.0	1.0	significant_and_absolute_z_at_least_2	distal_gene_count_residual		no_state		15.0	disease labels are tied to the source study cluster resolution	0.2
validation_unavailable	disease_convergence									100.0	1.0	significant_and_absolute_z_at_least_2	distal_gene_count_residual		no_state		50.0	disease labels are tied to the source study cluster resolution	0.2
validation_unavailable	disease_convergence									100.0	1.0	significant_and_absolute_z_at_least_2	debiased_response_l2_gain		minimal		15.0	disease labels are tied to the source study cluster resolution	0.05
validation_unavailable	disease_convergence									100.0	1.0	significant_and_absolute_z_at_least_2	debiased_response_l2_gain		minimal		50.0	disease labels are tied to the source study cluster resolution	0.05
validation_unavailable	disease_convergence									100.0	1.0	significant_and_absolute_z_at_least_2	debiased_response_l2_gain		observability		15.0	disease labels are tied to the source study cluster resolution	0.05
validation_unavailable	disease_convergence									100.0	1.0	significant_and_absolute_z_at_least_2	debiased_response_l2_gain		observability		50.0	disease labels are tied to the source study cluster resolution	0.05
validation_unavailable	disease_convergence									100.0	1.0	significant_and_absolute_z_at_least_2	debiased_response_l2_gain		reproducibility		15.0	disease labels are tied to the source study cluster resolution	0.05
validation_unavailable	disease_convergence									100.0	1.0	significant_and_absolute_z_at_least_2	debiased_response_l2_gain		reproducibility		50.0	disease labels are tied to the source study cluster resolution	0.05
validation_unavailable	disease_convergence									100.0	1.0	significant_and_absolute_z_at_least_2	debiased_response_l2_gain		no_state		15.0	disease labels are tied to the source study cluster resolution	0.05
validation_unavailable	disease_convergence									100.0	1.0	significant_and_absolute_z_at_least_2	debiased_response_l2_gain		no_state		50.0	disease labels are tied to the source study cluster resolution	0.05
validation_unavailable	disease_convergence									100.0	1.0	significant_and_absolute_z_at_least_2	debiased_response_l2_gain		minimal		15.0	disease labels are tied to the source study cluster resolution	0.1
validation_unavailable	disease_convergence									100.0	1.0	significant_and_absolute_z_at_least_2	debiased_response_l2_gain		minimal		50.0	disease labels are tied to the source study cluster resolution	0.1
validation_unavailable	disease_convergence									100.0	1.0	significant_and_absolute_z_at_least_2	debiased_response_l2_gain		observability		15.0	disease labels are tied to the source study cluster resolution	0.1
validation_unavailable	disease_convergence									100.0	1.0	significant_and_absolute_z_at_least_2	debiased_response_l2_gain		observability		50.0	disease labels are tied to the source study cluster resolution	0.1
validation_unavailable	disease_convergence									100.0	1.0	significant_and_absolute_z_at_least_2	debiased_response_l2_gain		reproducibility		15.0	disease labels are tied to the source study cluster resolution	0.1
validation_unavailable	disease_convergence									100.0	1.0	significant_and_absolute_z_at_least_2	debiased_response_l2_gain		reproducibility		50.0	disease labels are tied to the source study cluster resolution	0.1
validation_unavailable	disease_convergence									100.0	1.0	significant_and_absolute_z_at_least_2	debiased_response_l2_gain		no_state		15.0	disease labels are tied to the source study cluster resolution	0.1
validation_unavailable	disease_convergence									100.0	1.0	significant_and_absolute_z_at_least_2	debiased_response_l2_gain		no_state		50.0	disease labels are tied to the source study cluster resolution	0.1
validation_unavailable	disease_convergence									100.0	1.0	significant_and_absolute_z_at_least_2	debiased_response_l2_gain		minimal		15.0	disease labels are tied to the source study cluster resolution	0.15
validation_unavailable	disease_convergence									100.0	1.0	significant_and_absolute_z_at_least_2	debiased_response_l2_gain		minimal		50.0	disease labels are tied to the source study cluster resolution	0.15
validation_unavailable	disease_convergence									100.0	1.0	significant_and_absolute_z_at_least_2	debiased_response_l2_gain		observability		15.0	disease labels are tied to the source study cluster resolution	0.15
validation_unavailable	disease_convergence									100.0	1.0	significant_and_absolute_z_at_least_2	debiased_response_l2_gain		observability		50.0	disease labels are tied to the source study cluster resolution	0.15
validation_unavailable	disease_convergence									100.0	1.0	significant_and_absolute_z_at_least_2	debiased_response_l2_gain		reproducibility		15.0	disease labels are tied to the source study cluster resolution	0.15
validation_unavailable	disease_convergence									100.0	1.0	significant_and_absolute_z_at_least_2	debiased_response_l2_gain		reproducibility		50.0	disease labels are tied to the source study cluster resolution	0.15
validation_unavailable	disease_convergence									100.0	1.0	significant_and_absolute_z_at_least_2	debiased_response_l2_gain		no_state		15.0	disease labels are tied to the source study cluster resolution	0.15
validation_unavailable	disease_convergence									100.0	1.0	significant_and_absolute_z_at_least_2	debiased_response_l2_gain		no_state		50.0	disease labels are tied to the source study cluster resolution	0.15
validation_unavailable	disease_convergence									100.0	1.0	significant_and_absolute_z_at_least_2	debiased_response_l2_gain		minimal		15.0	disease labels are tied to the source study cluster resolution	0.2
validation_unavailable	disease_convergence									100.0	1.0	significant_and_absolute_z_at_least_2	debiased_response_l2_gain		minimal		50.0	disease labels are tied to the source study cluster resolution	0.2
validation_unavailable	disease_convergence									100.0	1.0	significant_and_absolute_z_at_least_2	debiased_response_l2_gain		observability		15.0	disease labels are tied to the source study cluster resolution	0.2
validation_unavailable	disease_convergence									100.0	1.0	significant_and_absolute_z_at_least_2	debiased_response_l2_gain		observability		50.0	disease labels are tied to the source study cluster resolution	0.2
validation_unavailable	disease_convergence									100.0	1.0	significant_and_absolute_z_at_least_2	debiased_response_l2_gain		reproducibility		15.0	disease labels are tied to the source study cluster resolution	0.2
validation_unavailable	disease_convergence									100.0	1.0	significant_and_absolute_z_at_least_2	debiased_response_l2_gain		reproducibility		50.0	disease labels are tied to the source study cluster resolution	0.2
validation_unavailable	disease_convergence									100.0	1.0	significant_and_absolute_z_at_least_2	debiased_response_l2_gain		no_state		15.0	disease labels are tied to the source study cluster resolution	0.2
validation_unavailable	disease_convergence									100.0	1.0	significant_and_absolute_z_at_least_2	debiased_response_l2_gain		no_state		50.0	disease labels are tied to the source study cluster resolution	0.2
validation_unavailable	disease_convergence									100.0	1.0	significant_and_absolute_z_at_least_2	significant_response_l1_gain		minimal		15.0	disease labels are tied to the source study cluster resolution	0.05
validation_unavailable	disease_convergence									100.0	1.0	significant_and_absolute_z_at_least_2	significant_response_l1_gain		minimal		50.0	disease labels are tied to the source study cluster resolution	0.05
validation_unavailable	disease_convergence									100.0	1.0	significant_and_absolute_z_at_least_2	significant_response_l1_gain		observability		15.0	disease labels are tied to the source study cluster resolution	0.05
validation_unavailable	disease_convergence									100.0	1.0	significant_and_absolute_z_at_least_2	significant_response_l1_gain		observability		50.0	disease labels are tied to the source study cluster resolution	0.05
validation_unavailable	disease_convergence									100.0	1.0	significant_and_absolute_z_at_least_2	significant_response_l1_gain		reproducibility		15.0	disease labels are tied to the source study cluster resolution	0.05
validation_unavailable	disease_convergence									100.0	1.0	significant_and_absolute_z_at_least_2	significant_response_l1_gain		reproducibility		50.0	disease labels are tied to the source study cluster resolution	0.05
validation_unavailable	disease_convergence									100.0	1.0	significant_and_absolute_z_at_least_2	significant_response_l1_gain		no_state		15.0	disease labels are tied to the source study cluster resolution	0.05
validation_unavailable	disease_convergence									100.0	1.0	significant_and_absolute_z_at_least_2	significant_response_l1_gain		no_state		50.0	disease labels are tied to the source study cluster resolution	0.05
validation_unavailable	disease_convergence									100.0	1.0	significant_and_absolute_z_at_least_2	significant_response_l1_gain		minimal		15.0	disease labels are tied to the source study cluster resolution	0.1
validation_unavailable	disease_convergence									100.0	1.0	significant_and_absolute_z_at_least_2	significant_response_l1_gain		minimal		50.0	disease labels are tied to the source study cluster resolution	0.1
validation_unavailable	disease_convergence									100.0	1.0	significant_and_absolute_z_at_least_2	significant_response_l1_gain		observability		15.0	disease labels are tied to the source study cluster resolution	0.1
validation_unavailable	disease_convergence									100.0	1.0	significant_and_absolute_z_at_least_2	significant_response_l1_gain		observability		50.0	disease labels are tied to the source study cluster resolution	0.1
validation_unavailable	disease_convergence									100.0	1.0	significant_and_absolute_z_at_least_2	significant_response_l1_gain		reproducibility		15.0	disease labels are tied to the source study cluster resolution	0.1
validation_unavailable	disease_convergence									100.0	1.0	significant_and_absolute_z_at_least_2	significant_response_l1_gain		reproducibility		50.0	disease labels are tied to the source study cluster resolution	0.1
validation_unavailable	disease_convergence									100.0	1.0	significant_and_absolute_z_at_least_2	significant_response_l1_gain		no_state		15.0	disease labels are tied to the source study cluster resolution	0.1
validation_unavailable	disease_convergence									100.0	1.0	significant_and_absolute_z_at_least_2	significant_response_l1_gain		no_state		50.0	disease labels are tied to the source study cluster resolution	0.1
validation_unavailable	disease_convergence									100.0	1.0	significant_and_absolute_z_at_least_2	significant_response_l1_gain		minimal		15.0	disease labels are tied to the source study cluster resolution	0.15
validation_unavailable	disease_convergence									100.0	1.0	significant_and_absolute_z_at_least_2	significant_response_l1_gain		minimal		50.0	disease labels are tied to the source study cluster resolution	0.15
validation_unavailable	disease_convergence									100.0	1.0	significant_and_absolute_z_at_least_2	significant_response_l1_gain		observability		15.0	disease labels are tied to the source study cluster resolution	0.15
validation_unavailable	disease_convergence									100.0	1.0	significant_and_absolute_z_at_least_2	significant_response_l1_gain		observability		50.0	disease labels are tied to the source study cluster resolution	0.15
validation_unavailable	disease_convergence									100.0	1.0	significant_and_absolute_z_at_least_2	significant_response_l1_gain		reproducibility		15.0	disease labels are tied to the source study cluster resolution	0.15
validation_unavailable	disease_convergence									100.0	1.0	significant_and_absolute_z_at_least_2	significant_response_l1_gain		reproducibility		50.0	disease labels are tied to the source study cluster resolution	0.15
validation_unavailable	disease_convergence									100.0	1.0	significant_and_absolute_z_at_least_2	significant_response_l1_gain		no_state		15.0	disease labels are tied to the source study cluster resolution	0.15
validation_unavailable	disease_convergence									100.0	1.0	significant_and_absolute_z_at_least_2	significant_response_l1_gain		no_state		50.0	disease labels are tied to the source study cluster resolution	0.15
validation_unavailable	disease_convergence									100.0	1.0	significant_and_absolute_z_at_least_2	significant_response_l1_gain		minimal		15.0	disease labels are tied to the source study cluster resolution	0.2
validation_unavailable	disease_convergence									100.0	1.0	significant_and_absolute_z_at_least_2	significant_response_l1_gain		minimal		50.0	disease labels are tied to the source study cluster resolution	0.2
validation_unavailable	disease_convergence									100.0	1.0	significant_and_absolute_z_at_least_2	significant_response_l1_gain		observability		15.0	disease labels are tied to the source study cluster resolution	0.2
validation_unavailable	disease_convergence									100.0	1.0	significant_and_absolute_z_at_least_2	significant_response_l1_gain		observability		50.0	disease labels are tied to the source study cluster resolution	0.2
validation_unavailable	disease_convergence									100.0	1.0	significant_and_absolute_z_at_least_2	significant_response_l1_gain		reproducibility		15.0	disease labels are tied to the source study cluster resolution	0.2
validation_unavailable	disease_convergence									100.0	1.0	significant_and_absolute_z_at_least_2	significant_response_l1_gain		reproducibility		50.0	disease labels are tied to the source study cluster resolution	0.2
validation_unavailable	disease_convergence									100.0	1.0	significant_and_absolute_z_at_least_2	significant_response_l1_gain		no_state		15.0	disease labels are tied to the source study cluster resolution	0.2
validation_unavailable	disease_convergence									100.0	1.0	significant_and_absolute_z_at_least_2	significant_response_l1_gain		no_state		50.0	disease labels are tied to the source study cluster resolution	0.2
validation_unavailable	disease_convergence									100.0	2.0	significant	distal_gene_count_residual		minimal		15.0	disease labels are tied to the source study cluster resolution	0.05
validation_unavailable	disease_convergence									100.0	2.0	significant	distal_gene_count_residual		minimal		50.0	disease labels are tied to the source study cluster resolution	0.05
validation_unavailable	disease_convergence									100.0	2.0	significant	distal_gene_count_residual		observability		15.0	disease labels are tied to the source study cluster resolution	0.05
validation_unavailable	disease_convergence									100.0	2.0	significant	distal_gene_count_residual		observability		50.0	disease labels are tied to the source study cluster resolution	0.05
validation_unavailable	disease_convergence									100.0	2.0	significant	distal_gene_count_residual		reproducibility		15.0	disease labels are tied to the source study cluster resolution	0.05
validation_unavailable	disease_convergence									100.0	2.0	significant	distal_gene_count_residual		reproducibility		50.0	disease labels are tied to the source study cluster resolution	0.05
validation_unavailable	disease_convergence									100.0	2.0	significant	distal_gene_count_residual		no_state		15.0	disease labels are tied to the source study cluster resolution	0.05
validation_unavailable	disease_convergence									100.0	2.0	significant	distal_gene_count_residual		no_state		50.0	disease labels are tied to the source study cluster resolution	0.05
validation_unavailable	disease_convergence									100.0	2.0	significant	distal_gene_count_residual		minimal		15.0	disease labels are tied to the source study cluster resolution	0.1
validation_unavailable	disease_convergence									100.0	2.0	significant	distal_gene_count_residual		minimal		50.0	disease labels are tied to the source study cluster resolution	0.1
validation_unavailable	disease_convergence									100.0	2.0	significant	distal_gene_count_residual		observability		15.0	disease labels are tied to the source study cluster resolution	0.1
validation_unavailable	disease_convergence									100.0	2.0	significant	distal_gene_count_residual		observability		50.0	disease labels are tied to the source study cluster resolution	0.1
validation_unavailable	disease_convergence									100.0	2.0	significant	distal_gene_count_residual		reproducibility		15.0	disease labels are tied to the source study cluster resolution	0.1
validation_unavailable	disease_convergence									100.0	2.0	significant	distal_gene_count_residual		reproducibility		50.0	disease labels are tied to the source study cluster resolution	0.1
validation_unavailable	disease_convergence									100.0	2.0	significant	distal_gene_count_residual		no_state		15.0	disease labels are tied to the source study cluster resolution	0.1
validation_unavailable	disease_convergence									100.0	2.0	significant	distal_gene_count_residual		no_state		50.0	disease labels are tied to the source study cluster resolution	0.1
validation_unavailable	disease_convergence									100.0	2.0	significant	distal_gene_count_residual		minimal		15.0	disease labels are tied to the source study cluster resolution	0.15
validation_unavailable	disease_convergence									100.0	2.0	significant	distal_gene_count_residual		minimal		50.0	disease labels are tied to the source study cluster resolution	0.15
validation_unavailable	disease_convergence									100.0	2.0	significant	distal_gene_count_residual		observability		15.0	disease labels are tied to the source study cluster resolution	0.15
validation_unavailable	disease_convergence									100.0	2.0	significant	distal_gene_count_residual		observability		50.0	disease labels are tied to the source study cluster resolution	0.15
validation_unavailable	disease_convergence									100.0	2.0	significant	distal_gene_count_residual		reproducibility		15.0	disease labels are tied to the source study cluster resolution	0.15
validation_unavailable	disease_convergence									100.0	2.0	significant	distal_gene_count_residual		reproducibility		50.0	disease labels are tied to the source study cluster resolution	0.15
validation_unavailable	disease_convergence									100.0	2.0	significant	distal_gene_count_residual		no_state		15.0	disease labels are tied to the source study cluster resolution	0.15
validation_unavailable	disease_convergence									100.0	2.0	significant	distal_gene_count_residual		no_state		50.0	disease labels are tied to the source study cluster resolution	0.15
validation_unavailable	disease_convergence									100.0	2.0	significant	distal_gene_count_residual		minimal		15.0	disease labels are tied to the source study cluster resolution	0.2
validation_unavailable	disease_convergence									100.0	2.0	significant	distal_gene_count_residual		minimal		50.0	disease labels are tied to the source study cluster resolution	0.2
validation_unavailable	disease_convergence									100.0	2.0	significant	distal_gene_count_residual		observability		15.0	disease labels are tied to the source study cluster resolution	0.2
validation_unavailable	disease_convergence									100.0	2.0	significant	distal_gene_count_residual		observability		50.0	disease labels are tied to the source study cluster resolution	0.2
validation_unavailable	disease_convergence									100.0	2.0	significant	distal_gene_count_residual		reproducibility		15.0	disease labels are tied to the source study cluster resolution	0.2
validation_unavailable	disease_convergence									100.0	2.0	significant	distal_gene_count_residual		reproducibility		50.0	disease labels are tied to the source study cluster resolution	0.2
validation_unavailable	disease_convergence									100.0	2.0	significant	distal_gene_count_residual		no_state		15.0	disease labels are tied to the source study cluster resolution	0.2
validation_unavailable	disease_convergence									100.0	2.0	significant	distal_gene_count_residual		no_state		50.0	disease labels are tied to the source study cluster resolution	0.2
validation_unavailable	disease_convergence									100.0	2.0	significant	debiased_response_l2_gain		minimal		15.0	disease labels are tied to the source study cluster resolution	0.05
validation_unavailable	disease_convergence									100.0	2.0	significant	debiased_response_l2_gain		minimal		50.0	disease labels are tied to the source study cluster resolution	0.05
validation_unavailable	disease_convergence									100.0	2.0	significant	debiased_response_l2_gain		observability		15.0	disease labels are tied to the source study cluster resolution	0.05
validation_unavailable	disease_convergence									100.0	2.0	significant	debiased_response_l2_gain		observability		50.0	disease labels are tied to the source study cluster resolution	0.05
validation_unavailable	disease_convergence									100.0	2.0	significant	debiased_response_l2_gain		reproducibility		15.0	disease labels are tied to the source study cluster resolution	0.05
validation_unavailable	disease_convergence									100.0	2.0	significant	debiased_response_l2_gain		reproducibility		50.0	disease labels are tied to the source study cluster resolution	0.05
validation_unavailable	disease_convergence									100.0	2.0	significant	debiased_response_l2_gain		no_state		15.0	disease labels are tied to the source study cluster resolution	0.05
validation_unavailable	disease_convergence									100.0	2.0	significant	debiased_response_l2_gain		no_state		50.0	disease labels are tied to the source study cluster resolution	0.05
validation_unavailable	disease_convergence									100.0	2.0	significant	debiased_response_l2_gain		minimal		15.0	disease labels are tied to the source study cluster resolution	0.1
validation_unavailable	disease_convergence									100.0	2.0	significant	debiased_response_l2_gain		minimal		50.0	disease labels are tied to the source study cluster resolution	0.1
validation_unavailable	disease_convergence									100.0	2.0	significant	debiased_response_l2_gain		observability		15.0	disease labels are tied to the source study cluster resolution	0.1
validation_unavailable	disease_convergence									100.0	2.0	significant	debiased_response_l2_gain		observability		50.0	disease labels are tied to the source study cluster resolution	0.1
validation_unavailable	disease_convergence									100.0	2.0	significant	debiased_response_l2_gain		reproducibility		15.0	disease labels are tied to the source study cluster resolution	0.1
validation_unavailable	disease_convergence									100.0	2.0	significant	debiased_response_l2_gain		reproducibility		50.0	disease labels are tied to the source study cluster resolution	0.1
validation_unavailable	disease_convergence									100.0	2.0	significant	debiased_response_l2_gain		no_state		15.0	disease labels are tied to the source study cluster resolution	0.1
validation_unavailable	disease_convergence									100.0	2.0	significant	debiased_response_l2_gain		no_state		50.0	disease labels are tied to the source study cluster resolution	0.1
validation_unavailable	disease_convergence									100.0	2.0	significant	debiased_response_l2_gain		minimal		15.0	disease labels are tied to the source study cluster resolution	0.15
validation_unavailable	disease_convergence									100.0	2.0	significant	debiased_response_l2_gain		minimal		50.0	disease labels are tied to the source study cluster resolution	0.15
validation_unavailable	disease_convergence									100.0	2.0	significant	debiased_response_l2_gain		observability		15.0	disease labels are tied to the source study cluster resolution	0.15
validation_unavailable	disease_convergence									100.0	2.0	significant	debiased_response_l2_gain		observability		50.0	disease labels are tied to the source study cluster resolution	0.15
validation_unavailable	disease_convergence									100.0	2.0	significant	debiased_response_l2_gain		reproducibility		15.0	disease labels are tied to the source study cluster resolution	0.15
validation_unavailable	disease_convergence									100.0	2.0	significant	debiased_response_l2_gain		reproducibility		50.0	disease labels are tied to the source study cluster resolution	0.15
validation_unavailable	disease_convergence									100.0	2.0	significant	debiased_response_l2_gain		no_state		15.0	disease labels are tied to the source study cluster resolution	0.15
validation_unavailable	disease_convergence									100.0	2.0	significant	debiased_response_l2_gain		no_state		50.0	disease labels are tied to the source study cluster resolution	0.15
validation_unavailable	disease_convergence									100.0	2.0	significant	debiased_response_l2_gain		minimal		15.0	disease labels are tied to the source study cluster resolution	0.2
validation_unavailable	disease_convergence									100.0	2.0	significant	debiased_response_l2_gain		minimal		50.0	disease labels are tied to the source study cluster resolution	0.2
validation_unavailable	disease_convergence									100.0	2.0	significant	debiased_response_l2_gain		observability		15.0	disease labels are tied to the source study cluster resolution	0.2
validation_unavailable	disease_convergence									100.0	2.0	significant	debiased_response_l2_gain		observability		50.0	disease labels are tied to the source study cluster resolution	0.2
validation_unavailable	disease_convergence									100.0	2.0	significant	debiased_response_l2_gain		reproducibility		15.0	disease labels are tied to the source study cluster resolution	0.2
validation_unavailable	disease_convergence									100.0	2.0	significant	debiased_response_l2_gain		reproducibility		50.0	disease labels are tied to the source study cluster resolution	0.2
validation_unavailable	disease_convergence									100.0	2.0	significant	debiased_response_l2_gain		no_state		15.0	disease labels are tied to the source study cluster resolution	0.2
validation_unavailable	disease_convergence									100.0	2.0	significant	debiased_response_l2_gain		no_state		50.0	disease labels are tied to the source study cluster resolution	0.2
validation_unavailable	disease_convergence									100.0	2.0	significant	significant_response_l1_gain		minimal		15.0	disease labels are tied to the source study cluster resolution	0.05
validation_unavailable	disease_convergence									100.0	2.0	significant	significant_response_l1_gain		minimal		50.0	disease labels are tied to the source study cluster resolution	0.05
validation_unavailable	disease_convergence									100.0	2.0	significant	significant_response_l1_gain		observability		15.0	disease labels are tied to the source study cluster resolution	0.05
validation_unavailable	disease_convergence									100.0	2.0	significant	significant_response_l1_gain		observability		50.0	disease labels are tied to the source study cluster resolution	0.05
validation_unavailable	disease_convergence									100.0	2.0	significant	significant_response_l1_gain		reproducibility		15.0	disease labels are tied to the source study cluster resolution	0.05
validation_unavailable	disease_convergence									100.0	2.0	significant	significant_response_l1_gain		reproducibility		50.0	disease labels are tied to the source study cluster resolution	0.05
validation_unavailable	disease_convergence									100.0	2.0	significant	significant_response_l1_gain		no_state		15.0	disease labels are tied to the source study cluster resolution	0.05
validation_unavailable	disease_convergence									100.0	2.0	significant	significant_response_l1_gain		no_state		50.0	disease labels are tied to the source study cluster resolution	0.05
validation_unavailable	disease_convergence									100.0	2.0	significant	significant_response_l1_gain		minimal		15.0	disease labels are tied to the source study cluster resolution	0.1
validation_unavailable	disease_convergence									100.0	2.0	significant	significant_response_l1_gain		minimal		50.0	disease labels are tied to the source study cluster resolution	0.1
validation_unavailable	disease_convergence									100.0	2.0	significant	significant_response_l1_gain		observability		15.0	disease labels are tied to the source study cluster resolution	0.1
validation_unavailable	disease_convergence									100.0	2.0	significant	significant_response_l1_gain		observability		50.0	disease labels are tied to the source study cluster resolution	0.1
validation_unavailable	disease_convergence									100.0	2.0	significant	significant_response_l1_gain		reproducibility		15.0	disease labels are tied to the source study cluster resolution	0.1
validation_unavailable	disease_convergence									100.0	2.0	significant	significant_response_l1_gain		reproducibility		50.0	disease labels are tied to the source study cluster resolution	0.1
validation_unavailable	disease_convergence									100.0	2.0	significant	significant_response_l1_gain		no_state		15.0	disease labels are tied to the source study cluster resolution	0.1
validation_unavailable	disease_convergence									100.0	2.0	significant	significant_response_l1_gain		no_state		50.0	disease labels are tied to the source study cluster resolution	0.1
validation_unavailable	disease_convergence									100.0	2.0	significant	significant_response_l1_gain		minimal		15.0	disease labels are tied to the source study cluster resolution	0.15
validation_unavailable	disease_convergence									100.0	2.0	significant	significant_response_l1_gain		minimal		50.0	disease labels are tied to the source study cluster resolution	0.15
validation_unavailable	disease_convergence									100.0	2.0	significant	significant_response_l1_gain		observability		15.0	disease labels are tied to the source study cluster resolution	0.15
validation_unavailable	disease_convergence									100.0	2.0	significant	significant_response_l1_gain		observability		50.0	disease labels are tied to the source study cluster resolution	0.15
validation_unavailable	disease_convergence									100.0	2.0	significant	significant_response_l1_gain		reproducibility		15.0	disease labels are tied to the source study cluster resolution	0.15
validation_unavailable	disease_convergence									100.0	2.0	significant	significant_response_l1_gain		reproducibility		50.0	disease labels are tied to the source study cluster resolution	0.15
validation_unavailable	disease_convergence									100.0	2.0	significant	significant_response_l1_gain		no_state		15.0	disease labels are tied to the source study cluster resolution	0.15
validation_unavailable	disease_convergence									100.0	2.0	significant	significant_response_l1_gain		no_state		50.0	disease labels are tied to the source study cluster resolution	0.15
validation_unavailable	disease_convergence									100.0	2.0	significant	significant_response_l1_gain		minimal		15.0	disease labels are tied to the source study cluster resolution	0.2
validation_unavailable	disease_convergence									100.0	2.0	significant	significant_response_l1_gain		minimal		50.0	disease labels are tied to the source study cluster resolution	0.2
validation_unavailable	disease_convergence									100.0	2.0	significant	significant_response_l1_gain		observability		15.0	disease labels are tied to the source study cluster resolution	0.2
validation_unavailable	disease_convergence									100.0	2.0	significant	significant_response_l1_gain		observability		50.0	disease labels are tied to the source study cluster resolution	0.2
validation_unavailable	disease_convergence									100.0	2.0	significant	significant_response_l1_gain		reproducibility		15.0	disease labels are tied to the source study cluster resolution	0.2
validation_unavailable	disease_convergence									100.0	2.0	significant	significant_response_l1_gain		reproducibility		50.0	disease labels are tied to the source study cluster resolution	0.2
validation_unavailable	disease_convergence									100.0	2.0	significant	significant_response_l1_gain		no_state		15.0	disease labels are tied to the source study cluster resolution	0.2
validation_unavailable	disease_convergence									100.0	2.0	significant	significant_response_l1_gain		no_state		50.0	disease labels are tied to the source study cluster resolution	0.2
validation_unavailable	disease_convergence									100.0	2.0	significant_and_absolute_z_at_least_2	distal_gene_count_residual		minimal		15.0	disease labels are tied to the source study cluster resolution	0.05
validation_unavailable	disease_convergence									100.0	2.0	significant_and_absolute_z_at_least_2	distal_gene_count_residual		minimal		50.0	disease labels are tied to the source study cluster resolution	0.05
validation_unavailable	disease_convergence									100.0	2.0	significant_and_absolute_z_at_least_2	distal_gene_count_residual		observability		15.0	disease labels are tied to the source study cluster resolution	0.05
validation_unavailable	disease_convergence									100.0	2.0	significant_and_absolute_z_at_least_2	distal_gene_count_residual		observability		50.0	disease labels are tied to the source study cluster resolution	0.05
validation_unavailable	disease_convergence									100.0	2.0	significant_and_absolute_z_at_least_2	distal_gene_count_residual		reproducibility		15.0	disease labels are tied to the source study cluster resolution	0.05
validation_unavailable	disease_convergence									100.0	2.0	significant_and_absolute_z_at_least_2	distal_gene_count_residual		reproducibility		50.0	disease labels are tied to the source study cluster resolution	0.05
validation_unavailable	disease_convergence									100.0	2.0	significant_and_absolute_z_at_least_2	distal_gene_count_residual		no_state		15.0	disease labels are tied to the source study cluster resolution	0.05
validation_unavailable	disease_convergence									100.0	2.0	significant_and_absolute_z_at_least_2	distal_gene_count_residual		no_state		50.0	disease labels are tied to the source study cluster resolution	0.05
validation_unavailable	disease_convergence									100.0	2.0	significant_and_absolute_z_at_least_2	distal_gene_count_residual		minimal		15.0	disease labels are tied to the source study cluster resolution	0.1
validation_unavailable	disease_convergence									100.0	2.0	significant_and_absolute_z_at_least_2	distal_gene_count_residual		minimal		50.0	disease labels are tied to the source study cluster resolution	0.1
validation_unavailable	disease_convergence									100.0	2.0	significant_and_absolute_z_at_least_2	distal_gene_count_residual		observability		15.0	disease labels are tied to the source study cluster resolution	0.1
validation_unavailable	disease_convergence									100.0	2.0	significant_and_absolute_z_at_least_2	distal_gene_count_residual		observability		50.0	disease labels are tied to the source study cluster resolution	0.1
validation_unavailable	disease_convergence									100.0	2.0	significant_and_absolute_z_at_least_2	distal_gene_count_residual		reproducibility		15.0	disease labels are tied to the source study cluster resolution	0.1
validation_unavailable	disease_convergence									100.0	2.0	significant_and_absolute_z_at_least_2	distal_gene_count_residual		reproducibility		50.0	disease labels are tied to the source study cluster resolution	0.1
validation_unavailable	disease_convergence									100.0	2.0	significant_and_absolute_z_at_least_2	distal_gene_count_residual		no_state		15.0	disease labels are tied to the source study cluster resolution	0.1
validation_unavailable	disease_convergence									100.0	2.0	significant_and_absolute_z_at_least_2	distal_gene_count_residual		no_state		50.0	disease labels are tied to the source study cluster resolution	0.1
validation_unavailable	disease_convergence									100.0	2.0	significant_and_absolute_z_at_least_2	distal_gene_count_residual		minimal		15.0	disease labels are tied to the source study cluster resolution	0.15
validation_unavailable	disease_convergence									100.0	2.0	significant_and_absolute_z_at_least_2	distal_gene_count_residual		minimal		50.0	disease labels are tied to the source study cluster resolution	0.15
validation_unavailable	disease_convergence									100.0	2.0	significant_and_absolute_z_at_least_2	distal_gene_count_residual		observability		15.0	disease labels are tied to the source study cluster resolution	0.15
validation_unavailable	disease_convergence									100.0	2.0	significant_and_absolute_z_at_least_2	distal_gene_count_residual		observability		50.0	disease labels are tied to the source study cluster resolution	0.15
validation_unavailable	disease_convergence									100.0	2.0	significant_and_absolute_z_at_least_2	distal_gene_count_residual		reproducibility		15.0	disease labels are tied to the source study cluster resolution	0.15
validation_unavailable	disease_convergence									100.0	2.0	significant_and_absolute_z_at_least_2	distal_gene_count_residual		reproducibility		50.0	disease labels are tied to the source study cluster resolution	0.15
validation_unavailable	disease_convergence									100.0	2.0	significant_and_absolute_z_at_least_2	distal_gene_count_residual		no_state		15.0	disease labels are tied to the source study cluster resolution	0.15
validation_unavailable	disease_convergence									100.0	2.0	significant_and_absolute_z_at_least_2	distal_gene_count_residual		no_state		50.0	disease labels are tied to the source study cluster resolution	0.15
validation_unavailable	disease_convergence									100.0	2.0	significant_and_absolute_z_at_least_2	distal_gene_count_residual		minimal		15.0	disease labels are tied to the source study cluster resolution	0.2
validation_unavailable	disease_convergence									100.0	2.0	significant_and_absolute_z_at_least_2	distal_gene_count_residual		minimal		50.0	disease labels are tied to the source study cluster resolution	0.2
validation_unavailable	disease_convergence									100.0	2.0	significant_and_absolute_z_at_least_2	distal_gene_count_residual		observability		15.0	disease labels are tied to the source study cluster resolution	0.2
validation_unavailable	disease_convergence									100.0	2.0	significant_and_absolute_z_at_least_2	distal_gene_count_residual		observability		50.0	disease labels are tied to the source study cluster resolution	0.2
validation_unavailable	disease_convergence									100.0	2.0	significant_and_absolute_z_at_least_2	distal_gene_count_residual		reproducibility		15.0	disease labels are tied to the source study cluster resolution	0.2
validation_unavailable	disease_convergence									100.0	2.0	significant_and_absolute_z_at_least_2	distal_gene_count_residual		reproducibility		50.0	disease labels are tied to the source study cluster resolution	0.2
validation_unavailable	disease_convergence									100.0	2.0	significant_and_absolute_z_at_least_2	distal_gene_count_residual		no_state		15.0	disease labels are tied to the source study cluster resolution	0.2
validation_unavailable	disease_convergence									100.0	2.0	significant_and_absolute_z_at_least_2	distal_gene_count_residual		no_state		50.0	disease labels are tied to the source study cluster resolution	0.2
validation_unavailable	disease_convergence									100.0	2.0	significant_and_absolute_z_at_least_2	debiased_response_l2_gain		minimal		15.0	disease labels are tied to the source study cluster resolution	0.05
validation_unavailable	disease_convergence									100.0	2.0	significant_and_absolute_z_at_least_2	debiased_response_l2_gain		minimal		50.0	disease labels are tied to the source study cluster resolution	0.05
validation_unavailable	disease_convergence									100.0	2.0	significant_and_absolute_z_at_least_2	debiased_response_l2_gain		observability		15.0	disease labels are tied to the source study cluster resolution	0.05
validation_unavailable	disease_convergence									100.0	2.0	significant_and_absolute_z_at_least_2	debiased_response_l2_gain		observability		50.0	disease labels are tied to the source study cluster resolution	0.05
validation_unavailable	disease_convergence									100.0	2.0	significant_and_absolute_z_at_least_2	debiased_response_l2_gain		reproducibility		15.0	disease labels are tied to the source study cluster resolution	0.05
validation_unavailable	disease_convergence									100.0	2.0	significant_and_absolute_z_at_least_2	debiased_response_l2_gain		reproducibility		50.0	disease labels are tied to the source study cluster resolution	0.05
validation_unavailable	disease_convergence									100.0	2.0	significant_and_absolute_z_at_least_2	debiased_response_l2_gain		no_state		15.0	disease labels are tied to the source study cluster resolution	0.05
validation_unavailable	disease_convergence									100.0	2.0	significant_and_absolute_z_at_least_2	debiased_response_l2_gain		no_state		50.0	disease labels are tied to the source study cluster resolution	0.05
validation_unavailable	disease_convergence									100.0	2.0	significant_and_absolute_z_at_least_2	debiased_response_l2_gain		minimal		15.0	disease labels are tied to the source study cluster resolution	0.1
validation_unavailable	disease_convergence									100.0	2.0	significant_and_absolute_z_at_least_2	debiased_response_l2_gain		minimal		50.0	disease labels are tied to the source study cluster resolution	0.1
validation_unavailable	disease_convergence									100.0	2.0	significant_and_absolute_z_at_least_2	debiased_response_l2_gain		observability		15.0	disease labels are tied to the source study cluster resolution	0.1
validation_unavailable	disease_convergence									100.0	2.0	significant_and_absolute_z_at_least_2	debiased_response_l2_gain		observability		50.0	disease labels are tied to the source study cluster resolution	0.1
validation_unavailable	disease_convergence									100.0	2.0	significant_and_absolute_z_at_least_2	debiased_response_l2_gain		reproducibility		15.0	disease labels are tied to the source study cluster resolution	0.1
validation_unavailable	disease_convergence									100.0	2.0	significant_and_absolute_z_at_least_2	debiased_response_l2_gain		reproducibility		50.0	disease labels are tied to the source study cluster resolution	0.1
validation_unavailable	disease_convergence									100.0	2.0	significant_and_absolute_z_at_least_2	debiased_response_l2_gain		no_state		15.0	disease labels are tied to the source study cluster resolution	0.1
validation_unavailable	disease_convergence									100.0	2.0	significant_and_absolute_z_at_least_2	debiased_response_l2_gain		no_state		50.0	disease labels are tied to the source study cluster resolution	0.1
validation_unavailable	disease_convergence									100.0	2.0	significant_and_absolute_z_at_least_2	debiased_response_l2_gain		minimal		15.0	disease labels are tied to the source study cluster resolution	0.15
validation_unavailable	disease_convergence									100.0	2.0	significant_and_absolute_z_at_least_2	debiased_response_l2_gain		minimal		50.0	disease labels are tied to the source study cluster resolution	0.15
validation_unavailable	disease_convergence									100.0	2.0	significant_and_absolute_z_at_least_2	debiased_response_l2_gain		observability		15.0	disease labels are tied to the source study cluster resolution	0.15
validation_unavailable	disease_convergence									100.0	2.0	significant_and_absolute_z_at_least_2	debiased_response_l2_gain		observability		50.0	disease labels are tied to the source study cluster resolution	0.15
validation_unavailable	disease_convergence									100.0	2.0	significant_and_absolute_z_at_least_2	debiased_response_l2_gain		reproducibility		15.0	disease labels are tied to the source study cluster resolution	0.15
validation_unavailable	disease_convergence									100.0	2.0	significant_and_absolute_z_at_least_2	debiased_response_l2_gain		reproducibility		50.0	disease labels are tied to the source study cluster resolution	0.15
validation_unavailable	disease_convergence									100.0	2.0	significant_and_absolute_z_at_least_2	debiased_response_l2_gain		no_state		15.0	disease labels are tied to the source study cluster resolution	0.15
validation_unavailable	disease_convergence									100.0	2.0	significant_and_absolute_z_at_least_2	debiased_response_l2_gain		no_state		50.0	disease labels are tied to the source study cluster resolution	0.15
validation_unavailable	disease_convergence									100.0	2.0	significant_and_absolute_z_at_least_2	debiased_response_l2_gain		minimal		15.0	disease labels are tied to the source study cluster resolution	0.2
validation_unavailable	disease_convergence									100.0	2.0	significant_and_absolute_z_at_least_2	debiased_response_l2_gain		minimal		50.0	disease labels are tied to the source study cluster resolution	0.2
validation_unavailable	disease_convergence									100.0	2.0	significant_and_absolute_z_at_least_2	debiased_response_l2_gain		observability		15.0	disease labels are tied to the source study cluster resolution	0.2
validation_unavailable	disease_convergence									100.0	2.0	significant_and_absolute_z_at_least_2	debiased_response_l2_gain		observability		50.0	disease labels are tied to the source study cluster resolution	0.2
validation_unavailable	disease_convergence									100.0	2.0	significant_and_absolute_z_at_least_2	debiased_response_l2_gain		reproducibility		15.0	disease labels are tied to the source study cluster resolution	0.2
validation_unavailable	disease_convergence									100.0	2.0	significant_and_absolute_z_at_least_2	debiased_response_l2_gain		reproducibility		50.0	disease labels are tied to the source study cluster resolution	0.2
validation_unavailable	disease_convergence									100.0	2.0	significant_and_absolute_z_at_least_2	debiased_response_l2_gain		no_state		15.0	disease labels are tied to the source study cluster resolution	0.2
validation_unavailable	disease_convergence									100.0	2.0	significant_and_absolute_z_at_least_2	debiased_response_l2_gain		no_state		50.0	disease labels are tied to the source study cluster resolution	0.2
validation_unavailable	disease_convergence									100.0	2.0	significant_and_absolute_z_at_least_2	significant_response_l1_gain		minimal		15.0	disease labels are tied to the source study cluster resolution	0.05
validation_unavailable	disease_convergence									100.0	2.0	significant_and_absolute_z_at_least_2	significant_response_l1_gain		minimal		50.0	disease labels are tied to the source study cluster resolution	0.05
validation_unavailable	disease_convergence									100.0	2.0	significant_and_absolute_z_at_least_2	significant_response_l1_gain		observability		15.0	disease labels are tied to the source study cluster resolution	0.05
validation_unavailable	disease_convergence									100.0	2.0	significant_and_absolute_z_at_least_2	significant_response_l1_gain		observability		50.0	disease labels are tied to the source study cluster resolution	0.05
validation_unavailable	disease_convergence									100.0	2.0	significant_and_absolute_z_at_least_2	significant_response_l1_gain		reproducibility		15.0	disease labels are tied to the source study cluster resolution	0.05
validation_unavailable	disease_convergence									100.0	2.0	significant_and_absolute_z_at_least_2	significant_response_l1_gain		reproducibility		50.0	disease labels are tied to the source study cluster resolution	0.05
validation_unavailable	disease_convergence									100.0	2.0	significant_and_absolute_z_at_least_2	significant_response_l1_gain		no_state		15.0	disease labels are tied to the source study cluster resolution	0.05
validation_unavailable	disease_convergence									100.0	2.0	significant_and_absolute_z_at_least_2	significant_response_l1_gain		no_state		50.0	disease labels are tied to the source study cluster resolution	0.05
validation_unavailable	disease_convergence									100.0	2.0	significant_and_absolute_z_at_least_2	significant_response_l1_gain		minimal		15.0	disease labels are tied to the source study cluster resolution	0.1
validation_unavailable	disease_convergence									100.0	2.0	significant_and_absolute_z_at_least_2	significant_response_l1_gain		minimal		50.0	disease labels are tied to the source study cluster resolution	0.1
validation_unavailable	disease_convergence									100.0	2.0	significant_and_absolute_z_at_least_2	significant_response_l1_gain		observability		15.0	disease labels are tied to the source study cluster resolution	0.1
validation_unavailable	disease_convergence									100.0	2.0	significant_and_absolute_z_at_least_2	significant_response_l1_gain		observability		50.0	disease labels are tied to the source study cluster resolution	0.1
validation_unavailable	disease_convergence									100.0	2.0	significant_and_absolute_z_at_least_2	significant_response_l1_gain		reproducibility		15.0	disease labels are tied to the source study cluster resolution	0.1
validation_unavailable	disease_convergence									100.0	2.0	significant_and_absolute_z_at_least_2	significant_response_l1_gain		reproducibility		50.0	disease labels are tied to the source study cluster resolution	0.1
validation_unavailable	disease_convergence									100.0	2.0	significant_and_absolute_z_at_least_2	significant_response_l1_gain		no_state		15.0	disease labels are tied to the source study cluster resolution	0.1
validation_unavailable	disease_convergence									100.0	2.0	significant_and_absolute_z_at_least_2	significant_response_l1_gain		no_state		50.0	disease labels are tied to the source study cluster resolution	0.1
validation_unavailable	disease_convergence									100.0	2.0	significant_and_absolute_z_at_least_2	significant_response_l1_gain		minimal		15.0	disease labels are tied to the source study cluster resolution	0.15
validation_unavailable	disease_convergence									100.0	2.0	significant_and_absolute_z_at_least_2	significant_response_l1_gain		minimal		50.0	disease labels are tied to the source study cluster resolution	0.15
validation_unavailable	disease_convergence									100.0	2.0	significant_and_absolute_z_at_least_2	significant_response_l1_gain		observability		15.0	disease labels are tied to the source study cluster resolution	0.15
validation_unavailable	disease_convergence									100.0	2.0	significant_and_absolute_z_at_least_2	significant_response_l1_gain		observability		50.0	disease labels are tied to the source study cluster resolution	0.15
validation_unavailable	disease_convergence									100.0	2.0	significant_and_absolute_z_at_least_2	significant_response_l1_gain		reproducibility		15.0	disease labels are tied to the source study cluster resolution	0.15
validation_unavailable	disease_convergence									100.0	2.0	significant_and_absolute_z_at_least_2	significant_response_l1_gain		reproducibility		50.0	disease labels are tied to the source study cluster resolution	0.15
validation_unavailable	disease_convergence									100.0	2.0	significant_and_absolute_z_at_least_2	significant_response_l1_gain		no_state		15.0	disease labels are tied to the source study cluster resolution	0.15
validation_unavailable	disease_convergence									100.0	2.0	significant_and_absolute_z_at_least_2	significant_response_l1_gain		no_state		50.0	disease labels are tied to the source study cluster resolution	0.15
validation_unavailable	disease_convergence									100.0	2.0	significant_and_absolute_z_at_least_2	significant_response_l1_gain		minimal		15.0	disease labels are tied to the source study cluster resolution	0.2
validation_unavailable	disease_convergence									100.0	2.0	significant_and_absolute_z_at_least_2	significant_response_l1_gain		minimal		50.0	disease labels are tied to the source study cluster resolution	0.2
validation_unavailable	disease_convergence									100.0	2.0	significant_and_absolute_z_at_least_2	significant_response_l1_gain		observability		15.0	disease labels are tied to the source study cluster resolution	0.2
validation_unavailable	disease_convergence									100.0	2.0	significant_and_absolute_z_at_least_2	significant_response_l1_gain		observability		50.0	disease labels are tied to the source study cluster resolution	0.2
validation_unavailable	disease_convergence									100.0	2.0	significant_and_absolute_z_at_least_2	significant_response_l1_gain		reproducibility		15.0	disease labels are tied to the source study cluster resolution	0.2
validation_unavailable	disease_convergence									100.0	2.0	significant_and_absolute_z_at_least_2	significant_response_l1_gain		reproducibility		50.0	disease labels are tied to the source study cluster resolution	0.2
validation_unavailable	disease_convergence									100.0	2.0	significant_and_absolute_z_at_least_2	significant_response_l1_gain		no_state		15.0	disease labels are tied to the source study cluster resolution	0.2
validation_unavailable	disease_convergence									100.0	2.0	significant_and_absolute_z_at_least_2	significant_response_l1_gain		no_state		50.0	disease labels are tied to the source study cluster resolution	0.2
validation_unavailable	disease_convergence									100.0	3.0	significant	distal_gene_count_residual		minimal		15.0	disease labels are tied to the source study cluster resolution	0.05
validation_unavailable	disease_convergence								disease_49_minimal	100.0	3.0	significant	distal_gene_count_residual		minimal		30.0	fewer than two clusters or outcome classes remain	0.05
validation_unavailable	disease_convergence									100.0	3.0	significant	distal_gene_count_residual		minimal		50.0	disease labels are tied to the source study cluster resolution	0.05
validation_unavailable	disease_convergence									100.0	3.0	significant	distal_gene_count_residual		observability		15.0	disease labels are tied to the source study cluster resolution	0.05
validation_unavailable	disease_convergence								disease_49_observability	100.0	3.0	significant	distal_gene_count_residual		observability		30.0	fewer than two clusters or outcome classes remain	0.05
validation_unavailable	disease_convergence									100.0	3.0	significant	distal_gene_count_residual		observability		50.0	disease labels are tied to the source study cluster resolution	0.05
validation_unavailable	disease_convergence									100.0	3.0	significant	distal_gene_count_residual		reproducibility		15.0	disease labels are tied to the source study cluster resolution	0.05
validation_unavailable	disease_convergence								disease_49_reproducibility	100.0	3.0	significant	distal_gene_count_residual		reproducibility		30.0	fewer than two clusters or outcome classes remain	0.05
validation_unavailable	disease_convergence									100.0	3.0	significant	distal_gene_count_residual		reproducibility		50.0	disease labels are tied to the source study cluster resolution	0.05
validation_unavailable	disease_convergence									100.0	3.0	significant	distal_gene_count_residual		no_state		15.0	disease labels are tied to the source study cluster resolution	0.05
validation_unavailable	disease_convergence								disease_49_no_state	100.0	3.0	significant	distal_gene_count_residual		no_state		30.0	fewer than two clusters or outcome classes remain	0.05
validation_unavailable	disease_convergence									100.0	3.0	significant	distal_gene_count_residual		no_state		50.0	disease labels are tied to the source study cluster resolution	0.05
validation_unavailable	disease_convergence									100.0	3.0	significant	distal_gene_count_residual		minimal		15.0	disease labels are tied to the source study cluster resolution	0.1
validation_unavailable	disease_convergence								disease_50_minimal	100.0	3.0	significant	distal_gene_count_residual		minimal		30.0	fewer than two clusters or outcome classes remain	0.1
validation_unavailable	disease_convergence									100.0	3.0	significant	distal_gene_count_residual		minimal		50.0	disease labels are tied to the source study cluster resolution	0.1
validation_unavailable	disease_convergence									100.0	3.0	significant	distal_gene_count_residual		observability		15.0	disease labels are tied to the source study cluster resolution	0.1
validation_unavailable	disease_convergence								disease_50_observability	100.0	3.0	significant	distal_gene_count_residual		observability		30.0	fewer than two clusters or outcome classes remain	0.1
validation_unavailable	disease_convergence									100.0	3.0	significant	distal_gene_count_residual		observability		50.0	disease labels are tied to the source study cluster resolution	0.1
validation_unavailable	disease_convergence									100.0	3.0	significant	distal_gene_count_residual		reproducibility		15.0	disease labels are tied to the source study cluster resolution	0.1
validation_unavailable	disease_convergence								disease_50_reproducibility	100.0	3.0	significant	distal_gene_count_residual		reproducibility		30.0	fewer than two clusters or outcome classes remain	0.1
validation_unavailable	disease_convergence									100.0	3.0	significant	distal_gene_count_residual		reproducibility		50.0	disease labels are tied to the source study cluster resolution	0.1
validation_unavailable	disease_convergence									100.0	3.0	significant	distal_gene_count_residual		no_state		15.0	disease labels are tied to the source study cluster resolution	0.1
validation_unavailable	disease_convergence								disease_50_no_state	100.0	3.0	significant	distal_gene_count_residual		no_state		30.0	fewer than two clusters or outcome classes remain	0.1
validation_unavailable	disease_convergence									100.0	3.0	significant	distal_gene_count_residual		no_state		50.0	disease labels are tied to the source study cluster resolution	0.1
validation_unavailable	disease_convergence									100.0	3.0	significant	distal_gene_count_residual		minimal		15.0	disease labels are tied to the source study cluster resolution	0.15
validation_unavailable	disease_convergence								disease_51_minimal	100.0	3.0	significant	distal_gene_count_residual		minimal		30.0	fewer than two clusters or outcome classes remain	0.15
validation_unavailable	disease_convergence									100.0	3.0	significant	distal_gene_count_residual		minimal		50.0	disease labels are tied to the source study cluster resolution	0.15
validation_unavailable	disease_convergence									100.0	3.0	significant	distal_gene_count_residual		observability		15.0	disease labels are tied to the source study cluster resolution	0.15
validation_unavailable	disease_convergence								disease_51_observability	100.0	3.0	significant	distal_gene_count_residual		observability		30.0	fewer than two clusters or outcome classes remain	0.15
validation_unavailable	disease_convergence									100.0	3.0	significant	distal_gene_count_residual		observability		50.0	disease labels are tied to the source study cluster resolution	0.15
validation_unavailable	disease_convergence									100.0	3.0	significant	distal_gene_count_residual		reproducibility		15.0	disease labels are tied to the source study cluster resolution	0.15
validation_unavailable	disease_convergence								disease_51_reproducibility	100.0	3.0	significant	distal_gene_count_residual		reproducibility		30.0	fewer than two clusters or outcome classes remain	0.15
validation_unavailable	disease_convergence									100.0	3.0	significant	distal_gene_count_residual		reproducibility		50.0	disease labels are tied to the source study cluster resolution	0.15
validation_unavailable	disease_convergence									100.0	3.0	significant	distal_gene_count_residual		no_state		15.0	disease labels are tied to the source study cluster resolution	0.15
validation_unavailable	disease_convergence								disease_51_no_state	100.0	3.0	significant	distal_gene_count_residual		no_state		30.0	fewer than two clusters or outcome classes remain	0.15
validation_unavailable	disease_convergence									100.0	3.0	significant	distal_gene_count_residual		no_state		50.0	disease labels are tied to the source study cluster resolution	0.15
validation_unavailable	disease_convergence									100.0	3.0	significant	distal_gene_count_residual		minimal		15.0	disease labels are tied to the source study cluster resolution	0.2
validation_unavailable	disease_convergence								disease_52_minimal	100.0	3.0	significant	distal_gene_count_residual		minimal		30.0	fewer than two clusters or outcome classes remain	0.2
validation_unavailable	disease_convergence									100.0	3.0	significant	distal_gene_count_residual		minimal		50.0	disease labels are tied to the source study cluster resolution	0.2
validation_unavailable	disease_convergence									100.0	3.0	significant	distal_gene_count_residual		observability		15.0	disease labels are tied to the source study cluster resolution	0.2
validation_unavailable	disease_convergence								disease_52_observability	100.0	3.0	significant	distal_gene_count_residual		observability		30.0	fewer than two clusters or outcome classes remain	0.2
validation_unavailable	disease_convergence									100.0	3.0	significant	distal_gene_count_residual		observability		50.0	disease labels are tied to the source study cluster resolution	0.2
validation_unavailable	disease_convergence									100.0	3.0	significant	distal_gene_count_residual		reproducibility		15.0	disease labels are tied to the source study cluster resolution	0.2
validation_unavailable	disease_convergence								disease_52_reproducibility	100.0	3.0	significant	distal_gene_count_residual		reproducibility		30.0	fewer than two clusters or outcome classes remain	0.2
validation_unavailable	disease_convergence									100.0	3.0	significant	distal_gene_count_residual		reproducibility		50.0	disease labels are tied to the source study cluster resolution	0.2
validation_unavailable	disease_convergence									100.0	3.0	significant	distal_gene_count_residual		no_state		15.0	disease labels are tied to the source study cluster resolution	0.2
validation_unavailable	disease_convergence								disease_52_no_state	100.0	3.0	significant	distal_gene_count_residual		no_state		30.0	fewer than two clusters or outcome classes remain	0.2
validation_unavailable	disease_convergence									100.0	3.0	significant	distal_gene_count_residual		no_state		50.0	disease labels are tied to the source study cluster resolution	0.2
validation_unavailable	disease_convergence									100.0	3.0	significant	debiased_response_l2_gain		minimal		15.0	disease labels are tied to the source study cluster resolution	0.05
validation_unavailable	disease_convergence								disease_53_minimal	100.0	3.0	significant	debiased_response_l2_gain		minimal		30.0	fewer than two clusters or outcome classes remain	0.05
validation_unavailable	disease_convergence									100.0	3.0	significant	debiased_response_l2_gain		minimal		50.0	disease labels are tied to the source study cluster resolution	0.05
validation_unavailable	disease_convergence									100.0	3.0	significant	debiased_response_l2_gain		observability		15.0	disease labels are tied to the source study cluster resolution	0.05
validation_unavailable	disease_convergence								disease_53_observability	100.0	3.0	significant	debiased_response_l2_gain		observability		30.0	fewer than two clusters or outcome classes remain	0.05
validation_unavailable	disease_convergence									100.0	3.0	significant	debiased_response_l2_gain		observability		50.0	disease labels are tied to the source study cluster resolution	0.05
validation_unavailable	disease_convergence									100.0	3.0	significant	debiased_response_l2_gain		reproducibility		15.0	disease labels are tied to the source study cluster resolution	0.05
validation_unavailable	disease_convergence								disease_53_reproducibility	100.0	3.0	significant	debiased_response_l2_gain		reproducibility		30.0	fewer than two clusters or outcome classes remain	0.05
validation_unavailable	disease_convergence									100.0	3.0	significant	debiased_response_l2_gain		reproducibility		50.0	disease labels are tied to the source study cluster resolution	0.05
validation_unavailable	disease_convergence									100.0	3.0	significant	debiased_response_l2_gain		no_state		15.0	disease labels are tied to the source study cluster resolution	0.05
validation_unavailable	disease_convergence								disease_53_no_state	100.0	3.0	significant	debiased_response_l2_gain		no_state		30.0	fewer than two clusters or outcome classes remain	0.05
validation_unavailable	disease_convergence									100.0	3.0	significant	debiased_response_l2_gain		no_state		50.0	disease labels are tied to the source study cluster resolution	0.05
validation_unavailable	disease_convergence									100.0	3.0	significant	debiased_response_l2_gain		minimal		15.0	disease labels are tied to the source study cluster resolution	0.1
validation_unavailable	disease_convergence								disease_54_minimal	100.0	3.0	significant	debiased_response_l2_gain		minimal		30.0	fewer than two clusters or outcome classes remain	0.1
validation_unavailable	disease_convergence									100.0	3.0	significant	debiased_response_l2_gain		minimal		50.0	disease labels are tied to the source study cluster resolution	0.1
validation_unavailable	disease_convergence									100.0	3.0	significant	debiased_response_l2_gain		observability		15.0	disease labels are tied to the source study cluster resolution	0.1
validation_unavailable	disease_convergence								disease_54_observability	100.0	3.0	significant	debiased_response_l2_gain		observability		30.0	fewer than two clusters or outcome classes remain	0.1
validation_unavailable	disease_convergence									100.0	3.0	significant	debiased_response_l2_gain		observability		50.0	disease labels are tied to the source study cluster resolution	0.1
validation_unavailable	disease_convergence									100.0	3.0	significant	debiased_response_l2_gain		reproducibility		15.0	disease labels are tied to the source study cluster resolution	0.1
validation_unavailable	disease_convergence								disease_54_reproducibility	100.0	3.0	significant	debiased_response_l2_gain		reproducibility		30.0	fewer than two clusters or outcome classes remain	0.1
validation_unavailable	disease_convergence									100.0	3.0	significant	debiased_response_l2_gain		reproducibility		50.0	disease labels are tied to the source study cluster resolution	0.1
validation_unavailable	disease_convergence									100.0	3.0	significant	debiased_response_l2_gain		no_state		15.0	disease labels are tied to the source study cluster resolution	0.1
validation_unavailable	disease_convergence								disease_54_no_state	100.0	3.0	significant	debiased_response_l2_gain		no_state		30.0	fewer than two clusters or outcome classes remain	0.1
validation_unavailable	disease_convergence									100.0	3.0	significant	debiased_response_l2_gain		no_state		50.0	disease labels are tied to the source study cluster resolution	0.1
validation_unavailable	disease_convergence									100.0	3.0	significant	debiased_response_l2_gain		minimal		15.0	disease labels are tied to the source study cluster resolution	0.15
validation_unavailable	disease_convergence								disease_55_minimal	100.0	3.0	significant	debiased_response_l2_gain		minimal		30.0	fewer than two clusters or outcome classes remain	0.15
validation_unavailable	disease_convergence									100.0	3.0	significant	debiased_response_l2_gain		minimal		50.0	disease labels are tied to the source study cluster resolution	0.15
validation_unavailable	disease_convergence									100.0	3.0	significant	debiased_response_l2_gain		observability		15.0	disease labels are tied to the source study cluster resolution	0.15
validation_unavailable	disease_convergence								disease_55_observability	100.0	3.0	significant	debiased_response_l2_gain		observability		30.0	fewer than two clusters or outcome classes remain	0.15
validation_unavailable	disease_convergence									100.0	3.0	significant	debiased_response_l2_gain		observability		50.0	disease labels are tied to the source study cluster resolution	0.15
validation_unavailable	disease_convergence									100.0	3.0	significant	debiased_response_l2_gain		reproducibility		15.0	disease labels are tied to the source study cluster resolution	0.15
validation_unavailable	disease_convergence								disease_55_reproducibility	100.0	3.0	significant	debiased_response_l2_gain		reproducibility		30.0	fewer than two clusters or outcome classes remain	0.15
validation_unavailable	disease_convergence									100.0	3.0	significant	debiased_response_l2_gain		reproducibility		50.0	disease labels are tied to the source study cluster resolution	0.15
validation_unavailable	disease_convergence									100.0	3.0	significant	debiased_response_l2_gain		no_state		15.0	disease labels are tied to the source study cluster resolution	0.15
validation_unavailable	disease_convergence								disease_55_no_state	100.0	3.0	significant	debiased_response_l2_gain		no_state		30.0	fewer than two clusters or outcome classes remain	0.15
validation_unavailable	disease_convergence									100.0	3.0	significant	debiased_response_l2_gain		no_state		50.0	disease labels are tied to the source study cluster resolution	0.15
validation_unavailable	disease_convergence									100.0	3.0	significant	debiased_response_l2_gain		minimal		15.0	disease labels are tied to the source study cluster resolution	0.2
validation_unavailable	disease_convergence								disease_56_minimal	100.0	3.0	significant	debiased_response_l2_gain		minimal		30.0	fewer than two clusters or outcome classes remain	0.2
validation_unavailable	disease_convergence									100.0	3.0	significant	debiased_response_l2_gain		minimal		50.0	disease labels are tied to the source study cluster resolution	0.2
validation_unavailable	disease_convergence									100.0	3.0	significant	debiased_response_l2_gain		observability		15.0	disease labels are tied to the source study cluster resolution	0.2
validation_unavailable	disease_convergence								disease_56_observability	100.0	3.0	significant	debiased_response_l2_gain		observability		30.0	fewer than two clusters or outcome classes remain	0.2
validation_unavailable	disease_convergence									100.0	3.0	significant	debiased_response_l2_gain		observability		50.0	disease labels are tied to the source study cluster resolution	0.2
validation_unavailable	disease_convergence									100.0	3.0	significant	debiased_response_l2_gain		reproducibility		15.0	disease labels are tied to the source study cluster resolution	0.2
validation_unavailable	disease_convergence								disease_56_reproducibility	100.0	3.0	significant	debiased_response_l2_gain		reproducibility		30.0	fewer than two clusters or outcome classes remain	0.2
validation_unavailable	disease_convergence									100.0	3.0	significant	debiased_response_l2_gain		reproducibility		50.0	disease labels are tied to the source study cluster resolution	0.2
validation_unavailable	disease_convergence									100.0	3.0	significant	debiased_response_l2_gain		no_state		15.0	disease labels are tied to the source study cluster resolution	0.2
validation_unavailable	disease_convergence								disease_56_no_state	100.0	3.0	significant	debiased_response_l2_gain		no_state		30.0	fewer than two clusters or outcome classes remain	0.2
validation_unavailable	disease_convergence									100.0	3.0	significant	debiased_response_l2_gain		no_state		50.0	disease labels are tied to the source study cluster resolution	0.2
validation_unavailable	disease_convergence									100.0	3.0	significant	significant_response_l1_gain		minimal		15.0	disease labels are tied to the source study cluster resolution	0.05
validation_unavailable	disease_convergence								disease_57_minimal	100.0	3.0	significant	significant_response_l1_gain		minimal		30.0	fewer than two clusters or outcome classes remain	0.05
validation_unavailable	disease_convergence									100.0	3.0	significant	significant_response_l1_gain		minimal		50.0	disease labels are tied to the source study cluster resolution	0.05
validation_unavailable	disease_convergence									100.0	3.0	significant	significant_response_l1_gain		observability		15.0	disease labels are tied to the source study cluster resolution	0.05
validation_unavailable	disease_convergence								disease_57_observability	100.0	3.0	significant	significant_response_l1_gain		observability		30.0	fewer than two clusters or outcome classes remain	0.05
validation_unavailable	disease_convergence									100.0	3.0	significant	significant_response_l1_gain		observability		50.0	disease labels are tied to the source study cluster resolution	0.05
validation_unavailable	disease_convergence									100.0	3.0	significant	significant_response_l1_gain		reproducibility		15.0	disease labels are tied to the source study cluster resolution	0.05
validation_unavailable	disease_convergence								disease_57_reproducibility	100.0	3.0	significant	significant_response_l1_gain		reproducibility		30.0	fewer than two clusters or outcome classes remain	0.05
validation_unavailable	disease_convergence									100.0	3.0	significant	significant_response_l1_gain		reproducibility		50.0	disease labels are tied to the source study cluster resolution	0.05
validation_unavailable	disease_convergence									100.0	3.0	significant	significant_response_l1_gain		no_state		15.0	disease labels are tied to the source study cluster resolution	0.05
validation_unavailable	disease_convergence								disease_57_no_state	100.0	3.0	significant	significant_response_l1_gain		no_state		30.0	fewer than two clusters or outcome classes remain	0.05
validation_unavailable	disease_convergence									100.0	3.0	significant	significant_response_l1_gain		no_state		50.0	disease labels are tied to the source study cluster resolution	0.05
validation_unavailable	disease_convergence									100.0	3.0	significant	significant_response_l1_gain		minimal		15.0	disease labels are tied to the source study cluster resolution	0.1
validation_unavailable	disease_convergence								disease_58_minimal	100.0	3.0	significant	significant_response_l1_gain		minimal		30.0	fewer than two clusters or outcome classes remain	0.1
validation_unavailable	disease_convergence									100.0	3.0	significant	significant_response_l1_gain		minimal		50.0	disease labels are tied to the source study cluster resolution	0.1
validation_unavailable	disease_convergence									100.0	3.0	significant	significant_response_l1_gain		observability		15.0	disease labels are tied to the source study cluster resolution	0.1
validation_unavailable	disease_convergence								disease_58_observability	100.0	3.0	significant	significant_response_l1_gain		observability		30.0	fewer than two clusters or outcome classes remain	0.1
validation_unavailable	disease_convergence									100.0	3.0	significant	significant_response_l1_gain		observability		50.0	disease labels are tied to the source study cluster resolution	0.1
validation_unavailable	disease_convergence									100.0	3.0	significant	significant_response_l1_gain		reproducibility		15.0	disease labels are tied to the source study cluster resolution	0.1
validation_unavailable	disease_convergence								disease_58_reproducibility	100.0	3.0	significant	significant_response_l1_gain		reproducibility		30.0	fewer than two clusters or outcome classes remain	0.1
validation_unavailable	disease_convergence									100.0	3.0	significant	significant_response_l1_gain		reproducibility		50.0	disease labels are tied to the source study cluster resolution	0.1
validation_unavailable	disease_convergence									100.0	3.0	significant	significant_response_l1_gain		no_state		15.0	disease labels are tied to the source study cluster resolution	0.1
validation_unavailable	disease_convergence								disease_58_no_state	100.0	3.0	significant	significant_response_l1_gain		no_state		30.0	fewer than two clusters or outcome classes remain	0.1
validation_unavailable	disease_convergence									100.0	3.0	significant	significant_response_l1_gain		no_state		50.0	disease labels are tied to the source study cluster resolution	0.1
validation_unavailable	disease_convergence									100.0	3.0	significant	significant_response_l1_gain		minimal		15.0	disease labels are tied to the source study cluster resolution	0.15
validation_unavailable	disease_convergence								disease_59_minimal	100.0	3.0	significant	significant_response_l1_gain		minimal		30.0	fewer than two clusters or outcome classes remain	0.15
validation_unavailable	disease_convergence									100.0	3.0	significant	significant_response_l1_gain		minimal		50.0	disease labels are tied to the source study cluster resolution	0.15
validation_unavailable	disease_convergence									100.0	3.0	significant	significant_response_l1_gain		observability		15.0	disease labels are tied to the source study cluster resolution	0.15
validation_unavailable	disease_convergence								disease_59_observability	100.0	3.0	significant	significant_response_l1_gain		observability		30.0	fewer than two clusters or outcome classes remain	0.15
validation_unavailable	disease_convergence									100.0	3.0	significant	significant_response_l1_gain		observability		50.0	disease labels are tied to the source study cluster resolution	0.15
validation_unavailable	disease_convergence									100.0	3.0	significant	significant_response_l1_gain		reproducibility		15.0	disease labels are tied to the source study cluster resolution	0.15
validation_unavailable	disease_convergence								disease_59_reproducibility	100.0	3.0	significant	significant_response_l1_gain		reproducibility		30.0	fewer than two clusters or outcome classes remain	0.15
validation_unavailable	disease_convergence									100.0	3.0	significant	significant_response_l1_gain		reproducibility		50.0	disease labels are tied to the source study cluster resolution	0.15
validation_unavailable	disease_convergence									100.0	3.0	significant	significant_response_l1_gain		no_state		15.0	disease labels are tied to the source study cluster resolution	0.15
validation_unavailable	disease_convergence								disease_59_no_state	100.0	3.0	significant	significant_response_l1_gain		no_state		30.0	fewer than two clusters or outcome classes remain	0.15
validation_unavailable	disease_convergence									100.0	3.0	significant	significant_response_l1_gain		no_state		50.0	disease labels are tied to the source study cluster resolution	0.15
validation_unavailable	disease_convergence									100.0	3.0	significant	significant_response_l1_gain		minimal		15.0	disease labels are tied to the source study cluster resolution	0.2
validation_unavailable	disease_convergence								disease_60_minimal	100.0	3.0	significant	significant_response_l1_gain		minimal		30.0	fewer than two clusters or outcome classes remain	0.2
validation_unavailable	disease_convergence									100.0	3.0	significant	significant_response_l1_gain		minimal		50.0	disease labels are tied to the source study cluster resolution	0.2
validation_unavailable	disease_convergence									100.0	3.0	significant	significant_response_l1_gain		observability		15.0	disease labels are tied to the source study cluster resolution	0.2
validation_unavailable	disease_convergence								disease_60_observability	100.0	3.0	significant	significant_response_l1_gain		observability		30.0	fewer than two clusters or outcome classes remain	0.2
validation_unavailable	disease_convergence									100.0	3.0	significant	significant_response_l1_gain		observability		50.0	disease labels are tied to the source study cluster resolution	0.2
validation_unavailable	disease_convergence									100.0	3.0	significant	significant_response_l1_gain		reproducibility		15.0	disease labels are tied to the source study cluster resolution	0.2
validation_unavailable	disease_convergence								disease_60_reproducibility	100.0	3.0	significant	significant_response_l1_gain		reproducibility		30.0	fewer than two clusters or outcome classes remain	0.2
validation_unavailable	disease_convergence									100.0	3.0	significant	significant_response_l1_gain		reproducibility		50.0	disease labels are tied to the source study cluster resolution	0.2
validation_unavailable	disease_convergence									100.0	3.0	significant	significant_response_l1_gain		no_state		15.0	disease labels are tied to the source study cluster resolution	0.2
validation_unavailable	disease_convergence								disease_60_no_state	100.0	3.0	significant	significant_response_l1_gain		no_state		30.0	fewer than two clusters or outcome classes remain	0.2
validation_unavailable	disease_convergence									100.0	3.0	significant	significant_response_l1_gain		no_state		50.0	disease labels are tied to the source study cluster resolution	0.2
validation_unavailable	disease_convergence									100.0	3.0	significant_and_absolute_z_at_least_2	distal_gene_count_residual		minimal		15.0	disease labels are tied to the source study cluster resolution	0.05
validation_unavailable	disease_convergence								disease_61_minimal	100.0	3.0	significant_and_absolute_z_at_least_2	distal_gene_count_residual		minimal		30.0	fewer than two clusters or outcome classes remain	0.05
validation_unavailable	disease_convergence									100.0	3.0	significant_and_absolute_z_at_least_2	distal_gene_count_residual		minimal		50.0	disease labels are tied to the source study cluster resolution	0.05
validation_unavailable	disease_convergence									100.0	3.0	significant_and_absolute_z_at_least_2	distal_gene_count_residual		observability		15.0	disease labels are tied to the source study cluster resolution	0.05
validation_unavailable	disease_convergence								disease_61_observability	100.0	3.0	significant_and_absolute_z_at_least_2	distal_gene_count_residual		observability		30.0	fewer than two clusters or outcome classes remain	0.05
validation_unavailable	disease_convergence									100.0	3.0	significant_and_absolute_z_at_least_2	distal_gene_count_residual		observability		50.0	disease labels are tied to the source study cluster resolution	0.05
validation_unavailable	disease_convergence									100.0	3.0	significant_and_absolute_z_at_least_2	distal_gene_count_residual		reproducibility		15.0	disease labels are tied to the source study cluster resolution	0.05
validation_unavailable	disease_convergence								disease_61_reproducibility	100.0	3.0	significant_and_absolute_z_at_least_2	distal_gene_count_residual		reproducibility		30.0	fewer than two clusters or outcome classes remain	0.05
validation_unavailable	disease_convergence									100.0	3.0	significant_and_absolute_z_at_least_2	distal_gene_count_residual		reproducibility		50.0	disease labels are tied to the source study cluster resolution	0.05
validation_unavailable	disease_convergence									100.0	3.0	significant_and_absolute_z_at_least_2	distal_gene_count_residual		no_state		15.0	disease labels are tied to the source study cluster resolution	0.05
validation_unavailable	disease_convergence								disease_61_no_state	100.0	3.0	significant_and_absolute_z_at_least_2	distal_gene_count_residual		no_state		30.0	fewer than two clusters or outcome classes remain	0.05
validation_unavailable	disease_convergence									100.0	3.0	significant_and_absolute_z_at_least_2	distal_gene_count_residual		no_state		50.0	disease labels are tied to the source study cluster resolution	0.05
validation_unavailable	disease_convergence									100.0	3.0	significant_and_absolute_z_at_least_2	distal_gene_count_residual		minimal		15.0	disease labels are tied to the source study cluster resolution	0.1
validation_unavailable	disease_convergence								disease_62_minimal	100.0	3.0	significant_and_absolute_z_at_least_2	distal_gene_count_residual		minimal		30.0	fewer than two clusters or outcome classes remain	0.1
validation_unavailable	disease_convergence									100.0	3.0	significant_and_absolute_z_at_least_2	distal_gene_count_residual		minimal		50.0	disease labels are tied to the source study cluster resolution	0.1
validation_unavailable	disease_convergence									100.0	3.0	significant_and_absolute_z_at_least_2	distal_gene_count_residual		observability		15.0	disease labels are tied to the source study cluster resolution	0.1
validation_unavailable	disease_convergence								disease_62_observability	100.0	3.0	significant_and_absolute_z_at_least_2	distal_gene_count_residual		observability		30.0	fewer than two clusters or outcome classes remain	0.1
validation_unavailable	disease_convergence									100.0	3.0	significant_and_absolute_z_at_least_2	distal_gene_count_residual		observability		50.0	disease labels are tied to the source study cluster resolution	0.1
validation_unavailable	disease_convergence									100.0	3.0	significant_and_absolute_z_at_least_2	distal_gene_count_residual		reproducibility		15.0	disease labels are tied to the source study cluster resolution	0.1
validation_unavailable	disease_convergence								disease_62_reproducibility	100.0	3.0	significant_and_absolute_z_at_least_2	distal_gene_count_residual		reproducibility		30.0	fewer than two clusters or outcome classes remain	0.1
validation_unavailable	disease_convergence									100.0	3.0	significant_and_absolute_z_at_least_2	distal_gene_count_residual		reproducibility		50.0	disease labels are tied to the source study cluster resolution	0.1
validation_unavailable	disease_convergence									100.0	3.0	significant_and_absolute_z_at_least_2	distal_gene_count_residual		no_state		15.0	disease labels are tied to the source study cluster resolution	0.1
validation_unavailable	disease_convergence								disease_62_no_state	100.0	3.0	significant_and_absolute_z_at_least_2	distal_gene_count_residual		no_state		30.0	fewer than two clusters or outcome classes remain	0.1
validation_unavailable	disease_convergence									100.0	3.0	significant_and_absolute_z_at_least_2	distal_gene_count_residual		no_state		50.0	disease labels are tied to the source study cluster resolution	0.1
validation_unavailable	disease_convergence									100.0	3.0	significant_and_absolute_z_at_least_2	distal_gene_count_residual		minimal		15.0	disease labels are tied to the source study cluster resolution	0.15
validation_unavailable	disease_convergence								disease_63_minimal	100.0	3.0	significant_and_absolute_z_at_least_2	distal_gene_count_residual		minimal		30.0	fewer than two clusters or outcome classes remain	0.15
validation_unavailable	disease_convergence									100.0	3.0	significant_and_absolute_z_at_least_2	distal_gene_count_residual		minimal		50.0	disease labels are tied to the source study cluster resolution	0.15
validation_unavailable	disease_convergence									100.0	3.0	significant_and_absolute_z_at_least_2	distal_gene_count_residual		observability		15.0	disease labels are tied to the source study cluster resolution	0.15
validation_unavailable	disease_convergence								disease_63_observability	100.0	3.0	significant_and_absolute_z_at_least_2	distal_gene_count_residual		observability		30.0	fewer than two clusters or outcome classes remain	0.15
validation_unavailable	disease_convergence									100.0	3.0	significant_and_absolute_z_at_least_2	distal_gene_count_residual		observability		50.0	disease labels are tied to the source study cluster resolution	0.15
validation_unavailable	disease_convergence									100.0	3.0	significant_and_absolute_z_at_least_2	distal_gene_count_residual		reproducibility		15.0	disease labels are tied to the source study cluster resolution	0.15
validation_unavailable	disease_convergence								disease_63_reproducibility	100.0	3.0	significant_and_absolute_z_at_least_2	distal_gene_count_residual		reproducibility		30.0	fewer than two clusters or outcome classes remain	0.15
validation_unavailable	disease_convergence									100.0	3.0	significant_and_absolute_z_at_least_2	distal_gene_count_residual		reproducibility		50.0	disease labels are tied to the source study cluster resolution	0.15
validation_unavailable	disease_convergence									100.0	3.0	significant_and_absolute_z_at_least_2	distal_gene_count_residual		no_state		15.0	disease labels are tied to the source study cluster resolution	0.15
validation_unavailable	disease_convergence								disease_63_no_state	100.0	3.0	significant_and_absolute_z_at_least_2	distal_gene_count_residual		no_state		30.0	fewer than two clusters or outcome classes remain	0.15
validation_unavailable	disease_convergence									100.0	3.0	significant_and_absolute_z_at_least_2	distal_gene_count_residual		no_state		50.0	disease labels are tied to the source study cluster resolution	0.15
validation_unavailable	disease_convergence									100.0	3.0	significant_and_absolute_z_at_least_2	distal_gene_count_residual		minimal		15.0	disease labels are tied to the source study cluster resolution	0.2
validation_unavailable	disease_convergence								disease_64_minimal	100.0	3.0	significant_and_absolute_z_at_least_2	distal_gene_count_residual		minimal		30.0	fewer than two clusters or outcome classes remain	0.2
validation_unavailable	disease_convergence									100.0	3.0	significant_and_absolute_z_at_least_2	distal_gene_count_residual		minimal		50.0	disease labels are tied to the source study cluster resolution	0.2
validation_unavailable	disease_convergence									100.0	3.0	significant_and_absolute_z_at_least_2	distal_gene_count_residual		observability		15.0	disease labels are tied to the source study cluster resolution	0.2
validation_unavailable	disease_convergence								disease_64_observability	100.0	3.0	significant_and_absolute_z_at_least_2	distal_gene_count_residual		observability		30.0	fewer than two clusters or outcome classes remain	0.2
validation_unavailable	disease_convergence									100.0	3.0	significant_and_absolute_z_at_least_2	distal_gene_count_residual		observability		50.0	disease labels are tied to the source study cluster resolution	0.2
validation_unavailable	disease_convergence									100.0	3.0	significant_and_absolute_z_at_least_2	distal_gene_count_residual		reproducibility		15.0	disease labels are tied to the source study cluster resolution	0.2
validation_unavailable	disease_convergence								disease_64_reproducibility	100.0	3.0	significant_and_absolute_z_at_least_2	distal_gene_count_residual		reproducibility		30.0	fewer than two clusters or outcome classes remain	0.2
validation_unavailable	disease_convergence									100.0	3.0	significant_and_absolute_z_at_least_2	distal_gene_count_residual		reproducibility		50.0	disease labels are tied to the source study cluster resolution	0.2
validation_unavailable	disease_convergence									100.0	3.0	significant_and_absolute_z_at_least_2	distal_gene_count_residual		no_state		15.0	disease labels are tied to the source study cluster resolution	0.2
validation_unavailable	disease_convergence								disease_64_no_state	100.0	3.0	significant_and_absolute_z_at_least_2	distal_gene_count_residual		no_state		30.0	fewer than two clusters or outcome classes remain	0.2
validation_unavailable	disease_convergence									100.0	3.0	significant_and_absolute_z_at_least_2	distal_gene_count_residual		no_state		50.0	disease labels are tied to the source study cluster resolution	0.2
validation_unavailable	disease_convergence									100.0	3.0	significant_and_absolute_z_at_least_2	debiased_response_l2_gain		minimal		15.0	disease labels are tied to the source study cluster resolution	0.05
validation_unavailable	disease_convergence								disease_65_minimal	100.0	3.0	significant_and_absolute_z_at_least_2	debiased_response_l2_gain		minimal		30.0	fewer than two clusters or outcome classes remain	0.05
validation_unavailable	disease_convergence									100.0	3.0	significant_and_absolute_z_at_least_2	debiased_response_l2_gain		minimal		50.0	disease labels are tied to the source study cluster resolution	0.05
validation_unavailable	disease_convergence									100.0	3.0	significant_and_absolute_z_at_least_2	debiased_response_l2_gain		observability		15.0	disease labels are tied to the source study cluster resolution	0.05
validation_unavailable	disease_convergence								disease_65_observability	100.0	3.0	significant_and_absolute_z_at_least_2	debiased_response_l2_gain		observability		30.0	fewer than two clusters or outcome classes remain	0.05
validation_unavailable	disease_convergence									100.0	3.0	significant_and_absolute_z_at_least_2	debiased_response_l2_gain		observability		50.0	disease labels are tied to the source study cluster resolution	0.05
validation_unavailable	disease_convergence									100.0	3.0	significant_and_absolute_z_at_least_2	debiased_response_l2_gain		reproducibility		15.0	disease labels are tied to the source study cluster resolution	0.05
validation_unavailable	disease_convergence								disease_65_reproducibility	100.0	3.0	significant_and_absolute_z_at_least_2	debiased_response_l2_gain		reproducibility		30.0	fewer than two clusters or outcome classes remain	0.05
validation_unavailable	disease_convergence									100.0	3.0	significant_and_absolute_z_at_least_2	debiased_response_l2_gain		reproducibility		50.0	disease labels are tied to the source study cluster resolution	0.05
validation_unavailable	disease_convergence									100.0	3.0	significant_and_absolute_z_at_least_2	debiased_response_l2_gain		no_state		15.0	disease labels are tied to the source study cluster resolution	0.05
validation_unavailable	disease_convergence								disease_65_no_state	100.0	3.0	significant_and_absolute_z_at_least_2	debiased_response_l2_gain		no_state		30.0	fewer than two clusters or outcome classes remain	0.05
validation_unavailable	disease_convergence									100.0	3.0	significant_and_absolute_z_at_least_2	debiased_response_l2_gain		no_state		50.0	disease labels are tied to the source study cluster resolution	0.05
validation_unavailable	disease_convergence									100.0	3.0	significant_and_absolute_z_at_least_2	debiased_response_l2_gain		minimal		15.0	disease labels are tied to the source study cluster resolution	0.1
validation_unavailable	disease_convergence								disease_66_minimal	100.0	3.0	significant_and_absolute_z_at_least_2	debiased_response_l2_gain		minimal		30.0	fewer than two clusters or outcome classes remain	0.1
validation_unavailable	disease_convergence									100.0	3.0	significant_and_absolute_z_at_least_2	debiased_response_l2_gain		minimal		50.0	disease labels are tied to the source study cluster resolution	0.1
validation_unavailable	disease_convergence									100.0	3.0	significant_and_absolute_z_at_least_2	debiased_response_l2_gain		observability		15.0	disease labels are tied to the source study cluster resolution	0.1
validation_unavailable	disease_convergence								disease_66_observability	100.0	3.0	significant_and_absolute_z_at_least_2	debiased_response_l2_gain		observability		30.0	fewer than two clusters or outcome classes remain	0.1
validation_unavailable	disease_convergence									100.0	3.0	significant_and_absolute_z_at_least_2	debiased_response_l2_gain		observability		50.0	disease labels are tied to the source study cluster resolution	0.1
validation_unavailable	disease_convergence									100.0	3.0	significant_and_absolute_z_at_least_2	debiased_response_l2_gain		reproducibility		15.0	disease labels are tied to the source study cluster resolution	0.1
validation_unavailable	disease_convergence								disease_66_reproducibility	100.0	3.0	significant_and_absolute_z_at_least_2	debiased_response_l2_gain		reproducibility		30.0	fewer than two clusters or outcome classes remain	0.1
validation_unavailable	disease_convergence									100.0	3.0	significant_and_absolute_z_at_least_2	debiased_response_l2_gain		reproducibility		50.0	disease labels are tied to the source study cluster resolution	0.1
validation_unavailable	disease_convergence									100.0	3.0	significant_and_absolute_z_at_least_2	debiased_response_l2_gain		no_state		15.0	disease labels are tied to the source study cluster resolution	0.1
validation_unavailable	disease_convergence								disease_66_no_state	100.0	3.0	significant_and_absolute_z_at_least_2	debiased_response_l2_gain		no_state		30.0	fewer than two clusters or outcome classes remain	0.1
validation_unavailable	disease_convergence									100.0	3.0	significant_and_absolute_z_at_least_2	debiased_response_l2_gain		no_state		50.0	disease labels are tied to the source study cluster resolution	0.1
validation_unavailable	disease_convergence									100.0	3.0	significant_and_absolute_z_at_least_2	debiased_response_l2_gain		minimal		15.0	disease labels are tied to the source study cluster resolution	0.15
validation_unavailable	disease_convergence								disease_67_minimal	100.0	3.0	significant_and_absolute_z_at_least_2	debiased_response_l2_gain		minimal		30.0	fewer than two clusters or outcome classes remain	0.15
validation_unavailable	disease_convergence									100.0	3.0	significant_and_absolute_z_at_least_2	debiased_response_l2_gain		minimal		50.0	disease labels are tied to the source study cluster resolution	0.15
validation_unavailable	disease_convergence									100.0	3.0	significant_and_absolute_z_at_least_2	debiased_response_l2_gain		observability		15.0	disease labels are tied to the source study cluster resolution	0.15
validation_unavailable	disease_convergence								disease_67_observability	100.0	3.0	significant_and_absolute_z_at_least_2	debiased_response_l2_gain		observability		30.0	fewer than two clusters or outcome classes remain	0.15
validation_unavailable	disease_convergence									100.0	3.0	significant_and_absolute_z_at_least_2	debiased_response_l2_gain		observability		50.0	disease labels are tied to the source study cluster resolution	0.15
validation_unavailable	disease_convergence									100.0	3.0	significant_and_absolute_z_at_least_2	debiased_response_l2_gain		reproducibility		15.0	disease labels are tied to the source study cluster resolution	0.15
validation_unavailable	disease_convergence								disease_67_reproducibility	100.0	3.0	significant_and_absolute_z_at_least_2	debiased_response_l2_gain		reproducibility		30.0	fewer than two clusters or outcome classes remain	0.15
validation_unavailable	disease_convergence									100.0	3.0	significant_and_absolute_z_at_least_2	debiased_response_l2_gain		reproducibility		50.0	disease labels are tied to the source study cluster resolution	0.15
validation_unavailable	disease_convergence									100.0	3.0	significant_and_absolute_z_at_least_2	debiased_response_l2_gain		no_state		15.0	disease labels are tied to the source study cluster resolution	0.15
validation_unavailable	disease_convergence								disease_67_no_state	100.0	3.0	significant_and_absolute_z_at_least_2	debiased_response_l2_gain		no_state		30.0	fewer than two clusters or outcome classes remain	0.15
validation_unavailable	disease_convergence									100.0	3.0	significant_and_absolute_z_at_least_2	debiased_response_l2_gain		no_state		50.0	disease labels are tied to the source study cluster resolution	0.15
validation_unavailable	disease_convergence									100.0	3.0	significant_and_absolute_z_at_least_2	debiased_response_l2_gain		minimal		15.0	disease labels are tied to the source study cluster resolution	0.2
validation_unavailable	disease_convergence								disease_68_minimal	100.0	3.0	significant_and_absolute_z_at_least_2	debiased_response_l2_gain		minimal		30.0	fewer than two clusters or outcome classes remain	0.2
validation_unavailable	disease_convergence									100.0	3.0	significant_and_absolute_z_at_least_2	debiased_response_l2_gain		minimal		50.0	disease labels are tied to the source study cluster resolution	0.2
validation_unavailable	disease_convergence									100.0	3.0	significant_and_absolute_z_at_least_2	debiased_response_l2_gain		observability		15.0	disease labels are tied to the source study cluster resolution	0.2
validation_unavailable	disease_convergence								disease_68_observability	100.0	3.0	significant_and_absolute_z_at_least_2	debiased_response_l2_gain		observability		30.0	fewer than two clusters or outcome classes remain	0.2
validation_unavailable	disease_convergence									100.0	3.0	significant_and_absolute_z_at_least_2	debiased_response_l2_gain		observability		50.0	disease labels are tied to the source study cluster resolution	0.2
validation_unavailable	disease_convergence									100.0	3.0	significant_and_absolute_z_at_least_2	debiased_response_l2_gain		reproducibility		15.0	disease labels are tied to the source study cluster resolution	0.2
validation_unavailable	disease_convergence								disease_68_reproducibility	100.0	3.0	significant_and_absolute_z_at_least_2	debiased_response_l2_gain		reproducibility		30.0	fewer than two clusters or outcome classes remain	0.2
validation_unavailable	disease_convergence									100.0	3.0	significant_and_absolute_z_at_least_2	debiased_response_l2_gain		reproducibility		50.0	disease labels are tied to the source study cluster resolution	0.2
validation_unavailable	disease_convergence									100.0	3.0	significant_and_absolute_z_at_least_2	debiased_response_l2_gain		no_state		15.0	disease labels are tied to the source study cluster resolution	0.2
validation_unavailable	disease_convergence								disease_68_no_state	100.0	3.0	significant_and_absolute_z_at_least_2	debiased_response_l2_gain		no_state		30.0	fewer than two clusters or outcome classes remain	0.2
validation_unavailable	disease_convergence									100.0	3.0	significant_and_absolute_z_at_least_2	debiased_response_l2_gain		no_state		50.0	disease labels are tied to the source study cluster resolution	0.2
validation_unavailable	disease_convergence									100.0	3.0	significant_and_absolute_z_at_least_2	significant_response_l1_gain		minimal		15.0	disease labels are tied to the source study cluster resolution	0.05
validation_unavailable	disease_convergence								disease_69_minimal	100.0	3.0	significant_and_absolute_z_at_least_2	significant_response_l1_gain		minimal		30.0	fewer than two clusters or outcome classes remain	0.05
validation_unavailable	disease_convergence									100.0	3.0	significant_and_absolute_z_at_least_2	significant_response_l1_gain		minimal		50.0	disease labels are tied to the source study cluster resolution	0.05
validation_unavailable	disease_convergence									100.0	3.0	significant_and_absolute_z_at_least_2	significant_response_l1_gain		observability		15.0	disease labels are tied to the source study cluster resolution	0.05
validation_unavailable	disease_convergence								disease_69_observability	100.0	3.0	significant_and_absolute_z_at_least_2	significant_response_l1_gain		observability		30.0	fewer than two clusters or outcome classes remain	0.05
validation_unavailable	disease_convergence									100.0	3.0	significant_and_absolute_z_at_least_2	significant_response_l1_gain		observability		50.0	disease labels are tied to the source study cluster resolution	0.05
validation_unavailable	disease_convergence									100.0	3.0	significant_and_absolute_z_at_least_2	significant_response_l1_gain		reproducibility		15.0	disease labels are tied to the source study cluster resolution	0.05
validation_unavailable	disease_convergence								disease_69_reproducibility	100.0	3.0	significant_and_absolute_z_at_least_2	significant_response_l1_gain		reproducibility		30.0	fewer than two clusters or outcome classes remain	0.05
validation_unavailable	disease_convergence									100.0	3.0	significant_and_absolute_z_at_least_2	significant_response_l1_gain		reproducibility		50.0	disease labels are tied to the source study cluster resolution	0.05
validation_unavailable	disease_convergence									100.0	3.0	significant_and_absolute_z_at_least_2	significant_response_l1_gain		no_state		15.0	disease labels are tied to the source study cluster resolution	0.05
validation_unavailable	disease_convergence								disease_69_no_state	100.0	3.0	significant_and_absolute_z_at_least_2	significant_response_l1_gain		no_state		30.0	fewer than two clusters or outcome classes remain	0.05
validation_unavailable	disease_convergence									100.0	3.0	significant_and_absolute_z_at_least_2	significant_response_l1_gain		no_state		50.0	disease labels are tied to the source study cluster resolution	0.05
validation_unavailable	disease_convergence									100.0	3.0	significant_and_absolute_z_at_least_2	significant_response_l1_gain		minimal		15.0	disease labels are tied to the source study cluster resolution	0.1
validation_unavailable	disease_convergence								disease_70_minimal	100.0	3.0	significant_and_absolute_z_at_least_2	significant_response_l1_gain		minimal		30.0	fewer than two clusters or outcome classes remain	0.1
validation_unavailable	disease_convergence									100.0	3.0	significant_and_absolute_z_at_least_2	significant_response_l1_gain		minimal		50.0	disease labels are tied to the source study cluster resolution	0.1
validation_unavailable	disease_convergence									100.0	3.0	significant_and_absolute_z_at_least_2	significant_response_l1_gain		observability		15.0	disease labels are tied to the source study cluster resolution	0.1
validation_unavailable	disease_convergence								disease_70_observability	100.0	3.0	significant_and_absolute_z_at_least_2	significant_response_l1_gain		observability		30.0	fewer than two clusters or outcome classes remain	0.1
validation_unavailable	disease_convergence									100.0	3.0	significant_and_absolute_z_at_least_2	significant_response_l1_gain		observability		50.0	disease labels are tied to the source study cluster resolution	0.1
validation_unavailable	disease_convergence									100.0	3.0	significant_and_absolute_z_at_least_2	significant_response_l1_gain		reproducibility		15.0	disease labels are tied to the source study cluster resolution	0.1
validation_unavailable	disease_convergence								disease_70_reproducibility	100.0	3.0	significant_and_absolute_z_at_least_2	significant_response_l1_gain		reproducibility		30.0	fewer than two clusters or outcome classes remain	0.1
validation_unavailable	disease_convergence									100.0	3.0	significant_and_absolute_z_at_least_2	significant_response_l1_gain		reproducibility		50.0	disease labels are tied to the source study cluster resolution	0.1
validation_unavailable	disease_convergence									100.0	3.0	significant_and_absolute_z_at_least_2	significant_response_l1_gain		no_state		15.0	disease labels are tied to the source study cluster resolution	0.1
validation_unavailable	disease_convergence								disease_70_no_state	100.0	3.0	significant_and_absolute_z_at_least_2	significant_response_l1_gain		no_state		30.0	fewer than two clusters or outcome classes remain	0.1
validation_unavailable	disease_convergence									100.0	3.0	significant_and_absolute_z_at_least_2	significant_response_l1_gain		no_state		50.0	disease labels are tied to the source study cluster resolution	0.1
validation_unavailable	disease_convergence									100.0	3.0	significant_and_absolute_z_at_least_2	significant_response_l1_gain		minimal		15.0	disease labels are tied to the source study cluster resolution	0.15
validation_unavailable	disease_convergence								disease_71_minimal	100.0	3.0	significant_and_absolute_z_at_least_2	significant_response_l1_gain		minimal		30.0	fewer than two clusters or outcome classes remain	0.15
validation_unavailable	disease_convergence									100.0	3.0	significant_and_absolute_z_at_least_2	significant_response_l1_gain		minimal		50.0	disease labels are tied to the source study cluster resolution	0.15
validation_unavailable	disease_convergence									100.0	3.0	significant_and_absolute_z_at_least_2	significant_response_l1_gain		observability		15.0	disease labels are tied to the source study cluster resolution	0.15
validation_unavailable	disease_convergence								disease_71_observability	100.0	3.0	significant_and_absolute_z_at_least_2	significant_response_l1_gain		observability		30.0	fewer than two clusters or outcome classes remain	0.15
validation_unavailable	disease_convergence									100.0	3.0	significant_and_absolute_z_at_least_2	significant_response_l1_gain		observability		50.0	disease labels are tied to the source study cluster resolution	0.15
validation_unavailable	disease_convergence									100.0	3.0	significant_and_absolute_z_at_least_2	significant_response_l1_gain		reproducibility		15.0	disease labels are tied to the source study cluster resolution	0.15
validation_unavailable	disease_convergence								disease_71_reproducibility	100.0	3.0	significant_and_absolute_z_at_least_2	significant_response_l1_gain		reproducibility		30.0	fewer than two clusters or outcome classes remain	0.15
validation_unavailable	disease_convergence									100.0	3.0	significant_and_absolute_z_at_least_2	significant_response_l1_gain		reproducibility		50.0	disease labels are tied to the source study cluster resolution	0.15
validation_unavailable	disease_convergence									100.0	3.0	significant_and_absolute_z_at_least_2	significant_response_l1_gain		no_state		15.0	disease labels are tied to the source study cluster resolution	0.15
validation_unavailable	disease_convergence								disease_71_no_state	100.0	3.0	significant_and_absolute_z_at_least_2	significant_response_l1_gain		no_state		30.0	fewer than two clusters or outcome classes remain	0.15
validation_unavailable	disease_convergence									100.0	3.0	significant_and_absolute_z_at_least_2	significant_response_l1_gain		no_state		50.0	disease labels are tied to the source study cluster resolution	0.15
validation_unavailable	disease_convergence									100.0	3.0	significant_and_absolute_z_at_least_2	significant_response_l1_gain		minimal		15.0	disease labels are tied to the source study cluster resolution	0.2
validation_unavailable	disease_convergence								disease_72_minimal	100.0	3.0	significant_and_absolute_z_at_least_2	significant_response_l1_gain		minimal		30.0	fewer than two clusters or outcome classes remain	0.2
validation_unavailable	disease_convergence									100.0	3.0	significant_and_absolute_z_at_least_2	significant_response_l1_gain		minimal		50.0	disease labels are tied to the source study cluster resolution	0.2
validation_unavailable	disease_convergence									100.0	3.0	significant_and_absolute_z_at_least_2	significant_response_l1_gain		observability		15.0	disease labels are tied to the source study cluster resolution	0.2
validation_unavailable	disease_convergence								disease_72_observability	100.0	3.0	significant_and_absolute_z_at_least_2	significant_response_l1_gain		observability		30.0	fewer than two clusters or outcome classes remain	0.2
validation_unavailable	disease_convergence									100.0	3.0	significant_and_absolute_z_at_least_2	significant_response_l1_gain		observability		50.0	disease labels are tied to the source study cluster resolution	0.2
validation_unavailable	disease_convergence									100.0	3.0	significant_and_absolute_z_at_least_2	significant_response_l1_gain		reproducibility		15.0	disease labels are tied to the source study cluster resolution	0.2
validation_unavailable	disease_convergence								disease_72_reproducibility	100.0	3.0	significant_and_absolute_z_at_least_2	significant_response_l1_gain		reproducibility		30.0	fewer than two clusters or outcome classes remain	0.2
validation_unavailable	disease_convergence									100.0	3.0	significant_and_absolute_z_at_least_2	significant_response_l1_gain		reproducibility		50.0	disease labels are tied to the source study cluster resolution	0.2
validation_unavailable	disease_convergence									100.0	3.0	significant_and_absolute_z_at_least_2	significant_response_l1_gain		no_state		15.0	disease labels are tied to the source study cluster resolution	0.2
validation_unavailable	disease_convergence								disease_72_no_state	100.0	3.0	significant_and_absolute_z_at_least_2	significant_response_l1_gain		no_state		30.0	fewer than two clusters or outcome classes remain	0.2
validation_unavailable	disease_convergence									100.0	3.0	significant_and_absolute_z_at_least_2	significant_response_l1_gain		no_state		50.0	disease labels are tied to the source study cluster resolution	0.2
validation_unavailable	disease_convergence									200.0	1.0	significant	distal_gene_count_residual		minimal		15.0	disease labels are tied to the source study cluster resolution	0.05
validation_unavailable	disease_convergence									200.0	1.0	significant	distal_gene_count_residual		minimal		50.0	disease labels are tied to the source study cluster resolution	0.05
validation_unavailable	disease_convergence									200.0	1.0	significant	distal_gene_count_residual		observability		15.0	disease labels are tied to the source study cluster resolution	0.05
validation_unavailable	disease_convergence									200.0	1.0	significant	distal_gene_count_residual		observability		50.0	disease labels are tied to the source study cluster resolution	0.05
validation_unavailable	disease_convergence									200.0	1.0	significant	distal_gene_count_residual		reproducibility		15.0	disease labels are tied to the source study cluster resolution	0.05
validation_unavailable	disease_convergence									200.0	1.0	significant	distal_gene_count_residual		reproducibility		50.0	disease labels are tied to the source study cluster resolution	0.05
validation_unavailable	disease_convergence									200.0	1.0	significant	distal_gene_count_residual		no_state		15.0	disease labels are tied to the source study cluster resolution	0.05
validation_unavailable	disease_convergence									200.0	1.0	significant	distal_gene_count_residual		no_state		50.0	disease labels are tied to the source study cluster resolution	0.05
validation_unavailable	disease_convergence									200.0	1.0	significant	distal_gene_count_residual		minimal		15.0	disease labels are tied to the source study cluster resolution	0.1
validation_unavailable	disease_convergence									200.0	1.0	significant	distal_gene_count_residual		minimal		50.0	disease labels are tied to the source study cluster resolution	0.1
validation_unavailable	disease_convergence									200.0	1.0	significant	distal_gene_count_residual		observability		15.0	disease labels are tied to the source study cluster resolution	0.1
validation_unavailable	disease_convergence									200.0	1.0	significant	distal_gene_count_residual		observability		50.0	disease labels are tied to the source study cluster resolution	0.1
validation_unavailable	disease_convergence									200.0	1.0	significant	distal_gene_count_residual		reproducibility		15.0	disease labels are tied to the source study cluster resolution	0.1
validation_unavailable	disease_convergence									200.0	1.0	significant	distal_gene_count_residual		reproducibility		50.0	disease labels are tied to the source study cluster resolution	0.1
validation_unavailable	disease_convergence									200.0	1.0	significant	distal_gene_count_residual		no_state		15.0	disease labels are tied to the source study cluster resolution	0.1
validation_unavailable	disease_convergence									200.0	1.0	significant	distal_gene_count_residual		no_state		50.0	disease labels are tied to the source study cluster resolution	0.1
validation_unavailable	disease_convergence									200.0	1.0	significant	distal_gene_count_residual		minimal		15.0	disease labels are tied to the source study cluster resolution	0.15
validation_unavailable	disease_convergence									200.0	1.0	significant	distal_gene_count_residual		minimal		50.0	disease labels are tied to the source study cluster resolution	0.15
validation_unavailable	disease_convergence									200.0	1.0	significant	distal_gene_count_residual		observability		15.0	disease labels are tied to the source study cluster resolution	0.15
validation_unavailable	disease_convergence									200.0	1.0	significant	distal_gene_count_residual		observability		50.0	disease labels are tied to the source study cluster resolution	0.15
validation_unavailable	disease_convergence									200.0	1.0	significant	distal_gene_count_residual		reproducibility		15.0	disease labels are tied to the source study cluster resolution	0.15
validation_unavailable	disease_convergence									200.0	1.0	significant	distal_gene_count_residual		reproducibility		50.0	disease labels are tied to the source study cluster resolution	0.15
validation_unavailable	disease_convergence									200.0	1.0	significant	distal_gene_count_residual		no_state		15.0	disease labels are tied to the source study cluster resolution	0.15
validation_unavailable	disease_convergence									200.0	1.0	significant	distal_gene_count_residual		no_state		50.0	disease labels are tied to the source study cluster resolution	0.15
validation_unavailable	disease_convergence									200.0	1.0	significant	distal_gene_count_residual		minimal		15.0	disease labels are tied to the source study cluster resolution	0.2
validation_unavailable	disease_convergence									200.0	1.0	significant	distal_gene_count_residual		minimal		50.0	disease labels are tied to the source study cluster resolution	0.2
validation_unavailable	disease_convergence									200.0	1.0	significant	distal_gene_count_residual		observability		15.0	disease labels are tied to the source study cluster resolution	0.2
validation_unavailable	disease_convergence									200.0	1.0	significant	distal_gene_count_residual		observability		50.0	disease labels are tied to the source study cluster resolution	0.2
validation_unavailable	disease_convergence									200.0	1.0	significant	distal_gene_count_residual		reproducibility		15.0	disease labels are tied to the source study cluster resolution	0.2
validation_unavailable	disease_convergence									200.0	1.0	significant	distal_gene_count_residual		reproducibility		50.0	disease labels are tied to the source study cluster resolution	0.2
validation_unavailable	disease_convergence									200.0	1.0	significant	distal_gene_count_residual		no_state		15.0	disease labels are tied to the source study cluster resolution	0.2
validation_unavailable	disease_convergence									200.0	1.0	significant	distal_gene_count_residual		no_state		50.0	disease labels are tied to the source study cluster resolution	0.2
validation_unavailable	disease_convergence									200.0	1.0	significant	debiased_response_l2_gain		minimal		15.0	disease labels are tied to the source study cluster resolution	0.05
validation_unavailable	disease_convergence									200.0	1.0	significant	debiased_response_l2_gain		minimal		50.0	disease labels are tied to the source study cluster resolution	0.05
validation_unavailable	disease_convergence									200.0	1.0	significant	debiased_response_l2_gain		observability		15.0	disease labels are tied to the source study cluster resolution	0.05
validation_unavailable	disease_convergence									200.0	1.0	significant	debiased_response_l2_gain		observability		50.0	disease labels are tied to the source study cluster resolution	0.05
validation_unavailable	disease_convergence									200.0	1.0	significant	debiased_response_l2_gain		reproducibility		15.0	disease labels are tied to the source study cluster resolution	0.05
validation_unavailable	disease_convergence									200.0	1.0	significant	debiased_response_l2_gain		reproducibility		50.0	disease labels are tied to the source study cluster resolution	0.05
validation_unavailable	disease_convergence									200.0	1.0	significant	debiased_response_l2_gain		no_state		15.0	disease labels are tied to the source study cluster resolution	0.05
validation_unavailable	disease_convergence									200.0	1.0	significant	debiased_response_l2_gain		no_state		50.0	disease labels are tied to the source study cluster resolution	0.05
validation_unavailable	disease_convergence									200.0	1.0	significant	debiased_response_l2_gain		minimal		15.0	disease labels are tied to the source study cluster resolution	0.1
validation_unavailable	disease_convergence									200.0	1.0	significant	debiased_response_l2_gain		minimal		50.0	disease labels are tied to the source study cluster resolution	0.1
validation_unavailable	disease_convergence									200.0	1.0	significant	debiased_response_l2_gain		observability		15.0	disease labels are tied to the source study cluster resolution	0.1
validation_unavailable	disease_convergence									200.0	1.0	significant	debiased_response_l2_gain		observability		50.0	disease labels are tied to the source study cluster resolution	0.1
validation_unavailable	disease_convergence									200.0	1.0	significant	debiased_response_l2_gain		reproducibility		15.0	disease labels are tied to the source study cluster resolution	0.1
validation_unavailable	disease_convergence									200.0	1.0	significant	debiased_response_l2_gain		reproducibility		50.0	disease labels are tied to the source study cluster resolution	0.1
validation_unavailable	disease_convergence									200.0	1.0	significant	debiased_response_l2_gain		no_state		15.0	disease labels are tied to the source study cluster resolution	0.1
validation_unavailable	disease_convergence									200.0	1.0	significant	debiased_response_l2_gain		no_state		50.0	disease labels are tied to the source study cluster resolution	0.1
validation_unavailable	disease_convergence									200.0	1.0	significant	debiased_response_l2_gain		minimal		15.0	disease labels are tied to the source study cluster resolution	0.15
validation_unavailable	disease_convergence									200.0	1.0	significant	debiased_response_l2_gain		minimal		50.0	disease labels are tied to the source study cluster resolution	0.15
validation_unavailable	disease_convergence									200.0	1.0	significant	debiased_response_l2_gain		observability		15.0	disease labels are tied to the source study cluster resolution	0.15
validation_unavailable	disease_convergence									200.0	1.0	significant	debiased_response_l2_gain		observability		50.0	disease labels are tied to the source study cluster resolution	0.15
validation_unavailable	disease_convergence									200.0	1.0	significant	debiased_response_l2_gain		reproducibility		15.0	disease labels are tied to the source study cluster resolution	0.15
validation_unavailable	disease_convergence									200.0	1.0	significant	debiased_response_l2_gain		reproducibility		50.0	disease labels are tied to the source study cluster resolution	0.15
validation_unavailable	disease_convergence									200.0	1.0	significant	debiased_response_l2_gain		no_state		15.0	disease labels are tied to the source study cluster resolution	0.15
validation_unavailable	disease_convergence									200.0	1.0	significant	debiased_response_l2_gain		no_state		50.0	disease labels are tied to the source study cluster resolution	0.15
validation_unavailable	disease_convergence									200.0	1.0	significant	debiased_response_l2_gain		minimal		15.0	disease labels are tied to the source study cluster resolution	0.2
validation_unavailable	disease_convergence									200.0	1.0	significant	debiased_response_l2_gain		minimal		50.0	disease labels are tied to the source study cluster resolution	0.2
validation_unavailable	disease_convergence									200.0	1.0	significant	debiased_response_l2_gain		observability		15.0	disease labels are tied to the source study cluster resolution	0.2
validation_unavailable	disease_convergence									200.0	1.0	significant	debiased_response_l2_gain		observability		50.0	disease labels are tied to the source study cluster resolution	0.2
validation_unavailable	disease_convergence									200.0	1.0	significant	debiased_response_l2_gain		reproducibility		15.0	disease labels are tied to the source study cluster resolution	0.2
validation_unavailable	disease_convergence									200.0	1.0	significant	debiased_response_l2_gain		reproducibility		50.0	disease labels are tied to the source study cluster resolution	0.2
validation_unavailable	disease_convergence									200.0	1.0	significant	debiased_response_l2_gain		no_state		15.0	disease labels are tied to the source study cluster resolution	0.2
validation_unavailable	disease_convergence									200.0	1.0	significant	debiased_response_l2_gain		no_state		50.0	disease labels are tied to the source study cluster resolution	0.2
validation_unavailable	disease_convergence									200.0	1.0	significant	significant_response_l1_gain		minimal		15.0	disease labels are tied to the source study cluster resolution	0.05
validation_unavailable	disease_convergence									200.0	1.0	significant	significant_response_l1_gain		minimal		50.0	disease labels are tied to the source study cluster resolution	0.05
validation_unavailable	disease_convergence									200.0	1.0	significant	significant_response_l1_gain		observability		15.0	disease labels are tied to the source study cluster resolution	0.05
validation_unavailable	disease_convergence									200.0	1.0	significant	significant_response_l1_gain		observability		50.0	disease labels are tied to the source study cluster resolution	0.05
validation_unavailable	disease_convergence									200.0	1.0	significant	significant_response_l1_gain		reproducibility		15.0	disease labels are tied to the source study cluster resolution	0.05
validation_unavailable	disease_convergence									200.0	1.0	significant	significant_response_l1_gain		reproducibility		50.0	disease labels are tied to the source study cluster resolution	0.05
validation_unavailable	disease_convergence									200.0	1.0	significant	significant_response_l1_gain		no_state		15.0	disease labels are tied to the source study cluster resolution	0.05
validation_unavailable	disease_convergence									200.0	1.0	significant	significant_response_l1_gain		no_state		50.0	disease labels are tied to the source study cluster resolution	0.05
validation_unavailable	disease_convergence									200.0	1.0	significant	significant_response_l1_gain		minimal		15.0	disease labels are tied to the source study cluster resolution	0.1
validation_unavailable	disease_convergence									200.0	1.0	significant	significant_response_l1_gain		minimal		50.0	disease labels are tied to the source study cluster resolution	0.1
validation_unavailable	disease_convergence									200.0	1.0	significant	significant_response_l1_gain		observability		15.0	disease labels are tied to the source study cluster resolution	0.1
validation_unavailable	disease_convergence									200.0	1.0	significant	significant_response_l1_gain		observability		50.0	disease labels are tied to the source study cluster resolution	0.1
validation_unavailable	disease_convergence									200.0	1.0	significant	significant_response_l1_gain		reproducibility		15.0	disease labels are tied to the source study cluster resolution	0.1
validation_unavailable	disease_convergence									200.0	1.0	significant	significant_response_l1_gain		reproducibility		50.0	disease labels are tied to the source study cluster resolution	0.1
validation_unavailable	disease_convergence									200.0	1.0	significant	significant_response_l1_gain		no_state		15.0	disease labels are tied to the source study cluster resolution	0.1
validation_unavailable	disease_convergence									200.0	1.0	significant	significant_response_l1_gain		no_state		50.0	disease labels are tied to the source study cluster resolution	0.1
validation_unavailable	disease_convergence									200.0	1.0	significant	significant_response_l1_gain		minimal		15.0	disease labels are tied to the source study cluster resolution	0.15
validation_unavailable	disease_convergence									200.0	1.0	significant	significant_response_l1_gain		minimal		50.0	disease labels are tied to the source study cluster resolution	0.15
validation_unavailable	disease_convergence									200.0	1.0	significant	significant_response_l1_gain		observability		15.0	disease labels are tied to the source study cluster resolution	0.15
validation_unavailable	disease_convergence									200.0	1.0	significant	significant_response_l1_gain		observability		50.0	disease labels are tied to the source study cluster resolution	0.15
validation_unavailable	disease_convergence									200.0	1.0	significant	significant_response_l1_gain		reproducibility		15.0	disease labels are tied to the source study cluster resolution	0.15
validation_unavailable	disease_convergence									200.0	1.0	significant	significant_response_l1_gain		reproducibility		50.0	disease labels are tied to the source study cluster resolution	0.15
validation_unavailable	disease_convergence									200.0	1.0	significant	significant_response_l1_gain		no_state		15.0	disease labels are tied to the source study cluster resolution	0.15
validation_unavailable	disease_convergence									200.0	1.0	significant	significant_response_l1_gain		no_state		50.0	disease labels are tied to the source study cluster resolution	0.15
validation_unavailable	disease_convergence									200.0	1.0	significant	significant_response_l1_gain		minimal		15.0	disease labels are tied to the source study cluster resolution	0.2
validation_unavailable	disease_convergence									200.0	1.0	significant	significant_response_l1_gain		minimal		50.0	disease labels are tied to the source study cluster resolution	0.2
validation_unavailable	disease_convergence									200.0	1.0	significant	significant_response_l1_gain		observability		15.0	disease labels are tied to the source study cluster resolution	0.2
validation_unavailable	disease_convergence									200.0	1.0	significant	significant_response_l1_gain		observability		50.0	disease labels are tied to the source study cluster resolution	0.2
validation_unavailable	disease_convergence									200.0	1.0	significant	significant_response_l1_gain		reproducibility		15.0	disease labels are tied to the source study cluster resolution	0.2
validation_unavailable	disease_convergence									200.0	1.0	significant	significant_response_l1_gain		reproducibility		50.0	disease labels are tied to the source study cluster resolution	0.2
validation_unavailable	disease_convergence									200.0	1.0	significant	significant_response_l1_gain		no_state		15.0	disease labels are tied to the source study cluster resolution	0.2
validation_unavailable	disease_convergence									200.0	1.0	significant	significant_response_l1_gain		no_state		50.0	disease labels are tied to the source study cluster resolution	0.2
validation_unavailable	disease_convergence									200.0	1.0	significant_and_absolute_z_at_least_2	distal_gene_count_residual		minimal		15.0	disease labels are tied to the source study cluster resolution	0.05
validation_unavailable	disease_convergence									200.0	1.0	significant_and_absolute_z_at_least_2	distal_gene_count_residual		minimal		50.0	disease labels are tied to the source study cluster resolution	0.05
validation_unavailable	disease_convergence									200.0	1.0	significant_and_absolute_z_at_least_2	distal_gene_count_residual		observability		15.0	disease labels are tied to the source study cluster resolution	0.05
validation_unavailable	disease_convergence									200.0	1.0	significant_and_absolute_z_at_least_2	distal_gene_count_residual		observability		50.0	disease labels are tied to the source study cluster resolution	0.05
validation_unavailable	disease_convergence									200.0	1.0	significant_and_absolute_z_at_least_2	distal_gene_count_residual		reproducibility		15.0	disease labels are tied to the source study cluster resolution	0.05
validation_unavailable	disease_convergence									200.0	1.0	significant_and_absolute_z_at_least_2	distal_gene_count_residual		reproducibility		50.0	disease labels are tied to the source study cluster resolution	0.05
validation_unavailable	disease_convergence									200.0	1.0	significant_and_absolute_z_at_least_2	distal_gene_count_residual		no_state		15.0	disease labels are tied to the source study cluster resolution	0.05
validation_unavailable	disease_convergence									200.0	1.0	significant_and_absolute_z_at_least_2	distal_gene_count_residual		no_state		50.0	disease labels are tied to the source study cluster resolution	0.05
validation_unavailable	disease_convergence									200.0	1.0	significant_and_absolute_z_at_least_2	distal_gene_count_residual		minimal		15.0	disease labels are tied to the source study cluster resolution	0.1
validation_unavailable	disease_convergence									200.0	1.0	significant_and_absolute_z_at_least_2	distal_gene_count_residual		minimal		50.0	disease labels are tied to the source study cluster resolution	0.1
validation_unavailable	disease_convergence									200.0	1.0	significant_and_absolute_z_at_least_2	distal_gene_count_residual		observability		15.0	disease labels are tied to the source study cluster resolution	0.1
validation_unavailable	disease_convergence									200.0	1.0	significant_and_absolute_z_at_least_2	distal_gene_count_residual		observability		50.0	disease labels are tied to the source study cluster resolution	0.1
validation_unavailable	disease_convergence									200.0	1.0	significant_and_absolute_z_at_least_2	distal_gene_count_residual		reproducibility		15.0	disease labels are tied to the source study cluster resolution	0.1
validation_unavailable	disease_convergence									200.0	1.0	significant_and_absolute_z_at_least_2	distal_gene_count_residual		reproducibility		50.0	disease labels are tied to the source study cluster resolution	0.1
validation_unavailable	disease_convergence									200.0	1.0	significant_and_absolute_z_at_least_2	distal_gene_count_residual		no_state		15.0	disease labels are tied to the source study cluster resolution	0.1
validation_unavailable	disease_convergence									200.0	1.0	significant_and_absolute_z_at_least_2	distal_gene_count_residual		no_state		50.0	disease labels are tied to the source study cluster resolution	0.1
validation_unavailable	disease_convergence									200.0	1.0	significant_and_absolute_z_at_least_2	distal_gene_count_residual		minimal		15.0	disease labels are tied to the source study cluster resolution	0.15
validation_unavailable	disease_convergence									200.0	1.0	significant_and_absolute_z_at_least_2	distal_gene_count_residual		minimal		50.0	disease labels are tied to the source study cluster resolution	0.15
validation_unavailable	disease_convergence									200.0	1.0	significant_and_absolute_z_at_least_2	distal_gene_count_residual		observability		15.0	disease labels are tied to the source study cluster resolution	0.15
validation_unavailable	disease_convergence									200.0	1.0	significant_and_absolute_z_at_least_2	distal_gene_count_residual		observability		50.0	disease labels are tied to the source study cluster resolution	0.15
validation_unavailable	disease_convergence									200.0	1.0	significant_and_absolute_z_at_least_2	distal_gene_count_residual		reproducibility		15.0	disease labels are tied to the source study cluster resolution	0.15
validation_unavailable	disease_convergence									200.0	1.0	significant_and_absolute_z_at_least_2	distal_gene_count_residual		reproducibility		50.0	disease labels are tied to the source study cluster resolution	0.15
validation_unavailable	disease_convergence									200.0	1.0	significant_and_absolute_z_at_least_2	distal_gene_count_residual		no_state		15.0	disease labels are tied to the source study cluster resolution	0.15
validation_unavailable	disease_convergence									200.0	1.0	significant_and_absolute_z_at_least_2	distal_gene_count_residual		no_state		50.0	disease labels are tied to the source study cluster resolution	0.15
validation_unavailable	disease_convergence									200.0	1.0	significant_and_absolute_z_at_least_2	distal_gene_count_residual		minimal		15.0	disease labels are tied to the source study cluster resolution	0.2
validation_unavailable	disease_convergence									200.0	1.0	significant_and_absolute_z_at_least_2	distal_gene_count_residual		minimal		50.0	disease labels are tied to the source study cluster resolution	0.2
validation_unavailable	disease_convergence									200.0	1.0	significant_and_absolute_z_at_least_2	distal_gene_count_residual		observability		15.0	disease labels are tied to the source study cluster resolution	0.2
validation_unavailable	disease_convergence									200.0	1.0	significant_and_absolute_z_at_least_2	distal_gene_count_residual		observability		50.0	disease labels are tied to the source study cluster resolution	0.2
validation_unavailable	disease_convergence									200.0	1.0	significant_and_absolute_z_at_least_2	distal_gene_count_residual		reproducibility		15.0	disease labels are tied to the source study cluster resolution	0.2
validation_unavailable	disease_convergence									200.0	1.0	significant_and_absolute_z_at_least_2	distal_gene_count_residual		reproducibility		50.0	disease labels are tied to the source study cluster resolution	0.2
validation_unavailable	disease_convergence									200.0	1.0	significant_and_absolute_z_at_least_2	distal_gene_count_residual		no_state		15.0	disease labels are tied to the source study cluster resolution	0.2
validation_unavailable	disease_convergence									200.0	1.0	significant_and_absolute_z_at_least_2	distal_gene_count_residual		no_state		50.0	disease labels are tied to the source study cluster resolution	0.2
validation_unavailable	disease_convergence									200.0	1.0	significant_and_absolute_z_at_least_2	debiased_response_l2_gain		minimal		15.0	disease labels are tied to the source study cluster resolution	0.05
validation_unavailable	disease_convergence									200.0	1.0	significant_and_absolute_z_at_least_2	debiased_response_l2_gain		minimal		50.0	disease labels are tied to the source study cluster resolution	0.05
validation_unavailable	disease_convergence									200.0	1.0	significant_and_absolute_z_at_least_2	debiased_response_l2_gain		observability		15.0	disease labels are tied to the source study cluster resolution	0.05
validation_unavailable	disease_convergence									200.0	1.0	significant_and_absolute_z_at_least_2	debiased_response_l2_gain		observability		50.0	disease labels are tied to the source study cluster resolution	0.05
validation_unavailable	disease_convergence									200.0	1.0	significant_and_absolute_z_at_least_2	debiased_response_l2_gain		reproducibility		15.0	disease labels are tied to the source study cluster resolution	0.05
validation_unavailable	disease_convergence									200.0	1.0	significant_and_absolute_z_at_least_2	debiased_response_l2_gain		reproducibility		50.0	disease labels are tied to the source study cluster resolution	0.05
validation_unavailable	disease_convergence									200.0	1.0	significant_and_absolute_z_at_least_2	debiased_response_l2_gain		no_state		15.0	disease labels are tied to the source study cluster resolution	0.05
validation_unavailable	disease_convergence									200.0	1.0	significant_and_absolute_z_at_least_2	debiased_response_l2_gain		no_state		50.0	disease labels are tied to the source study cluster resolution	0.05
validation_unavailable	disease_convergence									200.0	1.0	significant_and_absolute_z_at_least_2	debiased_response_l2_gain		minimal		15.0	disease labels are tied to the source study cluster resolution	0.1
validation_unavailable	disease_convergence									200.0	1.0	significant_and_absolute_z_at_least_2	debiased_response_l2_gain		minimal		50.0	disease labels are tied to the source study cluster resolution	0.1
validation_unavailable	disease_convergence									200.0	1.0	significant_and_absolute_z_at_least_2	debiased_response_l2_gain		observability		15.0	disease labels are tied to the source study cluster resolution	0.1
validation_unavailable	disease_convergence									200.0	1.0	significant_and_absolute_z_at_least_2	debiased_response_l2_gain		observability		50.0	disease labels are tied to the source study cluster resolution	0.1
validation_unavailable	disease_convergence									200.0	1.0	significant_and_absolute_z_at_least_2	debiased_response_l2_gain		reproducibility		15.0	disease labels are tied to the source study cluster resolution	0.1
validation_unavailable	disease_convergence									200.0	1.0	significant_and_absolute_z_at_least_2	debiased_response_l2_gain		reproducibility		50.0	disease labels are tied to the source study cluster resolution	0.1
validation_unavailable	disease_convergence									200.0	1.0	significant_and_absolute_z_at_least_2	debiased_response_l2_gain		no_state		15.0	disease labels are tied to the source study cluster resolution	0.1
validation_unavailable	disease_convergence									200.0	1.0	significant_and_absolute_z_at_least_2	debiased_response_l2_gain		no_state		50.0	disease labels are tied to the source study cluster resolution	0.1
validation_unavailable	disease_convergence									200.0	1.0	significant_and_absolute_z_at_least_2	debiased_response_l2_gain		minimal		15.0	disease labels are tied to the source study cluster resolution	0.15
validation_unavailable	disease_convergence									200.0	1.0	significant_and_absolute_z_at_least_2	debiased_response_l2_gain		minimal		50.0	disease labels are tied to the source study cluster resolution	0.15
validation_unavailable	disease_convergence									200.0	1.0	significant_and_absolute_z_at_least_2	debiased_response_l2_gain		observability		15.0	disease labels are tied to the source study cluster resolution	0.15
validation_unavailable	disease_convergence									200.0	1.0	significant_and_absolute_z_at_least_2	debiased_response_l2_gain		observability		50.0	disease labels are tied to the source study cluster resolution	0.15
validation_unavailable	disease_convergence									200.0	1.0	significant_and_absolute_z_at_least_2	debiased_response_l2_gain		reproducibility		15.0	disease labels are tied to the source study cluster resolution	0.15
validation_unavailable	disease_convergence									200.0	1.0	significant_and_absolute_z_at_least_2	debiased_response_l2_gain		reproducibility		50.0	disease labels are tied to the source study cluster resolution	0.15
validation_unavailable	disease_convergence									200.0	1.0	significant_and_absolute_z_at_least_2	debiased_response_l2_gain		no_state		15.0	disease labels are tied to the source study cluster resolution	0.15
validation_unavailable	disease_convergence									200.0	1.0	significant_and_absolute_z_at_least_2	debiased_response_l2_gain		no_state		50.0	disease labels are tied to the source study cluster resolution	0.15
validation_unavailable	disease_convergence									200.0	1.0	significant_and_absolute_z_at_least_2	debiased_response_l2_gain		minimal		15.0	disease labels are tied to the source study cluster resolution	0.2
validation_unavailable	disease_convergence									200.0	1.0	significant_and_absolute_z_at_least_2	debiased_response_l2_gain		minimal		50.0	disease labels are tied to the source study cluster resolution	0.2
validation_unavailable	disease_convergence									200.0	1.0	significant_and_absolute_z_at_least_2	debiased_response_l2_gain		observability		15.0	disease labels are tied to the source study cluster resolution	0.2
validation_unavailable	disease_convergence									200.0	1.0	significant_and_absolute_z_at_least_2	debiased_response_l2_gain		observability		50.0	disease labels are tied to the source study cluster resolution	0.2
validation_unavailable	disease_convergence									200.0	1.0	significant_and_absolute_z_at_least_2	debiased_response_l2_gain		reproducibility		15.0	disease labels are tied to the source study cluster resolution	0.2
validation_unavailable	disease_convergence									200.0	1.0	significant_and_absolute_z_at_least_2	debiased_response_l2_gain		reproducibility		50.0	disease labels are tied to the source study cluster resolution	0.2
validation_unavailable	disease_convergence									200.0	1.0	significant_and_absolute_z_at_least_2	debiased_response_l2_gain		no_state		15.0	disease labels are tied to the source study cluster resolution	0.2
validation_unavailable	disease_convergence									200.0	1.0	significant_and_absolute_z_at_least_2	debiased_response_l2_gain		no_state		50.0	disease labels are tied to the source study cluster resolution	0.2
validation_unavailable	disease_convergence									200.0	1.0	significant_and_absolute_z_at_least_2	significant_response_l1_gain		minimal		15.0	disease labels are tied to the source study cluster resolution	0.05
validation_unavailable	disease_convergence									200.0	1.0	significant_and_absolute_z_at_least_2	significant_response_l1_gain		minimal		50.0	disease labels are tied to the source study cluster resolution	0.05
validation_unavailable	disease_convergence									200.0	1.0	significant_and_absolute_z_at_least_2	significant_response_l1_gain		observability		15.0	disease labels are tied to the source study cluster resolution	0.05
validation_unavailable	disease_convergence									200.0	1.0	significant_and_absolute_z_at_least_2	significant_response_l1_gain		observability		50.0	disease labels are tied to the source study cluster resolution	0.05
validation_unavailable	disease_convergence									200.0	1.0	significant_and_absolute_z_at_least_2	significant_response_l1_gain		reproducibility		15.0	disease labels are tied to the source study cluster resolution	0.05
validation_unavailable	disease_convergence									200.0	1.0	significant_and_absolute_z_at_least_2	significant_response_l1_gain		reproducibility		50.0	disease labels are tied to the source study cluster resolution	0.05
validation_unavailable	disease_convergence									200.0	1.0	significant_and_absolute_z_at_least_2	significant_response_l1_gain		no_state		15.0	disease labels are tied to the source study cluster resolution	0.05
validation_unavailable	disease_convergence									200.0	1.0	significant_and_absolute_z_at_least_2	significant_response_l1_gain		no_state		50.0	disease labels are tied to the source study cluster resolution	0.05
validation_unavailable	disease_convergence									200.0	1.0	significant_and_absolute_z_at_least_2	significant_response_l1_gain		minimal		15.0	disease labels are tied to the source study cluster resolution	0.1
validation_unavailable	disease_convergence									200.0	1.0	significant_and_absolute_z_at_least_2	significant_response_l1_gain		minimal		50.0	disease labels are tied to the source study cluster resolution	0.1
validation_unavailable	disease_convergence									200.0	1.0	significant_and_absolute_z_at_least_2	significant_response_l1_gain		observability		15.0	disease labels are tied to the source study cluster resolution	0.1
validation_unavailable	disease_convergence									200.0	1.0	significant_and_absolute_z_at_least_2	significant_response_l1_gain		observability		50.0	disease labels are tied to the source study cluster resolution	0.1
validation_unavailable	disease_convergence									200.0	1.0	significant_and_absolute_z_at_least_2	significant_response_l1_gain		reproducibility		15.0	disease labels are tied to the source study cluster resolution	0.1
validation_unavailable	disease_convergence									200.0	1.0	significant_and_absolute_z_at_least_2	significant_response_l1_gain		reproducibility		50.0	disease labels are tied to the source study cluster resolution	0.1
validation_unavailable	disease_convergence									200.0	1.0	significant_and_absolute_z_at_least_2	significant_response_l1_gain		no_state		15.0	disease labels are tied to the source study cluster resolution	0.1
validation_unavailable	disease_convergence									200.0	1.0	significant_and_absolute_z_at_least_2	significant_response_l1_gain		no_state		50.0	disease labels are tied to the source study cluster resolution	0.1
validation_unavailable	disease_convergence									200.0	1.0	significant_and_absolute_z_at_least_2	significant_response_l1_gain		minimal		15.0	disease labels are tied to the source study cluster resolution	0.15
validation_unavailable	disease_convergence									200.0	1.0	significant_and_absolute_z_at_least_2	significant_response_l1_gain		minimal		50.0	disease labels are tied to the source study cluster resolution	0.15
validation_unavailable	disease_convergence									200.0	1.0	significant_and_absolute_z_at_least_2	significant_response_l1_gain		observability		15.0	disease labels are tied to the source study cluster resolution	0.15
validation_unavailable	disease_convergence									200.0	1.0	significant_and_absolute_z_at_least_2	significant_response_l1_gain		observability		50.0	disease labels are tied to the source study cluster resolution	0.15
validation_unavailable	disease_convergence									200.0	1.0	significant_and_absolute_z_at_least_2	significant_response_l1_gain		reproducibility		15.0	disease labels are tied to the source study cluster resolution	0.15
validation_unavailable	disease_convergence									200.0	1.0	significant_and_absolute_z_at_least_2	significant_response_l1_gain		reproducibility		50.0	disease labels are tied to the source study cluster resolution	0.15
validation_unavailable	disease_convergence									200.0	1.0	significant_and_absolute_z_at_least_2	significant_response_l1_gain		no_state		15.0	disease labels are tied to the source study cluster resolution	0.15
validation_unavailable	disease_convergence									200.0	1.0	significant_and_absolute_z_at_least_2	significant_response_l1_gain		no_state		50.0	disease labels are tied to the source study cluster resolution	0.15
validation_unavailable	disease_convergence									200.0	1.0	significant_and_absolute_z_at_least_2	significant_response_l1_gain		minimal		15.0	disease labels are tied to the source study cluster resolution	0.2
validation_unavailable	disease_convergence									200.0	1.0	significant_and_absolute_z_at_least_2	significant_response_l1_gain		minimal		50.0	disease labels are tied to the source study cluster resolution	0.2
validation_unavailable	disease_convergence									200.0	1.0	significant_and_absolute_z_at_least_2	significant_response_l1_gain		observability		15.0	disease labels are tied to the source study cluster resolution	0.2
validation_unavailable	disease_convergence									200.0	1.0	significant_and_absolute_z_at_least_2	significant_response_l1_gain		observability		50.0	disease labels are tied to the source study cluster resolution	0.2
validation_unavailable	disease_convergence									200.0	1.0	significant_and_absolute_z_at_least_2	significant_response_l1_gain		reproducibility		15.0	disease labels are tied to the source study cluster resolution	0.2
validation_unavailable	disease_convergence									200.0	1.0	significant_and_absolute_z_at_least_2	significant_response_l1_gain		reproducibility		50.0	disease labels are tied to the source study cluster resolution	0.2
validation_unavailable	disease_convergence									200.0	1.0	significant_and_absolute_z_at_least_2	significant_response_l1_gain		no_state		15.0	disease labels are tied to the source study cluster resolution	0.2
validation_unavailable	disease_convergence									200.0	1.0	significant_and_absolute_z_at_least_2	significant_response_l1_gain		no_state		50.0	disease labels are tied to the source study cluster resolution	0.2
validation_unavailable	disease_convergence									200.0	2.0	significant	distal_gene_count_residual		minimal		15.0	disease labels are tied to the source study cluster resolution	0.05
validation_unavailable	disease_convergence									200.0	2.0	significant	distal_gene_count_residual		minimal		50.0	disease labels are tied to the source study cluster resolution	0.05
validation_unavailable	disease_convergence									200.0	2.0	significant	distal_gene_count_residual		observability		15.0	disease labels are tied to the source study cluster resolution	0.05
validation_unavailable	disease_convergence									200.0	2.0	significant	distal_gene_count_residual		observability		50.0	disease labels are tied to the source study cluster resolution	0.05
validation_unavailable	disease_convergence									200.0	2.0	significant	distal_gene_count_residual		reproducibility		15.0	disease labels are tied to the source study cluster resolution	0.05
validation_unavailable	disease_convergence									200.0	2.0	significant	distal_gene_count_residual		reproducibility		50.0	disease labels are tied to the source study cluster resolution	0.05
validation_unavailable	disease_convergence									200.0	2.0	significant	distal_gene_count_residual		no_state		15.0	disease labels are tied to the source study cluster resolution	0.05
validation_unavailable	disease_convergence									200.0	2.0	significant	distal_gene_count_residual		no_state		50.0	disease labels are tied to the source study cluster resolution	0.05
validation_unavailable	disease_convergence									200.0	2.0	significant	distal_gene_count_residual		minimal		15.0	disease labels are tied to the source study cluster resolution	0.1
validation_unavailable	disease_convergence									200.0	2.0	significant	distal_gene_count_residual		minimal		50.0	disease labels are tied to the source study cluster resolution	0.1
validation_unavailable	disease_convergence									200.0	2.0	significant	distal_gene_count_residual		observability		15.0	disease labels are tied to the source study cluster resolution	0.1
validation_unavailable	disease_convergence									200.0	2.0	significant	distal_gene_count_residual		observability		50.0	disease labels are tied to the source study cluster resolution	0.1
validation_unavailable	disease_convergence									200.0	2.0	significant	distal_gene_count_residual		reproducibility		15.0	disease labels are tied to the source study cluster resolution	0.1
validation_unavailable	disease_convergence									200.0	2.0	significant	distal_gene_count_residual		reproducibility		50.0	disease labels are tied to the source study cluster resolution	0.1
validation_unavailable	disease_convergence									200.0	2.0	significant	distal_gene_count_residual		no_state		15.0	disease labels are tied to the source study cluster resolution	0.1
validation_unavailable	disease_convergence									200.0	2.0	significant	distal_gene_count_residual		no_state		50.0	disease labels are tied to the source study cluster resolution	0.1
validation_unavailable	disease_convergence									200.0	2.0	significant	distal_gene_count_residual		minimal		15.0	disease labels are tied to the source study cluster resolution	0.15
validation_unavailable	disease_convergence									200.0	2.0	significant	distal_gene_count_residual		minimal		50.0	disease labels are tied to the source study cluster resolution	0.15
validation_unavailable	disease_convergence									200.0	2.0	significant	distal_gene_count_residual		observability		15.0	disease labels are tied to the source study cluster resolution	0.15
validation_unavailable	disease_convergence									200.0	2.0	significant	distal_gene_count_residual		observability		50.0	disease labels are tied to the source study cluster resolution	0.15
validation_unavailable	disease_convergence									200.0	2.0	significant	distal_gene_count_residual		reproducibility		15.0	disease labels are tied to the source study cluster resolution	0.15
validation_unavailable	disease_convergence									200.0	2.0	significant	distal_gene_count_residual		reproducibility		50.0	disease labels are tied to the source study cluster resolution	0.15
validation_unavailable	disease_convergence									200.0	2.0	significant	distal_gene_count_residual		no_state		15.0	disease labels are tied to the source study cluster resolution	0.15
validation_unavailable	disease_convergence									200.0	2.0	significant	distal_gene_count_residual		no_state		50.0	disease labels are tied to the source study cluster resolution	0.15
validation_unavailable	disease_convergence									200.0	2.0	significant	distal_gene_count_residual		minimal		15.0	disease labels are tied to the source study cluster resolution	0.2
validation_unavailable	disease_convergence									200.0	2.0	significant	distal_gene_count_residual		minimal		50.0	disease labels are tied to the source study cluster resolution	0.2
validation_unavailable	disease_convergence									200.0	2.0	significant	distal_gene_count_residual		observability		15.0	disease labels are tied to the source study cluster resolution	0.2
validation_unavailable	disease_convergence									200.0	2.0	significant	distal_gene_count_residual		observability		50.0	disease labels are tied to the source study cluster resolution	0.2
validation_unavailable	disease_convergence									200.0	2.0	significant	distal_gene_count_residual		reproducibility		15.0	disease labels are tied to the source study cluster resolution	0.2
validation_unavailable	disease_convergence									200.0	2.0	significant	distal_gene_count_residual		reproducibility		50.0	disease labels are tied to the source study cluster resolution	0.2
validation_unavailable	disease_convergence									200.0	2.0	significant	distal_gene_count_residual		no_state		15.0	disease labels are tied to the source study cluster resolution	0.2
validation_unavailable	disease_convergence									200.0	2.0	significant	distal_gene_count_residual		no_state		50.0	disease labels are tied to the source study cluster resolution	0.2
validation_unavailable	disease_convergence									200.0	2.0	significant	debiased_response_l2_gain		minimal		15.0	disease labels are tied to the source study cluster resolution	0.05
validation_unavailable	disease_convergence									200.0	2.0	significant	debiased_response_l2_gain		minimal		50.0	disease labels are tied to the source study cluster resolution	0.05
validation_unavailable	disease_convergence									200.0	2.0	significant	debiased_response_l2_gain		observability		15.0	disease labels are tied to the source study cluster resolution	0.05
validation_unavailable	disease_convergence									200.0	2.0	significant	debiased_response_l2_gain		observability		50.0	disease labels are tied to the source study cluster resolution	0.05
validation_unavailable	disease_convergence									200.0	2.0	significant	debiased_response_l2_gain		reproducibility		15.0	disease labels are tied to the source study cluster resolution	0.05
validation_unavailable	disease_convergence									200.0	2.0	significant	debiased_response_l2_gain		reproducibility		50.0	disease labels are tied to the source study cluster resolution	0.05
validation_unavailable	disease_convergence									200.0	2.0	significant	debiased_response_l2_gain		no_state		15.0	disease labels are tied to the source study cluster resolution	0.05
validation_unavailable	disease_convergence									200.0	2.0	significant	debiased_response_l2_gain		no_state		50.0	disease labels are tied to the source study cluster resolution	0.05
validation_unavailable	disease_convergence									200.0	2.0	significant	debiased_response_l2_gain		minimal		15.0	disease labels are tied to the source study cluster resolution	0.1
validation_unavailable	disease_convergence									200.0	2.0	significant	debiased_response_l2_gain		minimal		50.0	disease labels are tied to the source study cluster resolution	0.1
validation_unavailable	disease_convergence									200.0	2.0	significant	debiased_response_l2_gain		observability		15.0	disease labels are tied to the source study cluster resolution	0.1
validation_unavailable	disease_convergence									200.0	2.0	significant	debiased_response_l2_gain		observability		50.0	disease labels are tied to the source study cluster resolution	0.1
validation_unavailable	disease_convergence									200.0	2.0	significant	debiased_response_l2_gain		reproducibility		15.0	disease labels are tied to the source study cluster resolution	0.1
validation_unavailable	disease_convergence									200.0	2.0	significant	debiased_response_l2_gain		reproducibility		50.0	disease labels are tied to the source study cluster resolution	0.1
validation_unavailable	disease_convergence									200.0	2.0	significant	debiased_response_l2_gain		no_state		15.0	disease labels are tied to the source study cluster resolution	0.1
validation_unavailable	disease_convergence									200.0	2.0	significant	debiased_response_l2_gain		no_state		50.0	disease labels are tied to the source study cluster resolution	0.1
validation_unavailable	disease_convergence									200.0	2.0	significant	debiased_response_l2_gain		minimal		15.0	disease labels are tied to the source study cluster resolution	0.15
validation_unavailable	disease_convergence									200.0	2.0	significant	debiased_response_l2_gain		minimal		50.0	disease labels are tied to the source study cluster resolution	0.15
validation_unavailable	disease_convergence									200.0	2.0	significant	debiased_response_l2_gain		observability		15.0	disease labels are tied to the source study cluster resolution	0.15
validation_unavailable	disease_convergence									200.0	2.0	significant	debiased_response_l2_gain		observability		50.0	disease labels are tied to the source study cluster resolution	0.15
validation_unavailable	disease_convergence									200.0	2.0	significant	debiased_response_l2_gain		reproducibility		15.0	disease labels are tied to the source study cluster resolution	0.15
validation_unavailable	disease_convergence									200.0	2.0	significant	debiased_response_l2_gain		reproducibility		50.0	disease labels are tied to the source study cluster resolution	0.15
validation_unavailable	disease_convergence									200.0	2.0	significant	debiased_response_l2_gain		no_state		15.0	disease labels are tied to the source study cluster resolution	0.15
validation_unavailable	disease_convergence									200.0	2.0	significant	debiased_response_l2_gain		no_state		50.0	disease labels are tied to the source study cluster resolution	0.15
validation_unavailable	disease_convergence									200.0	2.0	significant	debiased_response_l2_gain		minimal		15.0	disease labels are tied to the source study cluster resolution	0.2
validation_unavailable	disease_convergence									200.0	2.0	significant	debiased_response_l2_gain		minimal		50.0	disease labels are tied to the source study cluster resolution	0.2
validation_unavailable	disease_convergence									200.0	2.0	significant	debiased_response_l2_gain		observability		15.0	disease labels are tied to the source study cluster resolution	0.2
validation_unavailable	disease_convergence									200.0	2.0	significant	debiased_response_l2_gain		observability		50.0	disease labels are tied to the source study cluster resolution	0.2
validation_unavailable	disease_convergence									200.0	2.0	significant	debiased_response_l2_gain		reproducibility		15.0	disease labels are tied to the source study cluster resolution	0.2
validation_unavailable	disease_convergence									200.0	2.0	significant	debiased_response_l2_gain		reproducibility		50.0	disease labels are tied to the source study cluster resolution	0.2
validation_unavailable	disease_convergence									200.0	2.0	significant	debiased_response_l2_gain		no_state		15.0	disease labels are tied to the source study cluster resolution	0.2
validation_unavailable	disease_convergence									200.0	2.0	significant	debiased_response_l2_gain		no_state		50.0	disease labels are tied to the source study cluster resolution	0.2
validation_unavailable	disease_convergence									200.0	2.0	significant	significant_response_l1_gain		minimal		15.0	disease labels are tied to the source study cluster resolution	0.05
validation_unavailable	disease_convergence									200.0	2.0	significant	significant_response_l1_gain		minimal		50.0	disease labels are tied to the source study cluster resolution	0.05
validation_unavailable	disease_convergence									200.0	2.0	significant	significant_response_l1_gain		observability		15.0	disease labels are tied to the source study cluster resolution	0.05
validation_unavailable	disease_convergence									200.0	2.0	significant	significant_response_l1_gain		observability		50.0	disease labels are tied to the source study cluster resolution	0.05
validation_unavailable	disease_convergence									200.0	2.0	significant	significant_response_l1_gain		reproducibility		15.0	disease labels are tied to the source study cluster resolution	0.05
validation_unavailable	disease_convergence									200.0	2.0	significant	significant_response_l1_gain		reproducibility		50.0	disease labels are tied to the source study cluster resolution	0.05
validation_unavailable	disease_convergence									200.0	2.0	significant	significant_response_l1_gain		no_state		15.0	disease labels are tied to the source study cluster resolution	0.05
validation_unavailable	disease_convergence									200.0	2.0	significant	significant_response_l1_gain		no_state		50.0	disease labels are tied to the source study cluster resolution	0.05
validation_unavailable	disease_convergence									200.0	2.0	significant	significant_response_l1_gain		minimal		15.0	disease labels are tied to the source study cluster resolution	0.1
validation_unavailable	disease_convergence									200.0	2.0	significant	significant_response_l1_gain		minimal		50.0	disease labels are tied to the source study cluster resolution	0.1
validation_unavailable	disease_convergence									200.0	2.0	significant	significant_response_l1_gain		observability		15.0	disease labels are tied to the source study cluster resolution	0.1
validation_unavailable	disease_convergence									200.0	2.0	significant	significant_response_l1_gain		observability		50.0	disease labels are tied to the source study cluster resolution	0.1
validation_unavailable	disease_convergence									200.0	2.0	significant	significant_response_l1_gain		reproducibility		15.0	disease labels are tied to the source study cluster resolution	0.1
validation_unavailable	disease_convergence									200.0	2.0	significant	significant_response_l1_gain		reproducibility		50.0	disease labels are tied to the source study cluster resolution	0.1
validation_unavailable	disease_convergence									200.0	2.0	significant	significant_response_l1_gain		no_state		15.0	disease labels are tied to the source study cluster resolution	0.1
validation_unavailable	disease_convergence									200.0	2.0	significant	significant_response_l1_gain		no_state		50.0	disease labels are tied to the source study cluster resolution	0.1
validation_unavailable	disease_convergence									200.0	2.0	significant	significant_response_l1_gain		minimal		15.0	disease labels are tied to the source study cluster resolution	0.15
validation_unavailable	disease_convergence									200.0	2.0	significant	significant_response_l1_gain		minimal		50.0	disease labels are tied to the source study cluster resolution	0.15
validation_unavailable	disease_convergence									200.0	2.0	significant	significant_response_l1_gain		observability		15.0	disease labels are tied to the source study cluster resolution	0.15
validation_unavailable	disease_convergence									200.0	2.0	significant	significant_response_l1_gain		observability		50.0	disease labels are tied to the source study cluster resolution	0.15
validation_unavailable	disease_convergence									200.0	2.0	significant	significant_response_l1_gain		reproducibility		15.0	disease labels are tied to the source study cluster resolution	0.15
validation_unavailable	disease_convergence									200.0	2.0	significant	significant_response_l1_gain		reproducibility		50.0	disease labels are tied to the source study cluster resolution	0.15
validation_unavailable	disease_convergence									200.0	2.0	significant	significant_response_l1_gain		no_state		15.0	disease labels are tied to the source study cluster resolution	0.15
validation_unavailable	disease_convergence									200.0	2.0	significant	significant_response_l1_gain		no_state		50.0	disease labels are tied to the source study cluster resolution	0.15
validation_unavailable	disease_convergence									200.0	2.0	significant	significant_response_l1_gain		minimal		15.0	disease labels are tied to the source study cluster resolution	0.2
validation_unavailable	disease_convergence									200.0	2.0	significant	significant_response_l1_gain		minimal		50.0	disease labels are tied to the source study cluster resolution	0.2
validation_unavailable	disease_convergence									200.0	2.0	significant	significant_response_l1_gain		observability		15.0	disease labels are tied to the source study cluster resolution	0.2
validation_unavailable	disease_convergence									200.0	2.0	significant	significant_response_l1_gain		observability		50.0	disease labels are tied to the source study cluster resolution	0.2
validation_unavailable	disease_convergence									200.0	2.0	significant	significant_response_l1_gain		reproducibility		15.0	disease labels are tied to the source study cluster resolution	0.2
validation_unavailable	disease_convergence									200.0	2.0	significant	significant_response_l1_gain		reproducibility		50.0	disease labels are tied to the source study cluster resolution	0.2
validation_unavailable	disease_convergence									200.0	2.0	significant	significant_response_l1_gain		no_state		15.0	disease labels are tied to the source study cluster resolution	0.2
validation_unavailable	disease_convergence									200.0	2.0	significant	significant_response_l1_gain		no_state		50.0	disease labels are tied to the source study cluster resolution	0.2
validation_unavailable	disease_convergence									200.0	2.0	significant_and_absolute_z_at_least_2	distal_gene_count_residual		minimal		15.0	disease labels are tied to the source study cluster resolution	0.05
validation_unavailable	disease_convergence									200.0	2.0	significant_and_absolute_z_at_least_2	distal_gene_count_residual		minimal		50.0	disease labels are tied to the source study cluster resolution	0.05
validation_unavailable	disease_convergence									200.0	2.0	significant_and_absolute_z_at_least_2	distal_gene_count_residual		observability		15.0	disease labels are tied to the source study cluster resolution	0.05
validation_unavailable	disease_convergence									200.0	2.0	significant_and_absolute_z_at_least_2	distal_gene_count_residual		observability		50.0	disease labels are tied to the source study cluster resolution	0.05
validation_unavailable	disease_convergence									200.0	2.0	significant_and_absolute_z_at_least_2	distal_gene_count_residual		reproducibility		15.0	disease labels are tied to the source study cluster resolution	0.05
validation_unavailable	disease_convergence									200.0	2.0	significant_and_absolute_z_at_least_2	distal_gene_count_residual		reproducibility		50.0	disease labels are tied to the source study cluster resolution	0.05
validation_unavailable	disease_convergence									200.0	2.0	significant_and_absolute_z_at_least_2	distal_gene_count_residual		no_state		15.0	disease labels are tied to the source study cluster resolution	0.05
validation_unavailable	disease_convergence									200.0	2.0	significant_and_absolute_z_at_least_2	distal_gene_count_residual		no_state		50.0	disease labels are tied to the source study cluster resolution	0.05
validation_unavailable	disease_convergence									200.0	2.0	significant_and_absolute_z_at_least_2	distal_gene_count_residual		minimal		15.0	disease labels are tied to the source study cluster resolution	0.1
validation_unavailable	disease_convergence									200.0	2.0	significant_and_absolute_z_at_least_2	distal_gene_count_residual		minimal		50.0	disease labels are tied to the source study cluster resolution	0.1
validation_unavailable	disease_convergence									200.0	2.0	significant_and_absolute_z_at_least_2	distal_gene_count_residual		observability		15.0	disease labels are tied to the source study cluster resolution	0.1
validation_unavailable	disease_convergence									200.0	2.0	significant_and_absolute_z_at_least_2	distal_gene_count_residual		observability		50.0	disease labels are tied to the source study cluster resolution	0.1
validation_unavailable	disease_convergence									200.0	2.0	significant_and_absolute_z_at_least_2	distal_gene_count_residual		reproducibility		15.0	disease labels are tied to the source study cluster resolution	0.1
validation_unavailable	disease_convergence									200.0	2.0	significant_and_absolute_z_at_least_2	distal_gene_count_residual		reproducibility		50.0	disease labels are tied to the source study cluster resolution	0.1
validation_unavailable	disease_convergence									200.0	2.0	significant_and_absolute_z_at_least_2	distal_gene_count_residual		no_state		15.0	disease labels are tied to the source study cluster resolution	0.1
validation_unavailable	disease_convergence									200.0	2.0	significant_and_absolute_z_at_least_2	distal_gene_count_residual		no_state		50.0	disease labels are tied to the source study cluster resolution	0.1
validation_unavailable	disease_convergence									200.0	2.0	significant_and_absolute_z_at_least_2	distal_gene_count_residual		minimal		15.0	disease labels are tied to the source study cluster resolution	0.15
validation_unavailable	disease_convergence									200.0	2.0	significant_and_absolute_z_at_least_2	distal_gene_count_residual		minimal		50.0	disease labels are tied to the source study cluster resolution	0.15
validation_unavailable	disease_convergence									200.0	2.0	significant_and_absolute_z_at_least_2	distal_gene_count_residual		observability		15.0	disease labels are tied to the source study cluster resolution	0.15
validation_unavailable	disease_convergence									200.0	2.0	significant_and_absolute_z_at_least_2	distal_gene_count_residual		observability		50.0	disease labels are tied to the source study cluster resolution	0.15
validation_unavailable	disease_convergence									200.0	2.0	significant_and_absolute_z_at_least_2	distal_gene_count_residual		reproducibility		15.0	disease labels are tied to the source study cluster resolution	0.15
validation_unavailable	disease_convergence									200.0	2.0	significant_and_absolute_z_at_least_2	distal_gene_count_residual		reproducibility		50.0	disease labels are tied to the source study cluster resolution	0.15
validation_unavailable	disease_convergence									200.0	2.0	significant_and_absolute_z_at_least_2	distal_gene_count_residual		no_state		15.0	disease labels are tied to the source study cluster resolution	0.15
validation_unavailable	disease_convergence									200.0	2.0	significant_and_absolute_z_at_least_2	distal_gene_count_residual		no_state		50.0	disease labels are tied to the source study cluster resolution	0.15
validation_unavailable	disease_convergence									200.0	2.0	significant_and_absolute_z_at_least_2	distal_gene_count_residual		minimal		15.0	disease labels are tied to the source study cluster resolution	0.2
validation_unavailable	disease_convergence									200.0	2.0	significant_and_absolute_z_at_least_2	distal_gene_count_residual		minimal		50.0	disease labels are tied to the source study cluster resolution	0.2
validation_unavailable	disease_convergence									200.0	2.0	significant_and_absolute_z_at_least_2	distal_gene_count_residual		observability		15.0	disease labels are tied to the source study cluster resolution	0.2
validation_unavailable	disease_convergence									200.0	2.0	significant_and_absolute_z_at_least_2	distal_gene_count_residual		observability		50.0	disease labels are tied to the source study cluster resolution	0.2
validation_unavailable	disease_convergence									200.0	2.0	significant_and_absolute_z_at_least_2	distal_gene_count_residual		reproducibility		15.0	disease labels are tied to the source study cluster resolution	0.2
validation_unavailable	disease_convergence									200.0	2.0	significant_and_absolute_z_at_least_2	distal_gene_count_residual		reproducibility		50.0	disease labels are tied to the source study cluster resolution	0.2
validation_unavailable	disease_convergence									200.0	2.0	significant_and_absolute_z_at_least_2	distal_gene_count_residual		no_state		15.0	disease labels are tied to the source study cluster resolution	0.2
validation_unavailable	disease_convergence									200.0	2.0	significant_and_absolute_z_at_least_2	distal_gene_count_residual		no_state		50.0	disease labels are tied to the source study cluster resolution	0.2
validation_unavailable	disease_convergence									200.0	2.0	significant_and_absolute_z_at_least_2	debiased_response_l2_gain		minimal		15.0	disease labels are tied to the source study cluster resolution	0.05
validation_unavailable	disease_convergence									200.0	2.0	significant_and_absolute_z_at_least_2	debiased_response_l2_gain		minimal		50.0	disease labels are tied to the source study cluster resolution	0.05
validation_unavailable	disease_convergence									200.0	2.0	significant_and_absolute_z_at_least_2	debiased_response_l2_gain		observability		15.0	disease labels are tied to the source study cluster resolution	0.05
validation_unavailable	disease_convergence									200.0	2.0	significant_and_absolute_z_at_least_2	debiased_response_l2_gain		observability		50.0	disease labels are tied to the source study cluster resolution	0.05
validation_unavailable	disease_convergence									200.0	2.0	significant_and_absolute_z_at_least_2	debiased_response_l2_gain		reproducibility		15.0	disease labels are tied to the source study cluster resolution	0.05
validation_unavailable	disease_convergence									200.0	2.0	significant_and_absolute_z_at_least_2	debiased_response_l2_gain		reproducibility		50.0	disease labels are tied to the source study cluster resolution	0.05
validation_unavailable	disease_convergence									200.0	2.0	significant_and_absolute_z_at_least_2	debiased_response_l2_gain		no_state		15.0	disease labels are tied to the source study cluster resolution	0.05
validation_unavailable	disease_convergence									200.0	2.0	significant_and_absolute_z_at_least_2	debiased_response_l2_gain		no_state		50.0	disease labels are tied to the source study cluster resolution	0.05
validation_unavailable	disease_convergence									200.0	2.0	significant_and_absolute_z_at_least_2	debiased_response_l2_gain		minimal		15.0	disease labels are tied to the source study cluster resolution	0.1
validation_unavailable	disease_convergence									200.0	2.0	significant_and_absolute_z_at_least_2	debiased_response_l2_gain		minimal		50.0	disease labels are tied to the source study cluster resolution	0.1
validation_unavailable	disease_convergence									200.0	2.0	significant_and_absolute_z_at_least_2	debiased_response_l2_gain		observability		15.0	disease labels are tied to the source study cluster resolution	0.1
validation_unavailable	disease_convergence									200.0	2.0	significant_and_absolute_z_at_least_2	debiased_response_l2_gain		observability		50.0	disease labels are tied to the source study cluster resolution	0.1
validation_unavailable	disease_convergence									200.0	2.0	significant_and_absolute_z_at_least_2	debiased_response_l2_gain		reproducibility		15.0	disease labels are tied to the source study cluster resolution	0.1
validation_unavailable	disease_convergence									200.0	2.0	significant_and_absolute_z_at_least_2	debiased_response_l2_gain		reproducibility		50.0	disease labels are tied to the source study cluster resolution	0.1
validation_unavailable	disease_convergence									200.0	2.0	significant_and_absolute_z_at_least_2	debiased_response_l2_gain		no_state		15.0	disease labels are tied to the source study cluster resolution	0.1
validation_unavailable	disease_convergence									200.0	2.0	significant_and_absolute_z_at_least_2	debiased_response_l2_gain		no_state		50.0	disease labels are tied to the source study cluster resolution	0.1
validation_unavailable	disease_convergence									200.0	2.0	significant_and_absolute_z_at_least_2	debiased_response_l2_gain		minimal		15.0	disease labels are tied to the source study cluster resolution	0.15
validation_unavailable	disease_convergence									200.0	2.0	significant_and_absolute_z_at_least_2	debiased_response_l2_gain		minimal		50.0	disease labels are tied to the source study cluster resolution	0.15
validation_unavailable	disease_convergence									200.0	2.0	significant_and_absolute_z_at_least_2	debiased_response_l2_gain		observability		15.0	disease labels are tied to the source study cluster resolution	0.15
validation_unavailable	disease_convergence									200.0	2.0	significant_and_absolute_z_at_least_2	debiased_response_l2_gain		observability		50.0	disease labels are tied to the source study cluster resolution	0.15
validation_unavailable	disease_convergence									200.0	2.0	significant_and_absolute_z_at_least_2	debiased_response_l2_gain		reproducibility		15.0	disease labels are tied to the source study cluster resolution	0.15
validation_unavailable	disease_convergence									200.0	2.0	significant_and_absolute_z_at_least_2	debiased_response_l2_gain		reproducibility		50.0	disease labels are tied to the source study cluster resolution	0.15
validation_unavailable	disease_convergence									200.0	2.0	significant_and_absolute_z_at_least_2	debiased_response_l2_gain		no_state		15.0	disease labels are tied to the source study cluster resolution	0.15
validation_unavailable	disease_convergence									200.0	2.0	significant_and_absolute_z_at_least_2	debiased_response_l2_gain		no_state		50.0	disease labels are tied to the source study cluster resolution	0.15
validation_unavailable	disease_convergence									200.0	2.0	significant_and_absolute_z_at_least_2	debiased_response_l2_gain		minimal		15.0	disease labels are tied to the source study cluster resolution	0.2
validation_unavailable	disease_convergence									200.0	2.0	significant_and_absolute_z_at_least_2	debiased_response_l2_gain		minimal		50.0	disease labels are tied to the source study cluster resolution	0.2
validation_unavailable	disease_convergence									200.0	2.0	significant_and_absolute_z_at_least_2	debiased_response_l2_gain		observability		15.0	disease labels are tied to the source study cluster resolution	0.2
validation_unavailable	disease_convergence									200.0	2.0	significant_and_absolute_z_at_least_2	debiased_response_l2_gain		observability		50.0	disease labels are tied to the source study cluster resolution	0.2
validation_unavailable	disease_convergence									200.0	2.0	significant_and_absolute_z_at_least_2	debiased_response_l2_gain		reproducibility		15.0	disease labels are tied to the source study cluster resolution	0.2
validation_unavailable	disease_convergence									200.0	2.0	significant_and_absolute_z_at_least_2	debiased_response_l2_gain		reproducibility		50.0	disease labels are tied to the source study cluster resolution	0.2
validation_unavailable	disease_convergence									200.0	2.0	significant_and_absolute_z_at_least_2	debiased_response_l2_gain		no_state		15.0	disease labels are tied to the source study cluster resolution	0.2
validation_unavailable	disease_convergence									200.0	2.0	significant_and_absolute_z_at_least_2	debiased_response_l2_gain		no_state		50.0	disease labels are tied to the source study cluster resolution	0.2
validation_unavailable	disease_convergence									200.0	2.0	significant_and_absolute_z_at_least_2	significant_response_l1_gain		minimal		15.0	disease labels are tied to the source study cluster resolution	0.05
validation_unavailable	disease_convergence									200.0	2.0	significant_and_absolute_z_at_least_2	significant_response_l1_gain		minimal		50.0	disease labels are tied to the source study cluster resolution	0.05
validation_unavailable	disease_convergence									200.0	2.0	significant_and_absolute_z_at_least_2	significant_response_l1_gain		observability		15.0	disease labels are tied to the source study cluster resolution	0.05
validation_unavailable	disease_convergence									200.0	2.0	significant_and_absolute_z_at_least_2	significant_response_l1_gain		observability		50.0	disease labels are tied to the source study cluster resolution	0.05
validation_unavailable	disease_convergence									200.0	2.0	significant_and_absolute_z_at_least_2	significant_response_l1_gain		reproducibility		15.0	disease labels are tied to the source study cluster resolution	0.05
validation_unavailable	disease_convergence									200.0	2.0	significant_and_absolute_z_at_least_2	significant_response_l1_gain		reproducibility		50.0	disease labels are tied to the source study cluster resolution	0.05
validation_unavailable	disease_convergence									200.0	2.0	significant_and_absolute_z_at_least_2	significant_response_l1_gain		no_state		15.0	disease labels are tied to the source study cluster resolution	0.05
validation_unavailable	disease_convergence									200.0	2.0	significant_and_absolute_z_at_least_2	significant_response_l1_gain		no_state		50.0	disease labels are tied to the source study cluster resolution	0.05
validation_unavailable	disease_convergence									200.0	2.0	significant_and_absolute_z_at_least_2	significant_response_l1_gain		minimal		15.0	disease labels are tied to the source study cluster resolution	0.1
validation_unavailable	disease_convergence									200.0	2.0	significant_and_absolute_z_at_least_2	significant_response_l1_gain		minimal		50.0	disease labels are tied to the source study cluster resolution	0.1
validation_unavailable	disease_convergence									200.0	2.0	significant_and_absolute_z_at_least_2	significant_response_l1_gain		observability		15.0	disease labels are tied to the source study cluster resolution	0.1
validation_unavailable	disease_convergence									200.0	2.0	significant_and_absolute_z_at_least_2	significant_response_l1_gain		observability		50.0	disease labels are tied to the source study cluster resolution	0.1
validation_unavailable	disease_convergence									200.0	2.0	significant_and_absolute_z_at_least_2	significant_response_l1_gain		reproducibility		15.0	disease labels are tied to the source study cluster resolution	0.1
validation_unavailable	disease_convergence									200.0	2.0	significant_and_absolute_z_at_least_2	significant_response_l1_gain		reproducibility		50.0	disease labels are tied to the source study cluster resolution	0.1
validation_unavailable	disease_convergence									200.0	2.0	significant_and_absolute_z_at_least_2	significant_response_l1_gain		no_state		15.0	disease labels are tied to the source study cluster resolution	0.1
validation_unavailable	disease_convergence									200.0	2.0	significant_and_absolute_z_at_least_2	significant_response_l1_gain		no_state		50.0	disease labels are tied to the source study cluster resolution	0.1
validation_unavailable	disease_convergence									200.0	2.0	significant_and_absolute_z_at_least_2	significant_response_l1_gain		minimal		15.0	disease labels are tied to the source study cluster resolution	0.15
validation_unavailable	disease_convergence									200.0	2.0	significant_and_absolute_z_at_least_2	significant_response_l1_gain		minimal		50.0	disease labels are tied to the source study cluster resolution	0.15
validation_unavailable	disease_convergence									200.0	2.0	significant_and_absolute_z_at_least_2	significant_response_l1_gain		observability		15.0	disease labels are tied to the source study cluster resolution	0.15
validation_unavailable	disease_convergence									200.0	2.0	significant_and_absolute_z_at_least_2	significant_response_l1_gain		observability		50.0	disease labels are tied to the source study cluster resolution	0.15
validation_unavailable	disease_convergence									200.0	2.0	significant_and_absolute_z_at_least_2	significant_response_l1_gain		reproducibility		15.0	disease labels are tied to the source study cluster resolution	0.15
validation_unavailable	disease_convergence									200.0	2.0	significant_and_absolute_z_at_least_2	significant_response_l1_gain		reproducibility		50.0	disease labels are tied to the source study cluster resolution	0.15
validation_unavailable	disease_convergence									200.0	2.0	significant_and_absolute_z_at_least_2	significant_response_l1_gain		no_state		15.0	disease labels are tied to the source study cluster resolution	0.15
validation_unavailable	disease_convergence									200.0	2.0	significant_and_absolute_z_at_least_2	significant_response_l1_gain		no_state		50.0	disease labels are tied to the source study cluster resolution	0.15
validation_unavailable	disease_convergence									200.0	2.0	significant_and_absolute_z_at_least_2	significant_response_l1_gain		minimal		15.0	disease labels are tied to the source study cluster resolution	0.2
validation_unavailable	disease_convergence									200.0	2.0	significant_and_absolute_z_at_least_2	significant_response_l1_gain		minimal		50.0	disease labels are tied to the source study cluster resolution	0.2
validation_unavailable	disease_convergence									200.0	2.0	significant_and_absolute_z_at_least_2	significant_response_l1_gain		observability		15.0	disease labels are tied to the source study cluster resolution	0.2
validation_unavailable	disease_convergence									200.0	2.0	significant_and_absolute_z_at_least_2	significant_response_l1_gain		observability		50.0	disease labels are tied to the source study cluster resolution	0.2
validation_unavailable	disease_convergence									200.0	2.0	significant_and_absolute_z_at_least_2	significant_response_l1_gain		reproducibility		15.0	disease labels are tied to the source study cluster resolution	0.2
validation_unavailable	disease_convergence									200.0	2.0	significant_and_absolute_z_at_least_2	significant_response_l1_gain		reproducibility		50.0	disease labels are tied to the source study cluster resolution	0.2
validation_unavailable	disease_convergence									200.0	2.0	significant_and_absolute_z_at_least_2	significant_response_l1_gain		no_state		15.0	disease labels are tied to the source study cluster resolution	0.2
validation_unavailable	disease_convergence									200.0	2.0	significant_and_absolute_z_at_least_2	significant_response_l1_gain		no_state		50.0	disease labels are tied to the source study cluster resolution	0.2
validation_unavailable	disease_convergence									200.0	3.0	significant	distal_gene_count_residual		minimal		15.0	disease labels are tied to the source study cluster resolution	0.05
validation_unavailable	disease_convergence								disease_121_minimal	200.0	3.0	significant	distal_gene_count_residual		minimal		30.0	fewer than two clusters or outcome classes remain	0.05
validation_unavailable	disease_convergence									200.0	3.0	significant	distal_gene_count_residual		minimal		50.0	disease labels are tied to the source study cluster resolution	0.05
validation_unavailable	disease_convergence									200.0	3.0	significant	distal_gene_count_residual		observability		15.0	disease labels are tied to the source study cluster resolution	0.05
validation_unavailable	disease_convergence								disease_121_observability	200.0	3.0	significant	distal_gene_count_residual		observability		30.0	fewer than two clusters or outcome classes remain	0.05
validation_unavailable	disease_convergence									200.0	3.0	significant	distal_gene_count_residual		observability		50.0	disease labels are tied to the source study cluster resolution	0.05
validation_unavailable	disease_convergence									200.0	3.0	significant	distal_gene_count_residual		reproducibility		15.0	disease labels are tied to the source study cluster resolution	0.05
validation_unavailable	disease_convergence								disease_121_reproducibility	200.0	3.0	significant	distal_gene_count_residual		reproducibility		30.0	fewer than two clusters or outcome classes remain	0.05
validation_unavailable	disease_convergence									200.0	3.0	significant	distal_gene_count_residual		reproducibility		50.0	disease labels are tied to the source study cluster resolution	0.05
validation_unavailable	disease_convergence									200.0	3.0	significant	distal_gene_count_residual		no_state		15.0	disease labels are tied to the source study cluster resolution	0.05
validation_unavailable	disease_convergence								disease_121_no_state	200.0	3.0	significant	distal_gene_count_residual		no_state		30.0	fewer than two clusters or outcome classes remain	0.05
validation_unavailable	disease_convergence									200.0	3.0	significant	distal_gene_count_residual		no_state		50.0	disease labels are tied to the source study cluster resolution	0.05
validation_unavailable	disease_convergence									200.0	3.0	significant	distal_gene_count_residual		minimal		15.0	disease labels are tied to the source study cluster resolution	0.1
validation_unavailable	disease_convergence								disease_122_minimal	200.0	3.0	significant	distal_gene_count_residual		minimal		30.0	fewer than two clusters or outcome classes remain	0.1
validation_unavailable	disease_convergence									200.0	3.0	significant	distal_gene_count_residual		minimal		50.0	disease labels are tied to the source study cluster resolution	0.1
validation_unavailable	disease_convergence									200.0	3.0	significant	distal_gene_count_residual		observability		15.0	disease labels are tied to the source study cluster resolution	0.1
validation_unavailable	disease_convergence								disease_122_observability	200.0	3.0	significant	distal_gene_count_residual		observability		30.0	fewer than two clusters or outcome classes remain	0.1
validation_unavailable	disease_convergence									200.0	3.0	significant	distal_gene_count_residual		observability		50.0	disease labels are tied to the source study cluster resolution	0.1
validation_unavailable	disease_convergence									200.0	3.0	significant	distal_gene_count_residual		reproducibility		15.0	disease labels are tied to the source study cluster resolution	0.1
validation_unavailable	disease_convergence								disease_122_reproducibility	200.0	3.0	significant	distal_gene_count_residual		reproducibility		30.0	fewer than two clusters or outcome classes remain	0.1
validation_unavailable	disease_convergence									200.0	3.0	significant	distal_gene_count_residual		reproducibility		50.0	disease labels are tied to the source study cluster resolution	0.1
validation_unavailable	disease_convergence									200.0	3.0	significant	distal_gene_count_residual		no_state		15.0	disease labels are tied to the source study cluster resolution	0.1
validation_unavailable	disease_convergence								disease_122_no_state	200.0	3.0	significant	distal_gene_count_residual		no_state		30.0	fewer than two clusters or outcome classes remain	0.1
validation_unavailable	disease_convergence									200.0	3.0	significant	distal_gene_count_residual		no_state		50.0	disease labels are tied to the source study cluster resolution	0.1
validation_unavailable	disease_convergence									200.0	3.0	significant	distal_gene_count_residual		minimal		15.0	disease labels are tied to the source study cluster resolution	0.15
validation_unavailable	disease_convergence								disease_123_minimal	200.0	3.0	significant	distal_gene_count_residual		minimal		30.0	fewer than two clusters or outcome classes remain	0.15
validation_unavailable	disease_convergence									200.0	3.0	significant	distal_gene_count_residual		minimal		50.0	disease labels are tied to the source study cluster resolution	0.15
validation_unavailable	disease_convergence									200.0	3.0	significant	distal_gene_count_residual		observability		15.0	disease labels are tied to the source study cluster resolution	0.15
validation_unavailable	disease_convergence								disease_123_observability	200.0	3.0	significant	distal_gene_count_residual		observability		30.0	fewer than two clusters or outcome classes remain	0.15
validation_unavailable	disease_convergence									200.0	3.0	significant	distal_gene_count_residual		observability		50.0	disease labels are tied to the source study cluster resolution	0.15
validation_unavailable	disease_convergence									200.0	3.0	significant	distal_gene_count_residual		reproducibility		15.0	disease labels are tied to the source study cluster resolution	0.15
validation_unavailable	disease_convergence								disease_123_reproducibility	200.0	3.0	significant	distal_gene_count_residual		reproducibility		30.0	fewer than two clusters or outcome classes remain	0.15
validation_unavailable	disease_convergence									200.0	3.0	significant	distal_gene_count_residual		reproducibility		50.0	disease labels are tied to the source study cluster resolution	0.15
validation_unavailable	disease_convergence									200.0	3.0	significant	distal_gene_count_residual		no_state		15.0	disease labels are tied to the source study cluster resolution	0.15
validation_unavailable	disease_convergence								disease_123_no_state	200.0	3.0	significant	distal_gene_count_residual		no_state		30.0	fewer than two clusters or outcome classes remain	0.15
validation_unavailable	disease_convergence									200.0	3.0	significant	distal_gene_count_residual		no_state		50.0	disease labels are tied to the source study cluster resolution	0.15
validation_unavailable	disease_convergence									200.0	3.0	significant	distal_gene_count_residual		minimal		15.0	disease labels are tied to the source study cluster resolution	0.2
validation_unavailable	disease_convergence								disease_124_minimal	200.0	3.0	significant	distal_gene_count_residual		minimal		30.0	fewer than two clusters or outcome classes remain	0.2
validation_unavailable	disease_convergence									200.0	3.0	significant	distal_gene_count_residual		minimal		50.0	disease labels are tied to the source study cluster resolution	0.2
validation_unavailable	disease_convergence									200.0	3.0	significant	distal_gene_count_residual		observability		15.0	disease labels are tied to the source study cluster resolution	0.2
validation_unavailable	disease_convergence								disease_124_observability	200.0	3.0	significant	distal_gene_count_residual		observability		30.0	fewer than two clusters or outcome classes remain	0.2
validation_unavailable	disease_convergence									200.0	3.0	significant	distal_gene_count_residual		observability		50.0	disease labels are tied to the source study cluster resolution	0.2
validation_unavailable	disease_convergence									200.0	3.0	significant	distal_gene_count_residual		reproducibility		15.0	disease labels are tied to the source study cluster resolution	0.2
validation_unavailable	disease_convergence								disease_124_reproducibility	200.0	3.0	significant	distal_gene_count_residual		reproducibility		30.0	fewer than two clusters or outcome classes remain	0.2
validation_unavailable	disease_convergence									200.0	3.0	significant	distal_gene_count_residual		reproducibility		50.0	disease labels are tied to the source study cluster resolution	0.2
validation_unavailable	disease_convergence									200.0	3.0	significant	distal_gene_count_residual		no_state		15.0	disease labels are tied to the source study cluster resolution	0.2
validation_unavailable	disease_convergence								disease_124_no_state	200.0	3.0	significant	distal_gene_count_residual		no_state		30.0	fewer than two clusters or outcome classes remain	0.2
validation_unavailable	disease_convergence									200.0	3.0	significant	distal_gene_count_residual		no_state		50.0	disease labels are tied to the source study cluster resolution	0.2
validation_unavailable	disease_convergence									200.0	3.0	significant	debiased_response_l2_gain		minimal		15.0	disease labels are tied to the source study cluster resolution	0.05
validation_unavailable	disease_convergence								disease_125_minimal	200.0	3.0	significant	debiased_response_l2_gain		minimal		30.0	fewer than two clusters or outcome classes remain	0.05
validation_unavailable	disease_convergence									200.0	3.0	significant	debiased_response_l2_gain		minimal		50.0	disease labels are tied to the source study cluster resolution	0.05
validation_unavailable	disease_convergence									200.0	3.0	significant	debiased_response_l2_gain		observability		15.0	disease labels are tied to the source study cluster resolution	0.05
validation_unavailable	disease_convergence								disease_125_observability	200.0	3.0	significant	debiased_response_l2_gain		observability		30.0	fewer than two clusters or outcome classes remain	0.05
validation_unavailable	disease_convergence									200.0	3.0	significant	debiased_response_l2_gain		observability		50.0	disease labels are tied to the source study cluster resolution	0.05
validation_unavailable	disease_convergence									200.0	3.0	significant	debiased_response_l2_gain		reproducibility		15.0	disease labels are tied to the source study cluster resolution	0.05
validation_unavailable	disease_convergence								disease_125_reproducibility	200.0	3.0	significant	debiased_response_l2_gain		reproducibility		30.0	fewer than two clusters or outcome classes remain	0.05
validation_unavailable	disease_convergence									200.0	3.0	significant	debiased_response_l2_gain		reproducibility		50.0	disease labels are tied to the source study cluster resolution	0.05
validation_unavailable	disease_convergence									200.0	3.0	significant	debiased_response_l2_gain		no_state		15.0	disease labels are tied to the source study cluster resolution	0.05
validation_unavailable	disease_convergence								disease_125_no_state	200.0	3.0	significant	debiased_response_l2_gain		no_state		30.0	fewer than two clusters or outcome classes remain	0.05
validation_unavailable	disease_convergence									200.0	3.0	significant	debiased_response_l2_gain		no_state		50.0	disease labels are tied to the source study cluster resolution	0.05
validation_unavailable	disease_convergence									200.0	3.0	significant	debiased_response_l2_gain		minimal		15.0	disease labels are tied to the source study cluster resolution	0.1
validation_unavailable	disease_convergence								disease_126_minimal	200.0	3.0	significant	debiased_response_l2_gain		minimal		30.0	fewer than two clusters or outcome classes remain	0.1
validation_unavailable	disease_convergence									200.0	3.0	significant	debiased_response_l2_gain		minimal		50.0	disease labels are tied to the source study cluster resolution	0.1
validation_unavailable	disease_convergence									200.0	3.0	significant	debiased_response_l2_gain		observability		15.0	disease labels are tied to the source study cluster resolution	0.1
validation_unavailable	disease_convergence								disease_126_observability	200.0	3.0	significant	debiased_response_l2_gain		observability		30.0	fewer than two clusters or outcome classes remain	0.1
validation_unavailable	disease_convergence									200.0	3.0	significant	debiased_response_l2_gain		observability		50.0	disease labels are tied to the source study cluster resolution	0.1
validation_unavailable	disease_convergence									200.0	3.0	significant	debiased_response_l2_gain		reproducibility		15.0	disease labels are tied to the source study cluster resolution	0.1
validation_unavailable	disease_convergence								disease_126_reproducibility	200.0	3.0	significant	debiased_response_l2_gain		reproducibility		30.0	fewer than two clusters or outcome classes remain	0.1
validation_unavailable	disease_convergence									200.0	3.0	significant	debiased_response_l2_gain		reproducibility		50.0	disease labels are tied to the source study cluster resolution	0.1
validation_unavailable	disease_convergence									200.0	3.0	significant	debiased_response_l2_gain		no_state		15.0	disease labels are tied to the source study cluster resolution	0.1
validation_unavailable	disease_convergence								disease_126_no_state	200.0	3.0	significant	debiased_response_l2_gain		no_state		30.0	fewer than two clusters or outcome classes remain	0.1
validation_unavailable	disease_convergence									200.0	3.0	significant	debiased_response_l2_gain		no_state		50.0	disease labels are tied to the source study cluster resolution	0.1
validation_unavailable	disease_convergence									200.0	3.0	significant	debiased_response_l2_gain		minimal		15.0	disease labels are tied to the source study cluster resolution	0.15
validation_unavailable	disease_convergence								disease_127_minimal	200.0	3.0	significant	debiased_response_l2_gain		minimal		30.0	fewer than two clusters or outcome classes remain	0.15
validation_unavailable	disease_convergence									200.0	3.0	significant	debiased_response_l2_gain		minimal		50.0	disease labels are tied to the source study cluster resolution	0.15
validation_unavailable	disease_convergence									200.0	3.0	significant	debiased_response_l2_gain		observability		15.0	disease labels are tied to the source study cluster resolution	0.15
validation_unavailable	disease_convergence								disease_127_observability	200.0	3.0	significant	debiased_response_l2_gain		observability		30.0	fewer than two clusters or outcome classes remain	0.15
validation_unavailable	disease_convergence									200.0	3.0	significant	debiased_response_l2_gain		observability		50.0	disease labels are tied to the source study cluster resolution	0.15
validation_unavailable	disease_convergence									200.0	3.0	significant	debiased_response_l2_gain		reproducibility		15.0	disease labels are tied to the source study cluster resolution	0.15
validation_unavailable	disease_convergence								disease_127_reproducibility	200.0	3.0	significant	debiased_response_l2_gain		reproducibility		30.0	fewer than two clusters or outcome classes remain	0.15
validation_unavailable	disease_convergence									200.0	3.0	significant	debiased_response_l2_gain		reproducibility		50.0	disease labels are tied to the source study cluster resolution	0.15
validation_unavailable	disease_convergence									200.0	3.0	significant	debiased_response_l2_gain		no_state		15.0	disease labels are tied to the source study cluster resolution	0.15
validation_unavailable	disease_convergence								disease_127_no_state	200.0	3.0	significant	debiased_response_l2_gain		no_state		30.0	fewer than two clusters or outcome classes remain	0.15
validation_unavailable	disease_convergence									200.0	3.0	significant	debiased_response_l2_gain		no_state		50.0	disease labels are tied to the source study cluster resolution	0.15
validation_unavailable	disease_convergence									200.0	3.0	significant	debiased_response_l2_gain		minimal		15.0	disease labels are tied to the source study cluster resolution	0.2
validation_unavailable	disease_convergence								disease_128_minimal	200.0	3.0	significant	debiased_response_l2_gain		minimal		30.0	fewer than two clusters or outcome classes remain	0.2
validation_unavailable	disease_convergence									200.0	3.0	significant	debiased_response_l2_gain		minimal		50.0	disease labels are tied to the source study cluster resolution	0.2
validation_unavailable	disease_convergence									200.0	3.0	significant	debiased_response_l2_gain		observability		15.0	disease labels are tied to the source study cluster resolution	0.2
validation_unavailable	disease_convergence								disease_128_observability	200.0	3.0	significant	debiased_response_l2_gain		observability		30.0	fewer than two clusters or outcome classes remain	0.2
validation_unavailable	disease_convergence									200.0	3.0	significant	debiased_response_l2_gain		observability		50.0	disease labels are tied to the source study cluster resolution	0.2
validation_unavailable	disease_convergence									200.0	3.0	significant	debiased_response_l2_gain		reproducibility		15.0	disease labels are tied to the source study cluster resolution	0.2
validation_unavailable	disease_convergence								disease_128_reproducibility	200.0	3.0	significant	debiased_response_l2_gain		reproducibility		30.0	fewer than two clusters or outcome classes remain	0.2
validation_unavailable	disease_convergence									200.0	3.0	significant	debiased_response_l2_gain		reproducibility		50.0	disease labels are tied to the source study cluster resolution	0.2
validation_unavailable	disease_convergence									200.0	3.0	significant	debiased_response_l2_gain		no_state		15.0	disease labels are tied to the source study cluster resolution	0.2
validation_unavailable	disease_convergence								disease_128_no_state	200.0	3.0	significant	debiased_response_l2_gain		no_state		30.0	fewer than two clusters or outcome classes remain	0.2
validation_unavailable	disease_convergence									200.0	3.0	significant	debiased_response_l2_gain		no_state		50.0	disease labels are tied to the source study cluster resolution	0.2
validation_unavailable	disease_convergence									200.0	3.0	significant	significant_response_l1_gain		minimal		15.0	disease labels are tied to the source study cluster resolution	0.05
validation_unavailable	disease_convergence								disease_129_minimal	200.0	3.0	significant	significant_response_l1_gain		minimal		30.0	fewer than two clusters or outcome classes remain	0.05
validation_unavailable	disease_convergence									200.0	3.0	significant	significant_response_l1_gain		minimal		50.0	disease labels are tied to the source study cluster resolution	0.05
validation_unavailable	disease_convergence									200.0	3.0	significant	significant_response_l1_gain		observability		15.0	disease labels are tied to the source study cluster resolution	0.05
validation_unavailable	disease_convergence								disease_129_observability	200.0	3.0	significant	significant_response_l1_gain		observability		30.0	fewer than two clusters or outcome classes remain	0.05
validation_unavailable	disease_convergence									200.0	3.0	significant	significant_response_l1_gain		observability		50.0	disease labels are tied to the source study cluster resolution	0.05
validation_unavailable	disease_convergence									200.0	3.0	significant	significant_response_l1_gain		reproducibility		15.0	disease labels are tied to the source study cluster resolution	0.05
validation_unavailable	disease_convergence								disease_129_reproducibility	200.0	3.0	significant	significant_response_l1_gain		reproducibility		30.0	fewer than two clusters or outcome classes remain	0.05
validation_unavailable	disease_convergence									200.0	3.0	significant	significant_response_l1_gain		reproducibility		50.0	disease labels are tied to the source study cluster resolution	0.05
validation_unavailable	disease_convergence									200.0	3.0	significant	significant_response_l1_gain		no_state		15.0	disease labels are tied to the source study cluster resolution	0.05
validation_unavailable	disease_convergence								disease_129_no_state	200.0	3.0	significant	significant_response_l1_gain		no_state		30.0	fewer than two clusters or outcome classes remain	0.05
validation_unavailable	disease_convergence									200.0	3.0	significant	significant_response_l1_gain		no_state		50.0	disease labels are tied to the source study cluster resolution	0.05
validation_unavailable	disease_convergence									200.0	3.0	significant	significant_response_l1_gain		minimal		15.0	disease labels are tied to the source study cluster resolution	0.1
validation_unavailable	disease_convergence								disease_130_minimal	200.0	3.0	significant	significant_response_l1_gain		minimal		30.0	fewer than two clusters or outcome classes remain	0.1
validation_unavailable	disease_convergence									200.0	3.0	significant	significant_response_l1_gain		minimal		50.0	disease labels are tied to the source study cluster resolution	0.1
validation_unavailable	disease_convergence									200.0	3.0	significant	significant_response_l1_gain		observability		15.0	disease labels are tied to the source study cluster resolution	0.1
validation_unavailable	disease_convergence								disease_130_observability	200.0	3.0	significant	significant_response_l1_gain		observability		30.0	fewer than two clusters or outcome classes remain	0.1
validation_unavailable	disease_convergence									200.0	3.0	significant	significant_response_l1_gain		observability		50.0	disease labels are tied to the source study cluster resolution	0.1
validation_unavailable	disease_convergence									200.0	3.0	significant	significant_response_l1_gain		reproducibility		15.0	disease labels are tied to the source study cluster resolution	0.1
validation_unavailable	disease_convergence								disease_130_reproducibility	200.0	3.0	significant	significant_response_l1_gain		reproducibility		30.0	fewer than two clusters or outcome classes remain	0.1
validation_unavailable	disease_convergence									200.0	3.0	significant	significant_response_l1_gain		reproducibility		50.0	disease labels are tied to the source study cluster resolution	0.1
validation_unavailable	disease_convergence									200.0	3.0	significant	significant_response_l1_gain		no_state		15.0	disease labels are tied to the source study cluster resolution	0.1
validation_unavailable	disease_convergence								disease_130_no_state	200.0	3.0	significant	significant_response_l1_gain		no_state		30.0	fewer than two clusters or outcome classes remain	0.1
validation_unavailable	disease_convergence									200.0	3.0	significant	significant_response_l1_gain		no_state		50.0	disease labels are tied to the source study cluster resolution	0.1
validation_unavailable	disease_convergence									200.0	3.0	significant	significant_response_l1_gain		minimal		15.0	disease labels are tied to the source study cluster resolution	0.15
validation_unavailable	disease_convergence								disease_131_minimal	200.0	3.0	significant	significant_response_l1_gain		minimal		30.0	fewer than two clusters or outcome classes remain	0.15
validation_unavailable	disease_convergence									200.0	3.0	significant	significant_response_l1_gain		minimal		50.0	disease labels are tied to the source study cluster resolution	0.15
validation_unavailable	disease_convergence									200.0	3.0	significant	significant_response_l1_gain		observability		15.0	disease labels are tied to the source study cluster resolution	0.15
validation_unavailable	disease_convergence								disease_131_observability	200.0	3.0	significant	significant_response_l1_gain		observability		30.0	fewer than two clusters or outcome classes remain	0.15
validation_unavailable	disease_convergence									200.0	3.0	significant	significant_response_l1_gain		observability		50.0	disease labels are tied to the source study cluster resolution	0.15
validation_unavailable	disease_convergence									200.0	3.0	significant	significant_response_l1_gain		reproducibility		15.0	disease labels are tied to the source study cluster resolution	0.15
validation_unavailable	disease_convergence								disease_131_reproducibility	200.0	3.0	significant	significant_response_l1_gain		reproducibility		30.0	fewer than two clusters or outcome classes remain	0.15
validation_unavailable	disease_convergence									200.0	3.0	significant	significant_response_l1_gain		reproducibility		50.0	disease labels are tied to the source study cluster resolution	0.15
validation_unavailable	disease_convergence									200.0	3.0	significant	significant_response_l1_gain		no_state		15.0	disease labels are tied to the source study cluster resolution	0.15
validation_unavailable	disease_convergence								disease_131_no_state	200.0	3.0	significant	significant_response_l1_gain		no_state		30.0	fewer than two clusters or outcome classes remain	0.15
validation_unavailable	disease_convergence									200.0	3.0	significant	significant_response_l1_gain		no_state		50.0	disease labels are tied to the source study cluster resolution	0.15
validation_unavailable	disease_convergence									200.0	3.0	significant	significant_response_l1_gain		minimal		15.0	disease labels are tied to the source study cluster resolution	0.2
validation_unavailable	disease_convergence								disease_132_minimal	200.0	3.0	significant	significant_response_l1_gain		minimal		30.0	fewer than two clusters or outcome classes remain	0.2
validation_unavailable	disease_convergence									200.0	3.0	significant	significant_response_l1_gain		minimal		50.0	disease labels are tied to the source study cluster resolution	0.2
validation_unavailable	disease_convergence									200.0	3.0	significant	significant_response_l1_gain		observability		15.0	disease labels are tied to the source study cluster resolution	0.2
validation_unavailable	disease_convergence								disease_132_observability	200.0	3.0	significant	significant_response_l1_gain		observability		30.0	fewer than two clusters or outcome classes remain	0.2
validation_unavailable	disease_convergence									200.0	3.0	significant	significant_response_l1_gain		observability		50.0	disease labels are tied to the source study cluster resolution	0.2
validation_unavailable	disease_convergence									200.0	3.0	significant	significant_response_l1_gain		reproducibility		15.0	disease labels are tied to the source study cluster resolution	0.2
validation_unavailable	disease_convergence								disease_132_reproducibility	200.0	3.0	significant	significant_response_l1_gain		reproducibility		30.0	fewer than two clusters or outcome classes remain	0.2
validation_unavailable	disease_convergence									200.0	3.0	significant	significant_response_l1_gain		reproducibility		50.0	disease labels are tied to the source study cluster resolution	0.2
validation_unavailable	disease_convergence									200.0	3.0	significant	significant_response_l1_gain		no_state		15.0	disease labels are tied to the source study cluster resolution	0.2
validation_unavailable	disease_convergence								disease_132_no_state	200.0	3.0	significant	significant_response_l1_gain		no_state		30.0	fewer than two clusters or outcome classes remain	0.2
validation_unavailable	disease_convergence									200.0	3.0	significant	significant_response_l1_gain		no_state		50.0	disease labels are tied to the source study cluster resolution	0.2
validation_unavailable	disease_convergence									200.0	3.0	significant_and_absolute_z_at_least_2	distal_gene_count_residual		minimal		15.0	disease labels are tied to the source study cluster resolution	0.05
validation_unavailable	disease_convergence								disease_133_minimal	200.0	3.0	significant_and_absolute_z_at_least_2	distal_gene_count_residual		minimal		30.0	fewer than two clusters or outcome classes remain	0.05
validation_unavailable	disease_convergence									200.0	3.0	significant_and_absolute_z_at_least_2	distal_gene_count_residual		minimal		50.0	disease labels are tied to the source study cluster resolution	0.05
validation_unavailable	disease_convergence									200.0	3.0	significant_and_absolute_z_at_least_2	distal_gene_count_residual		observability		15.0	disease labels are tied to the source study cluster resolution	0.05
validation_unavailable	disease_convergence								disease_133_observability	200.0	3.0	significant_and_absolute_z_at_least_2	distal_gene_count_residual		observability		30.0	fewer than two clusters or outcome classes remain	0.05
validation_unavailable	disease_convergence									200.0	3.0	significant_and_absolute_z_at_least_2	distal_gene_count_residual		observability		50.0	disease labels are tied to the source study cluster resolution	0.05
validation_unavailable	disease_convergence									200.0	3.0	significant_and_absolute_z_at_least_2	distal_gene_count_residual		reproducibility		15.0	disease labels are tied to the source study cluster resolution	0.05
validation_unavailable	disease_convergence								disease_133_reproducibility	200.0	3.0	significant_and_absolute_z_at_least_2	distal_gene_count_residual		reproducibility		30.0	fewer than two clusters or outcome classes remain	0.05
validation_unavailable	disease_convergence									200.0	3.0	significant_and_absolute_z_at_least_2	distal_gene_count_residual		reproducibility		50.0	disease labels are tied to the source study cluster resolution	0.05
validation_unavailable	disease_convergence									200.0	3.0	significant_and_absolute_z_at_least_2	distal_gene_count_residual		no_state		15.0	disease labels are tied to the source study cluster resolution	0.05
validation_unavailable	disease_convergence								disease_133_no_state	200.0	3.0	significant_and_absolute_z_at_least_2	distal_gene_count_residual		no_state		30.0	fewer than two clusters or outcome classes remain	0.05
validation_unavailable	disease_convergence									200.0	3.0	significant_and_absolute_z_at_least_2	distal_gene_count_residual		no_state		50.0	disease labels are tied to the source study cluster resolution	0.05
validation_unavailable	disease_convergence									200.0	3.0	significant_and_absolute_z_at_least_2	distal_gene_count_residual		minimal		15.0	disease labels are tied to the source study cluster resolution	0.1
validation_unavailable	disease_convergence								disease_134_minimal	200.0	3.0	significant_and_absolute_z_at_least_2	distal_gene_count_residual		minimal		30.0	fewer than two clusters or outcome classes remain	0.1
validation_unavailable	disease_convergence									200.0	3.0	significant_and_absolute_z_at_least_2	distal_gene_count_residual		minimal		50.0	disease labels are tied to the source study cluster resolution	0.1
validation_unavailable	disease_convergence									200.0	3.0	significant_and_absolute_z_at_least_2	distal_gene_count_residual		observability		15.0	disease labels are tied to the source study cluster resolution	0.1
validation_unavailable	disease_convergence								disease_134_observability	200.0	3.0	significant_and_absolute_z_at_least_2	distal_gene_count_residual		observability		30.0	fewer than two clusters or outcome classes remain	0.1
validation_unavailable	disease_convergence									200.0	3.0	significant_and_absolute_z_at_least_2	distal_gene_count_residual		observability		50.0	disease labels are tied to the source study cluster resolution	0.1
validation_unavailable	disease_convergence									200.0	3.0	significant_and_absolute_z_at_least_2	distal_gene_count_residual		reproducibility		15.0	disease labels are tied to the source study cluster resolution	0.1
validation_unavailable	disease_convergence								disease_134_reproducibility	200.0	3.0	significant_and_absolute_z_at_least_2	distal_gene_count_residual		reproducibility		30.0	fewer than two clusters or outcome classes remain	0.1
validation_unavailable	disease_convergence									200.0	3.0	significant_and_absolute_z_at_least_2	distal_gene_count_residual		reproducibility		50.0	disease labels are tied to the source study cluster resolution	0.1
validation_unavailable	disease_convergence									200.0	3.0	significant_and_absolute_z_at_least_2	distal_gene_count_residual		no_state		15.0	disease labels are tied to the source study cluster resolution	0.1
validation_unavailable	disease_convergence								disease_134_no_state	200.0	3.0	significant_and_absolute_z_at_least_2	distal_gene_count_residual		no_state		30.0	fewer than two clusters or outcome classes remain	0.1
validation_unavailable	disease_convergence									200.0	3.0	significant_and_absolute_z_at_least_2	distal_gene_count_residual		no_state		50.0	disease labels are tied to the source study cluster resolution	0.1
validation_unavailable	disease_convergence									200.0	3.0	significant_and_absolute_z_at_least_2	distal_gene_count_residual		minimal		15.0	disease labels are tied to the source study cluster resolution	0.15
validation_unavailable	disease_convergence								disease_135_minimal	200.0	3.0	significant_and_absolute_z_at_least_2	distal_gene_count_residual		minimal		30.0	fewer than two clusters or outcome classes remain	0.15
validation_unavailable	disease_convergence									200.0	3.0	significant_and_absolute_z_at_least_2	distal_gene_count_residual		minimal		50.0	disease labels are tied to the source study cluster resolution	0.15
validation_unavailable	disease_convergence									200.0	3.0	significant_and_absolute_z_at_least_2	distal_gene_count_residual		observability		15.0	disease labels are tied to the source study cluster resolution	0.15
validation_unavailable	disease_convergence								disease_135_observability	200.0	3.0	significant_and_absolute_z_at_least_2	distal_gene_count_residual		observability		30.0	fewer than two clusters or outcome classes remain	0.15
validation_unavailable	disease_convergence									200.0	3.0	significant_and_absolute_z_at_least_2	distal_gene_count_residual		observability		50.0	disease labels are tied to the source study cluster resolution	0.15
validation_unavailable	disease_convergence									200.0	3.0	significant_and_absolute_z_at_least_2	distal_gene_count_residual		reproducibility		15.0	disease labels are tied to the source study cluster resolution	0.15
validation_unavailable	disease_convergence								disease_135_reproducibility	200.0	3.0	significant_and_absolute_z_at_least_2	distal_gene_count_residual		reproducibility		30.0	fewer than two clusters or outcome classes remain	0.15
validation_unavailable	disease_convergence									200.0	3.0	significant_and_absolute_z_at_least_2	distal_gene_count_residual		reproducibility		50.0	disease labels are tied to the source study cluster resolution	0.15
validation_unavailable	disease_convergence									200.0	3.0	significant_and_absolute_z_at_least_2	distal_gene_count_residual		no_state		15.0	disease labels are tied to the source study cluster resolution	0.15
validation_unavailable	disease_convergence								disease_135_no_state	200.0	3.0	significant_and_absolute_z_at_least_2	distal_gene_count_residual		no_state		30.0	fewer than two clusters or outcome classes remain	0.15
validation_unavailable	disease_convergence									200.0	3.0	significant_and_absolute_z_at_least_2	distal_gene_count_residual		no_state		50.0	disease labels are tied to the source study cluster resolution	0.15
validation_unavailable	disease_convergence									200.0	3.0	significant_and_absolute_z_at_least_2	distal_gene_count_residual		minimal		15.0	disease labels are tied to the source study cluster resolution	0.2
validation_unavailable	disease_convergence								disease_136_minimal	200.0	3.0	significant_and_absolute_z_at_least_2	distal_gene_count_residual		minimal		30.0	fewer than two clusters or outcome classes remain	0.2
validation_unavailable	disease_convergence									200.0	3.0	significant_and_absolute_z_at_least_2	distal_gene_count_residual		minimal		50.0	disease labels are tied to the source study cluster resolution	0.2
validation_unavailable	disease_convergence									200.0	3.0	significant_and_absolute_z_at_least_2	distal_gene_count_residual		observability		15.0	disease labels are tied to the source study cluster resolution	0.2
validation_unavailable	disease_convergence								disease_136_observability	200.0	3.0	significant_and_absolute_z_at_least_2	distal_gene_count_residual		observability		30.0	fewer than two clusters or outcome classes remain	0.2
validation_unavailable	disease_convergence									200.0	3.0	significant_and_absolute_z_at_least_2	distal_gene_count_residual		observability		50.0	disease labels are tied to the source study cluster resolution	0.2
validation_unavailable	disease_convergence									200.0	3.0	significant_and_absolute_z_at_least_2	distal_gene_count_residual		reproducibility		15.0	disease labels are tied to the source study cluster resolution	0.2
validation_unavailable	disease_convergence								disease_136_reproducibility	200.0	3.0	significant_and_absolute_z_at_least_2	distal_gene_count_residual		reproducibility		30.0	fewer than two clusters or outcome classes remain	0.2
validation_unavailable	disease_convergence									200.0	3.0	significant_and_absolute_z_at_least_2	distal_gene_count_residual		reproducibility		50.0	disease labels are tied to the source study cluster resolution	0.2
validation_unavailable	disease_convergence									200.0	3.0	significant_and_absolute_z_at_least_2	distal_gene_count_residual		no_state		15.0	disease labels are tied to the source study cluster resolution	0.2
validation_unavailable	disease_convergence								disease_136_no_state	200.0	3.0	significant_and_absolute_z_at_least_2	distal_gene_count_residual		no_state		30.0	fewer than two clusters or outcome classes remain	0.2
validation_unavailable	disease_convergence									200.0	3.0	significant_and_absolute_z_at_least_2	distal_gene_count_residual		no_state		50.0	disease labels are tied to the source study cluster resolution	0.2
validation_unavailable	disease_convergence									200.0	3.0	significant_and_absolute_z_at_least_2	debiased_response_l2_gain		minimal		15.0	disease labels are tied to the source study cluster resolution	0.05
validation_unavailable	disease_convergence								disease_137_minimal	200.0	3.0	significant_and_absolute_z_at_least_2	debiased_response_l2_gain		minimal		30.0	fewer than two clusters or outcome classes remain	0.05
validation_unavailable	disease_convergence									200.0	3.0	significant_and_absolute_z_at_least_2	debiased_response_l2_gain		minimal		50.0	disease labels are tied to the source study cluster resolution	0.05
validation_unavailable	disease_convergence									200.0	3.0	significant_and_absolute_z_at_least_2	debiased_response_l2_gain		observability		15.0	disease labels are tied to the source study cluster resolution	0.05
validation_unavailable	disease_convergence								disease_137_observability	200.0	3.0	significant_and_absolute_z_at_least_2	debiased_response_l2_gain		observability		30.0	fewer than two clusters or outcome classes remain	0.05
validation_unavailable	disease_convergence									200.0	3.0	significant_and_absolute_z_at_least_2	debiased_response_l2_gain		observability		50.0	disease labels are tied to the source study cluster resolution	0.05
validation_unavailable	disease_convergence									200.0	3.0	significant_and_absolute_z_at_least_2	debiased_response_l2_gain		reproducibility		15.0	disease labels are tied to the source study cluster resolution	0.05
validation_unavailable	disease_convergence								disease_137_reproducibility	200.0	3.0	significant_and_absolute_z_at_least_2	debiased_response_l2_gain		reproducibility		30.0	fewer than two clusters or outcome classes remain	0.05
validation_unavailable	disease_convergence									200.0	3.0	significant_and_absolute_z_at_least_2	debiased_response_l2_gain		reproducibility		50.0	disease labels are tied to the source study cluster resolution	0.05
validation_unavailable	disease_convergence									200.0	3.0	significant_and_absolute_z_at_least_2	debiased_response_l2_gain		no_state		15.0	disease labels are tied to the source study cluster resolution	0.05
validation_unavailable	disease_convergence								disease_137_no_state	200.0	3.0	significant_and_absolute_z_at_least_2	debiased_response_l2_gain		no_state		30.0	fewer than two clusters or outcome classes remain	0.05
validation_unavailable	disease_convergence									200.0	3.0	significant_and_absolute_z_at_least_2	debiased_response_l2_gain		no_state		50.0	disease labels are tied to the source study cluster resolution	0.05
validation_unavailable	disease_convergence									200.0	3.0	significant_and_absolute_z_at_least_2	debiased_response_l2_gain		minimal		15.0	disease labels are tied to the source study cluster resolution	0.1
validation_unavailable	disease_convergence								disease_138_minimal	200.0	3.0	significant_and_absolute_z_at_least_2	debiased_response_l2_gain		minimal		30.0	fewer than two clusters or outcome classes remain	0.1
validation_unavailable	disease_convergence									200.0	3.0	significant_and_absolute_z_at_least_2	debiased_response_l2_gain		minimal		50.0	disease labels are tied to the source study cluster resolution	0.1
validation_unavailable	disease_convergence									200.0	3.0	significant_and_absolute_z_at_least_2	debiased_response_l2_gain		observability		15.0	disease labels are tied to the source study cluster resolution	0.1
validation_unavailable	disease_convergence								disease_138_observability	200.0	3.0	significant_and_absolute_z_at_least_2	debiased_response_l2_gain		observability		30.0	fewer than two clusters or outcome classes remain	0.1
validation_unavailable	disease_convergence									200.0	3.0	significant_and_absolute_z_at_least_2	debiased_response_l2_gain		observability		50.0	disease labels are tied to the source study cluster resolution	0.1
validation_unavailable	disease_convergence									200.0	3.0	significant_and_absolute_z_at_least_2	debiased_response_l2_gain		reproducibility		15.0	disease labels are tied to the source study cluster resolution	0.1
validation_unavailable	disease_convergence								disease_138_reproducibility	200.0	3.0	significant_and_absolute_z_at_least_2	debiased_response_l2_gain		reproducibility		30.0	fewer than two clusters or outcome classes remain	0.1
validation_unavailable	disease_convergence									200.0	3.0	significant_and_absolute_z_at_least_2	debiased_response_l2_gain		reproducibility		50.0	disease labels are tied to the source study cluster resolution	0.1
validation_unavailable	disease_convergence									200.0	3.0	significant_and_absolute_z_at_least_2	debiased_response_l2_gain		no_state		15.0	disease labels are tied to the source study cluster resolution	0.1
validation_unavailable	disease_convergence								disease_138_no_state	200.0	3.0	significant_and_absolute_z_at_least_2	debiased_response_l2_gain		no_state		30.0	fewer than two clusters or outcome classes remain	0.1
validation_unavailable	disease_convergence									200.0	3.0	significant_and_absolute_z_at_least_2	debiased_response_l2_gain		no_state		50.0	disease labels are tied to the source study cluster resolution	0.1
validation_unavailable	disease_convergence									200.0	3.0	significant_and_absolute_z_at_least_2	debiased_response_l2_gain		minimal		15.0	disease labels are tied to the source study cluster resolution	0.15
validation_unavailable	disease_convergence								disease_139_minimal	200.0	3.0	significant_and_absolute_z_at_least_2	debiased_response_l2_gain		minimal		30.0	fewer than two clusters or outcome classes remain	0.15
validation_unavailable	disease_convergence									200.0	3.0	significant_and_absolute_z_at_least_2	debiased_response_l2_gain		minimal		50.0	disease labels are tied to the source study cluster resolution	0.15
validation_unavailable	disease_convergence									200.0	3.0	significant_and_absolute_z_at_least_2	debiased_response_l2_gain		observability		15.0	disease labels are tied to the source study cluster resolution	0.15
validation_unavailable	disease_convergence								disease_139_observability	200.0	3.0	significant_and_absolute_z_at_least_2	debiased_response_l2_gain		observability		30.0	fewer than two clusters or outcome classes remain	0.15
validation_unavailable	disease_convergence									200.0	3.0	significant_and_absolute_z_at_least_2	debiased_response_l2_gain		observability		50.0	disease labels are tied to the source study cluster resolution	0.15
validation_unavailable	disease_convergence									200.0	3.0	significant_and_absolute_z_at_least_2	debiased_response_l2_gain		reproducibility		15.0	disease labels are tied to the source study cluster resolution	0.15
validation_unavailable	disease_convergence								disease_139_reproducibility	200.0	3.0	significant_and_absolute_z_at_least_2	debiased_response_l2_gain		reproducibility		30.0	fewer than two clusters or outcome classes remain	0.15
validation_unavailable	disease_convergence									200.0	3.0	significant_and_absolute_z_at_least_2	debiased_response_l2_gain		reproducibility		50.0	disease labels are tied to the source study cluster resolution	0.15
validation_unavailable	disease_convergence									200.0	3.0	significant_and_absolute_z_at_least_2	debiased_response_l2_gain		no_state		15.0	disease labels are tied to the source study cluster resolution	0.15
validation_unavailable	disease_convergence								disease_139_no_state	200.0	3.0	significant_and_absolute_z_at_least_2	debiased_response_l2_gain		no_state		30.0	fewer than two clusters or outcome classes remain	0.15
validation_unavailable	disease_convergence									200.0	3.0	significant_and_absolute_z_at_least_2	debiased_response_l2_gain		no_state		50.0	disease labels are tied to the source study cluster resolution	0.15
validation_unavailable	disease_convergence									200.0	3.0	significant_and_absolute_z_at_least_2	debiased_response_l2_gain		minimal		15.0	disease labels are tied to the source study cluster resolution	0.2
validation_unavailable	disease_convergence								disease_140_minimal	200.0	3.0	significant_and_absolute_z_at_least_2	debiased_response_l2_gain		minimal		30.0	fewer than two clusters or outcome classes remain	0.2
validation_unavailable	disease_convergence									200.0	3.0	significant_and_absolute_z_at_least_2	debiased_response_l2_gain		minimal		50.0	disease labels are tied to the source study cluster resolution	0.2
validation_unavailable	disease_convergence									200.0	3.0	significant_and_absolute_z_at_least_2	debiased_response_l2_gain		observability		15.0	disease labels are tied to the source study cluster resolution	0.2
validation_unavailable	disease_convergence								disease_140_observability	200.0	3.0	significant_and_absolute_z_at_least_2	debiased_response_l2_gain		observability		30.0	fewer than two clusters or outcome classes remain	0.2
validation_unavailable	disease_convergence									200.0	3.0	significant_and_absolute_z_at_least_2	debiased_response_l2_gain		observability		50.0	disease labels are tied to the source study cluster resolution	0.2
validation_unavailable	disease_convergence									200.0	3.0	significant_and_absolute_z_at_least_2	debiased_response_l2_gain		reproducibility		15.0	disease labels are tied to the source study cluster resolution	0.2
validation_unavailable	disease_convergence								disease_140_reproducibility	200.0	3.0	significant_and_absolute_z_at_least_2	debiased_response_l2_gain		reproducibility		30.0	fewer than two clusters or outcome classes remain	0.2
validation_unavailable	disease_convergence									200.0	3.0	significant_and_absolute_z_at_least_2	debiased_response_l2_gain		reproducibility		50.0	disease labels are tied to the source study cluster resolution	0.2
validation_unavailable	disease_convergence									200.0	3.0	significant_and_absolute_z_at_least_2	debiased_response_l2_gain		no_state		15.0	disease labels are tied to the source study cluster resolution	0.2
validation_unavailable	disease_convergence								disease_140_no_state	200.0	3.0	significant_and_absolute_z_at_least_2	debiased_response_l2_gain		no_state		30.0	fewer than two clusters or outcome classes remain	0.2
validation_unavailable	disease_convergence									200.0	3.0	significant_and_absolute_z_at_least_2	debiased_response_l2_gain		no_state		50.0	disease labels are tied to the source study cluster resolution	0.2
validation_unavailable	disease_convergence									200.0	3.0	significant_and_absolute_z_at_least_2	significant_response_l1_gain		minimal		15.0	disease labels are tied to the source study cluster resolution	0.05
validation_unavailable	disease_convergence								disease_141_minimal	200.0	3.0	significant_and_absolute_z_at_least_2	significant_response_l1_gain		minimal		30.0	fewer than two clusters or outcome classes remain	0.05
validation_unavailable	disease_convergence									200.0	3.0	significant_and_absolute_z_at_least_2	significant_response_l1_gain		minimal		50.0	disease labels are tied to the source study cluster resolution	0.05
validation_unavailable	disease_convergence									200.0	3.0	significant_and_absolute_z_at_least_2	significant_response_l1_gain		observability		15.0	disease labels are tied to the source study cluster resolution	0.05
validation_unavailable	disease_convergence								disease_141_observability	200.0	3.0	significant_and_absolute_z_at_least_2	significant_response_l1_gain		observability		30.0	fewer than two clusters or outcome classes remain	0.05
validation_unavailable	disease_convergence									200.0	3.0	significant_and_absolute_z_at_least_2	significant_response_l1_gain		observability		50.0	disease labels are tied to the source study cluster resolution	0.05
validation_unavailable	disease_convergence									200.0	3.0	significant_and_absolute_z_at_least_2	significant_response_l1_gain		reproducibility		15.0	disease labels are tied to the source study cluster resolution	0.05
validation_unavailable	disease_convergence								disease_141_reproducibility	200.0	3.0	significant_and_absolute_z_at_least_2	significant_response_l1_gain		reproducibility		30.0	fewer than two clusters or outcome classes remain	0.05
validation_unavailable	disease_convergence									200.0	3.0	significant_and_absolute_z_at_least_2	significant_response_l1_gain		reproducibility		50.0	disease labels are tied to the source study cluster resolution	0.05
validation_unavailable	disease_convergence									200.0	3.0	significant_and_absolute_z_at_least_2	significant_response_l1_gain		no_state		15.0	disease labels are tied to the source study cluster resolution	0.05
validation_unavailable	disease_convergence								disease_141_no_state	200.0	3.0	significant_and_absolute_z_at_least_2	significant_response_l1_gain		no_state		30.0	fewer than two clusters or outcome classes remain	0.05
validation_unavailable	disease_convergence									200.0	3.0	significant_and_absolute_z_at_least_2	significant_response_l1_gain		no_state		50.0	disease labels are tied to the source study cluster resolution	0.05
validation_unavailable	disease_convergence									200.0	3.0	significant_and_absolute_z_at_least_2	significant_response_l1_gain		minimal		15.0	disease labels are tied to the source study cluster resolution	0.1
validation_unavailable	disease_convergence								disease_142_minimal	200.0	3.0	significant_and_absolute_z_at_least_2	significant_response_l1_gain		minimal		30.0	fewer than two clusters or outcome classes remain	0.1
validation_unavailable	disease_convergence									200.0	3.0	significant_and_absolute_z_at_least_2	significant_response_l1_gain		minimal		50.0	disease labels are tied to the source study cluster resolution	0.1
validation_unavailable	disease_convergence									200.0	3.0	significant_and_absolute_z_at_least_2	significant_response_l1_gain		observability		15.0	disease labels are tied to the source study cluster resolution	0.1
validation_unavailable	disease_convergence								disease_142_observability	200.0	3.0	significant_and_absolute_z_at_least_2	significant_response_l1_gain		observability		30.0	fewer than two clusters or outcome classes remain	0.1
validation_unavailable	disease_convergence									200.0	3.0	significant_and_absolute_z_at_least_2	significant_response_l1_gain		observability		50.0	disease labels are tied to the source study cluster resolution	0.1
validation_unavailable	disease_convergence									200.0	3.0	significant_and_absolute_z_at_least_2	significant_response_l1_gain		reproducibility		15.0	disease labels are tied to the source study cluster resolution	0.1
validation_unavailable	disease_convergence								disease_142_reproducibility	200.0	3.0	significant_and_absolute_z_at_least_2	significant_response_l1_gain		reproducibility		30.0	fewer than two clusters or outcome classes remain	0.1
validation_unavailable	disease_convergence									200.0	3.0	significant_and_absolute_z_at_least_2	significant_response_l1_gain		reproducibility		50.0	disease labels are tied to the source study cluster resolution	0.1
validation_unavailable	disease_convergence									200.0	3.0	significant_and_absolute_z_at_least_2	significant_response_l1_gain		no_state		15.0	disease labels are tied to the source study cluster resolution	0.1
validation_unavailable	disease_convergence								disease_142_no_state	200.0	3.0	significant_and_absolute_z_at_least_2	significant_response_l1_gain		no_state		30.0	fewer than two clusters or outcome classes remain	0.1
validation_unavailable	disease_convergence									200.0	3.0	significant_and_absolute_z_at_least_2	significant_response_l1_gain		no_state		50.0	disease labels are tied to the source study cluster resolution	0.1
validation_unavailable	disease_convergence									200.0	3.0	significant_and_absolute_z_at_least_2	significant_response_l1_gain		minimal		15.0	disease labels are tied to the source study cluster resolution	0.15
validation_unavailable	disease_convergence								disease_143_minimal	200.0	3.0	significant_and_absolute_z_at_least_2	significant_response_l1_gain		minimal		30.0	fewer than two clusters or outcome classes remain	0.15
validation_unavailable	disease_convergence									200.0	3.0	significant_and_absolute_z_at_least_2	significant_response_l1_gain		minimal		50.0	disease labels are tied to the source study cluster resolution	0.15
validation_unavailable	disease_convergence									200.0	3.0	significant_and_absolute_z_at_least_2	significant_response_l1_gain		observability		15.0	disease labels are tied to the source study cluster resolution	0.15
validation_unavailable	disease_convergence								disease_143_observability	200.0	3.0	significant_and_absolute_z_at_least_2	significant_response_l1_gain		observability		30.0	fewer than two clusters or outcome classes remain	0.15
validation_unavailable	disease_convergence									200.0	3.0	significant_and_absolute_z_at_least_2	significant_response_l1_gain		observability		50.0	disease labels are tied to the source study cluster resolution	0.15
validation_unavailable	disease_convergence									200.0	3.0	significant_and_absolute_z_at_least_2	significant_response_l1_gain		reproducibility		15.0	disease labels are tied to the source study cluster resolution	0.15
validation_unavailable	disease_convergence								disease_143_reproducibility	200.0	3.0	significant_and_absolute_z_at_least_2	significant_response_l1_gain		reproducibility		30.0	fewer than two clusters or outcome classes remain	0.15
validation_unavailable	disease_convergence									200.0	3.0	significant_and_absolute_z_at_least_2	significant_response_l1_gain		reproducibility		50.0	disease labels are tied to the source study cluster resolution	0.15
validation_unavailable	disease_convergence									200.0	3.0	significant_and_absolute_z_at_least_2	significant_response_l1_gain		no_state		15.0	disease labels are tied to the source study cluster resolution	0.15
validation_unavailable	disease_convergence								disease_143_no_state	200.0	3.0	significant_and_absolute_z_at_least_2	significant_response_l1_gain		no_state		30.0	fewer than two clusters or outcome classes remain	0.15
validation_unavailable	disease_convergence									200.0	3.0	significant_and_absolute_z_at_least_2	significant_response_l1_gain		no_state		50.0	disease labels are tied to the source study cluster resolution	0.15
validation_unavailable	disease_convergence									200.0	3.0	significant_and_absolute_z_at_least_2	significant_response_l1_gain		minimal		15.0	disease labels are tied to the source study cluster resolution	0.2
validation_unavailable	disease_convergence								disease_144_minimal	200.0	3.0	significant_and_absolute_z_at_least_2	significant_response_l1_gain		minimal		30.0	fewer than two clusters or outcome classes remain	0.2
validation_unavailable	disease_convergence									200.0	3.0	significant_and_absolute_z_at_least_2	significant_response_l1_gain		minimal		50.0	disease labels are tied to the source study cluster resolution	0.2
validation_unavailable	disease_convergence									200.0	3.0	significant_and_absolute_z_at_least_2	significant_response_l1_gain		observability		15.0	disease labels are tied to the source study cluster resolution	0.2
validation_unavailable	disease_convergence								disease_144_observability	200.0	3.0	significant_and_absolute_z_at_least_2	significant_response_l1_gain		observability		30.0	fewer than two clusters or outcome classes remain	0.2
validation_unavailable	disease_convergence									200.0	3.0	significant_and_absolute_z_at_least_2	significant_response_l1_gain		observability		50.0	disease labels are tied to the source study cluster resolution	0.2
validation_unavailable	disease_convergence									200.0	3.0	significant_and_absolute_z_at_least_2	significant_response_l1_gain		reproducibility		15.0	disease labels are tied to the source study cluster resolution	0.2
validation_unavailable	disease_convergence								disease_144_reproducibility	200.0	3.0	significant_and_absolute_z_at_least_2	significant_response_l1_gain		reproducibility		30.0	fewer than two clusters or outcome classes remain	0.2
validation_unavailable	disease_convergence									200.0	3.0	significant_and_absolute_z_at_least_2	significant_response_l1_gain		reproducibility		50.0	disease labels are tied to the source study cluster resolution	0.2
validation_unavailable	disease_convergence									200.0	3.0	significant_and_absolute_z_at_least_2	significant_response_l1_gain		no_state		15.0	disease labels are tied to the source study cluster resolution	0.2
validation_unavailable	disease_convergence								disease_144_no_state	200.0	3.0	significant_and_absolute_z_at_least_2	significant_response_l1_gain		no_state		30.0	fewer than two clusters or outcome classes remain	0.2
validation_unavailable	disease_convergence									200.0	3.0	significant_and_absolute_z_at_least_2	significant_response_l1_gain		no_state		50.0	disease labels are tied to the source study cluster resolution	0.2
validation_unavailable	disease_convergence									300.0	1.0	significant	distal_gene_count_residual		minimal		15.0	disease labels are tied to the source study cluster resolution	0.05
validation_unavailable	disease_convergence									300.0	1.0	significant	distal_gene_count_residual		minimal		50.0	disease labels are tied to the source study cluster resolution	0.05
validation_unavailable	disease_convergence									300.0	1.0	significant	distal_gene_count_residual		observability		15.0	disease labels are tied to the source study cluster resolution	0.05
validation_unavailable	disease_convergence									300.0	1.0	significant	distal_gene_count_residual		observability		50.0	disease labels are tied to the source study cluster resolution	0.05
validation_unavailable	disease_convergence									300.0	1.0	significant	distal_gene_count_residual		reproducibility		15.0	disease labels are tied to the source study cluster resolution	0.05
validation_unavailable	disease_convergence									300.0	1.0	significant	distal_gene_count_residual		reproducibility		50.0	disease labels are tied to the source study cluster resolution	0.05
validation_unavailable	disease_convergence									300.0	1.0	significant	distal_gene_count_residual		no_state		15.0	disease labels are tied to the source study cluster resolution	0.05
validation_unavailable	disease_convergence									300.0	1.0	significant	distal_gene_count_residual		no_state		50.0	disease labels are tied to the source study cluster resolution	0.05
validation_unavailable	disease_convergence									300.0	1.0	significant	distal_gene_count_residual		minimal		15.0	disease labels are tied to the source study cluster resolution	0.1
validation_unavailable	disease_convergence									300.0	1.0	significant	distal_gene_count_residual		minimal		50.0	disease labels are tied to the source study cluster resolution	0.1
validation_unavailable	disease_convergence									300.0	1.0	significant	distal_gene_count_residual		observability		15.0	disease labels are tied to the source study cluster resolution	0.1
validation_unavailable	disease_convergence									300.0	1.0	significant	distal_gene_count_residual		observability		50.0	disease labels are tied to the source study cluster resolution	0.1
validation_unavailable	disease_convergence									300.0	1.0	significant	distal_gene_count_residual		reproducibility		15.0	disease labels are tied to the source study cluster resolution	0.1
validation_unavailable	disease_convergence									300.0	1.0	significant	distal_gene_count_residual		reproducibility		50.0	disease labels are tied to the source study cluster resolution	0.1
validation_unavailable	disease_convergence									300.0	1.0	significant	distal_gene_count_residual		no_state		15.0	disease labels are tied to the source study cluster resolution	0.1
validation_unavailable	disease_convergence									300.0	1.0	significant	distal_gene_count_residual		no_state		50.0	disease labels are tied to the source study cluster resolution	0.1
validation_unavailable	disease_convergence									300.0	1.0	significant	distal_gene_count_residual		minimal		15.0	disease labels are tied to the source study cluster resolution	0.15
validation_unavailable	disease_convergence									300.0	1.0	significant	distal_gene_count_residual		minimal		50.0	disease labels are tied to the source study cluster resolution	0.15
validation_unavailable	disease_convergence									300.0	1.0	significant	distal_gene_count_residual		observability		15.0	disease labels are tied to the source study cluster resolution	0.15
validation_unavailable	disease_convergence									300.0	1.0	significant	distal_gene_count_residual		observability		50.0	disease labels are tied to the source study cluster resolution	0.15
validation_unavailable	disease_convergence									300.0	1.0	significant	distal_gene_count_residual		reproducibility		15.0	disease labels are tied to the source study cluster resolution	0.15
validation_unavailable	disease_convergence									300.0	1.0	significant	distal_gene_count_residual		reproducibility		50.0	disease labels are tied to the source study cluster resolution	0.15
validation_unavailable	disease_convergence									300.0	1.0	significant	distal_gene_count_residual		no_state		15.0	disease labels are tied to the source study cluster resolution	0.15
validation_unavailable	disease_convergence									300.0	1.0	significant	distal_gene_count_residual		no_state		50.0	disease labels are tied to the source study cluster resolution	0.15
validation_unavailable	disease_convergence									300.0	1.0	significant	distal_gene_count_residual		minimal		15.0	disease labels are tied to the source study cluster resolution	0.2
validation_unavailable	disease_convergence									300.0	1.0	significant	distal_gene_count_residual		minimal		50.0	disease labels are tied to the source study cluster resolution	0.2
validation_unavailable	disease_convergence									300.0	1.0	significant	distal_gene_count_residual		observability		15.0	disease labels are tied to the source study cluster resolution	0.2
validation_unavailable	disease_convergence									300.0	1.0	significant	distal_gene_count_residual		observability		50.0	disease labels are tied to the source study cluster resolution	0.2
validation_unavailable	disease_convergence									300.0	1.0	significant	distal_gene_count_residual		reproducibility		15.0	disease labels are tied to the source study cluster resolution	0.2
validation_unavailable	disease_convergence									300.0	1.0	significant	distal_gene_count_residual		reproducibility		50.0	disease labels are tied to the source study cluster resolution	0.2
validation_unavailable	disease_convergence									300.0	1.0	significant	distal_gene_count_residual		no_state		15.0	disease labels are tied to the source study cluster resolution	0.2
validation_unavailable	disease_convergence									300.0	1.0	significant	distal_gene_count_residual		no_state		50.0	disease labels are tied to the source study cluster resolution	0.2
validation_unavailable	disease_convergence									300.0	1.0	significant	debiased_response_l2_gain		minimal		15.0	disease labels are tied to the source study cluster resolution	0.05
validation_unavailable	disease_convergence									300.0	1.0	significant	debiased_response_l2_gain		minimal		50.0	disease labels are tied to the source study cluster resolution	0.05
validation_unavailable	disease_convergence									300.0	1.0	significant	debiased_response_l2_gain		observability		15.0	disease labels are tied to the source study cluster resolution	0.05
validation_unavailable	disease_convergence									300.0	1.0	significant	debiased_response_l2_gain		observability		50.0	disease labels are tied to the source study cluster resolution	0.05
validation_unavailable	disease_convergence									300.0	1.0	significant	debiased_response_l2_gain		reproducibility		15.0	disease labels are tied to the source study cluster resolution	0.05
validation_unavailable	disease_convergence									300.0	1.0	significant	debiased_response_l2_gain		reproducibility		50.0	disease labels are tied to the source study cluster resolution	0.05
validation_unavailable	disease_convergence									300.0	1.0	significant	debiased_response_l2_gain		no_state		15.0	disease labels are tied to the source study cluster resolution	0.05
validation_unavailable	disease_convergence									300.0	1.0	significant	debiased_response_l2_gain		no_state		50.0	disease labels are tied to the source study cluster resolution	0.05
validation_unavailable	disease_convergence									300.0	1.0	significant	debiased_response_l2_gain		minimal		15.0	disease labels are tied to the source study cluster resolution	0.1
validation_unavailable	disease_convergence									300.0	1.0	significant	debiased_response_l2_gain		minimal		50.0	disease labels are tied to the source study cluster resolution	0.1
validation_unavailable	disease_convergence									300.0	1.0	significant	debiased_response_l2_gain		observability		15.0	disease labels are tied to the source study cluster resolution	0.1
validation_unavailable	disease_convergence									300.0	1.0	significant	debiased_response_l2_gain		observability		50.0	disease labels are tied to the source study cluster resolution	0.1
validation_unavailable	disease_convergence									300.0	1.0	significant	debiased_response_l2_gain		reproducibility		15.0	disease labels are tied to the source study cluster resolution	0.1
validation_unavailable	disease_convergence									300.0	1.0	significant	debiased_response_l2_gain		reproducibility		50.0	disease labels are tied to the source study cluster resolution	0.1
validation_unavailable	disease_convergence									300.0	1.0	significant	debiased_response_l2_gain		no_state		15.0	disease labels are tied to the source study cluster resolution	0.1
validation_unavailable	disease_convergence									300.0	1.0	significant	debiased_response_l2_gain		no_state		50.0	disease labels are tied to the source study cluster resolution	0.1
validation_unavailable	disease_convergence									300.0	1.0	significant	debiased_response_l2_gain		minimal		15.0	disease labels are tied to the source study cluster resolution	0.15
validation_unavailable	disease_convergence									300.0	1.0	significant	debiased_response_l2_gain		minimal		50.0	disease labels are tied to the source study cluster resolution	0.15
validation_unavailable	disease_convergence									300.0	1.0	significant	debiased_response_l2_gain		observability		15.0	disease labels are tied to the source study cluster resolution	0.15
validation_unavailable	disease_convergence									300.0	1.0	significant	debiased_response_l2_gain		observability		50.0	disease labels are tied to the source study cluster resolution	0.15
validation_unavailable	disease_convergence									300.0	1.0	significant	debiased_response_l2_gain		reproducibility		15.0	disease labels are tied to the source study cluster resolution	0.15
validation_unavailable	disease_convergence									300.0	1.0	significant	debiased_response_l2_gain		reproducibility		50.0	disease labels are tied to the source study cluster resolution	0.15
validation_unavailable	disease_convergence									300.0	1.0	significant	debiased_response_l2_gain		no_state		15.0	disease labels are tied to the source study cluster resolution	0.15
validation_unavailable	disease_convergence									300.0	1.0	significant	debiased_response_l2_gain		no_state		50.0	disease labels are tied to the source study cluster resolution	0.15
validation_unavailable	disease_convergence									300.0	1.0	significant	debiased_response_l2_gain		minimal		15.0	disease labels are tied to the source study cluster resolution	0.2
validation_unavailable	disease_convergence									300.0	1.0	significant	debiased_response_l2_gain		minimal		50.0	disease labels are tied to the source study cluster resolution	0.2
validation_unavailable	disease_convergence									300.0	1.0	significant	debiased_response_l2_gain		observability		15.0	disease labels are tied to the source study cluster resolution	0.2
validation_unavailable	disease_convergence									300.0	1.0	significant	debiased_response_l2_gain		observability		50.0	disease labels are tied to the source study cluster resolution	0.2
validation_unavailable	disease_convergence									300.0	1.0	significant	debiased_response_l2_gain		reproducibility		15.0	disease labels are tied to the source study cluster resolution	0.2
validation_unavailable	disease_convergence									300.0	1.0	significant	debiased_response_l2_gain		reproducibility		50.0	disease labels are tied to the source study cluster resolution	0.2
validation_unavailable	disease_convergence									300.0	1.0	significant	debiased_response_l2_gain		no_state		15.0	disease labels are tied to the source study cluster resolution	0.2
validation_unavailable	disease_convergence									300.0	1.0	significant	debiased_response_l2_gain		no_state		50.0	disease labels are tied to the source study cluster resolution	0.2
validation_unavailable	disease_convergence									300.0	1.0	significant	significant_response_l1_gain		minimal		15.0	disease labels are tied to the source study cluster resolution	0.05
validation_unavailable	disease_convergence									300.0	1.0	significant	significant_response_l1_gain		minimal		50.0	disease labels are tied to the source study cluster resolution	0.05
validation_unavailable	disease_convergence									300.0	1.0	significant	significant_response_l1_gain		observability		15.0	disease labels are tied to the source study cluster resolution	0.05
validation_unavailable	disease_convergence									300.0	1.0	significant	significant_response_l1_gain		observability		50.0	disease labels are tied to the source study cluster resolution	0.05
validation_unavailable	disease_convergence									300.0	1.0	significant	significant_response_l1_gain		reproducibility		15.0	disease labels are tied to the source study cluster resolution	0.05
validation_unavailable	disease_convergence									300.0	1.0	significant	significant_response_l1_gain		reproducibility		50.0	disease labels are tied to the source study cluster resolution	0.05
validation_unavailable	disease_convergence									300.0	1.0	significant	significant_response_l1_gain		no_state		15.0	disease labels are tied to the source study cluster resolution	0.05
validation_unavailable	disease_convergence									300.0	1.0	significant	significant_response_l1_gain		no_state		50.0	disease labels are tied to the source study cluster resolution	0.05
validation_unavailable	disease_convergence									300.0	1.0	significant	significant_response_l1_gain		minimal		15.0	disease labels are tied to the source study cluster resolution	0.1
validation_unavailable	disease_convergence									300.0	1.0	significant	significant_response_l1_gain		minimal		50.0	disease labels are tied to the source study cluster resolution	0.1
validation_unavailable	disease_convergence									300.0	1.0	significant	significant_response_l1_gain		observability		15.0	disease labels are tied to the source study cluster resolution	0.1
validation_unavailable	disease_convergence									300.0	1.0	significant	significant_response_l1_gain		observability		50.0	disease labels are tied to the source study cluster resolution	0.1
validation_unavailable	disease_convergence									300.0	1.0	significant	significant_response_l1_gain		reproducibility		15.0	disease labels are tied to the source study cluster resolution	0.1
validation_unavailable	disease_convergence									300.0	1.0	significant	significant_response_l1_gain		reproducibility		50.0	disease labels are tied to the source study cluster resolution	0.1
validation_unavailable	disease_convergence									300.0	1.0	significant	significant_response_l1_gain		no_state		15.0	disease labels are tied to the source study cluster resolution	0.1
validation_unavailable	disease_convergence									300.0	1.0	significant	significant_response_l1_gain		no_state		50.0	disease labels are tied to the source study cluster resolution	0.1
validation_unavailable	disease_convergence									300.0	1.0	significant	significant_response_l1_gain		minimal		15.0	disease labels are tied to the source study cluster resolution	0.15
validation_unavailable	disease_convergence									300.0	1.0	significant	significant_response_l1_gain		minimal		50.0	disease labels are tied to the source study cluster resolution	0.15
validation_unavailable	disease_convergence									300.0	1.0	significant	significant_response_l1_gain		observability		15.0	disease labels are tied to the source study cluster resolution	0.15
validation_unavailable	disease_convergence									300.0	1.0	significant	significant_response_l1_gain		observability		50.0	disease labels are tied to the source study cluster resolution	0.15
validation_unavailable	disease_convergence									300.0	1.0	significant	significant_response_l1_gain		reproducibility		15.0	disease labels are tied to the source study cluster resolution	0.15
validation_unavailable	disease_convergence									300.0	1.0	significant	significant_response_l1_gain		reproducibility		50.0	disease labels are tied to the source study cluster resolution	0.15
validation_unavailable	disease_convergence									300.0	1.0	significant	significant_response_l1_gain		no_state		15.0	disease labels are tied to the source study cluster resolution	0.15
validation_unavailable	disease_convergence									300.0	1.0	significant	significant_response_l1_gain		no_state		50.0	disease labels are tied to the source study cluster resolution	0.15
validation_unavailable	disease_convergence									300.0	1.0	significant	significant_response_l1_gain		minimal		15.0	disease labels are tied to the source study cluster resolution	0.2
validation_unavailable	disease_convergence									300.0	1.0	significant	significant_response_l1_gain		minimal		50.0	disease labels are tied to the source study cluster resolution	0.2
validation_unavailable	disease_convergence									300.0	1.0	significant	significant_response_l1_gain		observability		15.0	disease labels are tied to the source study cluster resolution	0.2
validation_unavailable	disease_convergence									300.0	1.0	significant	significant_response_l1_gain		observability		50.0	disease labels are tied to the source study cluster resolution	0.2
validation_unavailable	disease_convergence									300.0	1.0	significant	significant_response_l1_gain		reproducibility		15.0	disease labels are tied to the source study cluster resolution	0.2
validation_unavailable	disease_convergence									300.0	1.0	significant	significant_response_l1_gain		reproducibility		50.0	disease labels are tied to the source study cluster resolution	0.2
validation_unavailable	disease_convergence									300.0	1.0	significant	significant_response_l1_gain		no_state		15.0	disease labels are tied to the source study cluster resolution	0.2
validation_unavailable	disease_convergence									300.0	1.0	significant	significant_response_l1_gain		no_state		50.0	disease labels are tied to the source study cluster resolution	0.2
validation_unavailable	disease_convergence									300.0	1.0	significant_and_absolute_z_at_least_2	distal_gene_count_residual		minimal		15.0	disease labels are tied to the source study cluster resolution	0.05
validation_unavailable	disease_convergence									300.0	1.0	significant_and_absolute_z_at_least_2	distal_gene_count_residual		minimal		50.0	disease labels are tied to the source study cluster resolution	0.05
validation_unavailable	disease_convergence									300.0	1.0	significant_and_absolute_z_at_least_2	distal_gene_count_residual		observability		15.0	disease labels are tied to the source study cluster resolution	0.05
validation_unavailable	disease_convergence									300.0	1.0	significant_and_absolute_z_at_least_2	distal_gene_count_residual		observability		50.0	disease labels are tied to the source study cluster resolution	0.05
validation_unavailable	disease_convergence									300.0	1.0	significant_and_absolute_z_at_least_2	distal_gene_count_residual		reproducibility		15.0	disease labels are tied to the source study cluster resolution	0.05
validation_unavailable	disease_convergence									300.0	1.0	significant_and_absolute_z_at_least_2	distal_gene_count_residual		reproducibility		50.0	disease labels are tied to the source study cluster resolution	0.05
validation_unavailable	disease_convergence									300.0	1.0	significant_and_absolute_z_at_least_2	distal_gene_count_residual		no_state		15.0	disease labels are tied to the source study cluster resolution	0.05
validation_unavailable	disease_convergence									300.0	1.0	significant_and_absolute_z_at_least_2	distal_gene_count_residual		no_state		50.0	disease labels are tied to the source study cluster resolution	0.05
validation_unavailable	disease_convergence									300.0	1.0	significant_and_absolute_z_at_least_2	distal_gene_count_residual		minimal		15.0	disease labels are tied to the source study cluster resolution	0.1
validation_unavailable	disease_convergence									300.0	1.0	significant_and_absolute_z_at_least_2	distal_gene_count_residual		minimal		50.0	disease labels are tied to the source study cluster resolution	0.1
validation_unavailable	disease_convergence									300.0	1.0	significant_and_absolute_z_at_least_2	distal_gene_count_residual		observability		15.0	disease labels are tied to the source study cluster resolution	0.1
validation_unavailable	disease_convergence									300.0	1.0	significant_and_absolute_z_at_least_2	distal_gene_count_residual		observability		50.0	disease labels are tied to the source study cluster resolution	0.1
validation_unavailable	disease_convergence									300.0	1.0	significant_and_absolute_z_at_least_2	distal_gene_count_residual		reproducibility		15.0	disease labels are tied to the source study cluster resolution	0.1
validation_unavailable	disease_convergence									300.0	1.0	significant_and_absolute_z_at_least_2	distal_gene_count_residual		reproducibility		50.0	disease labels are tied to the source study cluster resolution	0.1
validation_unavailable	disease_convergence									300.0	1.0	significant_and_absolute_z_at_least_2	distal_gene_count_residual		no_state		15.0	disease labels are tied to the source study cluster resolution	0.1
validation_unavailable	disease_convergence									300.0	1.0	significant_and_absolute_z_at_least_2	distal_gene_count_residual		no_state		50.0	disease labels are tied to the source study cluster resolution	0.1
validation_unavailable	disease_convergence									300.0	1.0	significant_and_absolute_z_at_least_2	distal_gene_count_residual		minimal		15.0	disease labels are tied to the source study cluster resolution	0.15
validation_unavailable	disease_convergence									300.0	1.0	significant_and_absolute_z_at_least_2	distal_gene_count_residual		minimal		50.0	disease labels are tied to the source study cluster resolution	0.15
validation_unavailable	disease_convergence									300.0	1.0	significant_and_absolute_z_at_least_2	distal_gene_count_residual		observability		15.0	disease labels are tied to the source study cluster resolution	0.15
validation_unavailable	disease_convergence									300.0	1.0	significant_and_absolute_z_at_least_2	distal_gene_count_residual		observability		50.0	disease labels are tied to the source study cluster resolution	0.15
validation_unavailable	disease_convergence									300.0	1.0	significant_and_absolute_z_at_least_2	distal_gene_count_residual		reproducibility		15.0	disease labels are tied to the source study cluster resolution	0.15
validation_unavailable	disease_convergence									300.0	1.0	significant_and_absolute_z_at_least_2	distal_gene_count_residual		reproducibility		50.0	disease labels are tied to the source study cluster resolution	0.15
validation_unavailable	disease_convergence									300.0	1.0	significant_and_absolute_z_at_least_2	distal_gene_count_residual		no_state		15.0	disease labels are tied to the source study cluster resolution	0.15
validation_unavailable	disease_convergence									300.0	1.0	significant_and_absolute_z_at_least_2	distal_gene_count_residual		no_state		50.0	disease labels are tied to the source study cluster resolution	0.15
validation_unavailable	disease_convergence									300.0	1.0	significant_and_absolute_z_at_least_2	distal_gene_count_residual		minimal		15.0	disease labels are tied to the source study cluster resolution	0.2
validation_unavailable	disease_convergence									300.0	1.0	significant_and_absolute_z_at_least_2	distal_gene_count_residual		minimal		50.0	disease labels are tied to the source study cluster resolution	0.2
validation_unavailable	disease_convergence									300.0	1.0	significant_and_absolute_z_at_least_2	distal_gene_count_residual		observability		15.0	disease labels are tied to the source study cluster resolution	0.2
validation_unavailable	disease_convergence									300.0	1.0	significant_and_absolute_z_at_least_2	distal_gene_count_residual		observability		50.0	disease labels are tied to the source study cluster resolution	0.2
validation_unavailable	disease_convergence									300.0	1.0	significant_and_absolute_z_at_least_2	distal_gene_count_residual		reproducibility		15.0	disease labels are tied to the source study cluster resolution	0.2
validation_unavailable	disease_convergence									300.0	1.0	significant_and_absolute_z_at_least_2	distal_gene_count_residual		reproducibility		50.0	disease labels are tied to the source study cluster resolution	0.2
validation_unavailable	disease_convergence									300.0	1.0	significant_and_absolute_z_at_least_2	distal_gene_count_residual		no_state		15.0	disease labels are tied to the source study cluster resolution	0.2
validation_unavailable	disease_convergence									300.0	1.0	significant_and_absolute_z_at_least_2	distal_gene_count_residual		no_state		50.0	disease labels are tied to the source study cluster resolution	0.2
validation_unavailable	disease_convergence									300.0	1.0	significant_and_absolute_z_at_least_2	debiased_response_l2_gain		minimal		15.0	disease labels are tied to the source study cluster resolution	0.05
validation_unavailable	disease_convergence									300.0	1.0	significant_and_absolute_z_at_least_2	debiased_response_l2_gain		minimal		50.0	disease labels are tied to the source study cluster resolution	0.05
validation_unavailable	disease_convergence									300.0	1.0	significant_and_absolute_z_at_least_2	debiased_response_l2_gain		observability		15.0	disease labels are tied to the source study cluster resolution	0.05
validation_unavailable	disease_convergence									300.0	1.0	significant_and_absolute_z_at_least_2	debiased_response_l2_gain		observability		50.0	disease labels are tied to the source study cluster resolution	0.05
validation_unavailable	disease_convergence									300.0	1.0	significant_and_absolute_z_at_least_2	debiased_response_l2_gain		reproducibility		15.0	disease labels are tied to the source study cluster resolution	0.05
validation_unavailable	disease_convergence									300.0	1.0	significant_and_absolute_z_at_least_2	debiased_response_l2_gain		reproducibility		50.0	disease labels are tied to the source study cluster resolution	0.05
validation_unavailable	disease_convergence									300.0	1.0	significant_and_absolute_z_at_least_2	debiased_response_l2_gain		no_state		15.0	disease labels are tied to the source study cluster resolution	0.05
validation_unavailable	disease_convergence									300.0	1.0	significant_and_absolute_z_at_least_2	debiased_response_l2_gain		no_state		50.0	disease labels are tied to the source study cluster resolution	0.05
validation_unavailable	disease_convergence									300.0	1.0	significant_and_absolute_z_at_least_2	debiased_response_l2_gain		minimal		15.0	disease labels are tied to the source study cluster resolution	0.1
validation_unavailable	disease_convergence									300.0	1.0	significant_and_absolute_z_at_least_2	debiased_response_l2_gain		minimal		50.0	disease labels are tied to the source study cluster resolution	0.1
validation_unavailable	disease_convergence									300.0	1.0	significant_and_absolute_z_at_least_2	debiased_response_l2_gain		observability		15.0	disease labels are tied to the source study cluster resolution	0.1
validation_unavailable	disease_convergence									300.0	1.0	significant_and_absolute_z_at_least_2	debiased_response_l2_gain		observability		50.0	disease labels are tied to the source study cluster resolution	0.1
validation_unavailable	disease_convergence									300.0	1.0	significant_and_absolute_z_at_least_2	debiased_response_l2_gain		reproducibility		15.0	disease labels are tied to the source study cluster resolution	0.1
validation_unavailable	disease_convergence									300.0	1.0	significant_and_absolute_z_at_least_2	debiased_response_l2_gain		reproducibility		50.0	disease labels are tied to the source study cluster resolution	0.1
validation_unavailable	disease_convergence									300.0	1.0	significant_and_absolute_z_at_least_2	debiased_response_l2_gain		no_state		15.0	disease labels are tied to the source study cluster resolution	0.1
validation_unavailable	disease_convergence									300.0	1.0	significant_and_absolute_z_at_least_2	debiased_response_l2_gain		no_state		50.0	disease labels are tied to the source study cluster resolution	0.1
validation_unavailable	disease_convergence									300.0	1.0	significant_and_absolute_z_at_least_2	debiased_response_l2_gain		minimal		15.0	disease labels are tied to the source study cluster resolution	0.15
validation_unavailable	disease_convergence									300.0	1.0	significant_and_absolute_z_at_least_2	debiased_response_l2_gain		minimal		50.0	disease labels are tied to the source study cluster resolution	0.15
validation_unavailable	disease_convergence									300.0	1.0	significant_and_absolute_z_at_least_2	debiased_response_l2_gain		observability		15.0	disease labels are tied to the source study cluster resolution	0.15
validation_unavailable	disease_convergence									300.0	1.0	significant_and_absolute_z_at_least_2	debiased_response_l2_gain		observability		50.0	disease labels are tied to the source study cluster resolution	0.15
validation_unavailable	disease_convergence									300.0	1.0	significant_and_absolute_z_at_least_2	debiased_response_l2_gain		reproducibility		15.0	disease labels are tied to the source study cluster resolution	0.15
validation_unavailable	disease_convergence									300.0	1.0	significant_and_absolute_z_at_least_2	debiased_response_l2_gain		reproducibility		50.0	disease labels are tied to the source study cluster resolution	0.15
validation_unavailable	disease_convergence									300.0	1.0	significant_and_absolute_z_at_least_2	debiased_response_l2_gain		no_state		15.0	disease labels are tied to the source study cluster resolution	0.15
validation_unavailable	disease_convergence									300.0	1.0	significant_and_absolute_z_at_least_2	debiased_response_l2_gain		no_state		50.0	disease labels are tied to the source study cluster resolution	0.15
validation_unavailable	disease_convergence									300.0	1.0	significant_and_absolute_z_at_least_2	debiased_response_l2_gain		minimal		15.0	disease labels are tied to the source study cluster resolution	0.2
validation_unavailable	disease_convergence									300.0	1.0	significant_and_absolute_z_at_least_2	debiased_response_l2_gain		minimal		50.0	disease labels are tied to the source study cluster resolution	0.2
validation_unavailable	disease_convergence									300.0	1.0	significant_and_absolute_z_at_least_2	debiased_response_l2_gain		observability		15.0	disease labels are tied to the source study cluster resolution	0.2
validation_unavailable	disease_convergence									300.0	1.0	significant_and_absolute_z_at_least_2	debiased_response_l2_gain		observability		50.0	disease labels are tied to the source study cluster resolution	0.2
validation_unavailable	disease_convergence									300.0	1.0	significant_and_absolute_z_at_least_2	debiased_response_l2_gain		reproducibility		15.0	disease labels are tied to the source study cluster resolution	0.2
validation_unavailable	disease_convergence									300.0	1.0	significant_and_absolute_z_at_least_2	debiased_response_l2_gain		reproducibility		50.0	disease labels are tied to the source study cluster resolution	0.2
validation_unavailable	disease_convergence									300.0	1.0	significant_and_absolute_z_at_least_2	debiased_response_l2_gain		no_state		15.0	disease labels are tied to the source study cluster resolution	0.2
validation_unavailable	disease_convergence									300.0	1.0	significant_and_absolute_z_at_least_2	debiased_response_l2_gain		no_state		50.0	disease labels are tied to the source study cluster resolution	0.2
validation_unavailable	disease_convergence									300.0	1.0	significant_and_absolute_z_at_least_2	significant_response_l1_gain		minimal		15.0	disease labels are tied to the source study cluster resolution	0.05
validation_unavailable	disease_convergence									300.0	1.0	significant_and_absolute_z_at_least_2	significant_response_l1_gain		minimal		50.0	disease labels are tied to the source study cluster resolution	0.05
validation_unavailable	disease_convergence									300.0	1.0	significant_and_absolute_z_at_least_2	significant_response_l1_gain		observability		15.0	disease labels are tied to the source study cluster resolution	0.05
validation_unavailable	disease_convergence									300.0	1.0	significant_and_absolute_z_at_least_2	significant_response_l1_gain		observability		50.0	disease labels are tied to the source study cluster resolution	0.05
validation_unavailable	disease_convergence									300.0	1.0	significant_and_absolute_z_at_least_2	significant_response_l1_gain		reproducibility		15.0	disease labels are tied to the source study cluster resolution	0.05
validation_unavailable	disease_convergence									300.0	1.0	significant_and_absolute_z_at_least_2	significant_response_l1_gain		reproducibility		50.0	disease labels are tied to the source study cluster resolution	0.05
validation_unavailable	disease_convergence									300.0	1.0	significant_and_absolute_z_at_least_2	significant_response_l1_gain		no_state		15.0	disease labels are tied to the source study cluster resolution	0.05
validation_unavailable	disease_convergence									300.0	1.0	significant_and_absolute_z_at_least_2	significant_response_l1_gain		no_state		50.0	disease labels are tied to the source study cluster resolution	0.05
validation_unavailable	disease_convergence									300.0	1.0	significant_and_absolute_z_at_least_2	significant_response_l1_gain		minimal		15.0	disease labels are tied to the source study cluster resolution	0.1
validation_unavailable	disease_convergence									300.0	1.0	significant_and_absolute_z_at_least_2	significant_response_l1_gain		minimal		50.0	disease labels are tied to the source study cluster resolution	0.1
validation_unavailable	disease_convergence									300.0	1.0	significant_and_absolute_z_at_least_2	significant_response_l1_gain		observability		15.0	disease labels are tied to the source study cluster resolution	0.1
validation_unavailable	disease_convergence									300.0	1.0	significant_and_absolute_z_at_least_2	significant_response_l1_gain		observability		50.0	disease labels are tied to the source study cluster resolution	0.1
validation_unavailable	disease_convergence									300.0	1.0	significant_and_absolute_z_at_least_2	significant_response_l1_gain		reproducibility		15.0	disease labels are tied to the source study cluster resolution	0.1
validation_unavailable	disease_convergence									300.0	1.0	significant_and_absolute_z_at_least_2	significant_response_l1_gain		reproducibility		50.0	disease labels are tied to the source study cluster resolution	0.1
validation_unavailable	disease_convergence									300.0	1.0	significant_and_absolute_z_at_least_2	significant_response_l1_gain		no_state		15.0	disease labels are tied to the source study cluster resolution	0.1
validation_unavailable	disease_convergence									300.0	1.0	significant_and_absolute_z_at_least_2	significant_response_l1_gain		no_state		50.0	disease labels are tied to the source study cluster resolution	0.1
validation_unavailable	disease_convergence									300.0	1.0	significant_and_absolute_z_at_least_2	significant_response_l1_gain		minimal		15.0	disease labels are tied to the source study cluster resolution	0.15
validation_unavailable	disease_convergence									300.0	1.0	significant_and_absolute_z_at_least_2	significant_response_l1_gain		minimal		50.0	disease labels are tied to the source study cluster resolution	0.15
validation_unavailable	disease_convergence									300.0	1.0	significant_and_absolute_z_at_least_2	significant_response_l1_gain		observability		15.0	disease labels are tied to the source study cluster resolution	0.15
validation_unavailable	disease_convergence									300.0	1.0	significant_and_absolute_z_at_least_2	significant_response_l1_gain		observability		50.0	disease labels are tied to the source study cluster resolution	0.15
validation_unavailable	disease_convergence									300.0	1.0	significant_and_absolute_z_at_least_2	significant_response_l1_gain		reproducibility		15.0	disease labels are tied to the source study cluster resolution	0.15
validation_unavailable	disease_convergence									300.0	1.0	significant_and_absolute_z_at_least_2	significant_response_l1_gain		reproducibility		50.0	disease labels are tied to the source study cluster resolution	0.15
validation_unavailable	disease_convergence									300.0	1.0	significant_and_absolute_z_at_least_2	significant_response_l1_gain		no_state		15.0	disease labels are tied to the source study cluster resolution	0.15
validation_unavailable	disease_convergence									300.0	1.0	significant_and_absolute_z_at_least_2	significant_response_l1_gain		no_state		50.0	disease labels are tied to the source study cluster resolution	0.15
validation_unavailable	disease_convergence									300.0	1.0	significant_and_absolute_z_at_least_2	significant_response_l1_gain		minimal		15.0	disease labels are tied to the source study cluster resolution	0.2
validation_unavailable	disease_convergence									300.0	1.0	significant_and_absolute_z_at_least_2	significant_response_l1_gain		minimal		50.0	disease labels are tied to the source study cluster resolution	0.2
validation_unavailable	disease_convergence									300.0	1.0	significant_and_absolute_z_at_least_2	significant_response_l1_gain		observability		15.0	disease labels are tied to the source study cluster resolution	0.2
validation_unavailable	disease_convergence									300.0	1.0	significant_and_absolute_z_at_least_2	significant_response_l1_gain		observability		50.0	disease labels are tied to the source study cluster resolution	0.2
validation_unavailable	disease_convergence									300.0	1.0	significant_and_absolute_z_at_least_2	significant_response_l1_gain		reproducibility		15.0	disease labels are tied to the source study cluster resolution	0.2
validation_unavailable	disease_convergence									300.0	1.0	significant_and_absolute_z_at_least_2	significant_response_l1_gain		reproducibility		50.0	disease labels are tied to the source study cluster resolution	0.2
validation_unavailable	disease_convergence									300.0	1.0	significant_and_absolute_z_at_least_2	significant_response_l1_gain		no_state		15.0	disease labels are tied to the source study cluster resolution	0.2
validation_unavailable	disease_convergence									300.0	1.0	significant_and_absolute_z_at_least_2	significant_response_l1_gain		no_state		50.0	disease labels are tied to the source study cluster resolution	0.2
validation_unavailable	disease_convergence									300.0	2.0	significant	distal_gene_count_residual		minimal		15.0	disease labels are tied to the source study cluster resolution	0.05
validation_unavailable	disease_convergence									300.0	2.0	significant	distal_gene_count_residual		minimal		50.0	disease labels are tied to the source study cluster resolution	0.05
validation_unavailable	disease_convergence									300.0	2.0	significant	distal_gene_count_residual		observability		15.0	disease labels are tied to the source study cluster resolution	0.05
validation_unavailable	disease_convergence									300.0	2.0	significant	distal_gene_count_residual		observability		50.0	disease labels are tied to the source study cluster resolution	0.05
validation_unavailable	disease_convergence									300.0	2.0	significant	distal_gene_count_residual		reproducibility		15.0	disease labels are tied to the source study cluster resolution	0.05
validation_unavailable	disease_convergence									300.0	2.0	significant	distal_gene_count_residual		reproducibility		50.0	disease labels are tied to the source study cluster resolution	0.05
validation_unavailable	disease_convergence									300.0	2.0	significant	distal_gene_count_residual		no_state		15.0	disease labels are tied to the source study cluster resolution	0.05
validation_unavailable	disease_convergence									300.0	2.0	significant	distal_gene_count_residual		no_state		50.0	disease labels are tied to the source study cluster resolution	0.05
validation_unavailable	disease_convergence									300.0	2.0	significant	distal_gene_count_residual		minimal		15.0	disease labels are tied to the source study cluster resolution	0.1
validation_unavailable	disease_convergence									300.0	2.0	significant	distal_gene_count_residual		minimal		50.0	disease labels are tied to the source study cluster resolution	0.1
validation_unavailable	disease_convergence									300.0	2.0	significant	distal_gene_count_residual		observability		15.0	disease labels are tied to the source study cluster resolution	0.1
validation_unavailable	disease_convergence									300.0	2.0	significant	distal_gene_count_residual		observability		50.0	disease labels are tied to the source study cluster resolution	0.1
validation_unavailable	disease_convergence									300.0	2.0	significant	distal_gene_count_residual		reproducibility		15.0	disease labels are tied to the source study cluster resolution	0.1
validation_unavailable	disease_convergence									300.0	2.0	significant	distal_gene_count_residual		reproducibility		50.0	disease labels are tied to the source study cluster resolution	0.1
validation_unavailable	disease_convergence									300.0	2.0	significant	distal_gene_count_residual		no_state		15.0	disease labels are tied to the source study cluster resolution	0.1
validation_unavailable	disease_convergence									300.0	2.0	significant	distal_gene_count_residual		no_state		50.0	disease labels are tied to the source study cluster resolution	0.1
validation_unavailable	disease_convergence									300.0	2.0	significant	distal_gene_count_residual		minimal		15.0	disease labels are tied to the source study cluster resolution	0.15
validation_unavailable	disease_convergence									300.0	2.0	significant	distal_gene_count_residual		minimal		50.0	disease labels are tied to the source study cluster resolution	0.15
validation_unavailable	disease_convergence									300.0	2.0	significant	distal_gene_count_residual		observability		15.0	disease labels are tied to the source study cluster resolution	0.15
validation_unavailable	disease_convergence									300.0	2.0	significant	distal_gene_count_residual		observability		50.0	disease labels are tied to the source study cluster resolution	0.15
validation_unavailable	disease_convergence									300.0	2.0	significant	distal_gene_count_residual		reproducibility		15.0	disease labels are tied to the source study cluster resolution	0.15
validation_unavailable	disease_convergence									300.0	2.0	significant	distal_gene_count_residual		reproducibility		50.0	disease labels are tied to the source study cluster resolution	0.15
validation_unavailable	disease_convergence									300.0	2.0	significant	distal_gene_count_residual		no_state		15.0	disease labels are tied to the source study cluster resolution	0.15
validation_unavailable	disease_convergence									300.0	2.0	significant	distal_gene_count_residual		no_state		50.0	disease labels are tied to the source study cluster resolution	0.15
validation_unavailable	disease_convergence									300.0	2.0	significant	distal_gene_count_residual		minimal		15.0	disease labels are tied to the source study cluster resolution	0.2
validation_unavailable	disease_convergence									300.0	2.0	significant	distal_gene_count_residual		minimal		50.0	disease labels are tied to the source study cluster resolution	0.2
validation_unavailable	disease_convergence									300.0	2.0	significant	distal_gene_count_residual		observability		15.0	disease labels are tied to the source study cluster resolution	0.2
validation_unavailable	disease_convergence									300.0	2.0	significant	distal_gene_count_residual		observability		50.0	disease labels are tied to the source study cluster resolution	0.2
validation_unavailable	disease_convergence									300.0	2.0	significant	distal_gene_count_residual		reproducibility		15.0	disease labels are tied to the source study cluster resolution	0.2
validation_unavailable	disease_convergence									300.0	2.0	significant	distal_gene_count_residual		reproducibility		50.0	disease labels are tied to the source study cluster resolution	0.2
validation_unavailable	disease_convergence									300.0	2.0	significant	distal_gene_count_residual		no_state		15.0	disease labels are tied to the source study cluster resolution	0.2
validation_unavailable	disease_convergence									300.0	2.0	significant	distal_gene_count_residual		no_state		50.0	disease labels are tied to the source study cluster resolution	0.2
validation_unavailable	disease_convergence									300.0	2.0	significant	debiased_response_l2_gain		minimal		15.0	disease labels are tied to the source study cluster resolution	0.05
validation_unavailable	disease_convergence									300.0	2.0	significant	debiased_response_l2_gain		minimal		50.0	disease labels are tied to the source study cluster resolution	0.05
validation_unavailable	disease_convergence									300.0	2.0	significant	debiased_response_l2_gain		observability		15.0	disease labels are tied to the source study cluster resolution	0.05
validation_unavailable	disease_convergence									300.0	2.0	significant	debiased_response_l2_gain		observability		50.0	disease labels are tied to the source study cluster resolution	0.05
validation_unavailable	disease_convergence									300.0	2.0	significant	debiased_response_l2_gain		reproducibility		15.0	disease labels are tied to the source study cluster resolution	0.05
validation_unavailable	disease_convergence									300.0	2.0	significant	debiased_response_l2_gain		reproducibility		50.0	disease labels are tied to the source study cluster resolution	0.05
validation_unavailable	disease_convergence									300.0	2.0	significant	debiased_response_l2_gain		no_state		15.0	disease labels are tied to the source study cluster resolution	0.05
validation_unavailable	disease_convergence									300.0	2.0	significant	debiased_response_l2_gain		no_state		50.0	disease labels are tied to the source study cluster resolution	0.05
validation_unavailable	disease_convergence									300.0	2.0	significant	debiased_response_l2_gain		minimal		15.0	disease labels are tied to the source study cluster resolution	0.1
validation_unavailable	disease_convergence									300.0	2.0	significant	debiased_response_l2_gain		minimal		50.0	disease labels are tied to the source study cluster resolution	0.1
validation_unavailable	disease_convergence									300.0	2.0	significant	debiased_response_l2_gain		observability		15.0	disease labels are tied to the source study cluster resolution	0.1
validation_unavailable	disease_convergence									300.0	2.0	significant	debiased_response_l2_gain		observability		50.0	disease labels are tied to the source study cluster resolution	0.1
validation_unavailable	disease_convergence									300.0	2.0	significant	debiased_response_l2_gain		reproducibility		15.0	disease labels are tied to the source study cluster resolution	0.1
validation_unavailable	disease_convergence									300.0	2.0	significant	debiased_response_l2_gain		reproducibility		50.0	disease labels are tied to the source study cluster resolution	0.1
validation_unavailable	disease_convergence									300.0	2.0	significant	debiased_response_l2_gain		no_state		15.0	disease labels are tied to the source study cluster resolution	0.1
validation_unavailable	disease_convergence									300.0	2.0	significant	debiased_response_l2_gain		no_state		50.0	disease labels are tied to the source study cluster resolution	0.1
validation_unavailable	disease_convergence									300.0	2.0	significant	debiased_response_l2_gain		minimal		15.0	disease labels are tied to the source study cluster resolution	0.15
validation_unavailable	disease_convergence									300.0	2.0	significant	debiased_response_l2_gain		minimal		50.0	disease labels are tied to the source study cluster resolution	0.15
validation_unavailable	disease_convergence									300.0	2.0	significant	debiased_response_l2_gain		observability		15.0	disease labels are tied to the source study cluster resolution	0.15
validation_unavailable	disease_convergence									300.0	2.0	significant	debiased_response_l2_gain		observability		50.0	disease labels are tied to the source study cluster resolution	0.15
validation_unavailable	disease_convergence									300.0	2.0	significant	debiased_response_l2_gain		reproducibility		15.0	disease labels are tied to the source study cluster resolution	0.15
validation_unavailable	disease_convergence									300.0	2.0	significant	debiased_response_l2_gain		reproducibility		50.0	disease labels are tied to the source study cluster resolution	0.15
validation_unavailable	disease_convergence									300.0	2.0	significant	debiased_response_l2_gain		no_state		15.0	disease labels are tied to the source study cluster resolution	0.15
validation_unavailable	disease_convergence									300.0	2.0	significant	debiased_response_l2_gain		no_state		50.0	disease labels are tied to the source study cluster resolution	0.15
validation_unavailable	disease_convergence									300.0	2.0	significant	debiased_response_l2_gain		minimal		15.0	disease labels are tied to the source study cluster resolution	0.2
validation_unavailable	disease_convergence									300.0	2.0	significant	debiased_response_l2_gain		minimal		50.0	disease labels are tied to the source study cluster resolution	0.2
validation_unavailable	disease_convergence									300.0	2.0	significant	debiased_response_l2_gain		observability		15.0	disease labels are tied to the source study cluster resolution	0.2
validation_unavailable	disease_convergence									300.0	2.0	significant	debiased_response_l2_gain		observability		50.0	disease labels are tied to the source study cluster resolution	0.2
validation_unavailable	disease_convergence									300.0	2.0	significant	debiased_response_l2_gain		reproducibility		15.0	disease labels are tied to the source study cluster resolution	0.2
validation_unavailable	disease_convergence									300.0	2.0	significant	debiased_response_l2_gain		reproducibility		50.0	disease labels are tied to the source study cluster resolution	0.2
validation_unavailable	disease_convergence									300.0	2.0	significant	debiased_response_l2_gain		no_state		15.0	disease labels are tied to the source study cluster resolution	0.2
validation_unavailable	disease_convergence									300.0	2.0	significant	debiased_response_l2_gain		no_state		50.0	disease labels are tied to the source study cluster resolution	0.2
validation_unavailable	disease_convergence									300.0	2.0	significant	significant_response_l1_gain		minimal		15.0	disease labels are tied to the source study cluster resolution	0.05
validation_unavailable	disease_convergence									300.0	2.0	significant	significant_response_l1_gain		minimal		50.0	disease labels are tied to the source study cluster resolution	0.05
validation_unavailable	disease_convergence									300.0	2.0	significant	significant_response_l1_gain		observability		15.0	disease labels are tied to the source study cluster resolution	0.05
validation_unavailable	disease_convergence									300.0	2.0	significant	significant_response_l1_gain		observability		50.0	disease labels are tied to the source study cluster resolution	0.05
validation_unavailable	disease_convergence									300.0	2.0	significant	significant_response_l1_gain		reproducibility		15.0	disease labels are tied to the source study cluster resolution	0.05
validation_unavailable	disease_convergence									300.0	2.0	significant	significant_response_l1_gain		reproducibility		50.0	disease labels are tied to the source study cluster resolution	0.05
validation_unavailable	disease_convergence									300.0	2.0	significant	significant_response_l1_gain		no_state		15.0	disease labels are tied to the source study cluster resolution	0.05
validation_unavailable	disease_convergence									300.0	2.0	significant	significant_response_l1_gain		no_state		50.0	disease labels are tied to the source study cluster resolution	0.05
validation_unavailable	disease_convergence									300.0	2.0	significant	significant_response_l1_gain		minimal		15.0	disease labels are tied to the source study cluster resolution	0.1
validation_unavailable	disease_convergence									300.0	2.0	significant	significant_response_l1_gain		minimal		50.0	disease labels are tied to the source study cluster resolution	0.1
validation_unavailable	disease_convergence									300.0	2.0	significant	significant_response_l1_gain		observability		15.0	disease labels are tied to the source study cluster resolution	0.1
validation_unavailable	disease_convergence									300.0	2.0	significant	significant_response_l1_gain		observability		50.0	disease labels are tied to the source study cluster resolution	0.1
validation_unavailable	disease_convergence									300.0	2.0	significant	significant_response_l1_gain		reproducibility		15.0	disease labels are tied to the source study cluster resolution	0.1
validation_unavailable	disease_convergence									300.0	2.0	significant	significant_response_l1_gain		reproducibility		50.0	disease labels are tied to the source study cluster resolution	0.1
validation_unavailable	disease_convergence									300.0	2.0	significant	significant_response_l1_gain		no_state		15.0	disease labels are tied to the source study cluster resolution	0.1
validation_unavailable	disease_convergence									300.0	2.0	significant	significant_response_l1_gain		no_state		50.0	disease labels are tied to the source study cluster resolution	0.1
validation_unavailable	disease_convergence									300.0	2.0	significant	significant_response_l1_gain		minimal		15.0	disease labels are tied to the source study cluster resolution	0.15
validation_unavailable	disease_convergence									300.0	2.0	significant	significant_response_l1_gain		minimal		50.0	disease labels are tied to the source study cluster resolution	0.15
validation_unavailable	disease_convergence									300.0	2.0	significant	significant_response_l1_gain		observability		15.0	disease labels are tied to the source study cluster resolution	0.15
validation_unavailable	disease_convergence									300.0	2.0	significant	significant_response_l1_gain		observability		50.0	disease labels are tied to the source study cluster resolution	0.15
validation_unavailable	disease_convergence									300.0	2.0	significant	significant_response_l1_gain		reproducibility		15.0	disease labels are tied to the source study cluster resolution	0.15
validation_unavailable	disease_convergence									300.0	2.0	significant	significant_response_l1_gain		reproducibility		50.0	disease labels are tied to the source study cluster resolution	0.15
validation_unavailable	disease_convergence									300.0	2.0	significant	significant_response_l1_gain		no_state		15.0	disease labels are tied to the source study cluster resolution	0.15
validation_unavailable	disease_convergence									300.0	2.0	significant	significant_response_l1_gain		no_state		50.0	disease labels are tied to the source study cluster resolution	0.15
validation_unavailable	disease_convergence									300.0	2.0	significant	significant_response_l1_gain		minimal		15.0	disease labels are tied to the source study cluster resolution	0.2
validation_unavailable	disease_convergence									300.0	2.0	significant	significant_response_l1_gain		minimal		50.0	disease labels are tied to the source study cluster resolution	0.2
validation_unavailable	disease_convergence									300.0	2.0	significant	significant_response_l1_gain		observability		15.0	disease labels are tied to the source study cluster resolution	0.2
validation_unavailable	disease_convergence									300.0	2.0	significant	significant_response_l1_gain		observability		50.0	disease labels are tied to the source study cluster resolution	0.2
validation_unavailable	disease_convergence									300.0	2.0	significant	significant_response_l1_gain		reproducibility		15.0	disease labels are tied to the source study cluster resolution	0.2
validation_unavailable	disease_convergence									300.0	2.0	significant	significant_response_l1_gain		reproducibility		50.0	disease labels are tied to the source study cluster resolution	0.2
validation_unavailable	disease_convergence									300.0	2.0	significant	significant_response_l1_gain		no_state		15.0	disease labels are tied to the source study cluster resolution	0.2
validation_unavailable	disease_convergence									300.0	2.0	significant	significant_response_l1_gain		no_state		50.0	disease labels are tied to the source study cluster resolution	0.2
validation_unavailable	disease_convergence									300.0	2.0	significant_and_absolute_z_at_least_2	distal_gene_count_residual		minimal		15.0	disease labels are tied to the source study cluster resolution	0.05
validation_unavailable	disease_convergence									300.0	2.0	significant_and_absolute_z_at_least_2	distal_gene_count_residual		minimal		50.0	disease labels are tied to the source study cluster resolution	0.05
validation_unavailable	disease_convergence									300.0	2.0	significant_and_absolute_z_at_least_2	distal_gene_count_residual		observability		15.0	disease labels are tied to the source study cluster resolution	0.05
validation_unavailable	disease_convergence									300.0	2.0	significant_and_absolute_z_at_least_2	distal_gene_count_residual		observability		50.0	disease labels are tied to the source study cluster resolution	0.05
validation_unavailable	disease_convergence									300.0	2.0	significant_and_absolute_z_at_least_2	distal_gene_count_residual		reproducibility		15.0	disease labels are tied to the source study cluster resolution	0.05
validation_unavailable	disease_convergence									300.0	2.0	significant_and_absolute_z_at_least_2	distal_gene_count_residual		reproducibility		50.0	disease labels are tied to the source study cluster resolution	0.05
validation_unavailable	disease_convergence									300.0	2.0	significant_and_absolute_z_at_least_2	distal_gene_count_residual		no_state		15.0	disease labels are tied to the source study cluster resolution	0.05
validation_unavailable	disease_convergence									300.0	2.0	significant_and_absolute_z_at_least_2	distal_gene_count_residual		no_state		50.0	disease labels are tied to the source study cluster resolution	0.05
validation_unavailable	disease_convergence									300.0	2.0	significant_and_absolute_z_at_least_2	distal_gene_count_residual		minimal		15.0	disease labels are tied to the source study cluster resolution	0.1
validation_unavailable	disease_convergence									300.0	2.0	significant_and_absolute_z_at_least_2	distal_gene_count_residual		minimal		50.0	disease labels are tied to the source study cluster resolution	0.1
validation_unavailable	disease_convergence									300.0	2.0	significant_and_absolute_z_at_least_2	distal_gene_count_residual		observability		15.0	disease labels are tied to the source study cluster resolution	0.1
validation_unavailable	disease_convergence									300.0	2.0	significant_and_absolute_z_at_least_2	distal_gene_count_residual		observability		50.0	disease labels are tied to the source study cluster resolution	0.1
validation_unavailable	disease_convergence									300.0	2.0	significant_and_absolute_z_at_least_2	distal_gene_count_residual		reproducibility		15.0	disease labels are tied to the source study cluster resolution	0.1
validation_unavailable	disease_convergence									300.0	2.0	significant_and_absolute_z_at_least_2	distal_gene_count_residual		reproducibility		50.0	disease labels are tied to the source study cluster resolution	0.1
validation_unavailable	disease_convergence									300.0	2.0	significant_and_absolute_z_at_least_2	distal_gene_count_residual		no_state		15.0	disease labels are tied to the source study cluster resolution	0.1
validation_unavailable	disease_convergence									300.0	2.0	significant_and_absolute_z_at_least_2	distal_gene_count_residual		no_state		50.0	disease labels are tied to the source study cluster resolution	0.1
validation_unavailable	disease_convergence									300.0	2.0	significant_and_absolute_z_at_least_2	distal_gene_count_residual		minimal		15.0	disease labels are tied to the source study cluster resolution	0.15
validation_unavailable	disease_convergence									300.0	2.0	significant_and_absolute_z_at_least_2	distal_gene_count_residual		minimal		50.0	disease labels are tied to the source study cluster resolution	0.15
validation_unavailable	disease_convergence									300.0	2.0	significant_and_absolute_z_at_least_2	distal_gene_count_residual		observability		15.0	disease labels are tied to the source study cluster resolution	0.15
validation_unavailable	disease_convergence									300.0	2.0	significant_and_absolute_z_at_least_2	distal_gene_count_residual		observability		50.0	disease labels are tied to the source study cluster resolution	0.15
validation_unavailable	disease_convergence									300.0	2.0	significant_and_absolute_z_at_least_2	distal_gene_count_residual		reproducibility		15.0	disease labels are tied to the source study cluster resolution	0.15
validation_unavailable	disease_convergence									300.0	2.0	significant_and_absolute_z_at_least_2	distal_gene_count_residual		reproducibility		50.0	disease labels are tied to the source study cluster resolution	0.15
validation_unavailable	disease_convergence									300.0	2.0	significant_and_absolute_z_at_least_2	distal_gene_count_residual		no_state		15.0	disease labels are tied to the source study cluster resolution	0.15
validation_unavailable	disease_convergence									300.0	2.0	significant_and_absolute_z_at_least_2	distal_gene_count_residual		no_state		50.0	disease labels are tied to the source study cluster resolution	0.15
validation_unavailable	disease_convergence									300.0	2.0	significant_and_absolute_z_at_least_2	distal_gene_count_residual		minimal		15.0	disease labels are tied to the source study cluster resolution	0.2
validation_unavailable	disease_convergence									300.0	2.0	significant_and_absolute_z_at_least_2	distal_gene_count_residual		minimal		50.0	disease labels are tied to the source study cluster resolution	0.2
validation_unavailable	disease_convergence									300.0	2.0	significant_and_absolute_z_at_least_2	distal_gene_count_residual		observability		15.0	disease labels are tied to the source study cluster resolution	0.2
validation_unavailable	disease_convergence									300.0	2.0	significant_and_absolute_z_at_least_2	distal_gene_count_residual		observability		50.0	disease labels are tied to the source study cluster resolution	0.2
validation_unavailable	disease_convergence									300.0	2.0	significant_and_absolute_z_at_least_2	distal_gene_count_residual		reproducibility		15.0	disease labels are tied to the source study cluster resolution	0.2
validation_unavailable	disease_convergence									300.0	2.0	significant_and_absolute_z_at_least_2	distal_gene_count_residual		reproducibility		50.0	disease labels are tied to the source study cluster resolution	0.2
validation_unavailable	disease_convergence									300.0	2.0	significant_and_absolute_z_at_least_2	distal_gene_count_residual		no_state		15.0	disease labels are tied to the source study cluster resolution	0.2
validation_unavailable	disease_convergence									300.0	2.0	significant_and_absolute_z_at_least_2	distal_gene_count_residual		no_state		50.0	disease labels are tied to the source study cluster resolution	0.2
validation_unavailable	disease_convergence									300.0	2.0	significant_and_absolute_z_at_least_2	debiased_response_l2_gain		minimal		15.0	disease labels are tied to the source study cluster resolution	0.05
validation_unavailable	disease_convergence									300.0	2.0	significant_and_absolute_z_at_least_2	debiased_response_l2_gain		minimal		50.0	disease labels are tied to the source study cluster resolution	0.05
validation_unavailable	disease_convergence									300.0	2.0	significant_and_absolute_z_at_least_2	debiased_response_l2_gain		observability		15.0	disease labels are tied to the source study cluster resolution	0.05
validation_unavailable	disease_convergence									300.0	2.0	significant_and_absolute_z_at_least_2	debiased_response_l2_gain		observability		50.0	disease labels are tied to the source study cluster resolution	0.05
validation_unavailable	disease_convergence									300.0	2.0	significant_and_absolute_z_at_least_2	debiased_response_l2_gain		reproducibility		15.0	disease labels are tied to the source study cluster resolution	0.05
validation_unavailable	disease_convergence									300.0	2.0	significant_and_absolute_z_at_least_2	debiased_response_l2_gain		reproducibility		50.0	disease labels are tied to the source study cluster resolution	0.05
validation_unavailable	disease_convergence									300.0	2.0	significant_and_absolute_z_at_least_2	debiased_response_l2_gain		no_state		15.0	disease labels are tied to the source study cluster resolution	0.05
validation_unavailable	disease_convergence									300.0	2.0	significant_and_absolute_z_at_least_2	debiased_response_l2_gain		no_state		50.0	disease labels are tied to the source study cluster resolution	0.05
validation_unavailable	disease_convergence									300.0	2.0	significant_and_absolute_z_at_least_2	debiased_response_l2_gain		minimal		15.0	disease labels are tied to the source study cluster resolution	0.1
validation_unavailable	disease_convergence									300.0	2.0	significant_and_absolute_z_at_least_2	debiased_response_l2_gain		minimal		50.0	disease labels are tied to the source study cluster resolution	0.1
validation_unavailable	disease_convergence									300.0	2.0	significant_and_absolute_z_at_least_2	debiased_response_l2_gain		observability		15.0	disease labels are tied to the source study cluster resolution	0.1
validation_unavailable	disease_convergence									300.0	2.0	significant_and_absolute_z_at_least_2	debiased_response_l2_gain		observability		50.0	disease labels are tied to the source study cluster resolution	0.1
validation_unavailable	disease_convergence									300.0	2.0	significant_and_absolute_z_at_least_2	debiased_response_l2_gain		reproducibility		15.0	disease labels are tied to the source study cluster resolution	0.1
validation_unavailable	disease_convergence									300.0	2.0	significant_and_absolute_z_at_least_2	debiased_response_l2_gain		reproducibility		50.0	disease labels are tied to the source study cluster resolution	0.1
validation_unavailable	disease_convergence									300.0	2.0	significant_and_absolute_z_at_least_2	debiased_response_l2_gain		no_state		15.0	disease labels are tied to the source study cluster resolution	0.1
validation_unavailable	disease_convergence									300.0	2.0	significant_and_absolute_z_at_least_2	debiased_response_l2_gain		no_state		50.0	disease labels are tied to the source study cluster resolution	0.1
validation_unavailable	disease_convergence									300.0	2.0	significant_and_absolute_z_at_least_2	debiased_response_l2_gain		minimal		15.0	disease labels are tied to the source study cluster resolution	0.15
validation_unavailable	disease_convergence									300.0	2.0	significant_and_absolute_z_at_least_2	debiased_response_l2_gain		minimal		50.0	disease labels are tied to the source study cluster resolution	0.15
validation_unavailable	disease_convergence									300.0	2.0	significant_and_absolute_z_at_least_2	debiased_response_l2_gain		observability		15.0	disease labels are tied to the source study cluster resolution	0.15
validation_unavailable	disease_convergence									300.0	2.0	significant_and_absolute_z_at_least_2	debiased_response_l2_gain		observability		50.0	disease labels are tied to the source study cluster resolution	0.15
validation_unavailable	disease_convergence									300.0	2.0	significant_and_absolute_z_at_least_2	debiased_response_l2_gain		reproducibility		15.0	disease labels are tied to the source study cluster resolution	0.15
validation_unavailable	disease_convergence									300.0	2.0	significant_and_absolute_z_at_least_2	debiased_response_l2_gain		reproducibility		50.0	disease labels are tied to the source study cluster resolution	0.15
validation_unavailable	disease_convergence									300.0	2.0	significant_and_absolute_z_at_least_2	debiased_response_l2_gain		no_state		15.0	disease labels are tied to the source study cluster resolution	0.15
validation_unavailable	disease_convergence									300.0	2.0	significant_and_absolute_z_at_least_2	debiased_response_l2_gain		no_state		50.0	disease labels are tied to the source study cluster resolution	0.15
validation_unavailable	disease_convergence									300.0	2.0	significant_and_absolute_z_at_least_2	debiased_response_l2_gain		minimal		15.0	disease labels are tied to the source study cluster resolution	0.2
validation_unavailable	disease_convergence									300.0	2.0	significant_and_absolute_z_at_least_2	debiased_response_l2_gain		minimal		50.0	disease labels are tied to the source study cluster resolution	0.2
validation_unavailable	disease_convergence									300.0	2.0	significant_and_absolute_z_at_least_2	debiased_response_l2_gain		observability		15.0	disease labels are tied to the source study cluster resolution	0.2
validation_unavailable	disease_convergence									300.0	2.0	significant_and_absolute_z_at_least_2	debiased_response_l2_gain		observability		50.0	disease labels are tied to the source study cluster resolution	0.2
validation_unavailable	disease_convergence									300.0	2.0	significant_and_absolute_z_at_least_2	debiased_response_l2_gain		reproducibility		15.0	disease labels are tied to the source study cluster resolution	0.2
validation_unavailable	disease_convergence									300.0	2.0	significant_and_absolute_z_at_least_2	debiased_response_l2_gain		reproducibility		50.0	disease labels are tied to the source study cluster resolution	0.2
validation_unavailable	disease_convergence									300.0	2.0	significant_and_absolute_z_at_least_2	debiased_response_l2_gain		no_state		15.0	disease labels are tied to the source study cluster resolution	0.2
validation_unavailable	disease_convergence									300.0	2.0	significant_and_absolute_z_at_least_2	debiased_response_l2_gain		no_state		50.0	disease labels are tied to the source study cluster resolution	0.2
validation_unavailable	disease_convergence									300.0	2.0	significant_and_absolute_z_at_least_2	significant_response_l1_gain		minimal		15.0	disease labels are tied to the source study cluster resolution	0.05
validation_unavailable	disease_convergence									300.0	2.0	significant_and_absolute_z_at_least_2	significant_response_l1_gain		minimal		50.0	disease labels are tied to the source study cluster resolution	0.05
validation_unavailable	disease_convergence									300.0	2.0	significant_and_absolute_z_at_least_2	significant_response_l1_gain		observability		15.0	disease labels are tied to the source study cluster resolution	0.05
validation_unavailable	disease_convergence									300.0	2.0	significant_and_absolute_z_at_least_2	significant_response_l1_gain		observability		50.0	disease labels are tied to the source study cluster resolution	0.05
validation_unavailable	disease_convergence									300.0	2.0	significant_and_absolute_z_at_least_2	significant_response_l1_gain		reproducibility		15.0	disease labels are tied to the source study cluster resolution	0.05
validation_unavailable	disease_convergence									300.0	2.0	significant_and_absolute_z_at_least_2	significant_response_l1_gain		reproducibility		50.0	disease labels are tied to the source study cluster resolution	0.05
validation_unavailable	disease_convergence									300.0	2.0	significant_and_absolute_z_at_least_2	significant_response_l1_gain		no_state		15.0	disease labels are tied to the source study cluster resolution	0.05
validation_unavailable	disease_convergence									300.0	2.0	significant_and_absolute_z_at_least_2	significant_response_l1_gain		no_state		50.0	disease labels are tied to the source study cluster resolution	0.05
validation_unavailable	disease_convergence									300.0	2.0	significant_and_absolute_z_at_least_2	significant_response_l1_gain		minimal		15.0	disease labels are tied to the source study cluster resolution	0.1
validation_unavailable	disease_convergence									300.0	2.0	significant_and_absolute_z_at_least_2	significant_response_l1_gain		minimal		50.0	disease labels are tied to the source study cluster resolution	0.1
validation_unavailable	disease_convergence									300.0	2.0	significant_and_absolute_z_at_least_2	significant_response_l1_gain		observability		15.0	disease labels are tied to the source study cluster resolution	0.1
validation_unavailable	disease_convergence									300.0	2.0	significant_and_absolute_z_at_least_2	significant_response_l1_gain		observability		50.0	disease labels are tied to the source study cluster resolution	0.1
validation_unavailable	disease_convergence									300.0	2.0	significant_and_absolute_z_at_least_2	significant_response_l1_gain		reproducibility		15.0	disease labels are tied to the source study cluster resolution	0.1
validation_unavailable	disease_convergence									300.0	2.0	significant_and_absolute_z_at_least_2	significant_response_l1_gain		reproducibility		50.0	disease labels are tied to the source study cluster resolution	0.1
validation_unavailable	disease_convergence									300.0	2.0	significant_and_absolute_z_at_least_2	significant_response_l1_gain		no_state		15.0	disease labels are tied to the source study cluster resolution	0.1
validation_unavailable	disease_convergence									300.0	2.0	significant_and_absolute_z_at_least_2	significant_response_l1_gain		no_state		50.0	disease labels are tied to the source study cluster resolution	0.1
validation_unavailable	disease_convergence									300.0	2.0	significant_and_absolute_z_at_least_2	significant_response_l1_gain		minimal		15.0	disease labels are tied to the source study cluster resolution	0.15
validation_unavailable	disease_convergence									300.0	2.0	significant_and_absolute_z_at_least_2	significant_response_l1_gain		minimal		50.0	disease labels are tied to the source study cluster resolution	0.15
validation_unavailable	disease_convergence									300.0	2.0	significant_and_absolute_z_at_least_2	significant_response_l1_gain		observability		15.0	disease labels are tied to the source study cluster resolution	0.15
validation_unavailable	disease_convergence									300.0	2.0	significant_and_absolute_z_at_least_2	significant_response_l1_gain		observability		50.0	disease labels are tied to the source study cluster resolution	0.15
validation_unavailable	disease_convergence									300.0	2.0	significant_and_absolute_z_at_least_2	significant_response_l1_gain		reproducibility		15.0	disease labels are tied to the source study cluster resolution	0.15
validation_unavailable	disease_convergence									300.0	2.0	significant_and_absolute_z_at_least_2	significant_response_l1_gain		reproducibility		50.0	disease labels are tied to the source study cluster resolution	0.15
validation_unavailable	disease_convergence									300.0	2.0	significant_and_absolute_z_at_least_2	significant_response_l1_gain		no_state		15.0	disease labels are tied to the source study cluster resolution	0.15
validation_unavailable	disease_convergence									300.0	2.0	significant_and_absolute_z_at_least_2	significant_response_l1_gain		no_state		50.0	disease labels are tied to the source study cluster resolution	0.15
validation_unavailable	disease_convergence									300.0	2.0	significant_and_absolute_z_at_least_2	significant_response_l1_gain		minimal		15.0	disease labels are tied to the source study cluster resolution	0.2
validation_unavailable	disease_convergence									300.0	2.0	significant_and_absolute_z_at_least_2	significant_response_l1_gain		minimal		50.0	disease labels are tied to the source study cluster resolution	0.2
validation_unavailable	disease_convergence									300.0	2.0	significant_and_absolute_z_at_least_2	significant_response_l1_gain		observability		15.0	disease labels are tied to the source study cluster resolution	0.2
validation_unavailable	disease_convergence									300.0	2.0	significant_and_absolute_z_at_least_2	significant_response_l1_gain		observability		50.0	disease labels are tied to the source study cluster resolution	0.2
validation_unavailable	disease_convergence									300.0	2.0	significant_and_absolute_z_at_least_2	significant_response_l1_gain		reproducibility		15.0	disease labels are tied to the source study cluster resolution	0.2
validation_unavailable	disease_convergence									300.0	2.0	significant_and_absolute_z_at_least_2	significant_response_l1_gain		reproducibility		50.0	disease labels are tied to the source study cluster resolution	0.2
validation_unavailable	disease_convergence									300.0	2.0	significant_and_absolute_z_at_least_2	significant_response_l1_gain		no_state		15.0	disease labels are tied to the source study cluster resolution	0.2
validation_unavailable	disease_convergence									300.0	2.0	significant_and_absolute_z_at_least_2	significant_response_l1_gain		no_state		50.0	disease labels are tied to the source study cluster resolution	0.2
validation_unavailable	disease_convergence									300.0	3.0	significant	distal_gene_count_residual		minimal		15.0	disease labels are tied to the source study cluster resolution	0.05
validation_unavailable	disease_convergence								disease_193_minimal	300.0	3.0	significant	distal_gene_count_residual		minimal		30.0	fewer than two clusters or outcome classes remain	0.05
validation_unavailable	disease_convergence									300.0	3.0	significant	distal_gene_count_residual		minimal		50.0	disease labels are tied to the source study cluster resolution	0.05
validation_unavailable	disease_convergence									300.0	3.0	significant	distal_gene_count_residual		observability		15.0	disease labels are tied to the source study cluster resolution	0.05
validation_unavailable	disease_convergence								disease_193_observability	300.0	3.0	significant	distal_gene_count_residual		observability		30.0	fewer than two clusters or outcome classes remain	0.05
validation_unavailable	disease_convergence									300.0	3.0	significant	distal_gene_count_residual		observability		50.0	disease labels are tied to the source study cluster resolution	0.05
validation_unavailable	disease_convergence									300.0	3.0	significant	distal_gene_count_residual		reproducibility		15.0	disease labels are tied to the source study cluster resolution	0.05
validation_unavailable	disease_convergence								disease_193_reproducibility	300.0	3.0	significant	distal_gene_count_residual		reproducibility		30.0	fewer than two clusters or outcome classes remain	0.05
validation_unavailable	disease_convergence									300.0	3.0	significant	distal_gene_count_residual		reproducibility		50.0	disease labels are tied to the source study cluster resolution	0.05
validation_unavailable	disease_convergence									300.0	3.0	significant	distal_gene_count_residual		no_state		15.0	disease labels are tied to the source study cluster resolution	0.05
validation_unavailable	disease_convergence								disease_193_no_state	300.0	3.0	significant	distal_gene_count_residual		no_state		30.0	fewer than two clusters or outcome classes remain	0.05
validation_unavailable	disease_convergence									300.0	3.0	significant	distal_gene_count_residual		no_state		50.0	disease labels are tied to the source study cluster resolution	0.05
validation_unavailable	disease_convergence									300.0	3.0	significant	distal_gene_count_residual		minimal		15.0	disease labels are tied to the source study cluster resolution	0.1
validation_unavailable	disease_convergence								disease_194_minimal	300.0	3.0	significant	distal_gene_count_residual		minimal		30.0	fewer than two clusters or outcome classes remain	0.1
validation_unavailable	disease_convergence									300.0	3.0	significant	distal_gene_count_residual		minimal		50.0	disease labels are tied to the source study cluster resolution	0.1
validation_unavailable	disease_convergence									300.0	3.0	significant	distal_gene_count_residual		observability		15.0	disease labels are tied to the source study cluster resolution	0.1
validation_unavailable	disease_convergence								disease_194_observability	300.0	3.0	significant	distal_gene_count_residual		observability		30.0	fewer than two clusters or outcome classes remain	0.1
validation_unavailable	disease_convergence									300.0	3.0	significant	distal_gene_count_residual		observability		50.0	disease labels are tied to the source study cluster resolution	0.1
validation_unavailable	disease_convergence									300.0	3.0	significant	distal_gene_count_residual		reproducibility		15.0	disease labels are tied to the source study cluster resolution	0.1
validation_unavailable	disease_convergence								disease_194_reproducibility	300.0	3.0	significant	distal_gene_count_residual		reproducibility		30.0	fewer than two clusters or outcome classes remain	0.1
validation_unavailable	disease_convergence									300.0	3.0	significant	distal_gene_count_residual		reproducibility		50.0	disease labels are tied to the source study cluster resolution	0.1
validation_unavailable	disease_convergence									300.0	3.0	significant	distal_gene_count_residual		no_state		15.0	disease labels are tied to the source study cluster resolution	0.1
validation_unavailable	disease_convergence								disease_194_no_state	300.0	3.0	significant	distal_gene_count_residual		no_state		30.0	fewer than two clusters or outcome classes remain	0.1
validation_unavailable	disease_convergence									300.0	3.0	significant	distal_gene_count_residual		no_state		50.0	disease labels are tied to the source study cluster resolution	0.1
validation_unavailable	disease_convergence									300.0	3.0	significant	distal_gene_count_residual		minimal		15.0	disease labels are tied to the source study cluster resolution	0.15
validation_unavailable	disease_convergence								disease_195_minimal	300.0	3.0	significant	distal_gene_count_residual		minimal		30.0	fewer than two clusters or outcome classes remain	0.15
validation_unavailable	disease_convergence									300.0	3.0	significant	distal_gene_count_residual		minimal		50.0	disease labels are tied to the source study cluster resolution	0.15
validation_unavailable	disease_convergence									300.0	3.0	significant	distal_gene_count_residual		observability		15.0	disease labels are tied to the source study cluster resolution	0.15
validation_unavailable	disease_convergence								disease_195_observability	300.0	3.0	significant	distal_gene_count_residual		observability		30.0	fewer than two clusters or outcome classes remain	0.15
validation_unavailable	disease_convergence									300.0	3.0	significant	distal_gene_count_residual		observability		50.0	disease labels are tied to the source study cluster resolution	0.15
validation_unavailable	disease_convergence									300.0	3.0	significant	distal_gene_count_residual		reproducibility		15.0	disease labels are tied to the source study cluster resolution	0.15
validation_unavailable	disease_convergence								disease_195_reproducibility	300.0	3.0	significant	distal_gene_count_residual		reproducibility		30.0	fewer than two clusters or outcome classes remain	0.15
validation_unavailable	disease_convergence									300.0	3.0	significant	distal_gene_count_residual		reproducibility		50.0	disease labels are tied to the source study cluster resolution	0.15
validation_unavailable	disease_convergence									300.0	3.0	significant	distal_gene_count_residual		no_state		15.0	disease labels are tied to the source study cluster resolution	0.15
validation_unavailable	disease_convergence								disease_195_no_state	300.0	3.0	significant	distal_gene_count_residual		no_state		30.0	fewer than two clusters or outcome classes remain	0.15
validation_unavailable	disease_convergence									300.0	3.0	significant	distal_gene_count_residual		no_state		50.0	disease labels are tied to the source study cluster resolution	0.15
validation_unavailable	disease_convergence									300.0	3.0	significant	distal_gene_count_residual		minimal		15.0	disease labels are tied to the source study cluster resolution	0.2
validation_unavailable	disease_convergence								disease_196_minimal	300.0	3.0	significant	distal_gene_count_residual		minimal		30.0	fewer than two clusters or outcome classes remain	0.2
validation_unavailable	disease_convergence									300.0	3.0	significant	distal_gene_count_residual		minimal		50.0	disease labels are tied to the source study cluster resolution	0.2
validation_unavailable	disease_convergence									300.0	3.0	significant	distal_gene_count_residual		observability		15.0	disease labels are tied to the source study cluster resolution	0.2
validation_unavailable	disease_convergence								disease_196_observability	300.0	3.0	significant	distal_gene_count_residual		observability		30.0	fewer than two clusters or outcome classes remain	0.2
validation_unavailable	disease_convergence									300.0	3.0	significant	distal_gene_count_residual		observability		50.0	disease labels are tied to the source study cluster resolution	0.2
validation_unavailable	disease_convergence									300.0	3.0	significant	distal_gene_count_residual		reproducibility		15.0	disease labels are tied to the source study cluster resolution	0.2
validation_unavailable	disease_convergence								disease_196_reproducibility	300.0	3.0	significant	distal_gene_count_residual		reproducibility		30.0	fewer than two clusters or outcome classes remain	0.2
validation_unavailable	disease_convergence									300.0	3.0	significant	distal_gene_count_residual		reproducibility		50.0	disease labels are tied to the source study cluster resolution	0.2
validation_unavailable	disease_convergence									300.0	3.0	significant	distal_gene_count_residual		no_state		15.0	disease labels are tied to the source study cluster resolution	0.2
validation_unavailable	disease_convergence								disease_196_no_state	300.0	3.0	significant	distal_gene_count_residual		no_state		30.0	fewer than two clusters or outcome classes remain	0.2
validation_unavailable	disease_convergence									300.0	3.0	significant	distal_gene_count_residual		no_state		50.0	disease labels are tied to the source study cluster resolution	0.2
validation_unavailable	disease_convergence									300.0	3.0	significant	debiased_response_l2_gain		minimal		15.0	disease labels are tied to the source study cluster resolution	0.05
validation_unavailable	disease_convergence								disease_197_minimal	300.0	3.0	significant	debiased_response_l2_gain		minimal		30.0	fewer than two clusters or outcome classes remain	0.05
validation_unavailable	disease_convergence									300.0	3.0	significant	debiased_response_l2_gain		minimal		50.0	disease labels are tied to the source study cluster resolution	0.05
validation_unavailable	disease_convergence									300.0	3.0	significant	debiased_response_l2_gain		observability		15.0	disease labels are tied to the source study cluster resolution	0.05
validation_unavailable	disease_convergence								disease_197_observability	300.0	3.0	significant	debiased_response_l2_gain		observability		30.0	fewer than two clusters or outcome classes remain	0.05
validation_unavailable	disease_convergence									300.0	3.0	significant	debiased_response_l2_gain		observability		50.0	disease labels are tied to the source study cluster resolution	0.05
validation_unavailable	disease_convergence									300.0	3.0	significant	debiased_response_l2_gain		reproducibility		15.0	disease labels are tied to the source study cluster resolution	0.05
validation_unavailable	disease_convergence								disease_197_reproducibility	300.0	3.0	significant	debiased_response_l2_gain		reproducibility		30.0	fewer than two clusters or outcome classes remain	0.05
validation_unavailable	disease_convergence									300.0	3.0	significant	debiased_response_l2_gain		reproducibility		50.0	disease labels are tied to the source study cluster resolution	0.05
validation_unavailable	disease_convergence									300.0	3.0	significant	debiased_response_l2_gain		no_state		15.0	disease labels are tied to the source study cluster resolution	0.05
validation_unavailable	disease_convergence								disease_197_no_state	300.0	3.0	significant	debiased_response_l2_gain		no_state		30.0	fewer than two clusters or outcome classes remain	0.05
validation_unavailable	disease_convergence									300.0	3.0	significant	debiased_response_l2_gain		no_state		50.0	disease labels are tied to the source study cluster resolution	0.05
validation_unavailable	disease_convergence									300.0	3.0	significant	debiased_response_l2_gain		minimal		15.0	disease labels are tied to the source study cluster resolution	0.1
validation_unavailable	disease_convergence								disease_198_minimal	300.0	3.0	significant	debiased_response_l2_gain		minimal		30.0	fewer than two clusters or outcome classes remain	0.1
validation_unavailable	disease_convergence									300.0	3.0	significant	debiased_response_l2_gain		minimal		50.0	disease labels are tied to the source study cluster resolution	0.1
validation_unavailable	disease_convergence									300.0	3.0	significant	debiased_response_l2_gain		observability		15.0	disease labels are tied to the source study cluster resolution	0.1
validation_unavailable	disease_convergence								disease_198_observability	300.0	3.0	significant	debiased_response_l2_gain		observability		30.0	fewer than two clusters or outcome classes remain	0.1
validation_unavailable	disease_convergence									300.0	3.0	significant	debiased_response_l2_gain		observability		50.0	disease labels are tied to the source study cluster resolution	0.1
validation_unavailable	disease_convergence									300.0	3.0	significant	debiased_response_l2_gain		reproducibility		15.0	disease labels are tied to the source study cluster resolution	0.1
validation_unavailable	disease_convergence								disease_198_reproducibility	300.0	3.0	significant	debiased_response_l2_gain		reproducibility		30.0	fewer than two clusters or outcome classes remain	0.1
validation_unavailable	disease_convergence									300.0	3.0	significant	debiased_response_l2_gain		reproducibility		50.0	disease labels are tied to the source study cluster resolution	0.1
validation_unavailable	disease_convergence									300.0	3.0	significant	debiased_response_l2_gain		no_state		15.0	disease labels are tied to the source study cluster resolution	0.1
validation_unavailable	disease_convergence								disease_198_no_state	300.0	3.0	significant	debiased_response_l2_gain		no_state		30.0	fewer than two clusters or outcome classes remain	0.1
validation_unavailable	disease_convergence									300.0	3.0	significant	debiased_response_l2_gain		no_state		50.0	disease labels are tied to the source study cluster resolution	0.1
validation_unavailable	disease_convergence									300.0	3.0	significant	debiased_response_l2_gain		minimal		15.0	disease labels are tied to the source study cluster resolution	0.15
validation_unavailable	disease_convergence								disease_199_minimal	300.0	3.0	significant	debiased_response_l2_gain		minimal		30.0	fewer than two clusters or outcome classes remain	0.15
validation_unavailable	disease_convergence									300.0	3.0	significant	debiased_response_l2_gain		minimal		50.0	disease labels are tied to the source study cluster resolution	0.15
validation_unavailable	disease_convergence									300.0	3.0	significant	debiased_response_l2_gain		observability		15.0	disease labels are tied to the source study cluster resolution	0.15
validation_unavailable	disease_convergence								disease_199_observability	300.0	3.0	significant	debiased_response_l2_gain		observability		30.0	fewer than two clusters or outcome classes remain	0.15
validation_unavailable	disease_convergence									300.0	3.0	significant	debiased_response_l2_gain		observability		50.0	disease labels are tied to the source study cluster resolution	0.15
validation_unavailable	disease_convergence									300.0	3.0	significant	debiased_response_l2_gain		reproducibility		15.0	disease labels are tied to the source study cluster resolution	0.15
validation_unavailable	disease_convergence								disease_199_reproducibility	300.0	3.0	significant	debiased_response_l2_gain		reproducibility		30.0	fewer than two clusters or outcome classes remain	0.15
validation_unavailable	disease_convergence									300.0	3.0	significant	debiased_response_l2_gain		reproducibility		50.0	disease labels are tied to the source study cluster resolution	0.15
validation_unavailable	disease_convergence									300.0	3.0	significant	debiased_response_l2_gain		no_state		15.0	disease labels are tied to the source study cluster resolution	0.15
validation_unavailable	disease_convergence								disease_199_no_state	300.0	3.0	significant	debiased_response_l2_gain		no_state		30.0	fewer than two clusters or outcome classes remain	0.15
validation_unavailable	disease_convergence									300.0	3.0	significant	debiased_response_l2_gain		no_state		50.0	disease labels are tied to the source study cluster resolution	0.15
validation_unavailable	disease_convergence									300.0	3.0	significant	debiased_response_l2_gain		minimal		15.0	disease labels are tied to the source study cluster resolution	0.2
validation_unavailable	disease_convergence								disease_200_minimal	300.0	3.0	significant	debiased_response_l2_gain		minimal		30.0	fewer than two clusters or outcome classes remain	0.2
validation_unavailable	disease_convergence									300.0	3.0	significant	debiased_response_l2_gain		minimal		50.0	disease labels are tied to the source study cluster resolution	0.2
validation_unavailable	disease_convergence									300.0	3.0	significant	debiased_response_l2_gain		observability		15.0	disease labels are tied to the source study cluster resolution	0.2
validation_unavailable	disease_convergence								disease_200_observability	300.0	3.0	significant	debiased_response_l2_gain		observability		30.0	fewer than two clusters or outcome classes remain	0.2
validation_unavailable	disease_convergence									300.0	3.0	significant	debiased_response_l2_gain		observability		50.0	disease labels are tied to the source study cluster resolution	0.2
validation_unavailable	disease_convergence									300.0	3.0	significant	debiased_response_l2_gain		reproducibility		15.0	disease labels are tied to the source study cluster resolution	0.2
validation_unavailable	disease_convergence								disease_200_reproducibility	300.0	3.0	significant	debiased_response_l2_gain		reproducibility		30.0	fewer than two clusters or outcome classes remain	0.2
validation_unavailable	disease_convergence									300.0	3.0	significant	debiased_response_l2_gain		reproducibility		50.0	disease labels are tied to the source study cluster resolution	0.2
validation_unavailable	disease_convergence									300.0	3.0	significant	debiased_response_l2_gain		no_state		15.0	disease labels are tied to the source study cluster resolution	0.2
validation_unavailable	disease_convergence								disease_200_no_state	300.0	3.0	significant	debiased_response_l2_gain		no_state		30.0	fewer than two clusters or outcome classes remain	0.2
validation_unavailable	disease_convergence									300.0	3.0	significant	debiased_response_l2_gain		no_state		50.0	disease labels are tied to the source study cluster resolution	0.2
validation_unavailable	disease_convergence									300.0	3.0	significant	significant_response_l1_gain		minimal		15.0	disease labels are tied to the source study cluster resolution	0.05
validation_unavailable	disease_convergence								disease_201_minimal	300.0	3.0	significant	significant_response_l1_gain		minimal		30.0	fewer than two clusters or outcome classes remain	0.05
validation_unavailable	disease_convergence									300.0	3.0	significant	significant_response_l1_gain		minimal		50.0	disease labels are tied to the source study cluster resolution	0.05
validation_unavailable	disease_convergence									300.0	3.0	significant	significant_response_l1_gain		observability		15.0	disease labels are tied to the source study cluster resolution	0.05
validation_unavailable	disease_convergence								disease_201_observability	300.0	3.0	significant	significant_response_l1_gain		observability		30.0	fewer than two clusters or outcome classes remain	0.05
validation_unavailable	disease_convergence									300.0	3.0	significant	significant_response_l1_gain		observability		50.0	disease labels are tied to the source study cluster resolution	0.05
validation_unavailable	disease_convergence									300.0	3.0	significant	significant_response_l1_gain		reproducibility		15.0	disease labels are tied to the source study cluster resolution	0.05
validation_unavailable	disease_convergence								disease_201_reproducibility	300.0	3.0	significant	significant_response_l1_gain		reproducibility		30.0	fewer than two clusters or outcome classes remain	0.05
validation_unavailable	disease_convergence									300.0	3.0	significant	significant_response_l1_gain		reproducibility		50.0	disease labels are tied to the source study cluster resolution	0.05
validation_unavailable	disease_convergence									300.0	3.0	significant	significant_response_l1_gain		no_state		15.0	disease labels are tied to the source study cluster resolution	0.05
validation_unavailable	disease_convergence								disease_201_no_state	300.0	3.0	significant	significant_response_l1_gain		no_state		30.0	fewer than two clusters or outcome classes remain	0.05
validation_unavailable	disease_convergence									300.0	3.0	significant	significant_response_l1_gain		no_state		50.0	disease labels are tied to the source study cluster resolution	0.05
validation_unavailable	disease_convergence									300.0	3.0	significant	significant_response_l1_gain		minimal		15.0	disease labels are tied to the source study cluster resolution	0.1
validation_unavailable	disease_convergence								disease_202_minimal	300.0	3.0	significant	significant_response_l1_gain		minimal		30.0	fewer than two clusters or outcome classes remain	0.1
validation_unavailable	disease_convergence									300.0	3.0	significant	significant_response_l1_gain		minimal		50.0	disease labels are tied to the source study cluster resolution	0.1
validation_unavailable	disease_convergence									300.0	3.0	significant	significant_response_l1_gain		observability		15.0	disease labels are tied to the source study cluster resolution	0.1
validation_unavailable	disease_convergence								disease_202_observability	300.0	3.0	significant	significant_response_l1_gain		observability		30.0	fewer than two clusters or outcome classes remain	0.1
validation_unavailable	disease_convergence									300.0	3.0	significant	significant_response_l1_gain		observability		50.0	disease labels are tied to the source study cluster resolution	0.1
validation_unavailable	disease_convergence									300.0	3.0	significant	significant_response_l1_gain		reproducibility		15.0	disease labels are tied to the source study cluster resolution	0.1
validation_unavailable	disease_convergence								disease_202_reproducibility	300.0	3.0	significant	significant_response_l1_gain		reproducibility		30.0	fewer than two clusters or outcome classes remain	0.1
validation_unavailable	disease_convergence									300.0	3.0	significant	significant_response_l1_gain		reproducibility		50.0	disease labels are tied to the source study cluster resolution	0.1
validation_unavailable	disease_convergence									300.0	3.0	significant	significant_response_l1_gain		no_state		15.0	disease labels are tied to the source study cluster resolution	0.1
validation_unavailable	disease_convergence								disease_202_no_state	300.0	3.0	significant	significant_response_l1_gain		no_state		30.0	fewer than two clusters or outcome classes remain	0.1
validation_unavailable	disease_convergence									300.0	3.0	significant	significant_response_l1_gain		no_state		50.0	disease labels are tied to the source study cluster resolution	0.1
validation_unavailable	disease_convergence									300.0	3.0	significant	significant_response_l1_gain		minimal		15.0	disease labels are tied to the source study cluster resolution	0.15
validation_unavailable	disease_convergence								disease_203_minimal	300.0	3.0	significant	significant_response_l1_gain		minimal		30.0	fewer than two clusters or outcome classes remain	0.15
validation_unavailable	disease_convergence									300.0	3.0	significant	significant_response_l1_gain		minimal		50.0	disease labels are tied to the source study cluster resolution	0.15
validation_unavailable	disease_convergence									300.0	3.0	significant	significant_response_l1_gain		observability		15.0	disease labels are tied to the source study cluster resolution	0.15
validation_unavailable	disease_convergence								disease_203_observability	300.0	3.0	significant	significant_response_l1_gain		observability		30.0	fewer than two clusters or outcome classes remain	0.15
validation_unavailable	disease_convergence									300.0	3.0	significant	significant_response_l1_gain		observability		50.0	disease labels are tied to the source study cluster resolution	0.15
validation_unavailable	disease_convergence									300.0	3.0	significant	significant_response_l1_gain		reproducibility		15.0	disease labels are tied to the source study cluster resolution	0.15
validation_unavailable	disease_convergence								disease_203_reproducibility	300.0	3.0	significant	significant_response_l1_gain		reproducibility		30.0	fewer than two clusters or outcome classes remain	0.15
validation_unavailable	disease_convergence									300.0	3.0	significant	significant_response_l1_gain		reproducibility		50.0	disease labels are tied to the source study cluster resolution	0.15
validation_unavailable	disease_convergence									300.0	3.0	significant	significant_response_l1_gain		no_state		15.0	disease labels are tied to the source study cluster resolution	0.15
validation_unavailable	disease_convergence								disease_203_no_state	300.0	3.0	significant	significant_response_l1_gain		no_state		30.0	fewer than two clusters or outcome classes remain	0.15
validation_unavailable	disease_convergence									300.0	3.0	significant	significant_response_l1_gain		no_state		50.0	disease labels are tied to the source study cluster resolution	0.15
validation_unavailable	disease_convergence									300.0	3.0	significant	significant_response_l1_gain		minimal		15.0	disease labels are tied to the source study cluster resolution	0.2
validation_unavailable	disease_convergence								disease_204_minimal	300.0	3.0	significant	significant_response_l1_gain		minimal		30.0	fewer than two clusters or outcome classes remain	0.2
validation_unavailable	disease_convergence									300.0	3.0	significant	significant_response_l1_gain		minimal		50.0	disease labels are tied to the source study cluster resolution	0.2
validation_unavailable	disease_convergence									300.0	3.0	significant	significant_response_l1_gain		observability		15.0	disease labels are tied to the source study cluster resolution	0.2
validation_unavailable	disease_convergence								disease_204_observability	300.0	3.0	significant	significant_response_l1_gain		observability		30.0	fewer than two clusters or outcome classes remain	0.2
validation_unavailable	disease_convergence									300.0	3.0	significant	significant_response_l1_gain		observability		50.0	disease labels are tied to the source study cluster resolution	0.2
validation_unavailable	disease_convergence									300.0	3.0	significant	significant_response_l1_gain		reproducibility		15.0	disease labels are tied to the source study cluster resolution	0.2
validation_unavailable	disease_convergence								disease_204_reproducibility	300.0	3.0	significant	significant_response_l1_gain		reproducibility		30.0	fewer than two clusters or outcome classes remain	0.2
validation_unavailable	disease_convergence									300.0	3.0	significant	significant_response_l1_gain		reproducibility		50.0	disease labels are tied to the source study cluster resolution	0.2
validation_unavailable	disease_convergence									300.0	3.0	significant	significant_response_l1_gain		no_state		15.0	disease labels are tied to the source study cluster resolution	0.2
validation_unavailable	disease_convergence								disease_204_no_state	300.0	3.0	significant	significant_response_l1_gain		no_state		30.0	fewer than two clusters or outcome classes remain	0.2
validation_unavailable	disease_convergence									300.0	3.0	significant	significant_response_l1_gain		no_state		50.0	disease labels are tied to the source study cluster resolution	0.2
validation_unavailable	disease_convergence									300.0	3.0	significant_and_absolute_z_at_least_2	distal_gene_count_residual		minimal		15.0	disease labels are tied to the source study cluster resolution	0.05
validation_unavailable	disease_convergence								disease_205_minimal	300.0	3.0	significant_and_absolute_z_at_least_2	distal_gene_count_residual		minimal		30.0	fewer than two clusters or outcome classes remain	0.05
validation_unavailable	disease_convergence									300.0	3.0	significant_and_absolute_z_at_least_2	distal_gene_count_residual		minimal		50.0	disease labels are tied to the source study cluster resolution	0.05
validation_unavailable	disease_convergence									300.0	3.0	significant_and_absolute_z_at_least_2	distal_gene_count_residual		observability		15.0	disease labels are tied to the source study cluster resolution	0.05
validation_unavailable	disease_convergence								disease_205_observability	300.0	3.0	significant_and_absolute_z_at_least_2	distal_gene_count_residual		observability		30.0	fewer than two clusters or outcome classes remain	0.05
validation_unavailable	disease_convergence									300.0	3.0	significant_and_absolute_z_at_least_2	distal_gene_count_residual		observability		50.0	disease labels are tied to the source study cluster resolution	0.05
validation_unavailable	disease_convergence									300.0	3.0	significant_and_absolute_z_at_least_2	distal_gene_count_residual		reproducibility		15.0	disease labels are tied to the source study cluster resolution	0.05
validation_unavailable	disease_convergence								disease_205_reproducibility	300.0	3.0	significant_and_absolute_z_at_least_2	distal_gene_count_residual		reproducibility		30.0	fewer than two clusters or outcome classes remain	0.05
validation_unavailable	disease_convergence									300.0	3.0	significant_and_absolute_z_at_least_2	distal_gene_count_residual		reproducibility		50.0	disease labels are tied to the source study cluster resolution	0.05
validation_unavailable	disease_convergence									300.0	3.0	significant_and_absolute_z_at_least_2	distal_gene_count_residual		no_state		15.0	disease labels are tied to the source study cluster resolution	0.05
validation_unavailable	disease_convergence								disease_205_no_state	300.0	3.0	significant_and_absolute_z_at_least_2	distal_gene_count_residual		no_state		30.0	fewer than two clusters or outcome classes remain	0.05
validation_unavailable	disease_convergence									300.0	3.0	significant_and_absolute_z_at_least_2	distal_gene_count_residual		no_state		50.0	disease labels are tied to the source study cluster resolution	0.05
validation_unavailable	disease_convergence									300.0	3.0	significant_and_absolute_z_at_least_2	distal_gene_count_residual		minimal		15.0	disease labels are tied to the source study cluster resolution	0.1
validation_unavailable	disease_convergence								disease_206_minimal	300.0	3.0	significant_and_absolute_z_at_least_2	distal_gene_count_residual		minimal		30.0	fewer than two clusters or outcome classes remain	0.1
validation_unavailable	disease_convergence									300.0	3.0	significant_and_absolute_z_at_least_2	distal_gene_count_residual		minimal		50.0	disease labels are tied to the source study cluster resolution	0.1
validation_unavailable	disease_convergence									300.0	3.0	significant_and_absolute_z_at_least_2	distal_gene_count_residual		observability		15.0	disease labels are tied to the source study cluster resolution	0.1
validation_unavailable	disease_convergence								disease_206_observability	300.0	3.0	significant_and_absolute_z_at_least_2	distal_gene_count_residual		observability		30.0	fewer than two clusters or outcome classes remain	0.1
validation_unavailable	disease_convergence									300.0	3.0	significant_and_absolute_z_at_least_2	distal_gene_count_residual		observability		50.0	disease labels are tied to the source study cluster resolution	0.1
validation_unavailable	disease_convergence									300.0	3.0	significant_and_absolute_z_at_least_2	distal_gene_count_residual		reproducibility		15.0	disease labels are tied to the source study cluster resolution	0.1
validation_unavailable	disease_convergence								disease_206_reproducibility	300.0	3.0	significant_and_absolute_z_at_least_2	distal_gene_count_residual		reproducibility		30.0	fewer than two clusters or outcome classes remain	0.1
validation_unavailable	disease_convergence									300.0	3.0	significant_and_absolute_z_at_least_2	distal_gene_count_residual		reproducibility		50.0	disease labels are tied to the source study cluster resolution	0.1
validation_unavailable	disease_convergence									300.0	3.0	significant_and_absolute_z_at_least_2	distal_gene_count_residual		no_state		15.0	disease labels are tied to the source study cluster resolution	0.1
validation_unavailable	disease_convergence								disease_206_no_state	300.0	3.0	significant_and_absolute_z_at_least_2	distal_gene_count_residual		no_state		30.0	fewer than two clusters or outcome classes remain	0.1
validation_unavailable	disease_convergence									300.0	3.0	significant_and_absolute_z_at_least_2	distal_gene_count_residual		no_state		50.0	disease labels are tied to the source study cluster resolution	0.1
validation_unavailable	disease_convergence									300.0	3.0	significant_and_absolute_z_at_least_2	distal_gene_count_residual		minimal		15.0	disease labels are tied to the source study cluster resolution	0.15
validation_unavailable	disease_convergence								disease_207_minimal	300.0	3.0	significant_and_absolute_z_at_least_2	distal_gene_count_residual		minimal		30.0	fewer than two clusters or outcome classes remain	0.15
validation_unavailable	disease_convergence									300.0	3.0	significant_and_absolute_z_at_least_2	distal_gene_count_residual		minimal		50.0	disease labels are tied to the source study cluster resolution	0.15
validation_unavailable	disease_convergence									300.0	3.0	significant_and_absolute_z_at_least_2	distal_gene_count_residual		observability		15.0	disease labels are tied to the source study cluster resolution	0.15
validation_unavailable	disease_convergence								disease_207_observability	300.0	3.0	significant_and_absolute_z_at_least_2	distal_gene_count_residual		observability		30.0	fewer than two clusters or outcome classes remain	0.15
validation_unavailable	disease_convergence									300.0	3.0	significant_and_absolute_z_at_least_2	distal_gene_count_residual		observability		50.0	disease labels are tied to the source study cluster resolution	0.15
validation_unavailable	disease_convergence									300.0	3.0	significant_and_absolute_z_at_least_2	distal_gene_count_residual		reproducibility		15.0	disease labels are tied to the source study cluster resolution	0.15
validation_unavailable	disease_convergence								disease_207_reproducibility	300.0	3.0	significant_and_absolute_z_at_least_2	distal_gene_count_residual		reproducibility		30.0	fewer than two clusters or outcome classes remain	0.15
validation_unavailable	disease_convergence									300.0	3.0	significant_and_absolute_z_at_least_2	distal_gene_count_residual		reproducibility		50.0	disease labels are tied to the source study cluster resolution	0.15
validation_unavailable	disease_convergence									300.0	3.0	significant_and_absolute_z_at_least_2	distal_gene_count_residual		no_state		15.0	disease labels are tied to the source study cluster resolution	0.15
validation_unavailable	disease_convergence								disease_207_no_state	300.0	3.0	significant_and_absolute_z_at_least_2	distal_gene_count_residual		no_state		30.0	fewer than two clusters or outcome classes remain	0.15
validation_unavailable	disease_convergence									300.0	3.0	significant_and_absolute_z_at_least_2	distal_gene_count_residual		no_state		50.0	disease labels are tied to the source study cluster resolution	0.15
validation_unavailable	disease_convergence									300.0	3.0	significant_and_absolute_z_at_least_2	distal_gene_count_residual		minimal		15.0	disease labels are tied to the source study cluster resolution	0.2
validation_unavailable	disease_convergence								disease_208_minimal	300.0	3.0	significant_and_absolute_z_at_least_2	distal_gene_count_residual		minimal		30.0	fewer than two clusters or outcome classes remain	0.2
validation_unavailable	disease_convergence									300.0	3.0	significant_and_absolute_z_at_least_2	distal_gene_count_residual		minimal		50.0	disease labels are tied to the source study cluster resolution	0.2
validation_unavailable	disease_convergence									300.0	3.0	significant_and_absolute_z_at_least_2	distal_gene_count_residual		observability		15.0	disease labels are tied to the source study cluster resolution	0.2
validation_unavailable	disease_convergence								disease_208_observability	300.0	3.0	significant_and_absolute_z_at_least_2	distal_gene_count_residual		observability		30.0	fewer than two clusters or outcome classes remain	0.2
validation_unavailable	disease_convergence									300.0	3.0	significant_and_absolute_z_at_least_2	distal_gene_count_residual		observability		50.0	disease labels are tied to the source study cluster resolution	0.2
validation_unavailable	disease_convergence									300.0	3.0	significant_and_absolute_z_at_least_2	distal_gene_count_residual		reproducibility		15.0	disease labels are tied to the source study cluster resolution	0.2
validation_unavailable	disease_convergence								disease_208_reproducibility	300.0	3.0	significant_and_absolute_z_at_least_2	distal_gene_count_residual		reproducibility		30.0	fewer than two clusters or outcome classes remain	0.2
validation_unavailable	disease_convergence									300.0	3.0	significant_and_absolute_z_at_least_2	distal_gene_count_residual		reproducibility		50.0	disease labels are tied to the source study cluster resolution	0.2
validation_unavailable	disease_convergence									300.0	3.0	significant_and_absolute_z_at_least_2	distal_gene_count_residual		no_state		15.0	disease labels are tied to the source study cluster resolution	0.2
validation_unavailable	disease_convergence								disease_208_no_state	300.0	3.0	significant_and_absolute_z_at_least_2	distal_gene_count_residual		no_state		30.0	fewer than two clusters or outcome classes remain	0.2
validation_unavailable	disease_convergence									300.0	3.0	significant_and_absolute_z_at_least_2	distal_gene_count_residual		no_state		50.0	disease labels are tied to the source study cluster resolution	0.2
validation_unavailable	disease_convergence									300.0	3.0	significant_and_absolute_z_at_least_2	debiased_response_l2_gain		minimal		15.0	disease labels are tied to the source study cluster resolution	0.05
validation_unavailable	disease_convergence								disease_209_minimal	300.0	3.0	significant_and_absolute_z_at_least_2	debiased_response_l2_gain		minimal		30.0	fewer than two clusters or outcome classes remain	0.05
validation_unavailable	disease_convergence									300.0	3.0	significant_and_absolute_z_at_least_2	debiased_response_l2_gain		minimal		50.0	disease labels are tied to the source study cluster resolution	0.05
validation_unavailable	disease_convergence									300.0	3.0	significant_and_absolute_z_at_least_2	debiased_response_l2_gain		observability		15.0	disease labels are tied to the source study cluster resolution	0.05
validation_unavailable	disease_convergence								disease_209_observability	300.0	3.0	significant_and_absolute_z_at_least_2	debiased_response_l2_gain		observability		30.0	fewer than two clusters or outcome classes remain	0.05
validation_unavailable	disease_convergence									300.0	3.0	significant_and_absolute_z_at_least_2	debiased_response_l2_gain		observability		50.0	disease labels are tied to the source study cluster resolution	0.05
validation_unavailable	disease_convergence									300.0	3.0	significant_and_absolute_z_at_least_2	debiased_response_l2_gain		reproducibility		15.0	disease labels are tied to the source study cluster resolution	0.05
validation_unavailable	disease_convergence								disease_209_reproducibility	300.0	3.0	significant_and_absolute_z_at_least_2	debiased_response_l2_gain		reproducibility		30.0	fewer than two clusters or outcome classes remain	0.05
validation_unavailable	disease_convergence									300.0	3.0	significant_and_absolute_z_at_least_2	debiased_response_l2_gain		reproducibility		50.0	disease labels are tied to the source study cluster resolution	0.05
validation_unavailable	disease_convergence									300.0	3.0	significant_and_absolute_z_at_least_2	debiased_response_l2_gain		no_state		15.0	disease labels are tied to the source study cluster resolution	0.05
validation_unavailable	disease_convergence								disease_209_no_state	300.0	3.0	significant_and_absolute_z_at_least_2	debiased_response_l2_gain		no_state		30.0	fewer than two clusters or outcome classes remain	0.05
validation_unavailable	disease_convergence									300.0	3.0	significant_and_absolute_z_at_least_2	debiased_response_l2_gain		no_state		50.0	disease labels are tied to the source study cluster resolution	0.05
validation_unavailable	disease_convergence									300.0	3.0	significant_and_absolute_z_at_least_2	debiased_response_l2_gain		minimal		15.0	disease labels are tied to the source study cluster resolution	0.1
validation_unavailable	disease_convergence								disease_210_minimal	300.0	3.0	significant_and_absolute_z_at_least_2	debiased_response_l2_gain		minimal		30.0	fewer than two clusters or outcome classes remain	0.1
validation_unavailable	disease_convergence									300.0	3.0	significant_and_absolute_z_at_least_2	debiased_response_l2_gain		minimal		50.0	disease labels are tied to the source study cluster resolution	0.1
validation_unavailable	disease_convergence									300.0	3.0	significant_and_absolute_z_at_least_2	debiased_response_l2_gain		observability		15.0	disease labels are tied to the source study cluster resolution	0.1
validation_unavailable	disease_convergence								disease_210_observability	300.0	3.0	significant_and_absolute_z_at_least_2	debiased_response_l2_gain		observability		30.0	fewer than two clusters or outcome classes remain	0.1
validation_unavailable	disease_convergence									300.0	3.0	significant_and_absolute_z_at_least_2	debiased_response_l2_gain		observability		50.0	disease labels are tied to the source study cluster resolution	0.1
validation_unavailable	disease_convergence									300.0	3.0	significant_and_absolute_z_at_least_2	debiased_response_l2_gain		reproducibility		15.0	disease labels are tied to the source study cluster resolution	0.1
validation_unavailable	disease_convergence								disease_210_reproducibility	300.0	3.0	significant_and_absolute_z_at_least_2	debiased_response_l2_gain		reproducibility		30.0	fewer than two clusters or outcome classes remain	0.1
validation_unavailable	disease_convergence									300.0	3.0	significant_and_absolute_z_at_least_2	debiased_response_l2_gain		reproducibility		50.0	disease labels are tied to the source study cluster resolution	0.1
validation_unavailable	disease_convergence									300.0	3.0	significant_and_absolute_z_at_least_2	debiased_response_l2_gain		no_state		15.0	disease labels are tied to the source study cluster resolution	0.1
validation_unavailable	disease_convergence								disease_210_no_state	300.0	3.0	significant_and_absolute_z_at_least_2	debiased_response_l2_gain		no_state		30.0	fewer than two clusters or outcome classes remain	0.1
validation_unavailable	disease_convergence									300.0	3.0	significant_and_absolute_z_at_least_2	debiased_response_l2_gain		no_state		50.0	disease labels are tied to the source study cluster resolution	0.1
validation_unavailable	disease_convergence									300.0	3.0	significant_and_absolute_z_at_least_2	debiased_response_l2_gain		minimal		15.0	disease labels are tied to the source study cluster resolution	0.15
validation_unavailable	disease_convergence								disease_211_minimal	300.0	3.0	significant_and_absolute_z_at_least_2	debiased_response_l2_gain		minimal		30.0	fewer than two clusters or outcome classes remain	0.15
validation_unavailable	disease_convergence									300.0	3.0	significant_and_absolute_z_at_least_2	debiased_response_l2_gain		minimal		50.0	disease labels are tied to the source study cluster resolution	0.15
validation_unavailable	disease_convergence									300.0	3.0	significant_and_absolute_z_at_least_2	debiased_response_l2_gain		observability		15.0	disease labels are tied to the source study cluster resolution	0.15
validation_unavailable	disease_convergence								disease_211_observability	300.0	3.0	significant_and_absolute_z_at_least_2	debiased_response_l2_gain		observability		30.0	fewer than two clusters or outcome classes remain	0.15
validation_unavailable	disease_convergence									300.0	3.0	significant_and_absolute_z_at_least_2	debiased_response_l2_gain		observability		50.0	disease labels are tied to the source study cluster resolution	0.15
validation_unavailable	disease_convergence									300.0	3.0	significant_and_absolute_z_at_least_2	debiased_response_l2_gain		reproducibility		15.0	disease labels are tied to the source study cluster resolution	0.15
validation_unavailable	disease_convergence								disease_211_reproducibility	300.0	3.0	significant_and_absolute_z_at_least_2	debiased_response_l2_gain		reproducibility		30.0	fewer than two clusters or outcome classes remain	0.15
validation_unavailable	disease_convergence									300.0	3.0	significant_and_absolute_z_at_least_2	debiased_response_l2_gain		reproducibility		50.0	disease labels are tied to the source study cluster resolution	0.15
validation_unavailable	disease_convergence									300.0	3.0	significant_and_absolute_z_at_least_2	debiased_response_l2_gain		no_state		15.0	disease labels are tied to the source study cluster resolution	0.15
validation_unavailable	disease_convergence								disease_211_no_state	300.0	3.0	significant_and_absolute_z_at_least_2	debiased_response_l2_gain		no_state		30.0	fewer than two clusters or outcome classes remain	0.15
validation_unavailable	disease_convergence									300.0	3.0	significant_and_absolute_z_at_least_2	debiased_response_l2_gain		no_state		50.0	disease labels are tied to the source study cluster resolution	0.15
validation_unavailable	disease_convergence									300.0	3.0	significant_and_absolute_z_at_least_2	debiased_response_l2_gain		minimal		15.0	disease labels are tied to the source study cluster resolution	0.2
validation_unavailable	disease_convergence								disease_212_minimal	300.0	3.0	significant_and_absolute_z_at_least_2	debiased_response_l2_gain		minimal		30.0	fewer than two clusters or outcome classes remain	0.2
validation_unavailable	disease_convergence									300.0	3.0	significant_and_absolute_z_at_least_2	debiased_response_l2_gain		minimal		50.0	disease labels are tied to the source study cluster resolution	0.2
validation_unavailable	disease_convergence									300.0	3.0	significant_and_absolute_z_at_least_2	debiased_response_l2_gain		observability		15.0	disease labels are tied to the source study cluster resolution	0.2
validation_unavailable	disease_convergence								disease_212_observability	300.0	3.0	significant_and_absolute_z_at_least_2	debiased_response_l2_gain		observability		30.0	fewer than two clusters or outcome classes remain	0.2
validation_unavailable	disease_convergence									300.0	3.0	significant_and_absolute_z_at_least_2	debiased_response_l2_gain		observability		50.0	disease labels are tied to the source study cluster resolution	0.2
validation_unavailable	disease_convergence									300.0	3.0	significant_and_absolute_z_at_least_2	debiased_response_l2_gain		reproducibility		15.0	disease labels are tied to the source study cluster resolution	0.2
validation_unavailable	disease_convergence								disease_212_reproducibility	300.0	3.0	significant_and_absolute_z_at_least_2	debiased_response_l2_gain		reproducibility		30.0	fewer than two clusters or outcome classes remain	0.2
validation_unavailable	disease_convergence									300.0	3.0	significant_and_absolute_z_at_least_2	debiased_response_l2_gain		reproducibility		50.0	disease labels are tied to the source study cluster resolution	0.2
validation_unavailable	disease_convergence									300.0	3.0	significant_and_absolute_z_at_least_2	debiased_response_l2_gain		no_state		15.0	disease labels are tied to the source study cluster resolution	0.2
validation_unavailable	disease_convergence								disease_212_no_state	300.0	3.0	significant_and_absolute_z_at_least_2	debiased_response_l2_gain		no_state		30.0	fewer than two clusters or outcome classes remain	0.2
validation_unavailable	disease_convergence									300.0	3.0	significant_and_absolute_z_at_least_2	debiased_response_l2_gain		no_state		50.0	disease labels are tied to the source study cluster resolution	0.2
validation_unavailable	disease_convergence									300.0	3.0	significant_and_absolute_z_at_least_2	significant_response_l1_gain		minimal		15.0	disease labels are tied to the source study cluster resolution	0.05
validation_unavailable	disease_convergence								disease_213_minimal	300.0	3.0	significant_and_absolute_z_at_least_2	significant_response_l1_gain		minimal		30.0	fewer than two clusters or outcome classes remain	0.05
validation_unavailable	disease_convergence									300.0	3.0	significant_and_absolute_z_at_least_2	significant_response_l1_gain		minimal		50.0	disease labels are tied to the source study cluster resolution	0.05
validation_unavailable	disease_convergence									300.0	3.0	significant_and_absolute_z_at_least_2	significant_response_l1_gain		observability		15.0	disease labels are tied to the source study cluster resolution	0.05
validation_unavailable	disease_convergence								disease_213_observability	300.0	3.0	significant_and_absolute_z_at_least_2	significant_response_l1_gain		observability		30.0	fewer than two clusters or outcome classes remain	0.05
validation_unavailable	disease_convergence									300.0	3.0	significant_and_absolute_z_at_least_2	significant_response_l1_gain		observability		50.0	disease labels are tied to the source study cluster resolution	0.05
validation_unavailable	disease_convergence									300.0	3.0	significant_and_absolute_z_at_least_2	significant_response_l1_gain		reproducibility		15.0	disease labels are tied to the source study cluster resolution	0.05
validation_unavailable	disease_convergence								disease_213_reproducibility	300.0	3.0	significant_and_absolute_z_at_least_2	significant_response_l1_gain		reproducibility		30.0	fewer than two clusters or outcome classes remain	0.05
validation_unavailable	disease_convergence									300.0	3.0	significant_and_absolute_z_at_least_2	significant_response_l1_gain		reproducibility		50.0	disease labels are tied to the source study cluster resolution	0.05
validation_unavailable	disease_convergence									300.0	3.0	significant_and_absolute_z_at_least_2	significant_response_l1_gain		no_state		15.0	disease labels are tied to the source study cluster resolution	0.05
validation_unavailable	disease_convergence								disease_213_no_state	300.0	3.0	significant_and_absolute_z_at_least_2	significant_response_l1_gain		no_state		30.0	fewer than two clusters or outcome classes remain	0.05
validation_unavailable	disease_convergence									300.0	3.0	significant_and_absolute_z_at_least_2	significant_response_l1_gain		no_state		50.0	disease labels are tied to the source study cluster resolution	0.05
validation_unavailable	disease_convergence									300.0	3.0	significant_and_absolute_z_at_least_2	significant_response_l1_gain		minimal		15.0	disease labels are tied to the source study cluster resolution	0.1
validation_unavailable	disease_convergence								disease_214_minimal	300.0	3.0	significant_and_absolute_z_at_least_2	significant_response_l1_gain		minimal		30.0	fewer than two clusters or outcome classes remain	0.1
validation_unavailable	disease_convergence									300.0	3.0	significant_and_absolute_z_at_least_2	significant_response_l1_gain		minimal		50.0	disease labels are tied to the source study cluster resolution	0.1
validation_unavailable	disease_convergence									300.0	3.0	significant_and_absolute_z_at_least_2	significant_response_l1_gain		observability		15.0	disease labels are tied to the source study cluster resolution	0.1
validation_unavailable	disease_convergence								disease_214_observability	300.0	3.0	significant_and_absolute_z_at_least_2	significant_response_l1_gain		observability		30.0	fewer than two clusters or outcome classes remain	0.1
validation_unavailable	disease_convergence									300.0	3.0	significant_and_absolute_z_at_least_2	significant_response_l1_gain		observability		50.0	disease labels are tied to the source study cluster resolution	0.1
validation_unavailable	disease_convergence									300.0	3.0	significant_and_absolute_z_at_least_2	significant_response_l1_gain		reproducibility		15.0	disease labels are tied to the source study cluster resolution	0.1
validation_unavailable	disease_convergence								disease_214_reproducibility	300.0	3.0	significant_and_absolute_z_at_least_2	significant_response_l1_gain		reproducibility		30.0	fewer than two clusters or outcome classes remain	0.1
validation_unavailable	disease_convergence									300.0	3.0	significant_and_absolute_z_at_least_2	significant_response_l1_gain		reproducibility		50.0	disease labels are tied to the source study cluster resolution	0.1
validation_unavailable	disease_convergence									300.0	3.0	significant_and_absolute_z_at_least_2	significant_response_l1_gain		no_state		15.0	disease labels are tied to the source study cluster resolution	0.1
validation_unavailable	disease_convergence								disease_214_no_state	300.0	3.0	significant_and_absolute_z_at_least_2	significant_response_l1_gain		no_state		30.0	fewer than two clusters or outcome classes remain	0.1
validation_unavailable	disease_convergence									300.0	3.0	significant_and_absolute_z_at_least_2	significant_response_l1_gain		no_state		50.0	disease labels are tied to the source study cluster resolution	0.1
validation_unavailable	disease_convergence									300.0	3.0	significant_and_absolute_z_at_least_2	significant_response_l1_gain		minimal		15.0	disease labels are tied to the source study cluster resolution	0.15
validation_unavailable	disease_convergence								disease_215_minimal	300.0	3.0	significant_and_absolute_z_at_least_2	significant_response_l1_gain		minimal		30.0	fewer than two clusters or outcome classes remain	0.15
validation_unavailable	disease_convergence									300.0	3.0	significant_and_absolute_z_at_least_2	significant_response_l1_gain		minimal		50.0	disease labels are tied to the source study cluster resolution	0.15
validation_unavailable	disease_convergence									300.0	3.0	significant_and_absolute_z_at_least_2	significant_response_l1_gain		observability		15.0	disease labels are tied to the source study cluster resolution	0.15
validation_unavailable	disease_convergence								disease_215_observability	300.0	3.0	significant_and_absolute_z_at_least_2	significant_response_l1_gain		observability		30.0	fewer than two clusters or outcome classes remain	0.15
validation_unavailable	disease_convergence									300.0	3.0	significant_and_absolute_z_at_least_2	significant_response_l1_gain		observability		50.0	disease labels are tied to the source study cluster resolution	0.15
validation_unavailable	disease_convergence									300.0	3.0	significant_and_absolute_z_at_least_2	significant_response_l1_gain		reproducibility		15.0	disease labels are tied to the source study cluster resolution	0.15
validation_unavailable	disease_convergence								disease_215_reproducibility	300.0	3.0	significant_and_absolute_z_at_least_2	significant_response_l1_gain		reproducibility		30.0	fewer than two clusters or outcome classes remain	0.15
validation_unavailable	disease_convergence									300.0	3.0	significant_and_absolute_z_at_least_2	significant_response_l1_gain		reproducibility		50.0	disease labels are tied to the source study cluster resolution	0.15
validation_unavailable	disease_convergence									300.0	3.0	significant_and_absolute_z_at_least_2	significant_response_l1_gain		no_state		15.0	disease labels are tied to the source study cluster resolution	0.15
validation_unavailable	disease_convergence								disease_215_no_state	300.0	3.0	significant_and_absolute_z_at_least_2	significant_response_l1_gain		no_state		30.0	fewer than two clusters or outcome classes remain	0.15
validation_unavailable	disease_convergence									300.0	3.0	significant_and_absolute_z_at_least_2	significant_response_l1_gain		no_state		50.0	disease labels are tied to the source study cluster resolution	0.15
validation_unavailable	disease_convergence									300.0	3.0	significant_and_absolute_z_at_least_2	significant_response_l1_gain		minimal		15.0	disease labels are tied to the source study cluster resolution	0.2
validation_unavailable	disease_convergence								disease_216_minimal	300.0	3.0	significant_and_absolute_z_at_least_2	significant_response_l1_gain		minimal		30.0	fewer than two clusters or outcome classes remain	0.2
validation_unavailable	disease_convergence									300.0	3.0	significant_and_absolute_z_at_least_2	significant_response_l1_gain		minimal		50.0	disease labels are tied to the source study cluster resolution	0.2
validation_unavailable	disease_convergence									300.0	3.0	significant_and_absolute_z_at_least_2	significant_response_l1_gain		observability		15.0	disease labels are tied to the source study cluster resolution	0.2
validation_unavailable	disease_convergence								disease_216_observability	300.0	3.0	significant_and_absolute_z_at_least_2	significant_response_l1_gain		observability		30.0	fewer than two clusters or outcome classes remain	0.2
validation_unavailable	disease_convergence									300.0	3.0	significant_and_absolute_z_at_least_2	significant_response_l1_gain		observability		50.0	disease labels are tied to the source study cluster resolution	0.2
validation_unavailable	disease_convergence									300.0	3.0	significant_and_absolute_z_at_least_2	significant_response_l1_gain		reproducibility		15.0	disease labels are tied to the source study cluster resolution	0.2
validation_unavailable	disease_convergence								disease_216_reproducibility	300.0	3.0	significant_and_absolute_z_at_least_2	significant_response_l1_gain		reproducibility		30.0	fewer than two clusters or outcome classes remain	0.2
validation_unavailable	disease_convergence									300.0	3.0	significant_and_absolute_z_at_least_2	significant_response_l1_gain		reproducibility		50.0	disease labels are tied to the source study cluster resolution	0.2
validation_unavailable	disease_convergence									300.0	3.0	significant_and_absolute_z_at_least_2	significant_response_l1_gain		no_state		15.0	disease labels are tied to the source study cluster resolution	0.2
validation_unavailable	disease_convergence								disease_216_no_state	300.0	3.0	significant_and_absolute_z_at_least_2	significant_response_l1_gain		no_state		30.0	fewer than two clusters or outcome classes remain	0.2
validation_unavailable	disease_convergence									300.0	3.0	significant_and_absolute_z_at_least_2	significant_response_l1_gain		no_state		50.0	disease labels are tied to the source study cluster resolution	0.2
