source_table	target_gene	n_cells	reason	estimand	status	dataset	specification_id	minimum_cells	minimum_guides	on_target_rule	transfer_definition	model_family	covariate_set	cross_validation_seed	module_resolution	tail_cutoff	result_family	analysis	locus	eligible_strata
analyses/external_benchmark/rpe1_prepared/excluded_targets.csv	AARS	59.0	not_measured_in_frozen_cd4_target_set																	
analyses/external_benchmark/rpe1_prepared/excluded_targets.csv	AARS2	95.0	not_measured_in_frozen_cd4_target_set																	
analyses/external_benchmark/rpe1_prepared/excluded_targets.csv	AASDHPPT	62.0	not_measured_in_frozen_cd4_target_set																	
analyses/external_benchmark/rpe1_prepared/excluded_targets.csv	ABCB7	45.0	not_measured_in_frozen_cd4_target_set																	
analyses/external_benchmark/rpe1_prepared/excluded_targets.csv	ABCE1	54.0	not_measured_in_frozen_cd4_target_set																	
analyses/external_benchmark/rpe1_prepared/excluded_targets.csv	ABCF1	157.0	not_measured_in_frozen_cd4_target_set																	
analyses/external_benchmark/rpe1_prepared/excluded_targets.csv	ABCG1	134.0	not_measured_in_frozen_cd4_target_set																	
analyses/external_benchmark/rpe1_prepared/excluded_targets.csv	ABHD11	56.0	not_measured_in_frozen_cd4_target_set																	
analyses/external_benchmark/rpe1_prepared/excluded_targets.csv	ABHD17A	187.0	not_measured_in_frozen_cd4_target_set																	
analyses/external_benchmark/rpe1_prepared/excluded_targets.csv	AC118549.1	62.0	not_measured_in_frozen_cd4_target_set																	
analyses/external_benchmark/rpe1_prepared/excluded_targets.csv	ACD	45.0	not_measured_in_frozen_cd4_target_set																	
analyses/external_benchmark/rpe1_prepared/excluded_targets.csv	ACIN1	162.0	not_measured_in_frozen_cd4_target_set																	
analyses/external_benchmark/rpe1_prepared/excluded_targets.csv	ACOT12	203.0	not_measured_in_frozen_cd4_target_set																	
analyses/external_benchmark/rpe1_prepared/excluded_targets.csv	ACTB	235.0	not_measured_in_frozen_cd4_target_set																	
analyses/external_benchmark/rpe1_prepared/excluded_targets.csv	ACTR6	104.0	not_measured_in_frozen_cd4_target_set																	
analyses/external_benchmark/rpe1_prepared/excluded_targets.csv	ACTR8	88.0	not_measured_in_frozen_cd4_target_set																	
analyses/external_benchmark/rpe1_prepared/excluded_targets.csv	ADAM10	384.0	not_measured_in_frozen_cd4_target_set																	
analyses/external_benchmark/rpe1_prepared/excluded_targets.csv	ADAT2	72.0	not_measured_in_frozen_cd4_target_set																	
analyses/external_benchmark/rpe1_prepared/excluded_targets.csv	ADAT3	286.0	not_measured_in_frozen_cd4_target_set																	
analyses/external_benchmark/rpe1_prepared/excluded_targets.csv	ADSL	127.0	not_measured_in_frozen_cd4_target_set																	
analyses/external_benchmark/rpe1_prepared/excluded_targets.csv	AFG3L2	85.0	not_measured_in_frozen_cd4_target_set																	
analyses/external_benchmark/rpe1_prepared/excluded_targets.csv	AGBL5	41.0	not_measured_in_frozen_cd4_target_set																	
analyses/external_benchmark/rpe1_prepared/excluded_targets.csv	AHCTF1	79.0	not_measured_in_frozen_cd4_target_set																	
analyses/external_benchmark/rpe1_prepared/excluded_targets.csv	AHCY	89.0	not_measured_in_frozen_cd4_target_set																	
analyses/external_benchmark/rpe1_prepared/excluded_targets.csv	ALDOA	73.0	not_measured_in_frozen_cd4_target_set																	
analyses/external_benchmark/rpe1_prepared/excluded_targets.csv	ALG1	82.0	not_measured_in_frozen_cd4_target_set																	
analyses/external_benchmark/rpe1_prepared/excluded_targets.csv	ALG14	115.0	not_measured_in_frozen_cd4_target_set																	
analyses/external_benchmark/rpe1_prepared/excluded_targets.csv	ALG1L	212.0	not_measured_in_frozen_cd4_target_set																	
analyses/external_benchmark/rpe1_prepared/excluded_targets.csv	ALG2	78.0	not_measured_in_frozen_cd4_target_set																	
analyses/external_benchmark/rpe1_prepared/excluded_targets.csv	ALYREF	54.0	not_measured_in_frozen_cd4_target_set																	
analyses/external_benchmark/rpe1_prepared/excluded_targets.csv	ANAPC1	76.0	not_measured_in_frozen_cd4_target_set																	
analyses/external_benchmark/rpe1_prepared/excluded_targets.csv	ANAPC11	84.0	not_measured_in_frozen_cd4_target_set																	
analyses/external_benchmark/rpe1_prepared/excluded_targets.csv	ANAPC13	116.0	not_measured_in_frozen_cd4_target_set																	
analyses/external_benchmark/rpe1_prepared/excluded_targets.csv	ANAPC2	30.0	not_measured_in_frozen_cd4_target_set																	
analyses/external_benchmark/rpe1_prepared/excluded_targets.csv	ANAPC5	40.0	not_measured_in_frozen_cd4_target_set																	
analyses/external_benchmark/rpe1_prepared/excluded_targets.csv	ANKLE2	49.0	not_measured_in_frozen_cd4_target_set																	
analyses/external_benchmark/rpe1_prepared/excluded_targets.csv	ANKRD39	41.0	not_measured_in_frozen_cd4_target_set																	
analyses/external_benchmark/rpe1_prepared/excluded_targets.csv	ANKRD49	92.0	not_measured_in_frozen_cd4_target_set																	
analyses/external_benchmark/rpe1_prepared/excluded_targets.csv	ANKS6	264.0	not_measured_in_frozen_cd4_target_set																	
analyses/external_benchmark/rpe1_prepared/excluded_targets.csv	AP2M1	224.0	not_measured_in_frozen_cd4_target_set																	
analyses/external_benchmark/rpe1_prepared/excluded_targets.csv	AP2S1	67.0	not_measured_in_frozen_cd4_target_set																	
analyses/external_benchmark/rpe1_prepared/excluded_targets.csv	AQP7	192.0	not_measured_in_frozen_cd4_target_set																	
analyses/external_benchmark/rpe1_prepared/excluded_targets.csv	ARCN1	77.0	not_measured_in_frozen_cd4_target_set																	
analyses/external_benchmark/rpe1_prepared/excluded_targets.csv	ARFRP1	116.0	not_measured_in_frozen_cd4_target_set																	
analyses/external_benchmark/rpe1_prepared/excluded_targets.csv	ARGFX	108.0	not_measured_in_frozen_cd4_target_set																	
analyses/external_benchmark/rpe1_prepared/excluded_targets.csv	ARHGAP6	50.0	not_measured_in_frozen_cd4_target_set																	
analyses/external_benchmark/rpe1_prepared/excluded_targets.csv	ARID5B	118.0	not_measured_in_frozen_cd4_target_set																	
analyses/external_benchmark/rpe1_prepared/excluded_targets.csv	ARL2	215.0	not_measured_in_frozen_cd4_target_set																	
analyses/external_benchmark/rpe1_prepared/excluded_targets.csv	ARL4D	145.0	not_measured_in_frozen_cd4_target_set																	
analyses/external_benchmark/rpe1_prepared/excluded_targets.csv	ARMC6	91.0	not_measured_in_frozen_cd4_target_set																	
analyses/external_benchmark/rpe1_prepared/excluded_targets.csv	ARMC7	74.0	not_measured_in_frozen_cd4_target_set																	
analyses/external_benchmark/rpe1_prepared/excluded_targets.csv	ARPC4	84.0	not_measured_in_frozen_cd4_target_set																	
analyses/external_benchmark/rpe1_prepared/excluded_targets.csv	ASCC3	127.0	not_measured_in_frozen_cd4_target_set																	
analyses/external_benchmark/rpe1_prepared/excluded_targets.csv	ASF1B	162.0	not_measured_in_frozen_cd4_target_set																	
analyses/external_benchmark/rpe1_prepared/excluded_targets.csv	ATF5	69.0	not_measured_in_frozen_cd4_target_set																	
analyses/external_benchmark/rpe1_prepared/excluded_targets.csv	ATIC	86.0	not_measured_in_frozen_cd4_target_set																	
analyses/external_benchmark/rpe1_prepared/excluded_targets.csv	ATP11B	128.0	not_measured_in_frozen_cd4_target_set																	
analyses/external_benchmark/rpe1_prepared/excluded_targets.csv	ATP1A1	102.0	not_measured_in_frozen_cd4_target_set																	
analyses/external_benchmark/rpe1_prepared/excluded_targets.csv	ATP5F1B	108.0	not_measured_in_frozen_cd4_target_set																	
analyses/external_benchmark/rpe1_prepared/excluded_targets.csv	ATP5F1C	44.0	not_measured_in_frozen_cd4_target_set																	
analyses/external_benchmark/rpe1_prepared/excluded_targets.csv	ATP5PD	207.0	not_measured_in_frozen_cd4_target_set																	
analyses/external_benchmark/rpe1_prepared/excluded_targets.csv	ATP6AP1	178.0	not_measured_in_frozen_cd4_target_set																	
analyses/external_benchmark/rpe1_prepared/excluded_targets.csv	ATP6AP2	283.0	not_measured_in_frozen_cd4_target_set																	
analyses/external_benchmark/rpe1_prepared/excluded_targets.csv	ATP6V0B	115.0	not_measured_in_frozen_cd4_target_set																	
analyses/external_benchmark/rpe1_prepared/excluded_targets.csv	ATP6V0C	251.0	not_measured_in_frozen_cd4_target_set																	
analyses/external_benchmark/rpe1_prepared/excluded_targets.csv	ATP6V0D1	99.0	not_measured_in_frozen_cd4_target_set																	
analyses/external_benchmark/rpe1_prepared/excluded_targets.csv	ATP6V1A	79.0	not_measured_in_frozen_cd4_target_set																	
analyses/external_benchmark/rpe1_prepared/excluded_targets.csv	ATP6V1B2	163.0	not_measured_in_frozen_cd4_target_set																	
analyses/external_benchmark/rpe1_prepared/excluded_targets.csv	ATP6V1C1	46.0	not_measured_in_frozen_cd4_target_set																	
analyses/external_benchmark/rpe1_prepared/excluded_targets.csv	ATP6V1D	65.0	not_measured_in_frozen_cd4_target_set																	
analyses/external_benchmark/rpe1_prepared/excluded_targets.csv	ATP6V1E1	58.0	not_measured_in_frozen_cd4_target_set																	
analyses/external_benchmark/rpe1_prepared/excluded_targets.csv	ATP6V1F	41.0	not_measured_in_frozen_cd4_target_set																	
analyses/external_benchmark/rpe1_prepared/excluded_targets.csv	ATP6V1G1	135.0	not_measured_in_frozen_cd4_target_set																	
analyses/external_benchmark/rpe1_prepared/excluded_targets.csv	ATP6V1H	79.0	not_measured_in_frozen_cd4_target_set																	
analyses/external_benchmark/rpe1_prepared/excluded_targets.csv	ATR	161.0	not_measured_in_frozen_cd4_target_set																	
analyses/external_benchmark/rpe1_prepared/excluded_targets.csv	ATRIP	74.0	not_measured_in_frozen_cd4_target_set																	
analyses/external_benchmark/rpe1_prepared/excluded_targets.csv	ATXN10	59.0	not_measured_in_frozen_cd4_target_set																	
analyses/external_benchmark/rpe1_prepared/excluded_targets.csv	AURKA	35.0	not_measured_in_frozen_cd4_target_set																	
analyses/external_benchmark/rpe1_prepared/excluded_targets.csv	BAG6	71.0	not_measured_in_frozen_cd4_target_set																	
analyses/external_benchmark/rpe1_prepared/excluded_targets.csv	BANF1	33.0	not_measured_in_frozen_cd4_target_set																	
analyses/external_benchmark/rpe1_prepared/excluded_targets.csv	BANP	32.0	not_measured_in_frozen_cd4_target_set																	
analyses/external_benchmark/rpe1_prepared/excluded_targets.csv	BAP1	114.0	not_measured_in_frozen_cd4_target_set																	
analyses/external_benchmark/rpe1_prepared/excluded_targets.csv	BCAR1	922.0	not_measured_in_frozen_cd4_target_set																	
analyses/external_benchmark/rpe1_prepared/excluded_targets.csv	BCAS2	38.0	not_measured_in_frozen_cd4_target_set																	
analyses/external_benchmark/rpe1_prepared/excluded_targets.csv	BCS1L	106.0	not_measured_in_frozen_cd4_target_set																	
analyses/external_benchmark/rpe1_prepared/excluded_targets.csv	BDP1	47.0	not_measured_in_frozen_cd4_target_set																	
analyses/external_benchmark/rpe1_prepared/excluded_targets.csv	BET1	68.0	not_measured_in_frozen_cd4_target_set																	
analyses/external_benchmark/rpe1_prepared/excluded_targets.csv	BGLAP	59.0	not_measured_in_frozen_cd4_target_set																	
analyses/external_benchmark/rpe1_prepared/excluded_targets.csv	BMS1	53.0	not_measured_in_frozen_cd4_target_set																	
analyses/external_benchmark/rpe1_prepared/excluded_targets.csv	BNIP1	59.0	not_measured_in_frozen_cd4_target_set																	
analyses/external_benchmark/rpe1_prepared/excluded_targets.csv	BOD1L1	97.0	not_measured_in_frozen_cd4_target_set																	
analyses/external_benchmark/rpe1_prepared/excluded_targets.csv	BOP1	166.0	not_measured_in_frozen_cd4_target_set																	
analyses/external_benchmark/rpe1_prepared/excluded_targets.csv	BORA	73.0	not_measured_in_frozen_cd4_target_set																	
analyses/external_benchmark/rpe1_prepared/excluded_targets.csv	BPTF	101.0	not_measured_in_frozen_cd4_target_set																	
analyses/external_benchmark/rpe1_prepared/excluded_targets.csv	BRCA2	83.0	not_measured_in_frozen_cd4_target_set																	
analyses/external_benchmark/rpe1_prepared/excluded_targets.csv	BRF1	61.0	not_measured_in_frozen_cd4_target_set																	
analyses/external_benchmark/rpe1_prepared/excluded_targets.csv	BRF2	94.0	not_measured_in_frozen_cd4_target_set																	
analyses/external_benchmark/rpe1_prepared/excluded_targets.csv	BRIP1	110.0	not_measured_in_frozen_cd4_target_set																	
analyses/external_benchmark/rpe1_prepared/excluded_targets.csv	BRIX1	42.0	not_measured_in_frozen_cd4_target_set																	
analyses/external_benchmark/rpe1_prepared/excluded_targets.csv	BTF3	110.0	not_measured_in_frozen_cd4_target_set																	
analyses/external_benchmark/rpe1_prepared/excluded_targets.csv	BTF3L4	277.0	not_measured_in_frozen_cd4_target_set																	
analyses/external_benchmark/rpe1_prepared/excluded_targets.csv	BUB1	75.0	not_measured_in_frozen_cd4_target_set																	
analyses/external_benchmark/rpe1_prepared/excluded_targets.csv	BUB1B	106.0	not_measured_in_frozen_cd4_target_set																	
analyses/external_benchmark/rpe1_prepared/excluded_targets.csv	BUD13	36.0	not_measured_in_frozen_cd4_target_set																	
analyses/external_benchmark/rpe1_prepared/excluded_targets.csv	BUD31	45.0	not_measured_in_frozen_cd4_target_set																	
analyses/external_benchmark/rpe1_prepared/excluded_targets.csv	C12orf60	42.0	not_measured_in_frozen_cd4_target_set																	
analyses/external_benchmark/rpe1_prepared/excluded_targets.csv	C14orf178	292.0	not_measured_in_frozen_cd4_target_set																	
analyses/external_benchmark/rpe1_prepared/excluded_targets.csv	C16orf86	181.0	not_measured_in_frozen_cd4_target_set																	
analyses/external_benchmark/rpe1_prepared/excluded_targets.csv	C17orf58	189.0	not_measured_in_frozen_cd4_target_set																	
analyses/external_benchmark/rpe1_prepared/excluded_targets.csv	C19orf25	53.0	not_measured_in_frozen_cd4_target_set																	
analyses/external_benchmark/rpe1_prepared/excluded_targets.csv	C1QTNF4	75.0	not_measured_in_frozen_cd4_target_set																	
analyses/external_benchmark/rpe1_prepared/excluded_targets.csv	C1orf109	214.0	not_measured_in_frozen_cd4_target_set																	
analyses/external_benchmark/rpe1_prepared/excluded_targets.csv	C5orf30	45.0	not_measured_in_frozen_cd4_target_set																	
analyses/external_benchmark/rpe1_prepared/excluded_targets.csv	C6orf15	105.0	not_measured_in_frozen_cd4_target_set																	
analyses/external_benchmark/rpe1_prepared/excluded_targets.csv	C7orf26	380.0	not_measured_in_frozen_cd4_target_set																	
analyses/external_benchmark/rpe1_prepared/excluded_targets.csv	C9orf16	160.0	not_measured_in_frozen_cd4_target_set																	
analyses/external_benchmark/rpe1_prepared/excluded_targets.csv	C9orf78	97.0	not_measured_in_frozen_cd4_target_set																	
analyses/external_benchmark/rpe1_prepared/excluded_targets.csv	CA5A	115.0	not_measured_in_frozen_cd4_target_set																	
analyses/external_benchmark/rpe1_prepared/excluded_targets.csv	CACTIN	90.0	not_measured_in_frozen_cd4_target_set																	
analyses/external_benchmark/rpe1_prepared/excluded_targets.csv	CAD	96.0	not_measured_in_frozen_cd4_target_set																	
analyses/external_benchmark/rpe1_prepared/excluded_targets.csv	CADM4	247.0	not_measured_in_frozen_cd4_target_set																	
analyses/external_benchmark/rpe1_prepared/excluded_targets.csv	CALR	74.0	not_measured_in_frozen_cd4_target_set																	
analyses/external_benchmark/rpe1_prepared/excluded_targets.csv	CAMLG	161.0	not_measured_in_frozen_cd4_target_set																	
analyses/external_benchmark/rpe1_prepared/excluded_targets.csv	CAPZB	88.0	not_measured_in_frozen_cd4_target_set																	
analyses/external_benchmark/rpe1_prepared/excluded_targets.csv	CARS	54.0	not_measured_in_frozen_cd4_target_set																	
analyses/external_benchmark/rpe1_prepared/excluded_targets.csv	CBFA2T3	111.0	not_measured_in_frozen_cd4_target_set																	
analyses/external_benchmark/rpe1_prepared/excluded_targets.csv	CBLN1	80.0	not_measured_in_frozen_cd4_target_set																	
analyses/external_benchmark/rpe1_prepared/excluded_targets.csv	CCAR1	119.0	not_measured_in_frozen_cd4_target_set																	
analyses/external_benchmark/rpe1_prepared/excluded_targets.csv	CCDC115	53.0	not_measured_in_frozen_cd4_target_set																	
analyses/external_benchmark/rpe1_prepared/excluded_targets.csv	CCDC130	114.0	not_measured_in_frozen_cd4_target_set																	
analyses/external_benchmark/rpe1_prepared/excluded_targets.csv	CCDC137	41.0	not_measured_in_frozen_cd4_target_set																	
analyses/external_benchmark/rpe1_prepared/excluded_targets.csv	CCDC144A	140.0	not_measured_in_frozen_cd4_target_set																	
analyses/external_benchmark/rpe1_prepared/excluded_targets.csv	CCDC144NL	250.0	not_measured_in_frozen_cd4_target_set																	
analyses/external_benchmark/rpe1_prepared/excluded_targets.csv	CCDC59	48.0	not_measured_in_frozen_cd4_target_set																	
analyses/external_benchmark/rpe1_prepared/excluded_targets.csv	CCDC78	492.0	not_measured_in_frozen_cd4_target_set																	
analyses/external_benchmark/rpe1_prepared/excluded_targets.csv	CCDC84	44.0	not_measured_in_frozen_cd4_target_set																	
analyses/external_benchmark/rpe1_prepared/excluded_targets.csv	CCND1	62.0	not_measured_in_frozen_cd4_target_set																	
analyses/external_benchmark/rpe1_prepared/excluded_targets.csv	CCND3	83.0	not_measured_in_frozen_cd4_target_set																	
analyses/external_benchmark/rpe1_prepared/excluded_targets.csv	CCNH	71.0	not_measured_in_frozen_cd4_target_set																	
analyses/external_benchmark/rpe1_prepared/excluded_targets.csv	CCP110	50.0	not_measured_in_frozen_cd4_target_set																	
analyses/external_benchmark/rpe1_prepared/excluded_targets.csv	CCT2	56.0	not_measured_in_frozen_cd4_target_set																	
analyses/external_benchmark/rpe1_prepared/excluded_targets.csv	CCT3	58.0	not_measured_in_frozen_cd4_target_set																	
analyses/external_benchmark/rpe1_prepared/excluded_targets.csv	CCT4	65.0	not_measured_in_frozen_cd4_target_set																	
analyses/external_benchmark/rpe1_prepared/excluded_targets.csv	CCT6A	79.0	not_measured_in_frozen_cd4_target_set																	
analyses/external_benchmark/rpe1_prepared/excluded_targets.csv	CCT7	61.0	not_measured_in_frozen_cd4_target_set																	
analyses/external_benchmark/rpe1_prepared/excluded_targets.csv	CCT8	48.0	not_measured_in_frozen_cd4_target_set																	
analyses/external_benchmark/rpe1_prepared/excluded_targets.csv	CD3EAP	38.0	not_measured_in_frozen_cd4_target_set																	
analyses/external_benchmark/rpe1_prepared/excluded_targets.csv	CD8B	190.0	not_measured_in_frozen_cd4_target_set																	
analyses/external_benchmark/rpe1_prepared/excluded_targets.csv	CDAN1	41.0	not_measured_in_frozen_cd4_target_set																	
analyses/external_benchmark/rpe1_prepared/excluded_targets.csv	CDC123	35.0	not_measured_in_frozen_cd4_target_set																	
analyses/external_benchmark/rpe1_prepared/excluded_targets.csv	CDC16	106.0	not_measured_in_frozen_cd4_target_set																	
analyses/external_benchmark/rpe1_prepared/excluded_targets.csv	CDC27	38.0	not_measured_in_frozen_cd4_target_set																	
analyses/external_benchmark/rpe1_prepared/excluded_targets.csv	CDC42	38.0	not_measured_in_frozen_cd4_target_set																	
analyses/external_benchmark/rpe1_prepared/excluded_targets.csv	CDC5L	71.0	not_measured_in_frozen_cd4_target_set																	
analyses/external_benchmark/rpe1_prepared/excluded_targets.csv	CDC6	88.0	not_measured_in_frozen_cd4_target_set																	
analyses/external_benchmark/rpe1_prepared/excluded_targets.csv	CDC7	30.0	not_measured_in_frozen_cd4_target_set																	
analyses/external_benchmark/rpe1_prepared/excluded_targets.csv	CDC73	61.0	not_measured_in_frozen_cd4_target_set																	
analyses/external_benchmark/rpe1_prepared/excluded_targets.csv	CDCA5	91.0	not_measured_in_frozen_cd4_target_set																	
analyses/external_benchmark/rpe1_prepared/excluded_targets.csv	CDK1	86.0	not_measured_in_frozen_cd4_target_set																	
analyses/external_benchmark/rpe1_prepared/excluded_targets.csv	CDK12	64.0	not_measured_in_frozen_cd4_target_set																	
analyses/external_benchmark/rpe1_prepared/excluded_targets.csv	CDK9	32.0	not_measured_in_frozen_cd4_target_set																	
analyses/external_benchmark/rpe1_prepared/excluded_targets.csv	CDT1	106.0	not_measured_in_frozen_cd4_target_set																	
analyses/external_benchmark/rpe1_prepared/excluded_targets.csv	CEBPZ	51.0	not_measured_in_frozen_cd4_target_set																	
analyses/external_benchmark/rpe1_prepared/excluded_targets.csv	CENPA	161.0	not_measured_in_frozen_cd4_target_set																	
analyses/external_benchmark/rpe1_prepared/excluded_targets.csv	CENPC	44.0	not_measured_in_frozen_cd4_target_set																	
analyses/external_benchmark/rpe1_prepared/excluded_targets.csv	CENPE	34.0	not_measured_in_frozen_cd4_target_set																	
analyses/external_benchmark/rpe1_prepared/excluded_targets.csv	CENPH	36.0	not_measured_in_frozen_cd4_target_set																	
analyses/external_benchmark/rpe1_prepared/excluded_targets.csv	CENPJ	51.0	not_measured_in_frozen_cd4_target_set																	
analyses/external_benchmark/rpe1_prepared/excluded_targets.csv	CENPK	80.0	not_measured_in_frozen_cd4_target_set																	
analyses/external_benchmark/rpe1_prepared/excluded_targets.csv	CENPN	78.0	not_measured_in_frozen_cd4_target_set																	
analyses/external_benchmark/rpe1_prepared/excluded_targets.csv	CENPT	316.0	not_measured_in_frozen_cd4_target_set																	
analyses/external_benchmark/rpe1_prepared/excluded_targets.csv	CENPW	139.0	not_measured_in_frozen_cd4_target_set																	
analyses/external_benchmark/rpe1_prepared/excluded_targets.csv	CEP152	69.0	not_measured_in_frozen_cd4_target_set																	
analyses/external_benchmark/rpe1_prepared/excluded_targets.csv	CEP192	57.0	not_measured_in_frozen_cd4_target_set																	
analyses/external_benchmark/rpe1_prepared/excluded_targets.csv	CEP85	67.0	not_measured_in_frozen_cd4_target_set																	
analyses/external_benchmark/rpe1_prepared/excluded_targets.csv	CFDP1	106.0	not_measured_in_frozen_cd4_target_set																	
analyses/external_benchmark/rpe1_prepared/excluded_targets.csv	CFL1	140.0	not_measured_in_frozen_cd4_target_set																	
analyses/external_benchmark/rpe1_prepared/excluded_targets.csv	CHAF1A	31.0	not_measured_in_frozen_cd4_target_set																	
analyses/external_benchmark/rpe1_prepared/excluded_targets.csv	CHAF1B	58.0	not_measured_in_frozen_cd4_target_set																	
analyses/external_benchmark/rpe1_prepared/excluded_targets.csv	CHCHD2	94.0	not_measured_in_frozen_cd4_target_set																	
analyses/external_benchmark/rpe1_prepared/excluded_targets.csv	CHCHD3	44.0	not_measured_in_frozen_cd4_target_set																	
analyses/external_benchmark/rpe1_prepared/excluded_targets.csv	CHCHD4	137.0	not_measured_in_frozen_cd4_target_set																	
analyses/external_benchmark/rpe1_prepared/excluded_targets.csv	CHEK1	56.0	not_measured_in_frozen_cd4_target_set																	
analyses/external_benchmark/rpe1_prepared/excluded_targets.csv	CHERP	65.0	not_measured_in_frozen_cd4_target_set																	
analyses/external_benchmark/rpe1_prepared/excluded_targets.csv	CHMP3	36.0	not_measured_in_frozen_cd4_target_set																	
analyses/external_benchmark/rpe1_prepared/excluded_targets.csv	CHMP5	72.0	not_measured_in_frozen_cd4_target_set																	
analyses/external_benchmark/rpe1_prepared/excluded_targets.csv	CHMP6	107.0	not_measured_in_frozen_cd4_target_set																	
analyses/external_benchmark/rpe1_prepared/excluded_targets.csv	CHORDC1	146.0	not_measured_in_frozen_cd4_target_set																	
analyses/external_benchmark/rpe1_prepared/excluded_targets.csv	CIAPIN1	99.0	not_measured_in_frozen_cd4_target_set																	
analyses/external_benchmark/rpe1_prepared/excluded_targets.csv	CINP	41.0	not_measured_in_frozen_cd4_target_set																	
analyses/external_benchmark/rpe1_prepared/excluded_targets.csv	CKAP5	173.0	not_measured_in_frozen_cd4_target_set																	
analyses/external_benchmark/rpe1_prepared/excluded_targets.csv	CLASRP	344.0	not_measured_in_frozen_cd4_target_set																	
analyses/external_benchmark/rpe1_prepared/excluded_targets.csv	CLNS1A	70.0	not_measured_in_frozen_cd4_target_set																	
analyses/external_benchmark/rpe1_prepared/excluded_targets.csv	CLTC	50.0	not_measured_in_frozen_cd4_target_set																	
analyses/external_benchmark/rpe1_prepared/excluded_targets.csv	CMC4	122.0	not_measured_in_frozen_cd4_target_set																	
analyses/external_benchmark/rpe1_prepared/excluded_targets.csv	CMPK1	160.0	not_measured_in_frozen_cd4_target_set																	
analyses/external_benchmark/rpe1_prepared/excluded_targets.csv	CNOT1	99.0	not_measured_in_frozen_cd4_target_set																	
analyses/external_benchmark/rpe1_prepared/excluded_targets.csv	CNOT11	69.0	not_measured_in_frozen_cd4_target_set																	
analyses/external_benchmark/rpe1_prepared/excluded_targets.csv	CNOT2	67.0	not_measured_in_frozen_cd4_target_set																	
analyses/external_benchmark/rpe1_prepared/excluded_targets.csv	CNOT3	59.0	not_measured_in_frozen_cd4_target_set																	
analyses/external_benchmark/rpe1_prepared/excluded_targets.csv	CNOT9	33.0	not_measured_in_frozen_cd4_target_set																	
analyses/external_benchmark/rpe1_prepared/excluded_targets.csv	COA5	135.0	not_measured_in_frozen_cd4_target_set																	
analyses/external_benchmark/rpe1_prepared/excluded_targets.csv	COASY	63.0	not_measured_in_frozen_cd4_target_set																	
analyses/external_benchmark/rpe1_prepared/excluded_targets.csv	COG1	66.0	not_measured_in_frozen_cd4_target_set																	
analyses/external_benchmark/rpe1_prepared/excluded_targets.csv	COG2	40.0	not_measured_in_frozen_cd4_target_set																	
analyses/external_benchmark/rpe1_prepared/excluded_targets.csv	COG4	66.0	not_measured_in_frozen_cd4_target_set																	
analyses/external_benchmark/rpe1_prepared/excluded_targets.csv	COG6	96.0	not_measured_in_frozen_cd4_target_set																	
analyses/external_benchmark/rpe1_prepared/excluded_targets.csv	COMTD1	142.0	not_measured_in_frozen_cd4_target_set																	
analyses/external_benchmark/rpe1_prepared/excluded_targets.csv	COPA	30.0	not_measured_in_frozen_cd4_target_set																	
analyses/external_benchmark/rpe1_prepared/excluded_targets.csv	COPB1	30.0	not_measured_in_frozen_cd4_target_set																	
analyses/external_benchmark/rpe1_prepared/excluded_targets.csv	COPB2	31.0	not_measured_in_frozen_cd4_target_set																	
analyses/external_benchmark/rpe1_prepared/excluded_targets.csv	COPG1	109.0	not_measured_in_frozen_cd4_target_set																	
analyses/external_benchmark/rpe1_prepared/excluded_targets.csv	COPS2	49.0	not_measured_in_frozen_cd4_target_set																	
analyses/external_benchmark/rpe1_prepared/excluded_targets.csv	COPS3	47.0	not_measured_in_frozen_cd4_target_set																	
analyses/external_benchmark/rpe1_prepared/excluded_targets.csv	COPS4	51.0	not_measured_in_frozen_cd4_target_set																	
analyses/external_benchmark/rpe1_prepared/excluded_targets.csv	COPS5	32.0	not_measured_in_frozen_cd4_target_set																	
analyses/external_benchmark/rpe1_prepared/excluded_targets.csv	COPS6	55.0	not_measured_in_frozen_cd4_target_set																	
analyses/external_benchmark/rpe1_prepared/excluded_targets.csv	COPS8	74.0	not_measured_in_frozen_cd4_target_set																	
analyses/external_benchmark/rpe1_prepared/excluded_targets.csv	COPZ1	145.0	not_measured_in_frozen_cd4_target_set																	
analyses/external_benchmark/rpe1_prepared/excluded_targets.csv	COQ2	195.0	not_measured_in_frozen_cd4_target_set																	
analyses/external_benchmark/rpe1_prepared/excluded_targets.csv	COQ4	41.0	not_measured_in_frozen_cd4_target_set																	
analyses/external_benchmark/rpe1_prepared/excluded_targets.csv	COX10	167.0	not_measured_in_frozen_cd4_target_set																	
analyses/external_benchmark/rpe1_prepared/excluded_targets.csv	COX11	116.0	not_measured_in_frozen_cd4_target_set																	
analyses/external_benchmark/rpe1_prepared/excluded_targets.csv	COX5A	193.0	not_measured_in_frozen_cd4_target_set																	
analyses/external_benchmark/rpe1_prepared/excluded_targets.csv	COX5B	84.0	not_measured_in_frozen_cd4_target_set																	
analyses/external_benchmark/rpe1_prepared/excluded_targets.csv	COX7B	70.0	not_measured_in_frozen_cd4_target_set																	
analyses/external_benchmark/rpe1_prepared/excluded_targets.csv	CPAMD8	208.0	not_measured_in_frozen_cd4_target_set																	
analyses/external_benchmark/rpe1_prepared/excluded_targets.csv	CPEB1	32.0	not_measured_in_frozen_cd4_target_set																	
analyses/external_benchmark/rpe1_prepared/excluded_targets.csv	CPNE1	58.0	not_measured_in_frozen_cd4_target_set																	
analyses/external_benchmark/rpe1_prepared/excluded_targets.csv	CPNE7	185.0	not_measured_in_frozen_cd4_target_set																	
analyses/external_benchmark/rpe1_prepared/excluded_targets.csv	CPSF1	50.0	not_measured_in_frozen_cd4_target_set																	
analyses/external_benchmark/rpe1_prepared/excluded_targets.csv	CPSF3	188.0	not_measured_in_frozen_cd4_target_set																	
analyses/external_benchmark/rpe1_prepared/excluded_targets.csv	CPSF4	32.0	not_measured_in_frozen_cd4_target_set																	
analyses/external_benchmark/rpe1_prepared/excluded_targets.csv	CRCP	91.0	not_measured_in_frozen_cd4_target_set																	
analyses/external_benchmark/rpe1_prepared/excluded_targets.csv	CS	105.0	not_measured_in_frozen_cd4_target_set																	
analyses/external_benchmark/rpe1_prepared/excluded_targets.csv	CSE1L	276.0	not_measured_in_frozen_cd4_target_set																	
analyses/external_benchmark/rpe1_prepared/excluded_targets.csv	CSH2	328.0	not_measured_in_frozen_cd4_target_set																	
analyses/external_benchmark/rpe1_prepared/excluded_targets.csv	CSTF1	119.0	not_measured_in_frozen_cd4_target_set																	
analyses/external_benchmark/rpe1_prepared/excluded_targets.csv	CSTF3	67.0	not_measured_in_frozen_cd4_target_set																	
analyses/external_benchmark/rpe1_prepared/excluded_targets.csv	CT45A5	112.0	not_measured_in_frozen_cd4_target_set																	
analyses/external_benchmark/rpe1_prepared/excluded_targets.csv	CTBP2	97.0	not_measured_in_frozen_cd4_target_set																	
analyses/external_benchmark/rpe1_prepared/excluded_targets.csv	CTNNBL1	80.0	not_measured_in_frozen_cd4_target_set																	
analyses/external_benchmark/rpe1_prepared/excluded_targets.csv	CTR9	41.0	not_measured_in_frozen_cd4_target_set																	
analyses/external_benchmark/rpe1_prepared/excluded_targets.csv	CUL1	73.0	not_measured_in_frozen_cd4_target_set																	
analyses/external_benchmark/rpe1_prepared/excluded_targets.csv	CUL2	32.0	not_measured_in_frozen_cd4_target_set																	
analyses/external_benchmark/rpe1_prepared/excluded_targets.csv	CUL7	36.0	not_measured_in_frozen_cd4_target_set																	
analyses/external_benchmark/rpe1_prepared/excluded_targets.csv	CWC15	74.0	not_measured_in_frozen_cd4_target_set																	
analyses/external_benchmark/rpe1_prepared/excluded_targets.csv	CWF19L2	58.0	not_measured_in_frozen_cd4_target_set																	
analyses/external_benchmark/rpe1_prepared/excluded_targets.csv	CXXC1	93.0	not_measured_in_frozen_cd4_target_set																	
analyses/external_benchmark/rpe1_prepared/excluded_targets.csv	CYC1	92.0	not_measured_in_frozen_cd4_target_set																	
analyses/external_benchmark/rpe1_prepared/excluded_targets.csv	CYCS	120.0	not_measured_in_frozen_cd4_target_set																	
analyses/external_benchmark/rpe1_prepared/excluded_targets.csv	CYP2A13	94.0	not_measured_in_frozen_cd4_target_set																	
analyses/external_benchmark/rpe1_prepared/excluded_targets.csv	CYP4F11	90.0	not_measured_in_frozen_cd4_target_set																	
analyses/external_benchmark/rpe1_prepared/excluded_targets.csv	CYS1	177.0	not_measured_in_frozen_cd4_target_set																	
analyses/external_benchmark/rpe1_prepared/excluded_targets.csv	DAD1	39.0	not_measured_in_frozen_cd4_target_set																	
analyses/external_benchmark/rpe1_prepared/excluded_targets.csv	DARS	32.0	not_measured_in_frozen_cd4_target_set																	
analyses/external_benchmark/rpe1_prepared/excluded_targets.csv	DBF4	87.0	not_measured_in_frozen_cd4_target_set																	
analyses/external_benchmark/rpe1_prepared/excluded_targets.csv	DBR1	131.0	not_measured_in_frozen_cd4_target_set																	
analyses/external_benchmark/rpe1_prepared/excluded_targets.csv	DCAF6	133.0	not_measured_in_frozen_cd4_target_set																	
analyses/external_benchmark/rpe1_prepared/excluded_targets.csv	DCTN1	156.0	not_measured_in_frozen_cd4_target_set																	
analyses/external_benchmark/rpe1_prepared/excluded_targets.csv	DCTN2	102.0	not_measured_in_frozen_cd4_target_set																	
analyses/external_benchmark/rpe1_prepared/excluded_targets.csv	DCTN3	159.0	not_measured_in_frozen_cd4_target_set																	
analyses/external_benchmark/rpe1_prepared/excluded_targets.csv	DCTN4	114.0	not_measured_in_frozen_cd4_target_set																	
analyses/external_benchmark/rpe1_prepared/excluded_targets.csv	DCTN6	74.0	not_measured_in_frozen_cd4_target_set																	
analyses/external_benchmark/rpe1_prepared/excluded_targets.csv	DDB1	125.0	not_measured_in_frozen_cd4_target_set																	
analyses/external_benchmark/rpe1_prepared/excluded_targets.csv	DDN	266.0	not_measured_in_frozen_cd4_target_set																	
analyses/external_benchmark/rpe1_prepared/excluded_targets.csv	DDOST	58.0	not_measured_in_frozen_cd4_target_set																	
analyses/external_benchmark/rpe1_prepared/excluded_targets.csv	DDX1	135.0	not_measured_in_frozen_cd4_target_set																	
analyses/external_benchmark/rpe1_prepared/excluded_targets.csv	DDX10	37.0	not_measured_in_frozen_cd4_target_set																	
analyses/external_benchmark/rpe1_prepared/excluded_targets.csv	DDX11	95.0	not_measured_in_frozen_cd4_target_set																	
analyses/external_benchmark/rpe1_prepared/excluded_targets.csv	DDX19B	369.0	not_measured_in_frozen_cd4_target_set																	
analyses/external_benchmark/rpe1_prepared/excluded_targets.csv	DDX23	184.0	not_measured_in_frozen_cd4_target_set																	
analyses/external_benchmark/rpe1_prepared/excluded_targets.csv	DDX27	35.0	not_measured_in_frozen_cd4_target_set																	
analyses/external_benchmark/rpe1_prepared/excluded_targets.csv	DDX41	32.0	not_measured_in_frozen_cd4_target_set																	
analyses/external_benchmark/rpe1_prepared/excluded_targets.csv	DDX42	118.0	not_measured_in_frozen_cd4_target_set																	
analyses/external_benchmark/rpe1_prepared/excluded_targets.csv	DDX46	225.0	not_measured_in_frozen_cd4_target_set																	
analyses/external_benchmark/rpe1_prepared/excluded_targets.csv	DDX47	93.0	not_measured_in_frozen_cd4_target_set																	
analyses/external_benchmark/rpe1_prepared/excluded_targets.csv	DDX5	203.0	not_measured_in_frozen_cd4_target_set																	
analyses/external_benchmark/rpe1_prepared/excluded_targets.csv	DDX51	57.0	not_measured_in_frozen_cd4_target_set																	
analyses/external_benchmark/rpe1_prepared/excluded_targets.csv	DDX52	35.0	not_measured_in_frozen_cd4_target_set																	
analyses/external_benchmark/rpe1_prepared/excluded_targets.csv	DDX54	120.0	not_measured_in_frozen_cd4_target_set																	
analyses/external_benchmark/rpe1_prepared/excluded_targets.csv	DDX55	78.0	not_measured_in_frozen_cd4_target_set																	
analyses/external_benchmark/rpe1_prepared/excluded_targets.csv	DDX59	49.0	not_measured_in_frozen_cd4_target_set																	
analyses/external_benchmark/rpe1_prepared/excluded_targets.csv	DEPDC5	91.0	not_measured_in_frozen_cd4_target_set																	
analyses/external_benchmark/rpe1_prepared/excluded_targets.csv	DERL2	147.0	not_measured_in_frozen_cd4_target_set																	
analyses/external_benchmark/rpe1_prepared/excluded_targets.csv	DESI1	32.0	not_measured_in_frozen_cd4_target_set																	
analyses/external_benchmark/rpe1_prepared/excluded_targets.csv	DGCR8	45.0	not_measured_in_frozen_cd4_target_set																	
analyses/external_benchmark/rpe1_prepared/excluded_targets.csv	DHDDS	60.0	not_measured_in_frozen_cd4_target_set																	
analyses/external_benchmark/rpe1_prepared/excluded_targets.csv	DHFR	63.0	not_measured_in_frozen_cd4_target_set																	
analyses/external_benchmark/rpe1_prepared/excluded_targets.csv	DHODH	184.0	not_measured_in_frozen_cd4_target_set																	
analyses/external_benchmark/rpe1_prepared/excluded_targets.csv	DHPS	77.0	not_measured_in_frozen_cd4_target_set																	
analyses/external_benchmark/rpe1_prepared/excluded_targets.csv	DHX15	82.0	not_measured_in_frozen_cd4_target_set																	
analyses/external_benchmark/rpe1_prepared/excluded_targets.csv	DHX16	73.0	not_measured_in_frozen_cd4_target_set																	
analyses/external_benchmark/rpe1_prepared/excluded_targets.csv	DHX33	45.0	not_measured_in_frozen_cd4_target_set																	
analyses/external_benchmark/rpe1_prepared/excluded_targets.csv	DHX37	40.0	not_measured_in_frozen_cd4_target_set																	
analyses/external_benchmark/rpe1_prepared/excluded_targets.csv	DHX8	95.0	not_measured_in_frozen_cd4_target_set																	
analyses/external_benchmark/rpe1_prepared/excluded_targets.csv	DHX9	89.0	not_measured_in_frozen_cd4_target_set																	
analyses/external_benchmark/rpe1_prepared/excluded_targets.csv	DICER1	94.0	not_measured_in_frozen_cd4_target_set																	
analyses/external_benchmark/rpe1_prepared/excluded_targets.csv	DIMT1	36.0	not_measured_in_frozen_cd4_target_set																	
analyses/external_benchmark/rpe1_prepared/excluded_targets.csv	DLD	76.0	not_measured_in_frozen_cd4_target_set																	
analyses/external_benchmark/rpe1_prepared/excluded_targets.csv	DMAP1	43.0	not_measured_in_frozen_cd4_target_set																	
analyses/external_benchmark/rpe1_prepared/excluded_targets.csv	DMRTA2	116.0	not_measured_in_frozen_cd4_target_set																	
analyses/external_benchmark/rpe1_prepared/excluded_targets.csv	DNAAF3	319.0	not_measured_in_frozen_cd4_target_set																	
analyses/external_benchmark/rpe1_prepared/excluded_targets.csv	DNAJA3	158.0	not_measured_in_frozen_cd4_target_set																	
analyses/external_benchmark/rpe1_prepared/excluded_targets.csv	DNAJC11	89.0	not_measured_in_frozen_cd4_target_set																	
analyses/external_benchmark/rpe1_prepared/excluded_targets.csv	DNAJC17	73.0	not_measured_in_frozen_cd4_target_set																	
analyses/external_benchmark/rpe1_prepared/excluded_targets.csv	DNAJC8	153.0	not_measured_in_frozen_cd4_target_set																	
analyses/external_benchmark/rpe1_prepared/excluded_targets.csv	DNLZ	144.0	not_measured_in_frozen_cd4_target_set																	
analyses/external_benchmark/rpe1_prepared/excluded_targets.csv	DNM1	319.0	not_measured_in_frozen_cd4_target_set																	
analyses/external_benchmark/rpe1_prepared/excluded_targets.csv	DNM2	53.0	not_measured_in_frozen_cd4_target_set																	
analyses/external_benchmark/rpe1_prepared/excluded_targets.csv	DNMT1	113.0	not_measured_in_frozen_cd4_target_set																	
analyses/external_benchmark/rpe1_prepared/excluded_targets.csv	DOLK	121.0	not_measured_in_frozen_cd4_target_set																	
analyses/external_benchmark/rpe1_prepared/excluded_targets.csv	DPAGT1	62.0	not_measured_in_frozen_cd4_target_set																	
analyses/external_benchmark/rpe1_prepared/excluded_targets.csv	DPPA2	89.0	not_measured_in_frozen_cd4_target_set																	
analyses/external_benchmark/rpe1_prepared/excluded_targets.csv	DPY19L2	95.0	not_measured_in_frozen_cd4_target_set																	
analyses/external_benchmark/rpe1_prepared/excluded_targets.csv	DRAP1	148.0	not_measured_in_frozen_cd4_target_set																	
analyses/external_benchmark/rpe1_prepared/excluded_targets.csv	DRG1	130.0	not_measured_in_frozen_cd4_target_set																	
analyses/external_benchmark/rpe1_prepared/excluded_targets.csv	DSN1	40.0	not_measured_in_frozen_cd4_target_set																	
analyses/external_benchmark/rpe1_prepared/excluded_targets.csv	DTL	49.0	not_measured_in_frozen_cd4_target_set																	
analyses/external_benchmark/rpe1_prepared/excluded_targets.csv	DTYMK	107.0	not_measured_in_frozen_cd4_target_set																	
analyses/external_benchmark/rpe1_prepared/excluded_targets.csv	DUT	55.0	not_measured_in_frozen_cd4_target_set																	
analyses/external_benchmark/rpe1_prepared/excluded_targets.csv	DYNC1H1	35.0	not_measured_in_frozen_cd4_target_set																	
analyses/external_benchmark/rpe1_prepared/excluded_targets.csv	DYNC1I2	60.0	not_measured_in_frozen_cd4_target_set																	
analyses/external_benchmark/rpe1_prepared/excluded_targets.csv	DYNLRB1	242.0	not_measured_in_frozen_cd4_target_set																	
analyses/external_benchmark/rpe1_prepared/excluded_targets.csv	E4F1	51.0	not_measured_in_frozen_cd4_target_set																	
analyses/external_benchmark/rpe1_prepared/excluded_targets.csv	EBNA1BP2	43.0	not_measured_in_frozen_cd4_target_set																	
analyses/external_benchmark/rpe1_prepared/excluded_targets.csv	ECD	53.0	not_measured_in_frozen_cd4_target_set																	
analyses/external_benchmark/rpe1_prepared/excluded_targets.csv	EEF1A1	52.0	not_measured_in_frozen_cd4_target_set																	
analyses/external_benchmark/rpe1_prepared/excluded_targets.csv	EEF1B2	87.0	not_measured_in_frozen_cd4_target_set																	
analyses/external_benchmark/rpe1_prepared/excluded_targets.csv	EEF1G	61.0	not_measured_in_frozen_cd4_target_set																	
analyses/external_benchmark/rpe1_prepared/excluded_targets.csv	EEF2	109.0	not_measured_in_frozen_cd4_target_set																	
analyses/external_benchmark/rpe1_prepared/excluded_targets.csv	EFR3A	219.0	not_measured_in_frozen_cd4_target_set																	
analyses/external_benchmark/rpe1_prepared/excluded_targets.csv	EFTUD2	104.0	not_measured_in_frozen_cd4_target_set																	
analyses/external_benchmark/rpe1_prepared/excluded_targets.csv	EGLN2	162.0	not_measured_in_frozen_cd4_target_set																	
analyses/external_benchmark/rpe1_prepared/excluded_targets.csv	EIF2B1	102.0	not_measured_in_frozen_cd4_target_set																	
analyses/external_benchmark/rpe1_prepared/excluded_targets.csv	EIF2B2	148.0	not_measured_in_frozen_cd4_target_set																	
analyses/external_benchmark/rpe1_prepared/excluded_targets.csv	EIF2B3	104.0	not_measured_in_frozen_cd4_target_set																	
analyses/external_benchmark/rpe1_prepared/excluded_targets.csv	EIF2B4	67.0	not_measured_in_frozen_cd4_target_set																	
analyses/external_benchmark/rpe1_prepared/excluded_targets.csv	EIF2B5	116.0	not_measured_in_frozen_cd4_target_set																	
analyses/external_benchmark/rpe1_prepared/excluded_targets.csv	EIF2S1	83.0	not_measured_in_frozen_cd4_target_set																	
analyses/external_benchmark/rpe1_prepared/excluded_targets.csv	EIF2S2	39.0	not_measured_in_frozen_cd4_target_set																	
analyses/external_benchmark/rpe1_prepared/excluded_targets.csv	EIF2S3	70.0	not_measured_in_frozen_cd4_target_set																	
analyses/external_benchmark/rpe1_prepared/excluded_targets.csv	EIF3A	62.0	not_measured_in_frozen_cd4_target_set																	
analyses/external_benchmark/rpe1_prepared/excluded_targets.csv	EIF3B	123.0	not_measured_in_frozen_cd4_target_set																	
analyses/external_benchmark/rpe1_prepared/excluded_targets.csv	EIF3CL	337.0	not_measured_in_frozen_cd4_target_set																	
analyses/external_benchmark/rpe1_prepared/excluded_targets.csv	EIF3D	55.0	not_measured_in_frozen_cd4_target_set																	
analyses/external_benchmark/rpe1_prepared/excluded_targets.csv	EIF3E	50.0	not_measured_in_frozen_cd4_target_set																	
analyses/external_benchmark/rpe1_prepared/excluded_targets.csv	EIF3I	80.0	not_measured_in_frozen_cd4_target_set																	
analyses/external_benchmark/rpe1_prepared/excluded_targets.csv	EIF3J	66.0	not_measured_in_frozen_cd4_target_set																	
analyses/external_benchmark/rpe1_prepared/excluded_targets.csv	EIF3M	82.0	not_measured_in_frozen_cd4_target_set																	
analyses/external_benchmark/rpe1_prepared/excluded_targets.csv	EIF4A1	51.0	not_measured_in_frozen_cd4_target_set																	
analyses/external_benchmark/rpe1_prepared/excluded_targets.csv	EIF4A3	32.0	not_measured_in_frozen_cd4_target_set																	
analyses/external_benchmark/rpe1_prepared/excluded_targets.csv	EIF4E	66.0	not_measured_in_frozen_cd4_target_set																	
analyses/external_benchmark/rpe1_prepared/excluded_targets.csv	EIF4G1	77.0	not_measured_in_frozen_cd4_target_set																	
analyses/external_benchmark/rpe1_prepared/excluded_targets.csv	EIF5A	65.0	not_measured_in_frozen_cd4_target_set																	
analyses/external_benchmark/rpe1_prepared/excluded_targets.csv	EIF6	57.0	not_measured_in_frozen_cd4_target_set																	
analyses/external_benchmark/rpe1_prepared/excluded_targets.csv	ELAC2	104.0	not_measured_in_frozen_cd4_target_set																	
analyses/external_benchmark/rpe1_prepared/excluded_targets.csv	ELL	171.0	not_measured_in_frozen_cd4_target_set																	
analyses/external_benchmark/rpe1_prepared/excluded_targets.csv	ELOF1	154.0	not_measured_in_frozen_cd4_target_set																	
analyses/external_benchmark/rpe1_prepared/excluded_targets.csv	ELP2	74.0	not_measured_in_frozen_cd4_target_set																	
analyses/external_benchmark/rpe1_prepared/excluded_targets.csv	EMC3	153.0	not_measured_in_frozen_cd4_target_set																	
analyses/external_benchmark/rpe1_prepared/excluded_targets.csv	EMC7	140.0	not_measured_in_frozen_cd4_target_set																	
analyses/external_benchmark/rpe1_prepared/excluded_targets.csv	ENO1	112.0	not_measured_in_frozen_cd4_target_set																	
analyses/external_benchmark/rpe1_prepared/excluded_targets.csv	ENY2	87.0	not_measured_in_frozen_cd4_target_set																	
analyses/external_benchmark/rpe1_prepared/excluded_targets.csv	EP400	68.0	not_measured_in_frozen_cd4_target_set																	
analyses/external_benchmark/rpe1_prepared/excluded_targets.csv	EPRS	47.0	not_measured_in_frozen_cd4_target_set																	
analyses/external_benchmark/rpe1_prepared/excluded_targets.csv	EPS8L1	640.0	not_measured_in_frozen_cd4_target_set																	
analyses/external_benchmark/rpe1_prepared/excluded_targets.csv	ERCC2	97.0	not_measured_in_frozen_cd4_target_set																	
analyses/external_benchmark/rpe1_prepared/excluded_targets.csv	ERCC3	30.0	not_measured_in_frozen_cd4_target_set																	
analyses/external_benchmark/rpe1_prepared/excluded_targets.csv	ERH	34.0	not_measured_in_frozen_cd4_target_set																	
analyses/external_benchmark/rpe1_prepared/excluded_targets.csv	ERVW-1	132.0	not_measured_in_frozen_cd4_target_set																	
analyses/external_benchmark/rpe1_prepared/excluded_targets.csv	ESF1	94.0	not_measured_in_frozen_cd4_target_set																	
analyses/external_benchmark/rpe1_prepared/excluded_targets.csv	ESPN	350.0	not_measured_in_frozen_cd4_target_set																	
analyses/external_benchmark/rpe1_prepared/excluded_targets.csv	ESYT1	76.0	not_measured_in_frozen_cd4_target_set																	
analyses/external_benchmark/rpe1_prepared/excluded_targets.csv	ESYT2	50.0	not_measured_in_frozen_cd4_target_set																	
analyses/external_benchmark/rpe1_prepared/excluded_targets.csv	ETF1	94.0	not_measured_in_frozen_cd4_target_set																	
analyses/external_benchmark/rpe1_prepared/excluded_targets.csv	ETV4	71.0	not_measured_in_frozen_cd4_target_set																	
analyses/external_benchmark/rpe1_prepared/excluded_targets.csv	EWSR1	116.0	not_measured_in_frozen_cd4_target_set																	
analyses/external_benchmark/rpe1_prepared/excluded_targets.csv	EXOC1	48.0	not_measured_in_frozen_cd4_target_set																	
analyses/external_benchmark/rpe1_prepared/excluded_targets.csv	EXOC2	86.0	not_measured_in_frozen_cd4_target_set																	
analyses/external_benchmark/rpe1_prepared/excluded_targets.csv	EXOC3	54.0	not_measured_in_frozen_cd4_target_set																	
analyses/external_benchmark/rpe1_prepared/excluded_targets.csv	EXOC5	94.0	not_measured_in_frozen_cd4_target_set																	
analyses/external_benchmark/rpe1_prepared/excluded_targets.csv	EXOC7	33.0	not_measured_in_frozen_cd4_target_set																	
analyses/external_benchmark/rpe1_prepared/excluded_targets.csv	EXOC8	46.0	not_measured_in_frozen_cd4_target_set																	
analyses/external_benchmark/rpe1_prepared/excluded_targets.csv	EXOSC1	48.0	not_measured_in_frozen_cd4_target_set																	
analyses/external_benchmark/rpe1_prepared/excluded_targets.csv	EXOSC2	45.0	not_measured_in_frozen_cd4_target_set																	
analyses/external_benchmark/rpe1_prepared/excluded_targets.csv	EXOSC3	60.0	not_measured_in_frozen_cd4_target_set																	
analyses/external_benchmark/rpe1_prepared/excluded_targets.csv	EXOSC4	61.0	not_measured_in_frozen_cd4_target_set																	
analyses/external_benchmark/rpe1_prepared/excluded_targets.csv	EXOSC5	64.0	not_measured_in_frozen_cd4_target_set																	
analyses/external_benchmark/rpe1_prepared/excluded_targets.csv	EXOSC7	47.0	not_measured_in_frozen_cd4_target_set																	
analyses/external_benchmark/rpe1_prepared/excluded_targets.csv	EXOSC8	47.0	not_measured_in_frozen_cd4_target_set																	
analyses/external_benchmark/rpe1_prepared/excluded_targets.csv	F8A1	85.0	not_measured_in_frozen_cd4_target_set																	
analyses/external_benchmark/rpe1_prepared/excluded_targets.csv	FAF2	118.0	not_measured_in_frozen_cd4_target_set																	
analyses/external_benchmark/rpe1_prepared/excluded_targets.csv	FAM102B	81.0	not_measured_in_frozen_cd4_target_set																	
analyses/external_benchmark/rpe1_prepared/excluded_targets.csv	FAM133B	33.0	not_measured_in_frozen_cd4_target_set																	
analyses/external_benchmark/rpe1_prepared/excluded_targets.csv	FAM136A	528.0	not_measured_in_frozen_cd4_target_set																	
analyses/external_benchmark/rpe1_prepared/excluded_targets.csv	FAM207A	208.0	not_measured_in_frozen_cd4_target_set																	
analyses/external_benchmark/rpe1_prepared/excluded_targets.csv	FAM229A	206.0	not_measured_in_frozen_cd4_target_set																	
analyses/external_benchmark/rpe1_prepared/excluded_targets.csv	FAM32A	45.0	not_measured_in_frozen_cd4_target_set																	
analyses/external_benchmark/rpe1_prepared/excluded_targets.csv	FAM72D	51.0	not_measured_in_frozen_cd4_target_set																	
analyses/external_benchmark/rpe1_prepared/excluded_targets.csv	FARSA	60.0	not_measured_in_frozen_cd4_target_set																	
analyses/external_benchmark/rpe1_prepared/excluded_targets.csv	FARSB	34.0	not_measured_in_frozen_cd4_target_set																	
analyses/external_benchmark/rpe1_prepared/excluded_targets.csv	FASN	73.0	not_measured_in_frozen_cd4_target_set																	
analyses/external_benchmark/rpe1_prepared/excluded_targets.csv	FASTKD5	119.0	not_measured_in_frozen_cd4_target_set																	
analyses/external_benchmark/rpe1_prepared/excluded_targets.csv	FAU	60.0	not_measured_in_frozen_cd4_target_set																	
analyses/external_benchmark/rpe1_prepared/excluded_targets.csv	FBLIM1	197.0	not_measured_in_frozen_cd4_target_set																	
analyses/external_benchmark/rpe1_prepared/excluded_targets.csv	FBRSL1	81.0	not_measured_in_frozen_cd4_target_set																	
analyses/external_benchmark/rpe1_prepared/excluded_targets.csv	FBXL14	91.0	not_measured_in_frozen_cd4_target_set																	
analyses/external_benchmark/rpe1_prepared/excluded_targets.csv	FDPS	63.0	not_measured_in_frozen_cd4_target_set																	
analyses/external_benchmark/rpe1_prepared/excluded_targets.csv	FEN1	50.0	not_measured_in_frozen_cd4_target_set																	
analyses/external_benchmark/rpe1_prepared/excluded_targets.csv	FKBP9	44.0	not_measured_in_frozen_cd4_target_set																	
analyses/external_benchmark/rpe1_prepared/excluded_targets.csv	FNTA	40.0	not_measured_in_frozen_cd4_target_set																	
analyses/external_benchmark/rpe1_prepared/excluded_targets.csv	FNTB	140.0	not_measured_in_frozen_cd4_target_set																	
analyses/external_benchmark/rpe1_prepared/excluded_targets.csv	FOLR3	219.0	not_measured_in_frozen_cd4_target_set																	
analyses/external_benchmark/rpe1_prepared/excluded_targets.csv	FOXD4	117.0	not_measured_in_frozen_cd4_target_set																	
analyses/external_benchmark/rpe1_prepared/excluded_targets.csv	FOXL2	80.0	not_measured_in_frozen_cd4_target_set																	
analyses/external_benchmark/rpe1_prepared/excluded_targets.csv	FOXS1	88.0	not_measured_in_frozen_cd4_target_set																	
analyses/external_benchmark/rpe1_prepared/excluded_targets.csv	FRG2	67.0	not_measured_in_frozen_cd4_target_set																	
analyses/external_benchmark/rpe1_prepared/excluded_targets.csv	FTSJ3	45.0	not_measured_in_frozen_cd4_target_set																	
analyses/external_benchmark/rpe1_prepared/excluded_targets.csv	FXN	35.0	not_measured_in_frozen_cd4_target_set																	
analyses/external_benchmark/rpe1_prepared/excluded_targets.csv	GABPA	67.0	not_measured_in_frozen_cd4_target_set																	
analyses/external_benchmark/rpe1_prepared/excluded_targets.csv	GAK	80.0	not_measured_in_frozen_cd4_target_set																	
analyses/external_benchmark/rpe1_prepared/excluded_targets.csv	GAPDH	131.0	not_measured_in_frozen_cd4_target_set																	
analyses/external_benchmark/rpe1_prepared/excluded_targets.csv	GAR1	32.0	not_measured_in_frozen_cd4_target_set																	
analyses/external_benchmark/rpe1_prepared/excluded_targets.csv	GARS	120.0	not_measured_in_frozen_cd4_target_set																	
analyses/external_benchmark/rpe1_prepared/excluded_targets.csv	GATA1	64.0	not_measured_in_frozen_cd4_target_set																	
analyses/external_benchmark/rpe1_prepared/excluded_targets.csv	GBF1	100.0	not_measured_in_frozen_cd4_target_set																	
analyses/external_benchmark/rpe1_prepared/excluded_targets.csv	GCLC	198.0	not_measured_in_frozen_cd4_target_set																	
analyses/external_benchmark/rpe1_prepared/excluded_targets.csv	GCOM1	169.0	not_measured_in_frozen_cd4_target_set																	
analyses/external_benchmark/rpe1_prepared/excluded_targets.csv	GEMIN4	82.0	not_measured_in_frozen_cd4_target_set																	
analyses/external_benchmark/rpe1_prepared/excluded_targets.csv	GEMIN5	95.0	not_measured_in_frozen_cd4_target_set																	
analyses/external_benchmark/rpe1_prepared/excluded_targets.csv	GEMIN6	48.0	not_measured_in_frozen_cd4_target_set																	
analyses/external_benchmark/rpe1_prepared/excluded_targets.csv	GEMIN8	45.0	not_measured_in_frozen_cd4_target_set																	
analyses/external_benchmark/rpe1_prepared/excluded_targets.csv	GET1	113.0	not_measured_in_frozen_cd4_target_set																	
analyses/external_benchmark/rpe1_prepared/excluded_targets.csv	GET3	175.0	not_measured_in_frozen_cd4_target_set																	
analyses/external_benchmark/rpe1_prepared/excluded_targets.csv	GFER	69.0	not_measured_in_frozen_cd4_target_set																	
analyses/external_benchmark/rpe1_prepared/excluded_targets.csv	GGPS1	57.0	not_measured_in_frozen_cd4_target_set																	
analyses/external_benchmark/rpe1_prepared/excluded_targets.csv	GINS1	44.0	not_measured_in_frozen_cd4_target_set																	
analyses/external_benchmark/rpe1_prepared/excluded_targets.csv	GINS4	81.0	not_measured_in_frozen_cd4_target_set																	
analyses/external_benchmark/rpe1_prepared/excluded_targets.csv	GJA3	95.0	not_measured_in_frozen_cd4_target_set																	
analyses/external_benchmark/rpe1_prepared/excluded_targets.csv	GLB1	45.0	not_measured_in_frozen_cd4_target_set																	
analyses/external_benchmark/rpe1_prepared/excluded_targets.csv	GLE1	83.0	not_measured_in_frozen_cd4_target_set																	
analyses/external_benchmark/rpe1_prepared/excluded_targets.csv	GLI4	62.0	not_measured_in_frozen_cd4_target_set																	
analyses/external_benchmark/rpe1_prepared/excluded_targets.csv	GLRX3	83.0	not_measured_in_frozen_cd4_target_set																	
analyses/external_benchmark/rpe1_prepared/excluded_targets.csv	GMIP	140.0	not_measured_in_frozen_cd4_target_set																	
analyses/external_benchmark/rpe1_prepared/excluded_targets.csv	GMPPB	101.0	not_measured_in_frozen_cd4_target_set																	
analyses/external_benchmark/rpe1_prepared/excluded_targets.csv	GNB1L	105.0	not_measured_in_frozen_cd4_target_set																	
analyses/external_benchmark/rpe1_prepared/excluded_targets.csv	GNL2	57.0	not_measured_in_frozen_cd4_target_set																	
analyses/external_benchmark/rpe1_prepared/excluded_targets.csv	GNL3	46.0	not_measured_in_frozen_cd4_target_set																	
analyses/external_benchmark/rpe1_prepared/excluded_targets.csv	GNPNAT1	189.0	not_measured_in_frozen_cd4_target_set																	
analyses/external_benchmark/rpe1_prepared/excluded_targets.csv	GOLGA6L1	121.0	not_measured_in_frozen_cd4_target_set																	
analyses/external_benchmark/rpe1_prepared/excluded_targets.csv	GOLT1B	148.0	not_measured_in_frozen_cd4_target_set																	
analyses/external_benchmark/rpe1_prepared/excluded_targets.csv	GON4L	122.0	not_measured_in_frozen_cd4_target_set																	
analyses/external_benchmark/rpe1_prepared/excluded_targets.csv	GPKOW	42.0	not_measured_in_frozen_cd4_target_set																	
analyses/external_benchmark/rpe1_prepared/excluded_targets.csv	GPN2	38.0	not_measured_in_frozen_cd4_target_set																	
analyses/external_benchmark/rpe1_prepared/excluded_targets.csv	GPN3	36.0	not_measured_in_frozen_cd4_target_set																	
analyses/external_benchmark/rpe1_prepared/excluded_targets.csv	GPR61	51.0	not_measured_in_frozen_cd4_target_set																	
analyses/external_benchmark/rpe1_prepared/excluded_targets.csv	GPS1	242.0	not_measured_in_frozen_cd4_target_set																	
analyses/external_benchmark/rpe1_prepared/excluded_targets.csv	GRPEL1	101.0	not_measured_in_frozen_cd4_target_set																	
analyses/external_benchmark/rpe1_prepared/excluded_targets.csv	GRWD1	71.0	not_measured_in_frozen_cd4_target_set																	
analyses/external_benchmark/rpe1_prepared/excluded_targets.csv	GSDMA	114.0	not_measured_in_frozen_cd4_target_set																	
analyses/external_benchmark/rpe1_prepared/excluded_targets.csv	GSPT1	50.0	not_measured_in_frozen_cd4_target_set																	
analyses/external_benchmark/rpe1_prepared/excluded_targets.csv	GTF2A2	63.0	not_measured_in_frozen_cd4_target_set																	
analyses/external_benchmark/rpe1_prepared/excluded_targets.csv	GTF2E1	47.0	not_measured_in_frozen_cd4_target_set																	
analyses/external_benchmark/rpe1_prepared/excluded_targets.csv	GTF2E2	280.0	not_measured_in_frozen_cd4_target_set																	
analyses/external_benchmark/rpe1_prepared/excluded_targets.csv	GTF2F1	39.0	not_measured_in_frozen_cd4_target_set																	
analyses/external_benchmark/rpe1_prepared/excluded_targets.csv	GTF2F2	64.0	not_measured_in_frozen_cd4_target_set																	
analyses/external_benchmark/rpe1_prepared/excluded_targets.csv	GTF2H2	49.0	not_measured_in_frozen_cd4_target_set																	
analyses/external_benchmark/rpe1_prepared/excluded_targets.csv	GTF2H3	67.0	not_measured_in_frozen_cd4_target_set																	
analyses/external_benchmark/rpe1_prepared/excluded_targets.csv	GTF2H4	57.0	not_measured_in_frozen_cd4_target_set																	
analyses/external_benchmark/rpe1_prepared/excluded_targets.csv	GTF3C1	66.0	not_measured_in_frozen_cd4_target_set																	
analyses/external_benchmark/rpe1_prepared/excluded_targets.csv	GTF3C2	80.0	not_measured_in_frozen_cd4_target_set																	
analyses/external_benchmark/rpe1_prepared/excluded_targets.csv	GTF3C3	71.0	not_measured_in_frozen_cd4_target_set																	
analyses/external_benchmark/rpe1_prepared/excluded_targets.csv	GTF3C4	942.0	not_measured_in_frozen_cd4_target_set																	
analyses/external_benchmark/rpe1_prepared/excluded_targets.csv	GTF3C5	108.0	not_measured_in_frozen_cd4_target_set																	
analyses/external_benchmark/rpe1_prepared/excluded_targets.csv	GTF3C6	138.0	not_measured_in_frozen_cd4_target_set																	
analyses/external_benchmark/rpe1_prepared/excluded_targets.csv	GTPBP4	56.0	not_measured_in_frozen_cd4_target_set																	
analyses/external_benchmark/rpe1_prepared/excluded_targets.csv	GUCD1	58.0	not_measured_in_frozen_cd4_target_set																	
analyses/external_benchmark/rpe1_prepared/excluded_targets.csv	GUK1	138.0	not_measured_in_frozen_cd4_target_set																	
analyses/external_benchmark/rpe1_prepared/excluded_targets.csv	H2AFX	109.0	not_measured_in_frozen_cd4_target_set																	
analyses/external_benchmark/rpe1_prepared/excluded_targets.csv	H2AFZ	274.0	not_measured_in_frozen_cd4_target_set																	
analyses/external_benchmark/rpe1_prepared/excluded_targets.csv	H3F3A	137.0	not_measured_in_frozen_cd4_target_set																	
analyses/external_benchmark/rpe1_prepared/excluded_targets.csv	HAMP	172.0	not_measured_in_frozen_cd4_target_set																	
analyses/external_benchmark/rpe1_prepared/excluded_targets.csv	HAPLN2	67.0	not_measured_in_frozen_cd4_target_set																	
analyses/external_benchmark/rpe1_prepared/excluded_targets.csv	HARS	87.0	not_measured_in_frozen_cd4_target_set																	
analyses/external_benchmark/rpe1_prepared/excluded_targets.csv	HAUS1	49.0	not_measured_in_frozen_cd4_target_set																	
analyses/external_benchmark/rpe1_prepared/excluded_targets.csv	HAUS3	40.0	not_measured_in_frozen_cd4_target_set																	
analyses/external_benchmark/rpe1_prepared/excluded_targets.csv	HAUS4	155.0	not_measured_in_frozen_cd4_target_set																	
analyses/external_benchmark/rpe1_prepared/excluded_targets.csv	HAUS5	90.0	not_measured_in_frozen_cd4_target_set																	
analyses/external_benchmark/rpe1_prepared/excluded_targets.csv	HAUS6	62.0	not_measured_in_frozen_cd4_target_set																	
analyses/external_benchmark/rpe1_prepared/excluded_targets.csv	HAUS7	117.0	not_measured_in_frozen_cd4_target_set																	
analyses/external_benchmark/rpe1_prepared/excluded_targets.csv	HAUS8	172.0	not_measured_in_frozen_cd4_target_set																	
analyses/external_benchmark/rpe1_prepared/excluded_targets.csv	HBS1L	49.0	not_measured_in_frozen_cd4_target_set																	
analyses/external_benchmark/rpe1_prepared/excluded_targets.csv	HCRTR1	67.0	not_measured_in_frozen_cd4_target_set																	
analyses/external_benchmark/rpe1_prepared/excluded_targets.csv	HERC1	91.0	not_measured_in_frozen_cd4_target_set																	
analyses/external_benchmark/rpe1_prepared/excluded_targets.csv	HGS	46.0	not_measured_in_frozen_cd4_target_set																	
analyses/external_benchmark/rpe1_prepared/excluded_targets.csv	HHEX	209.0	not_measured_in_frozen_cd4_target_set																	
analyses/external_benchmark/rpe1_prepared/excluded_targets.csv	HIRA	244.0	not_measured_in_frozen_cd4_target_set																	
analyses/external_benchmark/rpe1_prepared/excluded_targets.csv	HIST1H2AB	50.0	not_measured_in_frozen_cd4_target_set																	
analyses/external_benchmark/rpe1_prepared/excluded_targets.csv	HIST1H2AE	85.0	not_measured_in_frozen_cd4_target_set																	
analyses/external_benchmark/rpe1_prepared/excluded_targets.csv	HIST1H2BB	109.0	not_measured_in_frozen_cd4_target_set																	
analyses/external_benchmark/rpe1_prepared/excluded_targets.csv	HIST1H2BC	239.0	not_measured_in_frozen_cd4_target_set																	
analyses/external_benchmark/rpe1_prepared/excluded_targets.csv	HIST1H2BE	61.0	not_measured_in_frozen_cd4_target_set																	
analyses/external_benchmark/rpe1_prepared/excluded_targets.csv	HIST1H2BJ	67.0	not_measured_in_frozen_cd4_target_set																	
analyses/external_benchmark/rpe1_prepared/excluded_targets.csv	HIST1H2BL	106.0	not_measured_in_frozen_cd4_target_set																	
analyses/external_benchmark/rpe1_prepared/excluded_targets.csv	HIST1H2BM	113.0	not_measured_in_frozen_cd4_target_set																	
analyses/external_benchmark/rpe1_prepared/excluded_targets.csv	HIST1H2BN	86.0	not_measured_in_frozen_cd4_target_set																	
analyses/external_benchmark/rpe1_prepared/excluded_targets.csv	HIST2H2AA3	45.0	not_measured_in_frozen_cd4_target_set																	
analyses/external_benchmark/rpe1_prepared/excluded_targets.csv	HIST2H2BE	111.0	not_measured_in_frozen_cd4_target_set																	
analyses/external_benchmark/rpe1_prepared/excluded_targets.csv	HIST2H2BF	67.0	not_measured_in_frozen_cd4_target_set																	
analyses/external_benchmark/rpe1_prepared/excluded_targets.csv	HIST2H3A	80.0	not_measured_in_frozen_cd4_target_set																	
analyses/external_benchmark/rpe1_prepared/excluded_targets.csv	HIST2H3D	118.0	not_measured_in_frozen_cd4_target_set																	
analyses/external_benchmark/rpe1_prepared/excluded_targets.csv	HJURP	120.0	not_measured_in_frozen_cd4_target_set																	
analyses/external_benchmark/rpe1_prepared/excluded_targets.csv	HLA-C	67.0	not_measured_in_frozen_cd4_target_set																	
analyses/external_benchmark/rpe1_prepared/excluded_targets.csv	HMGA1	71.0	not_measured_in_frozen_cd4_target_set																	
analyses/external_benchmark/rpe1_prepared/excluded_targets.csv	HMGB1	133.0	not_measured_in_frozen_cd4_target_set																	
analyses/external_benchmark/rpe1_prepared/excluded_targets.csv	HMGCR	45.0	not_measured_in_frozen_cd4_target_set																	
analyses/external_benchmark/rpe1_prepared/excluded_targets.csv	HMGCS1	259.0	not_measured_in_frozen_cd4_target_set																	
analyses/external_benchmark/rpe1_prepared/excluded_targets.csv	HMGN2	47.0	not_measured_in_frozen_cd4_target_set																	
analyses/external_benchmark/rpe1_prepared/excluded_targets.csv	HMX3	54.0	not_measured_in_frozen_cd4_target_set																	
analyses/external_benchmark/rpe1_prepared/excluded_targets.csv	HNRNPA1	134.0	not_measured_in_frozen_cd4_target_set																	
analyses/external_benchmark/rpe1_prepared/excluded_targets.csv	HNRNPC	51.0	not_measured_in_frozen_cd4_target_set																	
analyses/external_benchmark/rpe1_prepared/excluded_targets.csv	HNRNPH1	174.0	not_measured_in_frozen_cd4_target_set																	
analyses/external_benchmark/rpe1_prepared/excluded_targets.csv	HNRNPK	88.0	not_measured_in_frozen_cd4_target_set																	
analyses/external_benchmark/rpe1_prepared/excluded_targets.csv	HNRNPL	112.0	not_measured_in_frozen_cd4_target_set																	
analyses/external_benchmark/rpe1_prepared/excluded_targets.csv	HNRNPM	108.0	not_measured_in_frozen_cd4_target_set																	
analyses/external_benchmark/rpe1_prepared/excluded_targets.csv	HNRNPU	82.0	not_measured_in_frozen_cd4_target_set																	
analyses/external_benchmark/rpe1_prepared/excluded_targets.csv	HOXC10	89.0	not_measured_in_frozen_cd4_target_set																	
analyses/external_benchmark/rpe1_prepared/excluded_targets.csv	HPS5	39.0	not_measured_in_frozen_cd4_target_set																	
analyses/external_benchmark/rpe1_prepared/excluded_targets.csv	HSCB	237.0	not_measured_in_frozen_cd4_target_set																	
analyses/external_benchmark/rpe1_prepared/excluded_targets.csv	HSD17B12	335.0	not_measured_in_frozen_cd4_target_set																	
analyses/external_benchmark/rpe1_prepared/excluded_targets.csv	HSPA14	105.0	not_measured_in_frozen_cd4_target_set																	
analyses/external_benchmark/rpe1_prepared/excluded_targets.csv	HSPA5	75.0	not_measured_in_frozen_cd4_target_set																	
analyses/external_benchmark/rpe1_prepared/excluded_targets.csv	HSPA9	113.0	not_measured_in_frozen_cd4_target_set																	
analyses/external_benchmark/rpe1_prepared/excluded_targets.csv	HSPD1	42.0	not_measured_in_frozen_cd4_target_set																	
analyses/external_benchmark/rpe1_prepared/excluded_targets.csv	HSPE1	102.0	not_measured_in_frozen_cd4_target_set																	
analyses/external_benchmark/rpe1_prepared/excluded_targets.csv	HUS1	230.0	not_measured_in_frozen_cd4_target_set																	
analyses/external_benchmark/rpe1_prepared/excluded_targets.csv	HYOU1	65.0	not_measured_in_frozen_cd4_target_set																	
analyses/external_benchmark/rpe1_prepared/excluded_targets.csv	HYPK	67.0	not_measured_in_frozen_cd4_target_set																	
analyses/external_benchmark/rpe1_prepared/excluded_targets.csv	IARS	36.0	not_measured_in_frozen_cd4_target_set																	
analyses/external_benchmark/rpe1_prepared/excluded_targets.csv	IARS2	86.0	not_measured_in_frozen_cd4_target_set																	
analyses/external_benchmark/rpe1_prepared/excluded_targets.csv	ICE1	65.0	not_measured_in_frozen_cd4_target_set																	
analyses/external_benchmark/rpe1_prepared/excluded_targets.csv	IGBP1	75.0	not_measured_in_frozen_cd4_target_set																	
analyses/external_benchmark/rpe1_prepared/excluded_targets.csv	IK	465.0	not_measured_in_frozen_cd4_target_set																	
analyses/external_benchmark/rpe1_prepared/excluded_targets.csv	ILF2	69.0	not_measured_in_frozen_cd4_target_set																	
analyses/external_benchmark/rpe1_prepared/excluded_targets.csv	ILF3	33.0	not_measured_in_frozen_cd4_target_set																	
analyses/external_benchmark/rpe1_prepared/excluded_targets.csv	IMPDH2	156.0	not_measured_in_frozen_cd4_target_set																	
analyses/external_benchmark/rpe1_prepared/excluded_targets.csv	INO80	42.0	not_measured_in_frozen_cd4_target_set																	
analyses/external_benchmark/rpe1_prepared/excluded_targets.csv	INO80E	81.0	not_measured_in_frozen_cd4_target_set																	
analyses/external_benchmark/rpe1_prepared/excluded_targets.csv	INTS1	53.0	not_measured_in_frozen_cd4_target_set																	
analyses/external_benchmark/rpe1_prepared/excluded_targets.csv	INTS12	140.0	not_measured_in_frozen_cd4_target_set																	
analyses/external_benchmark/rpe1_prepared/excluded_targets.csv	INTS13	305.0	not_measured_in_frozen_cd4_target_set																	
analyses/external_benchmark/rpe1_prepared/excluded_targets.csv	INTS2	70.0	not_measured_in_frozen_cd4_target_set																	
analyses/external_benchmark/rpe1_prepared/excluded_targets.csv	INTS3	70.0	not_measured_in_frozen_cd4_target_set																	
analyses/external_benchmark/rpe1_prepared/excluded_targets.csv	INTS4	50.0	not_measured_in_frozen_cd4_target_set																	
analyses/external_benchmark/rpe1_prepared/excluded_targets.csv	INTS5	56.0	not_measured_in_frozen_cd4_target_set																	
analyses/external_benchmark/rpe1_prepared/excluded_targets.csv	INTS8	153.0	not_measured_in_frozen_cd4_target_set																	
analyses/external_benchmark/rpe1_prepared/excluded_targets.csv	IPO13	75.0	not_measured_in_frozen_cd4_target_set																	
analyses/external_benchmark/rpe1_prepared/excluded_targets.csv	IPO7	48.0	not_measured_in_frozen_cd4_target_set																	
analyses/external_benchmark/rpe1_prepared/excluded_targets.csv	IPO9	117.0	not_measured_in_frozen_cd4_target_set																	
analyses/external_benchmark/rpe1_prepared/excluded_targets.csv	IRF2BP2	105.0	not_measured_in_frozen_cd4_target_set																	
analyses/external_benchmark/rpe1_prepared/excluded_targets.csv	ISCA2	146.0	not_measured_in_frozen_cd4_target_set																	
analyses/external_benchmark/rpe1_prepared/excluded_targets.csv	ISCU	32.0	not_measured_in_frozen_cd4_target_set																	
analyses/external_benchmark/rpe1_prepared/excluded_targets.csv	ISY1	49.0	not_measured_in_frozen_cd4_target_set																	
analyses/external_benchmark/rpe1_prepared/excluded_targets.csv	ITGB1BP1	45.0	not_measured_in_frozen_cd4_target_set																	
analyses/external_benchmark/rpe1_prepared/excluded_targets.csv	JAZF1	237.0	not_measured_in_frozen_cd4_target_set																	
analyses/external_benchmark/rpe1_prepared/excluded_targets.csv	KANSL1	35.0	not_measured_in_frozen_cd4_target_set																	
analyses/external_benchmark/rpe1_prepared/excluded_targets.csv	KANSL3	52.0	not_measured_in_frozen_cd4_target_set																	
analyses/external_benchmark/rpe1_prepared/excluded_targets.csv	KAT5	34.0	not_measured_in_frozen_cd4_target_set																	
analyses/external_benchmark/rpe1_prepared/excluded_targets.csv	KAT7	69.0	not_measured_in_frozen_cd4_target_set																	
analyses/external_benchmark/rpe1_prepared/excluded_targets.csv	KAT8	56.0	not_measured_in_frozen_cd4_target_set																	
analyses/external_benchmark/rpe1_prepared/excluded_targets.csv	KCNA10	72.0	not_measured_in_frozen_cd4_target_set																	
analyses/external_benchmark/rpe1_prepared/excluded_targets.csv	KCTD10	100.0	not_measured_in_frozen_cd4_target_set																	
analyses/external_benchmark/rpe1_prepared/excluded_targets.csv	KEAP1	163.0	not_measured_in_frozen_cd4_target_set																	
analyses/external_benchmark/rpe1_prepared/excluded_targets.csv	KIAA0586	52.0	not_measured_in_frozen_cd4_target_set																	
analyses/external_benchmark/rpe1_prepared/excluded_targets.csv	KIAA1143	141.0	not_measured_in_frozen_cd4_target_set																	
analyses/external_benchmark/rpe1_prepared/excluded_targets.csv	KIF18B	34.0	not_measured_in_frozen_cd4_target_set																	
analyses/external_benchmark/rpe1_prepared/excluded_targets.csv	KIF4A	80.0	not_measured_in_frozen_cd4_target_set																	
analyses/external_benchmark/rpe1_prepared/excluded_targets.csv	KIN	40.0	not_measured_in_frozen_cd4_target_set																	
analyses/external_benchmark/rpe1_prepared/excluded_targets.csv	KPNA6	37.0	not_measured_in_frozen_cd4_target_set																	
analyses/external_benchmark/rpe1_prepared/excluded_targets.csv	KPNB1	210.0	not_measured_in_frozen_cd4_target_set																	
analyses/external_benchmark/rpe1_prepared/excluded_targets.csv	KRI1	43.0	not_measured_in_frozen_cd4_target_set																	
analyses/external_benchmark/rpe1_prepared/excluded_targets.csv	KRT10	201.0	not_measured_in_frozen_cd4_target_set																	
analyses/external_benchmark/rpe1_prepared/excluded_targets.csv	KRT17	563.0	not_measured_in_frozen_cd4_target_set																	
analyses/external_benchmark/rpe1_prepared/excluded_targets.csv	KRT8	216.0	not_measured_in_frozen_cd4_target_set																	
analyses/external_benchmark/rpe1_prepared/excluded_targets.csv	KRTAP4-2	96.0	not_measured_in_frozen_cd4_target_set																	
analyses/external_benchmark/rpe1_prepared/excluded_targets.csv	KRTAP4-7	125.0	not_measured_in_frozen_cd4_target_set																	
analyses/external_benchmark/rpe1_prepared/excluded_targets.csv	LAMTOR1	371.0	not_measured_in_frozen_cd4_target_set																	
analyses/external_benchmark/rpe1_prepared/excluded_targets.csv	LARS	44.0	not_measured_in_frozen_cd4_target_set																	
analyses/external_benchmark/rpe1_prepared/excluded_targets.csv	LAS1L	42.0	not_measured_in_frozen_cd4_target_set																	
analyses/external_benchmark/rpe1_prepared/excluded_targets.csv	LCE1C	102.0	not_measured_in_frozen_cd4_target_set																	
analyses/external_benchmark/rpe1_prepared/excluded_targets.csv	LCE1E	105.0	not_measured_in_frozen_cd4_target_set																	
analyses/external_benchmark/rpe1_prepared/excluded_targets.csv	LCN10	93.0	not_measured_in_frozen_cd4_target_set																	
analyses/external_benchmark/rpe1_prepared/excluded_targets.csv	LENG8	49.0	not_measured_in_frozen_cd4_target_set																	
analyses/external_benchmark/rpe1_prepared/excluded_targets.csv	LETM1	163.0	not_measured_in_frozen_cd4_target_set																	
analyses/external_benchmark/rpe1_prepared/excluded_targets.csv	LIMS1	182.0	not_measured_in_frozen_cd4_target_set																	
analyses/external_benchmark/rpe1_prepared/excluded_targets.csv	LIN52	31.0	not_measured_in_frozen_cd4_target_set																	
analyses/external_benchmark/rpe1_prepared/excluded_targets.csv	LIN54	163.0	not_measured_in_frozen_cd4_target_set																	
analyses/external_benchmark/rpe1_prepared/excluded_targets.csv	LMO2	268.0	not_measured_in_frozen_cd4_target_set																	
analyses/external_benchmark/rpe1_prepared/excluded_targets.csv	LONP1	82.0	not_measured_in_frozen_cd4_target_set																	
analyses/external_benchmark/rpe1_prepared/excluded_targets.csv	LPA	59.0	not_measured_in_frozen_cd4_target_set																	
analyses/external_benchmark/rpe1_prepared/excluded_targets.csv	LRR1	51.0	not_measured_in_frozen_cd4_target_set																	
analyses/external_benchmark/rpe1_prepared/excluded_targets.csv	LRRC37A3	155.0	not_measured_in_frozen_cd4_target_set																	
analyses/external_benchmark/rpe1_prepared/excluded_targets.csv	LRRC37B	88.0	not_measured_in_frozen_cd4_target_set																	
analyses/external_benchmark/rpe1_prepared/excluded_targets.csv	LSG1	61.0	not_measured_in_frozen_cd4_target_set																	
analyses/external_benchmark/rpe1_prepared/excluded_targets.csv	LSM10	102.0	not_measured_in_frozen_cd4_target_set																	
analyses/external_benchmark/rpe1_prepared/excluded_targets.csv	LSM2	42.0	not_measured_in_frozen_cd4_target_set																	
analyses/external_benchmark/rpe1_prepared/excluded_targets.csv	LSM3	54.0	not_measured_in_frozen_cd4_target_set																	
analyses/external_benchmark/rpe1_prepared/excluded_targets.csv	LSM4	80.0	not_measured_in_frozen_cd4_target_set																	
analyses/external_benchmark/rpe1_prepared/excluded_targets.csv	LSM5	85.0	not_measured_in_frozen_cd4_target_set																	
analyses/external_benchmark/rpe1_prepared/excluded_targets.csv	LSM6	47.0	not_measured_in_frozen_cd4_target_set																	
analyses/external_benchmark/rpe1_prepared/excluded_targets.csv	LSM7	67.0	not_measured_in_frozen_cd4_target_set																	
analyses/external_benchmark/rpe1_prepared/excluded_targets.csv	LTB4R2	126.0	not_measured_in_frozen_cd4_target_set																	
analyses/external_benchmark/rpe1_prepared/excluded_targets.csv	LURAP1	46.0	not_measured_in_frozen_cd4_target_set																	
analyses/external_benchmark/rpe1_prepared/excluded_targets.csv	MAD2L1	108.0	not_measured_in_frozen_cd4_target_set																	
analyses/external_benchmark/rpe1_prepared/excluded_targets.csv	MAD2L2	234.0	not_measured_in_frozen_cd4_target_set																	
analyses/external_benchmark/rpe1_prepared/excluded_targets.csv	MAGOH	116.0	not_measured_in_frozen_cd4_target_set																	
analyses/external_benchmark/rpe1_prepared/excluded_targets.csv	MARS	32.0	not_measured_in_frozen_cd4_target_set																	
analyses/external_benchmark/rpe1_prepared/excluded_targets.csv	MARS2	91.0	not_measured_in_frozen_cd4_target_set																	
analyses/external_benchmark/rpe1_prepared/excluded_targets.csv	MAT2A	160.0	not_measured_in_frozen_cd4_target_set																	
analyses/external_benchmark/rpe1_prepared/excluded_targets.csv	MBTPS2	154.0	not_measured_in_frozen_cd4_target_set																	
analyses/external_benchmark/rpe1_prepared/excluded_targets.csv	MCL1	247.0	not_measured_in_frozen_cd4_target_set																	
analyses/external_benchmark/rpe1_prepared/excluded_targets.csv	MCM10	58.0	not_measured_in_frozen_cd4_target_set																	
analyses/external_benchmark/rpe1_prepared/excluded_targets.csv	MCM2	42.0	not_measured_in_frozen_cd4_target_set																	
analyses/external_benchmark/rpe1_prepared/excluded_targets.csv	MCM3	187.0	not_measured_in_frozen_cd4_target_set																	
analyses/external_benchmark/rpe1_prepared/excluded_targets.csv	MCM3AP	72.0	not_measured_in_frozen_cd4_target_set																	
analyses/external_benchmark/rpe1_prepared/excluded_targets.csv	MCM4	40.0	not_measured_in_frozen_cd4_target_set																	
analyses/external_benchmark/rpe1_prepared/excluded_targets.csv	MCM5	60.0	not_measured_in_frozen_cd4_target_set																	
analyses/external_benchmark/rpe1_prepared/excluded_targets.csv	MCM6	125.0	not_measured_in_frozen_cd4_target_set																	
analyses/external_benchmark/rpe1_prepared/excluded_targets.csv	MCM7	47.0	not_measured_in_frozen_cd4_target_set																	
analyses/external_benchmark/rpe1_prepared/excluded_targets.csv	MED11	33.0	not_measured_in_frozen_cd4_target_set																	
analyses/external_benchmark/rpe1_prepared/excluded_targets.csv	MED14	99.0	not_measured_in_frozen_cd4_target_set																	
analyses/external_benchmark/rpe1_prepared/excluded_targets.csv	MED16	45.0	not_measured_in_frozen_cd4_target_set																	
analyses/external_benchmark/rpe1_prepared/excluded_targets.csv	MED18	35.0	not_measured_in_frozen_cd4_target_set																	
analyses/external_benchmark/rpe1_prepared/excluded_targets.csv	MED19	201.0	not_measured_in_frozen_cd4_target_set																	
analyses/external_benchmark/rpe1_prepared/excluded_targets.csv	MED29	30.0	not_measured_in_frozen_cd4_target_set																	
analyses/external_benchmark/rpe1_prepared/excluded_targets.csv	MED4	76.0	not_measured_in_frozen_cd4_target_set																	
analyses/external_benchmark/rpe1_prepared/excluded_targets.csv	MED8	40.0	not_measured_in_frozen_cd4_target_set																	
analyses/external_benchmark/rpe1_prepared/excluded_targets.csv	MEIS3	114.0	not_measured_in_frozen_cd4_target_set																	
analyses/external_benchmark/rpe1_prepared/excluded_targets.csv	MEMO1	77.0	not_measured_in_frozen_cd4_target_set																	
analyses/external_benchmark/rpe1_prepared/excluded_targets.csv	MEN1	100.0	not_measured_in_frozen_cd4_target_set																	
analyses/external_benchmark/rpe1_prepared/excluded_targets.csv	METAP1	56.0	not_measured_in_frozen_cd4_target_set																	
analyses/external_benchmark/rpe1_prepared/excluded_targets.csv	METTL14	76.0	not_measured_in_frozen_cd4_target_set																	
analyses/external_benchmark/rpe1_prepared/excluded_targets.csv	METTL16	42.0	not_measured_in_frozen_cd4_target_set																	
analyses/external_benchmark/rpe1_prepared/excluded_targets.csv	METTL21A	106.0	not_measured_in_frozen_cd4_target_set																	
analyses/external_benchmark/rpe1_prepared/excluded_targets.csv	METTL23	90.0	not_measured_in_frozen_cd4_target_set																	
analyses/external_benchmark/rpe1_prepared/excluded_targets.csv	METTL3	216.0	not_measured_in_frozen_cd4_target_set																	
analyses/external_benchmark/rpe1_prepared/excluded_targets.csv	MEX3A	46.0	not_measured_in_frozen_cd4_target_set																	
analyses/external_benchmark/rpe1_prepared/excluded_targets.csv	MFAP1	59.0	not_measured_in_frozen_cd4_target_set																	
analyses/external_benchmark/rpe1_prepared/excluded_targets.csv	MFN2	224.0	not_measured_in_frozen_cd4_target_set																	
analyses/external_benchmark/rpe1_prepared/excluded_targets.csv	MICOS10	184.0	not_measured_in_frozen_cd4_target_set																	
analyses/external_benchmark/rpe1_prepared/excluded_targets.csv	MIER1	155.0	not_measured_in_frozen_cd4_target_set																	
analyses/external_benchmark/rpe1_prepared/excluded_targets.csv	MIOS	131.0	not_measured_in_frozen_cd4_target_set																	
analyses/external_benchmark/rpe1_prepared/excluded_targets.csv	MIS18A	53.0	not_measured_in_frozen_cd4_target_set																	
analyses/external_benchmark/rpe1_prepared/excluded_targets.csv	MIS18BP1	38.0	not_measured_in_frozen_cd4_target_set																	
analyses/external_benchmark/rpe1_prepared/excluded_targets.csv	MLLT6	105.0	not_measured_in_frozen_cd4_target_set																	
analyses/external_benchmark/rpe1_prepared/excluded_targets.csv	MMP17	61.0	not_measured_in_frozen_cd4_target_set																	
analyses/external_benchmark/rpe1_prepared/excluded_targets.csv	MMS19	89.0	not_measured_in_frozen_cd4_target_set																	
analyses/external_benchmark/rpe1_prepared/excluded_targets.csv	MMS22L	33.0	not_measured_in_frozen_cd4_target_set																	
analyses/external_benchmark/rpe1_prepared/excluded_targets.csv	MNAT1	82.0	not_measured_in_frozen_cd4_target_set																	
analyses/external_benchmark/rpe1_prepared/excluded_targets.csv	MOB4	68.0	not_measured_in_frozen_cd4_target_set																	
analyses/external_benchmark/rpe1_prepared/excluded_targets.csv	MOCS3	75.0	not_measured_in_frozen_cd4_target_set																	
analyses/external_benchmark/rpe1_prepared/excluded_targets.csv	MOG	60.0	not_measured_in_frozen_cd4_target_set																	
analyses/external_benchmark/rpe1_prepared/excluded_targets.csv	MOK	87.0	not_measured_in_frozen_cd4_target_set																	
analyses/external_benchmark/rpe1_prepared/excluded_targets.csv	MPHOSPH6	51.0	not_measured_in_frozen_cd4_target_set																	
analyses/external_benchmark/rpe1_prepared/excluded_targets.csv	MRPL1	146.0	not_measured_in_frozen_cd4_target_set																	
analyses/external_benchmark/rpe1_prepared/excluded_targets.csv	MRPL10	118.0	not_measured_in_frozen_cd4_target_set																	
analyses/external_benchmark/rpe1_prepared/excluded_targets.csv	MRPL11	54.0	not_measured_in_frozen_cd4_target_set																	
analyses/external_benchmark/rpe1_prepared/excluded_targets.csv	MRPL14	127.0	not_measured_in_frozen_cd4_target_set																	
analyses/external_benchmark/rpe1_prepared/excluded_targets.csv	MRPL15	142.0	not_measured_in_frozen_cd4_target_set																	
analyses/external_benchmark/rpe1_prepared/excluded_targets.csv	MRPL16	261.0	not_measured_in_frozen_cd4_target_set																	
analyses/external_benchmark/rpe1_prepared/excluded_targets.csv	MRPL17	96.0	not_measured_in_frozen_cd4_target_set																	
analyses/external_benchmark/rpe1_prepared/excluded_targets.csv	MRPL18	98.0	not_measured_in_frozen_cd4_target_set																	
analyses/external_benchmark/rpe1_prepared/excluded_targets.csv	MRPL19	110.0	not_measured_in_frozen_cd4_target_set																	
analyses/external_benchmark/rpe1_prepared/excluded_targets.csv	MRPL2	79.0	not_measured_in_frozen_cd4_target_set																	
analyses/external_benchmark/rpe1_prepared/excluded_targets.csv	MRPL20	109.0	not_measured_in_frozen_cd4_target_set																	
analyses/external_benchmark/rpe1_prepared/excluded_targets.csv	MRPL22	65.0	not_measured_in_frozen_cd4_target_set																	
analyses/external_benchmark/rpe1_prepared/excluded_targets.csv	MRPL23	85.0	not_measured_in_frozen_cd4_target_set																	
analyses/external_benchmark/rpe1_prepared/excluded_targets.csv	MRPL24	217.0	not_measured_in_frozen_cd4_target_set																	
analyses/external_benchmark/rpe1_prepared/excluded_targets.csv	MRPL27	191.0	not_measured_in_frozen_cd4_target_set																	
analyses/external_benchmark/rpe1_prepared/excluded_targets.csv	MRPL28	111.0	not_measured_in_frozen_cd4_target_set																	
analyses/external_benchmark/rpe1_prepared/excluded_targets.csv	MRPL3	168.0	not_measured_in_frozen_cd4_target_set																	
analyses/external_benchmark/rpe1_prepared/excluded_targets.csv	MRPL32	75.0	not_measured_in_frozen_cd4_target_set																	
analyses/external_benchmark/rpe1_prepared/excluded_targets.csv	MRPL33	166.0	not_measured_in_frozen_cd4_target_set																	
analyses/external_benchmark/rpe1_prepared/excluded_targets.csv	MRPL34	172.0	not_measured_in_frozen_cd4_target_set																	
analyses/external_benchmark/rpe1_prepared/excluded_targets.csv	MRPL35	1491.0	not_measured_in_frozen_cd4_target_set																	
analyses/external_benchmark/rpe1_prepared/excluded_targets.csv	MRPL36	1686.0	not_measured_in_frozen_cd4_target_set																	
analyses/external_benchmark/rpe1_prepared/excluded_targets.csv	MRPL37	90.0	not_measured_in_frozen_cd4_target_set																	
analyses/external_benchmark/rpe1_prepared/excluded_targets.csv	MRPL38	265.0	not_measured_in_frozen_cd4_target_set																	
analyses/external_benchmark/rpe1_prepared/excluded_targets.csv	MRPL39	286.0	not_measured_in_frozen_cd4_target_set																	
analyses/external_benchmark/rpe1_prepared/excluded_targets.csv	MRPL4	153.0	not_measured_in_frozen_cd4_target_set																	
analyses/external_benchmark/rpe1_prepared/excluded_targets.csv	MRPL41	218.0	not_measured_in_frozen_cd4_target_set																	
analyses/external_benchmark/rpe1_prepared/excluded_targets.csv	MRPL42	75.0	not_measured_in_frozen_cd4_target_set																	
analyses/external_benchmark/rpe1_prepared/excluded_targets.csv	MRPL43	91.0	not_measured_in_frozen_cd4_target_set																	
analyses/external_benchmark/rpe1_prepared/excluded_targets.csv	MRPL44	93.0	not_measured_in_frozen_cd4_target_set																	
analyses/external_benchmark/rpe1_prepared/excluded_targets.csv	MRPL45	45.0	not_measured_in_frozen_cd4_target_set																	
analyses/external_benchmark/rpe1_prepared/excluded_targets.csv	MRPL46	106.0	not_measured_in_frozen_cd4_target_set																	
analyses/external_benchmark/rpe1_prepared/excluded_targets.csv	MRPL49	32.0	not_measured_in_frozen_cd4_target_set																	
analyses/external_benchmark/rpe1_prepared/excluded_targets.csv	MRPL50	140.0	not_measured_in_frozen_cd4_target_set																	
analyses/external_benchmark/rpe1_prepared/excluded_targets.csv	MRPL51	99.0	not_measured_in_frozen_cd4_target_set																	
analyses/external_benchmark/rpe1_prepared/excluded_targets.csv	MRPL53	122.0	not_measured_in_frozen_cd4_target_set																	
analyses/external_benchmark/rpe1_prepared/excluded_targets.csv	MRPL54	165.0	not_measured_in_frozen_cd4_target_set																	
analyses/external_benchmark/rpe1_prepared/excluded_targets.csv	MRPL55	95.0	not_measured_in_frozen_cd4_target_set																	
analyses/external_benchmark/rpe1_prepared/excluded_targets.csv	MRPL9	84.0	not_measured_in_frozen_cd4_target_set																	
analyses/external_benchmark/rpe1_prepared/excluded_targets.csv	MRPS10	138.0	not_measured_in_frozen_cd4_target_set																	
analyses/external_benchmark/rpe1_prepared/excluded_targets.csv	MRPS11	128.0	not_measured_in_frozen_cd4_target_set																	
analyses/external_benchmark/rpe1_prepared/excluded_targets.csv	MRPS12	48.0	not_measured_in_frozen_cd4_target_set																	
analyses/external_benchmark/rpe1_prepared/excluded_targets.csv	MRPS14	32.0	not_measured_in_frozen_cd4_target_set																	
analyses/external_benchmark/rpe1_prepared/excluded_targets.csv	MRPS16	228.0	not_measured_in_frozen_cd4_target_set																	
analyses/external_benchmark/rpe1_prepared/excluded_targets.csv	MRPS17	160.0	not_measured_in_frozen_cd4_target_set																	
analyses/external_benchmark/rpe1_prepared/excluded_targets.csv	MRPS18A	93.0	not_measured_in_frozen_cd4_target_set																	
analyses/external_benchmark/rpe1_prepared/excluded_targets.csv	MRPS18B	30.0	not_measured_in_frozen_cd4_target_set																	
analyses/external_benchmark/rpe1_prepared/excluded_targets.csv	MRPS18C	65.0	not_measured_in_frozen_cd4_target_set																	
analyses/external_benchmark/rpe1_prepared/excluded_targets.csv	MRPS2	78.0	not_measured_in_frozen_cd4_target_set																	
analyses/external_benchmark/rpe1_prepared/excluded_targets.csv	MRPS21	251.0	not_measured_in_frozen_cd4_target_set																	
analyses/external_benchmark/rpe1_prepared/excluded_targets.csv	MRPS22	72.0	not_measured_in_frozen_cd4_target_set																	
analyses/external_benchmark/rpe1_prepared/excluded_targets.csv	MRPS23	102.0	not_measured_in_frozen_cd4_target_set																	
analyses/external_benchmark/rpe1_prepared/excluded_targets.csv	MRPS24	81.0	not_measured_in_frozen_cd4_target_set																	
analyses/external_benchmark/rpe1_prepared/excluded_targets.csv	MRPS25	137.0	not_measured_in_frozen_cd4_target_set																	
analyses/external_benchmark/rpe1_prepared/excluded_targets.csv	MRPS26	128.0	not_measured_in_frozen_cd4_target_set																	
analyses/external_benchmark/rpe1_prepared/excluded_targets.csv	MRPS27	137.0	not_measured_in_frozen_cd4_target_set																	
analyses/external_benchmark/rpe1_prepared/excluded_targets.csv	MRPS28	103.0	not_measured_in_frozen_cd4_target_set																	
analyses/external_benchmark/rpe1_prepared/excluded_targets.csv	MRPS30	118.0	not_measured_in_frozen_cd4_target_set																	
analyses/external_benchmark/rpe1_prepared/excluded_targets.csv	MRPS31	69.0	not_measured_in_frozen_cd4_target_set																	
analyses/external_benchmark/rpe1_prepared/excluded_targets.csv	MRPS33	94.0	not_measured_in_frozen_cd4_target_set																	
analyses/external_benchmark/rpe1_prepared/excluded_targets.csv	MRPS34	70.0	not_measured_in_frozen_cd4_target_set																	
analyses/external_benchmark/rpe1_prepared/excluded_targets.csv	MRPS35	104.0	not_measured_in_frozen_cd4_target_set																	
analyses/external_benchmark/rpe1_prepared/excluded_targets.csv	MRPS5	168.0	not_measured_in_frozen_cd4_target_set																	
analyses/external_benchmark/rpe1_prepared/excluded_targets.csv	MRPS6	213.0	not_measured_in_frozen_cd4_target_set																	
analyses/external_benchmark/rpe1_prepared/excluded_targets.csv	MRPS7	118.0	not_measured_in_frozen_cd4_target_set																	
analyses/external_benchmark/rpe1_prepared/excluded_targets.csv	MRPS9	92.0	not_measured_in_frozen_cd4_target_set																	
analyses/external_benchmark/rpe1_prepared/excluded_targets.csv	MST1	78.0	not_measured_in_frozen_cd4_target_set																	
analyses/external_benchmark/rpe1_prepared/excluded_targets.csv	MTBP	86.0	not_measured_in_frozen_cd4_target_set																	
analyses/external_benchmark/rpe1_prepared/excluded_targets.csv	MTCP1	43.0	not_measured_in_frozen_cd4_target_set																	
analyses/external_benchmark/rpe1_prepared/excluded_targets.csv	MTHFD1	98.0	not_measured_in_frozen_cd4_target_set																	
analyses/external_benchmark/rpe1_prepared/excluded_targets.csv	MTOR	102.0	not_measured_in_frozen_cd4_target_set																	
analyses/external_benchmark/rpe1_prepared/excluded_targets.csv	MTPAP	84.0	not_measured_in_frozen_cd4_target_set																	
analyses/external_benchmark/rpe1_prepared/excluded_targets.csv	MVD	72.0	not_measured_in_frozen_cd4_target_set																	
analyses/external_benchmark/rpe1_prepared/excluded_targets.csv	MVK	422.0	not_measured_in_frozen_cd4_target_set																	
analyses/external_benchmark/rpe1_prepared/excluded_targets.csv	MYBBP1A	31.0	not_measured_in_frozen_cd4_target_set																	
analyses/external_benchmark/rpe1_prepared/excluded_targets.csv	MYBL2	894.0	not_measured_in_frozen_cd4_target_set																	
analyses/external_benchmark/rpe1_prepared/excluded_targets.csv	MYO1H	140.0	not_measured_in_frozen_cd4_target_set																	
analyses/external_benchmark/rpe1_prepared/excluded_targets.csv	MZF1	121.0	not_measured_in_frozen_cd4_target_set																	
analyses/external_benchmark/rpe1_prepared/excluded_targets.csv	MZT1	47.0	not_measured_in_frozen_cd4_target_set																	
analyses/external_benchmark/rpe1_prepared/excluded_targets.csv	NAA10	61.0	not_measured_in_frozen_cd4_target_set																	
analyses/external_benchmark/rpe1_prepared/excluded_targets.csv	NAA15	57.0	not_measured_in_frozen_cd4_target_set																	
analyses/external_benchmark/rpe1_prepared/excluded_targets.csv	NAA20	98.0	not_measured_in_frozen_cd4_target_set																	
analyses/external_benchmark/rpe1_prepared/excluded_targets.csv	NAA25	146.0	not_measured_in_frozen_cd4_target_set																	
analyses/external_benchmark/rpe1_prepared/excluded_targets.csv	NAA30	135.0	not_measured_in_frozen_cd4_target_set																	
analyses/external_benchmark/rpe1_prepared/excluded_targets.csv	NAA38	90.0	not_measured_in_frozen_cd4_target_set																	
analyses/external_benchmark/rpe1_prepared/excluded_targets.csv	NAA50	64.0	not_measured_in_frozen_cd4_target_set																	
analyses/external_benchmark/rpe1_prepared/excluded_targets.csv	NACA	31.0	not_measured_in_frozen_cd4_target_set																	
analyses/external_benchmark/rpe1_prepared/excluded_targets.csv	NAE1	53.0	not_measured_in_frozen_cd4_target_set																	
analyses/external_benchmark/rpe1_prepared/excluded_targets.csv	NAF1	60.0	not_measured_in_frozen_cd4_target_set																	
analyses/external_benchmark/rpe1_prepared/excluded_targets.csv	NANOG	73.0	not_measured_in_frozen_cd4_target_set																	
analyses/external_benchmark/rpe1_prepared/excluded_targets.csv	NARS	75.0	not_measured_in_frozen_cd4_target_set																	
analyses/external_benchmark/rpe1_prepared/excluded_targets.csv	NASP	103.0	not_measured_in_frozen_cd4_target_set																	
analyses/external_benchmark/rpe1_prepared/excluded_targets.csv	NBAS	70.0	not_measured_in_frozen_cd4_target_set																	
analyses/external_benchmark/rpe1_prepared/excluded_targets.csv	NBPF12	1159.0	not_measured_in_frozen_cd4_target_set																	
analyses/external_benchmark/rpe1_prepared/excluded_targets.csv	NBPF15	154.0	not_measured_in_frozen_cd4_target_set																	
analyses/external_benchmark/rpe1_prepared/excluded_targets.csv	NBPF3	83.0	not_measured_in_frozen_cd4_target_set																	
analyses/external_benchmark/rpe1_prepared/excluded_targets.csv	NCAPD2	123.0	not_measured_in_frozen_cd4_target_set																	
analyses/external_benchmark/rpe1_prepared/excluded_targets.csv	NCAPG	33.0	not_measured_in_frozen_cd4_target_set																	
analyses/external_benchmark/rpe1_prepared/excluded_targets.csv	NCAPH	36.0	not_measured_in_frozen_cd4_target_set																	
analyses/external_benchmark/rpe1_prepared/excluded_targets.csv	NCAPH2	64.0	not_measured_in_frozen_cd4_target_set																	
analyses/external_benchmark/rpe1_prepared/excluded_targets.csv	NCBP2	39.0	not_measured_in_frozen_cd4_target_set																	
analyses/external_benchmark/rpe1_prepared/excluded_targets.csv	NCL	94.0	not_measured_in_frozen_cd4_target_set																	
analyses/external_benchmark/rpe1_prepared/excluded_targets.csv	NDC1	111.0	not_measured_in_frozen_cd4_target_set																	
analyses/external_benchmark/rpe1_prepared/excluded_targets.csv	NDC80	100.0	not_measured_in_frozen_cd4_target_set																	
analyses/external_benchmark/rpe1_prepared/excluded_targets.csv	NDOR1	64.0	not_measured_in_frozen_cd4_target_set																	
analyses/external_benchmark/rpe1_prepared/excluded_targets.csv	NDUFA2	35.0	not_measured_in_frozen_cd4_target_set																	
analyses/external_benchmark/rpe1_prepared/excluded_targets.csv	NDUFA6	110.0	not_measured_in_frozen_cd4_target_set																	
analyses/external_benchmark/rpe1_prepared/excluded_targets.csv	NDUFAB1	76.0	not_measured_in_frozen_cd4_target_set																	
analyses/external_benchmark/rpe1_prepared/excluded_targets.csv	NDUFB10	97.0	not_measured_in_frozen_cd4_target_set																	
analyses/external_benchmark/rpe1_prepared/excluded_targets.csv	NDUFB7	106.0	not_measured_in_frozen_cd4_target_set																	
analyses/external_benchmark/rpe1_prepared/excluded_targets.csv	NDUFB8	154.0	not_measured_in_frozen_cd4_target_set																	
analyses/external_benchmark/rpe1_prepared/excluded_targets.csv	NEDD1	151.0	not_measured_in_frozen_cd4_target_set																	
analyses/external_benchmark/rpe1_prepared/excluded_targets.csv	NEDD8	61.0	not_measured_in_frozen_cd4_target_set																	
analyses/external_benchmark/rpe1_prepared/excluded_targets.csv	NEDD8-MDP1	51.0	not_measured_in_frozen_cd4_target_set																	
analyses/external_benchmark/rpe1_prepared/excluded_targets.csv	NELFA	60.0	not_measured_in_frozen_cd4_target_set																	
analyses/external_benchmark/rpe1_prepared/excluded_targets.csv	NELFB	153.0	not_measured_in_frozen_cd4_target_set																	
analyses/external_benchmark/rpe1_prepared/excluded_targets.csv	NELFCD	113.0	not_measured_in_frozen_cd4_target_set																	
analyses/external_benchmark/rpe1_prepared/excluded_targets.csv	NFKBIE	62.0	not_measured_in_frozen_cd4_target_set																	
analyses/external_benchmark/rpe1_prepared/excluded_targets.csv	NFS1	56.0	not_measured_in_frozen_cd4_target_set																	
analyses/external_benchmark/rpe1_prepared/excluded_targets.csv	NFYB	84.0	not_measured_in_frozen_cd4_target_set																	
analyses/external_benchmark/rpe1_prepared/excluded_targets.csv	NFYC	121.0	not_measured_in_frozen_cd4_target_set																	
analyses/external_benchmark/rpe1_prepared/excluded_targets.csv	NHLRC2	76.0	not_measured_in_frozen_cd4_target_set																	
analyses/external_benchmark/rpe1_prepared/excluded_targets.csv	NHP2	48.0	not_measured_in_frozen_cd4_target_set																	
analyses/external_benchmark/rpe1_prepared/excluded_targets.csv	NIFK	63.0	not_measured_in_frozen_cd4_target_set																	
analyses/external_benchmark/rpe1_prepared/excluded_targets.csv	NKAP	83.0	not_measured_in_frozen_cd4_target_set																	
analyses/external_benchmark/rpe1_prepared/excluded_targets.csv	NKX6-1	38.0	not_measured_in_frozen_cd4_target_set																	
analyses/external_benchmark/rpe1_prepared/excluded_targets.csv	NLE1	37.0	not_measured_in_frozen_cd4_target_set																	
analyses/external_benchmark/rpe1_prepared/excluded_targets.csv	NMD3	42.0	not_measured_in_frozen_cd4_target_set																	
analyses/external_benchmark/rpe1_prepared/excluded_targets.csv	NMT1	72.0	not_measured_in_frozen_cd4_target_set																	
analyses/external_benchmark/rpe1_prepared/excluded_targets.csv	NOC3L	45.0	not_measured_in_frozen_cd4_target_set																	
analyses/external_benchmark/rpe1_prepared/excluded_targets.csv	NOL11	30.0	not_measured_in_frozen_cd4_target_set																	
analyses/external_benchmark/rpe1_prepared/excluded_targets.csv	NOL7	60.0	not_measured_in_frozen_cd4_target_set																	
analyses/external_benchmark/rpe1_prepared/excluded_targets.csv	NOL8	38.0	not_measured_in_frozen_cd4_target_set																	
analyses/external_benchmark/rpe1_prepared/excluded_targets.csv	NOLC1	39.0	not_measured_in_frozen_cd4_target_set																	
analyses/external_benchmark/rpe1_prepared/excluded_targets.csv	NOM1	59.0	not_measured_in_frozen_cd4_target_set																	
analyses/external_benchmark/rpe1_prepared/excluded_targets.csv	NOMO3	115.0	not_measured_in_frozen_cd4_target_set																	
analyses/external_benchmark/rpe1_prepared/excluded_targets.csv	NOP14	37.0	not_measured_in_frozen_cd4_target_set																	
analyses/external_benchmark/rpe1_prepared/excluded_targets.csv	NOP56	93.0	not_measured_in_frozen_cd4_target_set																	
analyses/external_benchmark/rpe1_prepared/excluded_targets.csv	NOP9	39.0	not_measured_in_frozen_cd4_target_set																	
analyses/external_benchmark/rpe1_prepared/excluded_targets.csv	NOS1AP	79.0	not_measured_in_frozen_cd4_target_set																	
analyses/external_benchmark/rpe1_prepared/excluded_targets.csv	NPB	131.0	not_measured_in_frozen_cd4_target_set																	
analyses/external_benchmark/rpe1_prepared/excluded_targets.csv	NPLOC4	193.0	not_measured_in_frozen_cd4_target_set																	
analyses/external_benchmark/rpe1_prepared/excluded_targets.csv	NPM1	44.0	not_measured_in_frozen_cd4_target_set																	
analyses/external_benchmark/rpe1_prepared/excluded_targets.csv	NRDE2	46.0	not_measured_in_frozen_cd4_target_set																	
analyses/external_benchmark/rpe1_prepared/excluded_targets.csv	NRF1	54.0	not_measured_in_frozen_cd4_target_set																	
analyses/external_benchmark/rpe1_prepared/excluded_targets.csv	NSA2	41.0	not_measured_in_frozen_cd4_target_set																	
analyses/external_benchmark/rpe1_prepared/excluded_targets.csv	NSF	65.0	not_measured_in_frozen_cd4_target_set																	
analyses/external_benchmark/rpe1_prepared/excluded_targets.csv	NSL1	51.0	not_measured_in_frozen_cd4_target_set																	
analyses/external_benchmark/rpe1_prepared/excluded_targets.csv	NSMCE1	50.0	not_measured_in_frozen_cd4_target_set																	
analyses/external_benchmark/rpe1_prepared/excluded_targets.csv	NSMCE2	75.0	not_measured_in_frozen_cd4_target_set																	
analyses/external_benchmark/rpe1_prepared/excluded_targets.csv	NSRP1	43.0	not_measured_in_frozen_cd4_target_set																	
analyses/external_benchmark/rpe1_prepared/excluded_targets.csv	NUBP1	37.0	not_measured_in_frozen_cd4_target_set																	
analyses/external_benchmark/rpe1_prepared/excluded_targets.csv	NUBP2	92.0	not_measured_in_frozen_cd4_target_set																	
analyses/external_benchmark/rpe1_prepared/excluded_targets.csv	NUDC	57.0	not_measured_in_frozen_cd4_target_set																	
analyses/external_benchmark/rpe1_prepared/excluded_targets.csv	NUDCD3	134.0	not_measured_in_frozen_cd4_target_set																	
analyses/external_benchmark/rpe1_prepared/excluded_targets.csv	NUF2	62.0	not_measured_in_frozen_cd4_target_set																	
analyses/external_benchmark/rpe1_prepared/excluded_targets.csv	NUP107	143.0	not_measured_in_frozen_cd4_target_set																	
analyses/external_benchmark/rpe1_prepared/excluded_targets.csv	NUP133	110.0	not_measured_in_frozen_cd4_target_set																	
analyses/external_benchmark/rpe1_prepared/excluded_targets.csv	NUP153	113.0	not_measured_in_frozen_cd4_target_set																	
analyses/external_benchmark/rpe1_prepared/excluded_targets.csv	NUP155	31.0	not_measured_in_frozen_cd4_target_set																	
analyses/external_benchmark/rpe1_prepared/excluded_targets.csv	NUP160	63.0	not_measured_in_frozen_cd4_target_set																	
analyses/external_benchmark/rpe1_prepared/excluded_targets.csv	NUP205	55.0	not_measured_in_frozen_cd4_target_set																	
analyses/external_benchmark/rpe1_prepared/excluded_targets.csv	NUP214	74.0	not_measured_in_frozen_cd4_target_set																	
analyses/external_benchmark/rpe1_prepared/excluded_targets.csv	NUP43	72.0	not_measured_in_frozen_cd4_target_set																	
analyses/external_benchmark/rpe1_prepared/excluded_targets.csv	NUP54	80.0	not_measured_in_frozen_cd4_target_set																	
analyses/external_benchmark/rpe1_prepared/excluded_targets.csv	NUP62	75.0	not_measured_in_frozen_cd4_target_set																	
analyses/external_benchmark/rpe1_prepared/excluded_targets.csv	NUP85	77.0	not_measured_in_frozen_cd4_target_set																	
analyses/external_benchmark/rpe1_prepared/excluded_targets.csv	NUP88	114.0	not_measured_in_frozen_cd4_target_set																	
analyses/external_benchmark/rpe1_prepared/excluded_targets.csv	NUP98	106.0	not_measured_in_frozen_cd4_target_set																	
analyses/external_benchmark/rpe1_prepared/excluded_targets.csv	NUS1	75.0	not_measured_in_frozen_cd4_target_set																	
analyses/external_benchmark/rpe1_prepared/excluded_targets.csv	NUTF2	66.0	not_measured_in_frozen_cd4_target_set																	
analyses/external_benchmark/rpe1_prepared/excluded_targets.csv	NVL	37.0	not_measured_in_frozen_cd4_target_set																	
analyses/external_benchmark/rpe1_prepared/excluded_targets.csv	NXF1	196.0	not_measured_in_frozen_cd4_target_set																	
analyses/external_benchmark/rpe1_prepared/excluded_targets.csv	OGFOD1	55.0	not_measured_in_frozen_cd4_target_set																	
analyses/external_benchmark/rpe1_prepared/excluded_targets.csv	OIP5	136.0	not_measured_in_frozen_cd4_target_set																	
analyses/external_benchmark/rpe1_prepared/excluded_targets.csv	OLFML3	135.0	not_measured_in_frozen_cd4_target_set																	
analyses/external_benchmark/rpe1_prepared/excluded_targets.csv	OR1D2	77.0	not_measured_in_frozen_cd4_target_set																	
analyses/external_benchmark/rpe1_prepared/excluded_targets.csv	OR1E2	191.0	not_measured_in_frozen_cd4_target_set																	
analyses/external_benchmark/rpe1_prepared/excluded_targets.csv	OR2A1	44.0	not_measured_in_frozen_cd4_target_set																	
analyses/external_benchmark/rpe1_prepared/excluded_targets.csv	OR2T29	72.0	not_measured_in_frozen_cd4_target_set																	
analyses/external_benchmark/rpe1_prepared/excluded_targets.csv	OR2T5	89.0	not_measured_in_frozen_cd4_target_set																	
analyses/external_benchmark/rpe1_prepared/excluded_targets.csv	OR4K1	94.0	not_measured_in_frozen_cd4_target_set																	
analyses/external_benchmark/rpe1_prepared/excluded_targets.csv	OR4N2	65.0	not_measured_in_frozen_cd4_target_set																	
analyses/external_benchmark/rpe1_prepared/excluded_targets.csv	OR7A10	57.0	not_measured_in_frozen_cd4_target_set																	
analyses/external_benchmark/rpe1_prepared/excluded_targets.csv	OR7A17	84.0	not_measured_in_frozen_cd4_target_set																	
analyses/external_benchmark/rpe1_prepared/excluded_targets.csv	ORC1	57.0	not_measured_in_frozen_cd4_target_set																	
analyses/external_benchmark/rpe1_prepared/excluded_targets.csv	ORC3	58.0	not_measured_in_frozen_cd4_target_set																	
analyses/external_benchmark/rpe1_prepared/excluded_targets.csv	ORC4	165.0	not_measured_in_frozen_cd4_target_set																	
analyses/external_benchmark/rpe1_prepared/excluded_targets.csv	ORC5	116.0	not_measured_in_frozen_cd4_target_set																	
analyses/external_benchmark/rpe1_prepared/excluded_targets.csv	ORC6	37.0	not_measured_in_frozen_cd4_target_set																	
analyses/external_benchmark/rpe1_prepared/excluded_targets.csv	OSGEP	71.0	not_measured_in_frozen_cd4_target_set																	
analyses/external_benchmark/rpe1_prepared/excluded_targets.csv	OTOP1	162.0	not_measured_in_frozen_cd4_target_set																	
analyses/external_benchmark/rpe1_prepared/excluded_targets.csv	OTX1	127.0	not_measured_in_frozen_cd4_target_set																	
analyses/external_benchmark/rpe1_prepared/excluded_targets.csv	OVCA2	101.0	not_measured_in_frozen_cd4_target_set																	
analyses/external_benchmark/rpe1_prepared/excluded_targets.csv	PABPC1	102.0	not_measured_in_frozen_cd4_target_set																	
analyses/external_benchmark/rpe1_prepared/excluded_targets.csv	PABPC4	84.0	not_measured_in_frozen_cd4_target_set																	
analyses/external_benchmark/rpe1_prepared/excluded_targets.csv	PABPN1	41.0	not_measured_in_frozen_cd4_target_set																	
analyses/external_benchmark/rpe1_prepared/excluded_targets.csv	PAF1	75.0	not_measured_in_frozen_cd4_target_set																	
analyses/external_benchmark/rpe1_prepared/excluded_targets.csv	PALB2	37.0	not_measured_in_frozen_cd4_target_set																	
analyses/external_benchmark/rpe1_prepared/excluded_targets.csv	PAM16	80.0	not_measured_in_frozen_cd4_target_set																	
analyses/external_benchmark/rpe1_prepared/excluded_targets.csv	PAXBP1	142.0	not_measured_in_frozen_cd4_target_set																	
analyses/external_benchmark/rpe1_prepared/excluded_targets.csv	PC	134.0	not_measured_in_frozen_cd4_target_set																	
analyses/external_benchmark/rpe1_prepared/excluded_targets.csv	PCBP1	205.0	not_measured_in_frozen_cd4_target_set																	
analyses/external_benchmark/rpe1_prepared/excluded_targets.csv	PCF11	42.0	not_measured_in_frozen_cd4_target_set																	
analyses/external_benchmark/rpe1_prepared/excluded_targets.csv	PCID2	170.0	not_measured_in_frozen_cd4_target_set																	
analyses/external_benchmark/rpe1_prepared/excluded_targets.csv	PCNA	56.0	not_measured_in_frozen_cd4_target_set																	
analyses/external_benchmark/rpe1_prepared/excluded_targets.csv	PDAP1	41.0	not_measured_in_frozen_cd4_target_set																	
analyses/external_benchmark/rpe1_prepared/excluded_targets.csv	PDCD11	51.0	not_measured_in_frozen_cd4_target_set																	
analyses/external_benchmark/rpe1_prepared/excluded_targets.csv	PDCD2	32.0	not_measured_in_frozen_cd4_target_set																	
analyses/external_benchmark/rpe1_prepared/excluded_targets.csv	PDCD6	119.0	not_measured_in_frozen_cd4_target_set																	
analyses/external_benchmark/rpe1_prepared/excluded_targets.csv	PDCD7	34.0	not_measured_in_frozen_cd4_target_set																	
analyses/external_benchmark/rpe1_prepared/excluded_targets.csv	PDPK1	43.0	not_measured_in_frozen_cd4_target_set																	
analyses/external_benchmark/rpe1_prepared/excluded_targets.csv	PELO	121.0	not_measured_in_frozen_cd4_target_set																	
analyses/external_benchmark/rpe1_prepared/excluded_targets.csv	PELP1	72.0	not_measured_in_frozen_cd4_target_set																	
analyses/external_benchmark/rpe1_prepared/excluded_targets.csv	PES1	37.0	not_measured_in_frozen_cd4_target_set																	
analyses/external_benchmark/rpe1_prepared/excluded_targets.csv	PET117	155.0	not_measured_in_frozen_cd4_target_set																	
analyses/external_benchmark/rpe1_prepared/excluded_targets.csv	PFDN2	40.0	not_measured_in_frozen_cd4_target_set																	
analyses/external_benchmark/rpe1_prepared/excluded_targets.csv	PFDN4	100.0	not_measured_in_frozen_cd4_target_set																	
analyses/external_benchmark/rpe1_prepared/excluded_targets.csv	PFDN6	31.0	not_measured_in_frozen_cd4_target_set																	
analyses/external_benchmark/rpe1_prepared/excluded_targets.csv	PFN1	128.0	not_measured_in_frozen_cd4_target_set																	
analyses/external_benchmark/rpe1_prepared/excluded_targets.csv	PGAM1	120.0	not_measured_in_frozen_cd4_target_set																	
analyses/external_benchmark/rpe1_prepared/excluded_targets.csv	PGD	102.0	not_measured_in_frozen_cd4_target_set																	
analyses/external_benchmark/rpe1_prepared/excluded_targets.csv	PGK1	112.0	not_measured_in_frozen_cd4_target_set																	
analyses/external_benchmark/rpe1_prepared/excluded_targets.csv	PGS1	96.0	not_measured_in_frozen_cd4_target_set																	
analyses/external_benchmark/rpe1_prepared/excluded_targets.csv	PHAX	162.0	not_measured_in_frozen_cd4_target_set																	
analyses/external_benchmark/rpe1_prepared/excluded_targets.csv	PHB	84.0	not_measured_in_frozen_cd4_target_set																	
analyses/external_benchmark/rpe1_prepared/excluded_targets.csv	PHB2	78.0	not_measured_in_frozen_cd4_target_set																	
analyses/external_benchmark/rpe1_prepared/excluded_targets.csv	PHF10	126.0	not_measured_in_frozen_cd4_target_set																	
analyses/external_benchmark/rpe1_prepared/excluded_targets.csv	PHF5A	47.0	not_measured_in_frozen_cd4_target_set																	
analyses/external_benchmark/rpe1_prepared/excluded_targets.csv	PI4KA	69.0	not_measured_in_frozen_cd4_target_set																	
analyses/external_benchmark/rpe1_prepared/excluded_targets.csv	PKMYT1	95.0	not_measured_in_frozen_cd4_target_set																	
analyses/external_benchmark/rpe1_prepared/excluded_targets.csv	PLA2G10	123.0	not_measured_in_frozen_cd4_target_set																	
analyses/external_benchmark/rpe1_prepared/excluded_targets.csv	PLEKHN1	84.0	not_measured_in_frozen_cd4_target_set																	
analyses/external_benchmark/rpe1_prepared/excluded_targets.csv	PLK1	36.0	not_measured_in_frozen_cd4_target_set																	
analyses/external_benchmark/rpe1_prepared/excluded_targets.csv	PLK4	174.0	not_measured_in_frozen_cd4_target_set																	
analyses/external_benchmark/rpe1_prepared/excluded_targets.csv	PLRG1	60.0	not_measured_in_frozen_cd4_target_set																	
analyses/external_benchmark/rpe1_prepared/excluded_targets.csv	PMF1	338.0	not_measured_in_frozen_cd4_target_set																	
analyses/external_benchmark/rpe1_prepared/excluded_targets.csv	PMPCA	67.0	not_measured_in_frozen_cd4_target_set																	
analyses/external_benchmark/rpe1_prepared/excluded_targets.csv	PMPCB	196.0	not_measured_in_frozen_cd4_target_set																	
analyses/external_benchmark/rpe1_prepared/excluded_targets.csv	PNISR	152.0	not_measured_in_frozen_cd4_target_set																	
analyses/external_benchmark/rpe1_prepared/excluded_targets.csv	PNKP	58.0	not_measured_in_frozen_cd4_target_set																	
analyses/external_benchmark/rpe1_prepared/excluded_targets.csv	PNN	88.0	not_measured_in_frozen_cd4_target_set																	
analyses/external_benchmark/rpe1_prepared/excluded_targets.csv	POGLUT3	784.0	not_measured_in_frozen_cd4_target_set																	
analyses/external_benchmark/rpe1_prepared/excluded_targets.csv	POGZ	127.0	not_measured_in_frozen_cd4_target_set																	
analyses/external_benchmark/rpe1_prepared/excluded_targets.csv	POLA1	53.0	not_measured_in_frozen_cd4_target_set																	
analyses/external_benchmark/rpe1_prepared/excluded_targets.csv	POLA2	45.0	not_measured_in_frozen_cd4_target_set																	
analyses/external_benchmark/rpe1_prepared/excluded_targets.csv	POLD1	92.0	not_measured_in_frozen_cd4_target_set																	
analyses/external_benchmark/rpe1_prepared/excluded_targets.csv	POLD2	108.0	not_measured_in_frozen_cd4_target_set																	
analyses/external_benchmark/rpe1_prepared/excluded_targets.csv	POLD3	48.0	not_measured_in_frozen_cd4_target_set																	
analyses/external_benchmark/rpe1_prepared/excluded_targets.csv	POLE	38.0	not_measured_in_frozen_cd4_target_set																	
analyses/external_benchmark/rpe1_prepared/excluded_targets.csv	POLR1C	233.0	not_measured_in_frozen_cd4_target_set																	
analyses/external_benchmark/rpe1_prepared/excluded_targets.csv	POLR1E	74.0	not_measured_in_frozen_cd4_target_set																	
analyses/external_benchmark/rpe1_prepared/excluded_targets.csv	POLR2B	33.0	not_measured_in_frozen_cd4_target_set																	
analyses/external_benchmark/rpe1_prepared/excluded_targets.csv	POLR2D	82.0	not_measured_in_frozen_cd4_target_set																	
analyses/external_benchmark/rpe1_prepared/excluded_targets.csv	POLR2E	87.0	not_measured_in_frozen_cd4_target_set																	
analyses/external_benchmark/rpe1_prepared/excluded_targets.csv	POLR2F	85.0	not_measured_in_frozen_cd4_target_set																	
analyses/external_benchmark/rpe1_prepared/excluded_targets.csv	POLR2I	174.0	not_measured_in_frozen_cd4_target_set																	
analyses/external_benchmark/rpe1_prepared/excluded_targets.csv	POLR2M	173.0	not_measured_in_frozen_cd4_target_set																	
analyses/external_benchmark/rpe1_prepared/excluded_targets.csv	POLR3B	34.0	not_measured_in_frozen_cd4_target_set																	
analyses/external_benchmark/rpe1_prepared/excluded_targets.csv	POLR3C	45.0	not_measured_in_frozen_cd4_target_set																	
analyses/external_benchmark/rpe1_prepared/excluded_targets.csv	POLR3D	31.0	not_measured_in_frozen_cd4_target_set																	
analyses/external_benchmark/rpe1_prepared/excluded_targets.csv	POLR3E	43.0	not_measured_in_frozen_cd4_target_set																	
analyses/external_benchmark/rpe1_prepared/excluded_targets.csv	POLR3F	40.0	not_measured_in_frozen_cd4_target_set																	
analyses/external_benchmark/rpe1_prepared/excluded_targets.csv	POLR3H	52.0	not_measured_in_frozen_cd4_target_set																	
analyses/external_benchmark/rpe1_prepared/excluded_targets.csv	POLRMT	212.0	not_measured_in_frozen_cd4_target_set																	
analyses/external_benchmark/rpe1_prepared/excluded_targets.csv	POP1	34.0	not_measured_in_frozen_cd4_target_set																	
analyses/external_benchmark/rpe1_prepared/excluded_targets.csv	POP4	42.0	not_measured_in_frozen_cd4_target_set																	
analyses/external_benchmark/rpe1_prepared/excluded_targets.csv	POP5	41.0	not_measured_in_frozen_cd4_target_set																	
analyses/external_benchmark/rpe1_prepared/excluded_targets.csv	POP7	65.0	not_measured_in_frozen_cd4_target_set																	
analyses/external_benchmark/rpe1_prepared/excluded_targets.csv	POTEI	117.0	not_measured_in_frozen_cd4_target_set																	
analyses/external_benchmark/rpe1_prepared/excluded_targets.csv	POU3F1	133.0	not_measured_in_frozen_cd4_target_set																	
analyses/external_benchmark/rpe1_prepared/excluded_targets.csv	POU5F1B	225.0	not_measured_in_frozen_cd4_target_set																	
analyses/external_benchmark/rpe1_prepared/excluded_targets.csv	PPA1	145.0	not_measured_in_frozen_cd4_target_set																	
analyses/external_benchmark/rpe1_prepared/excluded_targets.csv	PPA2	81.0	not_measured_in_frozen_cd4_target_set																	
analyses/external_benchmark/rpe1_prepared/excluded_targets.csv	PPIL2	37.0	not_measured_in_frozen_cd4_target_set																	
analyses/external_benchmark/rpe1_prepared/excluded_targets.csv	PPIL4	87.0	not_measured_in_frozen_cd4_target_set																	
analyses/external_benchmark/rpe1_prepared/excluded_targets.csv	PPME1	169.0	not_measured_in_frozen_cd4_target_set																	
analyses/external_benchmark/rpe1_prepared/excluded_targets.csv	PPP1CA	177.0	not_measured_in_frozen_cd4_target_set																	
analyses/external_benchmark/rpe1_prepared/excluded_targets.csv	PPP1R11	47.0	not_measured_in_frozen_cd4_target_set																	
analyses/external_benchmark/rpe1_prepared/excluded_targets.csv	PPP1R15B	61.0	not_measured_in_frozen_cd4_target_set																	
analyses/external_benchmark/rpe1_prepared/excluded_targets.csv	PPP1R2	82.0	not_measured_in_frozen_cd4_target_set																	
analyses/external_benchmark/rpe1_prepared/excluded_targets.csv	PPP1R7	54.0	not_measured_in_frozen_cd4_target_set																	
analyses/external_benchmark/rpe1_prepared/excluded_targets.csv	PPP1R8	145.0	not_measured_in_frozen_cd4_target_set																	
analyses/external_benchmark/rpe1_prepared/excluded_targets.csv	PPP2CA	107.0	not_measured_in_frozen_cd4_target_set																	
analyses/external_benchmark/rpe1_prepared/excluded_targets.csv	PPP2R1A	296.0	not_measured_in_frozen_cd4_target_set																	
analyses/external_benchmark/rpe1_prepared/excluded_targets.csv	PPP2R3C	134.0	not_measured_in_frozen_cd4_target_set																	
analyses/external_benchmark/rpe1_prepared/excluded_targets.csv	PPP4C	43.0	not_measured_in_frozen_cd4_target_set																	
analyses/external_benchmark/rpe1_prepared/excluded_targets.csv	PPWD1	48.0	not_measured_in_frozen_cd4_target_set																	
analyses/external_benchmark/rpe1_prepared/excluded_targets.csv	PPY	57.0	not_measured_in_frozen_cd4_target_set																	
analyses/external_benchmark/rpe1_prepared/excluded_targets.csv	PRC1	54.0	not_measured_in_frozen_cd4_target_set																	
analyses/external_benchmark/rpe1_prepared/excluded_targets.csv	PRDM10	54.0	not_measured_in_frozen_cd4_target_set																	
analyses/external_benchmark/rpe1_prepared/excluded_targets.csv	PRDM8	30.0	not_measured_in_frozen_cd4_target_set																	
analyses/external_benchmark/rpe1_prepared/excluded_targets.csv	PRELID1	43.0	not_measured_in_frozen_cd4_target_set																	
analyses/external_benchmark/rpe1_prepared/excluded_targets.csv	PRELID3B	132.0	not_measured_in_frozen_cd4_target_set																	
analyses/external_benchmark/rpe1_prepared/excluded_targets.csv	PRIM1	43.0	not_measured_in_frozen_cd4_target_set																	
analyses/external_benchmark/rpe1_prepared/excluded_targets.csv	PRIM2	33.0	not_measured_in_frozen_cd4_target_set																	
analyses/external_benchmark/rpe1_prepared/excluded_targets.csv	PRKRA	54.0	not_measured_in_frozen_cd4_target_set																	
analyses/external_benchmark/rpe1_prepared/excluded_targets.csv	PRKRIP1	186.0	not_measured_in_frozen_cd4_target_set																	
analyses/external_benchmark/rpe1_prepared/excluded_targets.csv	PRMT1	40.0	not_measured_in_frozen_cd4_target_set																	
analyses/external_benchmark/rpe1_prepared/excluded_targets.csv	PRMT5	172.0	not_measured_in_frozen_cd4_target_set																	
analyses/external_benchmark/rpe1_prepared/excluded_targets.csv	PRODH	296.0	not_measured_in_frozen_cd4_target_set																	
analyses/external_benchmark/rpe1_prepared/excluded_targets.csv	PRPF18	61.0	not_measured_in_frozen_cd4_target_set																	
analyses/external_benchmark/rpe1_prepared/excluded_targets.csv	PRPF19	96.0	not_measured_in_frozen_cd4_target_set																	
analyses/external_benchmark/rpe1_prepared/excluded_targets.csv	PRPF3	113.0	not_measured_in_frozen_cd4_target_set																	
analyses/external_benchmark/rpe1_prepared/excluded_targets.csv	PRPF31	156.0	not_measured_in_frozen_cd4_target_set																	
analyses/external_benchmark/rpe1_prepared/excluded_targets.csv	PRPF38A	39.0	not_measured_in_frozen_cd4_target_set																	
analyses/external_benchmark/rpe1_prepared/excluded_targets.csv	PRPF4	85.0	not_measured_in_frozen_cd4_target_set																	
analyses/external_benchmark/rpe1_prepared/excluded_targets.csv	PRPF40A	45.0	not_measured_in_frozen_cd4_target_set																	
analyses/external_benchmark/rpe1_prepared/excluded_targets.csv	PRPF4B	32.0	not_measured_in_frozen_cd4_target_set																	
analyses/external_benchmark/rpe1_prepared/excluded_targets.csv	PRPF6	62.0	not_measured_in_frozen_cd4_target_set																	
analyses/external_benchmark/rpe1_prepared/excluded_targets.csv	PRPF8	89.0	not_measured_in_frozen_cd4_target_set																	
analyses/external_benchmark/rpe1_prepared/excluded_targets.csv	PRSS50	150.0	not_measured_in_frozen_cd4_target_set																	
analyses/external_benchmark/rpe1_prepared/excluded_targets.csv	PSMA2	33.0	not_measured_in_frozen_cd4_target_set																	
analyses/external_benchmark/rpe1_prepared/excluded_targets.csv	PSMA3	45.0	not_measured_in_frozen_cd4_target_set																	
analyses/external_benchmark/rpe1_prepared/excluded_targets.csv	PSMA4	94.0	not_measured_in_frozen_cd4_target_set																	
analyses/external_benchmark/rpe1_prepared/excluded_targets.csv	PSMA6	32.0	not_measured_in_frozen_cd4_target_set																	
analyses/external_benchmark/rpe1_prepared/excluded_targets.csv	PSMB1	33.0	not_measured_in_frozen_cd4_target_set																	
analyses/external_benchmark/rpe1_prepared/excluded_targets.csv	PSMB2	70.0	not_measured_in_frozen_cd4_target_set																	
analyses/external_benchmark/rpe1_prepared/excluded_targets.csv	PSMB3	49.0	not_measured_in_frozen_cd4_target_set																	
analyses/external_benchmark/rpe1_prepared/excluded_targets.csv	PSMB4	57.0	not_measured_in_frozen_cd4_target_set																	
analyses/external_benchmark/rpe1_prepared/excluded_targets.csv	PSMB6	68.0	not_measured_in_frozen_cd4_target_set																	
analyses/external_benchmark/rpe1_prepared/excluded_targets.csv	PSMC1	82.0	not_measured_in_frozen_cd4_target_set																	
analyses/external_benchmark/rpe1_prepared/excluded_targets.csv	PSMC2	39.0	not_measured_in_frozen_cd4_target_set																	
analyses/external_benchmark/rpe1_prepared/excluded_targets.csv	PSMC4	39.0	not_measured_in_frozen_cd4_target_set																	
analyses/external_benchmark/rpe1_prepared/excluded_targets.csv	PSMC5	106.0	not_measured_in_frozen_cd4_target_set																	
analyses/external_benchmark/rpe1_prepared/excluded_targets.csv	PSMD1	32.0	not_measured_in_frozen_cd4_target_set																	
analyses/external_benchmark/rpe1_prepared/excluded_targets.csv	PSMD13	36.0	not_measured_in_frozen_cd4_target_set																	
analyses/external_benchmark/rpe1_prepared/excluded_targets.csv	PSMD14	70.0	not_measured_in_frozen_cd4_target_set																	
analyses/external_benchmark/rpe1_prepared/excluded_targets.csv	PSMD6	34.0	not_measured_in_frozen_cd4_target_set																	
analyses/external_benchmark/rpe1_prepared/excluded_targets.csv	PSMD7	32.0	not_measured_in_frozen_cd4_target_set																	
analyses/external_benchmark/rpe1_prepared/excluded_targets.csv	PSMD8	56.0	not_measured_in_frozen_cd4_target_set																	
analyses/external_benchmark/rpe1_prepared/excluded_targets.csv	PSMD9	64.0	not_measured_in_frozen_cd4_target_set																	
analyses/external_benchmark/rpe1_prepared/excluded_targets.csv	PSMG2	57.0	not_measured_in_frozen_cd4_target_set																	
analyses/external_benchmark/rpe1_prepared/excluded_targets.csv	PSMG3	266.0	not_measured_in_frozen_cd4_target_set																	
analyses/external_benchmark/rpe1_prepared/excluded_targets.csv	PSTK	287.0	not_measured_in_frozen_cd4_target_set																	
analyses/external_benchmark/rpe1_prepared/excluded_targets.csv	PTBP1	43.0	not_measured_in_frozen_cd4_target_set																	
analyses/external_benchmark/rpe1_prepared/excluded_targets.csv	PTCD1	71.0	not_measured_in_frozen_cd4_target_set																	
analyses/external_benchmark/rpe1_prepared/excluded_targets.csv	PTK2	85.0	not_measured_in_frozen_cd4_target_set																	
analyses/external_benchmark/rpe1_prepared/excluded_targets.csv	PTMA	190.0	not_measured_in_frozen_cd4_target_set																	
analyses/external_benchmark/rpe1_prepared/excluded_targets.csv	PTPMT1	103.0	not_measured_in_frozen_cd4_target_set																	
analyses/external_benchmark/rpe1_prepared/excluded_targets.csv	PTPN1	98.0	not_measured_in_frozen_cd4_target_set																	
analyses/external_benchmark/rpe1_prepared/excluded_targets.csv	PTPN23	33.0	not_measured_in_frozen_cd4_target_set																	
analyses/external_benchmark/rpe1_prepared/excluded_targets.csv	PUF60	53.0	not_measured_in_frozen_cd4_target_set																	
analyses/external_benchmark/rpe1_prepared/excluded_targets.csv	PYROXD1	136.0	not_measured_in_frozen_cd4_target_set																	
analyses/external_benchmark/rpe1_prepared/excluded_targets.csv	QARS	80.0	not_measured_in_frozen_cd4_target_set																	
analyses/external_benchmark/rpe1_prepared/excluded_targets.csv	RAB18	48.0	not_measured_in_frozen_cd4_target_set																	
analyses/external_benchmark/rpe1_prepared/excluded_targets.csv	RAB4B	230.0	not_measured_in_frozen_cd4_target_set																	
analyses/external_benchmark/rpe1_prepared/excluded_targets.csv	RAB6A	91.0	not_measured_in_frozen_cd4_target_set																	
analyses/external_benchmark/rpe1_prepared/excluded_targets.csv	RABGGTA	190.0	not_measured_in_frozen_cd4_target_set																	
analyses/external_benchmark/rpe1_prepared/excluded_targets.csv	RABGGTB	110.0	not_measured_in_frozen_cd4_target_set																	
analyses/external_benchmark/rpe1_prepared/excluded_targets.csv	RAD17	59.0	not_measured_in_frozen_cd4_target_set																	
analyses/external_benchmark/rpe1_prepared/excluded_targets.csv	RAD51D	125.0	not_measured_in_frozen_cd4_target_set																	
analyses/external_benchmark/rpe1_prepared/excluded_targets.csv	RAD9A	149.0	not_measured_in_frozen_cd4_target_set																	
analyses/external_benchmark/rpe1_prepared/excluded_targets.csv	RAMAC	61.0	not_measured_in_frozen_cd4_target_set																	
analyses/external_benchmark/rpe1_prepared/excluded_targets.csv	RAN	69.0	not_measured_in_frozen_cd4_target_set																	
analyses/external_benchmark/rpe1_prepared/excluded_targets.csv	RANBP2	43.0	not_measured_in_frozen_cd4_target_set																	
analyses/external_benchmark/rpe1_prepared/excluded_targets.csv	RANGAP1	84.0	not_measured_in_frozen_cd4_target_set																	
analyses/external_benchmark/rpe1_prepared/excluded_targets.csv	RARS	48.0	not_measured_in_frozen_cd4_target_set																	
analyses/external_benchmark/rpe1_prepared/excluded_targets.csv	RARS2	135.0	not_measured_in_frozen_cd4_target_set																	
analyses/external_benchmark/rpe1_prepared/excluded_targets.csv	RBBP4	55.0	not_measured_in_frozen_cd4_target_set																	
analyses/external_benchmark/rpe1_prepared/excluded_targets.csv	RBBP5	78.0	not_measured_in_frozen_cd4_target_set																	
analyses/external_benchmark/rpe1_prepared/excluded_targets.csv	RBM10	136.0	not_measured_in_frozen_cd4_target_set																	
analyses/external_benchmark/rpe1_prepared/excluded_targets.csv	RBM12	89.0	not_measured_in_frozen_cd4_target_set																	
analyses/external_benchmark/rpe1_prepared/excluded_targets.csv	RBM14-RBM4	257.0	not_measured_in_frozen_cd4_target_set																	
analyses/external_benchmark/rpe1_prepared/excluded_targets.csv	RBM15	213.0	not_measured_in_frozen_cd4_target_set																	
analyses/external_benchmark/rpe1_prepared/excluded_targets.csv	RBM25	36.0	not_measured_in_frozen_cd4_target_set																	
analyses/external_benchmark/rpe1_prepared/excluded_targets.csv	RBM39	57.0	not_measured_in_frozen_cd4_target_set																	
analyses/external_benchmark/rpe1_prepared/excluded_targets.csv	RBM4	52.0	not_measured_in_frozen_cd4_target_set																	
analyses/external_benchmark/rpe1_prepared/excluded_targets.csv	RBM42	49.0	not_measured_in_frozen_cd4_target_set																	
analyses/external_benchmark/rpe1_prepared/excluded_targets.csv	RBM48	35.0	not_measured_in_frozen_cd4_target_set																	
analyses/external_benchmark/rpe1_prepared/excluded_targets.csv	RBMX2	105.0	not_measured_in_frozen_cd4_target_set																	
analyses/external_benchmark/rpe1_prepared/excluded_targets.csv	RBMXL1	89.0	not_measured_in_frozen_cd4_target_set																	
analyses/external_benchmark/rpe1_prepared/excluded_targets.csv	RBX1	79.0	not_measured_in_frozen_cd4_target_set																	
analyses/external_benchmark/rpe1_prepared/excluded_targets.csv	RCC1	186.0	not_measured_in_frozen_cd4_target_set																	
analyses/external_benchmark/rpe1_prepared/excluded_targets.csv	RCL1	38.0	not_measured_in_frozen_cd4_target_set																	
analyses/external_benchmark/rpe1_prepared/excluded_targets.csv	RELL2	49.0	not_measured_in_frozen_cd4_target_set																	
analyses/external_benchmark/rpe1_prepared/excluded_targets.csv	RFC1	56.0	not_measured_in_frozen_cd4_target_set																	
analyses/external_benchmark/rpe1_prepared/excluded_targets.csv	RFC2	79.0	not_measured_in_frozen_cd4_target_set																	
analyses/external_benchmark/rpe1_prepared/excluded_targets.csv	RFC3	61.0	not_measured_in_frozen_cd4_target_set																	
analyses/external_benchmark/rpe1_prepared/excluded_targets.csv	RFC4	36.0	not_measured_in_frozen_cd4_target_set																	
analyses/external_benchmark/rpe1_prepared/excluded_targets.csv	RFC5	44.0	not_measured_in_frozen_cd4_target_set																	
analyses/external_benchmark/rpe1_prepared/excluded_targets.csv	RFT1	95.0	not_measured_in_frozen_cd4_target_set																	
analyses/external_benchmark/rpe1_prepared/excluded_targets.csv	RGP1	64.0	not_measured_in_frozen_cd4_target_set																	
analyses/external_benchmark/rpe1_prepared/excluded_targets.csv	RGPD6	381.0	not_measured_in_frozen_cd4_target_set																	
analyses/external_benchmark/rpe1_prepared/excluded_targets.csv	RHOQ	347.0	not_measured_in_frozen_cd4_target_set																	
analyses/external_benchmark/rpe1_prepared/excluded_targets.csv	RINT1	72.0	not_measured_in_frozen_cd4_target_set																	
analyses/external_benchmark/rpe1_prepared/excluded_targets.csv	RIOK1	47.0	not_measured_in_frozen_cd4_target_set																	
analyses/external_benchmark/rpe1_prepared/excluded_targets.csv	RNASEH2C	144.0	not_measured_in_frozen_cd4_target_set																	
analyses/external_benchmark/rpe1_prepared/excluded_targets.csv	RNF113A	59.0	not_measured_in_frozen_cd4_target_set																	
analyses/external_benchmark/rpe1_prepared/excluded_targets.csv	RNF123	173.0	not_measured_in_frozen_cd4_target_set																	
analyses/external_benchmark/rpe1_prepared/excluded_targets.csv	RNF20	155.0	not_measured_in_frozen_cd4_target_set																	
analyses/external_benchmark/rpe1_prepared/excluded_targets.csv	RNF4	52.0	not_measured_in_frozen_cd4_target_set																	
analyses/external_benchmark/rpe1_prepared/excluded_targets.csv	RNF40	69.0	not_measured_in_frozen_cd4_target_set																	
analyses/external_benchmark/rpe1_prepared/excluded_targets.csv	RNGTT	46.0	not_measured_in_frozen_cd4_target_set																	
analyses/external_benchmark/rpe1_prepared/excluded_targets.csv	RNMT	71.0	not_measured_in_frozen_cd4_target_set																	
analyses/external_benchmark/rpe1_prepared/excluded_targets.csv	RNPC3	65.0	not_measured_in_frozen_cd4_target_set																	
analyses/external_benchmark/rpe1_prepared/excluded_targets.csv	RNPS1	36.0	not_measured_in_frozen_cd4_target_set																	
analyses/external_benchmark/rpe1_prepared/excluded_targets.csv	RPA1	71.0	not_measured_in_frozen_cd4_target_set																	
analyses/external_benchmark/rpe1_prepared/excluded_targets.csv	RPA2	75.0	not_measured_in_frozen_cd4_target_set																	
analyses/external_benchmark/rpe1_prepared/excluded_targets.csv	RPA3	110.0	not_measured_in_frozen_cd4_target_set																	
analyses/external_benchmark/rpe1_prepared/excluded_targets.csv	RPAP1	37.0	not_measured_in_frozen_cd4_target_set																	
analyses/external_benchmark/rpe1_prepared/excluded_targets.csv	RPAP3	39.0	not_measured_in_frozen_cd4_target_set																	
analyses/external_benchmark/rpe1_prepared/excluded_targets.csv	RPIA	36.0	not_measured_in_frozen_cd4_target_set																	
analyses/external_benchmark/rpe1_prepared/excluded_targets.csv	RPL10	78.0	not_measured_in_frozen_cd4_target_set																	
analyses/external_benchmark/rpe1_prepared/excluded_targets.csv	RPL10A	95.0	not_measured_in_frozen_cd4_target_set																	
analyses/external_benchmark/rpe1_prepared/excluded_targets.csv	RPL11	75.0	not_measured_in_frozen_cd4_target_set																	
analyses/external_benchmark/rpe1_prepared/excluded_targets.csv	RPL12	81.0	not_measured_in_frozen_cd4_target_set																	
analyses/external_benchmark/rpe1_prepared/excluded_targets.csv	RPL13	54.0	not_measured_in_frozen_cd4_target_set																	
analyses/external_benchmark/rpe1_prepared/excluded_targets.csv	RPL13A	53.0	not_measured_in_frozen_cd4_target_set																	
analyses/external_benchmark/rpe1_prepared/excluded_targets.csv	RPL14	43.0	not_measured_in_frozen_cd4_target_set																	
analyses/external_benchmark/rpe1_prepared/excluded_targets.csv	RPL15	36.0	not_measured_in_frozen_cd4_target_set																	
analyses/external_benchmark/rpe1_prepared/excluded_targets.csv	RPL17	60.0	not_measured_in_frozen_cd4_target_set																	
analyses/external_benchmark/rpe1_prepared/excluded_targets.csv	RPL18	61.0	not_measured_in_frozen_cd4_target_set																	
analyses/external_benchmark/rpe1_prepared/excluded_targets.csv	RPL18A	41.0	not_measured_in_frozen_cd4_target_set																	
analyses/external_benchmark/rpe1_prepared/excluded_targets.csv	RPL21	32.0	not_measured_in_frozen_cd4_target_set																	
analyses/external_benchmark/rpe1_prepared/excluded_targets.csv	RPL23	110.0	not_measured_in_frozen_cd4_target_set																	
analyses/external_benchmark/rpe1_prepared/excluded_targets.csv	RPL23A	50.0	not_measured_in_frozen_cd4_target_set																	
analyses/external_benchmark/rpe1_prepared/excluded_targets.csv	RPL24	65.0	not_measured_in_frozen_cd4_target_set																	
analyses/external_benchmark/rpe1_prepared/excluded_targets.csv	RPL26	55.0	not_measured_in_frozen_cd4_target_set																	
analyses/external_benchmark/rpe1_prepared/excluded_targets.csv	RPL26L1	63.0	not_measured_in_frozen_cd4_target_set																	
analyses/external_benchmark/rpe1_prepared/excluded_targets.csv	RPL27A	47.0	not_measured_in_frozen_cd4_target_set																	
analyses/external_benchmark/rpe1_prepared/excluded_targets.csv	RPL28	38.0	not_measured_in_frozen_cd4_target_set																	
analyses/external_benchmark/rpe1_prepared/excluded_targets.csv	RPL29	34.0	not_measured_in_frozen_cd4_target_set																	
analyses/external_benchmark/rpe1_prepared/excluded_targets.csv	RPL3	30.0	not_measured_in_frozen_cd4_target_set																	
analyses/external_benchmark/rpe1_prepared/excluded_targets.csv	RPL30	41.0	not_measured_in_frozen_cd4_target_set																	
analyses/external_benchmark/rpe1_prepared/excluded_targets.csv	RPL31	44.0	not_measured_in_frozen_cd4_target_set																	
analyses/external_benchmark/rpe1_prepared/excluded_targets.csv	RPL32	75.0	not_measured_in_frozen_cd4_target_set																	
analyses/external_benchmark/rpe1_prepared/excluded_targets.csv	RPL34	37.0	not_measured_in_frozen_cd4_target_set																	
analyses/external_benchmark/rpe1_prepared/excluded_targets.csv	RPL35	68.0	not_measured_in_frozen_cd4_target_set																	
analyses/external_benchmark/rpe1_prepared/excluded_targets.csv	RPL35A	112.0	not_measured_in_frozen_cd4_target_set																	
analyses/external_benchmark/rpe1_prepared/excluded_targets.csv	RPL36	80.0	not_measured_in_frozen_cd4_target_set																	
analyses/external_benchmark/rpe1_prepared/excluded_targets.csv	RPL36A	51.0	not_measured_in_frozen_cd4_target_set																	
analyses/external_benchmark/rpe1_prepared/excluded_targets.csv	RPL36AL	55.0	not_measured_in_frozen_cd4_target_set																	
analyses/external_benchmark/rpe1_prepared/excluded_targets.csv	RPL37	42.0	not_measured_in_frozen_cd4_target_set																	
analyses/external_benchmark/rpe1_prepared/excluded_targets.csv	RPL37A	75.0	not_measured_in_frozen_cd4_target_set																	
analyses/external_benchmark/rpe1_prepared/excluded_targets.csv	RPL39	45.0	not_measured_in_frozen_cd4_target_set																	
analyses/external_benchmark/rpe1_prepared/excluded_targets.csv	RPL4	75.0	not_measured_in_frozen_cd4_target_set																	
analyses/external_benchmark/rpe1_prepared/excluded_targets.csv	RPL41	185.0	not_measured_in_frozen_cd4_target_set																	
analyses/external_benchmark/rpe1_prepared/excluded_targets.csv	RPL5	58.0	not_measured_in_frozen_cd4_target_set																	
analyses/external_benchmark/rpe1_prepared/excluded_targets.csv	RPL6	76.0	not_measured_in_frozen_cd4_target_set																	
analyses/external_benchmark/rpe1_prepared/excluded_targets.csv	RPL7	122.0	not_measured_in_frozen_cd4_target_set																	
analyses/external_benchmark/rpe1_prepared/excluded_targets.csv	RPL7L1	51.0	not_measured_in_frozen_cd4_target_set																	
analyses/external_benchmark/rpe1_prepared/excluded_targets.csv	RPL8	69.0	not_measured_in_frozen_cd4_target_set																	
analyses/external_benchmark/rpe1_prepared/excluded_targets.csv	RPL9	50.0	not_measured_in_frozen_cd4_target_set																	
analyses/external_benchmark/rpe1_prepared/excluded_targets.csv	RPLP0	114.0	not_measured_in_frozen_cd4_target_set																	
analyses/external_benchmark/rpe1_prepared/excluded_targets.csv	RPLP2	62.0	not_measured_in_frozen_cd4_target_set																	
analyses/external_benchmark/rpe1_prepared/excluded_targets.csv	RPN1	70.0	not_measured_in_frozen_cd4_target_set																	
analyses/external_benchmark/rpe1_prepared/excluded_targets.csv	RPN2	71.0	not_measured_in_frozen_cd4_target_set																	
analyses/external_benchmark/rpe1_prepared/excluded_targets.csv	RPP14	43.0	not_measured_in_frozen_cd4_target_set																	
analyses/external_benchmark/rpe1_prepared/excluded_targets.csv	RPP21	127.0	not_measured_in_frozen_cd4_target_set																	
analyses/external_benchmark/rpe1_prepared/excluded_targets.csv	RPP30	45.0	not_measured_in_frozen_cd4_target_set																	
analyses/external_benchmark/rpe1_prepared/excluded_targets.csv	RPRD1B	71.0	not_measured_in_frozen_cd4_target_set																	
analyses/external_benchmark/rpe1_prepared/excluded_targets.csv	RPS10	30.0	not_measured_in_frozen_cd4_target_set																	
analyses/external_benchmark/rpe1_prepared/excluded_targets.csv	RPS10-NUDT3	45.0	not_measured_in_frozen_cd4_target_set																	
analyses/external_benchmark/rpe1_prepared/excluded_targets.csv	RPS12	31.0	not_measured_in_frozen_cd4_target_set																	
analyses/external_benchmark/rpe1_prepared/excluded_targets.csv	RPS13	132.0	not_measured_in_frozen_cd4_target_set																	
analyses/external_benchmark/rpe1_prepared/excluded_targets.csv	RPS14	68.0	not_measured_in_frozen_cd4_target_set																	
analyses/external_benchmark/rpe1_prepared/excluded_targets.csv	RPS15	57.0	not_measured_in_frozen_cd4_target_set																	
analyses/external_benchmark/rpe1_prepared/excluded_targets.csv	RPS18	41.0	not_measured_in_frozen_cd4_target_set																	
analyses/external_benchmark/rpe1_prepared/excluded_targets.csv	RPS19	57.0	not_measured_in_frozen_cd4_target_set																	
analyses/external_benchmark/rpe1_prepared/excluded_targets.csv	RPS2	52.0	not_measured_in_frozen_cd4_target_set																	
analyses/external_benchmark/rpe1_prepared/excluded_targets.csv	RPS24	38.0	not_measured_in_frozen_cd4_target_set																	
analyses/external_benchmark/rpe1_prepared/excluded_targets.csv	RPS26	31.0	not_measured_in_frozen_cd4_target_set																	
analyses/external_benchmark/rpe1_prepared/excluded_targets.csv	RPS27	56.0	not_measured_in_frozen_cd4_target_set																	
analyses/external_benchmark/rpe1_prepared/excluded_targets.csv	RPS27A	69.0	not_measured_in_frozen_cd4_target_set																	
analyses/external_benchmark/rpe1_prepared/excluded_targets.csv	RPS29	135.0	not_measured_in_frozen_cd4_target_set																	
analyses/external_benchmark/rpe1_prepared/excluded_targets.csv	RPS3	50.0	not_measured_in_frozen_cd4_target_set																	
analyses/external_benchmark/rpe1_prepared/excluded_targets.csv	RPS3A	40.0	not_measured_in_frozen_cd4_target_set																	
analyses/external_benchmark/rpe1_prepared/excluded_targets.csv	RPS6	51.0	not_measured_in_frozen_cd4_target_set																	
analyses/external_benchmark/rpe1_prepared/excluded_targets.csv	RPS7	38.0	not_measured_in_frozen_cd4_target_set																	
analyses/external_benchmark/rpe1_prepared/excluded_targets.csv	RPS8	34.0	not_measured_in_frozen_cd4_target_set																	
analyses/external_benchmark/rpe1_prepared/excluded_targets.csv	RPS9	35.0	not_measured_in_frozen_cd4_target_set																	
analyses/external_benchmark/rpe1_prepared/excluded_targets.csv	RPUSD4	66.0	not_measured_in_frozen_cd4_target_set																	
analyses/external_benchmark/rpe1_prepared/excluded_targets.csv	RRM1	67.0	not_measured_in_frozen_cd4_target_set																	
analyses/external_benchmark/rpe1_prepared/excluded_targets.csv	RRM2	229.0	not_measured_in_frozen_cd4_target_set																	
analyses/external_benchmark/rpe1_prepared/excluded_targets.csv	RRN3	44.0	not_measured_in_frozen_cd4_target_set																	
analyses/external_benchmark/rpe1_prepared/excluded_targets.csv	RRP12	31.0	not_measured_in_frozen_cd4_target_set																	
analyses/external_benchmark/rpe1_prepared/excluded_targets.csv	RRP9	30.0	not_measured_in_frozen_cd4_target_set																	
analyses/external_benchmark/rpe1_prepared/excluded_targets.csv	RRS1	64.0	not_measured_in_frozen_cd4_target_set																	
analyses/external_benchmark/rpe1_prepared/excluded_targets.csv	RSL1D1	228.0	not_measured_in_frozen_cd4_target_set																	
analyses/external_benchmark/rpe1_prepared/excluded_targets.csv	RTCB	65.0	not_measured_in_frozen_cd4_target_set																	
analyses/external_benchmark/rpe1_prepared/excluded_targets.csv	RTEL1	305.0	not_measured_in_frozen_cd4_target_set																	
analyses/external_benchmark/rpe1_prepared/excluded_targets.csv	RTF1	50.0	not_measured_in_frozen_cd4_target_set																	
analyses/external_benchmark/rpe1_prepared/excluded_targets.csv	RTRAF	197.0	not_measured_in_frozen_cd4_target_set																	
analyses/external_benchmark/rpe1_prepared/excluded_targets.csv	RTTN	102.0	not_measured_in_frozen_cd4_target_set																	
analyses/external_benchmark/rpe1_prepared/excluded_targets.csv	RUVBL1	119.0	not_measured_in_frozen_cd4_target_set																	
analyses/external_benchmark/rpe1_prepared/excluded_targets.csv	RUVBL2	64.0	not_measured_in_frozen_cd4_target_set																	
analyses/external_benchmark/rpe1_prepared/excluded_targets.csv	S100A1	112.0	not_measured_in_frozen_cd4_target_set																	
analyses/external_benchmark/rpe1_prepared/excluded_targets.csv	SACM1L	71.0	not_measured_in_frozen_cd4_target_set																	
analyses/external_benchmark/rpe1_prepared/excluded_targets.csv	SAE1	95.0	not_measured_in_frozen_cd4_target_set																	
analyses/external_benchmark/rpe1_prepared/excluded_targets.csv	SAMM50	43.0	not_measured_in_frozen_cd4_target_set																	
analyses/external_benchmark/rpe1_prepared/excluded_targets.csv	SAP130	36.0	not_measured_in_frozen_cd4_target_set																	
analyses/external_benchmark/rpe1_prepared/excluded_targets.csv	SAP30BP	37.0	not_measured_in_frozen_cd4_target_set																	
analyses/external_benchmark/rpe1_prepared/excluded_targets.csv	SARNP	52.0	not_measured_in_frozen_cd4_target_set																	
analyses/external_benchmark/rpe1_prepared/excluded_targets.csv	SART1	105.0	not_measured_in_frozen_cd4_target_set																	
analyses/external_benchmark/rpe1_prepared/excluded_targets.csv	SART3	240.0	not_measured_in_frozen_cd4_target_set																	
analyses/external_benchmark/rpe1_prepared/excluded_targets.csv	SASS6	50.0	not_measured_in_frozen_cd4_target_set																	
analyses/external_benchmark/rpe1_prepared/excluded_targets.csv	SBDS	87.0	not_measured_in_frozen_cd4_target_set																	
analyses/external_benchmark/rpe1_prepared/excluded_targets.csv	SBNO1	172.0	not_measured_in_frozen_cd4_target_set																	
analyses/external_benchmark/rpe1_prepared/excluded_targets.csv	SCAF1	73.0	not_measured_in_frozen_cd4_target_set																	
analyses/external_benchmark/rpe1_prepared/excluded_targets.csv	SCFD1	67.0	not_measured_in_frozen_cd4_target_set																	
analyses/external_benchmark/rpe1_prepared/excluded_targets.csv	SDAD1	38.0	not_measured_in_frozen_cd4_target_set																	
analyses/external_benchmark/rpe1_prepared/excluded_targets.csv	SDC1	83.0	not_measured_in_frozen_cd4_target_set																	
analyses/external_benchmark/rpe1_prepared/excluded_targets.csv	SDE2	54.0	not_measured_in_frozen_cd4_target_set																	
analyses/external_benchmark/rpe1_prepared/excluded_targets.csv	SDHA	76.0	not_measured_in_frozen_cd4_target_set																	
analyses/external_benchmark/rpe1_prepared/excluded_targets.csv	SDHC	49.0	not_measured_in_frozen_cd4_target_set																	
analyses/external_benchmark/rpe1_prepared/excluded_targets.csv	SDHD	51.0	not_measured_in_frozen_cd4_target_set																	
analyses/external_benchmark/rpe1_prepared/excluded_targets.csv	SEC61A1	90.0	not_measured_in_frozen_cd4_target_set																	
analyses/external_benchmark/rpe1_prepared/excluded_targets.csv	SEC61B	54.0	not_measured_in_frozen_cd4_target_set																	
analyses/external_benchmark/rpe1_prepared/excluded_targets.csv	SEH1L	124.0	not_measured_in_frozen_cd4_target_set																	
analyses/external_benchmark/rpe1_prepared/excluded_targets.csv	SEM1	97.0	not_measured_in_frozen_cd4_target_set																	
analyses/external_benchmark/rpe1_prepared/excluded_targets.csv	SEPHS2	81.0	not_measured_in_frozen_cd4_target_set																	
analyses/external_benchmark/rpe1_prepared/excluded_targets.csv	SEPSECS	168.0	not_measured_in_frozen_cd4_target_set																	
analyses/external_benchmark/rpe1_prepared/excluded_targets.csv	SERBP1	102.0	not_measured_in_frozen_cd4_target_set																	
analyses/external_benchmark/rpe1_prepared/excluded_targets.csv	SERPINB1	87.0	not_measured_in_frozen_cd4_target_set																	
analyses/external_benchmark/rpe1_prepared/excluded_targets.csv	SETD1A	83.0	not_measured_in_frozen_cd4_target_set																	
analyses/external_benchmark/rpe1_prepared/excluded_targets.csv	SETD2	50.0	not_measured_in_frozen_cd4_target_set																	
analyses/external_benchmark/rpe1_prepared/excluded_targets.csv	SF1	30.0	not_measured_in_frozen_cd4_target_set																	
analyses/external_benchmark/rpe1_prepared/excluded_targets.csv	SF3A1	88.0	not_measured_in_frozen_cd4_target_set																	
analyses/external_benchmark/rpe1_prepared/excluded_targets.csv	SF3A2	156.0	not_measured_in_frozen_cd4_target_set																	
analyses/external_benchmark/rpe1_prepared/excluded_targets.csv	SF3B1	43.0	not_measured_in_frozen_cd4_target_set																	
analyses/external_benchmark/rpe1_prepared/excluded_targets.csv	SF3B2	41.0	not_measured_in_frozen_cd4_target_set																	
analyses/external_benchmark/rpe1_prepared/excluded_targets.csv	SF3B3	165.0	not_measured_in_frozen_cd4_target_set																	
analyses/external_benchmark/rpe1_prepared/excluded_targets.csv	SF3B4	70.0	not_measured_in_frozen_cd4_target_set																	
analyses/external_benchmark/rpe1_prepared/excluded_targets.csv	SF3B5	82.0	not_measured_in_frozen_cd4_target_set																	
analyses/external_benchmark/rpe1_prepared/excluded_targets.csv	SFPQ	118.0	not_measured_in_frozen_cd4_target_set																	
analyses/external_benchmark/rpe1_prepared/excluded_targets.csv	SFSWAP	30.0	not_measured_in_frozen_cd4_target_set																	
analyses/external_benchmark/rpe1_prepared/excluded_targets.csv	SHC1	143.0	not_measured_in_frozen_cd4_target_set																	
analyses/external_benchmark/rpe1_prepared/excluded_targets.csv	SHOC2	59.0	not_measured_in_frozen_cd4_target_set																	
analyses/external_benchmark/rpe1_prepared/excluded_targets.csv	SHQ1	150.0	not_measured_in_frozen_cd4_target_set																	
analyses/external_benchmark/rpe1_prepared/excluded_targets.csv	SIGLEC14	79.0	not_measured_in_frozen_cd4_target_set																	
analyses/external_benchmark/rpe1_prepared/excluded_targets.csv	SKA3	65.0	not_measured_in_frozen_cd4_target_set																	
analyses/external_benchmark/rpe1_prepared/excluded_targets.csv	SKP2	38.0	not_measured_in_frozen_cd4_target_set																	
analyses/external_benchmark/rpe1_prepared/excluded_targets.csv	SLBP	40.0	not_measured_in_frozen_cd4_target_set																	
analyses/external_benchmark/rpe1_prepared/excluded_targets.csv	SLC25A26	50.0	not_measured_in_frozen_cd4_target_set																	
analyses/external_benchmark/rpe1_prepared/excluded_targets.csv	SLC25A42	53.0	not_measured_in_frozen_cd4_target_set																	
analyses/external_benchmark/rpe1_prepared/excluded_targets.csv	SLC35B1	42.0	not_measured_in_frozen_cd4_target_set																	
analyses/external_benchmark/rpe1_prepared/excluded_targets.csv	SLC35G2	393.0	not_measured_in_frozen_cd4_target_set																	
analyses/external_benchmark/rpe1_prepared/excluded_targets.csv	SLC35G6	124.0	not_measured_in_frozen_cd4_target_set																	
analyses/external_benchmark/rpe1_prepared/excluded_targets.csv	SLC39A9	117.0	not_measured_in_frozen_cd4_target_set																	
analyses/external_benchmark/rpe1_prepared/excluded_targets.csv	SLC4A5	107.0	not_measured_in_frozen_cd4_target_set																	
analyses/external_benchmark/rpe1_prepared/excluded_targets.csv	SLC7A6OS	107.0	not_measured_in_frozen_cd4_target_set																	
analyses/external_benchmark/rpe1_prepared/excluded_targets.csv	SLC9B1	87.0	not_measured_in_frozen_cd4_target_set																	
analyses/external_benchmark/rpe1_prepared/excluded_targets.csv	SLU7	78.0	not_measured_in_frozen_cd4_target_set																	
analyses/external_benchmark/rpe1_prepared/excluded_targets.csv	SMARCC1	89.0	not_measured_in_frozen_cd4_target_set																	
analyses/external_benchmark/rpe1_prepared/excluded_targets.csv	SMARCE1	51.0	not_measured_in_frozen_cd4_target_set																	
analyses/external_benchmark/rpe1_prepared/excluded_targets.csv	SMC1A	94.0	not_measured_in_frozen_cd4_target_set																	
analyses/external_benchmark/rpe1_prepared/excluded_targets.csv	SMC2	82.0	not_measured_in_frozen_cd4_target_set																	
analyses/external_benchmark/rpe1_prepared/excluded_targets.csv	SMC3	30.0	not_measured_in_frozen_cd4_target_set																	
analyses/external_benchmark/rpe1_prepared/excluded_targets.csv	SMC4	83.0	not_measured_in_frozen_cd4_target_set																	
analyses/external_benchmark/rpe1_prepared/excluded_targets.csv	SMC5	61.0	not_measured_in_frozen_cd4_target_set																	
analyses/external_benchmark/rpe1_prepared/excluded_targets.csv	SMC6	32.0	not_measured_in_frozen_cd4_target_set																	
analyses/external_benchmark/rpe1_prepared/excluded_targets.csv	SMG1	48.0	not_measured_in_frozen_cd4_target_set																	
analyses/external_benchmark/rpe1_prepared/excluded_targets.csv	SMG5	468.0	not_measured_in_frozen_cd4_target_set																	
analyses/external_benchmark/rpe1_prepared/excluded_targets.csv	SMG6	138.0	not_measured_in_frozen_cd4_target_set																	
analyses/external_benchmark/rpe1_prepared/excluded_targets.csv	SMN2	424.0	not_measured_in_frozen_cd4_target_set																	
analyses/external_benchmark/rpe1_prepared/excluded_targets.csv	SMNDC1	80.0	not_measured_in_frozen_cd4_target_set																	
analyses/external_benchmark/rpe1_prepared/excluded_targets.csv	SMU1	82.0	not_measured_in_frozen_cd4_target_set																	
analyses/external_benchmark/rpe1_prepared/excluded_targets.csv	SNAPC1	49.0	not_measured_in_frozen_cd4_target_set																	
analyses/external_benchmark/rpe1_prepared/excluded_targets.csv	SNAPC3	126.0	not_measured_in_frozen_cd4_target_set																	
analyses/external_benchmark/rpe1_prepared/excluded_targets.csv	SNAPC4	87.0	not_measured_in_frozen_cd4_target_set																	
analyses/external_benchmark/rpe1_prepared/excluded_targets.csv	SNAPC5	45.0	not_measured_in_frozen_cd4_target_set																	
analyses/external_benchmark/rpe1_prepared/excluded_targets.csv	SNF8	155.0	not_measured_in_frozen_cd4_target_set																	
analyses/external_benchmark/rpe1_prepared/excluded_targets.csv	SNIP1	46.0	not_measured_in_frozen_cd4_target_set																	
analyses/external_benchmark/rpe1_prepared/excluded_targets.csv	SNRNP200	101.0	not_measured_in_frozen_cd4_target_set																	
analyses/external_benchmark/rpe1_prepared/excluded_targets.csv	SNRNP25	47.0	not_measured_in_frozen_cd4_target_set																	
analyses/external_benchmark/rpe1_prepared/excluded_targets.csv	SNRNP27	96.0	not_measured_in_frozen_cd4_target_set																	
analyses/external_benchmark/rpe1_prepared/excluded_targets.csv	SNRNP35	53.0	not_measured_in_frozen_cd4_target_set																	
analyses/external_benchmark/rpe1_prepared/excluded_targets.csv	SNRNP40	229.0	not_measured_in_frozen_cd4_target_set																	
analyses/external_benchmark/rpe1_prepared/excluded_targets.csv	SNRNP48	76.0	not_measured_in_frozen_cd4_target_set																	
analyses/external_benchmark/rpe1_prepared/excluded_targets.csv	SNRNP70	56.0	not_measured_in_frozen_cd4_target_set																	
analyses/external_benchmark/rpe1_prepared/excluded_targets.csv	SNRPA	36.0	not_measured_in_frozen_cd4_target_set																	
analyses/external_benchmark/rpe1_prepared/excluded_targets.csv	SNRPB	55.0	not_measured_in_frozen_cd4_target_set																	
analyses/external_benchmark/rpe1_prepared/excluded_targets.csv	SNRPC	108.0	not_measured_in_frozen_cd4_target_set																	
analyses/external_benchmark/rpe1_prepared/excluded_targets.csv	SNRPD1	56.0	not_measured_in_frozen_cd4_target_set																	
analyses/external_benchmark/rpe1_prepared/excluded_targets.csv	SNRPD2	33.0	not_measured_in_frozen_cd4_target_set																	
analyses/external_benchmark/rpe1_prepared/excluded_targets.csv	SNRPD3	40.0	not_measured_in_frozen_cd4_target_set																	
analyses/external_benchmark/rpe1_prepared/excluded_targets.csv	SNRPE	49.0	not_measured_in_frozen_cd4_target_set																	
analyses/external_benchmark/rpe1_prepared/excluded_targets.csv	SNRPF	55.0	not_measured_in_frozen_cd4_target_set																	
analyses/external_benchmark/rpe1_prepared/excluded_targets.csv	SNRPG	67.0	not_measured_in_frozen_cd4_target_set																	
analyses/external_benchmark/rpe1_prepared/excluded_targets.csv	SNUPN	66.0	not_measured_in_frozen_cd4_target_set																	
analyses/external_benchmark/rpe1_prepared/excluded_targets.csv	SNW1	192.0	not_measured_in_frozen_cd4_target_set																	
analyses/external_benchmark/rpe1_prepared/excluded_targets.csv	SNX15	311.0	not_measured_in_frozen_cd4_target_set																	
analyses/external_benchmark/rpe1_prepared/excluded_targets.csv	SON	168.0	not_measured_in_frozen_cd4_target_set																	
analyses/external_benchmark/rpe1_prepared/excluded_targets.csv	SPATA5	50.0	not_measured_in_frozen_cd4_target_set																	
analyses/external_benchmark/rpe1_prepared/excluded_targets.csv	SPATA5L1	56.0	not_measured_in_frozen_cd4_target_set																	
analyses/external_benchmark/rpe1_prepared/excluded_targets.csv	SPC24	69.0	not_measured_in_frozen_cd4_target_set																	
analyses/external_benchmark/rpe1_prepared/excluded_targets.csv	SPC25	495.0	not_measured_in_frozen_cd4_target_set																	
analyses/external_benchmark/rpe1_prepared/excluded_targets.csv	SPCS2	59.0	not_measured_in_frozen_cd4_target_set																	
analyses/external_benchmark/rpe1_prepared/excluded_targets.csv	SPCS3	145.0	not_measured_in_frozen_cd4_target_set																	
analyses/external_benchmark/rpe1_prepared/excluded_targets.csv	SPDYE2	83.0	not_measured_in_frozen_cd4_target_set																	
analyses/external_benchmark/rpe1_prepared/excluded_targets.csv	SPTSSA	104.0	not_measured_in_frozen_cd4_target_set																	
analyses/external_benchmark/rpe1_prepared/excluded_targets.csv	SRA1	172.0	not_measured_in_frozen_cd4_target_set																	
analyses/external_benchmark/rpe1_prepared/excluded_targets.csv	SRBD1	54.0	not_measured_in_frozen_cd4_target_set																	
analyses/external_benchmark/rpe1_prepared/excluded_targets.csv	SRCAP	125.0	not_measured_in_frozen_cd4_target_set																	
analyses/external_benchmark/rpe1_prepared/excluded_targets.csv	SRF	95.0	not_measured_in_frozen_cd4_target_set																	
analyses/external_benchmark/rpe1_prepared/excluded_targets.csv	SRP14	93.0	not_measured_in_frozen_cd4_target_set																	
analyses/external_benchmark/rpe1_prepared/excluded_targets.csv	SRP19	45.0	not_measured_in_frozen_cd4_target_set																	
analyses/external_benchmark/rpe1_prepared/excluded_targets.csv	SRP68	55.0	not_measured_in_frozen_cd4_target_set																	
analyses/external_benchmark/rpe1_prepared/excluded_targets.csv	SRP72	164.0	not_measured_in_frozen_cd4_target_set																	
analyses/external_benchmark/rpe1_prepared/excluded_targets.csv	SRPRB	191.0	not_measured_in_frozen_cd4_target_set																	
analyses/external_benchmark/rpe1_prepared/excluded_targets.csv	SRRM1	78.0	not_measured_in_frozen_cd4_target_set																	
analyses/external_benchmark/rpe1_prepared/excluded_targets.csv	SRRM2	79.0	not_measured_in_frozen_cd4_target_set																	
analyses/external_benchmark/rpe1_prepared/excluded_targets.csv	SRRT	84.0	not_measured_in_frozen_cd4_target_set																	
analyses/external_benchmark/rpe1_prepared/excluded_targets.csv	SRSF1	42.0	not_measured_in_frozen_cd4_target_set																	
analyses/external_benchmark/rpe1_prepared/excluded_targets.csv	SRSF11	317.0	not_measured_in_frozen_cd4_target_set																	
analyses/external_benchmark/rpe1_prepared/excluded_targets.csv	SRSF2	40.0	not_measured_in_frozen_cd4_target_set																	
analyses/external_benchmark/rpe1_prepared/excluded_targets.csv	SRSF3	47.0	not_measured_in_frozen_cd4_target_set																	
analyses/external_benchmark/rpe1_prepared/excluded_targets.csv	SRSF7	151.0	not_measured_in_frozen_cd4_target_set																	
analyses/external_benchmark/rpe1_prepared/excluded_targets.csv	SSU72	255.0	not_measured_in_frozen_cd4_target_set																	
analyses/external_benchmark/rpe1_prepared/excluded_targets.csv	SSX4	76.0	not_measured_in_frozen_cd4_target_set																	
analyses/external_benchmark/rpe1_prepared/excluded_targets.csv	STAT5B	173.0	not_measured_in_frozen_cd4_target_set																	
analyses/external_benchmark/rpe1_prepared/excluded_targets.csv	STIL	69.0	not_measured_in_frozen_cd4_target_set																	
analyses/external_benchmark/rpe1_prepared/excluded_targets.csv	STT3B	38.0	not_measured_in_frozen_cd4_target_set																	
analyses/external_benchmark/rpe1_prepared/excluded_targets.csv	STX5	68.0	not_measured_in_frozen_cd4_target_set																	
analyses/external_benchmark/rpe1_prepared/excluded_targets.csv	STXBP4	143.0	not_measured_in_frozen_cd4_target_set																	
analyses/external_benchmark/rpe1_prepared/excluded_targets.csv	SUDS3	133.0	not_measured_in_frozen_cd4_target_set																	
analyses/external_benchmark/rpe1_prepared/excluded_targets.csv	SUPT16H	33.0	not_measured_in_frozen_cd4_target_set																	
analyses/external_benchmark/rpe1_prepared/excluded_targets.csv	SURF6	39.0	not_measured_in_frozen_cd4_target_set																	
analyses/external_benchmark/rpe1_prepared/excluded_targets.csv	SYMPK	69.0	not_measured_in_frozen_cd4_target_set																	
analyses/external_benchmark/rpe1_prepared/excluded_targets.csv	SYS1	68.0	not_measured_in_frozen_cd4_target_set																	
analyses/external_benchmark/rpe1_prepared/excluded_targets.csv	TACC3	594.0	not_measured_in_frozen_cd4_target_set																	
analyses/external_benchmark/rpe1_prepared/excluded_targets.csv	TADA3	68.0	not_measured_in_frozen_cd4_target_set																	
analyses/external_benchmark/rpe1_prepared/excluded_targets.csv	TAF11	118.0	not_measured_in_frozen_cd4_target_set																	
analyses/external_benchmark/rpe1_prepared/excluded_targets.csv	TAF1D	90.0	not_measured_in_frozen_cd4_target_set																	
analyses/external_benchmark/rpe1_prepared/excluded_targets.csv	TAF2	67.0	not_measured_in_frozen_cd4_target_set																	
analyses/external_benchmark/rpe1_prepared/excluded_targets.csv	TAF3	58.0	not_measured_in_frozen_cd4_target_set																	
analyses/external_benchmark/rpe1_prepared/excluded_targets.csv	TAF6	75.0	not_measured_in_frozen_cd4_target_set																	
analyses/external_benchmark/rpe1_prepared/excluded_targets.csv	TAF7	49.0	not_measured_in_frozen_cd4_target_set																	
analyses/external_benchmark/rpe1_prepared/excluded_targets.csv	TAF8	76.0	not_measured_in_frozen_cd4_target_set																	
analyses/external_benchmark/rpe1_prepared/excluded_targets.csv	TAMM41	115.0	not_measured_in_frozen_cd4_target_set																	
analyses/external_benchmark/rpe1_prepared/excluded_targets.csv	TANGO6	56.0	not_measured_in_frozen_cd4_target_set																	
analyses/external_benchmark/rpe1_prepared/excluded_targets.csv	TARDBP	1675.0	not_measured_in_frozen_cd4_target_set																	
analyses/external_benchmark/rpe1_prepared/excluded_targets.csv	TARS	63.0	not_measured_in_frozen_cd4_target_set																	
analyses/external_benchmark/rpe1_prepared/excluded_targets.csv	TAZ	98.0	not_measured_in_frozen_cd4_target_set																	
analyses/external_benchmark/rpe1_prepared/excluded_targets.csv	TBC1D28	165.0	not_measured_in_frozen_cd4_target_set																	
analyses/external_benchmark/rpe1_prepared/excluded_targets.csv	TBC1D3	88.0	not_measured_in_frozen_cd4_target_set																	
analyses/external_benchmark/rpe1_prepared/excluded_targets.csv	TBCA	161.0	not_measured_in_frozen_cd4_target_set																	
analyses/external_benchmark/rpe1_prepared/excluded_targets.csv	TBCB	40.0	not_measured_in_frozen_cd4_target_set																	
analyses/external_benchmark/rpe1_prepared/excluded_targets.csv	TBCD	54.0	not_measured_in_frozen_cd4_target_set																	
analyses/external_benchmark/rpe1_prepared/excluded_targets.csv	TBCE	125.0	not_measured_in_frozen_cd4_target_set																	
analyses/external_benchmark/rpe1_prepared/excluded_targets.csv	TBP	85.0	not_measured_in_frozen_cd4_target_set																	
analyses/external_benchmark/rpe1_prepared/excluded_targets.csv	TBX1	306.0	not_measured_in_frozen_cd4_target_set																	
analyses/external_benchmark/rpe1_prepared/excluded_targets.csv	TCERG1	63.0	not_measured_in_frozen_cd4_target_set																	
analyses/external_benchmark/rpe1_prepared/excluded_targets.csv	TCOF1	37.0	not_measured_in_frozen_cd4_target_set																	
analyses/external_benchmark/rpe1_prepared/excluded_targets.csv	TCP1	30.0	not_measured_in_frozen_cd4_target_set																	
analyses/external_benchmark/rpe1_prepared/excluded_targets.csv	TDGF1	44.0	not_measured_in_frozen_cd4_target_set																	
analyses/external_benchmark/rpe1_prepared/excluded_targets.csv	TEAD3	143.0	not_measured_in_frozen_cd4_target_set																	
analyses/external_benchmark/rpe1_prepared/excluded_targets.csv	TELO2	47.0	not_measured_in_frozen_cd4_target_set																	
analyses/external_benchmark/rpe1_prepared/excluded_targets.csv	TEN1	130.0	not_measured_in_frozen_cd4_target_set																	
analyses/external_benchmark/rpe1_prepared/excluded_targets.csv	TERF2	68.0	not_measured_in_frozen_cd4_target_set																	
analyses/external_benchmark/rpe1_prepared/excluded_targets.csv	TEX10	78.0	not_measured_in_frozen_cd4_target_set																	
analyses/external_benchmark/rpe1_prepared/excluded_targets.csv	TFB2M	108.0	not_measured_in_frozen_cd4_target_set																	
analyses/external_benchmark/rpe1_prepared/excluded_targets.csv	TFRC	315.0	not_measured_in_frozen_cd4_target_set																	
analyses/external_benchmark/rpe1_prepared/excluded_targets.csv	TGS1	65.0	not_measured_in_frozen_cd4_target_set																	
analyses/external_benchmark/rpe1_prepared/excluded_targets.csv	THAP1	152.0	not_measured_in_frozen_cd4_target_set																	
analyses/external_benchmark/rpe1_prepared/excluded_targets.csv	THG1L	57.0	not_measured_in_frozen_cd4_target_set																	
analyses/external_benchmark/rpe1_prepared/excluded_targets.csv	THOC3	70.0	not_measured_in_frozen_cd4_target_set																	
analyses/external_benchmark/rpe1_prepared/excluded_targets.csv	THOC5	61.0	not_measured_in_frozen_cd4_target_set																	
analyses/external_benchmark/rpe1_prepared/excluded_targets.csv	THOC6	146.0	not_measured_in_frozen_cd4_target_set																	
analyses/external_benchmark/rpe1_prepared/excluded_targets.csv	THOC7	175.0	not_measured_in_frozen_cd4_target_set																	
analyses/external_benchmark/rpe1_prepared/excluded_targets.csv	TIGD1	97.0	not_measured_in_frozen_cd4_target_set																	
analyses/external_benchmark/rpe1_prepared/excluded_targets.csv	TIMM13	123.0	not_measured_in_frozen_cd4_target_set																	
analyses/external_benchmark/rpe1_prepared/excluded_targets.csv	TIMM22	31.0	not_measured_in_frozen_cd4_target_set																	
analyses/external_benchmark/rpe1_prepared/excluded_targets.csv	TIMM23B	348.0	not_measured_in_frozen_cd4_target_set																	
analyses/external_benchmark/rpe1_prepared/excluded_targets.csv	TIMM44	51.0	not_measured_in_frozen_cd4_target_set																	
analyses/external_benchmark/rpe1_prepared/excluded_targets.csv	TIMM9	41.0	not_measured_in_frozen_cd4_target_set																	
analyses/external_benchmark/rpe1_prepared/excluded_targets.csv	TINF2	48.0	not_measured_in_frozen_cd4_target_set																	
analyses/external_benchmark/rpe1_prepared/excluded_targets.csv	TIPIN	34.0	not_measured_in_frozen_cd4_target_set																	
analyses/external_benchmark/rpe1_prepared/excluded_targets.csv	TKT	257.0	not_measured_in_frozen_cd4_target_set																	
analyses/external_benchmark/rpe1_prepared/excluded_targets.csv	TMEM127	98.0	not_measured_in_frozen_cd4_target_set																	
analyses/external_benchmark/rpe1_prepared/excluded_targets.csv	TMEM199	78.0	not_measured_in_frozen_cd4_target_set																	
analyses/external_benchmark/rpe1_prepared/excluded_targets.csv	TMEM240	94.0	not_measured_in_frozen_cd4_target_set																	
analyses/external_benchmark/rpe1_prepared/excluded_targets.csv	TMEM258	67.0	not_measured_in_frozen_cd4_target_set																	
analyses/external_benchmark/rpe1_prepared/excluded_targets.csv	TMSB10	81.0	not_measured_in_frozen_cd4_target_set																	
analyses/external_benchmark/rpe1_prepared/excluded_targets.csv	TNNT2	166.0	not_measured_in_frozen_cd4_target_set																	
analyses/external_benchmark/rpe1_prepared/excluded_targets.csv	TNPO3	56.0	not_measured_in_frozen_cd4_target_set																	
analyses/external_benchmark/rpe1_prepared/excluded_targets.csv	TOE1	69.0	not_measured_in_frozen_cd4_target_set																	
analyses/external_benchmark/rpe1_prepared/excluded_targets.csv	TOMM20	67.0	not_measured_in_frozen_cd4_target_set																	
analyses/external_benchmark/rpe1_prepared/excluded_targets.csv	TOMM22	115.0	not_measured_in_frozen_cd4_target_set																	
analyses/external_benchmark/rpe1_prepared/excluded_targets.csv	TOMM40	80.0	not_measured_in_frozen_cd4_target_set																	
analyses/external_benchmark/rpe1_prepared/excluded_targets.csv	TONSL	46.0	not_measured_in_frozen_cd4_target_set																	
analyses/external_benchmark/rpe1_prepared/excluded_targets.csv	TOP1	48.0	not_measured_in_frozen_cd4_target_set																	
analyses/external_benchmark/rpe1_prepared/excluded_targets.csv	TOP3A	63.0	not_measured_in_frozen_cd4_target_set																	
analyses/external_benchmark/rpe1_prepared/excluded_targets.csv	TOR2A	51.0	not_measured_in_frozen_cd4_target_set																	
analyses/external_benchmark/rpe1_prepared/excluded_targets.csv	TOX4	171.0	not_measured_in_frozen_cd4_target_set																	
analyses/external_benchmark/rpe1_prepared/excluded_targets.csv	TPI1	67.0	not_measured_in_frozen_cd4_target_set																	
analyses/external_benchmark/rpe1_prepared/excluded_targets.csv	TPR	131.0	not_measured_in_frozen_cd4_target_set																	
analyses/external_benchmark/rpe1_prepared/excluded_targets.csv	TPRKB	134.0	not_measured_in_frozen_cd4_target_set																	
analyses/external_benchmark/rpe1_prepared/excluded_targets.csv	TPT1	583.0	not_measured_in_frozen_cd4_target_set																	
analyses/external_benchmark/rpe1_prepared/excluded_targets.csv	TRA2B	100.0	not_measured_in_frozen_cd4_target_set																	
analyses/external_benchmark/rpe1_prepared/excluded_targets.csv	TRAIP	59.0	not_measured_in_frozen_cd4_target_set																	
analyses/external_benchmark/rpe1_prepared/excluded_targets.csv	TRAPPC1	82.0	not_measured_in_frozen_cd4_target_set																	
analyses/external_benchmark/rpe1_prepared/excluded_targets.csv	TRAPPC11	235.0	not_measured_in_frozen_cd4_target_set																	
analyses/external_benchmark/rpe1_prepared/excluded_targets.csv	TRAPPC3	77.0	not_measured_in_frozen_cd4_target_set																	
analyses/external_benchmark/rpe1_prepared/excluded_targets.csv	TRAPPC5	111.0	not_measured_in_frozen_cd4_target_set																	
analyses/external_benchmark/rpe1_prepared/excluded_targets.csv	TRAPPC8	34.0	not_measured_in_frozen_cd4_target_set																	
analyses/external_benchmark/rpe1_prepared/excluded_targets.csv	TREX2	384.0	not_measured_in_frozen_cd4_target_set																	
analyses/external_benchmark/rpe1_prepared/excluded_targets.csv	TRIAP1	38.0	not_measured_in_frozen_cd4_target_set																	
analyses/external_benchmark/rpe1_prepared/excluded_targets.csv	TRIM49C	59.0	not_measured_in_frozen_cd4_target_set																	
analyses/external_benchmark/rpe1_prepared/excluded_targets.csv	TRMT112	68.0	not_measured_in_frozen_cd4_target_set																	
analyses/external_benchmark/rpe1_prepared/excluded_targets.csv	TRMT5	62.0	not_measured_in_frozen_cd4_target_set																	
analyses/external_benchmark/rpe1_prepared/excluded_targets.csv	TRMT6	117.0	not_measured_in_frozen_cd4_target_set																	
analyses/external_benchmark/rpe1_prepared/excluded_targets.csv	TRNP1	85.0	not_measured_in_frozen_cd4_target_set																	
analyses/external_benchmark/rpe1_prepared/excluded_targets.csv	TRNT1	354.0	not_measured_in_frozen_cd4_target_set																	
analyses/external_benchmark/rpe1_prepared/excluded_targets.csv	TRPM7	54.0	not_measured_in_frozen_cd4_target_set																	
analyses/external_benchmark/rpe1_prepared/excluded_targets.csv	TSEN2	86.0	not_measured_in_frozen_cd4_target_set																	
analyses/external_benchmark/rpe1_prepared/excluded_targets.csv	TSEN34	176.0	not_measured_in_frozen_cd4_target_set																	
analyses/external_benchmark/rpe1_prepared/excluded_targets.csv	TSEN54	74.0	not_measured_in_frozen_cd4_target_set																	
analyses/external_benchmark/rpe1_prepared/excluded_targets.csv	TSG101	59.0	not_measured_in_frozen_cd4_target_set																	
analyses/external_benchmark/rpe1_prepared/excluded_targets.csv	TSPYL5	47.0	not_measured_in_frozen_cd4_target_set																	
analyses/external_benchmark/rpe1_prepared/excluded_targets.csv	TSR1	207.0	not_measured_in_frozen_cd4_target_set																	
analyses/external_benchmark/rpe1_prepared/excluded_targets.csv	TSR2	95.0	not_measured_in_frozen_cd4_target_set																	
analyses/external_benchmark/rpe1_prepared/excluded_targets.csv	TSSK3	95.0	not_measured_in_frozen_cd4_target_set																	
analyses/external_benchmark/rpe1_prepared/excluded_targets.csv	TTC1	122.0	not_measured_in_frozen_cd4_target_set																	
analyses/external_benchmark/rpe1_prepared/excluded_targets.csv	TTC27	34.0	not_measured_in_frozen_cd4_target_set																	
analyses/external_benchmark/rpe1_prepared/excluded_targets.csv	TTC4	125.0	not_measured_in_frozen_cd4_target_set																	
analyses/external_benchmark/rpe1_prepared/excluded_targets.csv	TTF2	67.0	not_measured_in_frozen_cd4_target_set																	
analyses/external_benchmark/rpe1_prepared/excluded_targets.csv	TTI1	81.0	not_measured_in_frozen_cd4_target_set																	
analyses/external_benchmark/rpe1_prepared/excluded_targets.csv	TTK	80.0	not_measured_in_frozen_cd4_target_set																	
analyses/external_benchmark/rpe1_prepared/excluded_targets.csv	TUBA1B	207.0	not_measured_in_frozen_cd4_target_set																	
analyses/external_benchmark/rpe1_prepared/excluded_targets.csv	TUBA3D	35.0	not_measured_in_frozen_cd4_target_set																	
analyses/external_benchmark/rpe1_prepared/excluded_targets.csv	TUBB	277.0	not_measured_in_frozen_cd4_target_set																	
analyses/external_benchmark/rpe1_prepared/excluded_targets.csv	TUBB2A	152.0	not_measured_in_frozen_cd4_target_set																	
analyses/external_benchmark/rpe1_prepared/excluded_targets.csv	TUBD1	123.0	not_measured_in_frozen_cd4_target_set																	
analyses/external_benchmark/rpe1_prepared/excluded_targets.csv	TUBG1	139.0	not_measured_in_frozen_cd4_target_set																	
analyses/external_benchmark/rpe1_prepared/excluded_targets.csv	TUBGCP2	166.0	not_measured_in_frozen_cd4_target_set																	
analyses/external_benchmark/rpe1_prepared/excluded_targets.csv	TUBGCP3	70.0	not_measured_in_frozen_cd4_target_set																	
analyses/external_benchmark/rpe1_prepared/excluded_targets.csv	TUBGCP4	102.0	not_measured_in_frozen_cd4_target_set																	
analyses/external_benchmark/rpe1_prepared/excluded_targets.csv	TUBGCP5	96.0	not_measured_in_frozen_cd4_target_set																	
analyses/external_benchmark/rpe1_prepared/excluded_targets.csv	TUBGCP6	31.0	not_measured_in_frozen_cd4_target_set																	
analyses/external_benchmark/rpe1_prepared/excluded_targets.csv	TUFM	176.0	not_measured_in_frozen_cd4_target_set																	
analyses/external_benchmark/rpe1_prepared/excluded_targets.csv	TULP1	98.0	not_measured_in_frozen_cd4_target_set																	
analyses/external_benchmark/rpe1_prepared/excluded_targets.csv	TUT1	222.0	not_measured_in_frozen_cd4_target_set																	
analyses/external_benchmark/rpe1_prepared/excluded_targets.csv	TVP23C	104.0	not_measured_in_frozen_cd4_target_set																	
analyses/external_benchmark/rpe1_prepared/excluded_targets.csv	TXN	82.0	not_measured_in_frozen_cd4_target_set																	
analyses/external_benchmark/rpe1_prepared/excluded_targets.csv	TXNL4A	33.0	not_measured_in_frozen_cd4_target_set																	
analyses/external_benchmark/rpe1_prepared/excluded_targets.csv	TXNL4B	174.0	not_measured_in_frozen_cd4_target_set																	
analyses/external_benchmark/rpe1_prepared/excluded_targets.csv	TYK2	60.0	not_measured_in_frozen_cd4_target_set																	
analyses/external_benchmark/rpe1_prepared/excluded_targets.csv	U2AF1	83.0	not_measured_in_frozen_cd4_target_set																	
analyses/external_benchmark/rpe1_prepared/excluded_targets.csv	U2AF2	43.0	not_measured_in_frozen_cd4_target_set																	
analyses/external_benchmark/rpe1_prepared/excluded_targets.csv	UBA1	96.0	not_measured_in_frozen_cd4_target_set																	
analyses/external_benchmark/rpe1_prepared/excluded_targets.csv	UBA2	156.0	not_measured_in_frozen_cd4_target_set																	
analyses/external_benchmark/rpe1_prepared/excluded_targets.csv	UBA3	61.0	not_measured_in_frozen_cd4_target_set																	
analyses/external_benchmark/rpe1_prepared/excluded_targets.csv	UBA5	72.0	not_measured_in_frozen_cd4_target_set																	
analyses/external_benchmark/rpe1_prepared/excluded_targets.csv	UBA52	156.0	not_measured_in_frozen_cd4_target_set																	
analyses/external_benchmark/rpe1_prepared/excluded_targets.csv	UBAP1	30.0	not_measured_in_frozen_cd4_target_set																	
analyses/external_benchmark/rpe1_prepared/excluded_targets.csv	UBE2I	74.0	not_measured_in_frozen_cd4_target_set																	
analyses/external_benchmark/rpe1_prepared/excluded_targets.csv	UBE2N	121.0	not_measured_in_frozen_cd4_target_set																	
analyses/external_benchmark/rpe1_prepared/excluded_targets.csv	UBE3D	143.0	not_measured_in_frozen_cd4_target_set																	
analyses/external_benchmark/rpe1_prepared/excluded_targets.csv	UBL5	126.0	not_measured_in_frozen_cd4_target_set																	
analyses/external_benchmark/rpe1_prepared/excluded_targets.csv	UCHL5	86.0	not_measured_in_frozen_cd4_target_set																	
analyses/external_benchmark/rpe1_prepared/excluded_targets.csv	UFL1	115.0	not_measured_in_frozen_cd4_target_set																	
analyses/external_benchmark/rpe1_prepared/excluded_targets.csv	UHRF1	107.0	not_measured_in_frozen_cd4_target_set																	
analyses/external_benchmark/rpe1_prepared/excluded_targets.csv	UMPS	83.0	not_measured_in_frozen_cd4_target_set																	
analyses/external_benchmark/rpe1_prepared/excluded_targets.csv	UNC45A	111.0	not_measured_in_frozen_cd4_target_set																	
analyses/external_benchmark/rpe1_prepared/excluded_targets.csv	UNC50	32.0	not_measured_in_frozen_cd4_target_set																	
analyses/external_benchmark/rpe1_prepared/excluded_targets.csv	UNCX	72.0	not_measured_in_frozen_cd4_target_set																	
analyses/external_benchmark/rpe1_prepared/excluded_targets.csv	UPF1	46.0	not_measured_in_frozen_cd4_target_set																	
analyses/external_benchmark/rpe1_prepared/excluded_targets.csv	UPF2	113.0	not_measured_in_frozen_cd4_target_set																	
analyses/external_benchmark/rpe1_prepared/excluded_targets.csv	UQCRC1	188.0	not_measured_in_frozen_cd4_target_set																	
analyses/external_benchmark/rpe1_prepared/excluded_targets.csv	UQCRC2	68.0	not_measured_in_frozen_cd4_target_set																	
analyses/external_benchmark/rpe1_prepared/excluded_targets.csv	UQCRFS1	32.0	not_measured_in_frozen_cd4_target_set																	
analyses/external_benchmark/rpe1_prepared/excluded_targets.csv	UQCRH	51.0	not_measured_in_frozen_cd4_target_set																	
analyses/external_benchmark/rpe1_prepared/excluded_targets.csv	URB2	40.0	not_measured_in_frozen_cd4_target_set																	
analyses/external_benchmark/rpe1_prepared/excluded_targets.csv	URI1	86.0	not_measured_in_frozen_cd4_target_set																	
analyses/external_benchmark/rpe1_prepared/excluded_targets.csv	UROD	250.0	not_measured_in_frozen_cd4_target_set																	
analyses/external_benchmark/rpe1_prepared/excluded_targets.csv	USF2	105.0	not_measured_in_frozen_cd4_target_set																	
analyses/external_benchmark/rpe1_prepared/excluded_targets.csv	USP39	122.0	not_measured_in_frozen_cd4_target_set																	
analyses/external_benchmark/rpe1_prepared/excluded_targets.csv	USP5	174.0	not_measured_in_frozen_cd4_target_set																	
analyses/external_benchmark/rpe1_prepared/excluded_targets.csv	USP7	88.0	not_measured_in_frozen_cd4_target_set																	
analyses/external_benchmark/rpe1_prepared/excluded_targets.csv	USP8	47.0	not_measured_in_frozen_cd4_target_set																	
analyses/external_benchmark/rpe1_prepared/excluded_targets.csv	USPL1	36.0	not_measured_in_frozen_cd4_target_set																	
analyses/external_benchmark/rpe1_prepared/excluded_targets.csv	UTP15	34.0	not_measured_in_frozen_cd4_target_set																	
analyses/external_benchmark/rpe1_prepared/excluded_targets.csv	UTP18	51.0	not_measured_in_frozen_cd4_target_set																	
analyses/external_benchmark/rpe1_prepared/excluded_targets.csv	UTP20	32.0	not_measured_in_frozen_cd4_target_set																	
analyses/external_benchmark/rpe1_prepared/excluded_targets.csv	UTP23	49.0	not_measured_in_frozen_cd4_target_set																	
analyses/external_benchmark/rpe1_prepared/excluded_targets.csv	UTP3	63.0	not_measured_in_frozen_cd4_target_set																	
analyses/external_benchmark/rpe1_prepared/excluded_targets.csv	UXT	64.0	not_measured_in_frozen_cd4_target_set																	
analyses/external_benchmark/rpe1_prepared/excluded_targets.csv	VARS	87.0	not_measured_in_frozen_cd4_target_set																	
analyses/external_benchmark/rpe1_prepared/excluded_targets.csv	VCP	30.0	not_measured_in_frozen_cd4_target_set																	
analyses/external_benchmark/rpe1_prepared/excluded_targets.csv	VEZT	111.0	not_measured_in_frozen_cd4_target_set																	
analyses/external_benchmark/rpe1_prepared/excluded_targets.csv	VMP1	55.0	not_measured_in_frozen_cd4_target_set																	
analyses/external_benchmark/rpe1_prepared/excluded_targets.csv	VPS13D	97.0	not_measured_in_frozen_cd4_target_set																	
analyses/external_benchmark/rpe1_prepared/excluded_targets.csv	VPS18	80.0	not_measured_in_frozen_cd4_target_set																	
analyses/external_benchmark/rpe1_prepared/excluded_targets.csv	VPS25	108.0	not_measured_in_frozen_cd4_target_set																	
analyses/external_benchmark/rpe1_prepared/excluded_targets.csv	VPS28	51.0	not_measured_in_frozen_cd4_target_set																	
analyses/external_benchmark/rpe1_prepared/excluded_targets.csv	VPS33A	65.0	not_measured_in_frozen_cd4_target_set																	
analyses/external_benchmark/rpe1_prepared/excluded_targets.csv	VPS35	136.0	not_measured_in_frozen_cd4_target_set																	
analyses/external_benchmark/rpe1_prepared/excluded_targets.csv	VPS37A	144.0	not_measured_in_frozen_cd4_target_set																	
analyses/external_benchmark/rpe1_prepared/excluded_targets.csv	VPS37C	116.0	not_measured_in_frozen_cd4_target_set																	
analyses/external_benchmark/rpe1_prepared/excluded_targets.csv	VPS41	272.0	not_measured_in_frozen_cd4_target_set																	
analyses/external_benchmark/rpe1_prepared/excluded_targets.csv	VPS51	48.0	not_measured_in_frozen_cd4_target_set																	
analyses/external_benchmark/rpe1_prepared/excluded_targets.csv	VPS54	232.0	not_measured_in_frozen_cd4_target_set																	
analyses/external_benchmark/rpe1_prepared/excluded_targets.csv	VPS72	89.0	not_measured_in_frozen_cd4_target_set																	
analyses/external_benchmark/rpe1_prepared/excluded_targets.csv	WARS	61.0	not_measured_in_frozen_cd4_target_set																	
analyses/external_benchmark/rpe1_prepared/excluded_targets.csv	WBP11	168.0	not_measured_in_frozen_cd4_target_set																	
analyses/external_benchmark/rpe1_prepared/excluded_targets.csv	WDFY3	54.0	not_measured_in_frozen_cd4_target_set																	
analyses/external_benchmark/rpe1_prepared/excluded_targets.csv	WDHD1	40.0	not_measured_in_frozen_cd4_target_set																	
analyses/external_benchmark/rpe1_prepared/excluded_targets.csv	WDR1	44.0	not_measured_in_frozen_cd4_target_set																	
analyses/external_benchmark/rpe1_prepared/excluded_targets.csv	WDR12	42.0	not_measured_in_frozen_cd4_target_set																	
analyses/external_benchmark/rpe1_prepared/excluded_targets.csv	WDR18	81.0	not_measured_in_frozen_cd4_target_set																	
analyses/external_benchmark/rpe1_prepared/excluded_targets.csv	WDR24	44.0	not_measured_in_frozen_cd4_target_set																	
analyses/external_benchmark/rpe1_prepared/excluded_targets.csv	WDR25	39.0	not_measured_in_frozen_cd4_target_set																	
analyses/external_benchmark/rpe1_prepared/excluded_targets.csv	WDR26	51.0	not_measured_in_frozen_cd4_target_set																	
analyses/external_benchmark/rpe1_prepared/excluded_targets.csv	WDR33	34.0	not_measured_in_frozen_cd4_target_set																	
analyses/external_benchmark/rpe1_prepared/excluded_targets.csv	WDR4	141.0	not_measured_in_frozen_cd4_target_set																	
analyses/external_benchmark/rpe1_prepared/excluded_targets.csv	WDR43	33.0	not_measured_in_frozen_cd4_target_set																	
analyses/external_benchmark/rpe1_prepared/excluded_targets.csv	WDR44	92.0	not_measured_in_frozen_cd4_target_set																	
analyses/external_benchmark/rpe1_prepared/excluded_targets.csv	WDR5	51.0	not_measured_in_frozen_cd4_target_set																	
analyses/external_benchmark/rpe1_prepared/excluded_targets.csv	WDR61	60.0	not_measured_in_frozen_cd4_target_set																	
analyses/external_benchmark/rpe1_prepared/excluded_targets.csv	WDR7	86.0	not_measured_in_frozen_cd4_target_set																	
analyses/external_benchmark/rpe1_prepared/excluded_targets.csv	WDR70	144.0	not_measured_in_frozen_cd4_target_set																	
analyses/external_benchmark/rpe1_prepared/excluded_targets.csv	WDR74	73.0	not_measured_in_frozen_cd4_target_set																	
analyses/external_benchmark/rpe1_prepared/excluded_targets.csv	WDR77	111.0	not_measured_in_frozen_cd4_target_set																	
analyses/external_benchmark/rpe1_prepared/excluded_targets.csv	WDTC1	71.0	not_measured_in_frozen_cd4_target_set																	
analyses/external_benchmark/rpe1_prepared/excluded_targets.csv	WEE1	73.0	not_measured_in_frozen_cd4_target_set																	
analyses/external_benchmark/rpe1_prepared/excluded_targets.csv	XPO1	46.0	not_measured_in_frozen_cd4_target_set																	
analyses/external_benchmark/rpe1_prepared/excluded_targets.csv	XRCC2	93.0	not_measured_in_frozen_cd4_target_set																	
analyses/external_benchmark/rpe1_prepared/excluded_targets.csv	XRCC3	65.0	not_measured_in_frozen_cd4_target_set																	
analyses/external_benchmark/rpe1_prepared/excluded_targets.csv	XRCC5	56.0	not_measured_in_frozen_cd4_target_set																	
analyses/external_benchmark/rpe1_prepared/excluded_targets.csv	XRCC6	74.0	not_measured_in_frozen_cd4_target_set																	
analyses/external_benchmark/rpe1_prepared/excluded_targets.csv	YAE1	40.0	not_measured_in_frozen_cd4_target_set																	
analyses/external_benchmark/rpe1_prepared/excluded_targets.csv	YARS	98.0	not_measured_in_frozen_cd4_target_set																	
analyses/external_benchmark/rpe1_prepared/excluded_targets.csv	YBX3	69.0	not_measured_in_frozen_cd4_target_set																	
analyses/external_benchmark/rpe1_prepared/excluded_targets.csv	YEATS4	96.0	not_measured_in_frozen_cd4_target_set																	
analyses/external_benchmark/rpe1_prepared/excluded_targets.csv	YJEFN3	237.0	not_measured_in_frozen_cd4_target_set																	
analyses/external_benchmark/rpe1_prepared/excluded_targets.csv	YKT6	51.0	not_measured_in_frozen_cd4_target_set																	
analyses/external_benchmark/rpe1_prepared/excluded_targets.csv	YTHDC1	205.0	not_measured_in_frozen_cd4_target_set																	
analyses/external_benchmark/rpe1_prepared/excluded_targets.csv	ZBTB14	58.0	not_measured_in_frozen_cd4_target_set																	
analyses/external_benchmark/rpe1_prepared/excluded_targets.csv	ZBTB17	285.0	not_measured_in_frozen_cd4_target_set																	
analyses/external_benchmark/rpe1_prepared/excluded_targets.csv	ZBTB4	40.0	not_measured_in_frozen_cd4_target_set																	
analyses/external_benchmark/rpe1_prepared/excluded_targets.csv	ZBTB44	79.0	not_measured_in_frozen_cd4_target_set																	
analyses/external_benchmark/rpe1_prepared/excluded_targets.csv	ZC3H13	112.0	not_measured_in_frozen_cd4_target_set																	
analyses/external_benchmark/rpe1_prepared/excluded_targets.csv	ZC3H18	66.0	not_measured_in_frozen_cd4_target_set																	
analyses/external_benchmark/rpe1_prepared/excluded_targets.csv	ZC3H3	102.0	not_measured_in_frozen_cd4_target_set																	
analyses/external_benchmark/rpe1_prepared/excluded_targets.csv	ZCRB1	81.0	not_measured_in_frozen_cd4_target_set																	
analyses/external_benchmark/rpe1_prepared/excluded_targets.csv	ZFC3H1	85.0	not_measured_in_frozen_cd4_target_set																	
analyses/external_benchmark/rpe1_prepared/excluded_targets.csv	ZFR	130.0	not_measured_in_frozen_cd4_target_set																	
analyses/external_benchmark/rpe1_prepared/excluded_targets.csv	ZMAT2	214.0	not_measured_in_frozen_cd4_target_set																	
analyses/external_benchmark/rpe1_prepared/excluded_targets.csv	ZMAT5	50.0	not_measured_in_frozen_cd4_target_set																	
analyses/external_benchmark/rpe1_prepared/excluded_targets.csv	ZMYM4	83.0	not_measured_in_frozen_cd4_target_set																	
analyses/external_benchmark/rpe1_prepared/excluded_targets.csv	ZNF143	32.0	not_measured_in_frozen_cd4_target_set																	
analyses/external_benchmark/rpe1_prepared/excluded_targets.csv	ZNF207	134.0	not_measured_in_frozen_cd4_target_set																	
analyses/external_benchmark/rpe1_prepared/excluded_targets.csv	ZNF236	102.0	not_measured_in_frozen_cd4_target_set																	
analyses/external_benchmark/rpe1_prepared/excluded_targets.csv	ZNF335	47.0	not_measured_in_frozen_cd4_target_set																	
analyses/external_benchmark/rpe1_prepared/excluded_targets.csv	ZNF407	64.0	not_measured_in_frozen_cd4_target_set																	
analyses/external_benchmark/rpe1_prepared/excluded_targets.csv	ZNF468	103.0	not_measured_in_frozen_cd4_target_set																	
analyses/external_benchmark/rpe1_prepared/excluded_targets.csv	ZNF506	104.0	not_measured_in_frozen_cd4_target_set																	
analyses/external_benchmark/rpe1_prepared/excluded_targets.csv	ZNF559	57.0	not_measured_in_frozen_cd4_target_set																	
analyses/external_benchmark/rpe1_prepared/excluded_targets.csv	ZNF574	168.0	not_measured_in_frozen_cd4_target_set																	
analyses/external_benchmark/rpe1_prepared/excluded_targets.csv	ZNF674	126.0	not_measured_in_frozen_cd4_target_set																	
analyses/external_benchmark/rpe1_prepared/excluded_targets.csv	ZNF676	38.0	not_measured_in_frozen_cd4_target_set																	
analyses/external_benchmark/rpe1_prepared/excluded_targets.csv	ZNF720	68.0	not_measured_in_frozen_cd4_target_set																	
analyses/external_benchmark/rpe1_prepared/excluded_targets.csv	ZNF763	111.0	not_measured_in_frozen_cd4_target_set																	
analyses/external_benchmark/rpe1_prepared/excluded_targets.csv	ZNF787	35.0	not_measured_in_frozen_cd4_target_set																	
analyses/external_benchmark/rpe1_prepared/excluded_targets.csv	ZNF84	67.0	not_measured_in_frozen_cd4_target_set																	
analyses/external_benchmark/rpe1_prepared/excluded_targets.csv	ZNHIT1	38.0	not_measured_in_frozen_cd4_target_set																	
analyses/external_benchmark/rpe1_prepared/excluded_targets.csv	ZNHIT2	81.0	not_measured_in_frozen_cd4_target_set																	
analyses/external_benchmark/rpe1_prepared/excluded_targets.csv	ZNHIT3	78.0	not_measured_in_frozen_cd4_target_set																	
analyses/external_benchmark/rpe1_prepared/excluded_targets.csv	ZWINT	51.0	not_measured_in_frozen_cd4_target_set																	
analyses/guide_dose_response/results/unavailable_estimands.csv			donor-specific effects were released only at target level, not jointly by guide	donor-held-out guide-dose validation	unavailable															
analyses/guide_dose_response/results/unavailable_estimands.csv			guide-level signed coefficient vectors were not released	signed response norm by guide	unavailable															
analyses/guide_dose_response/results/unavailable_estimands.csv			guide-level signed coefficient vectors were not released	module activity and rerouting by guide	unavailable															
analyses/guide_dose_response/results/unavailable_estimands.csv			disease programs were defined at target-state level	disease-program convergence by guide	unavailable															
analyses/guide_dose_response/results/unavailable_estimands.csv			the released guide-response table contains paired targeting guides only	non-targeting trans-response control	unavailable															
analyses/guide_dose_response/results/unavailable_estimands.csv			two guide doses per target and no joint donor-specific guide effects do not identify mediation	cis mediation	not tested															
analyses/grn_benchmark/results/unavailable_datasets.csv			no transcription factors passed the frozen Bonferroni selection rule			mESC														
analyses/multiverse/results/scalar_unavailable.csv			insufficient_rows_or_targets				961	100.0	3.0	significant	distal_gene_count_residual	ridge	minimal	20260912.0						
analyses/multiverse/results/scalar_unavailable.csv			insufficient_rows_or_targets				965	100.0	3.0	significant	distal_gene_count_residual	ridge	minimal	20261119.0						
analyses/multiverse/results/scalar_unavailable.csv			insufficient_rows_or_targets				969	100.0	3.0	significant	distal_gene_count_residual	ridge	observability	20261031.0						
analyses/multiverse/results/scalar_unavailable.csv			insufficient_rows_or_targets				973	100.0	3.0	significant	distal_gene_count_residual	ridge	reproducibility	20261013.0						
analyses/multiverse/results/scalar_unavailable.csv			insufficient_rows_or_targets				977	100.0	3.0	significant	distal_gene_count_residual	ridge	no_state	20260929.0						
analyses/multiverse/results/scalar_unavailable.csv			insufficient_rows_or_targets				981	100.0	3.0	significant	distal_gene_count_residual	huber_regression	minimal	20260912.0						
analyses/multiverse/results/scalar_unavailable.csv			insufficient_rows_or_targets				985	100.0	3.0	significant	distal_gene_count_residual	huber_regression	minimal	20261119.0						
analyses/multiverse/results/scalar_unavailable.csv			insufficient_rows_or_targets				989	100.0	3.0	significant	distal_gene_count_residual	huber_regression	observability	20261031.0						
analyses/multiverse/results/scalar_unavailable.csv			insufficient_rows_or_targets				993	100.0	3.0	significant	distal_gene_count_residual	huber_regression	reproducibility	20261013.0						
analyses/multiverse/results/scalar_unavailable.csv			insufficient_rows_or_targets				997	100.0	3.0	significant	distal_gene_count_residual	huber_regression	no_state	20260929.0						
analyses/multiverse/results/scalar_unavailable.csv			insufficient_rows_or_targets				1001	100.0	3.0	significant	distal_gene_count_residual	sparse_nonlinear	minimal	20260912.0						
analyses/multiverse/results/scalar_unavailable.csv			insufficient_rows_or_targets				1005	100.0	3.0	significant	distal_gene_count_residual	sparse_nonlinear	minimal	20261119.0						
analyses/multiverse/results/scalar_unavailable.csv			insufficient_rows_or_targets				1009	100.0	3.0	significant	distal_gene_count_residual	sparse_nonlinear	observability	20261031.0						
analyses/multiverse/results/scalar_unavailable.csv			insufficient_rows_or_targets				1013	100.0	3.0	significant	distal_gene_count_residual	sparse_nonlinear	reproducibility	20261013.0						
analyses/multiverse/results/scalar_unavailable.csv			insufficient_rows_or_targets				1017	100.0	3.0	significant	distal_gene_count_residual	sparse_nonlinear	no_state	20260929.0						
analyses/multiverse/results/scalar_unavailable.csv			insufficient_rows_or_targets				1021	100.0	3.0	significant	distal_gene_count_residual	graph_readout	minimal	20260912.0						
analyses/multiverse/results/scalar_unavailable.csv			insufficient_rows_or_targets				1025	100.0	3.0	significant	distal_gene_count_residual	graph_readout	minimal	20261119.0						
analyses/multiverse/results/scalar_unavailable.csv			insufficient_rows_or_targets				1029	100.0	3.0	significant	distal_gene_count_residual	graph_readout	observability	20261031.0						
analyses/multiverse/results/scalar_unavailable.csv			insufficient_rows_or_targets				1033	100.0	3.0	significant	distal_gene_count_residual	graph_readout	reproducibility	20261013.0						
analyses/multiverse/results/scalar_unavailable.csv			insufficient_rows_or_targets				1037	100.0	3.0	significant	distal_gene_count_residual	graph_readout	no_state	20260929.0						
analyses/multiverse/results/scalar_unavailable.csv			insufficient_rows_or_targets				1041	100.0	3.0	significant	debiased_response_l2_gain	ridge	minimal	20260912.0						
analyses/multiverse/results/scalar_unavailable.csv			insufficient_rows_or_targets				1045	100.0	3.0	significant	debiased_response_l2_gain	ridge	minimal	20261119.0						
analyses/multiverse/results/scalar_unavailable.csv			insufficient_rows_or_targets				1049	100.0	3.0	significant	debiased_response_l2_gain	ridge	observability	20261031.0						
analyses/multiverse/results/scalar_unavailable.csv			insufficient_rows_or_targets				1053	100.0	3.0	significant	debiased_response_l2_gain	ridge	reproducibility	20261013.0						
analyses/multiverse/results/scalar_unavailable.csv			insufficient_rows_or_targets				1057	100.0	3.0	significant	debiased_response_l2_gain	ridge	no_state	20260929.0						
analyses/multiverse/results/scalar_unavailable.csv			insufficient_rows_or_targets				1061	100.0	3.0	significant	debiased_response_l2_gain	huber_regression	minimal	20260912.0						
analyses/multiverse/results/scalar_unavailable.csv			insufficient_rows_or_targets				1065	100.0	3.0	significant	debiased_response_l2_gain	huber_regression	minimal	20261119.0						
analyses/multiverse/results/scalar_unavailable.csv			insufficient_rows_or_targets				1069	100.0	3.0	significant	debiased_response_l2_gain	huber_regression	observability	20261031.0						
analyses/multiverse/results/scalar_unavailable.csv			insufficient_rows_or_targets				1073	100.0	3.0	significant	debiased_response_l2_gain	huber_regression	reproducibility	20261013.0						
analyses/multiverse/results/scalar_unavailable.csv			insufficient_rows_or_targets				1077	100.0	3.0	significant	debiased_response_l2_gain	huber_regression	no_state	20260929.0						
analyses/multiverse/results/scalar_unavailable.csv			insufficient_rows_or_targets				1081	100.0	3.0	significant	debiased_response_l2_gain	sparse_nonlinear	minimal	20260912.0						
analyses/multiverse/results/scalar_unavailable.csv			insufficient_rows_or_targets				1085	100.0	3.0	significant	debiased_response_l2_gain	sparse_nonlinear	minimal	20261119.0						
analyses/multiverse/results/scalar_unavailable.csv			insufficient_rows_or_targets				1089	100.0	3.0	significant	debiased_response_l2_gain	sparse_nonlinear	observability	20261031.0						
analyses/multiverse/results/scalar_unavailable.csv			insufficient_rows_or_targets				1093	100.0	3.0	significant	debiased_response_l2_gain	sparse_nonlinear	reproducibility	20261013.0						
analyses/multiverse/results/scalar_unavailable.csv			insufficient_rows_or_targets				1097	100.0	3.0	significant	debiased_response_l2_gain	sparse_nonlinear	no_state	20260929.0						
analyses/multiverse/results/scalar_unavailable.csv			insufficient_rows_or_targets				1101	100.0	3.0	significant	debiased_response_l2_gain	graph_readout	minimal	20260912.0						
analyses/multiverse/results/scalar_unavailable.csv			insufficient_rows_or_targets				1105	100.0	3.0	significant	debiased_response_l2_gain	graph_readout	minimal	20261119.0						
analyses/multiverse/results/scalar_unavailable.csv			insufficient_rows_or_targets				1109	100.0	3.0	significant	debiased_response_l2_gain	graph_readout	observability	20261031.0						
analyses/multiverse/results/scalar_unavailable.csv			insufficient_rows_or_targets				1113	100.0	3.0	significant	debiased_response_l2_gain	graph_readout	reproducibility	20261013.0						
analyses/multiverse/results/scalar_unavailable.csv			insufficient_rows_or_targets				1117	100.0	3.0	significant	debiased_response_l2_gain	graph_readout	no_state	20260929.0						
analyses/multiverse/results/scalar_unavailable.csv			insufficient_rows_or_targets				1121	100.0	3.0	significant	significant_response_l1_gain	ridge	minimal	20260912.0						
analyses/multiverse/results/scalar_unavailable.csv			insufficient_rows_or_targets				1125	100.0	3.0	significant	significant_response_l1_gain	ridge	minimal	20261119.0						
analyses/multiverse/results/scalar_unavailable.csv			insufficient_rows_or_targets				1129	100.0	3.0	significant	significant_response_l1_gain	ridge	observability	20261031.0						
analyses/multiverse/results/scalar_unavailable.csv			insufficient_rows_or_targets				1133	100.0	3.0	significant	significant_response_l1_gain	ridge	reproducibility	20261013.0						
analyses/multiverse/results/scalar_unavailable.csv			insufficient_rows_or_targets				1137	100.0	3.0	significant	significant_response_l1_gain	ridge	no_state	20260929.0						
analyses/multiverse/results/scalar_unavailable.csv			insufficient_rows_or_targets				1141	100.0	3.0	significant	significant_response_l1_gain	huber_regression	minimal	20260912.0						
analyses/multiverse/results/scalar_unavailable.csv			insufficient_rows_or_targets				1145	100.0	3.0	significant	significant_response_l1_gain	huber_regression	minimal	20261119.0						
analyses/multiverse/results/scalar_unavailable.csv			insufficient_rows_or_targets				1149	100.0	3.0	significant	significant_response_l1_gain	huber_regression	observability	20261031.0						
analyses/multiverse/results/scalar_unavailable.csv			insufficient_rows_or_targets				1153	100.0	3.0	significant	significant_response_l1_gain	huber_regression	reproducibility	20261013.0						
analyses/multiverse/results/scalar_unavailable.csv			insufficient_rows_or_targets				1157	100.0	3.0	significant	significant_response_l1_gain	huber_regression	no_state	20260929.0						
analyses/multiverse/results/scalar_unavailable.csv			insufficient_rows_or_targets				1161	100.0	3.0	significant	significant_response_l1_gain	sparse_nonlinear	minimal	20260912.0						
analyses/multiverse/results/scalar_unavailable.csv			insufficient_rows_or_targets				1165	100.0	3.0	significant	significant_response_l1_gain	sparse_nonlinear	minimal	20261119.0						
analyses/multiverse/results/scalar_unavailable.csv			insufficient_rows_or_targets				1169	100.0	3.0	significant	significant_response_l1_gain	sparse_nonlinear	observability	20261031.0						
analyses/multiverse/results/scalar_unavailable.csv			insufficient_rows_or_targets				1173	100.0	3.0	significant	significant_response_l1_gain	sparse_nonlinear	reproducibility	20261013.0						
analyses/multiverse/results/scalar_unavailable.csv			insufficient_rows_or_targets				1177	100.0	3.0	significant	significant_response_l1_gain	sparse_nonlinear	no_state	20260929.0						
analyses/multiverse/results/scalar_unavailable.csv			insufficient_rows_or_targets				1181	100.0	3.0	significant	significant_response_l1_gain	graph_readout	minimal	20260912.0						
analyses/multiverse/results/scalar_unavailable.csv			insufficient_rows_or_targets				1185	100.0	3.0	significant	significant_response_l1_gain	graph_readout	minimal	20261119.0						
analyses/multiverse/results/scalar_unavailable.csv			insufficient_rows_or_targets				1189	100.0	3.0	significant	significant_response_l1_gain	graph_readout	observability	20261031.0						
analyses/multiverse/results/scalar_unavailable.csv			insufficient_rows_or_targets				1193	100.0	3.0	significant	significant_response_l1_gain	graph_readout	reproducibility	20261013.0						
analyses/multiverse/results/scalar_unavailable.csv			insufficient_rows_or_targets				1197	100.0	3.0	significant	significant_response_l1_gain	graph_readout	no_state	20260929.0						
analyses/multiverse/results/scalar_unavailable.csv			insufficient_rows_or_targets				1201	100.0	3.0	significant_and_absolute_z_at_least_2	distal_gene_count_residual	ridge	minimal	20260912.0						
analyses/multiverse/results/scalar_unavailable.csv			insufficient_rows_or_targets				1205	100.0	3.0	significant_and_absolute_z_at_least_2	distal_gene_count_residual	ridge	minimal	20261119.0						
analyses/multiverse/results/scalar_unavailable.csv			insufficient_rows_or_targets				1209	100.0	3.0	significant_and_absolute_z_at_least_2	distal_gene_count_residual	ridge	observability	20261031.0						
analyses/multiverse/results/scalar_unavailable.csv			insufficient_rows_or_targets				1213	100.0	3.0	significant_and_absolute_z_at_least_2	distal_gene_count_residual	ridge	reproducibility	20261013.0						
analyses/multiverse/results/scalar_unavailable.csv			insufficient_rows_or_targets				1217	100.0	3.0	significant_and_absolute_z_at_least_2	distal_gene_count_residual	ridge	no_state	20260929.0						
analyses/multiverse/results/scalar_unavailable.csv			insufficient_rows_or_targets				1221	100.0	3.0	significant_and_absolute_z_at_least_2	distal_gene_count_residual	huber_regression	minimal	20260912.0						
analyses/multiverse/results/scalar_unavailable.csv			insufficient_rows_or_targets				1225	100.0	3.0	significant_and_absolute_z_at_least_2	distal_gene_count_residual	huber_regression	minimal	20261119.0						
analyses/multiverse/results/scalar_unavailable.csv			insufficient_rows_or_targets				1229	100.0	3.0	significant_and_absolute_z_at_least_2	distal_gene_count_residual	huber_regression	observability	20261031.0						
analyses/multiverse/results/scalar_unavailable.csv			insufficient_rows_or_targets				1233	100.0	3.0	significant_and_absolute_z_at_least_2	distal_gene_count_residual	huber_regression	reproducibility	20261013.0						
analyses/multiverse/results/scalar_unavailable.csv			insufficient_rows_or_targets				1237	100.0	3.0	significant_and_absolute_z_at_least_2	distal_gene_count_residual	huber_regression	no_state	20260929.0						
analyses/multiverse/results/scalar_unavailable.csv			insufficient_rows_or_targets				1241	100.0	3.0	significant_and_absolute_z_at_least_2	distal_gene_count_residual	sparse_nonlinear	minimal	20260912.0						
analyses/multiverse/results/scalar_unavailable.csv			insufficient_rows_or_targets				1245	100.0	3.0	significant_and_absolute_z_at_least_2	distal_gene_count_residual	sparse_nonlinear	minimal	20261119.0						
analyses/multiverse/results/scalar_unavailable.csv			insufficient_rows_or_targets				1249	100.0	3.0	significant_and_absolute_z_at_least_2	distal_gene_count_residual	sparse_nonlinear	observability	20261031.0						
analyses/multiverse/results/scalar_unavailable.csv			insufficient_rows_or_targets				1253	100.0	3.0	significant_and_absolute_z_at_least_2	distal_gene_count_residual	sparse_nonlinear	reproducibility	20261013.0						
analyses/multiverse/results/scalar_unavailable.csv			insufficient_rows_or_targets				1257	100.0	3.0	significant_and_absolute_z_at_least_2	distal_gene_count_residual	sparse_nonlinear	no_state	20260929.0						
analyses/multiverse/results/scalar_unavailable.csv			insufficient_rows_or_targets				1261	100.0	3.0	significant_and_absolute_z_at_least_2	distal_gene_count_residual	graph_readout	minimal	20260912.0						
analyses/multiverse/results/scalar_unavailable.csv			insufficient_rows_or_targets				1265	100.0	3.0	significant_and_absolute_z_at_least_2	distal_gene_count_residual	graph_readout	minimal	20261119.0						
analyses/multiverse/results/scalar_unavailable.csv			insufficient_rows_or_targets				1269	100.0	3.0	significant_and_absolute_z_at_least_2	distal_gene_count_residual	graph_readout	observability	20261031.0						
analyses/multiverse/results/scalar_unavailable.csv			insufficient_rows_or_targets				1273	100.0	3.0	significant_and_absolute_z_at_least_2	distal_gene_count_residual	graph_readout	reproducibility	20261013.0						
analyses/multiverse/results/scalar_unavailable.csv			insufficient_rows_or_targets				1277	100.0	3.0	significant_and_absolute_z_at_least_2	distal_gene_count_residual	graph_readout	no_state	20260929.0						
analyses/multiverse/results/scalar_unavailable.csv			insufficient_rows_or_targets				1281	100.0	3.0	significant_and_absolute_z_at_least_2	debiased_response_l2_gain	ridge	minimal	20260912.0						
analyses/multiverse/results/scalar_unavailable.csv			insufficient_rows_or_targets				1285	100.0	3.0	significant_and_absolute_z_at_least_2	debiased_response_l2_gain	ridge	minimal	20261119.0						
analyses/multiverse/results/scalar_unavailable.csv			insufficient_rows_or_targets				1289	100.0	3.0	significant_and_absolute_z_at_least_2	debiased_response_l2_gain	ridge	observability	20261031.0						
analyses/multiverse/results/scalar_unavailable.csv			insufficient_rows_or_targets				1293	100.0	3.0	significant_and_absolute_z_at_least_2	debiased_response_l2_gain	ridge	reproducibility	20261013.0						
analyses/multiverse/results/scalar_unavailable.csv			insufficient_rows_or_targets				1297	100.0	3.0	significant_and_absolute_z_at_least_2	debiased_response_l2_gain	ridge	no_state	20260929.0						
analyses/multiverse/results/scalar_unavailable.csv			insufficient_rows_or_targets				1301	100.0	3.0	significant_and_absolute_z_at_least_2	debiased_response_l2_gain	huber_regression	minimal	20260912.0						
analyses/multiverse/results/scalar_unavailable.csv			insufficient_rows_or_targets				1305	100.0	3.0	significant_and_absolute_z_at_least_2	debiased_response_l2_gain	huber_regression	minimal	20261119.0						
analyses/multiverse/results/scalar_unavailable.csv			insufficient_rows_or_targets				1309	100.0	3.0	significant_and_absolute_z_at_least_2	debiased_response_l2_gain	huber_regression	observability	20261031.0						
analyses/multiverse/results/scalar_unavailable.csv			insufficient_rows_or_targets				1313	100.0	3.0	significant_and_absolute_z_at_least_2	debiased_response_l2_gain	huber_regression	reproducibility	20261013.0						
analyses/multiverse/results/scalar_unavailable.csv			insufficient_rows_or_targets				1317	100.0	3.0	significant_and_absolute_z_at_least_2	debiased_response_l2_gain	huber_regression	no_state	20260929.0						
analyses/multiverse/results/scalar_unavailable.csv			insufficient_rows_or_targets				1321	100.0	3.0	significant_and_absolute_z_at_least_2	debiased_response_l2_gain	sparse_nonlinear	minimal	20260912.0						
analyses/multiverse/results/scalar_unavailable.csv			insufficient_rows_or_targets				1325	100.0	3.0	significant_and_absolute_z_at_least_2	debiased_response_l2_gain	sparse_nonlinear	minimal	20261119.0						
analyses/multiverse/results/scalar_unavailable.csv			insufficient_rows_or_targets				1329	100.0	3.0	significant_and_absolute_z_at_least_2	debiased_response_l2_gain	sparse_nonlinear	observability	20261031.0						
analyses/multiverse/results/scalar_unavailable.csv			insufficient_rows_or_targets				1333	100.0	3.0	significant_and_absolute_z_at_least_2	debiased_response_l2_gain	sparse_nonlinear	reproducibility	20261013.0						
analyses/multiverse/results/scalar_unavailable.csv			insufficient_rows_or_targets				1337	100.0	3.0	significant_and_absolute_z_at_least_2	debiased_response_l2_gain	sparse_nonlinear	no_state	20260929.0						
analyses/multiverse/results/scalar_unavailable.csv			insufficient_rows_or_targets				1341	100.0	3.0	significant_and_absolute_z_at_least_2	debiased_response_l2_gain	graph_readout	minimal	20260912.0						
analyses/multiverse/results/scalar_unavailable.csv			insufficient_rows_or_targets				1345	100.0	3.0	significant_and_absolute_z_at_least_2	debiased_response_l2_gain	graph_readout	minimal	20261119.0						
analyses/multiverse/results/scalar_unavailable.csv			insufficient_rows_or_targets				1349	100.0	3.0	significant_and_absolute_z_at_least_2	debiased_response_l2_gain	graph_readout	observability	20261031.0						
analyses/multiverse/results/scalar_unavailable.csv			insufficient_rows_or_targets				1353	100.0	3.0	significant_and_absolute_z_at_least_2	debiased_response_l2_gain	graph_readout	reproducibility	20261013.0						
analyses/multiverse/results/scalar_unavailable.csv			insufficient_rows_or_targets				1357	100.0	3.0	significant_and_absolute_z_at_least_2	debiased_response_l2_gain	graph_readout	no_state	20260929.0						
analyses/multiverse/results/scalar_unavailable.csv			insufficient_rows_or_targets				1361	100.0	3.0	significant_and_absolute_z_at_least_2	significant_response_l1_gain	ridge	minimal	20260912.0						
analyses/multiverse/results/scalar_unavailable.csv			insufficient_rows_or_targets				1365	100.0	3.0	significant_and_absolute_z_at_least_2	significant_response_l1_gain	ridge	minimal	20261119.0						
analyses/multiverse/results/scalar_unavailable.csv			insufficient_rows_or_targets				1369	100.0	3.0	significant_and_absolute_z_at_least_2	significant_response_l1_gain	ridge	observability	20261031.0						
analyses/multiverse/results/scalar_unavailable.csv			insufficient_rows_or_targets				1373	100.0	3.0	significant_and_absolute_z_at_least_2	significant_response_l1_gain	ridge	reproducibility	20261013.0						
analyses/multiverse/results/scalar_unavailable.csv			insufficient_rows_or_targets				1377	100.0	3.0	significant_and_absolute_z_at_least_2	significant_response_l1_gain	ridge	no_state	20260929.0						
analyses/multiverse/results/scalar_unavailable.csv			insufficient_rows_or_targets				1381	100.0	3.0	significant_and_absolute_z_at_least_2	significant_response_l1_gain	huber_regression	minimal	20260912.0						
analyses/multiverse/results/scalar_unavailable.csv			insufficient_rows_or_targets				1385	100.0	3.0	significant_and_absolute_z_at_least_2	significant_response_l1_gain	huber_regression	minimal	20261119.0						
analyses/multiverse/results/scalar_unavailable.csv			insufficient_rows_or_targets				1389	100.0	3.0	significant_and_absolute_z_at_least_2	significant_response_l1_gain	huber_regression	observability	20261031.0						
analyses/multiverse/results/scalar_unavailable.csv			insufficient_rows_or_targets				1393	100.0	3.0	significant_and_absolute_z_at_least_2	significant_response_l1_gain	huber_regression	reproducibility	20261013.0						
analyses/multiverse/results/scalar_unavailable.csv			insufficient_rows_or_targets				1397	100.0	3.0	significant_and_absolute_z_at_least_2	significant_response_l1_gain	huber_regression	no_state	20260929.0						
analyses/multiverse/results/scalar_unavailable.csv			insufficient_rows_or_targets				1401	100.0	3.0	significant_and_absolute_z_at_least_2	significant_response_l1_gain	sparse_nonlinear	minimal	20260912.0						
analyses/multiverse/results/scalar_unavailable.csv			insufficient_rows_or_targets				1405	100.0	3.0	significant_and_absolute_z_at_least_2	significant_response_l1_gain	sparse_nonlinear	minimal	20261119.0						
analyses/multiverse/results/scalar_unavailable.csv			insufficient_rows_or_targets				1409	100.0	3.0	significant_and_absolute_z_at_least_2	significant_response_l1_gain	sparse_nonlinear	observability	20261031.0						
analyses/multiverse/results/scalar_unavailable.csv			insufficient_rows_or_targets				1413	100.0	3.0	significant_and_absolute_z_at_least_2	significant_response_l1_gain	sparse_nonlinear	reproducibility	20261013.0						
analyses/multiverse/results/scalar_unavailable.csv			insufficient_rows_or_targets				1417	100.0	3.0	significant_and_absolute_z_at_least_2	significant_response_l1_gain	sparse_nonlinear	no_state	20260929.0						
analyses/multiverse/results/scalar_unavailable.csv			insufficient_rows_or_targets				1421	100.0	3.0	significant_and_absolute_z_at_least_2	significant_response_l1_gain	graph_readout	minimal	20260912.0						
analyses/multiverse/results/scalar_unavailable.csv			insufficient_rows_or_targets				1425	100.0	3.0	significant_and_absolute_z_at_least_2	significant_response_l1_gain	graph_readout	minimal	20261119.0						
analyses/multiverse/results/scalar_unavailable.csv			insufficient_rows_or_targets				1429	100.0	3.0	significant_and_absolute_z_at_least_2	significant_response_l1_gain	graph_readout	observability	20261031.0						
analyses/multiverse/results/scalar_unavailable.csv			insufficient_rows_or_targets				1433	100.0	3.0	significant_and_absolute_z_at_least_2	significant_response_l1_gain	graph_readout	reproducibility	20261013.0						
analyses/multiverse/results/scalar_unavailable.csv			insufficient_rows_or_targets				1437	100.0	3.0	significant_and_absolute_z_at_least_2	significant_response_l1_gain	graph_readout	no_state	20260929.0						
analyses/multiverse/results/scalar_unavailable.csv			insufficient_rows_or_targets				2401	200.0	3.0	significant	distal_gene_count_residual	ridge	minimal	20260912.0						
analyses/multiverse/results/scalar_unavailable.csv			insufficient_rows_or_targets				2405	200.0	3.0	significant	distal_gene_count_residual	ridge	minimal	20261119.0						
analyses/multiverse/results/scalar_unavailable.csv			insufficient_rows_or_targets				2409	200.0	3.0	significant	distal_gene_count_residual	ridge	observability	20261031.0						
analyses/multiverse/results/scalar_unavailable.csv			insufficient_rows_or_targets				2413	200.0	3.0	significant	distal_gene_count_residual	ridge	reproducibility	20261013.0						
analyses/multiverse/results/scalar_unavailable.csv			insufficient_rows_or_targets				2417	200.0	3.0	significant	distal_gene_count_residual	ridge	no_state	20260929.0						
analyses/multiverse/results/scalar_unavailable.csv			insufficient_rows_or_targets				2421	200.0	3.0	significant	distal_gene_count_residual	huber_regression	minimal	20260912.0						
analyses/multiverse/results/scalar_unavailable.csv			insufficient_rows_or_targets				2425	200.0	3.0	significant	distal_gene_count_residual	huber_regression	minimal	20261119.0						
analyses/multiverse/results/scalar_unavailable.csv			insufficient_rows_or_targets				2429	200.0	3.0	significant	distal_gene_count_residual	huber_regression	observability	20261031.0						
analyses/multiverse/results/scalar_unavailable.csv			insufficient_rows_or_targets				2433	200.0	3.0	significant	distal_gene_count_residual	huber_regression	reproducibility	20261013.0						
analyses/multiverse/results/scalar_unavailable.csv			insufficient_rows_or_targets				2437	200.0	3.0	significant	distal_gene_count_residual	huber_regression	no_state	20260929.0						
analyses/multiverse/results/scalar_unavailable.csv			insufficient_rows_or_targets				2441	200.0	3.0	significant	distal_gene_count_residual	sparse_nonlinear	minimal	20260912.0						
analyses/multiverse/results/scalar_unavailable.csv			insufficient_rows_or_targets				2445	200.0	3.0	significant	distal_gene_count_residual	sparse_nonlinear	minimal	20261119.0						
analyses/multiverse/results/scalar_unavailable.csv			insufficient_rows_or_targets				2449	200.0	3.0	significant	distal_gene_count_residual	sparse_nonlinear	observability	20261031.0						
analyses/multiverse/results/scalar_unavailable.csv			insufficient_rows_or_targets				2453	200.0	3.0	significant	distal_gene_count_residual	sparse_nonlinear	reproducibility	20261013.0						
analyses/multiverse/results/scalar_unavailable.csv			insufficient_rows_or_targets				2457	200.0	3.0	significant	distal_gene_count_residual	sparse_nonlinear	no_state	20260929.0						
analyses/multiverse/results/scalar_unavailable.csv			insufficient_rows_or_targets				2461	200.0	3.0	significant	distal_gene_count_residual	graph_readout	minimal	20260912.0						
analyses/multiverse/results/scalar_unavailable.csv			insufficient_rows_or_targets				2465	200.0	3.0	significant	distal_gene_count_residual	graph_readout	minimal	20261119.0						
analyses/multiverse/results/scalar_unavailable.csv			insufficient_rows_or_targets				2469	200.0	3.0	significant	distal_gene_count_residual	graph_readout	observability	20261031.0						
analyses/multiverse/results/scalar_unavailable.csv			insufficient_rows_or_targets				2473	200.0	3.0	significant	distal_gene_count_residual	graph_readout	reproducibility	20261013.0						
analyses/multiverse/results/scalar_unavailable.csv			insufficient_rows_or_targets				2477	200.0	3.0	significant	distal_gene_count_residual	graph_readout	no_state	20260929.0						
analyses/multiverse/results/scalar_unavailable.csv			insufficient_rows_or_targets				2481	200.0	3.0	significant	debiased_response_l2_gain	ridge	minimal	20260912.0						
analyses/multiverse/results/scalar_unavailable.csv			insufficient_rows_or_targets				2485	200.0	3.0	significant	debiased_response_l2_gain	ridge	minimal	20261119.0						
analyses/multiverse/results/scalar_unavailable.csv			insufficient_rows_or_targets				2489	200.0	3.0	significant	debiased_response_l2_gain	ridge	observability	20261031.0						
analyses/multiverse/results/scalar_unavailable.csv			insufficient_rows_or_targets				2493	200.0	3.0	significant	debiased_response_l2_gain	ridge	reproducibility	20261013.0						
analyses/multiverse/results/scalar_unavailable.csv			insufficient_rows_or_targets				2497	200.0	3.0	significant	debiased_response_l2_gain	ridge	no_state	20260929.0						
analyses/multiverse/results/scalar_unavailable.csv			insufficient_rows_or_targets				2501	200.0	3.0	significant	debiased_response_l2_gain	huber_regression	minimal	20260912.0						
analyses/multiverse/results/scalar_unavailable.csv			insufficient_rows_or_targets				2505	200.0	3.0	significant	debiased_response_l2_gain	huber_regression	minimal	20261119.0						
analyses/multiverse/results/scalar_unavailable.csv			insufficient_rows_or_targets				2509	200.0	3.0	significant	debiased_response_l2_gain	huber_regression	observability	20261031.0						
analyses/multiverse/results/scalar_unavailable.csv			insufficient_rows_or_targets				2513	200.0	3.0	significant	debiased_response_l2_gain	huber_regression	reproducibility	20261013.0						
analyses/multiverse/results/scalar_unavailable.csv			insufficient_rows_or_targets				2517	200.0	3.0	significant	debiased_response_l2_gain	huber_regression	no_state	20260929.0						
analyses/multiverse/results/scalar_unavailable.csv			insufficient_rows_or_targets				2521	200.0	3.0	significant	debiased_response_l2_gain	sparse_nonlinear	minimal	20260912.0						
analyses/multiverse/results/scalar_unavailable.csv			insufficient_rows_or_targets				2525	200.0	3.0	significant	debiased_response_l2_gain	sparse_nonlinear	minimal	20261119.0						
analyses/multiverse/results/scalar_unavailable.csv			insufficient_rows_or_targets				2529	200.0	3.0	significant	debiased_response_l2_gain	sparse_nonlinear	observability	20261031.0						
analyses/multiverse/results/scalar_unavailable.csv			insufficient_rows_or_targets				2533	200.0	3.0	significant	debiased_response_l2_gain	sparse_nonlinear	reproducibility	20261013.0						
analyses/multiverse/results/scalar_unavailable.csv			insufficient_rows_or_targets				2537	200.0	3.0	significant	debiased_response_l2_gain	sparse_nonlinear	no_state	20260929.0						
analyses/multiverse/results/scalar_unavailable.csv			insufficient_rows_or_targets				2541	200.0	3.0	significant	debiased_response_l2_gain	graph_readout	minimal	20260912.0						
analyses/multiverse/results/scalar_unavailable.csv			insufficient_rows_or_targets				2545	200.0	3.0	significant	debiased_response_l2_gain	graph_readout	minimal	20261119.0						
analyses/multiverse/results/scalar_unavailable.csv			insufficient_rows_or_targets				2549	200.0	3.0	significant	debiased_response_l2_gain	graph_readout	observability	20261031.0						
analyses/multiverse/results/scalar_unavailable.csv			insufficient_rows_or_targets				2553	200.0	3.0	significant	debiased_response_l2_gain	graph_readout	reproducibility	20261013.0						
analyses/multiverse/results/scalar_unavailable.csv			insufficient_rows_or_targets				2557	200.0	3.0	significant	debiased_response_l2_gain	graph_readout	no_state	20260929.0						
analyses/multiverse/results/scalar_unavailable.csv			insufficient_rows_or_targets				2561	200.0	3.0	significant	significant_response_l1_gain	ridge	minimal	20260912.0						
analyses/multiverse/results/scalar_unavailable.csv			insufficient_rows_or_targets				2565	200.0	3.0	significant	significant_response_l1_gain	ridge	minimal	20261119.0						
analyses/multiverse/results/scalar_unavailable.csv			insufficient_rows_or_targets				2569	200.0	3.0	significant	significant_response_l1_gain	ridge	observability	20261031.0						
analyses/multiverse/results/scalar_unavailable.csv			insufficient_rows_or_targets				2573	200.0	3.0	significant	significant_response_l1_gain	ridge	reproducibility	20261013.0						
analyses/multiverse/results/scalar_unavailable.csv			insufficient_rows_or_targets				2577	200.0	3.0	significant	significant_response_l1_gain	ridge	no_state	20260929.0						
analyses/multiverse/results/scalar_unavailable.csv			insufficient_rows_or_targets				2581	200.0	3.0	significant	significant_response_l1_gain	huber_regression	minimal	20260912.0						
analyses/multiverse/results/scalar_unavailable.csv			insufficient_rows_or_targets				2585	200.0	3.0	significant	significant_response_l1_gain	huber_regression	minimal	20261119.0						
analyses/multiverse/results/scalar_unavailable.csv			insufficient_rows_or_targets				2589	200.0	3.0	significant	significant_response_l1_gain	huber_regression	observability	20261031.0						
analyses/multiverse/results/scalar_unavailable.csv			insufficient_rows_or_targets				2593	200.0	3.0	significant	significant_response_l1_gain	huber_regression	reproducibility	20261013.0						
analyses/multiverse/results/scalar_unavailable.csv			insufficient_rows_or_targets				2597	200.0	3.0	significant	significant_response_l1_gain	huber_regression	no_state	20260929.0						
analyses/multiverse/results/scalar_unavailable.csv			insufficient_rows_or_targets				2601	200.0	3.0	significant	significant_response_l1_gain	sparse_nonlinear	minimal	20260912.0						
analyses/multiverse/results/scalar_unavailable.csv			insufficient_rows_or_targets				2605	200.0	3.0	significant	significant_response_l1_gain	sparse_nonlinear	minimal	20261119.0						
analyses/multiverse/results/scalar_unavailable.csv			insufficient_rows_or_targets				2609	200.0	3.0	significant	significant_response_l1_gain	sparse_nonlinear	observability	20261031.0						
analyses/multiverse/results/scalar_unavailable.csv			insufficient_rows_or_targets				2613	200.0	3.0	significant	significant_response_l1_gain	sparse_nonlinear	reproducibility	20261013.0						
analyses/multiverse/results/scalar_unavailable.csv			insufficient_rows_or_targets				2617	200.0	3.0	significant	significant_response_l1_gain	sparse_nonlinear	no_state	20260929.0						
analyses/multiverse/results/scalar_unavailable.csv			insufficient_rows_or_targets				2621	200.0	3.0	significant	significant_response_l1_gain	graph_readout	minimal	20260912.0						
analyses/multiverse/results/scalar_unavailable.csv			insufficient_rows_or_targets				2625	200.0	3.0	significant	significant_response_l1_gain	graph_readout	minimal	20261119.0						
analyses/multiverse/results/scalar_unavailable.csv			insufficient_rows_or_targets				2629	200.0	3.0	significant	significant_response_l1_gain	graph_readout	observability	20261031.0						
analyses/multiverse/results/scalar_unavailable.csv			insufficient_rows_or_targets				2633	200.0	3.0	significant	significant_response_l1_gain	graph_readout	reproducibility	20261013.0						
analyses/multiverse/results/scalar_unavailable.csv			insufficient_rows_or_targets				2637	200.0	3.0	significant	significant_response_l1_gain	graph_readout	no_state	20260929.0						
analyses/multiverse/results/scalar_unavailable.csv			insufficient_rows_or_targets				2641	200.0	3.0	significant_and_absolute_z_at_least_2	distal_gene_count_residual	ridge	minimal	20260912.0						
analyses/multiverse/results/scalar_unavailable.csv			insufficient_rows_or_targets				2645	200.0	3.0	significant_and_absolute_z_at_least_2	distal_gene_count_residual	ridge	minimal	20261119.0						
analyses/multiverse/results/scalar_unavailable.csv			insufficient_rows_or_targets				2649	200.0	3.0	significant_and_absolute_z_at_least_2	distal_gene_count_residual	ridge	observability	20261031.0						
analyses/multiverse/results/scalar_unavailable.csv			insufficient_rows_or_targets				2653	200.0	3.0	significant_and_absolute_z_at_least_2	distal_gene_count_residual	ridge	reproducibility	20261013.0						
analyses/multiverse/results/scalar_unavailable.csv			insufficient_rows_or_targets				2657	200.0	3.0	significant_and_absolute_z_at_least_2	distal_gene_count_residual	ridge	no_state	20260929.0						
analyses/multiverse/results/scalar_unavailable.csv			insufficient_rows_or_targets				2661	200.0	3.0	significant_and_absolute_z_at_least_2	distal_gene_count_residual	huber_regression	minimal	20260912.0						
analyses/multiverse/results/scalar_unavailable.csv			insufficient_rows_or_targets				2665	200.0	3.0	significant_and_absolute_z_at_least_2	distal_gene_count_residual	huber_regression	minimal	20261119.0						
analyses/multiverse/results/scalar_unavailable.csv			insufficient_rows_or_targets				2669	200.0	3.0	significant_and_absolute_z_at_least_2	distal_gene_count_residual	huber_regression	observability	20261031.0						
analyses/multiverse/results/scalar_unavailable.csv			insufficient_rows_or_targets				2673	200.0	3.0	significant_and_absolute_z_at_least_2	distal_gene_count_residual	huber_regression	reproducibility	20261013.0						
analyses/multiverse/results/scalar_unavailable.csv			insufficient_rows_or_targets				2677	200.0	3.0	significant_and_absolute_z_at_least_2	distal_gene_count_residual	huber_regression	no_state	20260929.0						
analyses/multiverse/results/scalar_unavailable.csv			insufficient_rows_or_targets				2681	200.0	3.0	significant_and_absolute_z_at_least_2	distal_gene_count_residual	sparse_nonlinear	minimal	20260912.0						
analyses/multiverse/results/scalar_unavailable.csv			insufficient_rows_or_targets				2685	200.0	3.0	significant_and_absolute_z_at_least_2	distal_gene_count_residual	sparse_nonlinear	minimal	20261119.0						
analyses/multiverse/results/scalar_unavailable.csv			insufficient_rows_or_targets				2689	200.0	3.0	significant_and_absolute_z_at_least_2	distal_gene_count_residual	sparse_nonlinear	observability	20261031.0						
analyses/multiverse/results/scalar_unavailable.csv			insufficient_rows_or_targets				2693	200.0	3.0	significant_and_absolute_z_at_least_2	distal_gene_count_residual	sparse_nonlinear	reproducibility	20261013.0						
analyses/multiverse/results/scalar_unavailable.csv			insufficient_rows_or_targets				2697	200.0	3.0	significant_and_absolute_z_at_least_2	distal_gene_count_residual	sparse_nonlinear	no_state	20260929.0						
analyses/multiverse/results/scalar_unavailable.csv			insufficient_rows_or_targets				2701	200.0	3.0	significant_and_absolute_z_at_least_2	distal_gene_count_residual	graph_readout	minimal	20260912.0						
analyses/multiverse/results/scalar_unavailable.csv			insufficient_rows_or_targets				2705	200.0	3.0	significant_and_absolute_z_at_least_2	distal_gene_count_residual	graph_readout	minimal	20261119.0						
analyses/multiverse/results/scalar_unavailable.csv			insufficient_rows_or_targets				2709	200.0	3.0	significant_and_absolute_z_at_least_2	distal_gene_count_residual	graph_readout	observability	20261031.0						
analyses/multiverse/results/scalar_unavailable.csv			insufficient_rows_or_targets				2713	200.0	3.0	significant_and_absolute_z_at_least_2	distal_gene_count_residual	graph_readout	reproducibility	20261013.0						
analyses/multiverse/results/scalar_unavailable.csv			insufficient_rows_or_targets				2717	200.0	3.0	significant_and_absolute_z_at_least_2	distal_gene_count_residual	graph_readout	no_state	20260929.0						
analyses/multiverse/results/scalar_unavailable.csv			insufficient_rows_or_targets				2721	200.0	3.0	significant_and_absolute_z_at_least_2	debiased_response_l2_gain	ridge	minimal	20260912.0						
analyses/multiverse/results/scalar_unavailable.csv			insufficient_rows_or_targets				2725	200.0	3.0	significant_and_absolute_z_at_least_2	debiased_response_l2_gain	ridge	minimal	20261119.0						
analyses/multiverse/results/scalar_unavailable.csv			insufficient_rows_or_targets				2729	200.0	3.0	significant_and_absolute_z_at_least_2	debiased_response_l2_gain	ridge	observability	20261031.0						
analyses/multiverse/results/scalar_unavailable.csv			insufficient_rows_or_targets				2733	200.0	3.0	significant_and_absolute_z_at_least_2	debiased_response_l2_gain	ridge	reproducibility	20261013.0						
analyses/multiverse/results/scalar_unavailable.csv			insufficient_rows_or_targets				2737	200.0	3.0	significant_and_absolute_z_at_least_2	debiased_response_l2_gain	ridge	no_state	20260929.0						
analyses/multiverse/results/scalar_unavailable.csv			insufficient_rows_or_targets				2741	200.0	3.0	significant_and_absolute_z_at_least_2	debiased_response_l2_gain	huber_regression	minimal	20260912.0						
analyses/multiverse/results/scalar_unavailable.csv			insufficient_rows_or_targets				2745	200.0	3.0	significant_and_absolute_z_at_least_2	debiased_response_l2_gain	huber_regression	minimal	20261119.0						
analyses/multiverse/results/scalar_unavailable.csv			insufficient_rows_or_targets				2749	200.0	3.0	significant_and_absolute_z_at_least_2	debiased_response_l2_gain	huber_regression	observability	20261031.0						
analyses/multiverse/results/scalar_unavailable.csv			insufficient_rows_or_targets				2753	200.0	3.0	significant_and_absolute_z_at_least_2	debiased_response_l2_gain	huber_regression	reproducibility	20261013.0						
analyses/multiverse/results/scalar_unavailable.csv			insufficient_rows_or_targets				2757	200.0	3.0	significant_and_absolute_z_at_least_2	debiased_response_l2_gain	huber_regression	no_state	20260929.0						
analyses/multiverse/results/scalar_unavailable.csv			insufficient_rows_or_targets				2761	200.0	3.0	significant_and_absolute_z_at_least_2	debiased_response_l2_gain	sparse_nonlinear	minimal	20260912.0						
analyses/multiverse/results/scalar_unavailable.csv			insufficient_rows_or_targets				2765	200.0	3.0	significant_and_absolute_z_at_least_2	debiased_response_l2_gain	sparse_nonlinear	minimal	20261119.0						
analyses/multiverse/results/scalar_unavailable.csv			insufficient_rows_or_targets				2769	200.0	3.0	significant_and_absolute_z_at_least_2	debiased_response_l2_gain	sparse_nonlinear	observability	20261031.0						
analyses/multiverse/results/scalar_unavailable.csv			insufficient_rows_or_targets				2773	200.0	3.0	significant_and_absolute_z_at_least_2	debiased_response_l2_gain	sparse_nonlinear	reproducibility	20261013.0						
analyses/multiverse/results/scalar_unavailable.csv			insufficient_rows_or_targets				2777	200.0	3.0	significant_and_absolute_z_at_least_2	debiased_response_l2_gain	sparse_nonlinear	no_state	20260929.0						
analyses/multiverse/results/scalar_unavailable.csv			insufficient_rows_or_targets				2781	200.0	3.0	significant_and_absolute_z_at_least_2	debiased_response_l2_gain	graph_readout	minimal	20260912.0						
analyses/multiverse/results/scalar_unavailable.csv			insufficient_rows_or_targets				2785	200.0	3.0	significant_and_absolute_z_at_least_2	debiased_response_l2_gain	graph_readout	minimal	20261119.0						
analyses/multiverse/results/scalar_unavailable.csv			insufficient_rows_or_targets				2789	200.0	3.0	significant_and_absolute_z_at_least_2	debiased_response_l2_gain	graph_readout	observability	20261031.0						
analyses/multiverse/results/scalar_unavailable.csv			insufficient_rows_or_targets				2793	200.0	3.0	significant_and_absolute_z_at_least_2	debiased_response_l2_gain	graph_readout	reproducibility	20261013.0						
analyses/multiverse/results/scalar_unavailable.csv			insufficient_rows_or_targets				2797	200.0	3.0	significant_and_absolute_z_at_least_2	debiased_response_l2_gain	graph_readout	no_state	20260929.0						
analyses/multiverse/results/scalar_unavailable.csv			insufficient_rows_or_targets				2801	200.0	3.0	significant_and_absolute_z_at_least_2	significant_response_l1_gain	ridge	minimal	20260912.0						
analyses/multiverse/results/scalar_unavailable.csv			insufficient_rows_or_targets				2805	200.0	3.0	significant_and_absolute_z_at_least_2	significant_response_l1_gain	ridge	minimal	20261119.0						
analyses/multiverse/results/scalar_unavailable.csv			insufficient_rows_or_targets				2809	200.0	3.0	significant_and_absolute_z_at_least_2	significant_response_l1_gain	ridge	observability	20261031.0						
analyses/multiverse/results/scalar_unavailable.csv			insufficient_rows_or_targets				2813	200.0	3.0	significant_and_absolute_z_at_least_2	significant_response_l1_gain	ridge	reproducibility	20261013.0						
analyses/multiverse/results/scalar_unavailable.csv			insufficient_rows_or_targets				2817	200.0	3.0	significant_and_absolute_z_at_least_2	significant_response_l1_gain	ridge	no_state	20260929.0						
analyses/multiverse/results/scalar_unavailable.csv			insufficient_rows_or_targets				2821	200.0	3.0	significant_and_absolute_z_at_least_2	significant_response_l1_gain	huber_regression	minimal	20260912.0						
analyses/multiverse/results/scalar_unavailable.csv			insufficient_rows_or_targets				2825	200.0	3.0	significant_and_absolute_z_at_least_2	significant_response_l1_gain	huber_regression	minimal	20261119.0						
analyses/multiverse/results/scalar_unavailable.csv			insufficient_rows_or_targets				2829	200.0	3.0	significant_and_absolute_z_at_least_2	significant_response_l1_gain	huber_regression	observability	20261031.0						
analyses/multiverse/results/scalar_unavailable.csv			insufficient_rows_or_targets				2833	200.0	3.0	significant_and_absolute_z_at_least_2	significant_response_l1_gain	huber_regression	reproducibility	20261013.0						
analyses/multiverse/results/scalar_unavailable.csv			insufficient_rows_or_targets				2837	200.0	3.0	significant_and_absolute_z_at_least_2	significant_response_l1_gain	huber_regression	no_state	20260929.0						
analyses/multiverse/results/scalar_unavailable.csv			insufficient_rows_or_targets				2841	200.0	3.0	significant_and_absolute_z_at_least_2	significant_response_l1_gain	sparse_nonlinear	minimal	20260912.0						
analyses/multiverse/results/scalar_unavailable.csv			insufficient_rows_or_targets				2845	200.0	3.0	significant_and_absolute_z_at_least_2	significant_response_l1_gain	sparse_nonlinear	minimal	20261119.0						
analyses/multiverse/results/scalar_unavailable.csv			insufficient_rows_or_targets				2849	200.0	3.0	significant_and_absolute_z_at_least_2	significant_response_l1_gain	sparse_nonlinear	observability	20261031.0						
analyses/multiverse/results/scalar_unavailable.csv			insufficient_rows_or_targets				2853	200.0	3.0	significant_and_absolute_z_at_least_2	significant_response_l1_gain	sparse_nonlinear	reproducibility	20261013.0						
analyses/multiverse/results/scalar_unavailable.csv			insufficient_rows_or_targets				2857	200.0	3.0	significant_and_absolute_z_at_least_2	significant_response_l1_gain	sparse_nonlinear	no_state	20260929.0						
analyses/multiverse/results/scalar_unavailable.csv			insufficient_rows_or_targets				2861	200.0	3.0	significant_and_absolute_z_at_least_2	significant_response_l1_gain	graph_readout	minimal	20260912.0						
analyses/multiverse/results/scalar_unavailable.csv			insufficient_rows_or_targets				2865	200.0	3.0	significant_and_absolute_z_at_least_2	significant_response_l1_gain	graph_readout	minimal	20261119.0						
analyses/multiverse/results/scalar_unavailable.csv			insufficient_rows_or_targets				2869	200.0	3.0	significant_and_absolute_z_at_least_2	significant_response_l1_gain	graph_readout	observability	20261031.0						
analyses/multiverse/results/scalar_unavailable.csv			insufficient_rows_or_targets				2873	200.0	3.0	significant_and_absolute_z_at_least_2	significant_response_l1_gain	graph_readout	reproducibility	20261013.0						
analyses/multiverse/results/scalar_unavailable.csv			insufficient_rows_or_targets				2877	200.0	3.0	significant_and_absolute_z_at_least_2	significant_response_l1_gain	graph_readout	no_state	20260929.0						
analyses/multiverse/results/scalar_unavailable.csv			insufficient_rows_or_targets				3841	300.0	3.0	significant	distal_gene_count_residual	ridge	minimal	20260912.0						
analyses/multiverse/results/scalar_unavailable.csv			insufficient_rows_or_targets				3845	300.0	3.0	significant	distal_gene_count_residual	ridge	minimal	20261119.0						
analyses/multiverse/results/scalar_unavailable.csv			insufficient_rows_or_targets				3849	300.0	3.0	significant	distal_gene_count_residual	ridge	observability	20261031.0						
analyses/multiverse/results/scalar_unavailable.csv			insufficient_rows_or_targets				3853	300.0	3.0	significant	distal_gene_count_residual	ridge	reproducibility	20261013.0						
analyses/multiverse/results/scalar_unavailable.csv			insufficient_rows_or_targets				3857	300.0	3.0	significant	distal_gene_count_residual	ridge	no_state	20260929.0						
analyses/multiverse/results/scalar_unavailable.csv			insufficient_rows_or_targets				3861	300.0	3.0	significant	distal_gene_count_residual	huber_regression	minimal	20260912.0						
analyses/multiverse/results/scalar_unavailable.csv			insufficient_rows_or_targets				3865	300.0	3.0	significant	distal_gene_count_residual	huber_regression	minimal	20261119.0						
analyses/multiverse/results/scalar_unavailable.csv			insufficient_rows_or_targets				3869	300.0	3.0	significant	distal_gene_count_residual	huber_regression	observability	20261031.0						
analyses/multiverse/results/scalar_unavailable.csv			insufficient_rows_or_targets				3873	300.0	3.0	significant	distal_gene_count_residual	huber_regression	reproducibility	20261013.0						
analyses/multiverse/results/scalar_unavailable.csv			insufficient_rows_or_targets				3877	300.0	3.0	significant	distal_gene_count_residual	huber_regression	no_state	20260929.0						
analyses/multiverse/results/scalar_unavailable.csv			insufficient_rows_or_targets				3881	300.0	3.0	significant	distal_gene_count_residual	sparse_nonlinear	minimal	20260912.0						
analyses/multiverse/results/scalar_unavailable.csv			insufficient_rows_or_targets				3885	300.0	3.0	significant	distal_gene_count_residual	sparse_nonlinear	minimal	20261119.0						
analyses/multiverse/results/scalar_unavailable.csv			insufficient_rows_or_targets				3889	300.0	3.0	significant	distal_gene_count_residual	sparse_nonlinear	observability	20261031.0						
analyses/multiverse/results/scalar_unavailable.csv			insufficient_rows_or_targets				3893	300.0	3.0	significant	distal_gene_count_residual	sparse_nonlinear	reproducibility	20261013.0						
analyses/multiverse/results/scalar_unavailable.csv			insufficient_rows_or_targets				3897	300.0	3.0	significant	distal_gene_count_residual	sparse_nonlinear	no_state	20260929.0						
analyses/multiverse/results/scalar_unavailable.csv			insufficient_rows_or_targets				3901	300.0	3.0	significant	distal_gene_count_residual	graph_readout	minimal	20260912.0						
analyses/multiverse/results/scalar_unavailable.csv			insufficient_rows_or_targets				3905	300.0	3.0	significant	distal_gene_count_residual	graph_readout	minimal	20261119.0						
analyses/multiverse/results/scalar_unavailable.csv			insufficient_rows_or_targets				3909	300.0	3.0	significant	distal_gene_count_residual	graph_readout	observability	20261031.0						
analyses/multiverse/results/scalar_unavailable.csv			insufficient_rows_or_targets				3913	300.0	3.0	significant	distal_gene_count_residual	graph_readout	reproducibility	20261013.0						
analyses/multiverse/results/scalar_unavailable.csv			insufficient_rows_or_targets				3917	300.0	3.0	significant	distal_gene_count_residual	graph_readout	no_state	20260929.0						
analyses/multiverse/results/scalar_unavailable.csv			insufficient_rows_or_targets				3921	300.0	3.0	significant	debiased_response_l2_gain	ridge	minimal	20260912.0						
analyses/multiverse/results/scalar_unavailable.csv			insufficient_rows_or_targets				3925	300.0	3.0	significant	debiased_response_l2_gain	ridge	minimal	20261119.0						
analyses/multiverse/results/scalar_unavailable.csv			insufficient_rows_or_targets				3929	300.0	3.0	significant	debiased_response_l2_gain	ridge	observability	20261031.0						
analyses/multiverse/results/scalar_unavailable.csv			insufficient_rows_or_targets				3933	300.0	3.0	significant	debiased_response_l2_gain	ridge	reproducibility	20261013.0						
analyses/multiverse/results/scalar_unavailable.csv			insufficient_rows_or_targets				3937	300.0	3.0	significant	debiased_response_l2_gain	ridge	no_state	20260929.0						
analyses/multiverse/results/scalar_unavailable.csv			insufficient_rows_or_targets				3941	300.0	3.0	significant	debiased_response_l2_gain	huber_regression	minimal	20260912.0						
analyses/multiverse/results/scalar_unavailable.csv			insufficient_rows_or_targets				3945	300.0	3.0	significant	debiased_response_l2_gain	huber_regression	minimal	20261119.0						
analyses/multiverse/results/scalar_unavailable.csv			insufficient_rows_or_targets				3949	300.0	3.0	significant	debiased_response_l2_gain	huber_regression	observability	20261031.0						
analyses/multiverse/results/scalar_unavailable.csv			insufficient_rows_or_targets				3953	300.0	3.0	significant	debiased_response_l2_gain	huber_regression	reproducibility	20261013.0						
analyses/multiverse/results/scalar_unavailable.csv			insufficient_rows_or_targets				3957	300.0	3.0	significant	debiased_response_l2_gain	huber_regression	no_state	20260929.0						
analyses/multiverse/results/scalar_unavailable.csv			insufficient_rows_or_targets				3961	300.0	3.0	significant	debiased_response_l2_gain	sparse_nonlinear	minimal	20260912.0						
analyses/multiverse/results/scalar_unavailable.csv			insufficient_rows_or_targets				3965	300.0	3.0	significant	debiased_response_l2_gain	sparse_nonlinear	minimal	20261119.0						
analyses/multiverse/results/scalar_unavailable.csv			insufficient_rows_or_targets				3969	300.0	3.0	significant	debiased_response_l2_gain	sparse_nonlinear	observability	20261031.0						
analyses/multiverse/results/scalar_unavailable.csv			insufficient_rows_or_targets				3973	300.0	3.0	significant	debiased_response_l2_gain	sparse_nonlinear	reproducibility	20261013.0						
analyses/multiverse/results/scalar_unavailable.csv			insufficient_rows_or_targets				3977	300.0	3.0	significant	debiased_response_l2_gain	sparse_nonlinear	no_state	20260929.0						
analyses/multiverse/results/scalar_unavailable.csv			insufficient_rows_or_targets				3981	300.0	3.0	significant	debiased_response_l2_gain	graph_readout	minimal	20260912.0						
analyses/multiverse/results/scalar_unavailable.csv			insufficient_rows_or_targets				3985	300.0	3.0	significant	debiased_response_l2_gain	graph_readout	minimal	20261119.0						
analyses/multiverse/results/scalar_unavailable.csv			insufficient_rows_or_targets				3989	300.0	3.0	significant	debiased_response_l2_gain	graph_readout	observability	20261031.0						
analyses/multiverse/results/scalar_unavailable.csv			insufficient_rows_or_targets				3993	300.0	3.0	significant	debiased_response_l2_gain	graph_readout	reproducibility	20261013.0						
analyses/multiverse/results/scalar_unavailable.csv			insufficient_rows_or_targets				3997	300.0	3.0	significant	debiased_response_l2_gain	graph_readout	no_state	20260929.0						
analyses/multiverse/results/scalar_unavailable.csv			insufficient_rows_or_targets				4001	300.0	3.0	significant	significant_response_l1_gain	ridge	minimal	20260912.0						
analyses/multiverse/results/scalar_unavailable.csv			insufficient_rows_or_targets				4005	300.0	3.0	significant	significant_response_l1_gain	ridge	minimal	20261119.0						
analyses/multiverse/results/scalar_unavailable.csv			insufficient_rows_or_targets				4009	300.0	3.0	significant	significant_response_l1_gain	ridge	observability	20261031.0						
analyses/multiverse/results/scalar_unavailable.csv			insufficient_rows_or_targets				4013	300.0	3.0	significant	significant_response_l1_gain	ridge	reproducibility	20261013.0						
analyses/multiverse/results/scalar_unavailable.csv			insufficient_rows_or_targets				4017	300.0	3.0	significant	significant_response_l1_gain	ridge	no_state	20260929.0						
analyses/multiverse/results/scalar_unavailable.csv			insufficient_rows_or_targets				4021	300.0	3.0	significant	significant_response_l1_gain	huber_regression	minimal	20260912.0						
analyses/multiverse/results/scalar_unavailable.csv			insufficient_rows_or_targets				4025	300.0	3.0	significant	significant_response_l1_gain	huber_regression	minimal	20261119.0						
analyses/multiverse/results/scalar_unavailable.csv			insufficient_rows_or_targets				4029	300.0	3.0	significant	significant_response_l1_gain	huber_regression	observability	20261031.0						
analyses/multiverse/results/scalar_unavailable.csv			insufficient_rows_or_targets				4033	300.0	3.0	significant	significant_response_l1_gain	huber_regression	reproducibility	20261013.0						
analyses/multiverse/results/scalar_unavailable.csv			insufficient_rows_or_targets				4037	300.0	3.0	significant	significant_response_l1_gain	huber_regression	no_state	20260929.0						
analyses/multiverse/results/scalar_unavailable.csv			insufficient_rows_or_targets				4041	300.0	3.0	significant	significant_response_l1_gain	sparse_nonlinear	minimal	20260912.0						
analyses/multiverse/results/scalar_unavailable.csv			insufficient_rows_or_targets				4045	300.0	3.0	significant	significant_response_l1_gain	sparse_nonlinear	minimal	20261119.0						
analyses/multiverse/results/scalar_unavailable.csv			insufficient_rows_or_targets				4049	300.0	3.0	significant	significant_response_l1_gain	sparse_nonlinear	observability	20261031.0						
analyses/multiverse/results/scalar_unavailable.csv			insufficient_rows_or_targets				4053	300.0	3.0	significant	significant_response_l1_gain	sparse_nonlinear	reproducibility	20261013.0						
analyses/multiverse/results/scalar_unavailable.csv			insufficient_rows_or_targets				4057	300.0	3.0	significant	significant_response_l1_gain	sparse_nonlinear	no_state	20260929.0						
analyses/multiverse/results/scalar_unavailable.csv			insufficient_rows_or_targets				4061	300.0	3.0	significant	significant_response_l1_gain	graph_readout	minimal	20260912.0						
analyses/multiverse/results/scalar_unavailable.csv			insufficient_rows_or_targets				4065	300.0	3.0	significant	significant_response_l1_gain	graph_readout	minimal	20261119.0						
analyses/multiverse/results/scalar_unavailable.csv			insufficient_rows_or_targets				4069	300.0	3.0	significant	significant_response_l1_gain	graph_readout	observability	20261031.0						
analyses/multiverse/results/scalar_unavailable.csv			insufficient_rows_or_targets				4073	300.0	3.0	significant	significant_response_l1_gain	graph_readout	reproducibility	20261013.0						
analyses/multiverse/results/scalar_unavailable.csv			insufficient_rows_or_targets				4077	300.0	3.0	significant	significant_response_l1_gain	graph_readout	no_state	20260929.0						
analyses/multiverse/results/scalar_unavailable.csv			insufficient_rows_or_targets				4081	300.0	3.0	significant_and_absolute_z_at_least_2	distal_gene_count_residual	ridge	minimal	20260912.0						
analyses/multiverse/results/scalar_unavailable.csv			insufficient_rows_or_targets				4085	300.0	3.0	significant_and_absolute_z_at_least_2	distal_gene_count_residual	ridge	minimal	20261119.0						
analyses/multiverse/results/scalar_unavailable.csv			insufficient_rows_or_targets				4089	300.0	3.0	significant_and_absolute_z_at_least_2	distal_gene_count_residual	ridge	observability	20261031.0						
analyses/multiverse/results/scalar_unavailable.csv			insufficient_rows_or_targets				4093	300.0	3.0	significant_and_absolute_z_at_least_2	distal_gene_count_residual	ridge	reproducibility	20261013.0						
analyses/multiverse/results/scalar_unavailable.csv			insufficient_rows_or_targets				4097	300.0	3.0	significant_and_absolute_z_at_least_2	distal_gene_count_residual	ridge	no_state	20260929.0						
analyses/multiverse/results/scalar_unavailable.csv			insufficient_rows_or_targets				4101	300.0	3.0	significant_and_absolute_z_at_least_2	distal_gene_count_residual	huber_regression	minimal	20260912.0						
analyses/multiverse/results/scalar_unavailable.csv			insufficient_rows_or_targets				4105	300.0	3.0	significant_and_absolute_z_at_least_2	distal_gene_count_residual	huber_regression	minimal	20261119.0						
analyses/multiverse/results/scalar_unavailable.csv			insufficient_rows_or_targets				4109	300.0	3.0	significant_and_absolute_z_at_least_2	distal_gene_count_residual	huber_regression	observability	20261031.0						
analyses/multiverse/results/scalar_unavailable.csv			insufficient_rows_or_targets				4113	300.0	3.0	significant_and_absolute_z_at_least_2	distal_gene_count_residual	huber_regression	reproducibility	20261013.0						
analyses/multiverse/results/scalar_unavailable.csv			insufficient_rows_or_targets				4117	300.0	3.0	significant_and_absolute_z_at_least_2	distal_gene_count_residual	huber_regression	no_state	20260929.0						
analyses/multiverse/results/scalar_unavailable.csv			insufficient_rows_or_targets				4121	300.0	3.0	significant_and_absolute_z_at_least_2	distal_gene_count_residual	sparse_nonlinear	minimal	20260912.0						
analyses/multiverse/results/scalar_unavailable.csv			insufficient_rows_or_targets				4125	300.0	3.0	significant_and_absolute_z_at_least_2	distal_gene_count_residual	sparse_nonlinear	minimal	20261119.0						
analyses/multiverse/results/scalar_unavailable.csv			insufficient_rows_or_targets				4129	300.0	3.0	significant_and_absolute_z_at_least_2	distal_gene_count_residual	sparse_nonlinear	observability	20261031.0						
analyses/multiverse/results/scalar_unavailable.csv			insufficient_rows_or_targets				4133	300.0	3.0	significant_and_absolute_z_at_least_2	distal_gene_count_residual	sparse_nonlinear	reproducibility	20261013.0						
analyses/multiverse/results/scalar_unavailable.csv			insufficient_rows_or_targets				4137	300.0	3.0	significant_and_absolute_z_at_least_2	distal_gene_count_residual	sparse_nonlinear	no_state	20260929.0						
analyses/multiverse/results/scalar_unavailable.csv			insufficient_rows_or_targets				4141	300.0	3.0	significant_and_absolute_z_at_least_2	distal_gene_count_residual	graph_readout	minimal	20260912.0						
analyses/multiverse/results/scalar_unavailable.csv			insufficient_rows_or_targets				4145	300.0	3.0	significant_and_absolute_z_at_least_2	distal_gene_count_residual	graph_readout	minimal	20261119.0						
analyses/multiverse/results/scalar_unavailable.csv			insufficient_rows_or_targets				4149	300.0	3.0	significant_and_absolute_z_at_least_2	distal_gene_count_residual	graph_readout	observability	20261031.0						
analyses/multiverse/results/scalar_unavailable.csv			insufficient_rows_or_targets				4153	300.0	3.0	significant_and_absolute_z_at_least_2	distal_gene_count_residual	graph_readout	reproducibility	20261013.0						
analyses/multiverse/results/scalar_unavailable.csv			insufficient_rows_or_targets				4157	300.0	3.0	significant_and_absolute_z_at_least_2	distal_gene_count_residual	graph_readout	no_state	20260929.0						
analyses/multiverse/results/scalar_unavailable.csv			insufficient_rows_or_targets				4161	300.0	3.0	significant_and_absolute_z_at_least_2	debiased_response_l2_gain	ridge	minimal	20260912.0						
analyses/multiverse/results/scalar_unavailable.csv			insufficient_rows_or_targets				4165	300.0	3.0	significant_and_absolute_z_at_least_2	debiased_response_l2_gain	ridge	minimal	20261119.0						
analyses/multiverse/results/scalar_unavailable.csv			insufficient_rows_or_targets				4169	300.0	3.0	significant_and_absolute_z_at_least_2	debiased_response_l2_gain	ridge	observability	20261031.0						
analyses/multiverse/results/scalar_unavailable.csv			insufficient_rows_or_targets				4173	300.0	3.0	significant_and_absolute_z_at_least_2	debiased_response_l2_gain	ridge	reproducibility	20261013.0						
analyses/multiverse/results/scalar_unavailable.csv			insufficient_rows_or_targets				4177	300.0	3.0	significant_and_absolute_z_at_least_2	debiased_response_l2_gain	ridge	no_state	20260929.0						
analyses/multiverse/results/scalar_unavailable.csv			insufficient_rows_or_targets				4181	300.0	3.0	significant_and_absolute_z_at_least_2	debiased_response_l2_gain	huber_regression	minimal	20260912.0						
analyses/multiverse/results/scalar_unavailable.csv			insufficient_rows_or_targets				4185	300.0	3.0	significant_and_absolute_z_at_least_2	debiased_response_l2_gain	huber_regression	minimal	20261119.0						
analyses/multiverse/results/scalar_unavailable.csv			insufficient_rows_or_targets				4189	300.0	3.0	significant_and_absolute_z_at_least_2	debiased_response_l2_gain	huber_regression	observability	20261031.0						
analyses/multiverse/results/scalar_unavailable.csv			insufficient_rows_or_targets				4193	300.0	3.0	significant_and_absolute_z_at_least_2	debiased_response_l2_gain	huber_regression	reproducibility	20261013.0						
analyses/multiverse/results/scalar_unavailable.csv			insufficient_rows_or_targets				4197	300.0	3.0	significant_and_absolute_z_at_least_2	debiased_response_l2_gain	huber_regression	no_state	20260929.0						
analyses/multiverse/results/scalar_unavailable.csv			insufficient_rows_or_targets				4201	300.0	3.0	significant_and_absolute_z_at_least_2	debiased_response_l2_gain	sparse_nonlinear	minimal	20260912.0						
analyses/multiverse/results/scalar_unavailable.csv			insufficient_rows_or_targets				4205	300.0	3.0	significant_and_absolute_z_at_least_2	debiased_response_l2_gain	sparse_nonlinear	minimal	20261119.0						
analyses/multiverse/results/scalar_unavailable.csv			insufficient_rows_or_targets				4209	300.0	3.0	significant_and_absolute_z_at_least_2	debiased_response_l2_gain	sparse_nonlinear	observability	20261031.0						
analyses/multiverse/results/scalar_unavailable.csv			insufficient_rows_or_targets				4213	300.0	3.0	significant_and_absolute_z_at_least_2	debiased_response_l2_gain	sparse_nonlinear	reproducibility	20261013.0						
analyses/multiverse/results/scalar_unavailable.csv			insufficient_rows_or_targets				4217	300.0	3.0	significant_and_absolute_z_at_least_2	debiased_response_l2_gain	sparse_nonlinear	no_state	20260929.0						
analyses/multiverse/results/scalar_unavailable.csv			insufficient_rows_or_targets				4221	300.0	3.0	significant_and_absolute_z_at_least_2	debiased_response_l2_gain	graph_readout	minimal	20260912.0						
analyses/multiverse/results/scalar_unavailable.csv			insufficient_rows_or_targets				4225	300.0	3.0	significant_and_absolute_z_at_least_2	debiased_response_l2_gain	graph_readout	minimal	20261119.0						
analyses/multiverse/results/scalar_unavailable.csv			insufficient_rows_or_targets				4229	300.0	3.0	significant_and_absolute_z_at_least_2	debiased_response_l2_gain	graph_readout	observability	20261031.0						
analyses/multiverse/results/scalar_unavailable.csv			insufficient_rows_or_targets				4233	300.0	3.0	significant_and_absolute_z_at_least_2	debiased_response_l2_gain	graph_readout	reproducibility	20261013.0						
analyses/multiverse/results/scalar_unavailable.csv			insufficient_rows_or_targets				4237	300.0	3.0	significant_and_absolute_z_at_least_2	debiased_response_l2_gain	graph_readout	no_state	20260929.0						
analyses/multiverse/results/scalar_unavailable.csv			insufficient_rows_or_targets				4241	300.0	3.0	significant_and_absolute_z_at_least_2	significant_response_l1_gain	ridge	minimal	20260912.0						
analyses/multiverse/results/scalar_unavailable.csv			insufficient_rows_or_targets				4245	300.0	3.0	significant_and_absolute_z_at_least_2	significant_response_l1_gain	ridge	minimal	20261119.0						
analyses/multiverse/results/scalar_unavailable.csv			insufficient_rows_or_targets				4249	300.0	3.0	significant_and_absolute_z_at_least_2	significant_response_l1_gain	ridge	observability	20261031.0						
analyses/multiverse/results/scalar_unavailable.csv			insufficient_rows_or_targets				4253	300.0	3.0	significant_and_absolute_z_at_least_2	significant_response_l1_gain	ridge	reproducibility	20261013.0						
analyses/multiverse/results/scalar_unavailable.csv			insufficient_rows_or_targets				4257	300.0	3.0	significant_and_absolute_z_at_least_2	significant_response_l1_gain	ridge	no_state	20260929.0						
analyses/multiverse/results/scalar_unavailable.csv			insufficient_rows_or_targets				4261	300.0	3.0	significant_and_absolute_z_at_least_2	significant_response_l1_gain	huber_regression	minimal	20260912.0						
analyses/multiverse/results/scalar_unavailable.csv			insufficient_rows_or_targets				4265	300.0	3.0	significant_and_absolute_z_at_least_2	significant_response_l1_gain	huber_regression	minimal	20261119.0						
analyses/multiverse/results/scalar_unavailable.csv			insufficient_rows_or_targets				4269	300.0	3.0	significant_and_absolute_z_at_least_2	significant_response_l1_gain	huber_regression	observability	20261031.0						
analyses/multiverse/results/scalar_unavailable.csv			insufficient_rows_or_targets				4273	300.0	3.0	significant_and_absolute_z_at_least_2	significant_response_l1_gain	huber_regression	reproducibility	20261013.0						
analyses/multiverse/results/scalar_unavailable.csv			insufficient_rows_or_targets				4277	300.0	3.0	significant_and_absolute_z_at_least_2	significant_response_l1_gain	huber_regression	no_state	20260929.0						
analyses/multiverse/results/scalar_unavailable.csv			insufficient_rows_or_targets				4281	300.0	3.0	significant_and_absolute_z_at_least_2	significant_response_l1_gain	sparse_nonlinear	minimal	20260912.0						
analyses/multiverse/results/scalar_unavailable.csv			insufficient_rows_or_targets				4285	300.0	3.0	significant_and_absolute_z_at_least_2	significant_response_l1_gain	sparse_nonlinear	minimal	20261119.0						
analyses/multiverse/results/scalar_unavailable.csv			insufficient_rows_or_targets				4289	300.0	3.0	significant_and_absolute_z_at_least_2	significant_response_l1_gain	sparse_nonlinear	observability	20261031.0						
analyses/multiverse/results/scalar_unavailable.csv			insufficient_rows_or_targets				4293	300.0	3.0	significant_and_absolute_z_at_least_2	significant_response_l1_gain	sparse_nonlinear	reproducibility	20261013.0						
analyses/multiverse/results/scalar_unavailable.csv			insufficient_rows_or_targets				4297	300.0	3.0	significant_and_absolute_z_at_least_2	significant_response_l1_gain	sparse_nonlinear	no_state	20260929.0						
analyses/multiverse/results/scalar_unavailable.csv			insufficient_rows_or_targets				4301	300.0	3.0	significant_and_absolute_z_at_least_2	significant_response_l1_gain	graph_readout	minimal	20260912.0						
analyses/multiverse/results/scalar_unavailable.csv			insufficient_rows_or_targets				4305	300.0	3.0	significant_and_absolute_z_at_least_2	significant_response_l1_gain	graph_readout	minimal	20261119.0						
analyses/multiverse/results/scalar_unavailable.csv			insufficient_rows_or_targets				4309	300.0	3.0	significant_and_absolute_z_at_least_2	significant_response_l1_gain	graph_readout	observability	20261031.0						
analyses/multiverse/results/scalar_unavailable.csv			insufficient_rows_or_targets				4313	300.0	3.0	significant_and_absolute_z_at_least_2	significant_response_l1_gain	graph_readout	reproducibility	20261013.0						
analyses/multiverse/results/scalar_unavailable.csv			insufficient_rows_or_targets				4317	300.0	3.0	significant_and_absolute_z_at_least_2	significant_response_l1_gain	graph_readout	no_state	20260929.0						
analyses/multiverse/results/scalar_unavailable.csv			insufficient_rows_or_targets				962	100.0	3.0	significant	distal_gene_count_residual	ridge	minimal	20260929.0						
analyses/multiverse/results/scalar_unavailable.csv			insufficient_rows_or_targets				966	100.0	3.0	significant	distal_gene_count_residual	ridge	observability	20260912.0						
analyses/multiverse/results/scalar_unavailable.csv			insufficient_rows_or_targets				970	100.0	3.0	significant	distal_gene_count_residual	ridge	observability	20261119.0						
analyses/multiverse/results/scalar_unavailable.csv			insufficient_rows_or_targets				974	100.0	3.0	significant	distal_gene_count_residual	ridge	reproducibility	20261031.0						
analyses/multiverse/results/scalar_unavailable.csv			insufficient_rows_or_targets				978	100.0	3.0	significant	distal_gene_count_residual	ridge	no_state	20261013.0						
analyses/multiverse/results/scalar_unavailable.csv			insufficient_rows_or_targets				982	100.0	3.0	significant	distal_gene_count_residual	huber_regression	minimal	20260929.0						
analyses/multiverse/results/scalar_unavailable.csv			insufficient_rows_or_targets				986	100.0	3.0	significant	distal_gene_count_residual	huber_regression	observability	20260912.0						
analyses/multiverse/results/scalar_unavailable.csv			insufficient_rows_or_targets				990	100.0	3.0	significant	distal_gene_count_residual	huber_regression	observability	20261119.0						
analyses/multiverse/results/scalar_unavailable.csv			insufficient_rows_or_targets				994	100.0	3.0	significant	distal_gene_count_residual	huber_regression	reproducibility	20261031.0						
analyses/multiverse/results/scalar_unavailable.csv			insufficient_rows_or_targets				998	100.0	3.0	significant	distal_gene_count_residual	huber_regression	no_state	20261013.0						
analyses/multiverse/results/scalar_unavailable.csv			insufficient_rows_or_targets				1002	100.0	3.0	significant	distal_gene_count_residual	sparse_nonlinear	minimal	20260929.0						
analyses/multiverse/results/scalar_unavailable.csv			insufficient_rows_or_targets				1006	100.0	3.0	significant	distal_gene_count_residual	sparse_nonlinear	observability	20260912.0						
analyses/multiverse/results/scalar_unavailable.csv			insufficient_rows_or_targets				1010	100.0	3.0	significant	distal_gene_count_residual	sparse_nonlinear	observability	20261119.0						
analyses/multiverse/results/scalar_unavailable.csv			insufficient_rows_or_targets				1014	100.0	3.0	significant	distal_gene_count_residual	sparse_nonlinear	reproducibility	20261031.0						
analyses/multiverse/results/scalar_unavailable.csv			insufficient_rows_or_targets				1018	100.0	3.0	significant	distal_gene_count_residual	sparse_nonlinear	no_state	20261013.0						
analyses/multiverse/results/scalar_unavailable.csv			insufficient_rows_or_targets				1022	100.0	3.0	significant	distal_gene_count_residual	graph_readout	minimal	20260929.0						
analyses/multiverse/results/scalar_unavailable.csv			insufficient_rows_or_targets				1026	100.0	3.0	significant	distal_gene_count_residual	graph_readout	observability	20260912.0						
analyses/multiverse/results/scalar_unavailable.csv			insufficient_rows_or_targets				1030	100.0	3.0	significant	distal_gene_count_residual	graph_readout	observability	20261119.0						
analyses/multiverse/results/scalar_unavailable.csv			insufficient_rows_or_targets				1034	100.0	3.0	significant	distal_gene_count_residual	graph_readout	reproducibility	20261031.0						
analyses/multiverse/results/scalar_unavailable.csv			insufficient_rows_or_targets				1038	100.0	3.0	significant	distal_gene_count_residual	graph_readout	no_state	20261013.0						
analyses/multiverse/results/scalar_unavailable.csv			insufficient_rows_or_targets				1042	100.0	3.0	significant	debiased_response_l2_gain	ridge	minimal	20260929.0						
analyses/multiverse/results/scalar_unavailable.csv			insufficient_rows_or_targets				1046	100.0	3.0	significant	debiased_response_l2_gain	ridge	observability	20260912.0						
analyses/multiverse/results/scalar_unavailable.csv			insufficient_rows_or_targets				1050	100.0	3.0	significant	debiased_response_l2_gain	ridge	observability	20261119.0						
analyses/multiverse/results/scalar_unavailable.csv			insufficient_rows_or_targets				1054	100.0	3.0	significant	debiased_response_l2_gain	ridge	reproducibility	20261031.0						
analyses/multiverse/results/scalar_unavailable.csv			insufficient_rows_or_targets				1058	100.0	3.0	significant	debiased_response_l2_gain	ridge	no_state	20261013.0						
analyses/multiverse/results/scalar_unavailable.csv			insufficient_rows_or_targets				1062	100.0	3.0	significant	debiased_response_l2_gain	huber_regression	minimal	20260929.0						
analyses/multiverse/results/scalar_unavailable.csv			insufficient_rows_or_targets				1066	100.0	3.0	significant	debiased_response_l2_gain	huber_regression	observability	20260912.0						
analyses/multiverse/results/scalar_unavailable.csv			insufficient_rows_or_targets				1070	100.0	3.0	significant	debiased_response_l2_gain	huber_regression	observability	20261119.0						
analyses/multiverse/results/scalar_unavailable.csv			insufficient_rows_or_targets				1074	100.0	3.0	significant	debiased_response_l2_gain	huber_regression	reproducibility	20261031.0						
analyses/multiverse/results/scalar_unavailable.csv			insufficient_rows_or_targets				1078	100.0	3.0	significant	debiased_response_l2_gain	huber_regression	no_state	20261013.0						
analyses/multiverse/results/scalar_unavailable.csv			insufficient_rows_or_targets				1082	100.0	3.0	significant	debiased_response_l2_gain	sparse_nonlinear	minimal	20260929.0						
analyses/multiverse/results/scalar_unavailable.csv			insufficient_rows_or_targets				1086	100.0	3.0	significant	debiased_response_l2_gain	sparse_nonlinear	observability	20260912.0						
analyses/multiverse/results/scalar_unavailable.csv			insufficient_rows_or_targets				1090	100.0	3.0	significant	debiased_response_l2_gain	sparse_nonlinear	observability	20261119.0						
analyses/multiverse/results/scalar_unavailable.csv			insufficient_rows_or_targets				1094	100.0	3.0	significant	debiased_response_l2_gain	sparse_nonlinear	reproducibility	20261031.0						
analyses/multiverse/results/scalar_unavailable.csv			insufficient_rows_or_targets				1098	100.0	3.0	significant	debiased_response_l2_gain	sparse_nonlinear	no_state	20261013.0						
analyses/multiverse/results/scalar_unavailable.csv			insufficient_rows_or_targets				1102	100.0	3.0	significant	debiased_response_l2_gain	graph_readout	minimal	20260929.0						
analyses/multiverse/results/scalar_unavailable.csv			insufficient_rows_or_targets				1106	100.0	3.0	significant	debiased_response_l2_gain	graph_readout	observability	20260912.0						
analyses/multiverse/results/scalar_unavailable.csv			insufficient_rows_or_targets				1110	100.0	3.0	significant	debiased_response_l2_gain	graph_readout	observability	20261119.0						
analyses/multiverse/results/scalar_unavailable.csv			insufficient_rows_or_targets				1114	100.0	3.0	significant	debiased_response_l2_gain	graph_readout	reproducibility	20261031.0						
analyses/multiverse/results/scalar_unavailable.csv			insufficient_rows_or_targets				1118	100.0	3.0	significant	debiased_response_l2_gain	graph_readout	no_state	20261013.0						
analyses/multiverse/results/scalar_unavailable.csv			insufficient_rows_or_targets				1122	100.0	3.0	significant	significant_response_l1_gain	ridge	minimal	20260929.0						
analyses/multiverse/results/scalar_unavailable.csv			insufficient_rows_or_targets				1126	100.0	3.0	significant	significant_response_l1_gain	ridge	observability	20260912.0						
analyses/multiverse/results/scalar_unavailable.csv			insufficient_rows_or_targets				1130	100.0	3.0	significant	significant_response_l1_gain	ridge	observability	20261119.0						
analyses/multiverse/results/scalar_unavailable.csv			insufficient_rows_or_targets				1134	100.0	3.0	significant	significant_response_l1_gain	ridge	reproducibility	20261031.0						
analyses/multiverse/results/scalar_unavailable.csv			insufficient_rows_or_targets				1138	100.0	3.0	significant	significant_response_l1_gain	ridge	no_state	20261013.0						
analyses/multiverse/results/scalar_unavailable.csv			insufficient_rows_or_targets				1142	100.0	3.0	significant	significant_response_l1_gain	huber_regression	minimal	20260929.0						
analyses/multiverse/results/scalar_unavailable.csv			insufficient_rows_or_targets				1146	100.0	3.0	significant	significant_response_l1_gain	huber_regression	observability	20260912.0						
analyses/multiverse/results/scalar_unavailable.csv			insufficient_rows_or_targets				1150	100.0	3.0	significant	significant_response_l1_gain	huber_regression	observability	20261119.0						
analyses/multiverse/results/scalar_unavailable.csv			insufficient_rows_or_targets				1154	100.0	3.0	significant	significant_response_l1_gain	huber_regression	reproducibility	20261031.0						
analyses/multiverse/results/scalar_unavailable.csv			insufficient_rows_or_targets				1158	100.0	3.0	significant	significant_response_l1_gain	huber_regression	no_state	20261013.0						
analyses/multiverse/results/scalar_unavailable.csv			insufficient_rows_or_targets				1162	100.0	3.0	significant	significant_response_l1_gain	sparse_nonlinear	minimal	20260929.0						
analyses/multiverse/results/scalar_unavailable.csv			insufficient_rows_or_targets				1166	100.0	3.0	significant	significant_response_l1_gain	sparse_nonlinear	observability	20260912.0						
analyses/multiverse/results/scalar_unavailable.csv			insufficient_rows_or_targets				1170	100.0	3.0	significant	significant_response_l1_gain	sparse_nonlinear	observability	20261119.0						
analyses/multiverse/results/scalar_unavailable.csv			insufficient_rows_or_targets				1174	100.0	3.0	significant	significant_response_l1_gain	sparse_nonlinear	reproducibility	20261031.0						
analyses/multiverse/results/scalar_unavailable.csv			insufficient_rows_or_targets				1178	100.0	3.0	significant	significant_response_l1_gain	sparse_nonlinear	no_state	20261013.0						
analyses/multiverse/results/scalar_unavailable.csv			insufficient_rows_or_targets				1182	100.0	3.0	significant	significant_response_l1_gain	graph_readout	minimal	20260929.0						
analyses/multiverse/results/scalar_unavailable.csv			insufficient_rows_or_targets				1186	100.0	3.0	significant	significant_response_l1_gain	graph_readout	observability	20260912.0						
analyses/multiverse/results/scalar_unavailable.csv			insufficient_rows_or_targets				1190	100.0	3.0	significant	significant_response_l1_gain	graph_readout	observability	20261119.0						
analyses/multiverse/results/scalar_unavailable.csv			insufficient_rows_or_targets				1194	100.0	3.0	significant	significant_response_l1_gain	graph_readout	reproducibility	20261031.0						
analyses/multiverse/results/scalar_unavailable.csv			insufficient_rows_or_targets				1198	100.0	3.0	significant	significant_response_l1_gain	graph_readout	no_state	20261013.0						
analyses/multiverse/results/scalar_unavailable.csv			insufficient_rows_or_targets				1202	100.0	3.0	significant_and_absolute_z_at_least_2	distal_gene_count_residual	ridge	minimal	20260929.0						
analyses/multiverse/results/scalar_unavailable.csv			insufficient_rows_or_targets				1206	100.0	3.0	significant_and_absolute_z_at_least_2	distal_gene_count_residual	ridge	observability	20260912.0						
analyses/multiverse/results/scalar_unavailable.csv			insufficient_rows_or_targets				1210	100.0	3.0	significant_and_absolute_z_at_least_2	distal_gene_count_residual	ridge	observability	20261119.0						
analyses/multiverse/results/scalar_unavailable.csv			insufficient_rows_or_targets				1214	100.0	3.0	significant_and_absolute_z_at_least_2	distal_gene_count_residual	ridge	reproducibility	20261031.0						
analyses/multiverse/results/scalar_unavailable.csv			insufficient_rows_or_targets				1218	100.0	3.0	significant_and_absolute_z_at_least_2	distal_gene_count_residual	ridge	no_state	20261013.0						
analyses/multiverse/results/scalar_unavailable.csv			insufficient_rows_or_targets				1222	100.0	3.0	significant_and_absolute_z_at_least_2	distal_gene_count_residual	huber_regression	minimal	20260929.0						
analyses/multiverse/results/scalar_unavailable.csv			insufficient_rows_or_targets				1226	100.0	3.0	significant_and_absolute_z_at_least_2	distal_gene_count_residual	huber_regression	observability	20260912.0						
analyses/multiverse/results/scalar_unavailable.csv			insufficient_rows_or_targets				1230	100.0	3.0	significant_and_absolute_z_at_least_2	distal_gene_count_residual	huber_regression	observability	20261119.0						
analyses/multiverse/results/scalar_unavailable.csv			insufficient_rows_or_targets				1234	100.0	3.0	significant_and_absolute_z_at_least_2	distal_gene_count_residual	huber_regression	reproducibility	20261031.0						
analyses/multiverse/results/scalar_unavailable.csv			insufficient_rows_or_targets				1238	100.0	3.0	significant_and_absolute_z_at_least_2	distal_gene_count_residual	huber_regression	no_state	20261013.0						
analyses/multiverse/results/scalar_unavailable.csv			insufficient_rows_or_targets				1242	100.0	3.0	significant_and_absolute_z_at_least_2	distal_gene_count_residual	sparse_nonlinear	minimal	20260929.0						
analyses/multiverse/results/scalar_unavailable.csv			insufficient_rows_or_targets				1246	100.0	3.0	significant_and_absolute_z_at_least_2	distal_gene_count_residual	sparse_nonlinear	observability	20260912.0						
analyses/multiverse/results/scalar_unavailable.csv			insufficient_rows_or_targets				1250	100.0	3.0	significant_and_absolute_z_at_least_2	distal_gene_count_residual	sparse_nonlinear	observability	20261119.0						
analyses/multiverse/results/scalar_unavailable.csv			insufficient_rows_or_targets				1254	100.0	3.0	significant_and_absolute_z_at_least_2	distal_gene_count_residual	sparse_nonlinear	reproducibility	20261031.0						
analyses/multiverse/results/scalar_unavailable.csv			insufficient_rows_or_targets				1258	100.0	3.0	significant_and_absolute_z_at_least_2	distal_gene_count_residual	sparse_nonlinear	no_state	20261013.0						
analyses/multiverse/results/scalar_unavailable.csv			insufficient_rows_or_targets				1262	100.0	3.0	significant_and_absolute_z_at_least_2	distal_gene_count_residual	graph_readout	minimal	20260929.0						
analyses/multiverse/results/scalar_unavailable.csv			insufficient_rows_or_targets				1266	100.0	3.0	significant_and_absolute_z_at_least_2	distal_gene_count_residual	graph_readout	observability	20260912.0						
analyses/multiverse/results/scalar_unavailable.csv			insufficient_rows_or_targets				1270	100.0	3.0	significant_and_absolute_z_at_least_2	distal_gene_count_residual	graph_readout	observability	20261119.0						
analyses/multiverse/results/scalar_unavailable.csv			insufficient_rows_or_targets				1274	100.0	3.0	significant_and_absolute_z_at_least_2	distal_gene_count_residual	graph_readout	reproducibility	20261031.0						
analyses/multiverse/results/scalar_unavailable.csv			insufficient_rows_or_targets				1278	100.0	3.0	significant_and_absolute_z_at_least_2	distal_gene_count_residual	graph_readout	no_state	20261013.0						
analyses/multiverse/results/scalar_unavailable.csv			insufficient_rows_or_targets				1282	100.0	3.0	significant_and_absolute_z_at_least_2	debiased_response_l2_gain	ridge	minimal	20260929.0						
analyses/multiverse/results/scalar_unavailable.csv			insufficient_rows_or_targets				1286	100.0	3.0	significant_and_absolute_z_at_least_2	debiased_response_l2_gain	ridge	observability	20260912.0						
analyses/multiverse/results/scalar_unavailable.csv			insufficient_rows_or_targets				1290	100.0	3.0	significant_and_absolute_z_at_least_2	debiased_response_l2_gain	ridge	observability	20261119.0						
analyses/multiverse/results/scalar_unavailable.csv			insufficient_rows_or_targets				1294	100.0	3.0	significant_and_absolute_z_at_least_2	debiased_response_l2_gain	ridge	reproducibility	20261031.0						
analyses/multiverse/results/scalar_unavailable.csv			insufficient_rows_or_targets				1298	100.0	3.0	significant_and_absolute_z_at_least_2	debiased_response_l2_gain	ridge	no_state	20261013.0						
analyses/multiverse/results/scalar_unavailable.csv			insufficient_rows_or_targets				1302	100.0	3.0	significant_and_absolute_z_at_least_2	debiased_response_l2_gain	huber_regression	minimal	20260929.0						
analyses/multiverse/results/scalar_unavailable.csv			insufficient_rows_or_targets				1306	100.0	3.0	significant_and_absolute_z_at_least_2	debiased_response_l2_gain	huber_regression	observability	20260912.0						
analyses/multiverse/results/scalar_unavailable.csv			insufficient_rows_or_targets				1310	100.0	3.0	significant_and_absolute_z_at_least_2	debiased_response_l2_gain	huber_regression	observability	20261119.0						
analyses/multiverse/results/scalar_unavailable.csv			insufficient_rows_or_targets				1314	100.0	3.0	significant_and_absolute_z_at_least_2	debiased_response_l2_gain	huber_regression	reproducibility	20261031.0						
analyses/multiverse/results/scalar_unavailable.csv			insufficient_rows_or_targets				1318	100.0	3.0	significant_and_absolute_z_at_least_2	debiased_response_l2_gain	huber_regression	no_state	20261013.0						
analyses/multiverse/results/scalar_unavailable.csv			insufficient_rows_or_targets				1322	100.0	3.0	significant_and_absolute_z_at_least_2	debiased_response_l2_gain	sparse_nonlinear	minimal	20260929.0						
analyses/multiverse/results/scalar_unavailable.csv			insufficient_rows_or_targets				1326	100.0	3.0	significant_and_absolute_z_at_least_2	debiased_response_l2_gain	sparse_nonlinear	observability	20260912.0						
analyses/multiverse/results/scalar_unavailable.csv			insufficient_rows_or_targets				1330	100.0	3.0	significant_and_absolute_z_at_least_2	debiased_response_l2_gain	sparse_nonlinear	observability	20261119.0						
analyses/multiverse/results/scalar_unavailable.csv			insufficient_rows_or_targets				1334	100.0	3.0	significant_and_absolute_z_at_least_2	debiased_response_l2_gain	sparse_nonlinear	reproducibility	20261031.0						
analyses/multiverse/results/scalar_unavailable.csv			insufficient_rows_or_targets				1338	100.0	3.0	significant_and_absolute_z_at_least_2	debiased_response_l2_gain	sparse_nonlinear	no_state	20261013.0						
analyses/multiverse/results/scalar_unavailable.csv			insufficient_rows_or_targets				1342	100.0	3.0	significant_and_absolute_z_at_least_2	debiased_response_l2_gain	graph_readout	minimal	20260929.0						
analyses/multiverse/results/scalar_unavailable.csv			insufficient_rows_or_targets				1346	100.0	3.0	significant_and_absolute_z_at_least_2	debiased_response_l2_gain	graph_readout	observability	20260912.0						
analyses/multiverse/results/scalar_unavailable.csv			insufficient_rows_or_targets				1350	100.0	3.0	significant_and_absolute_z_at_least_2	debiased_response_l2_gain	graph_readout	observability	20261119.0						
analyses/multiverse/results/scalar_unavailable.csv			insufficient_rows_or_targets				1354	100.0	3.0	significant_and_absolute_z_at_least_2	debiased_response_l2_gain	graph_readout	reproducibility	20261031.0						
analyses/multiverse/results/scalar_unavailable.csv			insufficient_rows_or_targets				1358	100.0	3.0	significant_and_absolute_z_at_least_2	debiased_response_l2_gain	graph_readout	no_state	20261013.0						
analyses/multiverse/results/scalar_unavailable.csv			insufficient_rows_or_targets				1362	100.0	3.0	significant_and_absolute_z_at_least_2	significant_response_l1_gain	ridge	minimal	20260929.0						
analyses/multiverse/results/scalar_unavailable.csv			insufficient_rows_or_targets				1366	100.0	3.0	significant_and_absolute_z_at_least_2	significant_response_l1_gain	ridge	observability	20260912.0						
analyses/multiverse/results/scalar_unavailable.csv			insufficient_rows_or_targets				1370	100.0	3.0	significant_and_absolute_z_at_least_2	significant_response_l1_gain	ridge	observability	20261119.0						
analyses/multiverse/results/scalar_unavailable.csv			insufficient_rows_or_targets				1374	100.0	3.0	significant_and_absolute_z_at_least_2	significant_response_l1_gain	ridge	reproducibility	20261031.0						
analyses/multiverse/results/scalar_unavailable.csv			insufficient_rows_or_targets				1378	100.0	3.0	significant_and_absolute_z_at_least_2	significant_response_l1_gain	ridge	no_state	20261013.0						
analyses/multiverse/results/scalar_unavailable.csv			insufficient_rows_or_targets				1382	100.0	3.0	significant_and_absolute_z_at_least_2	significant_response_l1_gain	huber_regression	minimal	20260929.0						
analyses/multiverse/results/scalar_unavailable.csv			insufficient_rows_or_targets				1386	100.0	3.0	significant_and_absolute_z_at_least_2	significant_response_l1_gain	huber_regression	observability	20260912.0						
analyses/multiverse/results/scalar_unavailable.csv			insufficient_rows_or_targets				1390	100.0	3.0	significant_and_absolute_z_at_least_2	significant_response_l1_gain	huber_regression	observability	20261119.0						
analyses/multiverse/results/scalar_unavailable.csv			insufficient_rows_or_targets				1394	100.0	3.0	significant_and_absolute_z_at_least_2	significant_response_l1_gain	huber_regression	reproducibility	20261031.0						
analyses/multiverse/results/scalar_unavailable.csv			insufficient_rows_or_targets				1398	100.0	3.0	significant_and_absolute_z_at_least_2	significant_response_l1_gain	huber_regression	no_state	20261013.0						
analyses/multiverse/results/scalar_unavailable.csv			insufficient_rows_or_targets				1402	100.0	3.0	significant_and_absolute_z_at_least_2	significant_response_l1_gain	sparse_nonlinear	minimal	20260929.0						
analyses/multiverse/results/scalar_unavailable.csv			insufficient_rows_or_targets				1406	100.0	3.0	significant_and_absolute_z_at_least_2	significant_response_l1_gain	sparse_nonlinear	observability	20260912.0						
analyses/multiverse/results/scalar_unavailable.csv			insufficient_rows_or_targets				1410	100.0	3.0	significant_and_absolute_z_at_least_2	significant_response_l1_gain	sparse_nonlinear	observability	20261119.0						
analyses/multiverse/results/scalar_unavailable.csv			insufficient_rows_or_targets				1414	100.0	3.0	significant_and_absolute_z_at_least_2	significant_response_l1_gain	sparse_nonlinear	reproducibility	20261031.0						
analyses/multiverse/results/scalar_unavailable.csv			insufficient_rows_or_targets				1418	100.0	3.0	significant_and_absolute_z_at_least_2	significant_response_l1_gain	sparse_nonlinear	no_state	20261013.0						
analyses/multiverse/results/scalar_unavailable.csv			insufficient_rows_or_targets				1422	100.0	3.0	significant_and_absolute_z_at_least_2	significant_response_l1_gain	graph_readout	minimal	20260929.0						
analyses/multiverse/results/scalar_unavailable.csv			insufficient_rows_or_targets				1426	100.0	3.0	significant_and_absolute_z_at_least_2	significant_response_l1_gain	graph_readout	observability	20260912.0						
analyses/multiverse/results/scalar_unavailable.csv			insufficient_rows_or_targets				1430	100.0	3.0	significant_and_absolute_z_at_least_2	significant_response_l1_gain	graph_readout	observability	20261119.0						
analyses/multiverse/results/scalar_unavailable.csv			insufficient_rows_or_targets				1434	100.0	3.0	significant_and_absolute_z_at_least_2	significant_response_l1_gain	graph_readout	reproducibility	20261031.0						
analyses/multiverse/results/scalar_unavailable.csv			insufficient_rows_or_targets				1438	100.0	3.0	significant_and_absolute_z_at_least_2	significant_response_l1_gain	graph_readout	no_state	20261013.0						
analyses/multiverse/results/scalar_unavailable.csv			insufficient_rows_or_targets				2402	200.0	3.0	significant	distal_gene_count_residual	ridge	minimal	20260929.0						
analyses/multiverse/results/scalar_unavailable.csv			insufficient_rows_or_targets				2406	200.0	3.0	significant	distal_gene_count_residual	ridge	observability	20260912.0						
analyses/multiverse/results/scalar_unavailable.csv			insufficient_rows_or_targets				2410	200.0	3.0	significant	distal_gene_count_residual	ridge	observability	20261119.0						
analyses/multiverse/results/scalar_unavailable.csv			insufficient_rows_or_targets				2414	200.0	3.0	significant	distal_gene_count_residual	ridge	reproducibility	20261031.0						
analyses/multiverse/results/scalar_unavailable.csv			insufficient_rows_or_targets				2418	200.0	3.0	significant	distal_gene_count_residual	ridge	no_state	20261013.0						
analyses/multiverse/results/scalar_unavailable.csv			insufficient_rows_or_targets				2422	200.0	3.0	significant	distal_gene_count_residual	huber_regression	minimal	20260929.0						
analyses/multiverse/results/scalar_unavailable.csv			insufficient_rows_or_targets				2426	200.0	3.0	significant	distal_gene_count_residual	huber_regression	observability	20260912.0						
analyses/multiverse/results/scalar_unavailable.csv			insufficient_rows_or_targets				2430	200.0	3.0	significant	distal_gene_count_residual	huber_regression	observability	20261119.0						
analyses/multiverse/results/scalar_unavailable.csv			insufficient_rows_or_targets				2434	200.0	3.0	significant	distal_gene_count_residual	huber_regression	reproducibility	20261031.0						
analyses/multiverse/results/scalar_unavailable.csv			insufficient_rows_or_targets				2438	200.0	3.0	significant	distal_gene_count_residual	huber_regression	no_state	20261013.0						
analyses/multiverse/results/scalar_unavailable.csv			insufficient_rows_or_targets				2442	200.0	3.0	significant	distal_gene_count_residual	sparse_nonlinear	minimal	20260929.0						
analyses/multiverse/results/scalar_unavailable.csv			insufficient_rows_or_targets				2446	200.0	3.0	significant	distal_gene_count_residual	sparse_nonlinear	observability	20260912.0						
analyses/multiverse/results/scalar_unavailable.csv			insufficient_rows_or_targets				2450	200.0	3.0	significant	distal_gene_count_residual	sparse_nonlinear	observability	20261119.0						
analyses/multiverse/results/scalar_unavailable.csv			insufficient_rows_or_targets				2454	200.0	3.0	significant	distal_gene_count_residual	sparse_nonlinear	reproducibility	20261031.0						
analyses/multiverse/results/scalar_unavailable.csv			insufficient_rows_or_targets				2458	200.0	3.0	significant	distal_gene_count_residual	sparse_nonlinear	no_state	20261013.0						
analyses/multiverse/results/scalar_unavailable.csv			insufficient_rows_or_targets				2462	200.0	3.0	significant	distal_gene_count_residual	graph_readout	minimal	20260929.0						
analyses/multiverse/results/scalar_unavailable.csv			insufficient_rows_or_targets				2466	200.0	3.0	significant	distal_gene_count_residual	graph_readout	observability	20260912.0						
analyses/multiverse/results/scalar_unavailable.csv			insufficient_rows_or_targets				2470	200.0	3.0	significant	distal_gene_count_residual	graph_readout	observability	20261119.0						
analyses/multiverse/results/scalar_unavailable.csv			insufficient_rows_or_targets				2474	200.0	3.0	significant	distal_gene_count_residual	graph_readout	reproducibility	20261031.0						
analyses/multiverse/results/scalar_unavailable.csv			insufficient_rows_or_targets				2478	200.0	3.0	significant	distal_gene_count_residual	graph_readout	no_state	20261013.0						
analyses/multiverse/results/scalar_unavailable.csv			insufficient_rows_or_targets				2482	200.0	3.0	significant	debiased_response_l2_gain	ridge	minimal	20260929.0						
analyses/multiverse/results/scalar_unavailable.csv			insufficient_rows_or_targets				2486	200.0	3.0	significant	debiased_response_l2_gain	ridge	observability	20260912.0						
analyses/multiverse/results/scalar_unavailable.csv			insufficient_rows_or_targets				2490	200.0	3.0	significant	debiased_response_l2_gain	ridge	observability	20261119.0						
analyses/multiverse/results/scalar_unavailable.csv			insufficient_rows_or_targets				2494	200.0	3.0	significant	debiased_response_l2_gain	ridge	reproducibility	20261031.0						
analyses/multiverse/results/scalar_unavailable.csv			insufficient_rows_or_targets				2498	200.0	3.0	significant	debiased_response_l2_gain	ridge	no_state	20261013.0						
analyses/multiverse/results/scalar_unavailable.csv			insufficient_rows_or_targets				2502	200.0	3.0	significant	debiased_response_l2_gain	huber_regression	minimal	20260929.0						
analyses/multiverse/results/scalar_unavailable.csv			insufficient_rows_or_targets				2506	200.0	3.0	significant	debiased_response_l2_gain	huber_regression	observability	20260912.0						
analyses/multiverse/results/scalar_unavailable.csv			insufficient_rows_or_targets				2510	200.0	3.0	significant	debiased_response_l2_gain	huber_regression	observability	20261119.0						
analyses/multiverse/results/scalar_unavailable.csv			insufficient_rows_or_targets				2514	200.0	3.0	significant	debiased_response_l2_gain	huber_regression	reproducibility	20261031.0						
analyses/multiverse/results/scalar_unavailable.csv			insufficient_rows_or_targets				2518	200.0	3.0	significant	debiased_response_l2_gain	huber_regression	no_state	20261013.0						
analyses/multiverse/results/scalar_unavailable.csv			insufficient_rows_or_targets				2522	200.0	3.0	significant	debiased_response_l2_gain	sparse_nonlinear	minimal	20260929.0						
analyses/multiverse/results/scalar_unavailable.csv			insufficient_rows_or_targets				2526	200.0	3.0	significant	debiased_response_l2_gain	sparse_nonlinear	observability	20260912.0						
analyses/multiverse/results/scalar_unavailable.csv			insufficient_rows_or_targets				2530	200.0	3.0	significant	debiased_response_l2_gain	sparse_nonlinear	observability	20261119.0						
analyses/multiverse/results/scalar_unavailable.csv			insufficient_rows_or_targets				2534	200.0	3.0	significant	debiased_response_l2_gain	sparse_nonlinear	reproducibility	20261031.0						
analyses/multiverse/results/scalar_unavailable.csv			insufficient_rows_or_targets				2538	200.0	3.0	significant	debiased_response_l2_gain	sparse_nonlinear	no_state	20261013.0						
analyses/multiverse/results/scalar_unavailable.csv			insufficient_rows_or_targets				2542	200.0	3.0	significant	debiased_response_l2_gain	graph_readout	minimal	20260929.0						
analyses/multiverse/results/scalar_unavailable.csv			insufficient_rows_or_targets				2546	200.0	3.0	significant	debiased_response_l2_gain	graph_readout	observability	20260912.0						
analyses/multiverse/results/scalar_unavailable.csv			insufficient_rows_or_targets				2550	200.0	3.0	significant	debiased_response_l2_gain	graph_readout	observability	20261119.0						
analyses/multiverse/results/scalar_unavailable.csv			insufficient_rows_or_targets				2554	200.0	3.0	significant	debiased_response_l2_gain	graph_readout	reproducibility	20261031.0						
analyses/multiverse/results/scalar_unavailable.csv			insufficient_rows_or_targets				2558	200.0	3.0	significant	debiased_response_l2_gain	graph_readout	no_state	20261013.0						
analyses/multiverse/results/scalar_unavailable.csv			insufficient_rows_or_targets				2562	200.0	3.0	significant	significant_response_l1_gain	ridge	minimal	20260929.0						
analyses/multiverse/results/scalar_unavailable.csv			insufficient_rows_or_targets				2566	200.0	3.0	significant	significant_response_l1_gain	ridge	observability	20260912.0						
analyses/multiverse/results/scalar_unavailable.csv			insufficient_rows_or_targets				2570	200.0	3.0	significant	significant_response_l1_gain	ridge	observability	20261119.0						
analyses/multiverse/results/scalar_unavailable.csv			insufficient_rows_or_targets				2574	200.0	3.0	significant	significant_response_l1_gain	ridge	reproducibility	20261031.0						
analyses/multiverse/results/scalar_unavailable.csv			insufficient_rows_or_targets				2578	200.0	3.0	significant	significant_response_l1_gain	ridge	no_state	20261013.0						
analyses/multiverse/results/scalar_unavailable.csv			insufficient_rows_or_targets				2582	200.0	3.0	significant	significant_response_l1_gain	huber_regression	minimal	20260929.0						
analyses/multiverse/results/scalar_unavailable.csv			insufficient_rows_or_targets				2586	200.0	3.0	significant	significant_response_l1_gain	huber_regression	observability	20260912.0						
analyses/multiverse/results/scalar_unavailable.csv			insufficient_rows_or_targets				2590	200.0	3.0	significant	significant_response_l1_gain	huber_regression	observability	20261119.0						
analyses/multiverse/results/scalar_unavailable.csv			insufficient_rows_or_targets				2594	200.0	3.0	significant	significant_response_l1_gain	huber_regression	reproducibility	20261031.0						
analyses/multiverse/results/scalar_unavailable.csv			insufficient_rows_or_targets				2598	200.0	3.0	significant	significant_response_l1_gain	huber_regression	no_state	20261013.0						
analyses/multiverse/results/scalar_unavailable.csv			insufficient_rows_or_targets				2602	200.0	3.0	significant	significant_response_l1_gain	sparse_nonlinear	minimal	20260929.0						
analyses/multiverse/results/scalar_unavailable.csv			insufficient_rows_or_targets				2606	200.0	3.0	significant	significant_response_l1_gain	sparse_nonlinear	observability	20260912.0						
analyses/multiverse/results/scalar_unavailable.csv			insufficient_rows_or_targets				2610	200.0	3.0	significant	significant_response_l1_gain	sparse_nonlinear	observability	20261119.0						
analyses/multiverse/results/scalar_unavailable.csv			insufficient_rows_or_targets				2614	200.0	3.0	significant	significant_response_l1_gain	sparse_nonlinear	reproducibility	20261031.0						
analyses/multiverse/results/scalar_unavailable.csv			insufficient_rows_or_targets				2618	200.0	3.0	significant	significant_response_l1_gain	sparse_nonlinear	no_state	20261013.0						
analyses/multiverse/results/scalar_unavailable.csv			insufficient_rows_or_targets				2622	200.0	3.0	significant	significant_response_l1_gain	graph_readout	minimal	20260929.0						
analyses/multiverse/results/scalar_unavailable.csv			insufficient_rows_or_targets				2626	200.0	3.0	significant	significant_response_l1_gain	graph_readout	observability	20260912.0						
analyses/multiverse/results/scalar_unavailable.csv			insufficient_rows_or_targets				2630	200.0	3.0	significant	significant_response_l1_gain	graph_readout	observability	20261119.0						
analyses/multiverse/results/scalar_unavailable.csv			insufficient_rows_or_targets				2634	200.0	3.0	significant	significant_response_l1_gain	graph_readout	reproducibility	20261031.0						
analyses/multiverse/results/scalar_unavailable.csv			insufficient_rows_or_targets				2638	200.0	3.0	significant	significant_response_l1_gain	graph_readout	no_state	20261013.0						
analyses/multiverse/results/scalar_unavailable.csv			insufficient_rows_or_targets				2642	200.0	3.0	significant_and_absolute_z_at_least_2	distal_gene_count_residual	ridge	minimal	20260929.0						
analyses/multiverse/results/scalar_unavailable.csv			insufficient_rows_or_targets				2646	200.0	3.0	significant_and_absolute_z_at_least_2	distal_gene_count_residual	ridge	observability	20260912.0						
analyses/multiverse/results/scalar_unavailable.csv			insufficient_rows_or_targets				2650	200.0	3.0	significant_and_absolute_z_at_least_2	distal_gene_count_residual	ridge	observability	20261119.0						
analyses/multiverse/results/scalar_unavailable.csv			insufficient_rows_or_targets				2654	200.0	3.0	significant_and_absolute_z_at_least_2	distal_gene_count_residual	ridge	reproducibility	20261031.0						
analyses/multiverse/results/scalar_unavailable.csv			insufficient_rows_or_targets				2658	200.0	3.0	significant_and_absolute_z_at_least_2	distal_gene_count_residual	ridge	no_state	20261013.0						
analyses/multiverse/results/scalar_unavailable.csv			insufficient_rows_or_targets				2662	200.0	3.0	significant_and_absolute_z_at_least_2	distal_gene_count_residual	huber_regression	minimal	20260929.0						
analyses/multiverse/results/scalar_unavailable.csv			insufficient_rows_or_targets				2666	200.0	3.0	significant_and_absolute_z_at_least_2	distal_gene_count_residual	huber_regression	observability	20260912.0						
analyses/multiverse/results/scalar_unavailable.csv			insufficient_rows_or_targets				2670	200.0	3.0	significant_and_absolute_z_at_least_2	distal_gene_count_residual	huber_regression	observability	20261119.0						
analyses/multiverse/results/scalar_unavailable.csv			insufficient_rows_or_targets				2674	200.0	3.0	significant_and_absolute_z_at_least_2	distal_gene_count_residual	huber_regression	reproducibility	20261031.0						
analyses/multiverse/results/scalar_unavailable.csv			insufficient_rows_or_targets				2678	200.0	3.0	significant_and_absolute_z_at_least_2	distal_gene_count_residual	huber_regression	no_state	20261013.0						
analyses/multiverse/results/scalar_unavailable.csv			insufficient_rows_or_targets				2682	200.0	3.0	significant_and_absolute_z_at_least_2	distal_gene_count_residual	sparse_nonlinear	minimal	20260929.0						
analyses/multiverse/results/scalar_unavailable.csv			insufficient_rows_or_targets				2686	200.0	3.0	significant_and_absolute_z_at_least_2	distal_gene_count_residual	sparse_nonlinear	observability	20260912.0						
analyses/multiverse/results/scalar_unavailable.csv			insufficient_rows_or_targets				2690	200.0	3.0	significant_and_absolute_z_at_least_2	distal_gene_count_residual	sparse_nonlinear	observability	20261119.0						
analyses/multiverse/results/scalar_unavailable.csv			insufficient_rows_or_targets				2694	200.0	3.0	significant_and_absolute_z_at_least_2	distal_gene_count_residual	sparse_nonlinear	reproducibility	20261031.0						
analyses/multiverse/results/scalar_unavailable.csv			insufficient_rows_or_targets				2698	200.0	3.0	significant_and_absolute_z_at_least_2	distal_gene_count_residual	sparse_nonlinear	no_state	20261013.0						
analyses/multiverse/results/scalar_unavailable.csv			insufficient_rows_or_targets				2702	200.0	3.0	significant_and_absolute_z_at_least_2	distal_gene_count_residual	graph_readout	minimal	20260929.0						
analyses/multiverse/results/scalar_unavailable.csv			insufficient_rows_or_targets				2706	200.0	3.0	significant_and_absolute_z_at_least_2	distal_gene_count_residual	graph_readout	observability	20260912.0						
analyses/multiverse/results/scalar_unavailable.csv			insufficient_rows_or_targets				2710	200.0	3.0	significant_and_absolute_z_at_least_2	distal_gene_count_residual	graph_readout	observability	20261119.0						
analyses/multiverse/results/scalar_unavailable.csv			insufficient_rows_or_targets				2714	200.0	3.0	significant_and_absolute_z_at_least_2	distal_gene_count_residual	graph_readout	reproducibility	20261031.0						
analyses/multiverse/results/scalar_unavailable.csv			insufficient_rows_or_targets				2718	200.0	3.0	significant_and_absolute_z_at_least_2	distal_gene_count_residual	graph_readout	no_state	20261013.0						
analyses/multiverse/results/scalar_unavailable.csv			insufficient_rows_or_targets				2722	200.0	3.0	significant_and_absolute_z_at_least_2	debiased_response_l2_gain	ridge	minimal	20260929.0						
analyses/multiverse/results/scalar_unavailable.csv			insufficient_rows_or_targets				2726	200.0	3.0	significant_and_absolute_z_at_least_2	debiased_response_l2_gain	ridge	observability	20260912.0						
analyses/multiverse/results/scalar_unavailable.csv			insufficient_rows_or_targets				2730	200.0	3.0	significant_and_absolute_z_at_least_2	debiased_response_l2_gain	ridge	observability	20261119.0						
analyses/multiverse/results/scalar_unavailable.csv			insufficient_rows_or_targets				2734	200.0	3.0	significant_and_absolute_z_at_least_2	debiased_response_l2_gain	ridge	reproducibility	20261031.0						
analyses/multiverse/results/scalar_unavailable.csv			insufficient_rows_or_targets				2738	200.0	3.0	significant_and_absolute_z_at_least_2	debiased_response_l2_gain	ridge	no_state	20261013.0						
analyses/multiverse/results/scalar_unavailable.csv			insufficient_rows_or_targets				2742	200.0	3.0	significant_and_absolute_z_at_least_2	debiased_response_l2_gain	huber_regression	minimal	20260929.0						
analyses/multiverse/results/scalar_unavailable.csv			insufficient_rows_or_targets				2746	200.0	3.0	significant_and_absolute_z_at_least_2	debiased_response_l2_gain	huber_regression	observability	20260912.0						
analyses/multiverse/results/scalar_unavailable.csv			insufficient_rows_or_targets				2750	200.0	3.0	significant_and_absolute_z_at_least_2	debiased_response_l2_gain	huber_regression	observability	20261119.0						
analyses/multiverse/results/scalar_unavailable.csv			insufficient_rows_or_targets				2754	200.0	3.0	significant_and_absolute_z_at_least_2	debiased_response_l2_gain	huber_regression	reproducibility	20261031.0						
analyses/multiverse/results/scalar_unavailable.csv			insufficient_rows_or_targets				2758	200.0	3.0	significant_and_absolute_z_at_least_2	debiased_response_l2_gain	huber_regression	no_state	20261013.0						
analyses/multiverse/results/scalar_unavailable.csv			insufficient_rows_or_targets				2762	200.0	3.0	significant_and_absolute_z_at_least_2	debiased_response_l2_gain	sparse_nonlinear	minimal	20260929.0						
analyses/multiverse/results/scalar_unavailable.csv			insufficient_rows_or_targets				2766	200.0	3.0	significant_and_absolute_z_at_least_2	debiased_response_l2_gain	sparse_nonlinear	observability	20260912.0						
analyses/multiverse/results/scalar_unavailable.csv			insufficient_rows_or_targets				2770	200.0	3.0	significant_and_absolute_z_at_least_2	debiased_response_l2_gain	sparse_nonlinear	observability	20261119.0						
analyses/multiverse/results/scalar_unavailable.csv			insufficient_rows_or_targets				2774	200.0	3.0	significant_and_absolute_z_at_least_2	debiased_response_l2_gain	sparse_nonlinear	reproducibility	20261031.0						
analyses/multiverse/results/scalar_unavailable.csv			insufficient_rows_or_targets				2778	200.0	3.0	significant_and_absolute_z_at_least_2	debiased_response_l2_gain	sparse_nonlinear	no_state	20261013.0						
analyses/multiverse/results/scalar_unavailable.csv			insufficient_rows_or_targets				2782	200.0	3.0	significant_and_absolute_z_at_least_2	debiased_response_l2_gain	graph_readout	minimal	20260929.0						
analyses/multiverse/results/scalar_unavailable.csv			insufficient_rows_or_targets				2786	200.0	3.0	significant_and_absolute_z_at_least_2	debiased_response_l2_gain	graph_readout	observability	20260912.0						
analyses/multiverse/results/scalar_unavailable.csv			insufficient_rows_or_targets				2790	200.0	3.0	significant_and_absolute_z_at_least_2	debiased_response_l2_gain	graph_readout	observability	20261119.0						
analyses/multiverse/results/scalar_unavailable.csv			insufficient_rows_or_targets				2794	200.0	3.0	significant_and_absolute_z_at_least_2	debiased_response_l2_gain	graph_readout	reproducibility	20261031.0						
analyses/multiverse/results/scalar_unavailable.csv			insufficient_rows_or_targets				2798	200.0	3.0	significant_and_absolute_z_at_least_2	debiased_response_l2_gain	graph_readout	no_state	20261013.0						
analyses/multiverse/results/scalar_unavailable.csv			insufficient_rows_or_targets				2802	200.0	3.0	significant_and_absolute_z_at_least_2	significant_response_l1_gain	ridge	minimal	20260929.0						
analyses/multiverse/results/scalar_unavailable.csv			insufficient_rows_or_targets				2806	200.0	3.0	significant_and_absolute_z_at_least_2	significant_response_l1_gain	ridge	observability	20260912.0						
analyses/multiverse/results/scalar_unavailable.csv			insufficient_rows_or_targets				2810	200.0	3.0	significant_and_absolute_z_at_least_2	significant_response_l1_gain	ridge	observability	20261119.0						
analyses/multiverse/results/scalar_unavailable.csv			insufficient_rows_or_targets				2814	200.0	3.0	significant_and_absolute_z_at_least_2	significant_response_l1_gain	ridge	reproducibility	20261031.0						
analyses/multiverse/results/scalar_unavailable.csv			insufficient_rows_or_targets				2818	200.0	3.0	significant_and_absolute_z_at_least_2	significant_response_l1_gain	ridge	no_state	20261013.0						
analyses/multiverse/results/scalar_unavailable.csv			insufficient_rows_or_targets				2822	200.0	3.0	significant_and_absolute_z_at_least_2	significant_response_l1_gain	huber_regression	minimal	20260929.0						
analyses/multiverse/results/scalar_unavailable.csv			insufficient_rows_or_targets				2826	200.0	3.0	significant_and_absolute_z_at_least_2	significant_response_l1_gain	huber_regression	observability	20260912.0						
analyses/multiverse/results/scalar_unavailable.csv			insufficient_rows_or_targets				2830	200.0	3.0	significant_and_absolute_z_at_least_2	significant_response_l1_gain	huber_regression	observability	20261119.0						
analyses/multiverse/results/scalar_unavailable.csv			insufficient_rows_or_targets				2834	200.0	3.0	significant_and_absolute_z_at_least_2	significant_response_l1_gain	huber_regression	reproducibility	20261031.0						
analyses/multiverse/results/scalar_unavailable.csv			insufficient_rows_or_targets				2838	200.0	3.0	significant_and_absolute_z_at_least_2	significant_response_l1_gain	huber_regression	no_state	20261013.0						
analyses/multiverse/results/scalar_unavailable.csv			insufficient_rows_or_targets				2842	200.0	3.0	significant_and_absolute_z_at_least_2	significant_response_l1_gain	sparse_nonlinear	minimal	20260929.0						
analyses/multiverse/results/scalar_unavailable.csv			insufficient_rows_or_targets				2846	200.0	3.0	significant_and_absolute_z_at_least_2	significant_response_l1_gain	sparse_nonlinear	observability	20260912.0						
analyses/multiverse/results/scalar_unavailable.csv			insufficient_rows_or_targets				2850	200.0	3.0	significant_and_absolute_z_at_least_2	significant_response_l1_gain	sparse_nonlinear	observability	20261119.0						
analyses/multiverse/results/scalar_unavailable.csv			insufficient_rows_or_targets				2854	200.0	3.0	significant_and_absolute_z_at_least_2	significant_response_l1_gain	sparse_nonlinear	reproducibility	20261031.0						
analyses/multiverse/results/scalar_unavailable.csv			insufficient_rows_or_targets				2858	200.0	3.0	significant_and_absolute_z_at_least_2	significant_response_l1_gain	sparse_nonlinear	no_state	20261013.0						
analyses/multiverse/results/scalar_unavailable.csv			insufficient_rows_or_targets				2862	200.0	3.0	significant_and_absolute_z_at_least_2	significant_response_l1_gain	graph_readout	minimal	20260929.0						
analyses/multiverse/results/scalar_unavailable.csv			insufficient_rows_or_targets				2866	200.0	3.0	significant_and_absolute_z_at_least_2	significant_response_l1_gain	graph_readout	observability	20260912.0						
analyses/multiverse/results/scalar_unavailable.csv			insufficient_rows_or_targets				2870	200.0	3.0	significant_and_absolute_z_at_least_2	significant_response_l1_gain	graph_readout	observability	20261119.0						
analyses/multiverse/results/scalar_unavailable.csv			insufficient_rows_or_targets				2874	200.0	3.0	significant_and_absolute_z_at_least_2	significant_response_l1_gain	graph_readout	reproducibility	20261031.0						
analyses/multiverse/results/scalar_unavailable.csv			insufficient_rows_or_targets				2878	200.0	3.0	significant_and_absolute_z_at_least_2	significant_response_l1_gain	graph_readout	no_state	20261013.0						
analyses/multiverse/results/scalar_unavailable.csv			insufficient_rows_or_targets				3842	300.0	3.0	significant	distal_gene_count_residual	ridge	minimal	20260929.0						
analyses/multiverse/results/scalar_unavailable.csv			insufficient_rows_or_targets				3846	300.0	3.0	significant	distal_gene_count_residual	ridge	observability	20260912.0						
analyses/multiverse/results/scalar_unavailable.csv			insufficient_rows_or_targets				3850	300.0	3.0	significant	distal_gene_count_residual	ridge	observability	20261119.0						
analyses/multiverse/results/scalar_unavailable.csv			insufficient_rows_or_targets				3854	300.0	3.0	significant	distal_gene_count_residual	ridge	reproducibility	20261031.0						
analyses/multiverse/results/scalar_unavailable.csv			insufficient_rows_or_targets				3858	300.0	3.0	significant	distal_gene_count_residual	ridge	no_state	20261013.0						
analyses/multiverse/results/scalar_unavailable.csv			insufficient_rows_or_targets				3862	300.0	3.0	significant	distal_gene_count_residual	huber_regression	minimal	20260929.0						
analyses/multiverse/results/scalar_unavailable.csv			insufficient_rows_or_targets				3866	300.0	3.0	significant	distal_gene_count_residual	huber_regression	observability	20260912.0						
analyses/multiverse/results/scalar_unavailable.csv			insufficient_rows_or_targets				3870	300.0	3.0	significant	distal_gene_count_residual	huber_regression	observability	20261119.0						
analyses/multiverse/results/scalar_unavailable.csv			insufficient_rows_or_targets				3874	300.0	3.0	significant	distal_gene_count_residual	huber_regression	reproducibility	20261031.0						
analyses/multiverse/results/scalar_unavailable.csv			insufficient_rows_or_targets				3878	300.0	3.0	significant	distal_gene_count_residual	huber_regression	no_state	20261013.0						
analyses/multiverse/results/scalar_unavailable.csv			insufficient_rows_or_targets				3882	300.0	3.0	significant	distal_gene_count_residual	sparse_nonlinear	minimal	20260929.0						
analyses/multiverse/results/scalar_unavailable.csv			insufficient_rows_or_targets				3886	300.0	3.0	significant	distal_gene_count_residual	sparse_nonlinear	observability	20260912.0						
analyses/multiverse/results/scalar_unavailable.csv			insufficient_rows_or_targets				3890	300.0	3.0	significant	distal_gene_count_residual	sparse_nonlinear	observability	20261119.0						
analyses/multiverse/results/scalar_unavailable.csv			insufficient_rows_or_targets				3894	300.0	3.0	significant	distal_gene_count_residual	sparse_nonlinear	reproducibility	20261031.0						
analyses/multiverse/results/scalar_unavailable.csv			insufficient_rows_or_targets				3898	300.0	3.0	significant	distal_gene_count_residual	sparse_nonlinear	no_state	20261013.0						
analyses/multiverse/results/scalar_unavailable.csv			insufficient_rows_or_targets				3902	300.0	3.0	significant	distal_gene_count_residual	graph_readout	minimal	20260929.0						
analyses/multiverse/results/scalar_unavailable.csv			insufficient_rows_or_targets				3906	300.0	3.0	significant	distal_gene_count_residual	graph_readout	observability	20260912.0						
analyses/multiverse/results/scalar_unavailable.csv			insufficient_rows_or_targets				3910	300.0	3.0	significant	distal_gene_count_residual	graph_readout	observability	20261119.0						
analyses/multiverse/results/scalar_unavailable.csv			insufficient_rows_or_targets				3914	300.0	3.0	significant	distal_gene_count_residual	graph_readout	reproducibility	20261031.0						
analyses/multiverse/results/scalar_unavailable.csv			insufficient_rows_or_targets				3918	300.0	3.0	significant	distal_gene_count_residual	graph_readout	no_state	20261013.0						
analyses/multiverse/results/scalar_unavailable.csv			insufficient_rows_or_targets				3922	300.0	3.0	significant	debiased_response_l2_gain	ridge	minimal	20260929.0						
analyses/multiverse/results/scalar_unavailable.csv			insufficient_rows_or_targets				3926	300.0	3.0	significant	debiased_response_l2_gain	ridge	observability	20260912.0						
analyses/multiverse/results/scalar_unavailable.csv			insufficient_rows_or_targets				3930	300.0	3.0	significant	debiased_response_l2_gain	ridge	observability	20261119.0						
analyses/multiverse/results/scalar_unavailable.csv			insufficient_rows_or_targets				3934	300.0	3.0	significant	debiased_response_l2_gain	ridge	reproducibility	20261031.0						
analyses/multiverse/results/scalar_unavailable.csv			insufficient_rows_or_targets				3938	300.0	3.0	significant	debiased_response_l2_gain	ridge	no_state	20261013.0						
analyses/multiverse/results/scalar_unavailable.csv			insufficient_rows_or_targets				3942	300.0	3.0	significant	debiased_response_l2_gain	huber_regression	minimal	20260929.0						
analyses/multiverse/results/scalar_unavailable.csv			insufficient_rows_or_targets				3946	300.0	3.0	significant	debiased_response_l2_gain	huber_regression	observability	20260912.0						
analyses/multiverse/results/scalar_unavailable.csv			insufficient_rows_or_targets				3950	300.0	3.0	significant	debiased_response_l2_gain	huber_regression	observability	20261119.0						
analyses/multiverse/results/scalar_unavailable.csv			insufficient_rows_or_targets				3954	300.0	3.0	significant	debiased_response_l2_gain	huber_regression	reproducibility	20261031.0						
analyses/multiverse/results/scalar_unavailable.csv			insufficient_rows_or_targets				3958	300.0	3.0	significant	debiased_response_l2_gain	huber_regression	no_state	20261013.0						
analyses/multiverse/results/scalar_unavailable.csv			insufficient_rows_or_targets				3962	300.0	3.0	significant	debiased_response_l2_gain	sparse_nonlinear	minimal	20260929.0						
analyses/multiverse/results/scalar_unavailable.csv			insufficient_rows_or_targets				3966	300.0	3.0	significant	debiased_response_l2_gain	sparse_nonlinear	observability	20260912.0						
analyses/multiverse/results/scalar_unavailable.csv			insufficient_rows_or_targets				3970	300.0	3.0	significant	debiased_response_l2_gain	sparse_nonlinear	observability	20261119.0						
analyses/multiverse/results/scalar_unavailable.csv			insufficient_rows_or_targets				3974	300.0	3.0	significant	debiased_response_l2_gain	sparse_nonlinear	reproducibility	20261031.0						
analyses/multiverse/results/scalar_unavailable.csv			insufficient_rows_or_targets				3978	300.0	3.0	significant	debiased_response_l2_gain	sparse_nonlinear	no_state	20261013.0						
analyses/multiverse/results/scalar_unavailable.csv			insufficient_rows_or_targets				3982	300.0	3.0	significant	debiased_response_l2_gain	graph_readout	minimal	20260929.0						
analyses/multiverse/results/scalar_unavailable.csv			insufficient_rows_or_targets				3986	300.0	3.0	significant	debiased_response_l2_gain	graph_readout	observability	20260912.0						
analyses/multiverse/results/scalar_unavailable.csv			insufficient_rows_or_targets				3990	300.0	3.0	significant	debiased_response_l2_gain	graph_readout	observability	20261119.0						
analyses/multiverse/results/scalar_unavailable.csv			insufficient_rows_or_targets				3994	300.0	3.0	significant	debiased_response_l2_gain	graph_readout	reproducibility	20261031.0						
analyses/multiverse/results/scalar_unavailable.csv			insufficient_rows_or_targets				3998	300.0	3.0	significant	debiased_response_l2_gain	graph_readout	no_state	20261013.0						
analyses/multiverse/results/scalar_unavailable.csv			insufficient_rows_or_targets				4002	300.0	3.0	significant	significant_response_l1_gain	ridge	minimal	20260929.0						
analyses/multiverse/results/scalar_unavailable.csv			insufficient_rows_or_targets				4006	300.0	3.0	significant	significant_response_l1_gain	ridge	observability	20260912.0						
analyses/multiverse/results/scalar_unavailable.csv			insufficient_rows_or_targets				4010	300.0	3.0	significant	significant_response_l1_gain	ridge	observability	20261119.0						
analyses/multiverse/results/scalar_unavailable.csv			insufficient_rows_or_targets				4014	300.0	3.0	significant	significant_response_l1_gain	ridge	reproducibility	20261031.0						
analyses/multiverse/results/scalar_unavailable.csv			insufficient_rows_or_targets				4018	300.0	3.0	significant	significant_response_l1_gain	ridge	no_state	20261013.0						
analyses/multiverse/results/scalar_unavailable.csv			insufficient_rows_or_targets				4022	300.0	3.0	significant	significant_response_l1_gain	huber_regression	minimal	20260929.0						
analyses/multiverse/results/scalar_unavailable.csv			insufficient_rows_or_targets				4026	300.0	3.0	significant	significant_response_l1_gain	huber_regression	observability	20260912.0						
analyses/multiverse/results/scalar_unavailable.csv			insufficient_rows_or_targets				4030	300.0	3.0	significant	significant_response_l1_gain	huber_regression	observability	20261119.0						
analyses/multiverse/results/scalar_unavailable.csv			insufficient_rows_or_targets				4034	300.0	3.0	significant	significant_response_l1_gain	huber_regression	reproducibility	20261031.0						
analyses/multiverse/results/scalar_unavailable.csv			insufficient_rows_or_targets				4038	300.0	3.0	significant	significant_response_l1_gain	huber_regression	no_state	20261013.0						
analyses/multiverse/results/scalar_unavailable.csv			insufficient_rows_or_targets				4042	300.0	3.0	significant	significant_response_l1_gain	sparse_nonlinear	minimal	20260929.0						
analyses/multiverse/results/scalar_unavailable.csv			insufficient_rows_or_targets				4046	300.0	3.0	significant	significant_response_l1_gain	sparse_nonlinear	observability	20260912.0						
analyses/multiverse/results/scalar_unavailable.csv			insufficient_rows_or_targets				4050	300.0	3.0	significant	significant_response_l1_gain	sparse_nonlinear	observability	20261119.0						
analyses/multiverse/results/scalar_unavailable.csv			insufficient_rows_or_targets				4054	300.0	3.0	significant	significant_response_l1_gain	sparse_nonlinear	reproducibility	20261031.0						
analyses/multiverse/results/scalar_unavailable.csv			insufficient_rows_or_targets				4058	300.0	3.0	significant	significant_response_l1_gain	sparse_nonlinear	no_state	20261013.0						
analyses/multiverse/results/scalar_unavailable.csv			insufficient_rows_or_targets				4062	300.0	3.0	significant	significant_response_l1_gain	graph_readout	minimal	20260929.0						
analyses/multiverse/results/scalar_unavailable.csv			insufficient_rows_or_targets				4066	300.0	3.0	significant	significant_response_l1_gain	graph_readout	observability	20260912.0						
analyses/multiverse/results/scalar_unavailable.csv			insufficient_rows_or_targets				4070	300.0	3.0	significant	significant_response_l1_gain	graph_readout	observability	20261119.0						
analyses/multiverse/results/scalar_unavailable.csv			insufficient_rows_or_targets				4074	300.0	3.0	significant	significant_response_l1_gain	graph_readout	reproducibility	20261031.0						
analyses/multiverse/results/scalar_unavailable.csv			insufficient_rows_or_targets				4078	300.0	3.0	significant	significant_response_l1_gain	graph_readout	no_state	20261013.0						
analyses/multiverse/results/scalar_unavailable.csv			insufficient_rows_or_targets				4082	300.0	3.0	significant_and_absolute_z_at_least_2	distal_gene_count_residual	ridge	minimal	20260929.0						
analyses/multiverse/results/scalar_unavailable.csv			insufficient_rows_or_targets				4086	300.0	3.0	significant_and_absolute_z_at_least_2	distal_gene_count_residual	ridge	observability	20260912.0						
analyses/multiverse/results/scalar_unavailable.csv			insufficient_rows_or_targets				4090	300.0	3.0	significant_and_absolute_z_at_least_2	distal_gene_count_residual	ridge	observability	20261119.0						
analyses/multiverse/results/scalar_unavailable.csv			insufficient_rows_or_targets				4094	300.0	3.0	significant_and_absolute_z_at_least_2	distal_gene_count_residual	ridge	reproducibility	20261031.0						
analyses/multiverse/results/scalar_unavailable.csv			insufficient_rows_or_targets				4098	300.0	3.0	significant_and_absolute_z_at_least_2	distal_gene_count_residual	ridge	no_state	20261013.0						
analyses/multiverse/results/scalar_unavailable.csv			insufficient_rows_or_targets				4102	300.0	3.0	significant_and_absolute_z_at_least_2	distal_gene_count_residual	huber_regression	minimal	20260929.0						
analyses/multiverse/results/scalar_unavailable.csv			insufficient_rows_or_targets				4106	300.0	3.0	significant_and_absolute_z_at_least_2	distal_gene_count_residual	huber_regression	observability	20260912.0						
analyses/multiverse/results/scalar_unavailable.csv			insufficient_rows_or_targets				4110	300.0	3.0	significant_and_absolute_z_at_least_2	distal_gene_count_residual	huber_regression	observability	20261119.0						
analyses/multiverse/results/scalar_unavailable.csv			insufficient_rows_or_targets				4114	300.0	3.0	significant_and_absolute_z_at_least_2	distal_gene_count_residual	huber_regression	reproducibility	20261031.0						
analyses/multiverse/results/scalar_unavailable.csv			insufficient_rows_or_targets				4118	300.0	3.0	significant_and_absolute_z_at_least_2	distal_gene_count_residual	huber_regression	no_state	20261013.0						
analyses/multiverse/results/scalar_unavailable.csv			insufficient_rows_or_targets				4122	300.0	3.0	significant_and_absolute_z_at_least_2	distal_gene_count_residual	sparse_nonlinear	minimal	20260929.0						
analyses/multiverse/results/scalar_unavailable.csv			insufficient_rows_or_targets				4126	300.0	3.0	significant_and_absolute_z_at_least_2	distal_gene_count_residual	sparse_nonlinear	observability	20260912.0						
analyses/multiverse/results/scalar_unavailable.csv			insufficient_rows_or_targets				4130	300.0	3.0	significant_and_absolute_z_at_least_2	distal_gene_count_residual	sparse_nonlinear	observability	20261119.0						
analyses/multiverse/results/scalar_unavailable.csv			insufficient_rows_or_targets				4134	300.0	3.0	significant_and_absolute_z_at_least_2	distal_gene_count_residual	sparse_nonlinear	reproducibility	20261031.0						
analyses/multiverse/results/scalar_unavailable.csv			insufficient_rows_or_targets				4138	300.0	3.0	significant_and_absolute_z_at_least_2	distal_gene_count_residual	sparse_nonlinear	no_state	20261013.0						
analyses/multiverse/results/scalar_unavailable.csv			insufficient_rows_or_targets				4142	300.0	3.0	significant_and_absolute_z_at_least_2	distal_gene_count_residual	graph_readout	minimal	20260929.0						
analyses/multiverse/results/scalar_unavailable.csv			insufficient_rows_or_targets				4146	300.0	3.0	significant_and_absolute_z_at_least_2	distal_gene_count_residual	graph_readout	observability	20260912.0						
analyses/multiverse/results/scalar_unavailable.csv			insufficient_rows_or_targets				4150	300.0	3.0	significant_and_absolute_z_at_least_2	distal_gene_count_residual	graph_readout	observability	20261119.0						
analyses/multiverse/results/scalar_unavailable.csv			insufficient_rows_or_targets				4154	300.0	3.0	significant_and_absolute_z_at_least_2	distal_gene_count_residual	graph_readout	reproducibility	20261031.0						
analyses/multiverse/results/scalar_unavailable.csv			insufficient_rows_or_targets				4158	300.0	3.0	significant_and_absolute_z_at_least_2	distal_gene_count_residual	graph_readout	no_state	20261013.0						
analyses/multiverse/results/scalar_unavailable.csv			insufficient_rows_or_targets				4162	300.0	3.0	significant_and_absolute_z_at_least_2	debiased_response_l2_gain	ridge	minimal	20260929.0						
analyses/multiverse/results/scalar_unavailable.csv			insufficient_rows_or_targets				4166	300.0	3.0	significant_and_absolute_z_at_least_2	debiased_response_l2_gain	ridge	observability	20260912.0						
analyses/multiverse/results/scalar_unavailable.csv			insufficient_rows_or_targets				4170	300.0	3.0	significant_and_absolute_z_at_least_2	debiased_response_l2_gain	ridge	observability	20261119.0						
analyses/multiverse/results/scalar_unavailable.csv			insufficient_rows_or_targets				4174	300.0	3.0	significant_and_absolute_z_at_least_2	debiased_response_l2_gain	ridge	reproducibility	20261031.0						
analyses/multiverse/results/scalar_unavailable.csv			insufficient_rows_or_targets				4178	300.0	3.0	significant_and_absolute_z_at_least_2	debiased_response_l2_gain	ridge	no_state	20261013.0						
analyses/multiverse/results/scalar_unavailable.csv			insufficient_rows_or_targets				4182	300.0	3.0	significant_and_absolute_z_at_least_2	debiased_response_l2_gain	huber_regression	minimal	20260929.0						
analyses/multiverse/results/scalar_unavailable.csv			insufficient_rows_or_targets				4186	300.0	3.0	significant_and_absolute_z_at_least_2	debiased_response_l2_gain	huber_regression	observability	20260912.0						
analyses/multiverse/results/scalar_unavailable.csv			insufficient_rows_or_targets				4190	300.0	3.0	significant_and_absolute_z_at_least_2	debiased_response_l2_gain	huber_regression	observability	20261119.0						
analyses/multiverse/results/scalar_unavailable.csv			insufficient_rows_or_targets				4194	300.0	3.0	significant_and_absolute_z_at_least_2	debiased_response_l2_gain	huber_regression	reproducibility	20261031.0						
analyses/multiverse/results/scalar_unavailable.csv			insufficient_rows_or_targets				4198	300.0	3.0	significant_and_absolute_z_at_least_2	debiased_response_l2_gain	huber_regression	no_state	20261013.0						
analyses/multiverse/results/scalar_unavailable.csv			insufficient_rows_or_targets				4202	300.0	3.0	significant_and_absolute_z_at_least_2	debiased_response_l2_gain	sparse_nonlinear	minimal	20260929.0						
analyses/multiverse/results/scalar_unavailable.csv			insufficient_rows_or_targets				4206	300.0	3.0	significant_and_absolute_z_at_least_2	debiased_response_l2_gain	sparse_nonlinear	observability	20260912.0						
analyses/multiverse/results/scalar_unavailable.csv			insufficient_rows_or_targets				4210	300.0	3.0	significant_and_absolute_z_at_least_2	debiased_response_l2_gain	sparse_nonlinear	observability	20261119.0						
analyses/multiverse/results/scalar_unavailable.csv			insufficient_rows_or_targets				4214	300.0	3.0	significant_and_absolute_z_at_least_2	debiased_response_l2_gain	sparse_nonlinear	reproducibility	20261031.0						
analyses/multiverse/results/scalar_unavailable.csv			insufficient_rows_or_targets				4218	300.0	3.0	significant_and_absolute_z_at_least_2	debiased_response_l2_gain	sparse_nonlinear	no_state	20261013.0						
analyses/multiverse/results/scalar_unavailable.csv			insufficient_rows_or_targets				4222	300.0	3.0	significant_and_absolute_z_at_least_2	debiased_response_l2_gain	graph_readout	minimal	20260929.0						
analyses/multiverse/results/scalar_unavailable.csv			insufficient_rows_or_targets				4226	300.0	3.0	significant_and_absolute_z_at_least_2	debiased_response_l2_gain	graph_readout	observability	20260912.0						
analyses/multiverse/results/scalar_unavailable.csv			insufficient_rows_or_targets				4230	300.0	3.0	significant_and_absolute_z_at_least_2	debiased_response_l2_gain	graph_readout	observability	20261119.0						
analyses/multiverse/results/scalar_unavailable.csv			insufficient_rows_or_targets				4234	300.0	3.0	significant_and_absolute_z_at_least_2	debiased_response_l2_gain	graph_readout	reproducibility	20261031.0						
analyses/multiverse/results/scalar_unavailable.csv			insufficient_rows_or_targets				4238	300.0	3.0	significant_and_absolute_z_at_least_2	debiased_response_l2_gain	graph_readout	no_state	20261013.0						
analyses/multiverse/results/scalar_unavailable.csv			insufficient_rows_or_targets				4242	300.0	3.0	significant_and_absolute_z_at_least_2	significant_response_l1_gain	ridge	minimal	20260929.0						
analyses/multiverse/results/scalar_unavailable.csv			insufficient_rows_or_targets				4246	300.0	3.0	significant_and_absolute_z_at_least_2	significant_response_l1_gain	ridge	observability	20260912.0						
analyses/multiverse/results/scalar_unavailable.csv			insufficient_rows_or_targets				4250	300.0	3.0	significant_and_absolute_z_at_least_2	significant_response_l1_gain	ridge	observability	20261119.0						
analyses/multiverse/results/scalar_unavailable.csv			insufficient_rows_or_targets				4254	300.0	3.0	significant_and_absolute_z_at_least_2	significant_response_l1_gain	ridge	reproducibility	20261031.0						
analyses/multiverse/results/scalar_unavailable.csv			insufficient_rows_or_targets				4258	300.0	3.0	significant_and_absolute_z_at_least_2	significant_response_l1_gain	ridge	no_state	20261013.0						
analyses/multiverse/results/scalar_unavailable.csv			insufficient_rows_or_targets				4262	300.0	3.0	significant_and_absolute_z_at_least_2	significant_response_l1_gain	huber_regression	minimal	20260929.0						
analyses/multiverse/results/scalar_unavailable.csv			insufficient_rows_or_targets				4266	300.0	3.0	significant_and_absolute_z_at_least_2	significant_response_l1_gain	huber_regression	observability	20260912.0						
analyses/multiverse/results/scalar_unavailable.csv			insufficient_rows_or_targets				4270	300.0	3.0	significant_and_absolute_z_at_least_2	significant_response_l1_gain	huber_regression	observability	20261119.0						
analyses/multiverse/results/scalar_unavailable.csv			insufficient_rows_or_targets				4274	300.0	3.0	significant_and_absolute_z_at_least_2	significant_response_l1_gain	huber_regression	reproducibility	20261031.0						
analyses/multiverse/results/scalar_unavailable.csv			insufficient_rows_or_targets				4278	300.0	3.0	significant_and_absolute_z_at_least_2	significant_response_l1_gain	huber_regression	no_state	20261013.0						
analyses/multiverse/results/scalar_unavailable.csv			insufficient_rows_or_targets				4282	300.0	3.0	significant_and_absolute_z_at_least_2	significant_response_l1_gain	sparse_nonlinear	minimal	20260929.0						
analyses/multiverse/results/scalar_unavailable.csv			insufficient_rows_or_targets				4286	300.0	3.0	significant_and_absolute_z_at_least_2	significant_response_l1_gain	sparse_nonlinear	observability	20260912.0						
analyses/multiverse/results/scalar_unavailable.csv			insufficient_rows_or_targets				4290	300.0	3.0	significant_and_absolute_z_at_least_2	significant_response_l1_gain	sparse_nonlinear	observability	20261119.0						
analyses/multiverse/results/scalar_unavailable.csv			insufficient_rows_or_targets				4294	300.0	3.0	significant_and_absolute_z_at_least_2	significant_response_l1_gain	sparse_nonlinear	reproducibility	20261031.0						
analyses/multiverse/results/scalar_unavailable.csv			insufficient_rows_or_targets				4298	300.0	3.0	significant_and_absolute_z_at_least_2	significant_response_l1_gain	sparse_nonlinear	no_state	20261013.0						
analyses/multiverse/results/scalar_unavailable.csv			insufficient_rows_or_targets				4302	300.0	3.0	significant_and_absolute_z_at_least_2	significant_response_l1_gain	graph_readout	minimal	20260929.0						
analyses/multiverse/results/scalar_unavailable.csv			insufficient_rows_or_targets				4306	300.0	3.0	significant_and_absolute_z_at_least_2	significant_response_l1_gain	graph_readout	observability	20260912.0						
analyses/multiverse/results/scalar_unavailable.csv			insufficient_rows_or_targets				4310	300.0	3.0	significant_and_absolute_z_at_least_2	significant_response_l1_gain	graph_readout	observability	20261119.0						
analyses/multiverse/results/scalar_unavailable.csv			insufficient_rows_or_targets				4314	300.0	3.0	significant_and_absolute_z_at_least_2	significant_response_l1_gain	graph_readout	reproducibility	20261031.0						
analyses/multiverse/results/scalar_unavailable.csv			insufficient_rows_or_targets				4318	300.0	3.0	significant_and_absolute_z_at_least_2	significant_response_l1_gain	graph_readout	no_state	20261013.0						
analyses/multiverse/results/scalar_unavailable.csv			insufficient_rows_or_targets				963	100.0	3.0	significant	distal_gene_count_residual	ridge	minimal	20261013.0						
analyses/multiverse/results/scalar_unavailable.csv			insufficient_rows_or_targets				967	100.0	3.0	significant	distal_gene_count_residual	ridge	observability	20260929.0						
analyses/multiverse/results/scalar_unavailable.csv			insufficient_rows_or_targets				971	100.0	3.0	significant	distal_gene_count_residual	ridge	reproducibility	20260912.0						
analyses/multiverse/results/scalar_unavailable.csv			insufficient_rows_or_targets				975	100.0	3.0	significant	distal_gene_count_residual	ridge	reproducibility	20261119.0						
analyses/multiverse/results/scalar_unavailable.csv			insufficient_rows_or_targets				979	100.0	3.0	significant	distal_gene_count_residual	ridge	no_state	20261031.0						
analyses/multiverse/results/scalar_unavailable.csv			insufficient_rows_or_targets				983	100.0	3.0	significant	distal_gene_count_residual	huber_regression	minimal	20261013.0						
analyses/multiverse/results/scalar_unavailable.csv			insufficient_rows_or_targets				987	100.0	3.0	significant	distal_gene_count_residual	huber_regression	observability	20260929.0						
analyses/multiverse/results/scalar_unavailable.csv			insufficient_rows_or_targets				991	100.0	3.0	significant	distal_gene_count_residual	huber_regression	reproducibility	20260912.0						
analyses/multiverse/results/scalar_unavailable.csv			insufficient_rows_or_targets				995	100.0	3.0	significant	distal_gene_count_residual	huber_regression	reproducibility	20261119.0						
analyses/multiverse/results/scalar_unavailable.csv			insufficient_rows_or_targets				999	100.0	3.0	significant	distal_gene_count_residual	huber_regression	no_state	20261031.0						
analyses/multiverse/results/scalar_unavailable.csv			insufficient_rows_or_targets				1003	100.0	3.0	significant	distal_gene_count_residual	sparse_nonlinear	minimal	20261013.0						
analyses/multiverse/results/scalar_unavailable.csv			insufficient_rows_or_targets				1007	100.0	3.0	significant	distal_gene_count_residual	sparse_nonlinear	observability	20260929.0						
analyses/multiverse/results/scalar_unavailable.csv			insufficient_rows_or_targets				1011	100.0	3.0	significant	distal_gene_count_residual	sparse_nonlinear	reproducibility	20260912.0						
analyses/multiverse/results/scalar_unavailable.csv			insufficient_rows_or_targets				1015	100.0	3.0	significant	distal_gene_count_residual	sparse_nonlinear	reproducibility	20261119.0						
analyses/multiverse/results/scalar_unavailable.csv			insufficient_rows_or_targets				1019	100.0	3.0	significant	distal_gene_count_residual	sparse_nonlinear	no_state	20261031.0						
analyses/multiverse/results/scalar_unavailable.csv			insufficient_rows_or_targets				1023	100.0	3.0	significant	distal_gene_count_residual	graph_readout	minimal	20261013.0						
analyses/multiverse/results/scalar_unavailable.csv			insufficient_rows_or_targets				1027	100.0	3.0	significant	distal_gene_count_residual	graph_readout	observability	20260929.0						
analyses/multiverse/results/scalar_unavailable.csv			insufficient_rows_or_targets				1031	100.0	3.0	significant	distal_gene_count_residual	graph_readout	reproducibility	20260912.0						
analyses/multiverse/results/scalar_unavailable.csv			insufficient_rows_or_targets				1035	100.0	3.0	significant	distal_gene_count_residual	graph_readout	reproducibility	20261119.0						
analyses/multiverse/results/scalar_unavailable.csv			insufficient_rows_or_targets				1039	100.0	3.0	significant	distal_gene_count_residual	graph_readout	no_state	20261031.0						
analyses/multiverse/results/scalar_unavailable.csv			insufficient_rows_or_targets				1043	100.0	3.0	significant	debiased_response_l2_gain	ridge	minimal	20261013.0						
analyses/multiverse/results/scalar_unavailable.csv			insufficient_rows_or_targets				1047	100.0	3.0	significant	debiased_response_l2_gain	ridge	observability	20260929.0						
analyses/multiverse/results/scalar_unavailable.csv			insufficient_rows_or_targets				1051	100.0	3.0	significant	debiased_response_l2_gain	ridge	reproducibility	20260912.0						
analyses/multiverse/results/scalar_unavailable.csv			insufficient_rows_or_targets				1055	100.0	3.0	significant	debiased_response_l2_gain	ridge	reproducibility	20261119.0						
analyses/multiverse/results/scalar_unavailable.csv			insufficient_rows_or_targets				1059	100.0	3.0	significant	debiased_response_l2_gain	ridge	no_state	20261031.0						
analyses/multiverse/results/scalar_unavailable.csv			insufficient_rows_or_targets				1063	100.0	3.0	significant	debiased_response_l2_gain	huber_regression	minimal	20261013.0						
analyses/multiverse/results/scalar_unavailable.csv			insufficient_rows_or_targets				1067	100.0	3.0	significant	debiased_response_l2_gain	huber_regression	observability	20260929.0						
analyses/multiverse/results/scalar_unavailable.csv			insufficient_rows_or_targets				1071	100.0	3.0	significant	debiased_response_l2_gain	huber_regression	reproducibility	20260912.0						
analyses/multiverse/results/scalar_unavailable.csv			insufficient_rows_or_targets				1075	100.0	3.0	significant	debiased_response_l2_gain	huber_regression	reproducibility	20261119.0						
analyses/multiverse/results/scalar_unavailable.csv			insufficient_rows_or_targets				1079	100.0	3.0	significant	debiased_response_l2_gain	huber_regression	no_state	20261031.0						
analyses/multiverse/results/scalar_unavailable.csv			insufficient_rows_or_targets				1083	100.0	3.0	significant	debiased_response_l2_gain	sparse_nonlinear	minimal	20261013.0						
analyses/multiverse/results/scalar_unavailable.csv			insufficient_rows_or_targets				1087	100.0	3.0	significant	debiased_response_l2_gain	sparse_nonlinear	observability	20260929.0						
analyses/multiverse/results/scalar_unavailable.csv			insufficient_rows_or_targets				1091	100.0	3.0	significant	debiased_response_l2_gain	sparse_nonlinear	reproducibility	20260912.0						
analyses/multiverse/results/scalar_unavailable.csv			insufficient_rows_or_targets				1095	100.0	3.0	significant	debiased_response_l2_gain	sparse_nonlinear	reproducibility	20261119.0						
analyses/multiverse/results/scalar_unavailable.csv			insufficient_rows_or_targets				1099	100.0	3.0	significant	debiased_response_l2_gain	sparse_nonlinear	no_state	20261031.0						
analyses/multiverse/results/scalar_unavailable.csv			insufficient_rows_or_targets				1103	100.0	3.0	significant	debiased_response_l2_gain	graph_readout	minimal	20261013.0						
analyses/multiverse/results/scalar_unavailable.csv			insufficient_rows_or_targets				1107	100.0	3.0	significant	debiased_response_l2_gain	graph_readout	observability	20260929.0						
analyses/multiverse/results/scalar_unavailable.csv			insufficient_rows_or_targets				1111	100.0	3.0	significant	debiased_response_l2_gain	graph_readout	reproducibility	20260912.0						
analyses/multiverse/results/scalar_unavailable.csv			insufficient_rows_or_targets				1115	100.0	3.0	significant	debiased_response_l2_gain	graph_readout	reproducibility	20261119.0						
analyses/multiverse/results/scalar_unavailable.csv			insufficient_rows_or_targets				1119	100.0	3.0	significant	debiased_response_l2_gain	graph_readout	no_state	20261031.0						
analyses/multiverse/results/scalar_unavailable.csv			insufficient_rows_or_targets				1123	100.0	3.0	significant	significant_response_l1_gain	ridge	minimal	20261013.0						
analyses/multiverse/results/scalar_unavailable.csv			insufficient_rows_or_targets				1127	100.0	3.0	significant	significant_response_l1_gain	ridge	observability	20260929.0						
analyses/multiverse/results/scalar_unavailable.csv			insufficient_rows_or_targets				1131	100.0	3.0	significant	significant_response_l1_gain	ridge	reproducibility	20260912.0						
analyses/multiverse/results/scalar_unavailable.csv			insufficient_rows_or_targets				1135	100.0	3.0	significant	significant_response_l1_gain	ridge	reproducibility	20261119.0						
analyses/multiverse/results/scalar_unavailable.csv			insufficient_rows_or_targets				1139	100.0	3.0	significant	significant_response_l1_gain	ridge	no_state	20261031.0						
analyses/multiverse/results/scalar_unavailable.csv			insufficient_rows_or_targets				1143	100.0	3.0	significant	significant_response_l1_gain	huber_regression	minimal	20261013.0						
analyses/multiverse/results/scalar_unavailable.csv			insufficient_rows_or_targets				1147	100.0	3.0	significant	significant_response_l1_gain	huber_regression	observability	20260929.0						
analyses/multiverse/results/scalar_unavailable.csv			insufficient_rows_or_targets				1151	100.0	3.0	significant	significant_response_l1_gain	huber_regression	reproducibility	20260912.0						
analyses/multiverse/results/scalar_unavailable.csv			insufficient_rows_or_targets				1155	100.0	3.0	significant	significant_response_l1_gain	huber_regression	reproducibility	20261119.0						
analyses/multiverse/results/scalar_unavailable.csv			insufficient_rows_or_targets				1159	100.0	3.0	significant	significant_response_l1_gain	huber_regression	no_state	20261031.0						
analyses/multiverse/results/scalar_unavailable.csv			insufficient_rows_or_targets				1163	100.0	3.0	significant	significant_response_l1_gain	sparse_nonlinear	minimal	20261013.0						
analyses/multiverse/results/scalar_unavailable.csv			insufficient_rows_or_targets				1167	100.0	3.0	significant	significant_response_l1_gain	sparse_nonlinear	observability	20260929.0						
analyses/multiverse/results/scalar_unavailable.csv			insufficient_rows_or_targets				1171	100.0	3.0	significant	significant_response_l1_gain	sparse_nonlinear	reproducibility	20260912.0						
analyses/multiverse/results/scalar_unavailable.csv			insufficient_rows_or_targets				1175	100.0	3.0	significant	significant_response_l1_gain	sparse_nonlinear	reproducibility	20261119.0						
analyses/multiverse/results/scalar_unavailable.csv			insufficient_rows_or_targets				1179	100.0	3.0	significant	significant_response_l1_gain	sparse_nonlinear	no_state	20261031.0						
analyses/multiverse/results/scalar_unavailable.csv			insufficient_rows_or_targets				1183	100.0	3.0	significant	significant_response_l1_gain	graph_readout	minimal	20261013.0						
analyses/multiverse/results/scalar_unavailable.csv			insufficient_rows_or_targets				1187	100.0	3.0	significant	significant_response_l1_gain	graph_readout	observability	20260929.0						
analyses/multiverse/results/scalar_unavailable.csv			insufficient_rows_or_targets				1191	100.0	3.0	significant	significant_response_l1_gain	graph_readout	reproducibility	20260912.0						
analyses/multiverse/results/scalar_unavailable.csv			insufficient_rows_or_targets				1195	100.0	3.0	significant	significant_response_l1_gain	graph_readout	reproducibility	20261119.0						
analyses/multiverse/results/scalar_unavailable.csv			insufficient_rows_or_targets				1199	100.0	3.0	significant	significant_response_l1_gain	graph_readout	no_state	20261031.0						
analyses/multiverse/results/scalar_unavailable.csv			insufficient_rows_or_targets				1203	100.0	3.0	significant_and_absolute_z_at_least_2	distal_gene_count_residual	ridge	minimal	20261013.0						
analyses/multiverse/results/scalar_unavailable.csv			insufficient_rows_or_targets				1207	100.0	3.0	significant_and_absolute_z_at_least_2	distal_gene_count_residual	ridge	observability	20260929.0						
analyses/multiverse/results/scalar_unavailable.csv			insufficient_rows_or_targets				1211	100.0	3.0	significant_and_absolute_z_at_least_2	distal_gene_count_residual	ridge	reproducibility	20260912.0						
analyses/multiverse/results/scalar_unavailable.csv			insufficient_rows_or_targets				1215	100.0	3.0	significant_and_absolute_z_at_least_2	distal_gene_count_residual	ridge	reproducibility	20261119.0						
analyses/multiverse/results/scalar_unavailable.csv			insufficient_rows_or_targets				1219	100.0	3.0	significant_and_absolute_z_at_least_2	distal_gene_count_residual	ridge	no_state	20261031.0						
analyses/multiverse/results/scalar_unavailable.csv			insufficient_rows_or_targets				1223	100.0	3.0	significant_and_absolute_z_at_least_2	distal_gene_count_residual	huber_regression	minimal	20261013.0						
analyses/multiverse/results/scalar_unavailable.csv			insufficient_rows_or_targets				1227	100.0	3.0	significant_and_absolute_z_at_least_2	distal_gene_count_residual	huber_regression	observability	20260929.0						
analyses/multiverse/results/scalar_unavailable.csv			insufficient_rows_or_targets				1231	100.0	3.0	significant_and_absolute_z_at_least_2	distal_gene_count_residual	huber_regression	reproducibility	20260912.0						
analyses/multiverse/results/scalar_unavailable.csv			insufficient_rows_or_targets				1235	100.0	3.0	significant_and_absolute_z_at_least_2	distal_gene_count_residual	huber_regression	reproducibility	20261119.0						
analyses/multiverse/results/scalar_unavailable.csv			insufficient_rows_or_targets				1239	100.0	3.0	significant_and_absolute_z_at_least_2	distal_gene_count_residual	huber_regression	no_state	20261031.0						
analyses/multiverse/results/scalar_unavailable.csv			insufficient_rows_or_targets				1243	100.0	3.0	significant_and_absolute_z_at_least_2	distal_gene_count_residual	sparse_nonlinear	minimal	20261013.0						
analyses/multiverse/results/scalar_unavailable.csv			insufficient_rows_or_targets				1247	100.0	3.0	significant_and_absolute_z_at_least_2	distal_gene_count_residual	sparse_nonlinear	observability	20260929.0						
analyses/multiverse/results/scalar_unavailable.csv			insufficient_rows_or_targets				1251	100.0	3.0	significant_and_absolute_z_at_least_2	distal_gene_count_residual	sparse_nonlinear	reproducibility	20260912.0						
analyses/multiverse/results/scalar_unavailable.csv			insufficient_rows_or_targets				1255	100.0	3.0	significant_and_absolute_z_at_least_2	distal_gene_count_residual	sparse_nonlinear	reproducibility	20261119.0						
analyses/multiverse/results/scalar_unavailable.csv			insufficient_rows_or_targets				1259	100.0	3.0	significant_and_absolute_z_at_least_2	distal_gene_count_residual	sparse_nonlinear	no_state	20261031.0						
analyses/multiverse/results/scalar_unavailable.csv			insufficient_rows_or_targets				1263	100.0	3.0	significant_and_absolute_z_at_least_2	distal_gene_count_residual	graph_readout	minimal	20261013.0						
analyses/multiverse/results/scalar_unavailable.csv			insufficient_rows_or_targets				1267	100.0	3.0	significant_and_absolute_z_at_least_2	distal_gene_count_residual	graph_readout	observability	20260929.0						
analyses/multiverse/results/scalar_unavailable.csv			insufficient_rows_or_targets				1271	100.0	3.0	significant_and_absolute_z_at_least_2	distal_gene_count_residual	graph_readout	reproducibility	20260912.0						
analyses/multiverse/results/scalar_unavailable.csv			insufficient_rows_or_targets				1275	100.0	3.0	significant_and_absolute_z_at_least_2	distal_gene_count_residual	graph_readout	reproducibility	20261119.0						
analyses/multiverse/results/scalar_unavailable.csv			insufficient_rows_or_targets				1279	100.0	3.0	significant_and_absolute_z_at_least_2	distal_gene_count_residual	graph_readout	no_state	20261031.0						
analyses/multiverse/results/scalar_unavailable.csv			insufficient_rows_or_targets				1283	100.0	3.0	significant_and_absolute_z_at_least_2	debiased_response_l2_gain	ridge	minimal	20261013.0						
analyses/multiverse/results/scalar_unavailable.csv			insufficient_rows_or_targets				1287	100.0	3.0	significant_and_absolute_z_at_least_2	debiased_response_l2_gain	ridge	observability	20260929.0						
analyses/multiverse/results/scalar_unavailable.csv			insufficient_rows_or_targets				1291	100.0	3.0	significant_and_absolute_z_at_least_2	debiased_response_l2_gain	ridge	reproducibility	20260912.0						
analyses/multiverse/results/scalar_unavailable.csv			insufficient_rows_or_targets				1295	100.0	3.0	significant_and_absolute_z_at_least_2	debiased_response_l2_gain	ridge	reproducibility	20261119.0						
analyses/multiverse/results/scalar_unavailable.csv			insufficient_rows_or_targets				1299	100.0	3.0	significant_and_absolute_z_at_least_2	debiased_response_l2_gain	ridge	no_state	20261031.0						
analyses/multiverse/results/scalar_unavailable.csv			insufficient_rows_or_targets				1303	100.0	3.0	significant_and_absolute_z_at_least_2	debiased_response_l2_gain	huber_regression	minimal	20261013.0						
analyses/multiverse/results/scalar_unavailable.csv			insufficient_rows_or_targets				1307	100.0	3.0	significant_and_absolute_z_at_least_2	debiased_response_l2_gain	huber_regression	observability	20260929.0						
analyses/multiverse/results/scalar_unavailable.csv			insufficient_rows_or_targets				1311	100.0	3.0	significant_and_absolute_z_at_least_2	debiased_response_l2_gain	huber_regression	reproducibility	20260912.0						
analyses/multiverse/results/scalar_unavailable.csv			insufficient_rows_or_targets				1315	100.0	3.0	significant_and_absolute_z_at_least_2	debiased_response_l2_gain	huber_regression	reproducibility	20261119.0						
analyses/multiverse/results/scalar_unavailable.csv			insufficient_rows_or_targets				1319	100.0	3.0	significant_and_absolute_z_at_least_2	debiased_response_l2_gain	huber_regression	no_state	20261031.0						
analyses/multiverse/results/scalar_unavailable.csv			insufficient_rows_or_targets				1323	100.0	3.0	significant_and_absolute_z_at_least_2	debiased_response_l2_gain	sparse_nonlinear	minimal	20261013.0						
analyses/multiverse/results/scalar_unavailable.csv			insufficient_rows_or_targets				1327	100.0	3.0	significant_and_absolute_z_at_least_2	debiased_response_l2_gain	sparse_nonlinear	observability	20260929.0						
analyses/multiverse/results/scalar_unavailable.csv			insufficient_rows_or_targets				1331	100.0	3.0	significant_and_absolute_z_at_least_2	debiased_response_l2_gain	sparse_nonlinear	reproducibility	20260912.0						
analyses/multiverse/results/scalar_unavailable.csv			insufficient_rows_or_targets				1335	100.0	3.0	significant_and_absolute_z_at_least_2	debiased_response_l2_gain	sparse_nonlinear	reproducibility	20261119.0						
analyses/multiverse/results/scalar_unavailable.csv			insufficient_rows_or_targets				1339	100.0	3.0	significant_and_absolute_z_at_least_2	debiased_response_l2_gain	sparse_nonlinear	no_state	20261031.0						
analyses/multiverse/results/scalar_unavailable.csv			insufficient_rows_or_targets				1343	100.0	3.0	significant_and_absolute_z_at_least_2	debiased_response_l2_gain	graph_readout	minimal	20261013.0						
analyses/multiverse/results/scalar_unavailable.csv			insufficient_rows_or_targets				1347	100.0	3.0	significant_and_absolute_z_at_least_2	debiased_response_l2_gain	graph_readout	observability	20260929.0						
analyses/multiverse/results/scalar_unavailable.csv			insufficient_rows_or_targets				1351	100.0	3.0	significant_and_absolute_z_at_least_2	debiased_response_l2_gain	graph_readout	reproducibility	20260912.0						
analyses/multiverse/results/scalar_unavailable.csv			insufficient_rows_or_targets				1355	100.0	3.0	significant_and_absolute_z_at_least_2	debiased_response_l2_gain	graph_readout	reproducibility	20261119.0						
analyses/multiverse/results/scalar_unavailable.csv			insufficient_rows_or_targets				1359	100.0	3.0	significant_and_absolute_z_at_least_2	debiased_response_l2_gain	graph_readout	no_state	20261031.0						
analyses/multiverse/results/scalar_unavailable.csv			insufficient_rows_or_targets				1363	100.0	3.0	significant_and_absolute_z_at_least_2	significant_response_l1_gain	ridge	minimal	20261013.0						
analyses/multiverse/results/scalar_unavailable.csv			insufficient_rows_or_targets				1367	100.0	3.0	significant_and_absolute_z_at_least_2	significant_response_l1_gain	ridge	observability	20260929.0						
analyses/multiverse/results/scalar_unavailable.csv			insufficient_rows_or_targets				1371	100.0	3.0	significant_and_absolute_z_at_least_2	significant_response_l1_gain	ridge	reproducibility	20260912.0						
analyses/multiverse/results/scalar_unavailable.csv			insufficient_rows_or_targets				1375	100.0	3.0	significant_and_absolute_z_at_least_2	significant_response_l1_gain	ridge	reproducibility	20261119.0						
analyses/multiverse/results/scalar_unavailable.csv			insufficient_rows_or_targets				1379	100.0	3.0	significant_and_absolute_z_at_least_2	significant_response_l1_gain	ridge	no_state	20261031.0						
analyses/multiverse/results/scalar_unavailable.csv			insufficient_rows_or_targets				1383	100.0	3.0	significant_and_absolute_z_at_least_2	significant_response_l1_gain	huber_regression	minimal	20261013.0						
analyses/multiverse/results/scalar_unavailable.csv			insufficient_rows_or_targets				1387	100.0	3.0	significant_and_absolute_z_at_least_2	significant_response_l1_gain	huber_regression	observability	20260929.0						
analyses/multiverse/results/scalar_unavailable.csv			insufficient_rows_or_targets				1391	100.0	3.0	significant_and_absolute_z_at_least_2	significant_response_l1_gain	huber_regression	reproducibility	20260912.0						
analyses/multiverse/results/scalar_unavailable.csv			insufficient_rows_or_targets				1395	100.0	3.0	significant_and_absolute_z_at_least_2	significant_response_l1_gain	huber_regression	reproducibility	20261119.0						
analyses/multiverse/results/scalar_unavailable.csv			insufficient_rows_or_targets				1399	100.0	3.0	significant_and_absolute_z_at_least_2	significant_response_l1_gain	huber_regression	no_state	20261031.0						
analyses/multiverse/results/scalar_unavailable.csv			insufficient_rows_or_targets				1403	100.0	3.0	significant_and_absolute_z_at_least_2	significant_response_l1_gain	sparse_nonlinear	minimal	20261013.0						
analyses/multiverse/results/scalar_unavailable.csv			insufficient_rows_or_targets				1407	100.0	3.0	significant_and_absolute_z_at_least_2	significant_response_l1_gain	sparse_nonlinear	observability	20260929.0						
analyses/multiverse/results/scalar_unavailable.csv			insufficient_rows_or_targets				1411	100.0	3.0	significant_and_absolute_z_at_least_2	significant_response_l1_gain	sparse_nonlinear	reproducibility	20260912.0						
analyses/multiverse/results/scalar_unavailable.csv			insufficient_rows_or_targets				1415	100.0	3.0	significant_and_absolute_z_at_least_2	significant_response_l1_gain	sparse_nonlinear	reproducibility	20261119.0						
analyses/multiverse/results/scalar_unavailable.csv			insufficient_rows_or_targets				1419	100.0	3.0	significant_and_absolute_z_at_least_2	significant_response_l1_gain	sparse_nonlinear	no_state	20261031.0						
analyses/multiverse/results/scalar_unavailable.csv			insufficient_rows_or_targets				1423	100.0	3.0	significant_and_absolute_z_at_least_2	significant_response_l1_gain	graph_readout	minimal	20261013.0						
analyses/multiverse/results/scalar_unavailable.csv			insufficient_rows_or_targets				1427	100.0	3.0	significant_and_absolute_z_at_least_2	significant_response_l1_gain	graph_readout	observability	20260929.0						
analyses/multiverse/results/scalar_unavailable.csv			insufficient_rows_or_targets				1431	100.0	3.0	significant_and_absolute_z_at_least_2	significant_response_l1_gain	graph_readout	reproducibility	20260912.0						
analyses/multiverse/results/scalar_unavailable.csv			insufficient_rows_or_targets				1435	100.0	3.0	significant_and_absolute_z_at_least_2	significant_response_l1_gain	graph_readout	reproducibility	20261119.0						
analyses/multiverse/results/scalar_unavailable.csv			insufficient_rows_or_targets				1439	100.0	3.0	significant_and_absolute_z_at_least_2	significant_response_l1_gain	graph_readout	no_state	20261031.0						
analyses/multiverse/results/scalar_unavailable.csv			insufficient_rows_or_targets				2403	200.0	3.0	significant	distal_gene_count_residual	ridge	minimal	20261013.0						
analyses/multiverse/results/scalar_unavailable.csv			insufficient_rows_or_targets				2407	200.0	3.0	significant	distal_gene_count_residual	ridge	observability	20260929.0						
analyses/multiverse/results/scalar_unavailable.csv			insufficient_rows_or_targets				2411	200.0	3.0	significant	distal_gene_count_residual	ridge	reproducibility	20260912.0						
analyses/multiverse/results/scalar_unavailable.csv			insufficient_rows_or_targets				2415	200.0	3.0	significant	distal_gene_count_residual	ridge	reproducibility	20261119.0						
analyses/multiverse/results/scalar_unavailable.csv			insufficient_rows_or_targets				2419	200.0	3.0	significant	distal_gene_count_residual	ridge	no_state	20261031.0						
analyses/multiverse/results/scalar_unavailable.csv			insufficient_rows_or_targets				2423	200.0	3.0	significant	distal_gene_count_residual	huber_regression	minimal	20261013.0						
analyses/multiverse/results/scalar_unavailable.csv			insufficient_rows_or_targets				2427	200.0	3.0	significant	distal_gene_count_residual	huber_regression	observability	20260929.0						
analyses/multiverse/results/scalar_unavailable.csv			insufficient_rows_or_targets				2431	200.0	3.0	significant	distal_gene_count_residual	huber_regression	reproducibility	20260912.0						
analyses/multiverse/results/scalar_unavailable.csv			insufficient_rows_or_targets				2435	200.0	3.0	significant	distal_gene_count_residual	huber_regression	reproducibility	20261119.0						
analyses/multiverse/results/scalar_unavailable.csv			insufficient_rows_or_targets				2439	200.0	3.0	significant	distal_gene_count_residual	huber_regression	no_state	20261031.0						
analyses/multiverse/results/scalar_unavailable.csv			insufficient_rows_or_targets				2443	200.0	3.0	significant	distal_gene_count_residual	sparse_nonlinear	minimal	20261013.0						
analyses/multiverse/results/scalar_unavailable.csv			insufficient_rows_or_targets				2447	200.0	3.0	significant	distal_gene_count_residual	sparse_nonlinear	observability	20260929.0						
analyses/multiverse/results/scalar_unavailable.csv			insufficient_rows_or_targets				2451	200.0	3.0	significant	distal_gene_count_residual	sparse_nonlinear	reproducibility	20260912.0						
analyses/multiverse/results/scalar_unavailable.csv			insufficient_rows_or_targets				2455	200.0	3.0	significant	distal_gene_count_residual	sparse_nonlinear	reproducibility	20261119.0						
analyses/multiverse/results/scalar_unavailable.csv			insufficient_rows_or_targets				2459	200.0	3.0	significant	distal_gene_count_residual	sparse_nonlinear	no_state	20261031.0						
analyses/multiverse/results/scalar_unavailable.csv			insufficient_rows_or_targets				2463	200.0	3.0	significant	distal_gene_count_residual	graph_readout	minimal	20261013.0						
analyses/multiverse/results/scalar_unavailable.csv			insufficient_rows_or_targets				2467	200.0	3.0	significant	distal_gene_count_residual	graph_readout	observability	20260929.0						
analyses/multiverse/results/scalar_unavailable.csv			insufficient_rows_or_targets				2471	200.0	3.0	significant	distal_gene_count_residual	graph_readout	reproducibility	20260912.0						
analyses/multiverse/results/scalar_unavailable.csv			insufficient_rows_or_targets				2475	200.0	3.0	significant	distal_gene_count_residual	graph_readout	reproducibility	20261119.0						
analyses/multiverse/results/scalar_unavailable.csv			insufficient_rows_or_targets				2479	200.0	3.0	significant	distal_gene_count_residual	graph_readout	no_state	20261031.0						
analyses/multiverse/results/scalar_unavailable.csv			insufficient_rows_or_targets				2483	200.0	3.0	significant	debiased_response_l2_gain	ridge	minimal	20261013.0						
analyses/multiverse/results/scalar_unavailable.csv			insufficient_rows_or_targets				2487	200.0	3.0	significant	debiased_response_l2_gain	ridge	observability	20260929.0						
analyses/multiverse/results/scalar_unavailable.csv			insufficient_rows_or_targets				2491	200.0	3.0	significant	debiased_response_l2_gain	ridge	reproducibility	20260912.0						
analyses/multiverse/results/scalar_unavailable.csv			insufficient_rows_or_targets				2495	200.0	3.0	significant	debiased_response_l2_gain	ridge	reproducibility	20261119.0						
analyses/multiverse/results/scalar_unavailable.csv			insufficient_rows_or_targets				2499	200.0	3.0	significant	debiased_response_l2_gain	ridge	no_state	20261031.0						
analyses/multiverse/results/scalar_unavailable.csv			insufficient_rows_or_targets				2503	200.0	3.0	significant	debiased_response_l2_gain	huber_regression	minimal	20261013.0						
analyses/multiverse/results/scalar_unavailable.csv			insufficient_rows_or_targets				2507	200.0	3.0	significant	debiased_response_l2_gain	huber_regression	observability	20260929.0						
analyses/multiverse/results/scalar_unavailable.csv			insufficient_rows_or_targets				2511	200.0	3.0	significant	debiased_response_l2_gain	huber_regression	reproducibility	20260912.0						
analyses/multiverse/results/scalar_unavailable.csv			insufficient_rows_or_targets				2515	200.0	3.0	significant	debiased_response_l2_gain	huber_regression	reproducibility	20261119.0						
analyses/multiverse/results/scalar_unavailable.csv			insufficient_rows_or_targets				2519	200.0	3.0	significant	debiased_response_l2_gain	huber_regression	no_state	20261031.0						
analyses/multiverse/results/scalar_unavailable.csv			insufficient_rows_or_targets				2523	200.0	3.0	significant	debiased_response_l2_gain	sparse_nonlinear	minimal	20261013.0						
analyses/multiverse/results/scalar_unavailable.csv			insufficient_rows_or_targets				2527	200.0	3.0	significant	debiased_response_l2_gain	sparse_nonlinear	observability	20260929.0						
analyses/multiverse/results/scalar_unavailable.csv			insufficient_rows_or_targets				2531	200.0	3.0	significant	debiased_response_l2_gain	sparse_nonlinear	reproducibility	20260912.0						
analyses/multiverse/results/scalar_unavailable.csv			insufficient_rows_or_targets				2535	200.0	3.0	significant	debiased_response_l2_gain	sparse_nonlinear	reproducibility	20261119.0						
analyses/multiverse/results/scalar_unavailable.csv			insufficient_rows_or_targets				2539	200.0	3.0	significant	debiased_response_l2_gain	sparse_nonlinear	no_state	20261031.0						
analyses/multiverse/results/scalar_unavailable.csv			insufficient_rows_or_targets				2543	200.0	3.0	significant	debiased_response_l2_gain	graph_readout	minimal	20261013.0						
analyses/multiverse/results/scalar_unavailable.csv			insufficient_rows_or_targets				2547	200.0	3.0	significant	debiased_response_l2_gain	graph_readout	observability	20260929.0						
analyses/multiverse/results/scalar_unavailable.csv			insufficient_rows_or_targets				2551	200.0	3.0	significant	debiased_response_l2_gain	graph_readout	reproducibility	20260912.0						
analyses/multiverse/results/scalar_unavailable.csv			insufficient_rows_or_targets				2555	200.0	3.0	significant	debiased_response_l2_gain	graph_readout	reproducibility	20261119.0						
analyses/multiverse/results/scalar_unavailable.csv			insufficient_rows_or_targets				2559	200.0	3.0	significant	debiased_response_l2_gain	graph_readout	no_state	20261031.0						
analyses/multiverse/results/scalar_unavailable.csv			insufficient_rows_or_targets				2563	200.0	3.0	significant	significant_response_l1_gain	ridge	minimal	20261013.0						
analyses/multiverse/results/scalar_unavailable.csv			insufficient_rows_or_targets				2567	200.0	3.0	significant	significant_response_l1_gain	ridge	observability	20260929.0						
analyses/multiverse/results/scalar_unavailable.csv			insufficient_rows_or_targets				2571	200.0	3.0	significant	significant_response_l1_gain	ridge	reproducibility	20260912.0						
analyses/multiverse/results/scalar_unavailable.csv			insufficient_rows_or_targets				2575	200.0	3.0	significant	significant_response_l1_gain	ridge	reproducibility	20261119.0						
analyses/multiverse/results/scalar_unavailable.csv			insufficient_rows_or_targets				2579	200.0	3.0	significant	significant_response_l1_gain	ridge	no_state	20261031.0						
analyses/multiverse/results/scalar_unavailable.csv			insufficient_rows_or_targets				2583	200.0	3.0	significant	significant_response_l1_gain	huber_regression	minimal	20261013.0						
analyses/multiverse/results/scalar_unavailable.csv			insufficient_rows_or_targets				2587	200.0	3.0	significant	significant_response_l1_gain	huber_regression	observability	20260929.0						
analyses/multiverse/results/scalar_unavailable.csv			insufficient_rows_or_targets				2591	200.0	3.0	significant	significant_response_l1_gain	huber_regression	reproducibility	20260912.0						
analyses/multiverse/results/scalar_unavailable.csv			insufficient_rows_or_targets				2595	200.0	3.0	significant	significant_response_l1_gain	huber_regression	reproducibility	20261119.0						
analyses/multiverse/results/scalar_unavailable.csv			insufficient_rows_or_targets				2599	200.0	3.0	significant	significant_response_l1_gain	huber_regression	no_state	20261031.0						
analyses/multiverse/results/scalar_unavailable.csv			insufficient_rows_or_targets				2603	200.0	3.0	significant	significant_response_l1_gain	sparse_nonlinear	minimal	20261013.0						
analyses/multiverse/results/scalar_unavailable.csv			insufficient_rows_or_targets				2607	200.0	3.0	significant	significant_response_l1_gain	sparse_nonlinear	observability	20260929.0						
analyses/multiverse/results/scalar_unavailable.csv			insufficient_rows_or_targets				2611	200.0	3.0	significant	significant_response_l1_gain	sparse_nonlinear	reproducibility	20260912.0						
analyses/multiverse/results/scalar_unavailable.csv			insufficient_rows_or_targets				2615	200.0	3.0	significant	significant_response_l1_gain	sparse_nonlinear	reproducibility	20261119.0						
analyses/multiverse/results/scalar_unavailable.csv			insufficient_rows_or_targets				2619	200.0	3.0	significant	significant_response_l1_gain	sparse_nonlinear	no_state	20261031.0						
analyses/multiverse/results/scalar_unavailable.csv			insufficient_rows_or_targets				2623	200.0	3.0	significant	significant_response_l1_gain	graph_readout	minimal	20261013.0						
analyses/multiverse/results/scalar_unavailable.csv			insufficient_rows_or_targets				2627	200.0	3.0	significant	significant_response_l1_gain	graph_readout	observability	20260929.0						
analyses/multiverse/results/scalar_unavailable.csv			insufficient_rows_or_targets				2631	200.0	3.0	significant	significant_response_l1_gain	graph_readout	reproducibility	20260912.0						
analyses/multiverse/results/scalar_unavailable.csv			insufficient_rows_or_targets				2635	200.0	3.0	significant	significant_response_l1_gain	graph_readout	reproducibility	20261119.0						
analyses/multiverse/results/scalar_unavailable.csv			insufficient_rows_or_targets				2639	200.0	3.0	significant	significant_response_l1_gain	graph_readout	no_state	20261031.0						
analyses/multiverse/results/scalar_unavailable.csv			insufficient_rows_or_targets				2643	200.0	3.0	significant_and_absolute_z_at_least_2	distal_gene_count_residual	ridge	minimal	20261013.0						
analyses/multiverse/results/scalar_unavailable.csv			insufficient_rows_or_targets				2647	200.0	3.0	significant_and_absolute_z_at_least_2	distal_gene_count_residual	ridge	observability	20260929.0						
analyses/multiverse/results/scalar_unavailable.csv			insufficient_rows_or_targets				2651	200.0	3.0	significant_and_absolute_z_at_least_2	distal_gene_count_residual	ridge	reproducibility	20260912.0						
analyses/multiverse/results/scalar_unavailable.csv			insufficient_rows_or_targets				2655	200.0	3.0	significant_and_absolute_z_at_least_2	distal_gene_count_residual	ridge	reproducibility	20261119.0						
analyses/multiverse/results/scalar_unavailable.csv			insufficient_rows_or_targets				2659	200.0	3.0	significant_and_absolute_z_at_least_2	distal_gene_count_residual	ridge	no_state	20261031.0						
analyses/multiverse/results/scalar_unavailable.csv			insufficient_rows_or_targets				2663	200.0	3.0	significant_and_absolute_z_at_least_2	distal_gene_count_residual	huber_regression	minimal	20261013.0						
analyses/multiverse/results/scalar_unavailable.csv			insufficient_rows_or_targets				2667	200.0	3.0	significant_and_absolute_z_at_least_2	distal_gene_count_residual	huber_regression	observability	20260929.0						
analyses/multiverse/results/scalar_unavailable.csv			insufficient_rows_or_targets				2671	200.0	3.0	significant_and_absolute_z_at_least_2	distal_gene_count_residual	huber_regression	reproducibility	20260912.0						
analyses/multiverse/results/scalar_unavailable.csv			insufficient_rows_or_targets				2675	200.0	3.0	significant_and_absolute_z_at_least_2	distal_gene_count_residual	huber_regression	reproducibility	20261119.0						
analyses/multiverse/results/scalar_unavailable.csv			insufficient_rows_or_targets				2679	200.0	3.0	significant_and_absolute_z_at_least_2	distal_gene_count_residual	huber_regression	no_state	20261031.0						
analyses/multiverse/results/scalar_unavailable.csv			insufficient_rows_or_targets				2683	200.0	3.0	significant_and_absolute_z_at_least_2	distal_gene_count_residual	sparse_nonlinear	minimal	20261013.0						
analyses/multiverse/results/scalar_unavailable.csv			insufficient_rows_or_targets				2687	200.0	3.0	significant_and_absolute_z_at_least_2	distal_gene_count_residual	sparse_nonlinear	observability	20260929.0						
analyses/multiverse/results/scalar_unavailable.csv			insufficient_rows_or_targets				2691	200.0	3.0	significant_and_absolute_z_at_least_2	distal_gene_count_residual	sparse_nonlinear	reproducibility	20260912.0						
analyses/multiverse/results/scalar_unavailable.csv			insufficient_rows_or_targets				2695	200.0	3.0	significant_and_absolute_z_at_least_2	distal_gene_count_residual	sparse_nonlinear	reproducibility	20261119.0						
analyses/multiverse/results/scalar_unavailable.csv			insufficient_rows_or_targets				2699	200.0	3.0	significant_and_absolute_z_at_least_2	distal_gene_count_residual	sparse_nonlinear	no_state	20261031.0						
analyses/multiverse/results/scalar_unavailable.csv			insufficient_rows_or_targets				2703	200.0	3.0	significant_and_absolute_z_at_least_2	distal_gene_count_residual	graph_readout	minimal	20261013.0						
analyses/multiverse/results/scalar_unavailable.csv			insufficient_rows_or_targets				2707	200.0	3.0	significant_and_absolute_z_at_least_2	distal_gene_count_residual	graph_readout	observability	20260929.0						
analyses/multiverse/results/scalar_unavailable.csv			insufficient_rows_or_targets				2711	200.0	3.0	significant_and_absolute_z_at_least_2	distal_gene_count_residual	graph_readout	reproducibility	20260912.0						
analyses/multiverse/results/scalar_unavailable.csv			insufficient_rows_or_targets				2715	200.0	3.0	significant_and_absolute_z_at_least_2	distal_gene_count_residual	graph_readout	reproducibility	20261119.0						
analyses/multiverse/results/scalar_unavailable.csv			insufficient_rows_or_targets				2719	200.0	3.0	significant_and_absolute_z_at_least_2	distal_gene_count_residual	graph_readout	no_state	20261031.0						
analyses/multiverse/results/scalar_unavailable.csv			insufficient_rows_or_targets				2723	200.0	3.0	significant_and_absolute_z_at_least_2	debiased_response_l2_gain	ridge	minimal	20261013.0						
analyses/multiverse/results/scalar_unavailable.csv			insufficient_rows_or_targets				2727	200.0	3.0	significant_and_absolute_z_at_least_2	debiased_response_l2_gain	ridge	observability	20260929.0						
analyses/multiverse/results/scalar_unavailable.csv			insufficient_rows_or_targets				2731	200.0	3.0	significant_and_absolute_z_at_least_2	debiased_response_l2_gain	ridge	reproducibility	20260912.0						
analyses/multiverse/results/scalar_unavailable.csv			insufficient_rows_or_targets				2735	200.0	3.0	significant_and_absolute_z_at_least_2	debiased_response_l2_gain	ridge	reproducibility	20261119.0						
analyses/multiverse/results/scalar_unavailable.csv			insufficient_rows_or_targets				2739	200.0	3.0	significant_and_absolute_z_at_least_2	debiased_response_l2_gain	ridge	no_state	20261031.0						
analyses/multiverse/results/scalar_unavailable.csv			insufficient_rows_or_targets				2743	200.0	3.0	significant_and_absolute_z_at_least_2	debiased_response_l2_gain	huber_regression	minimal	20261013.0						
analyses/multiverse/results/scalar_unavailable.csv			insufficient_rows_or_targets				2747	200.0	3.0	significant_and_absolute_z_at_least_2	debiased_response_l2_gain	huber_regression	observability	20260929.0						
analyses/multiverse/results/scalar_unavailable.csv			insufficient_rows_or_targets				2751	200.0	3.0	significant_and_absolute_z_at_least_2	debiased_response_l2_gain	huber_regression	reproducibility	20260912.0						
analyses/multiverse/results/scalar_unavailable.csv			insufficient_rows_or_targets				2755	200.0	3.0	significant_and_absolute_z_at_least_2	debiased_response_l2_gain	huber_regression	reproducibility	20261119.0						
analyses/multiverse/results/scalar_unavailable.csv			insufficient_rows_or_targets				2759	200.0	3.0	significant_and_absolute_z_at_least_2	debiased_response_l2_gain	huber_regression	no_state	20261031.0						
analyses/multiverse/results/scalar_unavailable.csv			insufficient_rows_or_targets				2763	200.0	3.0	significant_and_absolute_z_at_least_2	debiased_response_l2_gain	sparse_nonlinear	minimal	20261013.0						
analyses/multiverse/results/scalar_unavailable.csv			insufficient_rows_or_targets				2767	200.0	3.0	significant_and_absolute_z_at_least_2	debiased_response_l2_gain	sparse_nonlinear	observability	20260929.0						
analyses/multiverse/results/scalar_unavailable.csv			insufficient_rows_or_targets				2771	200.0	3.0	significant_and_absolute_z_at_least_2	debiased_response_l2_gain	sparse_nonlinear	reproducibility	20260912.0						
analyses/multiverse/results/scalar_unavailable.csv			insufficient_rows_or_targets				2775	200.0	3.0	significant_and_absolute_z_at_least_2	debiased_response_l2_gain	sparse_nonlinear	reproducibility	20261119.0						
analyses/multiverse/results/scalar_unavailable.csv			insufficient_rows_or_targets				2779	200.0	3.0	significant_and_absolute_z_at_least_2	debiased_response_l2_gain	sparse_nonlinear	no_state	20261031.0						
analyses/multiverse/results/scalar_unavailable.csv			insufficient_rows_or_targets				2783	200.0	3.0	significant_and_absolute_z_at_least_2	debiased_response_l2_gain	graph_readout	minimal	20261013.0						
analyses/multiverse/results/scalar_unavailable.csv			insufficient_rows_or_targets				2787	200.0	3.0	significant_and_absolute_z_at_least_2	debiased_response_l2_gain	graph_readout	observability	20260929.0						
analyses/multiverse/results/scalar_unavailable.csv			insufficient_rows_or_targets				2791	200.0	3.0	significant_and_absolute_z_at_least_2	debiased_response_l2_gain	graph_readout	reproducibility	20260912.0						
analyses/multiverse/results/scalar_unavailable.csv			insufficient_rows_or_targets				2795	200.0	3.0	significant_and_absolute_z_at_least_2	debiased_response_l2_gain	graph_readout	reproducibility	20261119.0						
analyses/multiverse/results/scalar_unavailable.csv			insufficient_rows_or_targets				2799	200.0	3.0	significant_and_absolute_z_at_least_2	debiased_response_l2_gain	graph_readout	no_state	20261031.0						
analyses/multiverse/results/scalar_unavailable.csv			insufficient_rows_or_targets				2803	200.0	3.0	significant_and_absolute_z_at_least_2	significant_response_l1_gain	ridge	minimal	20261013.0						
analyses/multiverse/results/scalar_unavailable.csv			insufficient_rows_or_targets				2807	200.0	3.0	significant_and_absolute_z_at_least_2	significant_response_l1_gain	ridge	observability	20260929.0						
analyses/multiverse/results/scalar_unavailable.csv			insufficient_rows_or_targets				2811	200.0	3.0	significant_and_absolute_z_at_least_2	significant_response_l1_gain	ridge	reproducibility	20260912.0						
analyses/multiverse/results/scalar_unavailable.csv			insufficient_rows_or_targets				2815	200.0	3.0	significant_and_absolute_z_at_least_2	significant_response_l1_gain	ridge	reproducibility	20261119.0						
analyses/multiverse/results/scalar_unavailable.csv			insufficient_rows_or_targets				2819	200.0	3.0	significant_and_absolute_z_at_least_2	significant_response_l1_gain	ridge	no_state	20261031.0						
analyses/multiverse/results/scalar_unavailable.csv			insufficient_rows_or_targets				2823	200.0	3.0	significant_and_absolute_z_at_least_2	significant_response_l1_gain	huber_regression	minimal	20261013.0						
analyses/multiverse/results/scalar_unavailable.csv			insufficient_rows_or_targets				2827	200.0	3.0	significant_and_absolute_z_at_least_2	significant_response_l1_gain	huber_regression	observability	20260929.0						
analyses/multiverse/results/scalar_unavailable.csv			insufficient_rows_or_targets				2831	200.0	3.0	significant_and_absolute_z_at_least_2	significant_response_l1_gain	huber_regression	reproducibility	20260912.0						
analyses/multiverse/results/scalar_unavailable.csv			insufficient_rows_or_targets				2835	200.0	3.0	significant_and_absolute_z_at_least_2	significant_response_l1_gain	huber_regression	reproducibility	20261119.0						
analyses/multiverse/results/scalar_unavailable.csv			insufficient_rows_or_targets				2839	200.0	3.0	significant_and_absolute_z_at_least_2	significant_response_l1_gain	huber_regression	no_state	20261031.0						
analyses/multiverse/results/scalar_unavailable.csv			insufficient_rows_or_targets				2843	200.0	3.0	significant_and_absolute_z_at_least_2	significant_response_l1_gain	sparse_nonlinear	minimal	20261013.0						
analyses/multiverse/results/scalar_unavailable.csv			insufficient_rows_or_targets				2847	200.0	3.0	significant_and_absolute_z_at_least_2	significant_response_l1_gain	sparse_nonlinear	observability	20260929.0						
analyses/multiverse/results/scalar_unavailable.csv			insufficient_rows_or_targets				2851	200.0	3.0	significant_and_absolute_z_at_least_2	significant_response_l1_gain	sparse_nonlinear	reproducibility	20260912.0						
analyses/multiverse/results/scalar_unavailable.csv			insufficient_rows_or_targets				2855	200.0	3.0	significant_and_absolute_z_at_least_2	significant_response_l1_gain	sparse_nonlinear	reproducibility	20261119.0						
analyses/multiverse/results/scalar_unavailable.csv			insufficient_rows_or_targets				2859	200.0	3.0	significant_and_absolute_z_at_least_2	significant_response_l1_gain	sparse_nonlinear	no_state	20261031.0						
analyses/multiverse/results/scalar_unavailable.csv			insufficient_rows_or_targets				2863	200.0	3.0	significant_and_absolute_z_at_least_2	significant_response_l1_gain	graph_readout	minimal	20261013.0						
analyses/multiverse/results/scalar_unavailable.csv			insufficient_rows_or_targets				2867	200.0	3.0	significant_and_absolute_z_at_least_2	significant_response_l1_gain	graph_readout	observability	20260929.0						
analyses/multiverse/results/scalar_unavailable.csv			insufficient_rows_or_targets				2871	200.0	3.0	significant_and_absolute_z_at_least_2	significant_response_l1_gain	graph_readout	reproducibility	20260912.0						
analyses/multiverse/results/scalar_unavailable.csv			insufficient_rows_or_targets				2875	200.0	3.0	significant_and_absolute_z_at_least_2	significant_response_l1_gain	graph_readout	reproducibility	20261119.0						
analyses/multiverse/results/scalar_unavailable.csv			insufficient_rows_or_targets				2879	200.0	3.0	significant_and_absolute_z_at_least_2	significant_response_l1_gain	graph_readout	no_state	20261031.0						
analyses/multiverse/results/scalar_unavailable.csv			insufficient_rows_or_targets				3843	300.0	3.0	significant	distal_gene_count_residual	ridge	minimal	20261013.0						
analyses/multiverse/results/scalar_unavailable.csv			insufficient_rows_or_targets				3847	300.0	3.0	significant	distal_gene_count_residual	ridge	observability	20260929.0						
analyses/multiverse/results/scalar_unavailable.csv			insufficient_rows_or_targets				3851	300.0	3.0	significant	distal_gene_count_residual	ridge	reproducibility	20260912.0						
analyses/multiverse/results/scalar_unavailable.csv			insufficient_rows_or_targets				3855	300.0	3.0	significant	distal_gene_count_residual	ridge	reproducibility	20261119.0						
analyses/multiverse/results/scalar_unavailable.csv			insufficient_rows_or_targets				3859	300.0	3.0	significant	distal_gene_count_residual	ridge	no_state	20261031.0						
analyses/multiverse/results/scalar_unavailable.csv			insufficient_rows_or_targets				3863	300.0	3.0	significant	distal_gene_count_residual	huber_regression	minimal	20261013.0						
analyses/multiverse/results/scalar_unavailable.csv			insufficient_rows_or_targets				3867	300.0	3.0	significant	distal_gene_count_residual	huber_regression	observability	20260929.0						
analyses/multiverse/results/scalar_unavailable.csv			insufficient_rows_or_targets				3871	300.0	3.0	significant	distal_gene_count_residual	huber_regression	reproducibility	20260912.0						
analyses/multiverse/results/scalar_unavailable.csv			insufficient_rows_or_targets				3875	300.0	3.0	significant	distal_gene_count_residual	huber_regression	reproducibility	20261119.0						
analyses/multiverse/results/scalar_unavailable.csv			insufficient_rows_or_targets				3879	300.0	3.0	significant	distal_gene_count_residual	huber_regression	no_state	20261031.0						
analyses/multiverse/results/scalar_unavailable.csv			insufficient_rows_or_targets				3883	300.0	3.0	significant	distal_gene_count_residual	sparse_nonlinear	minimal	20261013.0						
analyses/multiverse/results/scalar_unavailable.csv			insufficient_rows_or_targets				3887	300.0	3.0	significant	distal_gene_count_residual	sparse_nonlinear	observability	20260929.0						
analyses/multiverse/results/scalar_unavailable.csv			insufficient_rows_or_targets				3891	300.0	3.0	significant	distal_gene_count_residual	sparse_nonlinear	reproducibility	20260912.0						
analyses/multiverse/results/scalar_unavailable.csv			insufficient_rows_or_targets				3895	300.0	3.0	significant	distal_gene_count_residual	sparse_nonlinear	reproducibility	20261119.0						
analyses/multiverse/results/scalar_unavailable.csv			insufficient_rows_or_targets				3899	300.0	3.0	significant	distal_gene_count_residual	sparse_nonlinear	no_state	20261031.0						
analyses/multiverse/results/scalar_unavailable.csv			insufficient_rows_or_targets				3903	300.0	3.0	significant	distal_gene_count_residual	graph_readout	minimal	20261013.0						
analyses/multiverse/results/scalar_unavailable.csv			insufficient_rows_or_targets				3907	300.0	3.0	significant	distal_gene_count_residual	graph_readout	observability	20260929.0						
analyses/multiverse/results/scalar_unavailable.csv			insufficient_rows_or_targets				3911	300.0	3.0	significant	distal_gene_count_residual	graph_readout	reproducibility	20260912.0						
analyses/multiverse/results/scalar_unavailable.csv			insufficient_rows_or_targets				3915	300.0	3.0	significant	distal_gene_count_residual	graph_readout	reproducibility	20261119.0						
analyses/multiverse/results/scalar_unavailable.csv			insufficient_rows_or_targets				3919	300.0	3.0	significant	distal_gene_count_residual	graph_readout	no_state	20261031.0						
analyses/multiverse/results/scalar_unavailable.csv			insufficient_rows_or_targets				3923	300.0	3.0	significant	debiased_response_l2_gain	ridge	minimal	20261013.0						
analyses/multiverse/results/scalar_unavailable.csv			insufficient_rows_or_targets				3927	300.0	3.0	significant	debiased_response_l2_gain	ridge	observability	20260929.0						
analyses/multiverse/results/scalar_unavailable.csv			insufficient_rows_or_targets				3931	300.0	3.0	significant	debiased_response_l2_gain	ridge	reproducibility	20260912.0						
analyses/multiverse/results/scalar_unavailable.csv			insufficient_rows_or_targets				3935	300.0	3.0	significant	debiased_response_l2_gain	ridge	reproducibility	20261119.0						
analyses/multiverse/results/scalar_unavailable.csv			insufficient_rows_or_targets				3939	300.0	3.0	significant	debiased_response_l2_gain	ridge	no_state	20261031.0						
analyses/multiverse/results/scalar_unavailable.csv			insufficient_rows_or_targets				3943	300.0	3.0	significant	debiased_response_l2_gain	huber_regression	minimal	20261013.0						
analyses/multiverse/results/scalar_unavailable.csv			insufficient_rows_or_targets				3947	300.0	3.0	significant	debiased_response_l2_gain	huber_regression	observability	20260929.0						
analyses/multiverse/results/scalar_unavailable.csv			insufficient_rows_or_targets				3951	300.0	3.0	significant	debiased_response_l2_gain	huber_regression	reproducibility	20260912.0						
analyses/multiverse/results/scalar_unavailable.csv			insufficient_rows_or_targets				3955	300.0	3.0	significant	debiased_response_l2_gain	huber_regression	reproducibility	20261119.0						
analyses/multiverse/results/scalar_unavailable.csv			insufficient_rows_or_targets				3959	300.0	3.0	significant	debiased_response_l2_gain	huber_regression	no_state	20261031.0						
analyses/multiverse/results/scalar_unavailable.csv			insufficient_rows_or_targets				3963	300.0	3.0	significant	debiased_response_l2_gain	sparse_nonlinear	minimal	20261013.0						
analyses/multiverse/results/scalar_unavailable.csv			insufficient_rows_or_targets				3967	300.0	3.0	significant	debiased_response_l2_gain	sparse_nonlinear	observability	20260929.0						
analyses/multiverse/results/scalar_unavailable.csv			insufficient_rows_or_targets				3971	300.0	3.0	significant	debiased_response_l2_gain	sparse_nonlinear	reproducibility	20260912.0						
analyses/multiverse/results/scalar_unavailable.csv			insufficient_rows_or_targets				3975	300.0	3.0	significant	debiased_response_l2_gain	sparse_nonlinear	reproducibility	20261119.0						
analyses/multiverse/results/scalar_unavailable.csv			insufficient_rows_or_targets				3979	300.0	3.0	significant	debiased_response_l2_gain	sparse_nonlinear	no_state	20261031.0						
analyses/multiverse/results/scalar_unavailable.csv			insufficient_rows_or_targets				3983	300.0	3.0	significant	debiased_response_l2_gain	graph_readout	minimal	20261013.0						
analyses/multiverse/results/scalar_unavailable.csv			insufficient_rows_or_targets				3987	300.0	3.0	significant	debiased_response_l2_gain	graph_readout	observability	20260929.0						
analyses/multiverse/results/scalar_unavailable.csv			insufficient_rows_or_targets				3991	300.0	3.0	significant	debiased_response_l2_gain	graph_readout	reproducibility	20260912.0						
analyses/multiverse/results/scalar_unavailable.csv			insufficient_rows_or_targets				3995	300.0	3.0	significant	debiased_response_l2_gain	graph_readout	reproducibility	20261119.0						
analyses/multiverse/results/scalar_unavailable.csv			insufficient_rows_or_targets				3999	300.0	3.0	significant	debiased_response_l2_gain	graph_readout	no_state	20261031.0						
analyses/multiverse/results/scalar_unavailable.csv			insufficient_rows_or_targets				4003	300.0	3.0	significant	significant_response_l1_gain	ridge	minimal	20261013.0						
analyses/multiverse/results/scalar_unavailable.csv			insufficient_rows_or_targets				4007	300.0	3.0	significant	significant_response_l1_gain	ridge	observability	20260929.0						
analyses/multiverse/results/scalar_unavailable.csv			insufficient_rows_or_targets				4011	300.0	3.0	significant	significant_response_l1_gain	ridge	reproducibility	20260912.0						
analyses/multiverse/results/scalar_unavailable.csv			insufficient_rows_or_targets				4015	300.0	3.0	significant	significant_response_l1_gain	ridge	reproducibility	20261119.0						
analyses/multiverse/results/scalar_unavailable.csv			insufficient_rows_or_targets				4019	300.0	3.0	significant	significant_response_l1_gain	ridge	no_state	20261031.0						
analyses/multiverse/results/scalar_unavailable.csv			insufficient_rows_or_targets				4023	300.0	3.0	significant	significant_response_l1_gain	huber_regression	minimal	20261013.0						
analyses/multiverse/results/scalar_unavailable.csv			insufficient_rows_or_targets				4027	300.0	3.0	significant	significant_response_l1_gain	huber_regression	observability	20260929.0						
analyses/multiverse/results/scalar_unavailable.csv			insufficient_rows_or_targets				4031	300.0	3.0	significant	significant_response_l1_gain	huber_regression	reproducibility	20260912.0						
analyses/multiverse/results/scalar_unavailable.csv			insufficient_rows_or_targets				4035	300.0	3.0	significant	significant_response_l1_gain	huber_regression	reproducibility	20261119.0						
analyses/multiverse/results/scalar_unavailable.csv			insufficient_rows_or_targets				4039	300.0	3.0	significant	significant_response_l1_gain	huber_regression	no_state	20261031.0						
analyses/multiverse/results/scalar_unavailable.csv			insufficient_rows_or_targets				4043	300.0	3.0	significant	significant_response_l1_gain	sparse_nonlinear	minimal	20261013.0						
analyses/multiverse/results/scalar_unavailable.csv			insufficient_rows_or_targets				4047	300.0	3.0	significant	significant_response_l1_gain	sparse_nonlinear	observability	20260929.0						
analyses/multiverse/results/scalar_unavailable.csv			insufficient_rows_or_targets				4051	300.0	3.0	significant	significant_response_l1_gain	sparse_nonlinear	reproducibility	20260912.0						
analyses/multiverse/results/scalar_unavailable.csv			insufficient_rows_or_targets				4055	300.0	3.0	significant	significant_response_l1_gain	sparse_nonlinear	reproducibility	20261119.0						
analyses/multiverse/results/scalar_unavailable.csv			insufficient_rows_or_targets				4059	300.0	3.0	significant	significant_response_l1_gain	sparse_nonlinear	no_state	20261031.0						
analyses/multiverse/results/scalar_unavailable.csv			insufficient_rows_or_targets				4063	300.0	3.0	significant	significant_response_l1_gain	graph_readout	minimal	20261013.0						
analyses/multiverse/results/scalar_unavailable.csv			insufficient_rows_or_targets				4067	300.0	3.0	significant	significant_response_l1_gain	graph_readout	observability	20260929.0						
analyses/multiverse/results/scalar_unavailable.csv			insufficient_rows_or_targets				4071	300.0	3.0	significant	significant_response_l1_gain	graph_readout	reproducibility	20260912.0						
analyses/multiverse/results/scalar_unavailable.csv			insufficient_rows_or_targets				4075	300.0	3.0	significant	significant_response_l1_gain	graph_readout	reproducibility	20261119.0						
analyses/multiverse/results/scalar_unavailable.csv			insufficient_rows_or_targets				4079	300.0	3.0	significant	significant_response_l1_gain	graph_readout	no_state	20261031.0						
analyses/multiverse/results/scalar_unavailable.csv			insufficient_rows_or_targets				4083	300.0	3.0	significant_and_absolute_z_at_least_2	distal_gene_count_residual	ridge	minimal	20261013.0						
analyses/multiverse/results/scalar_unavailable.csv			insufficient_rows_or_targets				4087	300.0	3.0	significant_and_absolute_z_at_least_2	distal_gene_count_residual	ridge	observability	20260929.0						
analyses/multiverse/results/scalar_unavailable.csv			insufficient_rows_or_targets				4091	300.0	3.0	significant_and_absolute_z_at_least_2	distal_gene_count_residual	ridge	reproducibility	20260912.0						
analyses/multiverse/results/scalar_unavailable.csv			insufficient_rows_or_targets				4095	300.0	3.0	significant_and_absolute_z_at_least_2	distal_gene_count_residual	ridge	reproducibility	20261119.0						
analyses/multiverse/results/scalar_unavailable.csv			insufficient_rows_or_targets				4099	300.0	3.0	significant_and_absolute_z_at_least_2	distal_gene_count_residual	ridge	no_state	20261031.0						
analyses/multiverse/results/scalar_unavailable.csv			insufficient_rows_or_targets				4103	300.0	3.0	significant_and_absolute_z_at_least_2	distal_gene_count_residual	huber_regression	minimal	20261013.0						
analyses/multiverse/results/scalar_unavailable.csv			insufficient_rows_or_targets				4107	300.0	3.0	significant_and_absolute_z_at_least_2	distal_gene_count_residual	huber_regression	observability	20260929.0						
analyses/multiverse/results/scalar_unavailable.csv			insufficient_rows_or_targets				4111	300.0	3.0	significant_and_absolute_z_at_least_2	distal_gene_count_residual	huber_regression	reproducibility	20260912.0						
analyses/multiverse/results/scalar_unavailable.csv			insufficient_rows_or_targets				4115	300.0	3.0	significant_and_absolute_z_at_least_2	distal_gene_count_residual	huber_regression	reproducibility	20261119.0						
analyses/multiverse/results/scalar_unavailable.csv			insufficient_rows_or_targets				4119	300.0	3.0	significant_and_absolute_z_at_least_2	distal_gene_count_residual	huber_regression	no_state	20261031.0						
analyses/multiverse/results/scalar_unavailable.csv			insufficient_rows_or_targets				4123	300.0	3.0	significant_and_absolute_z_at_least_2	distal_gene_count_residual	sparse_nonlinear	minimal	20261013.0						
analyses/multiverse/results/scalar_unavailable.csv			insufficient_rows_or_targets				4127	300.0	3.0	significant_and_absolute_z_at_least_2	distal_gene_count_residual	sparse_nonlinear	observability	20260929.0						
analyses/multiverse/results/scalar_unavailable.csv			insufficient_rows_or_targets				4131	300.0	3.0	significant_and_absolute_z_at_least_2	distal_gene_count_residual	sparse_nonlinear	reproducibility	20260912.0						
analyses/multiverse/results/scalar_unavailable.csv			insufficient_rows_or_targets				4135	300.0	3.0	significant_and_absolute_z_at_least_2	distal_gene_count_residual	sparse_nonlinear	reproducibility	20261119.0						
analyses/multiverse/results/scalar_unavailable.csv			insufficient_rows_or_targets				4139	300.0	3.0	significant_and_absolute_z_at_least_2	distal_gene_count_residual	sparse_nonlinear	no_state	20261031.0						
analyses/multiverse/results/scalar_unavailable.csv			insufficient_rows_or_targets				4143	300.0	3.0	significant_and_absolute_z_at_least_2	distal_gene_count_residual	graph_readout	minimal	20261013.0						
analyses/multiverse/results/scalar_unavailable.csv			insufficient_rows_or_targets				4147	300.0	3.0	significant_and_absolute_z_at_least_2	distal_gene_count_residual	graph_readout	observability	20260929.0						
analyses/multiverse/results/scalar_unavailable.csv			insufficient_rows_or_targets				4151	300.0	3.0	significant_and_absolute_z_at_least_2	distal_gene_count_residual	graph_readout	reproducibility	20260912.0						
analyses/multiverse/results/scalar_unavailable.csv			insufficient_rows_or_targets				4155	300.0	3.0	significant_and_absolute_z_at_least_2	distal_gene_count_residual	graph_readout	reproducibility	20261119.0						
analyses/multiverse/results/scalar_unavailable.csv			insufficient_rows_or_targets				4159	300.0	3.0	significant_and_absolute_z_at_least_2	distal_gene_count_residual	graph_readout	no_state	20261031.0						
analyses/multiverse/results/scalar_unavailable.csv			insufficient_rows_or_targets				4163	300.0	3.0	significant_and_absolute_z_at_least_2	debiased_response_l2_gain	ridge	minimal	20261013.0						
analyses/multiverse/results/scalar_unavailable.csv			insufficient_rows_or_targets				4167	300.0	3.0	significant_and_absolute_z_at_least_2	debiased_response_l2_gain	ridge	observability	20260929.0						
analyses/multiverse/results/scalar_unavailable.csv			insufficient_rows_or_targets				4171	300.0	3.0	significant_and_absolute_z_at_least_2	debiased_response_l2_gain	ridge	reproducibility	20260912.0						
analyses/multiverse/results/scalar_unavailable.csv			insufficient_rows_or_targets				4175	300.0	3.0	significant_and_absolute_z_at_least_2	debiased_response_l2_gain	ridge	reproducibility	20261119.0						
analyses/multiverse/results/scalar_unavailable.csv			insufficient_rows_or_targets				4179	300.0	3.0	significant_and_absolute_z_at_least_2	debiased_response_l2_gain	ridge	no_state	20261031.0						
analyses/multiverse/results/scalar_unavailable.csv			insufficient_rows_or_targets				4183	300.0	3.0	significant_and_absolute_z_at_least_2	debiased_response_l2_gain	huber_regression	minimal	20261013.0						
analyses/multiverse/results/scalar_unavailable.csv			insufficient_rows_or_targets				4187	300.0	3.0	significant_and_absolute_z_at_least_2	debiased_response_l2_gain	huber_regression	observability	20260929.0						
analyses/multiverse/results/scalar_unavailable.csv			insufficient_rows_or_targets				4191	300.0	3.0	significant_and_absolute_z_at_least_2	debiased_response_l2_gain	huber_regression	reproducibility	20260912.0						
analyses/multiverse/results/scalar_unavailable.csv			insufficient_rows_or_targets				4195	300.0	3.0	significant_and_absolute_z_at_least_2	debiased_response_l2_gain	huber_regression	reproducibility	20261119.0						
analyses/multiverse/results/scalar_unavailable.csv			insufficient_rows_or_targets				4199	300.0	3.0	significant_and_absolute_z_at_least_2	debiased_response_l2_gain	huber_regression	no_state	20261031.0						
analyses/multiverse/results/scalar_unavailable.csv			insufficient_rows_or_targets				4203	300.0	3.0	significant_and_absolute_z_at_least_2	debiased_response_l2_gain	sparse_nonlinear	minimal	20261013.0						
analyses/multiverse/results/scalar_unavailable.csv			insufficient_rows_or_targets				4207	300.0	3.0	significant_and_absolute_z_at_least_2	debiased_response_l2_gain	sparse_nonlinear	observability	20260929.0						
analyses/multiverse/results/scalar_unavailable.csv			insufficient_rows_or_targets				4211	300.0	3.0	significant_and_absolute_z_at_least_2	debiased_response_l2_gain	sparse_nonlinear	reproducibility	20260912.0						
analyses/multiverse/results/scalar_unavailable.csv			insufficient_rows_or_targets				4215	300.0	3.0	significant_and_absolute_z_at_least_2	debiased_response_l2_gain	sparse_nonlinear	reproducibility	20261119.0						
analyses/multiverse/results/scalar_unavailable.csv			insufficient_rows_or_targets				4219	300.0	3.0	significant_and_absolute_z_at_least_2	debiased_response_l2_gain	sparse_nonlinear	no_state	20261031.0						
analyses/multiverse/results/scalar_unavailable.csv			insufficient_rows_or_targets				4223	300.0	3.0	significant_and_absolute_z_at_least_2	debiased_response_l2_gain	graph_readout	minimal	20261013.0						
analyses/multiverse/results/scalar_unavailable.csv			insufficient_rows_or_targets				4227	300.0	3.0	significant_and_absolute_z_at_least_2	debiased_response_l2_gain	graph_readout	observability	20260929.0						
analyses/multiverse/results/scalar_unavailable.csv			insufficient_rows_or_targets				4231	300.0	3.0	significant_and_absolute_z_at_least_2	debiased_response_l2_gain	graph_readout	reproducibility	20260912.0						
analyses/multiverse/results/scalar_unavailable.csv			insufficient_rows_or_targets				4235	300.0	3.0	significant_and_absolute_z_at_least_2	debiased_response_l2_gain	graph_readout	reproducibility	20261119.0						
analyses/multiverse/results/scalar_unavailable.csv			insufficient_rows_or_targets				4239	300.0	3.0	significant_and_absolute_z_at_least_2	debiased_response_l2_gain	graph_readout	no_state	20261031.0						
analyses/multiverse/results/scalar_unavailable.csv			insufficient_rows_or_targets				4243	300.0	3.0	significant_and_absolute_z_at_least_2	significant_response_l1_gain	ridge	minimal	20261013.0						
analyses/multiverse/results/scalar_unavailable.csv			insufficient_rows_or_targets				4247	300.0	3.0	significant_and_absolute_z_at_least_2	significant_response_l1_gain	ridge	observability	20260929.0						
analyses/multiverse/results/scalar_unavailable.csv			insufficient_rows_or_targets				4251	300.0	3.0	significant_and_absolute_z_at_least_2	significant_response_l1_gain	ridge	reproducibility	20260912.0						
analyses/multiverse/results/scalar_unavailable.csv			insufficient_rows_or_targets				4255	300.0	3.0	significant_and_absolute_z_at_least_2	significant_response_l1_gain	ridge	reproducibility	20261119.0						
analyses/multiverse/results/scalar_unavailable.csv			insufficient_rows_or_targets				4259	300.0	3.0	significant_and_absolute_z_at_least_2	significant_response_l1_gain	ridge	no_state	20261031.0						
analyses/multiverse/results/scalar_unavailable.csv			insufficient_rows_or_targets				4263	300.0	3.0	significant_and_absolute_z_at_least_2	significant_response_l1_gain	huber_regression	minimal	20261013.0						
analyses/multiverse/results/scalar_unavailable.csv			insufficient_rows_or_targets				4267	300.0	3.0	significant_and_absolute_z_at_least_2	significant_response_l1_gain	huber_regression	observability	20260929.0						
analyses/multiverse/results/scalar_unavailable.csv			insufficient_rows_or_targets				4271	300.0	3.0	significant_and_absolute_z_at_least_2	significant_response_l1_gain	huber_regression	reproducibility	20260912.0						
analyses/multiverse/results/scalar_unavailable.csv			insufficient_rows_or_targets				4275	300.0	3.0	significant_and_absolute_z_at_least_2	significant_response_l1_gain	huber_regression	reproducibility	20261119.0						
analyses/multiverse/results/scalar_unavailable.csv			insufficient_rows_or_targets				4279	300.0	3.0	significant_and_absolute_z_at_least_2	significant_response_l1_gain	huber_regression	no_state	20261031.0						
analyses/multiverse/results/scalar_unavailable.csv			insufficient_rows_or_targets				4283	300.0	3.0	significant_and_absolute_z_at_least_2	significant_response_l1_gain	sparse_nonlinear	minimal	20261013.0						
analyses/multiverse/results/scalar_unavailable.csv			insufficient_rows_or_targets				4287	300.0	3.0	significant_and_absolute_z_at_least_2	significant_response_l1_gain	sparse_nonlinear	observability	20260929.0						
analyses/multiverse/results/scalar_unavailable.csv			insufficient_rows_or_targets				4291	300.0	3.0	significant_and_absolute_z_at_least_2	significant_response_l1_gain	sparse_nonlinear	reproducibility	20260912.0						
analyses/multiverse/results/scalar_unavailable.csv			insufficient_rows_or_targets				4295	300.0	3.0	significant_and_absolute_z_at_least_2	significant_response_l1_gain	sparse_nonlinear	reproducibility	20261119.0						
analyses/multiverse/results/scalar_unavailable.csv			insufficient_rows_or_targets				4299	300.0	3.0	significant_and_absolute_z_at_least_2	significant_response_l1_gain	sparse_nonlinear	no_state	20261031.0						
analyses/multiverse/results/scalar_unavailable.csv			insufficient_rows_or_targets				4303	300.0	3.0	significant_and_absolute_z_at_least_2	significant_response_l1_gain	graph_readout	minimal	20261013.0						
analyses/multiverse/results/scalar_unavailable.csv			insufficient_rows_or_targets				4307	300.0	3.0	significant_and_absolute_z_at_least_2	significant_response_l1_gain	graph_readout	observability	20260929.0						
analyses/multiverse/results/scalar_unavailable.csv			insufficient_rows_or_targets				4311	300.0	3.0	significant_and_absolute_z_at_least_2	significant_response_l1_gain	graph_readout	reproducibility	20260912.0						
analyses/multiverse/results/scalar_unavailable.csv			insufficient_rows_or_targets				4315	300.0	3.0	significant_and_absolute_z_at_least_2	significant_response_l1_gain	graph_readout	reproducibility	20261119.0						
analyses/multiverse/results/scalar_unavailable.csv			insufficient_rows_or_targets				4319	300.0	3.0	significant_and_absolute_z_at_least_2	significant_response_l1_gain	graph_readout	no_state	20261031.0						
analyses/multiverse/results/scalar_unavailable.csv			insufficient_rows_or_targets				964	100.0	3.0	significant	distal_gene_count_residual	ridge	minimal	20261031.0						
analyses/multiverse/results/scalar_unavailable.csv			insufficient_rows_or_targets				968	100.0	3.0	significant	distal_gene_count_residual	ridge	observability	20261013.0						
analyses/multiverse/results/scalar_unavailable.csv			insufficient_rows_or_targets				972	100.0	3.0	significant	distal_gene_count_residual	ridge	reproducibility	20260929.0						
analyses/multiverse/results/scalar_unavailable.csv			insufficient_rows_or_targets				976	100.0	3.0	significant	distal_gene_count_residual	ridge	no_state	20260912.0						
analyses/multiverse/results/scalar_unavailable.csv			insufficient_rows_or_targets				980	100.0	3.0	significant	distal_gene_count_residual	ridge	no_state	20261119.0						
analyses/multiverse/results/scalar_unavailable.csv			insufficient_rows_or_targets				984	100.0	3.0	significant	distal_gene_count_residual	huber_regression	minimal	20261031.0						
analyses/multiverse/results/scalar_unavailable.csv			insufficient_rows_or_targets				988	100.0	3.0	significant	distal_gene_count_residual	huber_regression	observability	20261013.0						
analyses/multiverse/results/scalar_unavailable.csv			insufficient_rows_or_targets				992	100.0	3.0	significant	distal_gene_count_residual	huber_regression	reproducibility	20260929.0						
analyses/multiverse/results/scalar_unavailable.csv			insufficient_rows_or_targets				996	100.0	3.0	significant	distal_gene_count_residual	huber_regression	no_state	20260912.0						
analyses/multiverse/results/scalar_unavailable.csv			insufficient_rows_or_targets				1000	100.0	3.0	significant	distal_gene_count_residual	huber_regression	no_state	20261119.0						
analyses/multiverse/results/scalar_unavailable.csv			insufficient_rows_or_targets				1004	100.0	3.0	significant	distal_gene_count_residual	sparse_nonlinear	minimal	20261031.0						
analyses/multiverse/results/scalar_unavailable.csv			insufficient_rows_or_targets				1008	100.0	3.0	significant	distal_gene_count_residual	sparse_nonlinear	observability	20261013.0						
analyses/multiverse/results/scalar_unavailable.csv			insufficient_rows_or_targets				1012	100.0	3.0	significant	distal_gene_count_residual	sparse_nonlinear	reproducibility	20260929.0						
analyses/multiverse/results/scalar_unavailable.csv			insufficient_rows_or_targets				1016	100.0	3.0	significant	distal_gene_count_residual	sparse_nonlinear	no_state	20260912.0						
analyses/multiverse/results/scalar_unavailable.csv			insufficient_rows_or_targets				1020	100.0	3.0	significant	distal_gene_count_residual	sparse_nonlinear	no_state	20261119.0						
analyses/multiverse/results/scalar_unavailable.csv			insufficient_rows_or_targets				1024	100.0	3.0	significant	distal_gene_count_residual	graph_readout	minimal	20261031.0						
analyses/multiverse/results/scalar_unavailable.csv			insufficient_rows_or_targets				1028	100.0	3.0	significant	distal_gene_count_residual	graph_readout	observability	20261013.0						
analyses/multiverse/results/scalar_unavailable.csv			insufficient_rows_or_targets				1032	100.0	3.0	significant	distal_gene_count_residual	graph_readout	reproducibility	20260929.0						
analyses/multiverse/results/scalar_unavailable.csv			insufficient_rows_or_targets				1036	100.0	3.0	significant	distal_gene_count_residual	graph_readout	no_state	20260912.0						
analyses/multiverse/results/scalar_unavailable.csv			insufficient_rows_or_targets				1040	100.0	3.0	significant	distal_gene_count_residual	graph_readout	no_state	20261119.0						
analyses/multiverse/results/scalar_unavailable.csv			insufficient_rows_or_targets				1044	100.0	3.0	significant	debiased_response_l2_gain	ridge	minimal	20261031.0						
analyses/multiverse/results/scalar_unavailable.csv			insufficient_rows_or_targets				1048	100.0	3.0	significant	debiased_response_l2_gain	ridge	observability	20261013.0						
analyses/multiverse/results/scalar_unavailable.csv			insufficient_rows_or_targets				1052	100.0	3.0	significant	debiased_response_l2_gain	ridge	reproducibility	20260929.0						
analyses/multiverse/results/scalar_unavailable.csv			insufficient_rows_or_targets				1056	100.0	3.0	significant	debiased_response_l2_gain	ridge	no_state	20260912.0						
analyses/multiverse/results/scalar_unavailable.csv			insufficient_rows_or_targets				1060	100.0	3.0	significant	debiased_response_l2_gain	ridge	no_state	20261119.0						
analyses/multiverse/results/scalar_unavailable.csv			insufficient_rows_or_targets				1064	100.0	3.0	significant	debiased_response_l2_gain	huber_regression	minimal	20261031.0						
analyses/multiverse/results/scalar_unavailable.csv			insufficient_rows_or_targets				1068	100.0	3.0	significant	debiased_response_l2_gain	huber_regression	observability	20261013.0						
analyses/multiverse/results/scalar_unavailable.csv			insufficient_rows_or_targets				1072	100.0	3.0	significant	debiased_response_l2_gain	huber_regression	reproducibility	20260929.0						
analyses/multiverse/results/scalar_unavailable.csv			insufficient_rows_or_targets				1076	100.0	3.0	significant	debiased_response_l2_gain	huber_regression	no_state	20260912.0						
analyses/multiverse/results/scalar_unavailable.csv			insufficient_rows_or_targets				1080	100.0	3.0	significant	debiased_response_l2_gain	huber_regression	no_state	20261119.0						
analyses/multiverse/results/scalar_unavailable.csv			insufficient_rows_or_targets				1084	100.0	3.0	significant	debiased_response_l2_gain	sparse_nonlinear	minimal	20261031.0						
analyses/multiverse/results/scalar_unavailable.csv			insufficient_rows_or_targets				1088	100.0	3.0	significant	debiased_response_l2_gain	sparse_nonlinear	observability	20261013.0						
analyses/multiverse/results/scalar_unavailable.csv			insufficient_rows_or_targets				1092	100.0	3.0	significant	debiased_response_l2_gain	sparse_nonlinear	reproducibility	20260929.0						
analyses/multiverse/results/scalar_unavailable.csv			insufficient_rows_or_targets				1096	100.0	3.0	significant	debiased_response_l2_gain	sparse_nonlinear	no_state	20260912.0						
analyses/multiverse/results/scalar_unavailable.csv			insufficient_rows_or_targets				1100	100.0	3.0	significant	debiased_response_l2_gain	sparse_nonlinear	no_state	20261119.0						
analyses/multiverse/results/scalar_unavailable.csv			insufficient_rows_or_targets				1104	100.0	3.0	significant	debiased_response_l2_gain	graph_readout	minimal	20261031.0						
analyses/multiverse/results/scalar_unavailable.csv			insufficient_rows_or_targets				1108	100.0	3.0	significant	debiased_response_l2_gain	graph_readout	observability	20261013.0						
analyses/multiverse/results/scalar_unavailable.csv			insufficient_rows_or_targets				1112	100.0	3.0	significant	debiased_response_l2_gain	graph_readout	reproducibility	20260929.0						
analyses/multiverse/results/scalar_unavailable.csv			insufficient_rows_or_targets				1116	100.0	3.0	significant	debiased_response_l2_gain	graph_readout	no_state	20260912.0						
analyses/multiverse/results/scalar_unavailable.csv			insufficient_rows_or_targets				1120	100.0	3.0	significant	debiased_response_l2_gain	graph_readout	no_state	20261119.0						
analyses/multiverse/results/scalar_unavailable.csv			insufficient_rows_or_targets				1124	100.0	3.0	significant	significant_response_l1_gain	ridge	minimal	20261031.0						
analyses/multiverse/results/scalar_unavailable.csv			insufficient_rows_or_targets				1128	100.0	3.0	significant	significant_response_l1_gain	ridge	observability	20261013.0						
analyses/multiverse/results/scalar_unavailable.csv			insufficient_rows_or_targets				1132	100.0	3.0	significant	significant_response_l1_gain	ridge	reproducibility	20260929.0						
analyses/multiverse/results/scalar_unavailable.csv			insufficient_rows_or_targets				1136	100.0	3.0	significant	significant_response_l1_gain	ridge	no_state	20260912.0						
analyses/multiverse/results/scalar_unavailable.csv			insufficient_rows_or_targets				1140	100.0	3.0	significant	significant_response_l1_gain	ridge	no_state	20261119.0						
analyses/multiverse/results/scalar_unavailable.csv			insufficient_rows_or_targets				1144	100.0	3.0	significant	significant_response_l1_gain	huber_regression	minimal	20261031.0						
analyses/multiverse/results/scalar_unavailable.csv			insufficient_rows_or_targets				1148	100.0	3.0	significant	significant_response_l1_gain	huber_regression	observability	20261013.0						
analyses/multiverse/results/scalar_unavailable.csv			insufficient_rows_or_targets				1152	100.0	3.0	significant	significant_response_l1_gain	huber_regression	reproducibility	20260929.0						
analyses/multiverse/results/scalar_unavailable.csv			insufficient_rows_or_targets				1156	100.0	3.0	significant	significant_response_l1_gain	huber_regression	no_state	20260912.0						
analyses/multiverse/results/scalar_unavailable.csv			insufficient_rows_or_targets				1160	100.0	3.0	significant	significant_response_l1_gain	huber_regression	no_state	20261119.0						
analyses/multiverse/results/scalar_unavailable.csv			insufficient_rows_or_targets				1164	100.0	3.0	significant	significant_response_l1_gain	sparse_nonlinear	minimal	20261031.0						
analyses/multiverse/results/scalar_unavailable.csv			insufficient_rows_or_targets				1168	100.0	3.0	significant	significant_response_l1_gain	sparse_nonlinear	observability	20261013.0						
analyses/multiverse/results/scalar_unavailable.csv			insufficient_rows_or_targets				1172	100.0	3.0	significant	significant_response_l1_gain	sparse_nonlinear	reproducibility	20260929.0						
analyses/multiverse/results/scalar_unavailable.csv			insufficient_rows_or_targets				1176	100.0	3.0	significant	significant_response_l1_gain	sparse_nonlinear	no_state	20260912.0						
analyses/multiverse/results/scalar_unavailable.csv			insufficient_rows_or_targets				1180	100.0	3.0	significant	significant_response_l1_gain	sparse_nonlinear	no_state	20261119.0						
analyses/multiverse/results/scalar_unavailable.csv			insufficient_rows_or_targets				1184	100.0	3.0	significant	significant_response_l1_gain	graph_readout	minimal	20261031.0						
analyses/multiverse/results/scalar_unavailable.csv			insufficient_rows_or_targets				1188	100.0	3.0	significant	significant_response_l1_gain	graph_readout	observability	20261013.0						
analyses/multiverse/results/scalar_unavailable.csv			insufficient_rows_or_targets				1192	100.0	3.0	significant	significant_response_l1_gain	graph_readout	reproducibility	20260929.0						
analyses/multiverse/results/scalar_unavailable.csv			insufficient_rows_or_targets				1196	100.0	3.0	significant	significant_response_l1_gain	graph_readout	no_state	20260912.0						
analyses/multiverse/results/scalar_unavailable.csv			insufficient_rows_or_targets				1200	100.0	3.0	significant	significant_response_l1_gain	graph_readout	no_state	20261119.0						
analyses/multiverse/results/scalar_unavailable.csv			insufficient_rows_or_targets				1204	100.0	3.0	significant_and_absolute_z_at_least_2	distal_gene_count_residual	ridge	minimal	20261031.0						
analyses/multiverse/results/scalar_unavailable.csv			insufficient_rows_or_targets				1208	100.0	3.0	significant_and_absolute_z_at_least_2	distal_gene_count_residual	ridge	observability	20261013.0						
analyses/multiverse/results/scalar_unavailable.csv			insufficient_rows_or_targets				1212	100.0	3.0	significant_and_absolute_z_at_least_2	distal_gene_count_residual	ridge	reproducibility	20260929.0						
analyses/multiverse/results/scalar_unavailable.csv			insufficient_rows_or_targets				1216	100.0	3.0	significant_and_absolute_z_at_least_2	distal_gene_count_residual	ridge	no_state	20260912.0						
analyses/multiverse/results/scalar_unavailable.csv			insufficient_rows_or_targets				1220	100.0	3.0	significant_and_absolute_z_at_least_2	distal_gene_count_residual	ridge	no_state	20261119.0						
analyses/multiverse/results/scalar_unavailable.csv			insufficient_rows_or_targets				1224	100.0	3.0	significant_and_absolute_z_at_least_2	distal_gene_count_residual	huber_regression	minimal	20261031.0						
analyses/multiverse/results/scalar_unavailable.csv			insufficient_rows_or_targets				1228	100.0	3.0	significant_and_absolute_z_at_least_2	distal_gene_count_residual	huber_regression	observability	20261013.0						
analyses/multiverse/results/scalar_unavailable.csv			insufficient_rows_or_targets				1232	100.0	3.0	significant_and_absolute_z_at_least_2	distal_gene_count_residual	huber_regression	reproducibility	20260929.0						
analyses/multiverse/results/scalar_unavailable.csv			insufficient_rows_or_targets				1236	100.0	3.0	significant_and_absolute_z_at_least_2	distal_gene_count_residual	huber_regression	no_state	20260912.0						
analyses/multiverse/results/scalar_unavailable.csv			insufficient_rows_or_targets				1240	100.0	3.0	significant_and_absolute_z_at_least_2	distal_gene_count_residual	huber_regression	no_state	20261119.0						
analyses/multiverse/results/scalar_unavailable.csv			insufficient_rows_or_targets				1244	100.0	3.0	significant_and_absolute_z_at_least_2	distal_gene_count_residual	sparse_nonlinear	minimal	20261031.0						
analyses/multiverse/results/scalar_unavailable.csv			insufficient_rows_or_targets				1248	100.0	3.0	significant_and_absolute_z_at_least_2	distal_gene_count_residual	sparse_nonlinear	observability	20261013.0						
analyses/multiverse/results/scalar_unavailable.csv			insufficient_rows_or_targets				1252	100.0	3.0	significant_and_absolute_z_at_least_2	distal_gene_count_residual	sparse_nonlinear	reproducibility	20260929.0						
analyses/multiverse/results/scalar_unavailable.csv			insufficient_rows_or_targets				1256	100.0	3.0	significant_and_absolute_z_at_least_2	distal_gene_count_residual	sparse_nonlinear	no_state	20260912.0						
analyses/multiverse/results/scalar_unavailable.csv			insufficient_rows_or_targets				1260	100.0	3.0	significant_and_absolute_z_at_least_2	distal_gene_count_residual	sparse_nonlinear	no_state	20261119.0						
analyses/multiverse/results/scalar_unavailable.csv			insufficient_rows_or_targets				1264	100.0	3.0	significant_and_absolute_z_at_least_2	distal_gene_count_residual	graph_readout	minimal	20261031.0						
analyses/multiverse/results/scalar_unavailable.csv			insufficient_rows_or_targets				1268	100.0	3.0	significant_and_absolute_z_at_least_2	distal_gene_count_residual	graph_readout	observability	20261013.0						
analyses/multiverse/results/scalar_unavailable.csv			insufficient_rows_or_targets				1272	100.0	3.0	significant_and_absolute_z_at_least_2	distal_gene_count_residual	graph_readout	reproducibility	20260929.0						
analyses/multiverse/results/scalar_unavailable.csv			insufficient_rows_or_targets				1276	100.0	3.0	significant_and_absolute_z_at_least_2	distal_gene_count_residual	graph_readout	no_state	20260912.0						
analyses/multiverse/results/scalar_unavailable.csv			insufficient_rows_or_targets				1280	100.0	3.0	significant_and_absolute_z_at_least_2	distal_gene_count_residual	graph_readout	no_state	20261119.0						
analyses/multiverse/results/scalar_unavailable.csv			insufficient_rows_or_targets				1284	100.0	3.0	significant_and_absolute_z_at_least_2	debiased_response_l2_gain	ridge	minimal	20261031.0						
analyses/multiverse/results/scalar_unavailable.csv			insufficient_rows_or_targets				1288	100.0	3.0	significant_and_absolute_z_at_least_2	debiased_response_l2_gain	ridge	observability	20261013.0						
analyses/multiverse/results/scalar_unavailable.csv			insufficient_rows_or_targets				1292	100.0	3.0	significant_and_absolute_z_at_least_2	debiased_response_l2_gain	ridge	reproducibility	20260929.0						
analyses/multiverse/results/scalar_unavailable.csv			insufficient_rows_or_targets				1296	100.0	3.0	significant_and_absolute_z_at_least_2	debiased_response_l2_gain	ridge	no_state	20260912.0						
analyses/multiverse/results/scalar_unavailable.csv			insufficient_rows_or_targets				1300	100.0	3.0	significant_and_absolute_z_at_least_2	debiased_response_l2_gain	ridge	no_state	20261119.0						
analyses/multiverse/results/scalar_unavailable.csv			insufficient_rows_or_targets				1304	100.0	3.0	significant_and_absolute_z_at_least_2	debiased_response_l2_gain	huber_regression	minimal	20261031.0						
analyses/multiverse/results/scalar_unavailable.csv			insufficient_rows_or_targets				1308	100.0	3.0	significant_and_absolute_z_at_least_2	debiased_response_l2_gain	huber_regression	observability	20261013.0						
analyses/multiverse/results/scalar_unavailable.csv			insufficient_rows_or_targets				1312	100.0	3.0	significant_and_absolute_z_at_least_2	debiased_response_l2_gain	huber_regression	reproducibility	20260929.0						
analyses/multiverse/results/scalar_unavailable.csv			insufficient_rows_or_targets				1316	100.0	3.0	significant_and_absolute_z_at_least_2	debiased_response_l2_gain	huber_regression	no_state	20260912.0						
analyses/multiverse/results/scalar_unavailable.csv			insufficient_rows_or_targets				1320	100.0	3.0	significant_and_absolute_z_at_least_2	debiased_response_l2_gain	huber_regression	no_state	20261119.0						
analyses/multiverse/results/scalar_unavailable.csv			insufficient_rows_or_targets				1324	100.0	3.0	significant_and_absolute_z_at_least_2	debiased_response_l2_gain	sparse_nonlinear	minimal	20261031.0						
analyses/multiverse/results/scalar_unavailable.csv			insufficient_rows_or_targets				1328	100.0	3.0	significant_and_absolute_z_at_least_2	debiased_response_l2_gain	sparse_nonlinear	observability	20261013.0						
analyses/multiverse/results/scalar_unavailable.csv			insufficient_rows_or_targets				1332	100.0	3.0	significant_and_absolute_z_at_least_2	debiased_response_l2_gain	sparse_nonlinear	reproducibility	20260929.0						
analyses/multiverse/results/scalar_unavailable.csv			insufficient_rows_or_targets				1336	100.0	3.0	significant_and_absolute_z_at_least_2	debiased_response_l2_gain	sparse_nonlinear	no_state	20260912.0						
analyses/multiverse/results/scalar_unavailable.csv			insufficient_rows_or_targets				1340	100.0	3.0	significant_and_absolute_z_at_least_2	debiased_response_l2_gain	sparse_nonlinear	no_state	20261119.0						
analyses/multiverse/results/scalar_unavailable.csv			insufficient_rows_or_targets				1344	100.0	3.0	significant_and_absolute_z_at_least_2	debiased_response_l2_gain	graph_readout	minimal	20261031.0						
analyses/multiverse/results/scalar_unavailable.csv			insufficient_rows_or_targets				1348	100.0	3.0	significant_and_absolute_z_at_least_2	debiased_response_l2_gain	graph_readout	observability	20261013.0						
analyses/multiverse/results/scalar_unavailable.csv			insufficient_rows_or_targets				1352	100.0	3.0	significant_and_absolute_z_at_least_2	debiased_response_l2_gain	graph_readout	reproducibility	20260929.0						
analyses/multiverse/results/scalar_unavailable.csv			insufficient_rows_or_targets				1356	100.0	3.0	significant_and_absolute_z_at_least_2	debiased_response_l2_gain	graph_readout	no_state	20260912.0						
analyses/multiverse/results/scalar_unavailable.csv			insufficient_rows_or_targets				1360	100.0	3.0	significant_and_absolute_z_at_least_2	debiased_response_l2_gain	graph_readout	no_state	20261119.0						
analyses/multiverse/results/scalar_unavailable.csv			insufficient_rows_or_targets				1364	100.0	3.0	significant_and_absolute_z_at_least_2	significant_response_l1_gain	ridge	minimal	20261031.0						
analyses/multiverse/results/scalar_unavailable.csv			insufficient_rows_or_targets				1368	100.0	3.0	significant_and_absolute_z_at_least_2	significant_response_l1_gain	ridge	observability	20261013.0						
analyses/multiverse/results/scalar_unavailable.csv			insufficient_rows_or_targets				1372	100.0	3.0	significant_and_absolute_z_at_least_2	significant_response_l1_gain	ridge	reproducibility	20260929.0						
analyses/multiverse/results/scalar_unavailable.csv			insufficient_rows_or_targets				1376	100.0	3.0	significant_and_absolute_z_at_least_2	significant_response_l1_gain	ridge	no_state	20260912.0						
analyses/multiverse/results/scalar_unavailable.csv			insufficient_rows_or_targets				1380	100.0	3.0	significant_and_absolute_z_at_least_2	significant_response_l1_gain	ridge	no_state	20261119.0						
analyses/multiverse/results/scalar_unavailable.csv			insufficient_rows_or_targets				1384	100.0	3.0	significant_and_absolute_z_at_least_2	significant_response_l1_gain	huber_regression	minimal	20261031.0						
analyses/multiverse/results/scalar_unavailable.csv			insufficient_rows_or_targets				1388	100.0	3.0	significant_and_absolute_z_at_least_2	significant_response_l1_gain	huber_regression	observability	20261013.0						
analyses/multiverse/results/scalar_unavailable.csv			insufficient_rows_or_targets				1392	100.0	3.0	significant_and_absolute_z_at_least_2	significant_response_l1_gain	huber_regression	reproducibility	20260929.0						
analyses/multiverse/results/scalar_unavailable.csv			insufficient_rows_or_targets				1396	100.0	3.0	significant_and_absolute_z_at_least_2	significant_response_l1_gain	huber_regression	no_state	20260912.0						
analyses/multiverse/results/scalar_unavailable.csv			insufficient_rows_or_targets				1400	100.0	3.0	significant_and_absolute_z_at_least_2	significant_response_l1_gain	huber_regression	no_state	20261119.0						
analyses/multiverse/results/scalar_unavailable.csv			insufficient_rows_or_targets				1404	100.0	3.0	significant_and_absolute_z_at_least_2	significant_response_l1_gain	sparse_nonlinear	minimal	20261031.0						
analyses/multiverse/results/scalar_unavailable.csv			insufficient_rows_or_targets				1408	100.0	3.0	significant_and_absolute_z_at_least_2	significant_response_l1_gain	sparse_nonlinear	observability	20261013.0						
analyses/multiverse/results/scalar_unavailable.csv			insufficient_rows_or_targets				1412	100.0	3.0	significant_and_absolute_z_at_least_2	significant_response_l1_gain	sparse_nonlinear	reproducibility	20260929.0						
analyses/multiverse/results/scalar_unavailable.csv			insufficient_rows_or_targets				1416	100.0	3.0	significant_and_absolute_z_at_least_2	significant_response_l1_gain	sparse_nonlinear	no_state	20260912.0						
analyses/multiverse/results/scalar_unavailable.csv			insufficient_rows_or_targets				1420	100.0	3.0	significant_and_absolute_z_at_least_2	significant_response_l1_gain	sparse_nonlinear	no_state	20261119.0						
analyses/multiverse/results/scalar_unavailable.csv			insufficient_rows_or_targets				1424	100.0	3.0	significant_and_absolute_z_at_least_2	significant_response_l1_gain	graph_readout	minimal	20261031.0						
analyses/multiverse/results/scalar_unavailable.csv			insufficient_rows_or_targets				1428	100.0	3.0	significant_and_absolute_z_at_least_2	significant_response_l1_gain	graph_readout	observability	20261013.0						
analyses/multiverse/results/scalar_unavailable.csv			insufficient_rows_or_targets				1432	100.0	3.0	significant_and_absolute_z_at_least_2	significant_response_l1_gain	graph_readout	reproducibility	20260929.0						
analyses/multiverse/results/scalar_unavailable.csv			insufficient_rows_or_targets				1436	100.0	3.0	significant_and_absolute_z_at_least_2	significant_response_l1_gain	graph_readout	no_state	20260912.0						
analyses/multiverse/results/scalar_unavailable.csv			insufficient_rows_or_targets				1440	100.0	3.0	significant_and_absolute_z_at_least_2	significant_response_l1_gain	graph_readout	no_state	20261119.0						
analyses/multiverse/results/scalar_unavailable.csv			insufficient_rows_or_targets				2404	200.0	3.0	significant	distal_gene_count_residual	ridge	minimal	20261031.0						
analyses/multiverse/results/scalar_unavailable.csv			insufficient_rows_or_targets				2408	200.0	3.0	significant	distal_gene_count_residual	ridge	observability	20261013.0						
analyses/multiverse/results/scalar_unavailable.csv			insufficient_rows_or_targets				2412	200.0	3.0	significant	distal_gene_count_residual	ridge	reproducibility	20260929.0						
analyses/multiverse/results/scalar_unavailable.csv			insufficient_rows_or_targets				2416	200.0	3.0	significant	distal_gene_count_residual	ridge	no_state	20260912.0						
analyses/multiverse/results/scalar_unavailable.csv			insufficient_rows_or_targets				2420	200.0	3.0	significant	distal_gene_count_residual	ridge	no_state	20261119.0						
analyses/multiverse/results/scalar_unavailable.csv			insufficient_rows_or_targets				2424	200.0	3.0	significant	distal_gene_count_residual	huber_regression	minimal	20261031.0						
analyses/multiverse/results/scalar_unavailable.csv			insufficient_rows_or_targets				2428	200.0	3.0	significant	distal_gene_count_residual	huber_regression	observability	20261013.0						
analyses/multiverse/results/scalar_unavailable.csv			insufficient_rows_or_targets				2432	200.0	3.0	significant	distal_gene_count_residual	huber_regression	reproducibility	20260929.0						
analyses/multiverse/results/scalar_unavailable.csv			insufficient_rows_or_targets				2436	200.0	3.0	significant	distal_gene_count_residual	huber_regression	no_state	20260912.0						
analyses/multiverse/results/scalar_unavailable.csv			insufficient_rows_or_targets				2440	200.0	3.0	significant	distal_gene_count_residual	huber_regression	no_state	20261119.0						
analyses/multiverse/results/scalar_unavailable.csv			insufficient_rows_or_targets				2444	200.0	3.0	significant	distal_gene_count_residual	sparse_nonlinear	minimal	20261031.0						
analyses/multiverse/results/scalar_unavailable.csv			insufficient_rows_or_targets				2448	200.0	3.0	significant	distal_gene_count_residual	sparse_nonlinear	observability	20261013.0						
analyses/multiverse/results/scalar_unavailable.csv			insufficient_rows_or_targets				2452	200.0	3.0	significant	distal_gene_count_residual	sparse_nonlinear	reproducibility	20260929.0						
analyses/multiverse/results/scalar_unavailable.csv			insufficient_rows_or_targets				2456	200.0	3.0	significant	distal_gene_count_residual	sparse_nonlinear	no_state	20260912.0						
analyses/multiverse/results/scalar_unavailable.csv			insufficient_rows_or_targets				2460	200.0	3.0	significant	distal_gene_count_residual	sparse_nonlinear	no_state	20261119.0						
analyses/multiverse/results/scalar_unavailable.csv			insufficient_rows_or_targets				2464	200.0	3.0	significant	distal_gene_count_residual	graph_readout	minimal	20261031.0						
analyses/multiverse/results/scalar_unavailable.csv			insufficient_rows_or_targets				2468	200.0	3.0	significant	distal_gene_count_residual	graph_readout	observability	20261013.0						
analyses/multiverse/results/scalar_unavailable.csv			insufficient_rows_or_targets				2472	200.0	3.0	significant	distal_gene_count_residual	graph_readout	reproducibility	20260929.0						
analyses/multiverse/results/scalar_unavailable.csv			insufficient_rows_or_targets				2476	200.0	3.0	significant	distal_gene_count_residual	graph_readout	no_state	20260912.0						
analyses/multiverse/results/scalar_unavailable.csv			insufficient_rows_or_targets				2480	200.0	3.0	significant	distal_gene_count_residual	graph_readout	no_state	20261119.0						
analyses/multiverse/results/scalar_unavailable.csv			insufficient_rows_or_targets				2484	200.0	3.0	significant	debiased_response_l2_gain	ridge	minimal	20261031.0						
analyses/multiverse/results/scalar_unavailable.csv			insufficient_rows_or_targets				2488	200.0	3.0	significant	debiased_response_l2_gain	ridge	observability	20261013.0						
analyses/multiverse/results/scalar_unavailable.csv			insufficient_rows_or_targets				2492	200.0	3.0	significant	debiased_response_l2_gain	ridge	reproducibility	20260929.0						
analyses/multiverse/results/scalar_unavailable.csv			insufficient_rows_or_targets				2496	200.0	3.0	significant	debiased_response_l2_gain	ridge	no_state	20260912.0						
analyses/multiverse/results/scalar_unavailable.csv			insufficient_rows_or_targets				2500	200.0	3.0	significant	debiased_response_l2_gain	ridge	no_state	20261119.0						
analyses/multiverse/results/scalar_unavailable.csv			insufficient_rows_or_targets				2504	200.0	3.0	significant	debiased_response_l2_gain	huber_regression	minimal	20261031.0						
analyses/multiverse/results/scalar_unavailable.csv			insufficient_rows_or_targets				2508	200.0	3.0	significant	debiased_response_l2_gain	huber_regression	observability	20261013.0						
analyses/multiverse/results/scalar_unavailable.csv			insufficient_rows_or_targets				2512	200.0	3.0	significant	debiased_response_l2_gain	huber_regression	reproducibility	20260929.0						
analyses/multiverse/results/scalar_unavailable.csv			insufficient_rows_or_targets				2516	200.0	3.0	significant	debiased_response_l2_gain	huber_regression	no_state	20260912.0						
analyses/multiverse/results/scalar_unavailable.csv			insufficient_rows_or_targets				2520	200.0	3.0	significant	debiased_response_l2_gain	huber_regression	no_state	20261119.0						
analyses/multiverse/results/scalar_unavailable.csv			insufficient_rows_or_targets				2524	200.0	3.0	significant	debiased_response_l2_gain	sparse_nonlinear	minimal	20261031.0						
analyses/multiverse/results/scalar_unavailable.csv			insufficient_rows_or_targets				2528	200.0	3.0	significant	debiased_response_l2_gain	sparse_nonlinear	observability	20261013.0						
analyses/multiverse/results/scalar_unavailable.csv			insufficient_rows_or_targets				2532	200.0	3.0	significant	debiased_response_l2_gain	sparse_nonlinear	reproducibility	20260929.0						
analyses/multiverse/results/scalar_unavailable.csv			insufficient_rows_or_targets				2536	200.0	3.0	significant	debiased_response_l2_gain	sparse_nonlinear	no_state	20260912.0						
analyses/multiverse/results/scalar_unavailable.csv			insufficient_rows_or_targets				2540	200.0	3.0	significant	debiased_response_l2_gain	sparse_nonlinear	no_state	20261119.0						
analyses/multiverse/results/scalar_unavailable.csv			insufficient_rows_or_targets				2544	200.0	3.0	significant	debiased_response_l2_gain	graph_readout	minimal	20261031.0						
analyses/multiverse/results/scalar_unavailable.csv			insufficient_rows_or_targets				2548	200.0	3.0	significant	debiased_response_l2_gain	graph_readout	observability	20261013.0						
analyses/multiverse/results/scalar_unavailable.csv			insufficient_rows_or_targets				2552	200.0	3.0	significant	debiased_response_l2_gain	graph_readout	reproducibility	20260929.0						
analyses/multiverse/results/scalar_unavailable.csv			insufficient_rows_or_targets				2556	200.0	3.0	significant	debiased_response_l2_gain	graph_readout	no_state	20260912.0						
analyses/multiverse/results/scalar_unavailable.csv			insufficient_rows_or_targets				2560	200.0	3.0	significant	debiased_response_l2_gain	graph_readout	no_state	20261119.0						
analyses/multiverse/results/scalar_unavailable.csv			insufficient_rows_or_targets				2564	200.0	3.0	significant	significant_response_l1_gain	ridge	minimal	20261031.0						
analyses/multiverse/results/scalar_unavailable.csv			insufficient_rows_or_targets				2568	200.0	3.0	significant	significant_response_l1_gain	ridge	observability	20261013.0						
analyses/multiverse/results/scalar_unavailable.csv			insufficient_rows_or_targets				2572	200.0	3.0	significant	significant_response_l1_gain	ridge	reproducibility	20260929.0						
analyses/multiverse/results/scalar_unavailable.csv			insufficient_rows_or_targets				2576	200.0	3.0	significant	significant_response_l1_gain	ridge	no_state	20260912.0						
analyses/multiverse/results/scalar_unavailable.csv			insufficient_rows_or_targets				2580	200.0	3.0	significant	significant_response_l1_gain	ridge	no_state	20261119.0						
analyses/multiverse/results/scalar_unavailable.csv			insufficient_rows_or_targets				2584	200.0	3.0	significant	significant_response_l1_gain	huber_regression	minimal	20261031.0						
analyses/multiverse/results/scalar_unavailable.csv			insufficient_rows_or_targets				2588	200.0	3.0	significant	significant_response_l1_gain	huber_regression	observability	20261013.0						
analyses/multiverse/results/scalar_unavailable.csv			insufficient_rows_or_targets				2592	200.0	3.0	significant	significant_response_l1_gain	huber_regression	reproducibility	20260929.0						
analyses/multiverse/results/scalar_unavailable.csv			insufficient_rows_or_targets				2596	200.0	3.0	significant	significant_response_l1_gain	huber_regression	no_state	20260912.0						
analyses/multiverse/results/scalar_unavailable.csv			insufficient_rows_or_targets				2600	200.0	3.0	significant	significant_response_l1_gain	huber_regression	no_state	20261119.0						
analyses/multiverse/results/scalar_unavailable.csv			insufficient_rows_or_targets				2604	200.0	3.0	significant	significant_response_l1_gain	sparse_nonlinear	minimal	20261031.0						
analyses/multiverse/results/scalar_unavailable.csv			insufficient_rows_or_targets				2608	200.0	3.0	significant	significant_response_l1_gain	sparse_nonlinear	observability	20261013.0						
analyses/multiverse/results/scalar_unavailable.csv			insufficient_rows_or_targets				2612	200.0	3.0	significant	significant_response_l1_gain	sparse_nonlinear	reproducibility	20260929.0						
analyses/multiverse/results/scalar_unavailable.csv			insufficient_rows_or_targets				2616	200.0	3.0	significant	significant_response_l1_gain	sparse_nonlinear	no_state	20260912.0						
analyses/multiverse/results/scalar_unavailable.csv			insufficient_rows_or_targets				2620	200.0	3.0	significant	significant_response_l1_gain	sparse_nonlinear	no_state	20261119.0						
analyses/multiverse/results/scalar_unavailable.csv			insufficient_rows_or_targets				2624	200.0	3.0	significant	significant_response_l1_gain	graph_readout	minimal	20261031.0						
analyses/multiverse/results/scalar_unavailable.csv			insufficient_rows_or_targets				2628	200.0	3.0	significant	significant_response_l1_gain	graph_readout	observability	20261013.0						
analyses/multiverse/results/scalar_unavailable.csv			insufficient_rows_or_targets				2632	200.0	3.0	significant	significant_response_l1_gain	graph_readout	reproducibility	20260929.0						
analyses/multiverse/results/scalar_unavailable.csv			insufficient_rows_or_targets				2636	200.0	3.0	significant	significant_response_l1_gain	graph_readout	no_state	20260912.0						
analyses/multiverse/results/scalar_unavailable.csv			insufficient_rows_or_targets				2640	200.0	3.0	significant	significant_response_l1_gain	graph_readout	no_state	20261119.0						
analyses/multiverse/results/scalar_unavailable.csv			insufficient_rows_or_targets				2644	200.0	3.0	significant_and_absolute_z_at_least_2	distal_gene_count_residual	ridge	minimal	20261031.0						
analyses/multiverse/results/scalar_unavailable.csv			insufficient_rows_or_targets				2648	200.0	3.0	significant_and_absolute_z_at_least_2	distal_gene_count_residual	ridge	observability	20261013.0						
analyses/multiverse/results/scalar_unavailable.csv			insufficient_rows_or_targets				2652	200.0	3.0	significant_and_absolute_z_at_least_2	distal_gene_count_residual	ridge	reproducibility	20260929.0						
analyses/multiverse/results/scalar_unavailable.csv			insufficient_rows_or_targets				2656	200.0	3.0	significant_and_absolute_z_at_least_2	distal_gene_count_residual	ridge	no_state	20260912.0						
analyses/multiverse/results/scalar_unavailable.csv			insufficient_rows_or_targets				2660	200.0	3.0	significant_and_absolute_z_at_least_2	distal_gene_count_residual	ridge	no_state	20261119.0						
analyses/multiverse/results/scalar_unavailable.csv			insufficient_rows_or_targets				2664	200.0	3.0	significant_and_absolute_z_at_least_2	distal_gene_count_residual	huber_regression	minimal	20261031.0						
analyses/multiverse/results/scalar_unavailable.csv			insufficient_rows_or_targets				2668	200.0	3.0	significant_and_absolute_z_at_least_2	distal_gene_count_residual	huber_regression	observability	20261013.0						
analyses/multiverse/results/scalar_unavailable.csv			insufficient_rows_or_targets				2672	200.0	3.0	significant_and_absolute_z_at_least_2	distal_gene_count_residual	huber_regression	reproducibility	20260929.0						
analyses/multiverse/results/scalar_unavailable.csv			insufficient_rows_or_targets				2676	200.0	3.0	significant_and_absolute_z_at_least_2	distal_gene_count_residual	huber_regression	no_state	20260912.0						
analyses/multiverse/results/scalar_unavailable.csv			insufficient_rows_or_targets				2680	200.0	3.0	significant_and_absolute_z_at_least_2	distal_gene_count_residual	huber_regression	no_state	20261119.0						
analyses/multiverse/results/scalar_unavailable.csv			insufficient_rows_or_targets				2684	200.0	3.0	significant_and_absolute_z_at_least_2	distal_gene_count_residual	sparse_nonlinear	minimal	20261031.0						
analyses/multiverse/results/scalar_unavailable.csv			insufficient_rows_or_targets				2688	200.0	3.0	significant_and_absolute_z_at_least_2	distal_gene_count_residual	sparse_nonlinear	observability	20261013.0						
analyses/multiverse/results/scalar_unavailable.csv			insufficient_rows_or_targets				2692	200.0	3.0	significant_and_absolute_z_at_least_2	distal_gene_count_residual	sparse_nonlinear	reproducibility	20260929.0						
analyses/multiverse/results/scalar_unavailable.csv			insufficient_rows_or_targets				2696	200.0	3.0	significant_and_absolute_z_at_least_2	distal_gene_count_residual	sparse_nonlinear	no_state	20260912.0						
analyses/multiverse/results/scalar_unavailable.csv			insufficient_rows_or_targets				2700	200.0	3.0	significant_and_absolute_z_at_least_2	distal_gene_count_residual	sparse_nonlinear	no_state	20261119.0						
analyses/multiverse/results/scalar_unavailable.csv			insufficient_rows_or_targets				2704	200.0	3.0	significant_and_absolute_z_at_least_2	distal_gene_count_residual	graph_readout	minimal	20261031.0						
analyses/multiverse/results/scalar_unavailable.csv			insufficient_rows_or_targets				2708	200.0	3.0	significant_and_absolute_z_at_least_2	distal_gene_count_residual	graph_readout	observability	20261013.0						
analyses/multiverse/results/scalar_unavailable.csv			insufficient_rows_or_targets				2712	200.0	3.0	significant_and_absolute_z_at_least_2	distal_gene_count_residual	graph_readout	reproducibility	20260929.0						
analyses/multiverse/results/scalar_unavailable.csv			insufficient_rows_or_targets				2716	200.0	3.0	significant_and_absolute_z_at_least_2	distal_gene_count_residual	graph_readout	no_state	20260912.0						
analyses/multiverse/results/scalar_unavailable.csv			insufficient_rows_or_targets				2720	200.0	3.0	significant_and_absolute_z_at_least_2	distal_gene_count_residual	graph_readout	no_state	20261119.0						
analyses/multiverse/results/scalar_unavailable.csv			insufficient_rows_or_targets				2724	200.0	3.0	significant_and_absolute_z_at_least_2	debiased_response_l2_gain	ridge	minimal	20261031.0						
analyses/multiverse/results/scalar_unavailable.csv			insufficient_rows_or_targets				2728	200.0	3.0	significant_and_absolute_z_at_least_2	debiased_response_l2_gain	ridge	observability	20261013.0						
analyses/multiverse/results/scalar_unavailable.csv			insufficient_rows_or_targets				2732	200.0	3.0	significant_and_absolute_z_at_least_2	debiased_response_l2_gain	ridge	reproducibility	20260929.0						
analyses/multiverse/results/scalar_unavailable.csv			insufficient_rows_or_targets				2736	200.0	3.0	significant_and_absolute_z_at_least_2	debiased_response_l2_gain	ridge	no_state	20260912.0						
analyses/multiverse/results/scalar_unavailable.csv			insufficient_rows_or_targets				2740	200.0	3.0	significant_and_absolute_z_at_least_2	debiased_response_l2_gain	ridge	no_state	20261119.0						
analyses/multiverse/results/scalar_unavailable.csv			insufficient_rows_or_targets				2744	200.0	3.0	significant_and_absolute_z_at_least_2	debiased_response_l2_gain	huber_regression	minimal	20261031.0						
analyses/multiverse/results/scalar_unavailable.csv			insufficient_rows_or_targets				2748	200.0	3.0	significant_and_absolute_z_at_least_2	debiased_response_l2_gain	huber_regression	observability	20261013.0						
analyses/multiverse/results/scalar_unavailable.csv			insufficient_rows_or_targets				2752	200.0	3.0	significant_and_absolute_z_at_least_2	debiased_response_l2_gain	huber_regression	reproducibility	20260929.0						
analyses/multiverse/results/scalar_unavailable.csv			insufficient_rows_or_targets				2756	200.0	3.0	significant_and_absolute_z_at_least_2	debiased_response_l2_gain	huber_regression	no_state	20260912.0						
analyses/multiverse/results/scalar_unavailable.csv			insufficient_rows_or_targets				2760	200.0	3.0	significant_and_absolute_z_at_least_2	debiased_response_l2_gain	huber_regression	no_state	20261119.0						
analyses/multiverse/results/scalar_unavailable.csv			insufficient_rows_or_targets				2764	200.0	3.0	significant_and_absolute_z_at_least_2	debiased_response_l2_gain	sparse_nonlinear	minimal	20261031.0						
analyses/multiverse/results/scalar_unavailable.csv			insufficient_rows_or_targets				2768	200.0	3.0	significant_and_absolute_z_at_least_2	debiased_response_l2_gain	sparse_nonlinear	observability	20261013.0						
analyses/multiverse/results/scalar_unavailable.csv			insufficient_rows_or_targets				2772	200.0	3.0	significant_and_absolute_z_at_least_2	debiased_response_l2_gain	sparse_nonlinear	reproducibility	20260929.0						
analyses/multiverse/results/scalar_unavailable.csv			insufficient_rows_or_targets				2776	200.0	3.0	significant_and_absolute_z_at_least_2	debiased_response_l2_gain	sparse_nonlinear	no_state	20260912.0						
analyses/multiverse/results/scalar_unavailable.csv			insufficient_rows_or_targets				2780	200.0	3.0	significant_and_absolute_z_at_least_2	debiased_response_l2_gain	sparse_nonlinear	no_state	20261119.0						
analyses/multiverse/results/scalar_unavailable.csv			insufficient_rows_or_targets				2784	200.0	3.0	significant_and_absolute_z_at_least_2	debiased_response_l2_gain	graph_readout	minimal	20261031.0						
analyses/multiverse/results/scalar_unavailable.csv			insufficient_rows_or_targets				2788	200.0	3.0	significant_and_absolute_z_at_least_2	debiased_response_l2_gain	graph_readout	observability	20261013.0						
analyses/multiverse/results/scalar_unavailable.csv			insufficient_rows_or_targets				2792	200.0	3.0	significant_and_absolute_z_at_least_2	debiased_response_l2_gain	graph_readout	reproducibility	20260929.0						
analyses/multiverse/results/scalar_unavailable.csv			insufficient_rows_or_targets				2796	200.0	3.0	significant_and_absolute_z_at_least_2	debiased_response_l2_gain	graph_readout	no_state	20260912.0						
analyses/multiverse/results/scalar_unavailable.csv			insufficient_rows_or_targets				2800	200.0	3.0	significant_and_absolute_z_at_least_2	debiased_response_l2_gain	graph_readout	no_state	20261119.0						
analyses/multiverse/results/scalar_unavailable.csv			insufficient_rows_or_targets				2804	200.0	3.0	significant_and_absolute_z_at_least_2	significant_response_l1_gain	ridge	minimal	20261031.0						
analyses/multiverse/results/scalar_unavailable.csv			insufficient_rows_or_targets				2808	200.0	3.0	significant_and_absolute_z_at_least_2	significant_response_l1_gain	ridge	observability	20261013.0						
analyses/multiverse/results/scalar_unavailable.csv			insufficient_rows_or_targets				2812	200.0	3.0	significant_and_absolute_z_at_least_2	significant_response_l1_gain	ridge	reproducibility	20260929.0						
analyses/multiverse/results/scalar_unavailable.csv			insufficient_rows_or_targets				2816	200.0	3.0	significant_and_absolute_z_at_least_2	significant_response_l1_gain	ridge	no_state	20260912.0						
analyses/multiverse/results/scalar_unavailable.csv			insufficient_rows_or_targets				2820	200.0	3.0	significant_and_absolute_z_at_least_2	significant_response_l1_gain	ridge	no_state	20261119.0						
analyses/multiverse/results/scalar_unavailable.csv			insufficient_rows_or_targets				2824	200.0	3.0	significant_and_absolute_z_at_least_2	significant_response_l1_gain	huber_regression	minimal	20261031.0						
analyses/multiverse/results/scalar_unavailable.csv			insufficient_rows_or_targets				2828	200.0	3.0	significant_and_absolute_z_at_least_2	significant_response_l1_gain	huber_regression	observability	20261013.0						
analyses/multiverse/results/scalar_unavailable.csv			insufficient_rows_or_targets				2832	200.0	3.0	significant_and_absolute_z_at_least_2	significant_response_l1_gain	huber_regression	reproducibility	20260929.0						
analyses/multiverse/results/scalar_unavailable.csv			insufficient_rows_or_targets				2836	200.0	3.0	significant_and_absolute_z_at_least_2	significant_response_l1_gain	huber_regression	no_state	20260912.0						
analyses/multiverse/results/scalar_unavailable.csv			insufficient_rows_or_targets				2840	200.0	3.0	significant_and_absolute_z_at_least_2	significant_response_l1_gain	huber_regression	no_state	20261119.0						
analyses/multiverse/results/scalar_unavailable.csv			insufficient_rows_or_targets				2844	200.0	3.0	significant_and_absolute_z_at_least_2	significant_response_l1_gain	sparse_nonlinear	minimal	20261031.0						
analyses/multiverse/results/scalar_unavailable.csv			insufficient_rows_or_targets				2848	200.0	3.0	significant_and_absolute_z_at_least_2	significant_response_l1_gain	sparse_nonlinear	observability	20261013.0						
analyses/multiverse/results/scalar_unavailable.csv			insufficient_rows_or_targets				2852	200.0	3.0	significant_and_absolute_z_at_least_2	significant_response_l1_gain	sparse_nonlinear	reproducibility	20260929.0						
analyses/multiverse/results/scalar_unavailable.csv			insufficient_rows_or_targets				2856	200.0	3.0	significant_and_absolute_z_at_least_2	significant_response_l1_gain	sparse_nonlinear	no_state	20260912.0						
analyses/multiverse/results/scalar_unavailable.csv			insufficient_rows_or_targets				2860	200.0	3.0	significant_and_absolute_z_at_least_2	significant_response_l1_gain	sparse_nonlinear	no_state	20261119.0						
analyses/multiverse/results/scalar_unavailable.csv			insufficient_rows_or_targets				2864	200.0	3.0	significant_and_absolute_z_at_least_2	significant_response_l1_gain	graph_readout	minimal	20261031.0						
analyses/multiverse/results/scalar_unavailable.csv			insufficient_rows_or_targets				2868	200.0	3.0	significant_and_absolute_z_at_least_2	significant_response_l1_gain	graph_readout	observability	20261013.0						
analyses/multiverse/results/scalar_unavailable.csv			insufficient_rows_or_targets				2872	200.0	3.0	significant_and_absolute_z_at_least_2	significant_response_l1_gain	graph_readout	reproducibility	20260929.0						
analyses/multiverse/results/scalar_unavailable.csv			insufficient_rows_or_targets				2876	200.0	3.0	significant_and_absolute_z_at_least_2	significant_response_l1_gain	graph_readout	no_state	20260912.0						
analyses/multiverse/results/scalar_unavailable.csv			insufficient_rows_or_targets				2880	200.0	3.0	significant_and_absolute_z_at_least_2	significant_response_l1_gain	graph_readout	no_state	20261119.0						
analyses/multiverse/results/scalar_unavailable.csv			insufficient_rows_or_targets				3844	300.0	3.0	significant	distal_gene_count_residual	ridge	minimal	20261031.0						
analyses/multiverse/results/scalar_unavailable.csv			insufficient_rows_or_targets				3848	300.0	3.0	significant	distal_gene_count_residual	ridge	observability	20261013.0						
analyses/multiverse/results/scalar_unavailable.csv			insufficient_rows_or_targets				3852	300.0	3.0	significant	distal_gene_count_residual	ridge	reproducibility	20260929.0						
analyses/multiverse/results/scalar_unavailable.csv			insufficient_rows_or_targets				3856	300.0	3.0	significant	distal_gene_count_residual	ridge	no_state	20260912.0						
analyses/multiverse/results/scalar_unavailable.csv			insufficient_rows_or_targets				3860	300.0	3.0	significant	distal_gene_count_residual	ridge	no_state	20261119.0						
analyses/multiverse/results/scalar_unavailable.csv			insufficient_rows_or_targets				3864	300.0	3.0	significant	distal_gene_count_residual	huber_regression	minimal	20261031.0						
analyses/multiverse/results/scalar_unavailable.csv			insufficient_rows_or_targets				3868	300.0	3.0	significant	distal_gene_count_residual	huber_regression	observability	20261013.0						
analyses/multiverse/results/scalar_unavailable.csv			insufficient_rows_or_targets				3872	300.0	3.0	significant	distal_gene_count_residual	huber_regression	reproducibility	20260929.0						
analyses/multiverse/results/scalar_unavailable.csv			insufficient_rows_or_targets				3876	300.0	3.0	significant	distal_gene_count_residual	huber_regression	no_state	20260912.0						
analyses/multiverse/results/scalar_unavailable.csv			insufficient_rows_or_targets				3880	300.0	3.0	significant	distal_gene_count_residual	huber_regression	no_state	20261119.0						
analyses/multiverse/results/scalar_unavailable.csv			insufficient_rows_or_targets				3884	300.0	3.0	significant	distal_gene_count_residual	sparse_nonlinear	minimal	20261031.0						
analyses/multiverse/results/scalar_unavailable.csv			insufficient_rows_or_targets				3888	300.0	3.0	significant	distal_gene_count_residual	sparse_nonlinear	observability	20261013.0						
analyses/multiverse/results/scalar_unavailable.csv			insufficient_rows_or_targets				3892	300.0	3.0	significant	distal_gene_count_residual	sparse_nonlinear	reproducibility	20260929.0						
analyses/multiverse/results/scalar_unavailable.csv			insufficient_rows_or_targets				3896	300.0	3.0	significant	distal_gene_count_residual	sparse_nonlinear	no_state	20260912.0						
analyses/multiverse/results/scalar_unavailable.csv			insufficient_rows_or_targets				3900	300.0	3.0	significant	distal_gene_count_residual	sparse_nonlinear	no_state	20261119.0						
analyses/multiverse/results/scalar_unavailable.csv			insufficient_rows_or_targets				3904	300.0	3.0	significant	distal_gene_count_residual	graph_readout	minimal	20261031.0						
analyses/multiverse/results/scalar_unavailable.csv			insufficient_rows_or_targets				3908	300.0	3.0	significant	distal_gene_count_residual	graph_readout	observability	20261013.0						
analyses/multiverse/results/scalar_unavailable.csv			insufficient_rows_or_targets				3912	300.0	3.0	significant	distal_gene_count_residual	graph_readout	reproducibility	20260929.0						
analyses/multiverse/results/scalar_unavailable.csv			insufficient_rows_or_targets				3916	300.0	3.0	significant	distal_gene_count_residual	graph_readout	no_state	20260912.0						
analyses/multiverse/results/scalar_unavailable.csv			insufficient_rows_or_targets				3920	300.0	3.0	significant	distal_gene_count_residual	graph_readout	no_state	20261119.0						
analyses/multiverse/results/scalar_unavailable.csv			insufficient_rows_or_targets				3924	300.0	3.0	significant	debiased_response_l2_gain	ridge	minimal	20261031.0						
analyses/multiverse/results/scalar_unavailable.csv			insufficient_rows_or_targets				3928	300.0	3.0	significant	debiased_response_l2_gain	ridge	observability	20261013.0						
analyses/multiverse/results/scalar_unavailable.csv			insufficient_rows_or_targets				3932	300.0	3.0	significant	debiased_response_l2_gain	ridge	reproducibility	20260929.0						
analyses/multiverse/results/scalar_unavailable.csv			insufficient_rows_or_targets				3936	300.0	3.0	significant	debiased_response_l2_gain	ridge	no_state	20260912.0						
analyses/multiverse/results/scalar_unavailable.csv			insufficient_rows_or_targets				3940	300.0	3.0	significant	debiased_response_l2_gain	ridge	no_state	20261119.0						
analyses/multiverse/results/scalar_unavailable.csv			insufficient_rows_or_targets				3944	300.0	3.0	significant	debiased_response_l2_gain	huber_regression	minimal	20261031.0						
analyses/multiverse/results/scalar_unavailable.csv			insufficient_rows_or_targets				3948	300.0	3.0	significant	debiased_response_l2_gain	huber_regression	observability	20261013.0						
analyses/multiverse/results/scalar_unavailable.csv			insufficient_rows_or_targets				3952	300.0	3.0	significant	debiased_response_l2_gain	huber_regression	reproducibility	20260929.0						
analyses/multiverse/results/scalar_unavailable.csv			insufficient_rows_or_targets				3956	300.0	3.0	significant	debiased_response_l2_gain	huber_regression	no_state	20260912.0						
analyses/multiverse/results/scalar_unavailable.csv			insufficient_rows_or_targets				3960	300.0	3.0	significant	debiased_response_l2_gain	huber_regression	no_state	20261119.0						
analyses/multiverse/results/scalar_unavailable.csv			insufficient_rows_or_targets				3964	300.0	3.0	significant	debiased_response_l2_gain	sparse_nonlinear	minimal	20261031.0						
analyses/multiverse/results/scalar_unavailable.csv			insufficient_rows_or_targets				3968	300.0	3.0	significant	debiased_response_l2_gain	sparse_nonlinear	observability	20261013.0						
analyses/multiverse/results/scalar_unavailable.csv			insufficient_rows_or_targets				3972	300.0	3.0	significant	debiased_response_l2_gain	sparse_nonlinear	reproducibility	20260929.0						
analyses/multiverse/results/scalar_unavailable.csv			insufficient_rows_or_targets				3976	300.0	3.0	significant	debiased_response_l2_gain	sparse_nonlinear	no_state	20260912.0						
analyses/multiverse/results/scalar_unavailable.csv			insufficient_rows_or_targets				3980	300.0	3.0	significant	debiased_response_l2_gain	sparse_nonlinear	no_state	20261119.0						
analyses/multiverse/results/scalar_unavailable.csv			insufficient_rows_or_targets				3984	300.0	3.0	significant	debiased_response_l2_gain	graph_readout	minimal	20261031.0						
analyses/multiverse/results/scalar_unavailable.csv			insufficient_rows_or_targets				3988	300.0	3.0	significant	debiased_response_l2_gain	graph_readout	observability	20261013.0						
analyses/multiverse/results/scalar_unavailable.csv			insufficient_rows_or_targets				3992	300.0	3.0	significant	debiased_response_l2_gain	graph_readout	reproducibility	20260929.0						
analyses/multiverse/results/scalar_unavailable.csv			insufficient_rows_or_targets				3996	300.0	3.0	significant	debiased_response_l2_gain	graph_readout	no_state	20260912.0						
analyses/multiverse/results/scalar_unavailable.csv			insufficient_rows_or_targets				4000	300.0	3.0	significant	debiased_response_l2_gain	graph_readout	no_state	20261119.0						
analyses/multiverse/results/scalar_unavailable.csv			insufficient_rows_or_targets				4004	300.0	3.0	significant	significant_response_l1_gain	ridge	minimal	20261031.0						
analyses/multiverse/results/scalar_unavailable.csv			insufficient_rows_or_targets				4008	300.0	3.0	significant	significant_response_l1_gain	ridge	observability	20261013.0						
analyses/multiverse/results/scalar_unavailable.csv			insufficient_rows_or_targets				4012	300.0	3.0	significant	significant_response_l1_gain	ridge	reproducibility	20260929.0						
analyses/multiverse/results/scalar_unavailable.csv			insufficient_rows_or_targets				4016	300.0	3.0	significant	significant_response_l1_gain	ridge	no_state	20260912.0						
analyses/multiverse/results/scalar_unavailable.csv			insufficient_rows_or_targets				4020	300.0	3.0	significant	significant_response_l1_gain	ridge	no_state	20261119.0						
analyses/multiverse/results/scalar_unavailable.csv			insufficient_rows_or_targets				4024	300.0	3.0	significant	significant_response_l1_gain	huber_regression	minimal	20261031.0						
analyses/multiverse/results/scalar_unavailable.csv			insufficient_rows_or_targets				4028	300.0	3.0	significant	significant_response_l1_gain	huber_regression	observability	20261013.0						
analyses/multiverse/results/scalar_unavailable.csv			insufficient_rows_or_targets				4032	300.0	3.0	significant	significant_response_l1_gain	huber_regression	reproducibility	20260929.0						
analyses/multiverse/results/scalar_unavailable.csv			insufficient_rows_or_targets				4036	300.0	3.0	significant	significant_response_l1_gain	huber_regression	no_state	20260912.0						
analyses/multiverse/results/scalar_unavailable.csv			insufficient_rows_or_targets				4040	300.0	3.0	significant	significant_response_l1_gain	huber_regression	no_state	20261119.0						
analyses/multiverse/results/scalar_unavailable.csv			insufficient_rows_or_targets				4044	300.0	3.0	significant	significant_response_l1_gain	sparse_nonlinear	minimal	20261031.0						
analyses/multiverse/results/scalar_unavailable.csv			insufficient_rows_or_targets				4048	300.0	3.0	significant	significant_response_l1_gain	sparse_nonlinear	observability	20261013.0						
analyses/multiverse/results/scalar_unavailable.csv			insufficient_rows_or_targets				4052	300.0	3.0	significant	significant_response_l1_gain	sparse_nonlinear	reproducibility	20260929.0						
analyses/multiverse/results/scalar_unavailable.csv			insufficient_rows_or_targets				4056	300.0	3.0	significant	significant_response_l1_gain	sparse_nonlinear	no_state	20260912.0						
analyses/multiverse/results/scalar_unavailable.csv			insufficient_rows_or_targets				4060	300.0	3.0	significant	significant_response_l1_gain	sparse_nonlinear	no_state	20261119.0						
analyses/multiverse/results/scalar_unavailable.csv			insufficient_rows_or_targets				4064	300.0	3.0	significant	significant_response_l1_gain	graph_readout	minimal	20261031.0						
analyses/multiverse/results/scalar_unavailable.csv			insufficient_rows_or_targets				4068	300.0	3.0	significant	significant_response_l1_gain	graph_readout	observability	20261013.0						
analyses/multiverse/results/scalar_unavailable.csv			insufficient_rows_or_targets				4072	300.0	3.0	significant	significant_response_l1_gain	graph_readout	reproducibility	20260929.0						
analyses/multiverse/results/scalar_unavailable.csv			insufficient_rows_or_targets				4076	300.0	3.0	significant	significant_response_l1_gain	graph_readout	no_state	20260912.0						
analyses/multiverse/results/scalar_unavailable.csv			insufficient_rows_or_targets				4080	300.0	3.0	significant	significant_response_l1_gain	graph_readout	no_state	20261119.0						
analyses/multiverse/results/scalar_unavailable.csv			insufficient_rows_or_targets				4084	300.0	3.0	significant_and_absolute_z_at_least_2	distal_gene_count_residual	ridge	minimal	20261031.0						
analyses/multiverse/results/scalar_unavailable.csv			insufficient_rows_or_targets				4088	300.0	3.0	significant_and_absolute_z_at_least_2	distal_gene_count_residual	ridge	observability	20261013.0						
analyses/multiverse/results/scalar_unavailable.csv			insufficient_rows_or_targets				4092	300.0	3.0	significant_and_absolute_z_at_least_2	distal_gene_count_residual	ridge	reproducibility	20260929.0						
analyses/multiverse/results/scalar_unavailable.csv			insufficient_rows_or_targets				4096	300.0	3.0	significant_and_absolute_z_at_least_2	distal_gene_count_residual	ridge	no_state	20260912.0						
analyses/multiverse/results/scalar_unavailable.csv			insufficient_rows_or_targets				4100	300.0	3.0	significant_and_absolute_z_at_least_2	distal_gene_count_residual	ridge	no_state	20261119.0						
analyses/multiverse/results/scalar_unavailable.csv			insufficient_rows_or_targets				4104	300.0	3.0	significant_and_absolute_z_at_least_2	distal_gene_count_residual	huber_regression	minimal	20261031.0						
analyses/multiverse/results/scalar_unavailable.csv			insufficient_rows_or_targets				4108	300.0	3.0	significant_and_absolute_z_at_least_2	distal_gene_count_residual	huber_regression	observability	20261013.0						
analyses/multiverse/results/scalar_unavailable.csv			insufficient_rows_or_targets				4112	300.0	3.0	significant_and_absolute_z_at_least_2	distal_gene_count_residual	huber_regression	reproducibility	20260929.0						
analyses/multiverse/results/scalar_unavailable.csv			insufficient_rows_or_targets				4116	300.0	3.0	significant_and_absolute_z_at_least_2	distal_gene_count_residual	huber_regression	no_state	20260912.0						
analyses/multiverse/results/scalar_unavailable.csv			insufficient_rows_or_targets				4120	300.0	3.0	significant_and_absolute_z_at_least_2	distal_gene_count_residual	huber_regression	no_state	20261119.0						
analyses/multiverse/results/scalar_unavailable.csv			insufficient_rows_or_targets				4124	300.0	3.0	significant_and_absolute_z_at_least_2	distal_gene_count_residual	sparse_nonlinear	minimal	20261031.0						
analyses/multiverse/results/scalar_unavailable.csv			insufficient_rows_or_targets				4128	300.0	3.0	significant_and_absolute_z_at_least_2	distal_gene_count_residual	sparse_nonlinear	observability	20261013.0						
analyses/multiverse/results/scalar_unavailable.csv			insufficient_rows_or_targets				4132	300.0	3.0	significant_and_absolute_z_at_least_2	distal_gene_count_residual	sparse_nonlinear	reproducibility	20260929.0						
analyses/multiverse/results/scalar_unavailable.csv			insufficient_rows_or_targets				4136	300.0	3.0	significant_and_absolute_z_at_least_2	distal_gene_count_residual	sparse_nonlinear	no_state	20260912.0						
analyses/multiverse/results/scalar_unavailable.csv			insufficient_rows_or_targets				4140	300.0	3.0	significant_and_absolute_z_at_least_2	distal_gene_count_residual	sparse_nonlinear	no_state	20261119.0						
analyses/multiverse/results/scalar_unavailable.csv			insufficient_rows_or_targets				4144	300.0	3.0	significant_and_absolute_z_at_least_2	distal_gene_count_residual	graph_readout	minimal	20261031.0						
analyses/multiverse/results/scalar_unavailable.csv			insufficient_rows_or_targets				4148	300.0	3.0	significant_and_absolute_z_at_least_2	distal_gene_count_residual	graph_readout	observability	20261013.0						
analyses/multiverse/results/scalar_unavailable.csv			insufficient_rows_or_targets				4152	300.0	3.0	significant_and_absolute_z_at_least_2	distal_gene_count_residual	graph_readout	reproducibility	20260929.0						
analyses/multiverse/results/scalar_unavailable.csv			insufficient_rows_or_targets				4156	300.0	3.0	significant_and_absolute_z_at_least_2	distal_gene_count_residual	graph_readout	no_state	20260912.0						
analyses/multiverse/results/scalar_unavailable.csv			insufficient_rows_or_targets				4160	300.0	3.0	significant_and_absolute_z_at_least_2	distal_gene_count_residual	graph_readout	no_state	20261119.0						
analyses/multiverse/results/scalar_unavailable.csv			insufficient_rows_or_targets				4164	300.0	3.0	significant_and_absolute_z_at_least_2	debiased_response_l2_gain	ridge	minimal	20261031.0						
analyses/multiverse/results/scalar_unavailable.csv			insufficient_rows_or_targets				4168	300.0	3.0	significant_and_absolute_z_at_least_2	debiased_response_l2_gain	ridge	observability	20261013.0						
analyses/multiverse/results/scalar_unavailable.csv			insufficient_rows_or_targets				4172	300.0	3.0	significant_and_absolute_z_at_least_2	debiased_response_l2_gain	ridge	reproducibility	20260929.0						
analyses/multiverse/results/scalar_unavailable.csv			insufficient_rows_or_targets				4176	300.0	3.0	significant_and_absolute_z_at_least_2	debiased_response_l2_gain	ridge	no_state	20260912.0						
analyses/multiverse/results/scalar_unavailable.csv			insufficient_rows_or_targets				4180	300.0	3.0	significant_and_absolute_z_at_least_2	debiased_response_l2_gain	ridge	no_state	20261119.0						
analyses/multiverse/results/scalar_unavailable.csv			insufficient_rows_or_targets				4184	300.0	3.0	significant_and_absolute_z_at_least_2	debiased_response_l2_gain	huber_regression	minimal	20261031.0						
analyses/multiverse/results/scalar_unavailable.csv			insufficient_rows_or_targets				4188	300.0	3.0	significant_and_absolute_z_at_least_2	debiased_response_l2_gain	huber_regression	observability	20261013.0						
analyses/multiverse/results/scalar_unavailable.csv			insufficient_rows_or_targets				4192	300.0	3.0	significant_and_absolute_z_at_least_2	debiased_response_l2_gain	huber_regression	reproducibility	20260929.0						
analyses/multiverse/results/scalar_unavailable.csv			insufficient_rows_or_targets				4196	300.0	3.0	significant_and_absolute_z_at_least_2	debiased_response_l2_gain	huber_regression	no_state	20260912.0						
analyses/multiverse/results/scalar_unavailable.csv			insufficient_rows_or_targets				4200	300.0	3.0	significant_and_absolute_z_at_least_2	debiased_response_l2_gain	huber_regression	no_state	20261119.0						
analyses/multiverse/results/scalar_unavailable.csv			insufficient_rows_or_targets				4204	300.0	3.0	significant_and_absolute_z_at_least_2	debiased_response_l2_gain	sparse_nonlinear	minimal	20261031.0						
analyses/multiverse/results/scalar_unavailable.csv			insufficient_rows_or_targets				4208	300.0	3.0	significant_and_absolute_z_at_least_2	debiased_response_l2_gain	sparse_nonlinear	observability	20261013.0						
analyses/multiverse/results/scalar_unavailable.csv			insufficient_rows_or_targets				4212	300.0	3.0	significant_and_absolute_z_at_least_2	debiased_response_l2_gain	sparse_nonlinear	reproducibility	20260929.0						
analyses/multiverse/results/scalar_unavailable.csv			insufficient_rows_or_targets				4216	300.0	3.0	significant_and_absolute_z_at_least_2	debiased_response_l2_gain	sparse_nonlinear	no_state	20260912.0						
analyses/multiverse/results/scalar_unavailable.csv			insufficient_rows_or_targets				4220	300.0	3.0	significant_and_absolute_z_at_least_2	debiased_response_l2_gain	sparse_nonlinear	no_state	20261119.0						
analyses/multiverse/results/scalar_unavailable.csv			insufficient_rows_or_targets				4224	300.0	3.0	significant_and_absolute_z_at_least_2	debiased_response_l2_gain	graph_readout	minimal	20261031.0						
analyses/multiverse/results/scalar_unavailable.csv			insufficient_rows_or_targets				4228	300.0	3.0	significant_and_absolute_z_at_least_2	debiased_response_l2_gain	graph_readout	observability	20261013.0						
analyses/multiverse/results/scalar_unavailable.csv			insufficient_rows_or_targets				4232	300.0	3.0	significant_and_absolute_z_at_least_2	debiased_response_l2_gain	graph_readout	reproducibility	20260929.0						
analyses/multiverse/results/scalar_unavailable.csv			insufficient_rows_or_targets				4236	300.0	3.0	significant_and_absolute_z_at_least_2	debiased_response_l2_gain	graph_readout	no_state	20260912.0						
analyses/multiverse/results/scalar_unavailable.csv			insufficient_rows_or_targets				4240	300.0	3.0	significant_and_absolute_z_at_least_2	debiased_response_l2_gain	graph_readout	no_state	20261119.0						
analyses/multiverse/results/scalar_unavailable.csv			insufficient_rows_or_targets				4244	300.0	3.0	significant_and_absolute_z_at_least_2	significant_response_l1_gain	ridge	minimal	20261031.0						
analyses/multiverse/results/scalar_unavailable.csv			insufficient_rows_or_targets				4248	300.0	3.0	significant_and_absolute_z_at_least_2	significant_response_l1_gain	ridge	observability	20261013.0						
analyses/multiverse/results/scalar_unavailable.csv			insufficient_rows_or_targets				4252	300.0	3.0	significant_and_absolute_z_at_least_2	significant_response_l1_gain	ridge	reproducibility	20260929.0						
analyses/multiverse/results/scalar_unavailable.csv			insufficient_rows_or_targets				4256	300.0	3.0	significant_and_absolute_z_at_least_2	significant_response_l1_gain	ridge	no_state	20260912.0						
analyses/multiverse/results/scalar_unavailable.csv			insufficient_rows_or_targets				4260	300.0	3.0	significant_and_absolute_z_at_least_2	significant_response_l1_gain	ridge	no_state	20261119.0						
analyses/multiverse/results/scalar_unavailable.csv			insufficient_rows_or_targets				4264	300.0	3.0	significant_and_absolute_z_at_least_2	significant_response_l1_gain	huber_regression	minimal	20261031.0						
analyses/multiverse/results/scalar_unavailable.csv			insufficient_rows_or_targets				4268	300.0	3.0	significant_and_absolute_z_at_least_2	significant_response_l1_gain	huber_regression	observability	20261013.0						
analyses/multiverse/results/scalar_unavailable.csv			insufficient_rows_or_targets				4272	300.0	3.0	significant_and_absolute_z_at_least_2	significant_response_l1_gain	huber_regression	reproducibility	20260929.0						
analyses/multiverse/results/scalar_unavailable.csv			insufficient_rows_or_targets				4276	300.0	3.0	significant_and_absolute_z_at_least_2	significant_response_l1_gain	huber_regression	no_state	20260912.0						
analyses/multiverse/results/scalar_unavailable.csv			insufficient_rows_or_targets				4280	300.0	3.0	significant_and_absolute_z_at_least_2	significant_response_l1_gain	huber_regression	no_state	20261119.0						
analyses/multiverse/results/scalar_unavailable.csv			insufficient_rows_or_targets				4284	300.0	3.0	significant_and_absolute_z_at_least_2	significant_response_l1_gain	sparse_nonlinear	minimal	20261031.0						
analyses/multiverse/results/scalar_unavailable.csv			insufficient_rows_or_targets				4288	300.0	3.0	significant_and_absolute_z_at_least_2	significant_response_l1_gain	sparse_nonlinear	observability	20261013.0						
analyses/multiverse/results/scalar_unavailable.csv			insufficient_rows_or_targets				4292	300.0	3.0	significant_and_absolute_z_at_least_2	significant_response_l1_gain	sparse_nonlinear	reproducibility	20260929.0						
analyses/multiverse/results/scalar_unavailable.csv			insufficient_rows_or_targets				4296	300.0	3.0	significant_and_absolute_z_at_least_2	significant_response_l1_gain	sparse_nonlinear	no_state	20260912.0						
analyses/multiverse/results/scalar_unavailable.csv			insufficient_rows_or_targets				4300	300.0	3.0	significant_and_absolute_z_at_least_2	significant_response_l1_gain	sparse_nonlinear	no_state	20261119.0						
analyses/multiverse/results/scalar_unavailable.csv			insufficient_rows_or_targets				4304	300.0	3.0	significant_and_absolute_z_at_least_2	significant_response_l1_gain	graph_readout	minimal	20261031.0						
analyses/multiverse/results/scalar_unavailable.csv			insufficient_rows_or_targets				4308	300.0	3.0	significant_and_absolute_z_at_least_2	significant_response_l1_gain	graph_readout	observability	20261013.0						
analyses/multiverse/results/scalar_unavailable.csv			insufficient_rows_or_targets				4312	300.0	3.0	significant_and_absolute_z_at_least_2	significant_response_l1_gain	graph_readout	reproducibility	20260929.0						
analyses/multiverse/results/scalar_unavailable.csv			insufficient_rows_or_targets				4316	300.0	3.0	significant_and_absolute_z_at_least_2	significant_response_l1_gain	graph_readout	no_state	20260912.0						
analyses/multiverse/results/scalar_unavailable.csv			insufficient_rows_or_targets				4320	300.0	3.0	significant_and_absolute_z_at_least_2	significant_response_l1_gain	graph_readout	no_state	20261119.0						
analyses/multiverse/results/validation_unavailable.csv			disease labels are tied to the source study cluster resolution					100.0	1.0	significant	distal_gene_count_residual		minimal		15.0	0.05	disease_convergence			
analyses/multiverse/results/validation_unavailable.csv			disease labels are tied to the source study cluster resolution					100.0	1.0	significant	distal_gene_count_residual		minimal		50.0	0.05	disease_convergence			
analyses/multiverse/results/validation_unavailable.csv			disease labels are tied to the source study cluster resolution					100.0	1.0	significant	distal_gene_count_residual		observability		15.0	0.05	disease_convergence			
analyses/multiverse/results/validation_unavailable.csv			disease labels are tied to the source study cluster resolution					100.0	1.0	significant	distal_gene_count_residual		observability		50.0	0.05	disease_convergence			
analyses/multiverse/results/validation_unavailable.csv			disease labels are tied to the source study cluster resolution					100.0	1.0	significant	distal_gene_count_residual		reproducibility		15.0	0.05	disease_convergence			
analyses/multiverse/results/validation_unavailable.csv			disease labels are tied to the source study cluster resolution					100.0	1.0	significant	distal_gene_count_residual		reproducibility		50.0	0.05	disease_convergence			
analyses/multiverse/results/validation_unavailable.csv			disease labels are tied to the source study cluster resolution					100.0	1.0	significant	distal_gene_count_residual		no_state		15.0	0.05	disease_convergence			
analyses/multiverse/results/validation_unavailable.csv			disease labels are tied to the source study cluster resolution					100.0	1.0	significant	distal_gene_count_residual		no_state		50.0	0.05	disease_convergence			
analyses/multiverse/results/validation_unavailable.csv			disease labels are tied to the source study cluster resolution					100.0	1.0	significant	distal_gene_count_residual		minimal		15.0	0.1	disease_convergence			
analyses/multiverse/results/validation_unavailable.csv			disease labels are tied to the source study cluster resolution					100.0	1.0	significant	distal_gene_count_residual		minimal		50.0	0.1	disease_convergence			
analyses/multiverse/results/validation_unavailable.csv			disease labels are tied to the source study cluster resolution					100.0	1.0	significant	distal_gene_count_residual		observability		15.0	0.1	disease_convergence			
analyses/multiverse/results/validation_unavailable.csv			disease labels are tied to the source study cluster resolution					100.0	1.0	significant	distal_gene_count_residual		observability		50.0	0.1	disease_convergence			
analyses/multiverse/results/validation_unavailable.csv			disease labels are tied to the source study cluster resolution					100.0	1.0	significant	distal_gene_count_residual		reproducibility		15.0	0.1	disease_convergence			
analyses/multiverse/results/validation_unavailable.csv			disease labels are tied to the source study cluster resolution					100.0	1.0	significant	distal_gene_count_residual		reproducibility		50.0	0.1	disease_convergence			
analyses/multiverse/results/validation_unavailable.csv			disease labels are tied to the source study cluster resolution					100.0	1.0	significant	distal_gene_count_residual		no_state		15.0	0.1	disease_convergence			
analyses/multiverse/results/validation_unavailable.csv			disease labels are tied to the source study cluster resolution					100.0	1.0	significant	distal_gene_count_residual		no_state		50.0	0.1	disease_convergence			
analyses/multiverse/results/validation_unavailable.csv			disease labels are tied to the source study cluster resolution					100.0	1.0	significant	distal_gene_count_residual		minimal		15.0	0.15	disease_convergence			
analyses/multiverse/results/validation_unavailable.csv			disease labels are tied to the source study cluster resolution					100.0	1.0	significant	distal_gene_count_residual		minimal		50.0	0.15	disease_convergence			
analyses/multiverse/results/validation_unavailable.csv			disease labels are tied to the source study cluster resolution					100.0	1.0	significant	distal_gene_count_residual		observability		15.0	0.15	disease_convergence			
analyses/multiverse/results/validation_unavailable.csv			disease labels are tied to the source study cluster resolution					100.0	1.0	significant	distal_gene_count_residual		observability		50.0	0.15	disease_convergence			
analyses/multiverse/results/validation_unavailable.csv			disease labels are tied to the source study cluster resolution					100.0	1.0	significant	distal_gene_count_residual		reproducibility		15.0	0.15	disease_convergence			
analyses/multiverse/results/validation_unavailable.csv			disease labels are tied to the source study cluster resolution					100.0	1.0	significant	distal_gene_count_residual		reproducibility		50.0	0.15	disease_convergence			
analyses/multiverse/results/validation_unavailable.csv			disease labels are tied to the source study cluster resolution					100.0	1.0	significant	distal_gene_count_residual		no_state		15.0	0.15	disease_convergence			
analyses/multiverse/results/validation_unavailable.csv			disease labels are tied to the source study cluster resolution					100.0	1.0	significant	distal_gene_count_residual		no_state		50.0	0.15	disease_convergence			
analyses/multiverse/results/validation_unavailable.csv			disease labels are tied to the source study cluster resolution					100.0	1.0	significant	distal_gene_count_residual		minimal		15.0	0.2	disease_convergence			
analyses/multiverse/results/validation_unavailable.csv			disease labels are tied to the source study cluster resolution					100.0	1.0	significant	distal_gene_count_residual		minimal		50.0	0.2	disease_convergence			
analyses/multiverse/results/validation_unavailable.csv			disease labels are tied to the source study cluster resolution					100.0	1.0	significant	distal_gene_count_residual		observability		15.0	0.2	disease_convergence			
analyses/multiverse/results/validation_unavailable.csv			disease labels are tied to the source study cluster resolution					100.0	1.0	significant	distal_gene_count_residual		observability		50.0	0.2	disease_convergence			
analyses/multiverse/results/validation_unavailable.csv			disease labels are tied to the source study cluster resolution					100.0	1.0	significant	distal_gene_count_residual		reproducibility		15.0	0.2	disease_convergence			
analyses/multiverse/results/validation_unavailable.csv			disease labels are tied to the source study cluster resolution					100.0	1.0	significant	distal_gene_count_residual		reproducibility		50.0	0.2	disease_convergence			
analyses/multiverse/results/validation_unavailable.csv			disease labels are tied to the source study cluster resolution					100.0	1.0	significant	distal_gene_count_residual		no_state		15.0	0.2	disease_convergence			
analyses/multiverse/results/validation_unavailable.csv			disease labels are tied to the source study cluster resolution					100.0	1.0	significant	distal_gene_count_residual		no_state		50.0	0.2	disease_convergence			
analyses/multiverse/results/validation_unavailable.csv			disease labels are tied to the source study cluster resolution					100.0	1.0	significant	debiased_response_l2_gain		minimal		15.0	0.05	disease_convergence			
analyses/multiverse/results/validation_unavailable.csv			disease labels are tied to the source study cluster resolution					100.0	1.0	significant	debiased_response_l2_gain		minimal		50.0	0.05	disease_convergence			
analyses/multiverse/results/validation_unavailable.csv			disease labels are tied to the source study cluster resolution					100.0	1.0	significant	debiased_response_l2_gain		observability		15.0	0.05	disease_convergence			
analyses/multiverse/results/validation_unavailable.csv			disease labels are tied to the source study cluster resolution					100.0	1.0	significant	debiased_response_l2_gain		observability		50.0	0.05	disease_convergence			
analyses/multiverse/results/validation_unavailable.csv			disease labels are tied to the source study cluster resolution					100.0	1.0	significant	debiased_response_l2_gain		reproducibility		15.0	0.05	disease_convergence			
analyses/multiverse/results/validation_unavailable.csv			disease labels are tied to the source study cluster resolution					100.0	1.0	significant	debiased_response_l2_gain		reproducibility		50.0	0.05	disease_convergence			
analyses/multiverse/results/validation_unavailable.csv			disease labels are tied to the source study cluster resolution					100.0	1.0	significant	debiased_response_l2_gain		no_state		15.0	0.05	disease_convergence			
analyses/multiverse/results/validation_unavailable.csv			disease labels are tied to the source study cluster resolution					100.0	1.0	significant	debiased_response_l2_gain		no_state		50.0	0.05	disease_convergence			
analyses/multiverse/results/validation_unavailable.csv			disease labels are tied to the source study cluster resolution					100.0	1.0	significant	debiased_response_l2_gain		minimal		15.0	0.1	disease_convergence			
analyses/multiverse/results/validation_unavailable.csv			disease labels are tied to the source study cluster resolution					100.0	1.0	significant	debiased_response_l2_gain		minimal		50.0	0.1	disease_convergence			
analyses/multiverse/results/validation_unavailable.csv			disease labels are tied to the source study cluster resolution					100.0	1.0	significant	debiased_response_l2_gain		observability		15.0	0.1	disease_convergence			
analyses/multiverse/results/validation_unavailable.csv			disease labels are tied to the source study cluster resolution					100.0	1.0	significant	debiased_response_l2_gain		observability		50.0	0.1	disease_convergence			
analyses/multiverse/results/validation_unavailable.csv			disease labels are tied to the source study cluster resolution					100.0	1.0	significant	debiased_response_l2_gain		reproducibility		15.0	0.1	disease_convergence			
analyses/multiverse/results/validation_unavailable.csv			disease labels are tied to the source study cluster resolution					100.0	1.0	significant	debiased_response_l2_gain		reproducibility		50.0	0.1	disease_convergence			
analyses/multiverse/results/validation_unavailable.csv			disease labels are tied to the source study cluster resolution					100.0	1.0	significant	debiased_response_l2_gain		no_state		15.0	0.1	disease_convergence			
analyses/multiverse/results/validation_unavailable.csv			disease labels are tied to the source study cluster resolution					100.0	1.0	significant	debiased_response_l2_gain		no_state		50.0	0.1	disease_convergence			
analyses/multiverse/results/validation_unavailable.csv			disease labels are tied to the source study cluster resolution					100.0	1.0	significant	debiased_response_l2_gain		minimal		15.0	0.15	disease_convergence			
analyses/multiverse/results/validation_unavailable.csv			disease labels are tied to the source study cluster resolution					100.0	1.0	significant	debiased_response_l2_gain		minimal		50.0	0.15	disease_convergence			
analyses/multiverse/results/validation_unavailable.csv			disease labels are tied to the source study cluster resolution					100.0	1.0	significant	debiased_response_l2_gain		observability		15.0	0.15	disease_convergence			
analyses/multiverse/results/validation_unavailable.csv			disease labels are tied to the source study cluster resolution					100.0	1.0	significant	debiased_response_l2_gain		observability		50.0	0.15	disease_convergence			
analyses/multiverse/results/validation_unavailable.csv			disease labels are tied to the source study cluster resolution					100.0	1.0	significant	debiased_response_l2_gain		reproducibility		15.0	0.15	disease_convergence			
analyses/multiverse/results/validation_unavailable.csv			disease labels are tied to the source study cluster resolution					100.0	1.0	significant	debiased_response_l2_gain		reproducibility		50.0	0.15	disease_convergence			
analyses/multiverse/results/validation_unavailable.csv			disease labels are tied to the source study cluster resolution					100.0	1.0	significant	debiased_response_l2_gain		no_state		15.0	0.15	disease_convergence			
analyses/multiverse/results/validation_unavailable.csv			disease labels are tied to the source study cluster resolution					100.0	1.0	significant	debiased_response_l2_gain		no_state		50.0	0.15	disease_convergence			
analyses/multiverse/results/validation_unavailable.csv			disease labels are tied to the source study cluster resolution					100.0	1.0	significant	debiased_response_l2_gain		minimal		15.0	0.2	disease_convergence			
analyses/multiverse/results/validation_unavailable.csv			disease labels are tied to the source study cluster resolution					100.0	1.0	significant	debiased_response_l2_gain		minimal		50.0	0.2	disease_convergence			
analyses/multiverse/results/validation_unavailable.csv			disease labels are tied to the source study cluster resolution					100.0	1.0	significant	debiased_response_l2_gain		observability		15.0	0.2	disease_convergence			
analyses/multiverse/results/validation_unavailable.csv			disease labels are tied to the source study cluster resolution					100.0	1.0	significant	debiased_response_l2_gain		observability		50.0	0.2	disease_convergence			
analyses/multiverse/results/validation_unavailable.csv			disease labels are tied to the source study cluster resolution					100.0	1.0	significant	debiased_response_l2_gain		reproducibility		15.0	0.2	disease_convergence			
analyses/multiverse/results/validation_unavailable.csv			disease labels are tied to the source study cluster resolution					100.0	1.0	significant	debiased_response_l2_gain		reproducibility		50.0	0.2	disease_convergence			
analyses/multiverse/results/validation_unavailable.csv			disease labels are tied to the source study cluster resolution					100.0	1.0	significant	debiased_response_l2_gain		no_state		15.0	0.2	disease_convergence			
analyses/multiverse/results/validation_unavailable.csv			disease labels are tied to the source study cluster resolution					100.0	1.0	significant	debiased_response_l2_gain		no_state		50.0	0.2	disease_convergence			
analyses/multiverse/results/validation_unavailable.csv			disease labels are tied to the source study cluster resolution					100.0	1.0	significant	significant_response_l1_gain		minimal		15.0	0.05	disease_convergence			
analyses/multiverse/results/validation_unavailable.csv			disease labels are tied to the source study cluster resolution					100.0	1.0	significant	significant_response_l1_gain		minimal		50.0	0.05	disease_convergence			
analyses/multiverse/results/validation_unavailable.csv			disease labels are tied to the source study cluster resolution					100.0	1.0	significant	significant_response_l1_gain		observability		15.0	0.05	disease_convergence			
analyses/multiverse/results/validation_unavailable.csv			disease labels are tied to the source study cluster resolution					100.0	1.0	significant	significant_response_l1_gain		observability		50.0	0.05	disease_convergence			
analyses/multiverse/results/validation_unavailable.csv			disease labels are tied to the source study cluster resolution					100.0	1.0	significant	significant_response_l1_gain		reproducibility		15.0	0.05	disease_convergence			
analyses/multiverse/results/validation_unavailable.csv			disease labels are tied to the source study cluster resolution					100.0	1.0	significant	significant_response_l1_gain		reproducibility		50.0	0.05	disease_convergence			
analyses/multiverse/results/validation_unavailable.csv			disease labels are tied to the source study cluster resolution					100.0	1.0	significant	significant_response_l1_gain		no_state		15.0	0.05	disease_convergence			
analyses/multiverse/results/validation_unavailable.csv			disease labels are tied to the source study cluster resolution					100.0	1.0	significant	significant_response_l1_gain		no_state		50.0	0.05	disease_convergence			
analyses/multiverse/results/validation_unavailable.csv			disease labels are tied to the source study cluster resolution					100.0	1.0	significant	significant_response_l1_gain		minimal		15.0	0.1	disease_convergence			
analyses/multiverse/results/validation_unavailable.csv			disease labels are tied to the source study cluster resolution					100.0	1.0	significant	significant_response_l1_gain		minimal		50.0	0.1	disease_convergence			
analyses/multiverse/results/validation_unavailable.csv			disease labels are tied to the source study cluster resolution					100.0	1.0	significant	significant_response_l1_gain		observability		15.0	0.1	disease_convergence			
analyses/multiverse/results/validation_unavailable.csv			disease labels are tied to the source study cluster resolution					100.0	1.0	significant	significant_response_l1_gain		observability		50.0	0.1	disease_convergence			
analyses/multiverse/results/validation_unavailable.csv			disease labels are tied to the source study cluster resolution					100.0	1.0	significant	significant_response_l1_gain		reproducibility		15.0	0.1	disease_convergence			
analyses/multiverse/results/validation_unavailable.csv			disease labels are tied to the source study cluster resolution					100.0	1.0	significant	significant_response_l1_gain		reproducibility		50.0	0.1	disease_convergence			
analyses/multiverse/results/validation_unavailable.csv			disease labels are tied to the source study cluster resolution					100.0	1.0	significant	significant_response_l1_gain		no_state		15.0	0.1	disease_convergence			
analyses/multiverse/results/validation_unavailable.csv			disease labels are tied to the source study cluster resolution					100.0	1.0	significant	significant_response_l1_gain		no_state		50.0	0.1	disease_convergence			
analyses/multiverse/results/validation_unavailable.csv			disease labels are tied to the source study cluster resolution					100.0	1.0	significant	significant_response_l1_gain		minimal		15.0	0.15	disease_convergence			
analyses/multiverse/results/validation_unavailable.csv			disease labels are tied to the source study cluster resolution					100.0	1.0	significant	significant_response_l1_gain		minimal		50.0	0.15	disease_convergence			
analyses/multiverse/results/validation_unavailable.csv			disease labels are tied to the source study cluster resolution					100.0	1.0	significant	significant_response_l1_gain		observability		15.0	0.15	disease_convergence			
analyses/multiverse/results/validation_unavailable.csv			disease labels are tied to the source study cluster resolution					100.0	1.0	significant	significant_response_l1_gain		observability		50.0	0.15	disease_convergence			
analyses/multiverse/results/validation_unavailable.csv			disease labels are tied to the source study cluster resolution					100.0	1.0	significant	significant_response_l1_gain		reproducibility		15.0	0.15	disease_convergence			
analyses/multiverse/results/validation_unavailable.csv			disease labels are tied to the source study cluster resolution					100.0	1.0	significant	significant_response_l1_gain		reproducibility		50.0	0.15	disease_convergence			
analyses/multiverse/results/validation_unavailable.csv			disease labels are tied to the source study cluster resolution					100.0	1.0	significant	significant_response_l1_gain		no_state		15.0	0.15	disease_convergence			
analyses/multiverse/results/validation_unavailable.csv			disease labels are tied to the source study cluster resolution					100.0	1.0	significant	significant_response_l1_gain		no_state		50.0	0.15	disease_convergence			
analyses/multiverse/results/validation_unavailable.csv			disease labels are tied to the source study cluster resolution					100.0	1.0	significant	significant_response_l1_gain		minimal		15.0	0.2	disease_convergence			
analyses/multiverse/results/validation_unavailable.csv			disease labels are tied to the source study cluster resolution					100.0	1.0	significant	significant_response_l1_gain		minimal		50.0	0.2	disease_convergence			
analyses/multiverse/results/validation_unavailable.csv			disease labels are tied to the source study cluster resolution					100.0	1.0	significant	significant_response_l1_gain		observability		15.0	0.2	disease_convergence			
analyses/multiverse/results/validation_unavailable.csv			disease labels are tied to the source study cluster resolution					100.0	1.0	significant	significant_response_l1_gain		observability		50.0	0.2	disease_convergence			
analyses/multiverse/results/validation_unavailable.csv			disease labels are tied to the source study cluster resolution					100.0	1.0	significant	significant_response_l1_gain		reproducibility		15.0	0.2	disease_convergence			
analyses/multiverse/results/validation_unavailable.csv			disease labels are tied to the source study cluster resolution					100.0	1.0	significant	significant_response_l1_gain		reproducibility		50.0	0.2	disease_convergence			
analyses/multiverse/results/validation_unavailable.csv			disease labels are tied to the source study cluster resolution					100.0	1.0	significant	significant_response_l1_gain		no_state		15.0	0.2	disease_convergence			
analyses/multiverse/results/validation_unavailable.csv			disease labels are tied to the source study cluster resolution					100.0	1.0	significant	significant_response_l1_gain		no_state		50.0	0.2	disease_convergence			
analyses/multiverse/results/validation_unavailable.csv			disease labels are tied to the source study cluster resolution					100.0	1.0	significant_and_absolute_z_at_least_2	distal_gene_count_residual		minimal		15.0	0.05	disease_convergence			
analyses/multiverse/results/validation_unavailable.csv			disease labels are tied to the source study cluster resolution					100.0	1.0	significant_and_absolute_z_at_least_2	distal_gene_count_residual		minimal		50.0	0.05	disease_convergence			
analyses/multiverse/results/validation_unavailable.csv			disease labels are tied to the source study cluster resolution					100.0	1.0	significant_and_absolute_z_at_least_2	distal_gene_count_residual		observability		15.0	0.05	disease_convergence			
analyses/multiverse/results/validation_unavailable.csv			disease labels are tied to the source study cluster resolution					100.0	1.0	significant_and_absolute_z_at_least_2	distal_gene_count_residual		observability		50.0	0.05	disease_convergence			
analyses/multiverse/results/validation_unavailable.csv			disease labels are tied to the source study cluster resolution					100.0	1.0	significant_and_absolute_z_at_least_2	distal_gene_count_residual		reproducibility		15.0	0.05	disease_convergence			
analyses/multiverse/results/validation_unavailable.csv			disease labels are tied to the source study cluster resolution					100.0	1.0	significant_and_absolute_z_at_least_2	distal_gene_count_residual		reproducibility		50.0	0.05	disease_convergence			
analyses/multiverse/results/validation_unavailable.csv			disease labels are tied to the source study cluster resolution					100.0	1.0	significant_and_absolute_z_at_least_2	distal_gene_count_residual		no_state		15.0	0.05	disease_convergence			
analyses/multiverse/results/validation_unavailable.csv			disease labels are tied to the source study cluster resolution					100.0	1.0	significant_and_absolute_z_at_least_2	distal_gene_count_residual		no_state		50.0	0.05	disease_convergence			
analyses/multiverse/results/validation_unavailable.csv			disease labels are tied to the source study cluster resolution					100.0	1.0	significant_and_absolute_z_at_least_2	distal_gene_count_residual		minimal		15.0	0.1	disease_convergence			
analyses/multiverse/results/validation_unavailable.csv			disease labels are tied to the source study cluster resolution					100.0	1.0	significant_and_absolute_z_at_least_2	distal_gene_count_residual		minimal		50.0	0.1	disease_convergence			
analyses/multiverse/results/validation_unavailable.csv			disease labels are tied to the source study cluster resolution					100.0	1.0	significant_and_absolute_z_at_least_2	distal_gene_count_residual		observability		15.0	0.1	disease_convergence			
analyses/multiverse/results/validation_unavailable.csv			disease labels are tied to the source study cluster resolution					100.0	1.0	significant_and_absolute_z_at_least_2	distal_gene_count_residual		observability		50.0	0.1	disease_convergence			
analyses/multiverse/results/validation_unavailable.csv			disease labels are tied to the source study cluster resolution					100.0	1.0	significant_and_absolute_z_at_least_2	distal_gene_count_residual		reproducibility		15.0	0.1	disease_convergence			
analyses/multiverse/results/validation_unavailable.csv			disease labels are tied to the source study cluster resolution					100.0	1.0	significant_and_absolute_z_at_least_2	distal_gene_count_residual		reproducibility		50.0	0.1	disease_convergence			
analyses/multiverse/results/validation_unavailable.csv			disease labels are tied to the source study cluster resolution					100.0	1.0	significant_and_absolute_z_at_least_2	distal_gene_count_residual		no_state		15.0	0.1	disease_convergence			
analyses/multiverse/results/validation_unavailable.csv			disease labels are tied to the source study cluster resolution					100.0	1.0	significant_and_absolute_z_at_least_2	distal_gene_count_residual		no_state		50.0	0.1	disease_convergence			
analyses/multiverse/results/validation_unavailable.csv			disease labels are tied to the source study cluster resolution					100.0	1.0	significant_and_absolute_z_at_least_2	distal_gene_count_residual		minimal		15.0	0.15	disease_convergence			
analyses/multiverse/results/validation_unavailable.csv			disease labels are tied to the source study cluster resolution					100.0	1.0	significant_and_absolute_z_at_least_2	distal_gene_count_residual		minimal		50.0	0.15	disease_convergence			
analyses/multiverse/results/validation_unavailable.csv			disease labels are tied to the source study cluster resolution					100.0	1.0	significant_and_absolute_z_at_least_2	distal_gene_count_residual		observability		15.0	0.15	disease_convergence			
analyses/multiverse/results/validation_unavailable.csv			disease labels are tied to the source study cluster resolution					100.0	1.0	significant_and_absolute_z_at_least_2	distal_gene_count_residual		observability		50.0	0.15	disease_convergence			
analyses/multiverse/results/validation_unavailable.csv			disease labels are tied to the source study cluster resolution					100.0	1.0	significant_and_absolute_z_at_least_2	distal_gene_count_residual		reproducibility		15.0	0.15	disease_convergence			
analyses/multiverse/results/validation_unavailable.csv			disease labels are tied to the source study cluster resolution					100.0	1.0	significant_and_absolute_z_at_least_2	distal_gene_count_residual		reproducibility		50.0	0.15	disease_convergence			
analyses/multiverse/results/validation_unavailable.csv			disease labels are tied to the source study cluster resolution					100.0	1.0	significant_and_absolute_z_at_least_2	distal_gene_count_residual		no_state		15.0	0.15	disease_convergence			
analyses/multiverse/results/validation_unavailable.csv			disease labels are tied to the source study cluster resolution					100.0	1.0	significant_and_absolute_z_at_least_2	distal_gene_count_residual		no_state		50.0	0.15	disease_convergence			
analyses/multiverse/results/validation_unavailable.csv			disease labels are tied to the source study cluster resolution					100.0	1.0	significant_and_absolute_z_at_least_2	distal_gene_count_residual		minimal		15.0	0.2	disease_convergence			
analyses/multiverse/results/validation_unavailable.csv			disease labels are tied to the source study cluster resolution					100.0	1.0	significant_and_absolute_z_at_least_2	distal_gene_count_residual		minimal		50.0	0.2	disease_convergence			
analyses/multiverse/results/validation_unavailable.csv			disease labels are tied to the source study cluster resolution					100.0	1.0	significant_and_absolute_z_at_least_2	distal_gene_count_residual		observability		15.0	0.2	disease_convergence			
analyses/multiverse/results/validation_unavailable.csv			disease labels are tied to the source study cluster resolution					100.0	1.0	significant_and_absolute_z_at_least_2	distal_gene_count_residual		observability		50.0	0.2	disease_convergence			
analyses/multiverse/results/validation_unavailable.csv			disease labels are tied to the source study cluster resolution					100.0	1.0	significant_and_absolute_z_at_least_2	distal_gene_count_residual		reproducibility		15.0	0.2	disease_convergence			
analyses/multiverse/results/validation_unavailable.csv			disease labels are tied to the source study cluster resolution					100.0	1.0	significant_and_absolute_z_at_least_2	distal_gene_count_residual		reproducibility		50.0	0.2	disease_convergence			
analyses/multiverse/results/validation_unavailable.csv			disease labels are tied to the source study cluster resolution					100.0	1.0	significant_and_absolute_z_at_least_2	distal_gene_count_residual		no_state		15.0	0.2	disease_convergence			
analyses/multiverse/results/validation_unavailable.csv			disease labels are tied to the source study cluster resolution					100.0	1.0	significant_and_absolute_z_at_least_2	distal_gene_count_residual		no_state		50.0	0.2	disease_convergence			
analyses/multiverse/results/validation_unavailable.csv			disease labels are tied to the source study cluster resolution					100.0	1.0	significant_and_absolute_z_at_least_2	debiased_response_l2_gain		minimal		15.0	0.05	disease_convergence			
analyses/multiverse/results/validation_unavailable.csv			disease labels are tied to the source study cluster resolution					100.0	1.0	significant_and_absolute_z_at_least_2	debiased_response_l2_gain		minimal		50.0	0.05	disease_convergence			
analyses/multiverse/results/validation_unavailable.csv			disease labels are tied to the source study cluster resolution					100.0	1.0	significant_and_absolute_z_at_least_2	debiased_response_l2_gain		observability		15.0	0.05	disease_convergence			
analyses/multiverse/results/validation_unavailable.csv			disease labels are tied to the source study cluster resolution					100.0	1.0	significant_and_absolute_z_at_least_2	debiased_response_l2_gain		observability		50.0	0.05	disease_convergence			
analyses/multiverse/results/validation_unavailable.csv			disease labels are tied to the source study cluster resolution					100.0	1.0	significant_and_absolute_z_at_least_2	debiased_response_l2_gain		reproducibility		15.0	0.05	disease_convergence			
analyses/multiverse/results/validation_unavailable.csv			disease labels are tied to the source study cluster resolution					100.0	1.0	significant_and_absolute_z_at_least_2	debiased_response_l2_gain		reproducibility		50.0	0.05	disease_convergence			
analyses/multiverse/results/validation_unavailable.csv			disease labels are tied to the source study cluster resolution					100.0	1.0	significant_and_absolute_z_at_least_2	debiased_response_l2_gain		no_state		15.0	0.05	disease_convergence			
analyses/multiverse/results/validation_unavailable.csv			disease labels are tied to the source study cluster resolution					100.0	1.0	significant_and_absolute_z_at_least_2	debiased_response_l2_gain		no_state		50.0	0.05	disease_convergence			
analyses/multiverse/results/validation_unavailable.csv			disease labels are tied to the source study cluster resolution					100.0	1.0	significant_and_absolute_z_at_least_2	debiased_response_l2_gain		minimal		15.0	0.1	disease_convergence			
analyses/multiverse/results/validation_unavailable.csv			disease labels are tied to the source study cluster resolution					100.0	1.0	significant_and_absolute_z_at_least_2	debiased_response_l2_gain		minimal		50.0	0.1	disease_convergence			
analyses/multiverse/results/validation_unavailable.csv			disease labels are tied to the source study cluster resolution					100.0	1.0	significant_and_absolute_z_at_least_2	debiased_response_l2_gain		observability		15.0	0.1	disease_convergence			
analyses/multiverse/results/validation_unavailable.csv			disease labels are tied to the source study cluster resolution					100.0	1.0	significant_and_absolute_z_at_least_2	debiased_response_l2_gain		observability		50.0	0.1	disease_convergence			
analyses/multiverse/results/validation_unavailable.csv			disease labels are tied to the source study cluster resolution					100.0	1.0	significant_and_absolute_z_at_least_2	debiased_response_l2_gain		reproducibility		15.0	0.1	disease_convergence			
analyses/multiverse/results/validation_unavailable.csv			disease labels are tied to the source study cluster resolution					100.0	1.0	significant_and_absolute_z_at_least_2	debiased_response_l2_gain		reproducibility		50.0	0.1	disease_convergence			
analyses/multiverse/results/validation_unavailable.csv			disease labels are tied to the source study cluster resolution					100.0	1.0	significant_and_absolute_z_at_least_2	debiased_response_l2_gain		no_state		15.0	0.1	disease_convergence			
analyses/multiverse/results/validation_unavailable.csv			disease labels are tied to the source study cluster resolution					100.0	1.0	significant_and_absolute_z_at_least_2	debiased_response_l2_gain		no_state		50.0	0.1	disease_convergence			
analyses/multiverse/results/validation_unavailable.csv			disease labels are tied to the source study cluster resolution					100.0	1.0	significant_and_absolute_z_at_least_2	debiased_response_l2_gain		minimal		15.0	0.15	disease_convergence			
analyses/multiverse/results/validation_unavailable.csv			disease labels are tied to the source study cluster resolution					100.0	1.0	significant_and_absolute_z_at_least_2	debiased_response_l2_gain		minimal		50.0	0.15	disease_convergence			
analyses/multiverse/results/validation_unavailable.csv			disease labels are tied to the source study cluster resolution					100.0	1.0	significant_and_absolute_z_at_least_2	debiased_response_l2_gain		observability		15.0	0.15	disease_convergence			
analyses/multiverse/results/validation_unavailable.csv			disease labels are tied to the source study cluster resolution					100.0	1.0	significant_and_absolute_z_at_least_2	debiased_response_l2_gain		observability		50.0	0.15	disease_convergence			
analyses/multiverse/results/validation_unavailable.csv			disease labels are tied to the source study cluster resolution					100.0	1.0	significant_and_absolute_z_at_least_2	debiased_response_l2_gain		reproducibility		15.0	0.15	disease_convergence			
analyses/multiverse/results/validation_unavailable.csv			disease labels are tied to the source study cluster resolution					100.0	1.0	significant_and_absolute_z_at_least_2	debiased_response_l2_gain		reproducibility		50.0	0.15	disease_convergence			
analyses/multiverse/results/validation_unavailable.csv			disease labels are tied to the source study cluster resolution					100.0	1.0	significant_and_absolute_z_at_least_2	debiased_response_l2_gain		no_state		15.0	0.15	disease_convergence			
analyses/multiverse/results/validation_unavailable.csv			disease labels are tied to the source study cluster resolution					100.0	1.0	significant_and_absolute_z_at_least_2	debiased_response_l2_gain		no_state		50.0	0.15	disease_convergence			
analyses/multiverse/results/validation_unavailable.csv			disease labels are tied to the source study cluster resolution					100.0	1.0	significant_and_absolute_z_at_least_2	debiased_response_l2_gain		minimal		15.0	0.2	disease_convergence			
analyses/multiverse/results/validation_unavailable.csv			disease labels are tied to the source study cluster resolution					100.0	1.0	significant_and_absolute_z_at_least_2	debiased_response_l2_gain		minimal		50.0	0.2	disease_convergence			
analyses/multiverse/results/validation_unavailable.csv			disease labels are tied to the source study cluster resolution					100.0	1.0	significant_and_absolute_z_at_least_2	debiased_response_l2_gain		observability		15.0	0.2	disease_convergence			
analyses/multiverse/results/validation_unavailable.csv			disease labels are tied to the source study cluster resolution					100.0	1.0	significant_and_absolute_z_at_least_2	debiased_response_l2_gain		observability		50.0	0.2	disease_convergence			
analyses/multiverse/results/validation_unavailable.csv			disease labels are tied to the source study cluster resolution					100.0	1.0	significant_and_absolute_z_at_least_2	debiased_response_l2_gain		reproducibility		15.0	0.2	disease_convergence			
analyses/multiverse/results/validation_unavailable.csv			disease labels are tied to the source study cluster resolution					100.0	1.0	significant_and_absolute_z_at_least_2	debiased_response_l2_gain		reproducibility		50.0	0.2	disease_convergence			
analyses/multiverse/results/validation_unavailable.csv			disease labels are tied to the source study cluster resolution					100.0	1.0	significant_and_absolute_z_at_least_2	debiased_response_l2_gain		no_state		15.0	0.2	disease_convergence			
analyses/multiverse/results/validation_unavailable.csv			disease labels are tied to the source study cluster resolution					100.0	1.0	significant_and_absolute_z_at_least_2	debiased_response_l2_gain		no_state		50.0	0.2	disease_convergence			
analyses/multiverse/results/validation_unavailable.csv			disease labels are tied to the source study cluster resolution					100.0	1.0	significant_and_absolute_z_at_least_2	significant_response_l1_gain		minimal		15.0	0.05	disease_convergence			
analyses/multiverse/results/validation_unavailable.csv			disease labels are tied to the source study cluster resolution					100.0	1.0	significant_and_absolute_z_at_least_2	significant_response_l1_gain		minimal		50.0	0.05	disease_convergence			
analyses/multiverse/results/validation_unavailable.csv			disease labels are tied to the source study cluster resolution					100.0	1.0	significant_and_absolute_z_at_least_2	significant_response_l1_gain		observability		15.0	0.05	disease_convergence			
analyses/multiverse/results/validation_unavailable.csv			disease labels are tied to the source study cluster resolution					100.0	1.0	significant_and_absolute_z_at_least_2	significant_response_l1_gain		observability		50.0	0.05	disease_convergence			
analyses/multiverse/results/validation_unavailable.csv			disease labels are tied to the source study cluster resolution					100.0	1.0	significant_and_absolute_z_at_least_2	significant_response_l1_gain		reproducibility		15.0	0.05	disease_convergence			
analyses/multiverse/results/validation_unavailable.csv			disease labels are tied to the source study cluster resolution					100.0	1.0	significant_and_absolute_z_at_least_2	significant_response_l1_gain		reproducibility		50.0	0.05	disease_convergence			
analyses/multiverse/results/validation_unavailable.csv			disease labels are tied to the source study cluster resolution					100.0	1.0	significant_and_absolute_z_at_least_2	significant_response_l1_gain		no_state		15.0	0.05	disease_convergence			
analyses/multiverse/results/validation_unavailable.csv			disease labels are tied to the source study cluster resolution					100.0	1.0	significant_and_absolute_z_at_least_2	significant_response_l1_gain		no_state		50.0	0.05	disease_convergence			
analyses/multiverse/results/validation_unavailable.csv			disease labels are tied to the source study cluster resolution					100.0	1.0	significant_and_absolute_z_at_least_2	significant_response_l1_gain		minimal		15.0	0.1	disease_convergence			
analyses/multiverse/results/validation_unavailable.csv			disease labels are tied to the source study cluster resolution					100.0	1.0	significant_and_absolute_z_at_least_2	significant_response_l1_gain		minimal		50.0	0.1	disease_convergence			
analyses/multiverse/results/validation_unavailable.csv			disease labels are tied to the source study cluster resolution					100.0	1.0	significant_and_absolute_z_at_least_2	significant_response_l1_gain		observability		15.0	0.1	disease_convergence			
analyses/multiverse/results/validation_unavailable.csv			disease labels are tied to the source study cluster resolution					100.0	1.0	significant_and_absolute_z_at_least_2	significant_response_l1_gain		observability		50.0	0.1	disease_convergence			
analyses/multiverse/results/validation_unavailable.csv			disease labels are tied to the source study cluster resolution					100.0	1.0	significant_and_absolute_z_at_least_2	significant_response_l1_gain		reproducibility		15.0	0.1	disease_convergence			
analyses/multiverse/results/validation_unavailable.csv			disease labels are tied to the source study cluster resolution					100.0	1.0	significant_and_absolute_z_at_least_2	significant_response_l1_gain		reproducibility		50.0	0.1	disease_convergence			
analyses/multiverse/results/validation_unavailable.csv			disease labels are tied to the source study cluster resolution					100.0	1.0	significant_and_absolute_z_at_least_2	significant_response_l1_gain		no_state		15.0	0.1	disease_convergence			
analyses/multiverse/results/validation_unavailable.csv			disease labels are tied to the source study cluster resolution					100.0	1.0	significant_and_absolute_z_at_least_2	significant_response_l1_gain		no_state		50.0	0.1	disease_convergence			
analyses/multiverse/results/validation_unavailable.csv			disease labels are tied to the source study cluster resolution					100.0	1.0	significant_and_absolute_z_at_least_2	significant_response_l1_gain		minimal		15.0	0.15	disease_convergence			
analyses/multiverse/results/validation_unavailable.csv			disease labels are tied to the source study cluster resolution					100.0	1.0	significant_and_absolute_z_at_least_2	significant_response_l1_gain		minimal		50.0	0.15	disease_convergence			
analyses/multiverse/results/validation_unavailable.csv			disease labels are tied to the source study cluster resolution					100.0	1.0	significant_and_absolute_z_at_least_2	significant_response_l1_gain		observability		15.0	0.15	disease_convergence			
analyses/multiverse/results/validation_unavailable.csv			disease labels are tied to the source study cluster resolution					100.0	1.0	significant_and_absolute_z_at_least_2	significant_response_l1_gain		observability		50.0	0.15	disease_convergence			
analyses/multiverse/results/validation_unavailable.csv			disease labels are tied to the source study cluster resolution					100.0	1.0	significant_and_absolute_z_at_least_2	significant_response_l1_gain		reproducibility		15.0	0.15	disease_convergence			
analyses/multiverse/results/validation_unavailable.csv			disease labels are tied to the source study cluster resolution					100.0	1.0	significant_and_absolute_z_at_least_2	significant_response_l1_gain		reproducibility		50.0	0.15	disease_convergence			
analyses/multiverse/results/validation_unavailable.csv			disease labels are tied to the source study cluster resolution					100.0	1.0	significant_and_absolute_z_at_least_2	significant_response_l1_gain		no_state		15.0	0.15	disease_convergence			
analyses/multiverse/results/validation_unavailable.csv			disease labels are tied to the source study cluster resolution					100.0	1.0	significant_and_absolute_z_at_least_2	significant_response_l1_gain		no_state		50.0	0.15	disease_convergence			
analyses/multiverse/results/validation_unavailable.csv			disease labels are tied to the source study cluster resolution					100.0	1.0	significant_and_absolute_z_at_least_2	significant_response_l1_gain		minimal		15.0	0.2	disease_convergence			
analyses/multiverse/results/validation_unavailable.csv			disease labels are tied to the source study cluster resolution					100.0	1.0	significant_and_absolute_z_at_least_2	significant_response_l1_gain		minimal		50.0	0.2	disease_convergence			
analyses/multiverse/results/validation_unavailable.csv			disease labels are tied to the source study cluster resolution					100.0	1.0	significant_and_absolute_z_at_least_2	significant_response_l1_gain		observability		15.0	0.2	disease_convergence			
analyses/multiverse/results/validation_unavailable.csv			disease labels are tied to the source study cluster resolution					100.0	1.0	significant_and_absolute_z_at_least_2	significant_response_l1_gain		observability		50.0	0.2	disease_convergence			
analyses/multiverse/results/validation_unavailable.csv			disease labels are tied to the source study cluster resolution					100.0	1.0	significant_and_absolute_z_at_least_2	significant_response_l1_gain		reproducibility		15.0	0.2	disease_convergence			
analyses/multiverse/results/validation_unavailable.csv			disease labels are tied to the source study cluster resolution					100.0	1.0	significant_and_absolute_z_at_least_2	significant_response_l1_gain		reproducibility		50.0	0.2	disease_convergence			
analyses/multiverse/results/validation_unavailable.csv			disease labels are tied to the source study cluster resolution					100.0	1.0	significant_and_absolute_z_at_least_2	significant_response_l1_gain		no_state		15.0	0.2	disease_convergence			
analyses/multiverse/results/validation_unavailable.csv			disease labels are tied to the source study cluster resolution					100.0	1.0	significant_and_absolute_z_at_least_2	significant_response_l1_gain		no_state		50.0	0.2	disease_convergence			
analyses/multiverse/results/validation_unavailable.csv			disease labels are tied to the source study cluster resolution					100.0	2.0	significant	distal_gene_count_residual		minimal		15.0	0.05	disease_convergence			
analyses/multiverse/results/validation_unavailable.csv			disease labels are tied to the source study cluster resolution					100.0	2.0	significant	distal_gene_count_residual		minimal		50.0	0.05	disease_convergence			
analyses/multiverse/results/validation_unavailable.csv			disease labels are tied to the source study cluster resolution					100.0	2.0	significant	distal_gene_count_residual		observability		15.0	0.05	disease_convergence			
analyses/multiverse/results/validation_unavailable.csv			disease labels are tied to the source study cluster resolution					100.0	2.0	significant	distal_gene_count_residual		observability		50.0	0.05	disease_convergence			
analyses/multiverse/results/validation_unavailable.csv			disease labels are tied to the source study cluster resolution					100.0	2.0	significant	distal_gene_count_residual		reproducibility		15.0	0.05	disease_convergence			
analyses/multiverse/results/validation_unavailable.csv			disease labels are tied to the source study cluster resolution					100.0	2.0	significant	distal_gene_count_residual		reproducibility		50.0	0.05	disease_convergence			
analyses/multiverse/results/validation_unavailable.csv			disease labels are tied to the source study cluster resolution					100.0	2.0	significant	distal_gene_count_residual		no_state		15.0	0.05	disease_convergence			
analyses/multiverse/results/validation_unavailable.csv			disease labels are tied to the source study cluster resolution					100.0	2.0	significant	distal_gene_count_residual		no_state		50.0	0.05	disease_convergence			
analyses/multiverse/results/validation_unavailable.csv			disease labels are tied to the source study cluster resolution					100.0	2.0	significant	distal_gene_count_residual		minimal		15.0	0.1	disease_convergence			
analyses/multiverse/results/validation_unavailable.csv			disease labels are tied to the source study cluster resolution					100.0	2.0	significant	distal_gene_count_residual		minimal		50.0	0.1	disease_convergence			
analyses/multiverse/results/validation_unavailable.csv			disease labels are tied to the source study cluster resolution					100.0	2.0	significant	distal_gene_count_residual		observability		15.0	0.1	disease_convergence			
analyses/multiverse/results/validation_unavailable.csv			disease labels are tied to the source study cluster resolution					100.0	2.0	significant	distal_gene_count_residual		observability		50.0	0.1	disease_convergence			
analyses/multiverse/results/validation_unavailable.csv			disease labels are tied to the source study cluster resolution					100.0	2.0	significant	distal_gene_count_residual		reproducibility		15.0	0.1	disease_convergence			
analyses/multiverse/results/validation_unavailable.csv			disease labels are tied to the source study cluster resolution					100.0	2.0	significant	distal_gene_count_residual		reproducibility		50.0	0.1	disease_convergence			
analyses/multiverse/results/validation_unavailable.csv			disease labels are tied to the source study cluster resolution					100.0	2.0	significant	distal_gene_count_residual		no_state		15.0	0.1	disease_convergence			
analyses/multiverse/results/validation_unavailable.csv			disease labels are tied to the source study cluster resolution					100.0	2.0	significant	distal_gene_count_residual		no_state		50.0	0.1	disease_convergence			
analyses/multiverse/results/validation_unavailable.csv			disease labels are tied to the source study cluster resolution					100.0	2.0	significant	distal_gene_count_residual		minimal		15.0	0.15	disease_convergence			
analyses/multiverse/results/validation_unavailable.csv			disease labels are tied to the source study cluster resolution					100.0	2.0	significant	distal_gene_count_residual		minimal		50.0	0.15	disease_convergence			
analyses/multiverse/results/validation_unavailable.csv			disease labels are tied to the source study cluster resolution					100.0	2.0	significant	distal_gene_count_residual		observability		15.0	0.15	disease_convergence			
analyses/multiverse/results/validation_unavailable.csv			disease labels are tied to the source study cluster resolution					100.0	2.0	significant	distal_gene_count_residual		observability		50.0	0.15	disease_convergence			
analyses/multiverse/results/validation_unavailable.csv			disease labels are tied to the source study cluster resolution					100.0	2.0	significant	distal_gene_count_residual		reproducibility		15.0	0.15	disease_convergence			
analyses/multiverse/results/validation_unavailable.csv			disease labels are tied to the source study cluster resolution					100.0	2.0	significant	distal_gene_count_residual		reproducibility		50.0	0.15	disease_convergence			
analyses/multiverse/results/validation_unavailable.csv			disease labels are tied to the source study cluster resolution					100.0	2.0	significant	distal_gene_count_residual		no_state		15.0	0.15	disease_convergence			
analyses/multiverse/results/validation_unavailable.csv			disease labels are tied to the source study cluster resolution					100.0	2.0	significant	distal_gene_count_residual		no_state		50.0	0.15	disease_convergence			
analyses/multiverse/results/validation_unavailable.csv			disease labels are tied to the source study cluster resolution					100.0	2.0	significant	distal_gene_count_residual		minimal		15.0	0.2	disease_convergence			
analyses/multiverse/results/validation_unavailable.csv			disease labels are tied to the source study cluster resolution					100.0	2.0	significant	distal_gene_count_residual		minimal		50.0	0.2	disease_convergence			
analyses/multiverse/results/validation_unavailable.csv			disease labels are tied to the source study cluster resolution					100.0	2.0	significant	distal_gene_count_residual		observability		15.0	0.2	disease_convergence			
analyses/multiverse/results/validation_unavailable.csv			disease labels are tied to the source study cluster resolution					100.0	2.0	significant	distal_gene_count_residual		observability		50.0	0.2	disease_convergence			
analyses/multiverse/results/validation_unavailable.csv			disease labels are tied to the source study cluster resolution					100.0	2.0	significant	distal_gene_count_residual		reproducibility		15.0	0.2	disease_convergence			
analyses/multiverse/results/validation_unavailable.csv			disease labels are tied to the source study cluster resolution					100.0	2.0	significant	distal_gene_count_residual		reproducibility		50.0	0.2	disease_convergence			
analyses/multiverse/results/validation_unavailable.csv			disease labels are tied to the source study cluster resolution					100.0	2.0	significant	distal_gene_count_residual		no_state		15.0	0.2	disease_convergence			
analyses/multiverse/results/validation_unavailable.csv			disease labels are tied to the source study cluster resolution					100.0	2.0	significant	distal_gene_count_residual		no_state		50.0	0.2	disease_convergence			
analyses/multiverse/results/validation_unavailable.csv			disease labels are tied to the source study cluster resolution					100.0	2.0	significant	debiased_response_l2_gain		minimal		15.0	0.05	disease_convergence			
analyses/multiverse/results/validation_unavailable.csv			disease labels are tied to the source study cluster resolution					100.0	2.0	significant	debiased_response_l2_gain		minimal		50.0	0.05	disease_convergence			
analyses/multiverse/results/validation_unavailable.csv			disease labels are tied to the source study cluster resolution					100.0	2.0	significant	debiased_response_l2_gain		observability		15.0	0.05	disease_convergence			
analyses/multiverse/results/validation_unavailable.csv			disease labels are tied to the source study cluster resolution					100.0	2.0	significant	debiased_response_l2_gain		observability		50.0	0.05	disease_convergence			
analyses/multiverse/results/validation_unavailable.csv			disease labels are tied to the source study cluster resolution					100.0	2.0	significant	debiased_response_l2_gain		reproducibility		15.0	0.05	disease_convergence			
analyses/multiverse/results/validation_unavailable.csv			disease labels are tied to the source study cluster resolution					100.0	2.0	significant	debiased_response_l2_gain		reproducibility		50.0	0.05	disease_convergence			
analyses/multiverse/results/validation_unavailable.csv			disease labels are tied to the source study cluster resolution					100.0	2.0	significant	debiased_response_l2_gain		no_state		15.0	0.05	disease_convergence			
analyses/multiverse/results/validation_unavailable.csv			disease labels are tied to the source study cluster resolution					100.0	2.0	significant	debiased_response_l2_gain		no_state		50.0	0.05	disease_convergence			
analyses/multiverse/results/validation_unavailable.csv			disease labels are tied to the source study cluster resolution					100.0	2.0	significant	debiased_response_l2_gain		minimal		15.0	0.1	disease_convergence			
analyses/multiverse/results/validation_unavailable.csv			disease labels are tied to the source study cluster resolution					100.0	2.0	significant	debiased_response_l2_gain		minimal		50.0	0.1	disease_convergence			
analyses/multiverse/results/validation_unavailable.csv			disease labels are tied to the source study cluster resolution					100.0	2.0	significant	debiased_response_l2_gain		observability		15.0	0.1	disease_convergence			
analyses/multiverse/results/validation_unavailable.csv			disease labels are tied to the source study cluster resolution					100.0	2.0	significant	debiased_response_l2_gain		observability		50.0	0.1	disease_convergence			
analyses/multiverse/results/validation_unavailable.csv			disease labels are tied to the source study cluster resolution					100.0	2.0	significant	debiased_response_l2_gain		reproducibility		15.0	0.1	disease_convergence			
analyses/multiverse/results/validation_unavailable.csv			disease labels are tied to the source study cluster resolution					100.0	2.0	significant	debiased_response_l2_gain		reproducibility		50.0	0.1	disease_convergence			
analyses/multiverse/results/validation_unavailable.csv			disease labels are tied to the source study cluster resolution					100.0	2.0	significant	debiased_response_l2_gain		no_state		15.0	0.1	disease_convergence			
analyses/multiverse/results/validation_unavailable.csv			disease labels are tied to the source study cluster resolution					100.0	2.0	significant	debiased_response_l2_gain		no_state		50.0	0.1	disease_convergence			
analyses/multiverse/results/validation_unavailable.csv			disease labels are tied to the source study cluster resolution					100.0	2.0	significant	debiased_response_l2_gain		minimal		15.0	0.15	disease_convergence			
analyses/multiverse/results/validation_unavailable.csv			disease labels are tied to the source study cluster resolution					100.0	2.0	significant	debiased_response_l2_gain		minimal		50.0	0.15	disease_convergence			
analyses/multiverse/results/validation_unavailable.csv			disease labels are tied to the source study cluster resolution					100.0	2.0	significant	debiased_response_l2_gain		observability		15.0	0.15	disease_convergence			
analyses/multiverse/results/validation_unavailable.csv			disease labels are tied to the source study cluster resolution					100.0	2.0	significant	debiased_response_l2_gain		observability		50.0	0.15	disease_convergence			
analyses/multiverse/results/validation_unavailable.csv			disease labels are tied to the source study cluster resolution					100.0	2.0	significant	debiased_response_l2_gain		reproducibility		15.0	0.15	disease_convergence			
analyses/multiverse/results/validation_unavailable.csv			disease labels are tied to the source study cluster resolution					100.0	2.0	significant	debiased_response_l2_gain		reproducibility		50.0	0.15	disease_convergence			
analyses/multiverse/results/validation_unavailable.csv			disease labels are tied to the source study cluster resolution					100.0	2.0	significant	debiased_response_l2_gain		no_state		15.0	0.15	disease_convergence			
analyses/multiverse/results/validation_unavailable.csv			disease labels are tied to the source study cluster resolution					100.0	2.0	significant	debiased_response_l2_gain		no_state		50.0	0.15	disease_convergence			
analyses/multiverse/results/validation_unavailable.csv			disease labels are tied to the source study cluster resolution					100.0	2.0	significant	debiased_response_l2_gain		minimal		15.0	0.2	disease_convergence			
analyses/multiverse/results/validation_unavailable.csv			disease labels are tied to the source study cluster resolution					100.0	2.0	significant	debiased_response_l2_gain		minimal		50.0	0.2	disease_convergence			
analyses/multiverse/results/validation_unavailable.csv			disease labels are tied to the source study cluster resolution					100.0	2.0	significant	debiased_response_l2_gain		observability		15.0	0.2	disease_convergence			
analyses/multiverse/results/validation_unavailable.csv			disease labels are tied to the source study cluster resolution					100.0	2.0	significant	debiased_response_l2_gain		observability		50.0	0.2	disease_convergence			
analyses/multiverse/results/validation_unavailable.csv			disease labels are tied to the source study cluster resolution					100.0	2.0	significant	debiased_response_l2_gain		reproducibility		15.0	0.2	disease_convergence			
analyses/multiverse/results/validation_unavailable.csv			disease labels are tied to the source study cluster resolution					100.0	2.0	significant	debiased_response_l2_gain		reproducibility		50.0	0.2	disease_convergence			
analyses/multiverse/results/validation_unavailable.csv			disease labels are tied to the source study cluster resolution					100.0	2.0	significant	debiased_response_l2_gain		no_state		15.0	0.2	disease_convergence			
analyses/multiverse/results/validation_unavailable.csv			disease labels are tied to the source study cluster resolution					100.0	2.0	significant	debiased_response_l2_gain		no_state		50.0	0.2	disease_convergence			
analyses/multiverse/results/validation_unavailable.csv			disease labels are tied to the source study cluster resolution					100.0	2.0	significant	significant_response_l1_gain		minimal		15.0	0.05	disease_convergence			
analyses/multiverse/results/validation_unavailable.csv			disease labels are tied to the source study cluster resolution					100.0	2.0	significant	significant_response_l1_gain		minimal		50.0	0.05	disease_convergence			
analyses/multiverse/results/validation_unavailable.csv			disease labels are tied to the source study cluster resolution					100.0	2.0	significant	significant_response_l1_gain		observability		15.0	0.05	disease_convergence			
analyses/multiverse/results/validation_unavailable.csv			disease labels are tied to the source study cluster resolution					100.0	2.0	significant	significant_response_l1_gain		observability		50.0	0.05	disease_convergence			
analyses/multiverse/results/validation_unavailable.csv			disease labels are tied to the source study cluster resolution					100.0	2.0	significant	significant_response_l1_gain		reproducibility		15.0	0.05	disease_convergence			
analyses/multiverse/results/validation_unavailable.csv			disease labels are tied to the source study cluster resolution					100.0	2.0	significant	significant_response_l1_gain		reproducibility		50.0	0.05	disease_convergence			
analyses/multiverse/results/validation_unavailable.csv			disease labels are tied to the source study cluster resolution					100.0	2.0	significant	significant_response_l1_gain		no_state		15.0	0.05	disease_convergence			
analyses/multiverse/results/validation_unavailable.csv			disease labels are tied to the source study cluster resolution					100.0	2.0	significant	significant_response_l1_gain		no_state		50.0	0.05	disease_convergence			
analyses/multiverse/results/validation_unavailable.csv			disease labels are tied to the source study cluster resolution					100.0	2.0	significant	significant_response_l1_gain		minimal		15.0	0.1	disease_convergence			
analyses/multiverse/results/validation_unavailable.csv			disease labels are tied to the source study cluster resolution					100.0	2.0	significant	significant_response_l1_gain		minimal		50.0	0.1	disease_convergence			
analyses/multiverse/results/validation_unavailable.csv			disease labels are tied to the source study cluster resolution					100.0	2.0	significant	significant_response_l1_gain		observability		15.0	0.1	disease_convergence			
analyses/multiverse/results/validation_unavailable.csv			disease labels are tied to the source study cluster resolution					100.0	2.0	significant	significant_response_l1_gain		observability		50.0	0.1	disease_convergence			
analyses/multiverse/results/validation_unavailable.csv			disease labels are tied to the source study cluster resolution					100.0	2.0	significant	significant_response_l1_gain		reproducibility		15.0	0.1	disease_convergence			
analyses/multiverse/results/validation_unavailable.csv			disease labels are tied to the source study cluster resolution					100.0	2.0	significant	significant_response_l1_gain		reproducibility		50.0	0.1	disease_convergence			
analyses/multiverse/results/validation_unavailable.csv			disease labels are tied to the source study cluster resolution					100.0	2.0	significant	significant_response_l1_gain		no_state		15.0	0.1	disease_convergence			
analyses/multiverse/results/validation_unavailable.csv			disease labels are tied to the source study cluster resolution					100.0	2.0	significant	significant_response_l1_gain		no_state		50.0	0.1	disease_convergence			
analyses/multiverse/results/validation_unavailable.csv			disease labels are tied to the source study cluster resolution					100.0	2.0	significant	significant_response_l1_gain		minimal		15.0	0.15	disease_convergence			
analyses/multiverse/results/validation_unavailable.csv			disease labels are tied to the source study cluster resolution					100.0	2.0	significant	significant_response_l1_gain		minimal		50.0	0.15	disease_convergence			
analyses/multiverse/results/validation_unavailable.csv			disease labels are tied to the source study cluster resolution					100.0	2.0	significant	significant_response_l1_gain		observability		15.0	0.15	disease_convergence			
analyses/multiverse/results/validation_unavailable.csv			disease labels are tied to the source study cluster resolution					100.0	2.0	significant	significant_response_l1_gain		observability		50.0	0.15	disease_convergence			
analyses/multiverse/results/validation_unavailable.csv			disease labels are tied to the source study cluster resolution					100.0	2.0	significant	significant_response_l1_gain		reproducibility		15.0	0.15	disease_convergence			
analyses/multiverse/results/validation_unavailable.csv			disease labels are tied to the source study cluster resolution					100.0	2.0	significant	significant_response_l1_gain		reproducibility		50.0	0.15	disease_convergence			
analyses/multiverse/results/validation_unavailable.csv			disease labels are tied to the source study cluster resolution					100.0	2.0	significant	significant_response_l1_gain		no_state		15.0	0.15	disease_convergence			
analyses/multiverse/results/validation_unavailable.csv			disease labels are tied to the source study cluster resolution					100.0	2.0	significant	significant_response_l1_gain		no_state		50.0	0.15	disease_convergence			
analyses/multiverse/results/validation_unavailable.csv			disease labels are tied to the source study cluster resolution					100.0	2.0	significant	significant_response_l1_gain		minimal		15.0	0.2	disease_convergence			
analyses/multiverse/results/validation_unavailable.csv			disease labels are tied to the source study cluster resolution					100.0	2.0	significant	significant_response_l1_gain		minimal		50.0	0.2	disease_convergence			
analyses/multiverse/results/validation_unavailable.csv			disease labels are tied to the source study cluster resolution					100.0	2.0	significant	significant_response_l1_gain		observability		15.0	0.2	disease_convergence			
analyses/multiverse/results/validation_unavailable.csv			disease labels are tied to the source study cluster resolution					100.0	2.0	significant	significant_response_l1_gain		observability		50.0	0.2	disease_convergence			
analyses/multiverse/results/validation_unavailable.csv			disease labels are tied to the source study cluster resolution					100.0	2.0	significant	significant_response_l1_gain		reproducibility		15.0	0.2	disease_convergence			
analyses/multiverse/results/validation_unavailable.csv			disease labels are tied to the source study cluster resolution					100.0	2.0	significant	significant_response_l1_gain		reproducibility		50.0	0.2	disease_convergence			
analyses/multiverse/results/validation_unavailable.csv			disease labels are tied to the source study cluster resolution					100.0	2.0	significant	significant_response_l1_gain		no_state		15.0	0.2	disease_convergence			
analyses/multiverse/results/validation_unavailable.csv			disease labels are tied to the source study cluster resolution					100.0	2.0	significant	significant_response_l1_gain		no_state		50.0	0.2	disease_convergence			
analyses/multiverse/results/validation_unavailable.csv			disease labels are tied to the source study cluster resolution					100.0	2.0	significant_and_absolute_z_at_least_2	distal_gene_count_residual		minimal		15.0	0.05	disease_convergence			
analyses/multiverse/results/validation_unavailable.csv			disease labels are tied to the source study cluster resolution					100.0	2.0	significant_and_absolute_z_at_least_2	distal_gene_count_residual		minimal		50.0	0.05	disease_convergence			
analyses/multiverse/results/validation_unavailable.csv			disease labels are tied to the source study cluster resolution					100.0	2.0	significant_and_absolute_z_at_least_2	distal_gene_count_residual		observability		15.0	0.05	disease_convergence			
analyses/multiverse/results/validation_unavailable.csv			disease labels are tied to the source study cluster resolution					100.0	2.0	significant_and_absolute_z_at_least_2	distal_gene_count_residual		observability		50.0	0.05	disease_convergence			
analyses/multiverse/results/validation_unavailable.csv			disease labels are tied to the source study cluster resolution					100.0	2.0	significant_and_absolute_z_at_least_2	distal_gene_count_residual		reproducibility		15.0	0.05	disease_convergence			
analyses/multiverse/results/validation_unavailable.csv			disease labels are tied to the source study cluster resolution					100.0	2.0	significant_and_absolute_z_at_least_2	distal_gene_count_residual		reproducibility		50.0	0.05	disease_convergence			
analyses/multiverse/results/validation_unavailable.csv			disease labels are tied to the source study cluster resolution					100.0	2.0	significant_and_absolute_z_at_least_2	distal_gene_count_residual		no_state		15.0	0.05	disease_convergence			
analyses/multiverse/results/validation_unavailable.csv			disease labels are tied to the source study cluster resolution					100.0	2.0	significant_and_absolute_z_at_least_2	distal_gene_count_residual		no_state		50.0	0.05	disease_convergence			
analyses/multiverse/results/validation_unavailable.csv			disease labels are tied to the source study cluster resolution					100.0	2.0	significant_and_absolute_z_at_least_2	distal_gene_count_residual		minimal		15.0	0.1	disease_convergence			
analyses/multiverse/results/validation_unavailable.csv			disease labels are tied to the source study cluster resolution					100.0	2.0	significant_and_absolute_z_at_least_2	distal_gene_count_residual		minimal		50.0	0.1	disease_convergence			
analyses/multiverse/results/validation_unavailable.csv			disease labels are tied to the source study cluster resolution					100.0	2.0	significant_and_absolute_z_at_least_2	distal_gene_count_residual		observability		15.0	0.1	disease_convergence			
analyses/multiverse/results/validation_unavailable.csv			disease labels are tied to the source study cluster resolution					100.0	2.0	significant_and_absolute_z_at_least_2	distal_gene_count_residual		observability		50.0	0.1	disease_convergence			
analyses/multiverse/results/validation_unavailable.csv			disease labels are tied to the source study cluster resolution					100.0	2.0	significant_and_absolute_z_at_least_2	distal_gene_count_residual		reproducibility		15.0	0.1	disease_convergence			
analyses/multiverse/results/validation_unavailable.csv			disease labels are tied to the source study cluster resolution					100.0	2.0	significant_and_absolute_z_at_least_2	distal_gene_count_residual		reproducibility		50.0	0.1	disease_convergence			
analyses/multiverse/results/validation_unavailable.csv			disease labels are tied to the source study cluster resolution					100.0	2.0	significant_and_absolute_z_at_least_2	distal_gene_count_residual		no_state		15.0	0.1	disease_convergence			
analyses/multiverse/results/validation_unavailable.csv			disease labels are tied to the source study cluster resolution					100.0	2.0	significant_and_absolute_z_at_least_2	distal_gene_count_residual		no_state		50.0	0.1	disease_convergence			
analyses/multiverse/results/validation_unavailable.csv			disease labels are tied to the source study cluster resolution					100.0	2.0	significant_and_absolute_z_at_least_2	distal_gene_count_residual		minimal		15.0	0.15	disease_convergence			
analyses/multiverse/results/validation_unavailable.csv			disease labels are tied to the source study cluster resolution					100.0	2.0	significant_and_absolute_z_at_least_2	distal_gene_count_residual		minimal		50.0	0.15	disease_convergence			
analyses/multiverse/results/validation_unavailable.csv			disease labels are tied to the source study cluster resolution					100.0	2.0	significant_and_absolute_z_at_least_2	distal_gene_count_residual		observability		15.0	0.15	disease_convergence			
analyses/multiverse/results/validation_unavailable.csv			disease labels are tied to the source study cluster resolution					100.0	2.0	significant_and_absolute_z_at_least_2	distal_gene_count_residual		observability		50.0	0.15	disease_convergence			
analyses/multiverse/results/validation_unavailable.csv			disease labels are tied to the source study cluster resolution					100.0	2.0	significant_and_absolute_z_at_least_2	distal_gene_count_residual		reproducibility		15.0	0.15	disease_convergence			
analyses/multiverse/results/validation_unavailable.csv			disease labels are tied to the source study cluster resolution					100.0	2.0	significant_and_absolute_z_at_least_2	distal_gene_count_residual		reproducibility		50.0	0.15	disease_convergence			
analyses/multiverse/results/validation_unavailable.csv			disease labels are tied to the source study cluster resolution					100.0	2.0	significant_and_absolute_z_at_least_2	distal_gene_count_residual		no_state		15.0	0.15	disease_convergence			
analyses/multiverse/results/validation_unavailable.csv			disease labels are tied to the source study cluster resolution					100.0	2.0	significant_and_absolute_z_at_least_2	distal_gene_count_residual		no_state		50.0	0.15	disease_convergence			
analyses/multiverse/results/validation_unavailable.csv			disease labels are tied to the source study cluster resolution					100.0	2.0	significant_and_absolute_z_at_least_2	distal_gene_count_residual		minimal		15.0	0.2	disease_convergence			
analyses/multiverse/results/validation_unavailable.csv			disease labels are tied to the source study cluster resolution					100.0	2.0	significant_and_absolute_z_at_least_2	distal_gene_count_residual		minimal		50.0	0.2	disease_convergence			
analyses/multiverse/results/validation_unavailable.csv			disease labels are tied to the source study cluster resolution					100.0	2.0	significant_and_absolute_z_at_least_2	distal_gene_count_residual		observability		15.0	0.2	disease_convergence			
analyses/multiverse/results/validation_unavailable.csv			disease labels are tied to the source study cluster resolution					100.0	2.0	significant_and_absolute_z_at_least_2	distal_gene_count_residual		observability		50.0	0.2	disease_convergence			
analyses/multiverse/results/validation_unavailable.csv			disease labels are tied to the source study cluster resolution					100.0	2.0	significant_and_absolute_z_at_least_2	distal_gene_count_residual		reproducibility		15.0	0.2	disease_convergence			
analyses/multiverse/results/validation_unavailable.csv			disease labels are tied to the source study cluster resolution					100.0	2.0	significant_and_absolute_z_at_least_2	distal_gene_count_residual		reproducibility		50.0	0.2	disease_convergence			
analyses/multiverse/results/validation_unavailable.csv			disease labels are tied to the source study cluster resolution					100.0	2.0	significant_and_absolute_z_at_least_2	distal_gene_count_residual		no_state		15.0	0.2	disease_convergence			
analyses/multiverse/results/validation_unavailable.csv			disease labels are tied to the source study cluster resolution					100.0	2.0	significant_and_absolute_z_at_least_2	distal_gene_count_residual		no_state		50.0	0.2	disease_convergence			
analyses/multiverse/results/validation_unavailable.csv			disease labels are tied to the source study cluster resolution					100.0	2.0	significant_and_absolute_z_at_least_2	debiased_response_l2_gain		minimal		15.0	0.05	disease_convergence			
analyses/multiverse/results/validation_unavailable.csv			disease labels are tied to the source study cluster resolution					100.0	2.0	significant_and_absolute_z_at_least_2	debiased_response_l2_gain		minimal		50.0	0.05	disease_convergence			
analyses/multiverse/results/validation_unavailable.csv			disease labels are tied to the source study cluster resolution					100.0	2.0	significant_and_absolute_z_at_least_2	debiased_response_l2_gain		observability		15.0	0.05	disease_convergence			
analyses/multiverse/results/validation_unavailable.csv			disease labels are tied to the source study cluster resolution					100.0	2.0	significant_and_absolute_z_at_least_2	debiased_response_l2_gain		observability		50.0	0.05	disease_convergence			
analyses/multiverse/results/validation_unavailable.csv			disease labels are tied to the source study cluster resolution					100.0	2.0	significant_and_absolute_z_at_least_2	debiased_response_l2_gain		reproducibility		15.0	0.05	disease_convergence			
analyses/multiverse/results/validation_unavailable.csv			disease labels are tied to the source study cluster resolution					100.0	2.0	significant_and_absolute_z_at_least_2	debiased_response_l2_gain		reproducibility		50.0	0.05	disease_convergence			
analyses/multiverse/results/validation_unavailable.csv			disease labels are tied to the source study cluster resolution					100.0	2.0	significant_and_absolute_z_at_least_2	debiased_response_l2_gain		no_state		15.0	0.05	disease_convergence			
analyses/multiverse/results/validation_unavailable.csv			disease labels are tied to the source study cluster resolution					100.0	2.0	significant_and_absolute_z_at_least_2	debiased_response_l2_gain		no_state		50.0	0.05	disease_convergence			
analyses/multiverse/results/validation_unavailable.csv			disease labels are tied to the source study cluster resolution					100.0	2.0	significant_and_absolute_z_at_least_2	debiased_response_l2_gain		minimal		15.0	0.1	disease_convergence			
analyses/multiverse/results/validation_unavailable.csv			disease labels are tied to the source study cluster resolution					100.0	2.0	significant_and_absolute_z_at_least_2	debiased_response_l2_gain		minimal		50.0	0.1	disease_convergence			
analyses/multiverse/results/validation_unavailable.csv			disease labels are tied to the source study cluster resolution					100.0	2.0	significant_and_absolute_z_at_least_2	debiased_response_l2_gain		observability		15.0	0.1	disease_convergence			
analyses/multiverse/results/validation_unavailable.csv			disease labels are tied to the source study cluster resolution					100.0	2.0	significant_and_absolute_z_at_least_2	debiased_response_l2_gain		observability		50.0	0.1	disease_convergence			
analyses/multiverse/results/validation_unavailable.csv			disease labels are tied to the source study cluster resolution					100.0	2.0	significant_and_absolute_z_at_least_2	debiased_response_l2_gain		reproducibility		15.0	0.1	disease_convergence			
analyses/multiverse/results/validation_unavailable.csv			disease labels are tied to the source study cluster resolution					100.0	2.0	significant_and_absolute_z_at_least_2	debiased_response_l2_gain		reproducibility		50.0	0.1	disease_convergence			
analyses/multiverse/results/validation_unavailable.csv			disease labels are tied to the source study cluster resolution					100.0	2.0	significant_and_absolute_z_at_least_2	debiased_response_l2_gain		no_state		15.0	0.1	disease_convergence			
analyses/multiverse/results/validation_unavailable.csv			disease labels are tied to the source study cluster resolution					100.0	2.0	significant_and_absolute_z_at_least_2	debiased_response_l2_gain		no_state		50.0	0.1	disease_convergence			
analyses/multiverse/results/validation_unavailable.csv			disease labels are tied to the source study cluster resolution					100.0	2.0	significant_and_absolute_z_at_least_2	debiased_response_l2_gain		minimal		15.0	0.15	disease_convergence			
analyses/multiverse/results/validation_unavailable.csv			disease labels are tied to the source study cluster resolution					100.0	2.0	significant_and_absolute_z_at_least_2	debiased_response_l2_gain		minimal		50.0	0.15	disease_convergence			
analyses/multiverse/results/validation_unavailable.csv			disease labels are tied to the source study cluster resolution					100.0	2.0	significant_and_absolute_z_at_least_2	debiased_response_l2_gain		observability		15.0	0.15	disease_convergence			
analyses/multiverse/results/validation_unavailable.csv			disease labels are tied to the source study cluster resolution					100.0	2.0	significant_and_absolute_z_at_least_2	debiased_response_l2_gain		observability		50.0	0.15	disease_convergence			
analyses/multiverse/results/validation_unavailable.csv			disease labels are tied to the source study cluster resolution					100.0	2.0	significant_and_absolute_z_at_least_2	debiased_response_l2_gain		reproducibility		15.0	0.15	disease_convergence			
analyses/multiverse/results/validation_unavailable.csv			disease labels are tied to the source study cluster resolution					100.0	2.0	significant_and_absolute_z_at_least_2	debiased_response_l2_gain		reproducibility		50.0	0.15	disease_convergence			
analyses/multiverse/results/validation_unavailable.csv			disease labels are tied to the source study cluster resolution					100.0	2.0	significant_and_absolute_z_at_least_2	debiased_response_l2_gain		no_state		15.0	0.15	disease_convergence			
analyses/multiverse/results/validation_unavailable.csv			disease labels are tied to the source study cluster resolution					100.0	2.0	significant_and_absolute_z_at_least_2	debiased_response_l2_gain		no_state		50.0	0.15	disease_convergence			
analyses/multiverse/results/validation_unavailable.csv			disease labels are tied to the source study cluster resolution					100.0	2.0	significant_and_absolute_z_at_least_2	debiased_response_l2_gain		minimal		15.0	0.2	disease_convergence			
analyses/multiverse/results/validation_unavailable.csv			disease labels are tied to the source study cluster resolution					100.0	2.0	significant_and_absolute_z_at_least_2	debiased_response_l2_gain		minimal		50.0	0.2	disease_convergence			
analyses/multiverse/results/validation_unavailable.csv			disease labels are tied to the source study cluster resolution					100.0	2.0	significant_and_absolute_z_at_least_2	debiased_response_l2_gain		observability		15.0	0.2	disease_convergence			
analyses/multiverse/results/validation_unavailable.csv			disease labels are tied to the source study cluster resolution					100.0	2.0	significant_and_absolute_z_at_least_2	debiased_response_l2_gain		observability		50.0	0.2	disease_convergence			
analyses/multiverse/results/validation_unavailable.csv			disease labels are tied to the source study cluster resolution					100.0	2.0	significant_and_absolute_z_at_least_2	debiased_response_l2_gain		reproducibility		15.0	0.2	disease_convergence			
analyses/multiverse/results/validation_unavailable.csv			disease labels are tied to the source study cluster resolution					100.0	2.0	significant_and_absolute_z_at_least_2	debiased_response_l2_gain		reproducibility		50.0	0.2	disease_convergence			
analyses/multiverse/results/validation_unavailable.csv			disease labels are tied to the source study cluster resolution					100.0	2.0	significant_and_absolute_z_at_least_2	debiased_response_l2_gain		no_state		15.0	0.2	disease_convergence			
analyses/multiverse/results/validation_unavailable.csv			disease labels are tied to the source study cluster resolution					100.0	2.0	significant_and_absolute_z_at_least_2	debiased_response_l2_gain		no_state		50.0	0.2	disease_convergence			
analyses/multiverse/results/validation_unavailable.csv			disease labels are tied to the source study cluster resolution					100.0	2.0	significant_and_absolute_z_at_least_2	significant_response_l1_gain		minimal		15.0	0.05	disease_convergence			
analyses/multiverse/results/validation_unavailable.csv			disease labels are tied to the source study cluster resolution					100.0	2.0	significant_and_absolute_z_at_least_2	significant_response_l1_gain		minimal		50.0	0.05	disease_convergence			
analyses/multiverse/results/validation_unavailable.csv			disease labels are tied to the source study cluster resolution					100.0	2.0	significant_and_absolute_z_at_least_2	significant_response_l1_gain		observability		15.0	0.05	disease_convergence			
analyses/multiverse/results/validation_unavailable.csv			disease labels are tied to the source study cluster resolution					100.0	2.0	significant_and_absolute_z_at_least_2	significant_response_l1_gain		observability		50.0	0.05	disease_convergence			
analyses/multiverse/results/validation_unavailable.csv			disease labels are tied to the source study cluster resolution					100.0	2.0	significant_and_absolute_z_at_least_2	significant_response_l1_gain		reproducibility		15.0	0.05	disease_convergence			
analyses/multiverse/results/validation_unavailable.csv			disease labels are tied to the source study cluster resolution					100.0	2.0	significant_and_absolute_z_at_least_2	significant_response_l1_gain		reproducibility		50.0	0.05	disease_convergence			
analyses/multiverse/results/validation_unavailable.csv			disease labels are tied to the source study cluster resolution					100.0	2.0	significant_and_absolute_z_at_least_2	significant_response_l1_gain		no_state		15.0	0.05	disease_convergence			
analyses/multiverse/results/validation_unavailable.csv			disease labels are tied to the source study cluster resolution					100.0	2.0	significant_and_absolute_z_at_least_2	significant_response_l1_gain		no_state		50.0	0.05	disease_convergence			
analyses/multiverse/results/validation_unavailable.csv			disease labels are tied to the source study cluster resolution					100.0	2.0	significant_and_absolute_z_at_least_2	significant_response_l1_gain		minimal		15.0	0.1	disease_convergence			
analyses/multiverse/results/validation_unavailable.csv			disease labels are tied to the source study cluster resolution					100.0	2.0	significant_and_absolute_z_at_least_2	significant_response_l1_gain		minimal		50.0	0.1	disease_convergence			
analyses/multiverse/results/validation_unavailable.csv			disease labels are tied to the source study cluster resolution					100.0	2.0	significant_and_absolute_z_at_least_2	significant_response_l1_gain		observability		15.0	0.1	disease_convergence			
analyses/multiverse/results/validation_unavailable.csv			disease labels are tied to the source study cluster resolution					100.0	2.0	significant_and_absolute_z_at_least_2	significant_response_l1_gain		observability		50.0	0.1	disease_convergence			
analyses/multiverse/results/validation_unavailable.csv			disease labels are tied to the source study cluster resolution					100.0	2.0	significant_and_absolute_z_at_least_2	significant_response_l1_gain		reproducibility		15.0	0.1	disease_convergence			
analyses/multiverse/results/validation_unavailable.csv			disease labels are tied to the source study cluster resolution					100.0	2.0	significant_and_absolute_z_at_least_2	significant_response_l1_gain		reproducibility		50.0	0.1	disease_convergence			
analyses/multiverse/results/validation_unavailable.csv			disease labels are tied to the source study cluster resolution					100.0	2.0	significant_and_absolute_z_at_least_2	significant_response_l1_gain		no_state		15.0	0.1	disease_convergence			
analyses/multiverse/results/validation_unavailable.csv			disease labels are tied to the source study cluster resolution					100.0	2.0	significant_and_absolute_z_at_least_2	significant_response_l1_gain		no_state		50.0	0.1	disease_convergence			
analyses/multiverse/results/validation_unavailable.csv			disease labels are tied to the source study cluster resolution					100.0	2.0	significant_and_absolute_z_at_least_2	significant_response_l1_gain		minimal		15.0	0.15	disease_convergence			
analyses/multiverse/results/validation_unavailable.csv			disease labels are tied to the source study cluster resolution					100.0	2.0	significant_and_absolute_z_at_least_2	significant_response_l1_gain		minimal		50.0	0.15	disease_convergence			
analyses/multiverse/results/validation_unavailable.csv			disease labels are tied to the source study cluster resolution					100.0	2.0	significant_and_absolute_z_at_least_2	significant_response_l1_gain		observability		15.0	0.15	disease_convergence			
analyses/multiverse/results/validation_unavailable.csv			disease labels are tied to the source study cluster resolution					100.0	2.0	significant_and_absolute_z_at_least_2	significant_response_l1_gain		observability		50.0	0.15	disease_convergence			
analyses/multiverse/results/validation_unavailable.csv			disease labels are tied to the source study cluster resolution					100.0	2.0	significant_and_absolute_z_at_least_2	significant_response_l1_gain		reproducibility		15.0	0.15	disease_convergence			
analyses/multiverse/results/validation_unavailable.csv			disease labels are tied to the source study cluster resolution					100.0	2.0	significant_and_absolute_z_at_least_2	significant_response_l1_gain		reproducibility		50.0	0.15	disease_convergence			
analyses/multiverse/results/validation_unavailable.csv			disease labels are tied to the source study cluster resolution					100.0	2.0	significant_and_absolute_z_at_least_2	significant_response_l1_gain		no_state		15.0	0.15	disease_convergence			
analyses/multiverse/results/validation_unavailable.csv			disease labels are tied to the source study cluster resolution					100.0	2.0	significant_and_absolute_z_at_least_2	significant_response_l1_gain		no_state		50.0	0.15	disease_convergence			
analyses/multiverse/results/validation_unavailable.csv			disease labels are tied to the source study cluster resolution					100.0	2.0	significant_and_absolute_z_at_least_2	significant_response_l1_gain		minimal		15.0	0.2	disease_convergence			
analyses/multiverse/results/validation_unavailable.csv			disease labels are tied to the source study cluster resolution					100.0	2.0	significant_and_absolute_z_at_least_2	significant_response_l1_gain		minimal		50.0	0.2	disease_convergence			
analyses/multiverse/results/validation_unavailable.csv			disease labels are tied to the source study cluster resolution					100.0	2.0	significant_and_absolute_z_at_least_2	significant_response_l1_gain		observability		15.0	0.2	disease_convergence			
analyses/multiverse/results/validation_unavailable.csv			disease labels are tied to the source study cluster resolution					100.0	2.0	significant_and_absolute_z_at_least_2	significant_response_l1_gain		observability		50.0	0.2	disease_convergence			
analyses/multiverse/results/validation_unavailable.csv			disease labels are tied to the source study cluster resolution					100.0	2.0	significant_and_absolute_z_at_least_2	significant_response_l1_gain		reproducibility		15.0	0.2	disease_convergence			
analyses/multiverse/results/validation_unavailable.csv			disease labels are tied to the source study cluster resolution					100.0	2.0	significant_and_absolute_z_at_least_2	significant_response_l1_gain		reproducibility		50.0	0.2	disease_convergence			
analyses/multiverse/results/validation_unavailable.csv			disease labels are tied to the source study cluster resolution					100.0	2.0	significant_and_absolute_z_at_least_2	significant_response_l1_gain		no_state		15.0	0.2	disease_convergence			
analyses/multiverse/results/validation_unavailable.csv			disease labels are tied to the source study cluster resolution					100.0	2.0	significant_and_absolute_z_at_least_2	significant_response_l1_gain		no_state		50.0	0.2	disease_convergence			
analyses/multiverse/results/validation_unavailable.csv			disease labels are tied to the source study cluster resolution					100.0	3.0	significant	distal_gene_count_residual		minimal		15.0	0.05	disease_convergence			
analyses/multiverse/results/validation_unavailable.csv			fewer than two clusters or outcome classes remain				disease_49_minimal	100.0	3.0	significant	distal_gene_count_residual		minimal		30.0	0.05	disease_convergence			
analyses/multiverse/results/validation_unavailable.csv			disease labels are tied to the source study cluster resolution					100.0	3.0	significant	distal_gene_count_residual		minimal		50.0	0.05	disease_convergence			
analyses/multiverse/results/validation_unavailable.csv			disease labels are tied to the source study cluster resolution					100.0	3.0	significant	distal_gene_count_residual		observability		15.0	0.05	disease_convergence			
analyses/multiverse/results/validation_unavailable.csv			fewer than two clusters or outcome classes remain				disease_49_observability	100.0	3.0	significant	distal_gene_count_residual		observability		30.0	0.05	disease_convergence			
analyses/multiverse/results/validation_unavailable.csv			disease labels are tied to the source study cluster resolution					100.0	3.0	significant	distal_gene_count_residual		observability		50.0	0.05	disease_convergence			
analyses/multiverse/results/validation_unavailable.csv			disease labels are tied to the source study cluster resolution					100.0	3.0	significant	distal_gene_count_residual		reproducibility		15.0	0.05	disease_convergence			
analyses/multiverse/results/validation_unavailable.csv			fewer than two clusters or outcome classes remain				disease_49_reproducibility	100.0	3.0	significant	distal_gene_count_residual		reproducibility		30.0	0.05	disease_convergence			
analyses/multiverse/results/validation_unavailable.csv			disease labels are tied to the source study cluster resolution					100.0	3.0	significant	distal_gene_count_residual		reproducibility		50.0	0.05	disease_convergence			
analyses/multiverse/results/validation_unavailable.csv			disease labels are tied to the source study cluster resolution					100.0	3.0	significant	distal_gene_count_residual		no_state		15.0	0.05	disease_convergence			
analyses/multiverse/results/validation_unavailable.csv			fewer than two clusters or outcome classes remain				disease_49_no_state	100.0	3.0	significant	distal_gene_count_residual		no_state		30.0	0.05	disease_convergence			
analyses/multiverse/results/validation_unavailable.csv			disease labels are tied to the source study cluster resolution					100.0	3.0	significant	distal_gene_count_residual		no_state		50.0	0.05	disease_convergence			
analyses/multiverse/results/validation_unavailable.csv			disease labels are tied to the source study cluster resolution					100.0	3.0	significant	distal_gene_count_residual		minimal		15.0	0.1	disease_convergence			
analyses/multiverse/results/validation_unavailable.csv			fewer than two clusters or outcome classes remain				disease_50_minimal	100.0	3.0	significant	distal_gene_count_residual		minimal		30.0	0.1	disease_convergence			
analyses/multiverse/results/validation_unavailable.csv			disease labels are tied to the source study cluster resolution					100.0	3.0	significant	distal_gene_count_residual		minimal		50.0	0.1	disease_convergence			
analyses/multiverse/results/validation_unavailable.csv			disease labels are tied to the source study cluster resolution					100.0	3.0	significant	distal_gene_count_residual		observability		15.0	0.1	disease_convergence			
analyses/multiverse/results/validation_unavailable.csv			fewer than two clusters or outcome classes remain				disease_50_observability	100.0	3.0	significant	distal_gene_count_residual		observability		30.0	0.1	disease_convergence			
analyses/multiverse/results/validation_unavailable.csv			disease labels are tied to the source study cluster resolution					100.0	3.0	significant	distal_gene_count_residual		observability		50.0	0.1	disease_convergence			
analyses/multiverse/results/validation_unavailable.csv			disease labels are tied to the source study cluster resolution					100.0	3.0	significant	distal_gene_count_residual		reproducibility		15.0	0.1	disease_convergence			
analyses/multiverse/results/validation_unavailable.csv			fewer than two clusters or outcome classes remain				disease_50_reproducibility	100.0	3.0	significant	distal_gene_count_residual		reproducibility		30.0	0.1	disease_convergence			
analyses/multiverse/results/validation_unavailable.csv			disease labels are tied to the source study cluster resolution					100.0	3.0	significant	distal_gene_count_residual		reproducibility		50.0	0.1	disease_convergence			
analyses/multiverse/results/validation_unavailable.csv			disease labels are tied to the source study cluster resolution					100.0	3.0	significant	distal_gene_count_residual		no_state		15.0	0.1	disease_convergence			
analyses/multiverse/results/validation_unavailable.csv			fewer than two clusters or outcome classes remain				disease_50_no_state	100.0	3.0	significant	distal_gene_count_residual		no_state		30.0	0.1	disease_convergence			
analyses/multiverse/results/validation_unavailable.csv			disease labels are tied to the source study cluster resolution					100.0	3.0	significant	distal_gene_count_residual		no_state		50.0	0.1	disease_convergence			
analyses/multiverse/results/validation_unavailable.csv			disease labels are tied to the source study cluster resolution					100.0	3.0	significant	distal_gene_count_residual		minimal		15.0	0.15	disease_convergence			
analyses/multiverse/results/validation_unavailable.csv			fewer than two clusters or outcome classes remain				disease_51_minimal	100.0	3.0	significant	distal_gene_count_residual		minimal		30.0	0.15	disease_convergence			
analyses/multiverse/results/validation_unavailable.csv			disease labels are tied to the source study cluster resolution					100.0	3.0	significant	distal_gene_count_residual		minimal		50.0	0.15	disease_convergence			
analyses/multiverse/results/validation_unavailable.csv			disease labels are tied to the source study cluster resolution					100.0	3.0	significant	distal_gene_count_residual		observability		15.0	0.15	disease_convergence			
analyses/multiverse/results/validation_unavailable.csv			fewer than two clusters or outcome classes remain				disease_51_observability	100.0	3.0	significant	distal_gene_count_residual		observability		30.0	0.15	disease_convergence			
analyses/multiverse/results/validation_unavailable.csv			disease labels are tied to the source study cluster resolution					100.0	3.0	significant	distal_gene_count_residual		observability		50.0	0.15	disease_convergence			
analyses/multiverse/results/validation_unavailable.csv			disease labels are tied to the source study cluster resolution					100.0	3.0	significant	distal_gene_count_residual		reproducibility		15.0	0.15	disease_convergence			
analyses/multiverse/results/validation_unavailable.csv			fewer than two clusters or outcome classes remain				disease_51_reproducibility	100.0	3.0	significant	distal_gene_count_residual		reproducibility		30.0	0.15	disease_convergence			
analyses/multiverse/results/validation_unavailable.csv			disease labels are tied to the source study cluster resolution					100.0	3.0	significant	distal_gene_count_residual		reproducibility		50.0	0.15	disease_convergence			
analyses/multiverse/results/validation_unavailable.csv			disease labels are tied to the source study cluster resolution					100.0	3.0	significant	distal_gene_count_residual		no_state		15.0	0.15	disease_convergence			
analyses/multiverse/results/validation_unavailable.csv			fewer than two clusters or outcome classes remain				disease_51_no_state	100.0	3.0	significant	distal_gene_count_residual		no_state		30.0	0.15	disease_convergence			
analyses/multiverse/results/validation_unavailable.csv			disease labels are tied to the source study cluster resolution					100.0	3.0	significant	distal_gene_count_residual		no_state		50.0	0.15	disease_convergence			
analyses/multiverse/results/validation_unavailable.csv			disease labels are tied to the source study cluster resolution					100.0	3.0	significant	distal_gene_count_residual		minimal		15.0	0.2	disease_convergence			
analyses/multiverse/results/validation_unavailable.csv			fewer than two clusters or outcome classes remain				disease_52_minimal	100.0	3.0	significant	distal_gene_count_residual		minimal		30.0	0.2	disease_convergence			
analyses/multiverse/results/validation_unavailable.csv			disease labels are tied to the source study cluster resolution					100.0	3.0	significant	distal_gene_count_residual		minimal		50.0	0.2	disease_convergence			
analyses/multiverse/results/validation_unavailable.csv			disease labels are tied to the source study cluster resolution					100.0	3.0	significant	distal_gene_count_residual		observability		15.0	0.2	disease_convergence			
analyses/multiverse/results/validation_unavailable.csv			fewer than two clusters or outcome classes remain				disease_52_observability	100.0	3.0	significant	distal_gene_count_residual		observability		30.0	0.2	disease_convergence			
analyses/multiverse/results/validation_unavailable.csv			disease labels are tied to the source study cluster resolution					100.0	3.0	significant	distal_gene_count_residual		observability		50.0	0.2	disease_convergence			
analyses/multiverse/results/validation_unavailable.csv			disease labels are tied to the source study cluster resolution					100.0	3.0	significant	distal_gene_count_residual		reproducibility		15.0	0.2	disease_convergence			
analyses/multiverse/results/validation_unavailable.csv			fewer than two clusters or outcome classes remain				disease_52_reproducibility	100.0	3.0	significant	distal_gene_count_residual		reproducibility		30.0	0.2	disease_convergence			
analyses/multiverse/results/validation_unavailable.csv			disease labels are tied to the source study cluster resolution					100.0	3.0	significant	distal_gene_count_residual		reproducibility		50.0	0.2	disease_convergence			
analyses/multiverse/results/validation_unavailable.csv			disease labels are tied to the source study cluster resolution					100.0	3.0	significant	distal_gene_count_residual		no_state		15.0	0.2	disease_convergence			
analyses/multiverse/results/validation_unavailable.csv			fewer than two clusters or outcome classes remain				disease_52_no_state	100.0	3.0	significant	distal_gene_count_residual		no_state		30.0	0.2	disease_convergence			
analyses/multiverse/results/validation_unavailable.csv			disease labels are tied to the source study cluster resolution					100.0	3.0	significant	distal_gene_count_residual		no_state		50.0	0.2	disease_convergence			
analyses/multiverse/results/validation_unavailable.csv			disease labels are tied to the source study cluster resolution					100.0	3.0	significant	debiased_response_l2_gain		minimal		15.0	0.05	disease_convergence			
analyses/multiverse/results/validation_unavailable.csv			fewer than two clusters or outcome classes remain				disease_53_minimal	100.0	3.0	significant	debiased_response_l2_gain		minimal		30.0	0.05	disease_convergence			
analyses/multiverse/results/validation_unavailable.csv			disease labels are tied to the source study cluster resolution					100.0	3.0	significant	debiased_response_l2_gain		minimal		50.0	0.05	disease_convergence			
analyses/multiverse/results/validation_unavailable.csv			disease labels are tied to the source study cluster resolution					100.0	3.0	significant	debiased_response_l2_gain		observability		15.0	0.05	disease_convergence			
analyses/multiverse/results/validation_unavailable.csv			fewer than two clusters or outcome classes remain				disease_53_observability	100.0	3.0	significant	debiased_response_l2_gain		observability		30.0	0.05	disease_convergence			
analyses/multiverse/results/validation_unavailable.csv			disease labels are tied to the source study cluster resolution					100.0	3.0	significant	debiased_response_l2_gain		observability		50.0	0.05	disease_convergence			
analyses/multiverse/results/validation_unavailable.csv			disease labels are tied to the source study cluster resolution					100.0	3.0	significant	debiased_response_l2_gain		reproducibility		15.0	0.05	disease_convergence			
analyses/multiverse/results/validation_unavailable.csv			fewer than two clusters or outcome classes remain				disease_53_reproducibility	100.0	3.0	significant	debiased_response_l2_gain		reproducibility		30.0	0.05	disease_convergence			
analyses/multiverse/results/validation_unavailable.csv			disease labels are tied to the source study cluster resolution					100.0	3.0	significant	debiased_response_l2_gain		reproducibility		50.0	0.05	disease_convergence			
analyses/multiverse/results/validation_unavailable.csv			disease labels are tied to the source study cluster resolution					100.0	3.0	significant	debiased_response_l2_gain		no_state		15.0	0.05	disease_convergence			
analyses/multiverse/results/validation_unavailable.csv			fewer than two clusters or outcome classes remain				disease_53_no_state	100.0	3.0	significant	debiased_response_l2_gain		no_state		30.0	0.05	disease_convergence			
analyses/multiverse/results/validation_unavailable.csv			disease labels are tied to the source study cluster resolution					100.0	3.0	significant	debiased_response_l2_gain		no_state		50.0	0.05	disease_convergence			
analyses/multiverse/results/validation_unavailable.csv			disease labels are tied to the source study cluster resolution					100.0	3.0	significant	debiased_response_l2_gain		minimal		15.0	0.1	disease_convergence			
analyses/multiverse/results/validation_unavailable.csv			fewer than two clusters or outcome classes remain				disease_54_minimal	100.0	3.0	significant	debiased_response_l2_gain		minimal		30.0	0.1	disease_convergence			
analyses/multiverse/results/validation_unavailable.csv			disease labels are tied to the source study cluster resolution					100.0	3.0	significant	debiased_response_l2_gain		minimal		50.0	0.1	disease_convergence			
analyses/multiverse/results/validation_unavailable.csv			disease labels are tied to the source study cluster resolution					100.0	3.0	significant	debiased_response_l2_gain		observability		15.0	0.1	disease_convergence			
analyses/multiverse/results/validation_unavailable.csv			fewer than two clusters or outcome classes remain				disease_54_observability	100.0	3.0	significant	debiased_response_l2_gain		observability		30.0	0.1	disease_convergence			
analyses/multiverse/results/validation_unavailable.csv			disease labels are tied to the source study cluster resolution					100.0	3.0	significant	debiased_response_l2_gain		observability		50.0	0.1	disease_convergence			
analyses/multiverse/results/validation_unavailable.csv			disease labels are tied to the source study cluster resolution					100.0	3.0	significant	debiased_response_l2_gain		reproducibility		15.0	0.1	disease_convergence			
analyses/multiverse/results/validation_unavailable.csv			fewer than two clusters or outcome classes remain				disease_54_reproducibility	100.0	3.0	significant	debiased_response_l2_gain		reproducibility		30.0	0.1	disease_convergence			
analyses/multiverse/results/validation_unavailable.csv			disease labels are tied to the source study cluster resolution					100.0	3.0	significant	debiased_response_l2_gain		reproducibility		50.0	0.1	disease_convergence			
analyses/multiverse/results/validation_unavailable.csv			disease labels are tied to the source study cluster resolution					100.0	3.0	significant	debiased_response_l2_gain		no_state		15.0	0.1	disease_convergence			
analyses/multiverse/results/validation_unavailable.csv			fewer than two clusters or outcome classes remain				disease_54_no_state	100.0	3.0	significant	debiased_response_l2_gain		no_state		30.0	0.1	disease_convergence			
analyses/multiverse/results/validation_unavailable.csv			disease labels are tied to the source study cluster resolution					100.0	3.0	significant	debiased_response_l2_gain		no_state		50.0	0.1	disease_convergence			
analyses/multiverse/results/validation_unavailable.csv			disease labels are tied to the source study cluster resolution					100.0	3.0	significant	debiased_response_l2_gain		minimal		15.0	0.15	disease_convergence			
analyses/multiverse/results/validation_unavailable.csv			fewer than two clusters or outcome classes remain				disease_55_minimal	100.0	3.0	significant	debiased_response_l2_gain		minimal		30.0	0.15	disease_convergence			
analyses/multiverse/results/validation_unavailable.csv			disease labels are tied to the source study cluster resolution					100.0	3.0	significant	debiased_response_l2_gain		minimal		50.0	0.15	disease_convergence			
analyses/multiverse/results/validation_unavailable.csv			disease labels are tied to the source study cluster resolution					100.0	3.0	significant	debiased_response_l2_gain		observability		15.0	0.15	disease_convergence			
analyses/multiverse/results/validation_unavailable.csv			fewer than two clusters or outcome classes remain				disease_55_observability	100.0	3.0	significant	debiased_response_l2_gain		observability		30.0	0.15	disease_convergence			
analyses/multiverse/results/validation_unavailable.csv			disease labels are tied to the source study cluster resolution					100.0	3.0	significant	debiased_response_l2_gain		observability		50.0	0.15	disease_convergence			
analyses/multiverse/results/validation_unavailable.csv			disease labels are tied to the source study cluster resolution					100.0	3.0	significant	debiased_response_l2_gain		reproducibility		15.0	0.15	disease_convergence			
analyses/multiverse/results/validation_unavailable.csv			fewer than two clusters or outcome classes remain				disease_55_reproducibility	100.0	3.0	significant	debiased_response_l2_gain		reproducibility		30.0	0.15	disease_convergence			
analyses/multiverse/results/validation_unavailable.csv			disease labels are tied to the source study cluster resolution					100.0	3.0	significant	debiased_response_l2_gain		reproducibility		50.0	0.15	disease_convergence			
analyses/multiverse/results/validation_unavailable.csv			disease labels are tied to the source study cluster resolution					100.0	3.0	significant	debiased_response_l2_gain		no_state		15.0	0.15	disease_convergence			
analyses/multiverse/results/validation_unavailable.csv			fewer than two clusters or outcome classes remain				disease_55_no_state	100.0	3.0	significant	debiased_response_l2_gain		no_state		30.0	0.15	disease_convergence			
analyses/multiverse/results/validation_unavailable.csv			disease labels are tied to the source study cluster resolution					100.0	3.0	significant	debiased_response_l2_gain		no_state		50.0	0.15	disease_convergence			
analyses/multiverse/results/validation_unavailable.csv			disease labels are tied to the source study cluster resolution					100.0	3.0	significant	debiased_response_l2_gain		minimal		15.0	0.2	disease_convergence			
analyses/multiverse/results/validation_unavailable.csv			fewer than two clusters or outcome classes remain				disease_56_minimal	100.0	3.0	significant	debiased_response_l2_gain		minimal		30.0	0.2	disease_convergence			
analyses/multiverse/results/validation_unavailable.csv			disease labels are tied to the source study cluster resolution					100.0	3.0	significant	debiased_response_l2_gain		minimal		50.0	0.2	disease_convergence			
analyses/multiverse/results/validation_unavailable.csv			disease labels are tied to the source study cluster resolution					100.0	3.0	significant	debiased_response_l2_gain		observability		15.0	0.2	disease_convergence			
analyses/multiverse/results/validation_unavailable.csv			fewer than two clusters or outcome classes remain				disease_56_observability	100.0	3.0	significant	debiased_response_l2_gain		observability		30.0	0.2	disease_convergence			
analyses/multiverse/results/validation_unavailable.csv			disease labels are tied to the source study cluster resolution					100.0	3.0	significant	debiased_response_l2_gain		observability		50.0	0.2	disease_convergence			
analyses/multiverse/results/validation_unavailable.csv			disease labels are tied to the source study cluster resolution					100.0	3.0	significant	debiased_response_l2_gain		reproducibility		15.0	0.2	disease_convergence			
analyses/multiverse/results/validation_unavailable.csv			fewer than two clusters or outcome classes remain				disease_56_reproducibility	100.0	3.0	significant	debiased_response_l2_gain		reproducibility		30.0	0.2	disease_convergence			
analyses/multiverse/results/validation_unavailable.csv			disease labels are tied to the source study cluster resolution					100.0	3.0	significant	debiased_response_l2_gain		reproducibility		50.0	0.2	disease_convergence			
analyses/multiverse/results/validation_unavailable.csv			disease labels are tied to the source study cluster resolution					100.0	3.0	significant	debiased_response_l2_gain		no_state		15.0	0.2	disease_convergence			
analyses/multiverse/results/validation_unavailable.csv			fewer than two clusters or outcome classes remain				disease_56_no_state	100.0	3.0	significant	debiased_response_l2_gain		no_state		30.0	0.2	disease_convergence			
analyses/multiverse/results/validation_unavailable.csv			disease labels are tied to the source study cluster resolution					100.0	3.0	significant	debiased_response_l2_gain		no_state		50.0	0.2	disease_convergence			
analyses/multiverse/results/validation_unavailable.csv			disease labels are tied to the source study cluster resolution					100.0	3.0	significant	significant_response_l1_gain		minimal		15.0	0.05	disease_convergence			
analyses/multiverse/results/validation_unavailable.csv			fewer than two clusters or outcome classes remain				disease_57_minimal	100.0	3.0	significant	significant_response_l1_gain		minimal		30.0	0.05	disease_convergence			
analyses/multiverse/results/validation_unavailable.csv			disease labels are tied to the source study cluster resolution					100.0	3.0	significant	significant_response_l1_gain		minimal		50.0	0.05	disease_convergence			
analyses/multiverse/results/validation_unavailable.csv			disease labels are tied to the source study cluster resolution					100.0	3.0	significant	significant_response_l1_gain		observability		15.0	0.05	disease_convergence			
analyses/multiverse/results/validation_unavailable.csv			fewer than two clusters or outcome classes remain				disease_57_observability	100.0	3.0	significant	significant_response_l1_gain		observability		30.0	0.05	disease_convergence			
analyses/multiverse/results/validation_unavailable.csv			disease labels are tied to the source study cluster resolution					100.0	3.0	significant	significant_response_l1_gain		observability		50.0	0.05	disease_convergence			
analyses/multiverse/results/validation_unavailable.csv			disease labels are tied to the source study cluster resolution					100.0	3.0	significant	significant_response_l1_gain		reproducibility		15.0	0.05	disease_convergence			
analyses/multiverse/results/validation_unavailable.csv			fewer than two clusters or outcome classes remain				disease_57_reproducibility	100.0	3.0	significant	significant_response_l1_gain		reproducibility		30.0	0.05	disease_convergence			
analyses/multiverse/results/validation_unavailable.csv			disease labels are tied to the source study cluster resolution					100.0	3.0	significant	significant_response_l1_gain		reproducibility		50.0	0.05	disease_convergence			
analyses/multiverse/results/validation_unavailable.csv			disease labels are tied to the source study cluster resolution					100.0	3.0	significant	significant_response_l1_gain		no_state		15.0	0.05	disease_convergence			
analyses/multiverse/results/validation_unavailable.csv			fewer than two clusters or outcome classes remain				disease_57_no_state	100.0	3.0	significant	significant_response_l1_gain		no_state		30.0	0.05	disease_convergence			
analyses/multiverse/results/validation_unavailable.csv			disease labels are tied to the source study cluster resolution					100.0	3.0	significant	significant_response_l1_gain		no_state		50.0	0.05	disease_convergence			
analyses/multiverse/results/validation_unavailable.csv			disease labels are tied to the source study cluster resolution					100.0	3.0	significant	significant_response_l1_gain		minimal		15.0	0.1	disease_convergence			
analyses/multiverse/results/validation_unavailable.csv			fewer than two clusters or outcome classes remain				disease_58_minimal	100.0	3.0	significant	significant_response_l1_gain		minimal		30.0	0.1	disease_convergence			
analyses/multiverse/results/validation_unavailable.csv			disease labels are tied to the source study cluster resolution					100.0	3.0	significant	significant_response_l1_gain		minimal		50.0	0.1	disease_convergence			
analyses/multiverse/results/validation_unavailable.csv			disease labels are tied to the source study cluster resolution					100.0	3.0	significant	significant_response_l1_gain		observability		15.0	0.1	disease_convergence			
analyses/multiverse/results/validation_unavailable.csv			fewer than two clusters or outcome classes remain				disease_58_observability	100.0	3.0	significant	significant_response_l1_gain		observability		30.0	0.1	disease_convergence			
analyses/multiverse/results/validation_unavailable.csv			disease labels are tied to the source study cluster resolution					100.0	3.0	significant	significant_response_l1_gain		observability		50.0	0.1	disease_convergence			
analyses/multiverse/results/validation_unavailable.csv			disease labels are tied to the source study cluster resolution					100.0	3.0	significant	significant_response_l1_gain		reproducibility		15.0	0.1	disease_convergence			
analyses/multiverse/results/validation_unavailable.csv			fewer than two clusters or outcome classes remain				disease_58_reproducibility	100.0	3.0	significant	significant_response_l1_gain		reproducibility		30.0	0.1	disease_convergence			
analyses/multiverse/results/validation_unavailable.csv			disease labels are tied to the source study cluster resolution					100.0	3.0	significant	significant_response_l1_gain		reproducibility		50.0	0.1	disease_convergence			
analyses/multiverse/results/validation_unavailable.csv			disease labels are tied to the source study cluster resolution					100.0	3.0	significant	significant_response_l1_gain		no_state		15.0	0.1	disease_convergence			
analyses/multiverse/results/validation_unavailable.csv			fewer than two clusters or outcome classes remain				disease_58_no_state	100.0	3.0	significant	significant_response_l1_gain		no_state		30.0	0.1	disease_convergence			
analyses/multiverse/results/validation_unavailable.csv			disease labels are tied to the source study cluster resolution					100.0	3.0	significant	significant_response_l1_gain		no_state		50.0	0.1	disease_convergence			
analyses/multiverse/results/validation_unavailable.csv			disease labels are tied to the source study cluster resolution					100.0	3.0	significant	significant_response_l1_gain		minimal		15.0	0.15	disease_convergence			
analyses/multiverse/results/validation_unavailable.csv			fewer than two clusters or outcome classes remain				disease_59_minimal	100.0	3.0	significant	significant_response_l1_gain		minimal		30.0	0.15	disease_convergence			
analyses/multiverse/results/validation_unavailable.csv			disease labels are tied to the source study cluster resolution					100.0	3.0	significant	significant_response_l1_gain		minimal		50.0	0.15	disease_convergence			
analyses/multiverse/results/validation_unavailable.csv			disease labels are tied to the source study cluster resolution					100.0	3.0	significant	significant_response_l1_gain		observability		15.0	0.15	disease_convergence			
analyses/multiverse/results/validation_unavailable.csv			fewer than two clusters or outcome classes remain				disease_59_observability	100.0	3.0	significant	significant_response_l1_gain		observability		30.0	0.15	disease_convergence			
analyses/multiverse/results/validation_unavailable.csv			disease labels are tied to the source study cluster resolution					100.0	3.0	significant	significant_response_l1_gain		observability		50.0	0.15	disease_convergence			
analyses/multiverse/results/validation_unavailable.csv			disease labels are tied to the source study cluster resolution					100.0	3.0	significant	significant_response_l1_gain		reproducibility		15.0	0.15	disease_convergence			
analyses/multiverse/results/validation_unavailable.csv			fewer than two clusters or outcome classes remain				disease_59_reproducibility	100.0	3.0	significant	significant_response_l1_gain		reproducibility		30.0	0.15	disease_convergence			
analyses/multiverse/results/validation_unavailable.csv			disease labels are tied to the source study cluster resolution					100.0	3.0	significant	significant_response_l1_gain		reproducibility		50.0	0.15	disease_convergence			
analyses/multiverse/results/validation_unavailable.csv			disease labels are tied to the source study cluster resolution					100.0	3.0	significant	significant_response_l1_gain		no_state		15.0	0.15	disease_convergence			
analyses/multiverse/results/validation_unavailable.csv			fewer than two clusters or outcome classes remain				disease_59_no_state	100.0	3.0	significant	significant_response_l1_gain		no_state		30.0	0.15	disease_convergence			
analyses/multiverse/results/validation_unavailable.csv			disease labels are tied to the source study cluster resolution					100.0	3.0	significant	significant_response_l1_gain		no_state		50.0	0.15	disease_convergence			
analyses/multiverse/results/validation_unavailable.csv			disease labels are tied to the source study cluster resolution					100.0	3.0	significant	significant_response_l1_gain		minimal		15.0	0.2	disease_convergence			
analyses/multiverse/results/validation_unavailable.csv			fewer than two clusters or outcome classes remain				disease_60_minimal	100.0	3.0	significant	significant_response_l1_gain		minimal		30.0	0.2	disease_convergence			
analyses/multiverse/results/validation_unavailable.csv			disease labels are tied to the source study cluster resolution					100.0	3.0	significant	significant_response_l1_gain		minimal		50.0	0.2	disease_convergence			
analyses/multiverse/results/validation_unavailable.csv			disease labels are tied to the source study cluster resolution					100.0	3.0	significant	significant_response_l1_gain		observability		15.0	0.2	disease_convergence			
analyses/multiverse/results/validation_unavailable.csv			fewer than two clusters or outcome classes remain				disease_60_observability	100.0	3.0	significant	significant_response_l1_gain		observability		30.0	0.2	disease_convergence			
analyses/multiverse/results/validation_unavailable.csv			disease labels are tied to the source study cluster resolution					100.0	3.0	significant	significant_response_l1_gain		observability		50.0	0.2	disease_convergence			
analyses/multiverse/results/validation_unavailable.csv			disease labels are tied to the source study cluster resolution					100.0	3.0	significant	significant_response_l1_gain		reproducibility		15.0	0.2	disease_convergence			
analyses/multiverse/results/validation_unavailable.csv			fewer than two clusters or outcome classes remain				disease_60_reproducibility	100.0	3.0	significant	significant_response_l1_gain		reproducibility		30.0	0.2	disease_convergence			
analyses/multiverse/results/validation_unavailable.csv			disease labels are tied to the source study cluster resolution					100.0	3.0	significant	significant_response_l1_gain		reproducibility		50.0	0.2	disease_convergence			
analyses/multiverse/results/validation_unavailable.csv			disease labels are tied to the source study cluster resolution					100.0	3.0	significant	significant_response_l1_gain		no_state		15.0	0.2	disease_convergence			
analyses/multiverse/results/validation_unavailable.csv			fewer than two clusters or outcome classes remain				disease_60_no_state	100.0	3.0	significant	significant_response_l1_gain		no_state		30.0	0.2	disease_convergence			
analyses/multiverse/results/validation_unavailable.csv			disease labels are tied to the source study cluster resolution					100.0	3.0	significant	significant_response_l1_gain		no_state		50.0	0.2	disease_convergence			
analyses/multiverse/results/validation_unavailable.csv			disease labels are tied to the source study cluster resolution					100.0	3.0	significant_and_absolute_z_at_least_2	distal_gene_count_residual		minimal		15.0	0.05	disease_convergence			
analyses/multiverse/results/validation_unavailable.csv			fewer than two clusters or outcome classes remain				disease_61_minimal	100.0	3.0	significant_and_absolute_z_at_least_2	distal_gene_count_residual		minimal		30.0	0.05	disease_convergence			
analyses/multiverse/results/validation_unavailable.csv			disease labels are tied to the source study cluster resolution					100.0	3.0	significant_and_absolute_z_at_least_2	distal_gene_count_residual		minimal		50.0	0.05	disease_convergence			
analyses/multiverse/results/validation_unavailable.csv			disease labels are tied to the source study cluster resolution					100.0	3.0	significant_and_absolute_z_at_least_2	distal_gene_count_residual		observability		15.0	0.05	disease_convergence			
analyses/multiverse/results/validation_unavailable.csv			fewer than two clusters or outcome classes remain				disease_61_observability	100.0	3.0	significant_and_absolute_z_at_least_2	distal_gene_count_residual		observability		30.0	0.05	disease_convergence			
analyses/multiverse/results/validation_unavailable.csv			disease labels are tied to the source study cluster resolution					100.0	3.0	significant_and_absolute_z_at_least_2	distal_gene_count_residual		observability		50.0	0.05	disease_convergence			
analyses/multiverse/results/validation_unavailable.csv			disease labels are tied to the source study cluster resolution					100.0	3.0	significant_and_absolute_z_at_least_2	distal_gene_count_residual		reproducibility		15.0	0.05	disease_convergence			
analyses/multiverse/results/validation_unavailable.csv			fewer than two clusters or outcome classes remain				disease_61_reproducibility	100.0	3.0	significant_and_absolute_z_at_least_2	distal_gene_count_residual		reproducibility		30.0	0.05	disease_convergence			
analyses/multiverse/results/validation_unavailable.csv			disease labels are tied to the source study cluster resolution					100.0	3.0	significant_and_absolute_z_at_least_2	distal_gene_count_residual		reproducibility		50.0	0.05	disease_convergence			
analyses/multiverse/results/validation_unavailable.csv			disease labels are tied to the source study cluster resolution					100.0	3.0	significant_and_absolute_z_at_least_2	distal_gene_count_residual		no_state		15.0	0.05	disease_convergence			
analyses/multiverse/results/validation_unavailable.csv			fewer than two clusters or outcome classes remain				disease_61_no_state	100.0	3.0	significant_and_absolute_z_at_least_2	distal_gene_count_residual		no_state		30.0	0.05	disease_convergence			
analyses/multiverse/results/validation_unavailable.csv			disease labels are tied to the source study cluster resolution					100.0	3.0	significant_and_absolute_z_at_least_2	distal_gene_count_residual		no_state		50.0	0.05	disease_convergence			
analyses/multiverse/results/validation_unavailable.csv			disease labels are tied to the source study cluster resolution					100.0	3.0	significant_and_absolute_z_at_least_2	distal_gene_count_residual		minimal		15.0	0.1	disease_convergence			
analyses/multiverse/results/validation_unavailable.csv			fewer than two clusters or outcome classes remain				disease_62_minimal	100.0	3.0	significant_and_absolute_z_at_least_2	distal_gene_count_residual		minimal		30.0	0.1	disease_convergence			
analyses/multiverse/results/validation_unavailable.csv			disease labels are tied to the source study cluster resolution					100.0	3.0	significant_and_absolute_z_at_least_2	distal_gene_count_residual		minimal		50.0	0.1	disease_convergence			
analyses/multiverse/results/validation_unavailable.csv			disease labels are tied to the source study cluster resolution					100.0	3.0	significant_and_absolute_z_at_least_2	distal_gene_count_residual		observability		15.0	0.1	disease_convergence			
analyses/multiverse/results/validation_unavailable.csv			fewer than two clusters or outcome classes remain				disease_62_observability	100.0	3.0	significant_and_absolute_z_at_least_2	distal_gene_count_residual		observability		30.0	0.1	disease_convergence			
analyses/multiverse/results/validation_unavailable.csv			disease labels are tied to the source study cluster resolution					100.0	3.0	significant_and_absolute_z_at_least_2	distal_gene_count_residual		observability		50.0	0.1	disease_convergence			
analyses/multiverse/results/validation_unavailable.csv			disease labels are tied to the source study cluster resolution					100.0	3.0	significant_and_absolute_z_at_least_2	distal_gene_count_residual		reproducibility		15.0	0.1	disease_convergence			
analyses/multiverse/results/validation_unavailable.csv			fewer than two clusters or outcome classes remain				disease_62_reproducibility	100.0	3.0	significant_and_absolute_z_at_least_2	distal_gene_count_residual		reproducibility		30.0	0.1	disease_convergence			
analyses/multiverse/results/validation_unavailable.csv			disease labels are tied to the source study cluster resolution					100.0	3.0	significant_and_absolute_z_at_least_2	distal_gene_count_residual		reproducibility		50.0	0.1	disease_convergence			
analyses/multiverse/results/validation_unavailable.csv			disease labels are tied to the source study cluster resolution					100.0	3.0	significant_and_absolute_z_at_least_2	distal_gene_count_residual		no_state		15.0	0.1	disease_convergence			
analyses/multiverse/results/validation_unavailable.csv			fewer than two clusters or outcome classes remain				disease_62_no_state	100.0	3.0	significant_and_absolute_z_at_least_2	distal_gene_count_residual		no_state		30.0	0.1	disease_convergence			
analyses/multiverse/results/validation_unavailable.csv			disease labels are tied to the source study cluster resolution					100.0	3.0	significant_and_absolute_z_at_least_2	distal_gene_count_residual		no_state		50.0	0.1	disease_convergence			
analyses/multiverse/results/validation_unavailable.csv			disease labels are tied to the source study cluster resolution					100.0	3.0	significant_and_absolute_z_at_least_2	distal_gene_count_residual		minimal		15.0	0.15	disease_convergence			
analyses/multiverse/results/validation_unavailable.csv			fewer than two clusters or outcome classes remain				disease_63_minimal	100.0	3.0	significant_and_absolute_z_at_least_2	distal_gene_count_residual		minimal		30.0	0.15	disease_convergence			
analyses/multiverse/results/validation_unavailable.csv			disease labels are tied to the source study cluster resolution					100.0	3.0	significant_and_absolute_z_at_least_2	distal_gene_count_residual		minimal		50.0	0.15	disease_convergence			
analyses/multiverse/results/validation_unavailable.csv			disease labels are tied to the source study cluster resolution					100.0	3.0	significant_and_absolute_z_at_least_2	distal_gene_count_residual		observability		15.0	0.15	disease_convergence			
analyses/multiverse/results/validation_unavailable.csv			fewer than two clusters or outcome classes remain				disease_63_observability	100.0	3.0	significant_and_absolute_z_at_least_2	distal_gene_count_residual		observability		30.0	0.15	disease_convergence			
analyses/multiverse/results/validation_unavailable.csv			disease labels are tied to the source study cluster resolution					100.0	3.0	significant_and_absolute_z_at_least_2	distal_gene_count_residual		observability		50.0	0.15	disease_convergence			
analyses/multiverse/results/validation_unavailable.csv			disease labels are tied to the source study cluster resolution					100.0	3.0	significant_and_absolute_z_at_least_2	distal_gene_count_residual		reproducibility		15.0	0.15	disease_convergence			
analyses/multiverse/results/validation_unavailable.csv			fewer than two clusters or outcome classes remain				disease_63_reproducibility	100.0	3.0	significant_and_absolute_z_at_least_2	distal_gene_count_residual		reproducibility		30.0	0.15	disease_convergence			
analyses/multiverse/results/validation_unavailable.csv			disease labels are tied to the source study cluster resolution					100.0	3.0	significant_and_absolute_z_at_least_2	distal_gene_count_residual		reproducibility		50.0	0.15	disease_convergence			
analyses/multiverse/results/validation_unavailable.csv			disease labels are tied to the source study cluster resolution					100.0	3.0	significant_and_absolute_z_at_least_2	distal_gene_count_residual		no_state		15.0	0.15	disease_convergence			
analyses/multiverse/results/validation_unavailable.csv			fewer than two clusters or outcome classes remain				disease_63_no_state	100.0	3.0	significant_and_absolute_z_at_least_2	distal_gene_count_residual		no_state		30.0	0.15	disease_convergence			
analyses/multiverse/results/validation_unavailable.csv			disease labels are tied to the source study cluster resolution					100.0	3.0	significant_and_absolute_z_at_least_2	distal_gene_count_residual		no_state		50.0	0.15	disease_convergence			
analyses/multiverse/results/validation_unavailable.csv			disease labels are tied to the source study cluster resolution					100.0	3.0	significant_and_absolute_z_at_least_2	distal_gene_count_residual		minimal		15.0	0.2	disease_convergence			
analyses/multiverse/results/validation_unavailable.csv			fewer than two clusters or outcome classes remain				disease_64_minimal	100.0	3.0	significant_and_absolute_z_at_least_2	distal_gene_count_residual		minimal		30.0	0.2	disease_convergence			
analyses/multiverse/results/validation_unavailable.csv			disease labels are tied to the source study cluster resolution					100.0	3.0	significant_and_absolute_z_at_least_2	distal_gene_count_residual		minimal		50.0	0.2	disease_convergence			
analyses/multiverse/results/validation_unavailable.csv			disease labels are tied to the source study cluster resolution					100.0	3.0	significant_and_absolute_z_at_least_2	distal_gene_count_residual		observability		15.0	0.2	disease_convergence			
analyses/multiverse/results/validation_unavailable.csv			fewer than two clusters or outcome classes remain				disease_64_observability	100.0	3.0	significant_and_absolute_z_at_least_2	distal_gene_count_residual		observability		30.0	0.2	disease_convergence			
analyses/multiverse/results/validation_unavailable.csv			disease labels are tied to the source study cluster resolution					100.0	3.0	significant_and_absolute_z_at_least_2	distal_gene_count_residual		observability		50.0	0.2	disease_convergence			
analyses/multiverse/results/validation_unavailable.csv			disease labels are tied to the source study cluster resolution					100.0	3.0	significant_and_absolute_z_at_least_2	distal_gene_count_residual		reproducibility		15.0	0.2	disease_convergence			
analyses/multiverse/results/validation_unavailable.csv			fewer than two clusters or outcome classes remain				disease_64_reproducibility	100.0	3.0	significant_and_absolute_z_at_least_2	distal_gene_count_residual		reproducibility		30.0	0.2	disease_convergence			
analyses/multiverse/results/validation_unavailable.csv			disease labels are tied to the source study cluster resolution					100.0	3.0	significant_and_absolute_z_at_least_2	distal_gene_count_residual		reproducibility		50.0	0.2	disease_convergence			
analyses/multiverse/results/validation_unavailable.csv			disease labels are tied to the source study cluster resolution					100.0	3.0	significant_and_absolute_z_at_least_2	distal_gene_count_residual		no_state		15.0	0.2	disease_convergence			
analyses/multiverse/results/validation_unavailable.csv			fewer than two clusters or outcome classes remain				disease_64_no_state	100.0	3.0	significant_and_absolute_z_at_least_2	distal_gene_count_residual		no_state		30.0	0.2	disease_convergence			
analyses/multiverse/results/validation_unavailable.csv			disease labels are tied to the source study cluster resolution					100.0	3.0	significant_and_absolute_z_at_least_2	distal_gene_count_residual		no_state		50.0	0.2	disease_convergence			
analyses/multiverse/results/validation_unavailable.csv			disease labels are tied to the source study cluster resolution					100.0	3.0	significant_and_absolute_z_at_least_2	debiased_response_l2_gain		minimal		15.0	0.05	disease_convergence			
analyses/multiverse/results/validation_unavailable.csv			fewer than two clusters or outcome classes remain				disease_65_minimal	100.0	3.0	significant_and_absolute_z_at_least_2	debiased_response_l2_gain		minimal		30.0	0.05	disease_convergence			
analyses/multiverse/results/validation_unavailable.csv			disease labels are tied to the source study cluster resolution					100.0	3.0	significant_and_absolute_z_at_least_2	debiased_response_l2_gain		minimal		50.0	0.05	disease_convergence			
analyses/multiverse/results/validation_unavailable.csv			disease labels are tied to the source study cluster resolution					100.0	3.0	significant_and_absolute_z_at_least_2	debiased_response_l2_gain		observability		15.0	0.05	disease_convergence			
analyses/multiverse/results/validation_unavailable.csv			fewer than two clusters or outcome classes remain				disease_65_observability	100.0	3.0	significant_and_absolute_z_at_least_2	debiased_response_l2_gain		observability		30.0	0.05	disease_convergence			
analyses/multiverse/results/validation_unavailable.csv			disease labels are tied to the source study cluster resolution					100.0	3.0	significant_and_absolute_z_at_least_2	debiased_response_l2_gain		observability		50.0	0.05	disease_convergence			
analyses/multiverse/results/validation_unavailable.csv			disease labels are tied to the source study cluster resolution					100.0	3.0	significant_and_absolute_z_at_least_2	debiased_response_l2_gain		reproducibility		15.0	0.05	disease_convergence			
analyses/multiverse/results/validation_unavailable.csv			fewer than two clusters or outcome classes remain				disease_65_reproducibility	100.0	3.0	significant_and_absolute_z_at_least_2	debiased_response_l2_gain		reproducibility		30.0	0.05	disease_convergence			
analyses/multiverse/results/validation_unavailable.csv			disease labels are tied to the source study cluster resolution					100.0	3.0	significant_and_absolute_z_at_least_2	debiased_response_l2_gain		reproducibility		50.0	0.05	disease_convergence			
analyses/multiverse/results/validation_unavailable.csv			disease labels are tied to the source study cluster resolution					100.0	3.0	significant_and_absolute_z_at_least_2	debiased_response_l2_gain		no_state		15.0	0.05	disease_convergence			
analyses/multiverse/results/validation_unavailable.csv			fewer than two clusters or outcome classes remain				disease_65_no_state	100.0	3.0	significant_and_absolute_z_at_least_2	debiased_response_l2_gain		no_state		30.0	0.05	disease_convergence			
analyses/multiverse/results/validation_unavailable.csv			disease labels are tied to the source study cluster resolution					100.0	3.0	significant_and_absolute_z_at_least_2	debiased_response_l2_gain		no_state		50.0	0.05	disease_convergence			
analyses/multiverse/results/validation_unavailable.csv			disease labels are tied to the source study cluster resolution					100.0	3.0	significant_and_absolute_z_at_least_2	debiased_response_l2_gain		minimal		15.0	0.1	disease_convergence			
analyses/multiverse/results/validation_unavailable.csv			fewer than two clusters or outcome classes remain				disease_66_minimal	100.0	3.0	significant_and_absolute_z_at_least_2	debiased_response_l2_gain		minimal		30.0	0.1	disease_convergence			
analyses/multiverse/results/validation_unavailable.csv			disease labels are tied to the source study cluster resolution					100.0	3.0	significant_and_absolute_z_at_least_2	debiased_response_l2_gain		minimal		50.0	0.1	disease_convergence			
analyses/multiverse/results/validation_unavailable.csv			disease labels are tied to the source study cluster resolution					100.0	3.0	significant_and_absolute_z_at_least_2	debiased_response_l2_gain		observability		15.0	0.1	disease_convergence			
analyses/multiverse/results/validation_unavailable.csv			fewer than two clusters or outcome classes remain				disease_66_observability	100.0	3.0	significant_and_absolute_z_at_least_2	debiased_response_l2_gain		observability		30.0	0.1	disease_convergence			
analyses/multiverse/results/validation_unavailable.csv			disease labels are tied to the source study cluster resolution					100.0	3.0	significant_and_absolute_z_at_least_2	debiased_response_l2_gain		observability		50.0	0.1	disease_convergence			
analyses/multiverse/results/validation_unavailable.csv			disease labels are tied to the source study cluster resolution					100.0	3.0	significant_and_absolute_z_at_least_2	debiased_response_l2_gain		reproducibility		15.0	0.1	disease_convergence			
analyses/multiverse/results/validation_unavailable.csv			fewer than two clusters or outcome classes remain				disease_66_reproducibility	100.0	3.0	significant_and_absolute_z_at_least_2	debiased_response_l2_gain		reproducibility		30.0	0.1	disease_convergence			
analyses/multiverse/results/validation_unavailable.csv			disease labels are tied to the source study cluster resolution					100.0	3.0	significant_and_absolute_z_at_least_2	debiased_response_l2_gain		reproducibility		50.0	0.1	disease_convergence			
analyses/multiverse/results/validation_unavailable.csv			disease labels are tied to the source study cluster resolution					100.0	3.0	significant_and_absolute_z_at_least_2	debiased_response_l2_gain		no_state		15.0	0.1	disease_convergence			
analyses/multiverse/results/validation_unavailable.csv			fewer than two clusters or outcome classes remain				disease_66_no_state	100.0	3.0	significant_and_absolute_z_at_least_2	debiased_response_l2_gain		no_state		30.0	0.1	disease_convergence			
analyses/multiverse/results/validation_unavailable.csv			disease labels are tied to the source study cluster resolution					100.0	3.0	significant_and_absolute_z_at_least_2	debiased_response_l2_gain		no_state		50.0	0.1	disease_convergence			
analyses/multiverse/results/validation_unavailable.csv			disease labels are tied to the source study cluster resolution					100.0	3.0	significant_and_absolute_z_at_least_2	debiased_response_l2_gain		minimal		15.0	0.15	disease_convergence			
analyses/multiverse/results/validation_unavailable.csv			fewer than two clusters or outcome classes remain				disease_67_minimal	100.0	3.0	significant_and_absolute_z_at_least_2	debiased_response_l2_gain		minimal		30.0	0.15	disease_convergence			
analyses/multiverse/results/validation_unavailable.csv			disease labels are tied to the source study cluster resolution					100.0	3.0	significant_and_absolute_z_at_least_2	debiased_response_l2_gain		minimal		50.0	0.15	disease_convergence			
analyses/multiverse/results/validation_unavailable.csv			disease labels are tied to the source study cluster resolution					100.0	3.0	significant_and_absolute_z_at_least_2	debiased_response_l2_gain		observability		15.0	0.15	disease_convergence			
analyses/multiverse/results/validation_unavailable.csv			fewer than two clusters or outcome classes remain				disease_67_observability	100.0	3.0	significant_and_absolute_z_at_least_2	debiased_response_l2_gain		observability		30.0	0.15	disease_convergence			
analyses/multiverse/results/validation_unavailable.csv			disease labels are tied to the source study cluster resolution					100.0	3.0	significant_and_absolute_z_at_least_2	debiased_response_l2_gain		observability		50.0	0.15	disease_convergence			
analyses/multiverse/results/validation_unavailable.csv			disease labels are tied to the source study cluster resolution					100.0	3.0	significant_and_absolute_z_at_least_2	debiased_response_l2_gain		reproducibility		15.0	0.15	disease_convergence			
analyses/multiverse/results/validation_unavailable.csv			fewer than two clusters or outcome classes remain				disease_67_reproducibility	100.0	3.0	significant_and_absolute_z_at_least_2	debiased_response_l2_gain		reproducibility		30.0	0.15	disease_convergence			
analyses/multiverse/results/validation_unavailable.csv			disease labels are tied to the source study cluster resolution					100.0	3.0	significant_and_absolute_z_at_least_2	debiased_response_l2_gain		reproducibility		50.0	0.15	disease_convergence			
analyses/multiverse/results/validation_unavailable.csv			disease labels are tied to the source study cluster resolution					100.0	3.0	significant_and_absolute_z_at_least_2	debiased_response_l2_gain		no_state		15.0	0.15	disease_convergence			
analyses/multiverse/results/validation_unavailable.csv			fewer than two clusters or outcome classes remain				disease_67_no_state	100.0	3.0	significant_and_absolute_z_at_least_2	debiased_response_l2_gain		no_state		30.0	0.15	disease_convergence			
analyses/multiverse/results/validation_unavailable.csv			disease labels are tied to the source study cluster resolution					100.0	3.0	significant_and_absolute_z_at_least_2	debiased_response_l2_gain		no_state		50.0	0.15	disease_convergence			
analyses/multiverse/results/validation_unavailable.csv			disease labels are tied to the source study cluster resolution					100.0	3.0	significant_and_absolute_z_at_least_2	debiased_response_l2_gain		minimal		15.0	0.2	disease_convergence			
analyses/multiverse/results/validation_unavailable.csv			fewer than two clusters or outcome classes remain				disease_68_minimal	100.0	3.0	significant_and_absolute_z_at_least_2	debiased_response_l2_gain		minimal		30.0	0.2	disease_convergence			
analyses/multiverse/results/validation_unavailable.csv			disease labels are tied to the source study cluster resolution					100.0	3.0	significant_and_absolute_z_at_least_2	debiased_response_l2_gain		minimal		50.0	0.2	disease_convergence			
analyses/multiverse/results/validation_unavailable.csv			disease labels are tied to the source study cluster resolution					100.0	3.0	significant_and_absolute_z_at_least_2	debiased_response_l2_gain		observability		15.0	0.2	disease_convergence			
analyses/multiverse/results/validation_unavailable.csv			fewer than two clusters or outcome classes remain				disease_68_observability	100.0	3.0	significant_and_absolute_z_at_least_2	debiased_response_l2_gain		observability		30.0	0.2	disease_convergence			
analyses/multiverse/results/validation_unavailable.csv			disease labels are tied to the source study cluster resolution					100.0	3.0	significant_and_absolute_z_at_least_2	debiased_response_l2_gain		observability		50.0	0.2	disease_convergence			
analyses/multiverse/results/validation_unavailable.csv			disease labels are tied to the source study cluster resolution					100.0	3.0	significant_and_absolute_z_at_least_2	debiased_response_l2_gain		reproducibility		15.0	0.2	disease_convergence			
analyses/multiverse/results/validation_unavailable.csv			fewer than two clusters or outcome classes remain				disease_68_reproducibility	100.0	3.0	significant_and_absolute_z_at_least_2	debiased_response_l2_gain		reproducibility		30.0	0.2	disease_convergence			
analyses/multiverse/results/validation_unavailable.csv			disease labels are tied to the source study cluster resolution					100.0	3.0	significant_and_absolute_z_at_least_2	debiased_response_l2_gain		reproducibility		50.0	0.2	disease_convergence			
analyses/multiverse/results/validation_unavailable.csv			disease labels are tied to the source study cluster resolution					100.0	3.0	significant_and_absolute_z_at_least_2	debiased_response_l2_gain		no_state		15.0	0.2	disease_convergence			
analyses/multiverse/results/validation_unavailable.csv			fewer than two clusters or outcome classes remain				disease_68_no_state	100.0	3.0	significant_and_absolute_z_at_least_2	debiased_response_l2_gain		no_state		30.0	0.2	disease_convergence			
analyses/multiverse/results/validation_unavailable.csv			disease labels are tied to the source study cluster resolution					100.0	3.0	significant_and_absolute_z_at_least_2	debiased_response_l2_gain		no_state		50.0	0.2	disease_convergence			
analyses/multiverse/results/validation_unavailable.csv			disease labels are tied to the source study cluster resolution					100.0	3.0	significant_and_absolute_z_at_least_2	significant_response_l1_gain		minimal		15.0	0.05	disease_convergence			
analyses/multiverse/results/validation_unavailable.csv			fewer than two clusters or outcome classes remain				disease_69_minimal	100.0	3.0	significant_and_absolute_z_at_least_2	significant_response_l1_gain		minimal		30.0	0.05	disease_convergence			
analyses/multiverse/results/validation_unavailable.csv			disease labels are tied to the source study cluster resolution					100.0	3.0	significant_and_absolute_z_at_least_2	significant_response_l1_gain		minimal		50.0	0.05	disease_convergence			
analyses/multiverse/results/validation_unavailable.csv			disease labels are tied to the source study cluster resolution					100.0	3.0	significant_and_absolute_z_at_least_2	significant_response_l1_gain		observability		15.0	0.05	disease_convergence			
analyses/multiverse/results/validation_unavailable.csv			fewer than two clusters or outcome classes remain				disease_69_observability	100.0	3.0	significant_and_absolute_z_at_least_2	significant_response_l1_gain		observability		30.0	0.05	disease_convergence			
analyses/multiverse/results/validation_unavailable.csv			disease labels are tied to the source study cluster resolution					100.0	3.0	significant_and_absolute_z_at_least_2	significant_response_l1_gain		observability		50.0	0.05	disease_convergence			
analyses/multiverse/results/validation_unavailable.csv			disease labels are tied to the source study cluster resolution					100.0	3.0	significant_and_absolute_z_at_least_2	significant_response_l1_gain		reproducibility		15.0	0.05	disease_convergence			
analyses/multiverse/results/validation_unavailable.csv			fewer than two clusters or outcome classes remain				disease_69_reproducibility	100.0	3.0	significant_and_absolute_z_at_least_2	significant_response_l1_gain		reproducibility		30.0	0.05	disease_convergence			
analyses/multiverse/results/validation_unavailable.csv			disease labels are tied to the source study cluster resolution					100.0	3.0	significant_and_absolute_z_at_least_2	significant_response_l1_gain		reproducibility		50.0	0.05	disease_convergence			
analyses/multiverse/results/validation_unavailable.csv			disease labels are tied to the source study cluster resolution					100.0	3.0	significant_and_absolute_z_at_least_2	significant_response_l1_gain		no_state		15.0	0.05	disease_convergence			
analyses/multiverse/results/validation_unavailable.csv			fewer than two clusters or outcome classes remain				disease_69_no_state	100.0	3.0	significant_and_absolute_z_at_least_2	significant_response_l1_gain		no_state		30.0	0.05	disease_convergence			
analyses/multiverse/results/validation_unavailable.csv			disease labels are tied to the source study cluster resolution					100.0	3.0	significant_and_absolute_z_at_least_2	significant_response_l1_gain		no_state		50.0	0.05	disease_convergence			
analyses/multiverse/results/validation_unavailable.csv			disease labels are tied to the source study cluster resolution					100.0	3.0	significant_and_absolute_z_at_least_2	significant_response_l1_gain		minimal		15.0	0.1	disease_convergence			
analyses/multiverse/results/validation_unavailable.csv			fewer than two clusters or outcome classes remain				disease_70_minimal	100.0	3.0	significant_and_absolute_z_at_least_2	significant_response_l1_gain		minimal		30.0	0.1	disease_convergence			
analyses/multiverse/results/validation_unavailable.csv			disease labels are tied to the source study cluster resolution					100.0	3.0	significant_and_absolute_z_at_least_2	significant_response_l1_gain		minimal		50.0	0.1	disease_convergence			
analyses/multiverse/results/validation_unavailable.csv			disease labels are tied to the source study cluster resolution					100.0	3.0	significant_and_absolute_z_at_least_2	significant_response_l1_gain		observability		15.0	0.1	disease_convergence			
analyses/multiverse/results/validation_unavailable.csv			fewer than two clusters or outcome classes remain				disease_70_observability	100.0	3.0	significant_and_absolute_z_at_least_2	significant_response_l1_gain		observability		30.0	0.1	disease_convergence			
analyses/multiverse/results/validation_unavailable.csv			disease labels are tied to the source study cluster resolution					100.0	3.0	significant_and_absolute_z_at_least_2	significant_response_l1_gain		observability		50.0	0.1	disease_convergence			
analyses/multiverse/results/validation_unavailable.csv			disease labels are tied to the source study cluster resolution					100.0	3.0	significant_and_absolute_z_at_least_2	significant_response_l1_gain		reproducibility		15.0	0.1	disease_convergence			
analyses/multiverse/results/validation_unavailable.csv			fewer than two clusters or outcome classes remain				disease_70_reproducibility	100.0	3.0	significant_and_absolute_z_at_least_2	significant_response_l1_gain		reproducibility		30.0	0.1	disease_convergence			
analyses/multiverse/results/validation_unavailable.csv			disease labels are tied to the source study cluster resolution					100.0	3.0	significant_and_absolute_z_at_least_2	significant_response_l1_gain		reproducibility		50.0	0.1	disease_convergence			
analyses/multiverse/results/validation_unavailable.csv			disease labels are tied to the source study cluster resolution					100.0	3.0	significant_and_absolute_z_at_least_2	significant_response_l1_gain		no_state		15.0	0.1	disease_convergence			
analyses/multiverse/results/validation_unavailable.csv			fewer than two clusters or outcome classes remain				disease_70_no_state	100.0	3.0	significant_and_absolute_z_at_least_2	significant_response_l1_gain		no_state		30.0	0.1	disease_convergence			
analyses/multiverse/results/validation_unavailable.csv			disease labels are tied to the source study cluster resolution					100.0	3.0	significant_and_absolute_z_at_least_2	significant_response_l1_gain		no_state		50.0	0.1	disease_convergence			
analyses/multiverse/results/validation_unavailable.csv			disease labels are tied to the source study cluster resolution					100.0	3.0	significant_and_absolute_z_at_least_2	significant_response_l1_gain		minimal		15.0	0.15	disease_convergence			
analyses/multiverse/results/validation_unavailable.csv			fewer than two clusters or outcome classes remain				disease_71_minimal	100.0	3.0	significant_and_absolute_z_at_least_2	significant_response_l1_gain		minimal		30.0	0.15	disease_convergence			
analyses/multiverse/results/validation_unavailable.csv			disease labels are tied to the source study cluster resolution					100.0	3.0	significant_and_absolute_z_at_least_2	significant_response_l1_gain		minimal		50.0	0.15	disease_convergence			
analyses/multiverse/results/validation_unavailable.csv			disease labels are tied to the source study cluster resolution					100.0	3.0	significant_and_absolute_z_at_least_2	significant_response_l1_gain		observability		15.0	0.15	disease_convergence			
analyses/multiverse/results/validation_unavailable.csv			fewer than two clusters or outcome classes remain				disease_71_observability	100.0	3.0	significant_and_absolute_z_at_least_2	significant_response_l1_gain		observability		30.0	0.15	disease_convergence			
analyses/multiverse/results/validation_unavailable.csv			disease labels are tied to the source study cluster resolution					100.0	3.0	significant_and_absolute_z_at_least_2	significant_response_l1_gain		observability		50.0	0.15	disease_convergence			
analyses/multiverse/results/validation_unavailable.csv			disease labels are tied to the source study cluster resolution					100.0	3.0	significant_and_absolute_z_at_least_2	significant_response_l1_gain		reproducibility		15.0	0.15	disease_convergence			
analyses/multiverse/results/validation_unavailable.csv			fewer than two clusters or outcome classes remain				disease_71_reproducibility	100.0	3.0	significant_and_absolute_z_at_least_2	significant_response_l1_gain		reproducibility		30.0	0.15	disease_convergence			
analyses/multiverse/results/validation_unavailable.csv			disease labels are tied to the source study cluster resolution					100.0	3.0	significant_and_absolute_z_at_least_2	significant_response_l1_gain		reproducibility		50.0	0.15	disease_convergence			
analyses/multiverse/results/validation_unavailable.csv			disease labels are tied to the source study cluster resolution					100.0	3.0	significant_and_absolute_z_at_least_2	significant_response_l1_gain		no_state		15.0	0.15	disease_convergence			
analyses/multiverse/results/validation_unavailable.csv			fewer than two clusters or outcome classes remain				disease_71_no_state	100.0	3.0	significant_and_absolute_z_at_least_2	significant_response_l1_gain		no_state		30.0	0.15	disease_convergence			
analyses/multiverse/results/validation_unavailable.csv			disease labels are tied to the source study cluster resolution					100.0	3.0	significant_and_absolute_z_at_least_2	significant_response_l1_gain		no_state		50.0	0.15	disease_convergence			
analyses/multiverse/results/validation_unavailable.csv			disease labels are tied to the source study cluster resolution					100.0	3.0	significant_and_absolute_z_at_least_2	significant_response_l1_gain		minimal		15.0	0.2	disease_convergence			
analyses/multiverse/results/validation_unavailable.csv			fewer than two clusters or outcome classes remain				disease_72_minimal	100.0	3.0	significant_and_absolute_z_at_least_2	significant_response_l1_gain		minimal		30.0	0.2	disease_convergence			
analyses/multiverse/results/validation_unavailable.csv			disease labels are tied to the source study cluster resolution					100.0	3.0	significant_and_absolute_z_at_least_2	significant_response_l1_gain		minimal		50.0	0.2	disease_convergence			
analyses/multiverse/results/validation_unavailable.csv			disease labels are tied to the source study cluster resolution					100.0	3.0	significant_and_absolute_z_at_least_2	significant_response_l1_gain		observability		15.0	0.2	disease_convergence			
analyses/multiverse/results/validation_unavailable.csv			fewer than two clusters or outcome classes remain				disease_72_observability	100.0	3.0	significant_and_absolute_z_at_least_2	significant_response_l1_gain		observability		30.0	0.2	disease_convergence			
analyses/multiverse/results/validation_unavailable.csv			disease labels are tied to the source study cluster resolution					100.0	3.0	significant_and_absolute_z_at_least_2	significant_response_l1_gain		observability		50.0	0.2	disease_convergence			
analyses/multiverse/results/validation_unavailable.csv			disease labels are tied to the source study cluster resolution					100.0	3.0	significant_and_absolute_z_at_least_2	significant_response_l1_gain		reproducibility		15.0	0.2	disease_convergence			
analyses/multiverse/results/validation_unavailable.csv			fewer than two clusters or outcome classes remain				disease_72_reproducibility	100.0	3.0	significant_and_absolute_z_at_least_2	significant_response_l1_gain		reproducibility		30.0	0.2	disease_convergence			
analyses/multiverse/results/validation_unavailable.csv			disease labels are tied to the source study cluster resolution					100.0	3.0	significant_and_absolute_z_at_least_2	significant_response_l1_gain		reproducibility		50.0	0.2	disease_convergence			
analyses/multiverse/results/validation_unavailable.csv			disease labels are tied to the source study cluster resolution					100.0	3.0	significant_and_absolute_z_at_least_2	significant_response_l1_gain		no_state		15.0	0.2	disease_convergence			
analyses/multiverse/results/validation_unavailable.csv			fewer than two clusters or outcome classes remain				disease_72_no_state	100.0	3.0	significant_and_absolute_z_at_least_2	significant_response_l1_gain		no_state		30.0	0.2	disease_convergence			
analyses/multiverse/results/validation_unavailable.csv			disease labels are tied to the source study cluster resolution					100.0	3.0	significant_and_absolute_z_at_least_2	significant_response_l1_gain		no_state		50.0	0.2	disease_convergence			
analyses/multiverse/results/validation_unavailable.csv			disease labels are tied to the source study cluster resolution					200.0	1.0	significant	distal_gene_count_residual		minimal		15.0	0.05	disease_convergence			
analyses/multiverse/results/validation_unavailable.csv			disease labels are tied to the source study cluster resolution					200.0	1.0	significant	distal_gene_count_residual		minimal		50.0	0.05	disease_convergence			
analyses/multiverse/results/validation_unavailable.csv			disease labels are tied to the source study cluster resolution					200.0	1.0	significant	distal_gene_count_residual		observability		15.0	0.05	disease_convergence			
analyses/multiverse/results/validation_unavailable.csv			disease labels are tied to the source study cluster resolution					200.0	1.0	significant	distal_gene_count_residual		observability		50.0	0.05	disease_convergence			
analyses/multiverse/results/validation_unavailable.csv			disease labels are tied to the source study cluster resolution					200.0	1.0	significant	distal_gene_count_residual		reproducibility		15.0	0.05	disease_convergence			
analyses/multiverse/results/validation_unavailable.csv			disease labels are tied to the source study cluster resolution					200.0	1.0	significant	distal_gene_count_residual		reproducibility		50.0	0.05	disease_convergence			
analyses/multiverse/results/validation_unavailable.csv			disease labels are tied to the source study cluster resolution					200.0	1.0	significant	distal_gene_count_residual		no_state		15.0	0.05	disease_convergence			
analyses/multiverse/results/validation_unavailable.csv			disease labels are tied to the source study cluster resolution					200.0	1.0	significant	distal_gene_count_residual		no_state		50.0	0.05	disease_convergence			
analyses/multiverse/results/validation_unavailable.csv			disease labels are tied to the source study cluster resolution					200.0	1.0	significant	distal_gene_count_residual		minimal		15.0	0.1	disease_convergence			
analyses/multiverse/results/validation_unavailable.csv			disease labels are tied to the source study cluster resolution					200.0	1.0	significant	distal_gene_count_residual		minimal		50.0	0.1	disease_convergence			
analyses/multiverse/results/validation_unavailable.csv			disease labels are tied to the source study cluster resolution					200.0	1.0	significant	distal_gene_count_residual		observability		15.0	0.1	disease_convergence			
analyses/multiverse/results/validation_unavailable.csv			disease labels are tied to the source study cluster resolution					200.0	1.0	significant	distal_gene_count_residual		observability		50.0	0.1	disease_convergence			
analyses/multiverse/results/validation_unavailable.csv			disease labels are tied to the source study cluster resolution					200.0	1.0	significant	distal_gene_count_residual		reproducibility		15.0	0.1	disease_convergence			
analyses/multiverse/results/validation_unavailable.csv			disease labels are tied to the source study cluster resolution					200.0	1.0	significant	distal_gene_count_residual		reproducibility		50.0	0.1	disease_convergence			
analyses/multiverse/results/validation_unavailable.csv			disease labels are tied to the source study cluster resolution					200.0	1.0	significant	distal_gene_count_residual		no_state		15.0	0.1	disease_convergence			
analyses/multiverse/results/validation_unavailable.csv			disease labels are tied to the source study cluster resolution					200.0	1.0	significant	distal_gene_count_residual		no_state		50.0	0.1	disease_convergence			
analyses/multiverse/results/validation_unavailable.csv			disease labels are tied to the source study cluster resolution					200.0	1.0	significant	distal_gene_count_residual		minimal		15.0	0.15	disease_convergence			
analyses/multiverse/results/validation_unavailable.csv			disease labels are tied to the source study cluster resolution					200.0	1.0	significant	distal_gene_count_residual		minimal		50.0	0.15	disease_convergence			
analyses/multiverse/results/validation_unavailable.csv			disease labels are tied to the source study cluster resolution					200.0	1.0	significant	distal_gene_count_residual		observability		15.0	0.15	disease_convergence			
analyses/multiverse/results/validation_unavailable.csv			disease labels are tied to the source study cluster resolution					200.0	1.0	significant	distal_gene_count_residual		observability		50.0	0.15	disease_convergence			
analyses/multiverse/results/validation_unavailable.csv			disease labels are tied to the source study cluster resolution					200.0	1.0	significant	distal_gene_count_residual		reproducibility		15.0	0.15	disease_convergence			
analyses/multiverse/results/validation_unavailable.csv			disease labels are tied to the source study cluster resolution					200.0	1.0	significant	distal_gene_count_residual		reproducibility		50.0	0.15	disease_convergence			
analyses/multiverse/results/validation_unavailable.csv			disease labels are tied to the source study cluster resolution					200.0	1.0	significant	distal_gene_count_residual		no_state		15.0	0.15	disease_convergence			
analyses/multiverse/results/validation_unavailable.csv			disease labels are tied to the source study cluster resolution					200.0	1.0	significant	distal_gene_count_residual		no_state		50.0	0.15	disease_convergence			
analyses/multiverse/results/validation_unavailable.csv			disease labels are tied to the source study cluster resolution					200.0	1.0	significant	distal_gene_count_residual		minimal		15.0	0.2	disease_convergence			
analyses/multiverse/results/validation_unavailable.csv			disease labels are tied to the source study cluster resolution					200.0	1.0	significant	distal_gene_count_residual		minimal		50.0	0.2	disease_convergence			
analyses/multiverse/results/validation_unavailable.csv			disease labels are tied to the source study cluster resolution					200.0	1.0	significant	distal_gene_count_residual		observability		15.0	0.2	disease_convergence			
analyses/multiverse/results/validation_unavailable.csv			disease labels are tied to the source study cluster resolution					200.0	1.0	significant	distal_gene_count_residual		observability		50.0	0.2	disease_convergence			
analyses/multiverse/results/validation_unavailable.csv			disease labels are tied to the source study cluster resolution					200.0	1.0	significant	distal_gene_count_residual		reproducibility		15.0	0.2	disease_convergence			
analyses/multiverse/results/validation_unavailable.csv			disease labels are tied to the source study cluster resolution					200.0	1.0	significant	distal_gene_count_residual		reproducibility		50.0	0.2	disease_convergence			
analyses/multiverse/results/validation_unavailable.csv			disease labels are tied to the source study cluster resolution					200.0	1.0	significant	distal_gene_count_residual		no_state		15.0	0.2	disease_convergence			
analyses/multiverse/results/validation_unavailable.csv			disease labels are tied to the source study cluster resolution					200.0	1.0	significant	distal_gene_count_residual		no_state		50.0	0.2	disease_convergence			
analyses/multiverse/results/validation_unavailable.csv			disease labels are tied to the source study cluster resolution					200.0	1.0	significant	debiased_response_l2_gain		minimal		15.0	0.05	disease_convergence			
analyses/multiverse/results/validation_unavailable.csv			disease labels are tied to the source study cluster resolution					200.0	1.0	significant	debiased_response_l2_gain		minimal		50.0	0.05	disease_convergence			
analyses/multiverse/results/validation_unavailable.csv			disease labels are tied to the source study cluster resolution					200.0	1.0	significant	debiased_response_l2_gain		observability		15.0	0.05	disease_convergence			
analyses/multiverse/results/validation_unavailable.csv			disease labels are tied to the source study cluster resolution					200.0	1.0	significant	debiased_response_l2_gain		observability		50.0	0.05	disease_convergence			
analyses/multiverse/results/validation_unavailable.csv			disease labels are tied to the source study cluster resolution					200.0	1.0	significant	debiased_response_l2_gain		reproducibility		15.0	0.05	disease_convergence			
analyses/multiverse/results/validation_unavailable.csv			disease labels are tied to the source study cluster resolution					200.0	1.0	significant	debiased_response_l2_gain		reproducibility		50.0	0.05	disease_convergence			
analyses/multiverse/results/validation_unavailable.csv			disease labels are tied to the source study cluster resolution					200.0	1.0	significant	debiased_response_l2_gain		no_state		15.0	0.05	disease_convergence			
analyses/multiverse/results/validation_unavailable.csv			disease labels are tied to the source study cluster resolution					200.0	1.0	significant	debiased_response_l2_gain		no_state		50.0	0.05	disease_convergence			
analyses/multiverse/results/validation_unavailable.csv			disease labels are tied to the source study cluster resolution					200.0	1.0	significant	debiased_response_l2_gain		minimal		15.0	0.1	disease_convergence			
analyses/multiverse/results/validation_unavailable.csv			disease labels are tied to the source study cluster resolution					200.0	1.0	significant	debiased_response_l2_gain		minimal		50.0	0.1	disease_convergence			
analyses/multiverse/results/validation_unavailable.csv			disease labels are tied to the source study cluster resolution					200.0	1.0	significant	debiased_response_l2_gain		observability		15.0	0.1	disease_convergence			
analyses/multiverse/results/validation_unavailable.csv			disease labels are tied to the source study cluster resolution					200.0	1.0	significant	debiased_response_l2_gain		observability		50.0	0.1	disease_convergence			
analyses/multiverse/results/validation_unavailable.csv			disease labels are tied to the source study cluster resolution					200.0	1.0	significant	debiased_response_l2_gain		reproducibility		15.0	0.1	disease_convergence			
analyses/multiverse/results/validation_unavailable.csv			disease labels are tied to the source study cluster resolution					200.0	1.0	significant	debiased_response_l2_gain		reproducibility		50.0	0.1	disease_convergence			
analyses/multiverse/results/validation_unavailable.csv			disease labels are tied to the source study cluster resolution					200.0	1.0	significant	debiased_response_l2_gain		no_state		15.0	0.1	disease_convergence			
analyses/multiverse/results/validation_unavailable.csv			disease labels are tied to the source study cluster resolution					200.0	1.0	significant	debiased_response_l2_gain		no_state		50.0	0.1	disease_convergence			
analyses/multiverse/results/validation_unavailable.csv			disease labels are tied to the source study cluster resolution					200.0	1.0	significant	debiased_response_l2_gain		minimal		15.0	0.15	disease_convergence			
analyses/multiverse/results/validation_unavailable.csv			disease labels are tied to the source study cluster resolution					200.0	1.0	significant	debiased_response_l2_gain		minimal		50.0	0.15	disease_convergence			
analyses/multiverse/results/validation_unavailable.csv			disease labels are tied to the source study cluster resolution					200.0	1.0	significant	debiased_response_l2_gain		observability		15.0	0.15	disease_convergence			
analyses/multiverse/results/validation_unavailable.csv			disease labels are tied to the source study cluster resolution					200.0	1.0	significant	debiased_response_l2_gain		observability		50.0	0.15	disease_convergence			
analyses/multiverse/results/validation_unavailable.csv			disease labels are tied to the source study cluster resolution					200.0	1.0	significant	debiased_response_l2_gain		reproducibility		15.0	0.15	disease_convergence			
analyses/multiverse/results/validation_unavailable.csv			disease labels are tied to the source study cluster resolution					200.0	1.0	significant	debiased_response_l2_gain		reproducibility		50.0	0.15	disease_convergence			
analyses/multiverse/results/validation_unavailable.csv			disease labels are tied to the source study cluster resolution					200.0	1.0	significant	debiased_response_l2_gain		no_state		15.0	0.15	disease_convergence			
analyses/multiverse/results/validation_unavailable.csv			disease labels are tied to the source study cluster resolution					200.0	1.0	significant	debiased_response_l2_gain		no_state		50.0	0.15	disease_convergence			
analyses/multiverse/results/validation_unavailable.csv			disease labels are tied to the source study cluster resolution					200.0	1.0	significant	debiased_response_l2_gain		minimal		15.0	0.2	disease_convergence			
analyses/multiverse/results/validation_unavailable.csv			disease labels are tied to the source study cluster resolution					200.0	1.0	significant	debiased_response_l2_gain		minimal		50.0	0.2	disease_convergence			
analyses/multiverse/results/validation_unavailable.csv			disease labels are tied to the source study cluster resolution					200.0	1.0	significant	debiased_response_l2_gain		observability		15.0	0.2	disease_convergence			
analyses/multiverse/results/validation_unavailable.csv			disease labels are tied to the source study cluster resolution					200.0	1.0	significant	debiased_response_l2_gain		observability		50.0	0.2	disease_convergence			
analyses/multiverse/results/validation_unavailable.csv			disease labels are tied to the source study cluster resolution					200.0	1.0	significant	debiased_response_l2_gain		reproducibility		15.0	0.2	disease_convergence			
analyses/multiverse/results/validation_unavailable.csv			disease labels are tied to the source study cluster resolution					200.0	1.0	significant	debiased_response_l2_gain		reproducibility		50.0	0.2	disease_convergence			
analyses/multiverse/results/validation_unavailable.csv			disease labels are tied to the source study cluster resolution					200.0	1.0	significant	debiased_response_l2_gain		no_state		15.0	0.2	disease_convergence			
analyses/multiverse/results/validation_unavailable.csv			disease labels are tied to the source study cluster resolution					200.0	1.0	significant	debiased_response_l2_gain		no_state		50.0	0.2	disease_convergence			
analyses/multiverse/results/validation_unavailable.csv			disease labels are tied to the source study cluster resolution					200.0	1.0	significant	significant_response_l1_gain		minimal		15.0	0.05	disease_convergence			
analyses/multiverse/results/validation_unavailable.csv			disease labels are tied to the source study cluster resolution					200.0	1.0	significant	significant_response_l1_gain		minimal		50.0	0.05	disease_convergence			
analyses/multiverse/results/validation_unavailable.csv			disease labels are tied to the source study cluster resolution					200.0	1.0	significant	significant_response_l1_gain		observability		15.0	0.05	disease_convergence			
analyses/multiverse/results/validation_unavailable.csv			disease labels are tied to the source study cluster resolution					200.0	1.0	significant	significant_response_l1_gain		observability		50.0	0.05	disease_convergence			
analyses/multiverse/results/validation_unavailable.csv			disease labels are tied to the source study cluster resolution					200.0	1.0	significant	significant_response_l1_gain		reproducibility		15.0	0.05	disease_convergence			
analyses/multiverse/results/validation_unavailable.csv			disease labels are tied to the source study cluster resolution					200.0	1.0	significant	significant_response_l1_gain		reproducibility		50.0	0.05	disease_convergence			
analyses/multiverse/results/validation_unavailable.csv			disease labels are tied to the source study cluster resolution					200.0	1.0	significant	significant_response_l1_gain		no_state		15.0	0.05	disease_convergence			
analyses/multiverse/results/validation_unavailable.csv			disease labels are tied to the source study cluster resolution					200.0	1.0	significant	significant_response_l1_gain		no_state		50.0	0.05	disease_convergence			
analyses/multiverse/results/validation_unavailable.csv			disease labels are tied to the source study cluster resolution					200.0	1.0	significant	significant_response_l1_gain		minimal		15.0	0.1	disease_convergence			
analyses/multiverse/results/validation_unavailable.csv			disease labels are tied to the source study cluster resolution					200.0	1.0	significant	significant_response_l1_gain		minimal		50.0	0.1	disease_convergence			
analyses/multiverse/results/validation_unavailable.csv			disease labels are tied to the source study cluster resolution					200.0	1.0	significant	significant_response_l1_gain		observability		15.0	0.1	disease_convergence			
analyses/multiverse/results/validation_unavailable.csv			disease labels are tied to the source study cluster resolution					200.0	1.0	significant	significant_response_l1_gain		observability		50.0	0.1	disease_convergence			
analyses/multiverse/results/validation_unavailable.csv			disease labels are tied to the source study cluster resolution					200.0	1.0	significant	significant_response_l1_gain		reproducibility		15.0	0.1	disease_convergence			
analyses/multiverse/results/validation_unavailable.csv			disease labels are tied to the source study cluster resolution					200.0	1.0	significant	significant_response_l1_gain		reproducibility		50.0	0.1	disease_convergence			
analyses/multiverse/results/validation_unavailable.csv			disease labels are tied to the source study cluster resolution					200.0	1.0	significant	significant_response_l1_gain		no_state		15.0	0.1	disease_convergence			
analyses/multiverse/results/validation_unavailable.csv			disease labels are tied to the source study cluster resolution					200.0	1.0	significant	significant_response_l1_gain		no_state		50.0	0.1	disease_convergence			
analyses/multiverse/results/validation_unavailable.csv			disease labels are tied to the source study cluster resolution					200.0	1.0	significant	significant_response_l1_gain		minimal		15.0	0.15	disease_convergence			
analyses/multiverse/results/validation_unavailable.csv			disease labels are tied to the source study cluster resolution					200.0	1.0	significant	significant_response_l1_gain		minimal		50.0	0.15	disease_convergence			
analyses/multiverse/results/validation_unavailable.csv			disease labels are tied to the source study cluster resolution					200.0	1.0	significant	significant_response_l1_gain		observability		15.0	0.15	disease_convergence			
analyses/multiverse/results/validation_unavailable.csv			disease labels are tied to the source study cluster resolution					200.0	1.0	significant	significant_response_l1_gain		observability		50.0	0.15	disease_convergence			
analyses/multiverse/results/validation_unavailable.csv			disease labels are tied to the source study cluster resolution					200.0	1.0	significant	significant_response_l1_gain		reproducibility		15.0	0.15	disease_convergence			
analyses/multiverse/results/validation_unavailable.csv			disease labels are tied to the source study cluster resolution					200.0	1.0	significant	significant_response_l1_gain		reproducibility		50.0	0.15	disease_convergence			
analyses/multiverse/results/validation_unavailable.csv			disease labels are tied to the source study cluster resolution					200.0	1.0	significant	significant_response_l1_gain		no_state		15.0	0.15	disease_convergence			
analyses/multiverse/results/validation_unavailable.csv			disease labels are tied to the source study cluster resolution					200.0	1.0	significant	significant_response_l1_gain		no_state		50.0	0.15	disease_convergence			
analyses/multiverse/results/validation_unavailable.csv			disease labels are tied to the source study cluster resolution					200.0	1.0	significant	significant_response_l1_gain		minimal		15.0	0.2	disease_convergence			
analyses/multiverse/results/validation_unavailable.csv			disease labels are tied to the source study cluster resolution					200.0	1.0	significant	significant_response_l1_gain		minimal		50.0	0.2	disease_convergence			
analyses/multiverse/results/validation_unavailable.csv			disease labels are tied to the source study cluster resolution					200.0	1.0	significant	significant_response_l1_gain		observability		15.0	0.2	disease_convergence			
analyses/multiverse/results/validation_unavailable.csv			disease labels are tied to the source study cluster resolution					200.0	1.0	significant	significant_response_l1_gain		observability		50.0	0.2	disease_convergence			
analyses/multiverse/results/validation_unavailable.csv			disease labels are tied to the source study cluster resolution					200.0	1.0	significant	significant_response_l1_gain		reproducibility		15.0	0.2	disease_convergence			
analyses/multiverse/results/validation_unavailable.csv			disease labels are tied to the source study cluster resolution					200.0	1.0	significant	significant_response_l1_gain		reproducibility		50.0	0.2	disease_convergence			
analyses/multiverse/results/validation_unavailable.csv			disease labels are tied to the source study cluster resolution					200.0	1.0	significant	significant_response_l1_gain		no_state		15.0	0.2	disease_convergence			
analyses/multiverse/results/validation_unavailable.csv			disease labels are tied to the source study cluster resolution					200.0	1.0	significant	significant_response_l1_gain		no_state		50.0	0.2	disease_convergence			
analyses/multiverse/results/validation_unavailable.csv			disease labels are tied to the source study cluster resolution					200.0	1.0	significant_and_absolute_z_at_least_2	distal_gene_count_residual		minimal		15.0	0.05	disease_convergence			
analyses/multiverse/results/validation_unavailable.csv			disease labels are tied to the source study cluster resolution					200.0	1.0	significant_and_absolute_z_at_least_2	distal_gene_count_residual		minimal		50.0	0.05	disease_convergence			
analyses/multiverse/results/validation_unavailable.csv			disease labels are tied to the source study cluster resolution					200.0	1.0	significant_and_absolute_z_at_least_2	distal_gene_count_residual		observability		15.0	0.05	disease_convergence			
analyses/multiverse/results/validation_unavailable.csv			disease labels are tied to the source study cluster resolution					200.0	1.0	significant_and_absolute_z_at_least_2	distal_gene_count_residual		observability		50.0	0.05	disease_convergence			
analyses/multiverse/results/validation_unavailable.csv			disease labels are tied to the source study cluster resolution					200.0	1.0	significant_and_absolute_z_at_least_2	distal_gene_count_residual		reproducibility		15.0	0.05	disease_convergence			
analyses/multiverse/results/validation_unavailable.csv			disease labels are tied to the source study cluster resolution					200.0	1.0	significant_and_absolute_z_at_least_2	distal_gene_count_residual		reproducibility		50.0	0.05	disease_convergence			
analyses/multiverse/results/validation_unavailable.csv			disease labels are tied to the source study cluster resolution					200.0	1.0	significant_and_absolute_z_at_least_2	distal_gene_count_residual		no_state		15.0	0.05	disease_convergence			
analyses/multiverse/results/validation_unavailable.csv			disease labels are tied to the source study cluster resolution					200.0	1.0	significant_and_absolute_z_at_least_2	distal_gene_count_residual		no_state		50.0	0.05	disease_convergence			
analyses/multiverse/results/validation_unavailable.csv			disease labels are tied to the source study cluster resolution					200.0	1.0	significant_and_absolute_z_at_least_2	distal_gene_count_residual		minimal		15.0	0.1	disease_convergence			
analyses/multiverse/results/validation_unavailable.csv			disease labels are tied to the source study cluster resolution					200.0	1.0	significant_and_absolute_z_at_least_2	distal_gene_count_residual		minimal		50.0	0.1	disease_convergence			
analyses/multiverse/results/validation_unavailable.csv			disease labels are tied to the source study cluster resolution					200.0	1.0	significant_and_absolute_z_at_least_2	distal_gene_count_residual		observability		15.0	0.1	disease_convergence			
analyses/multiverse/results/validation_unavailable.csv			disease labels are tied to the source study cluster resolution					200.0	1.0	significant_and_absolute_z_at_least_2	distal_gene_count_residual		observability		50.0	0.1	disease_convergence			
analyses/multiverse/results/validation_unavailable.csv			disease labels are tied to the source study cluster resolution					200.0	1.0	significant_and_absolute_z_at_least_2	distal_gene_count_residual		reproducibility		15.0	0.1	disease_convergence			
analyses/multiverse/results/validation_unavailable.csv			disease labels are tied to the source study cluster resolution					200.0	1.0	significant_and_absolute_z_at_least_2	distal_gene_count_residual		reproducibility		50.0	0.1	disease_convergence			
analyses/multiverse/results/validation_unavailable.csv			disease labels are tied to the source study cluster resolution					200.0	1.0	significant_and_absolute_z_at_least_2	distal_gene_count_residual		no_state		15.0	0.1	disease_convergence			
analyses/multiverse/results/validation_unavailable.csv			disease labels are tied to the source study cluster resolution					200.0	1.0	significant_and_absolute_z_at_least_2	distal_gene_count_residual		no_state		50.0	0.1	disease_convergence			
analyses/multiverse/results/validation_unavailable.csv			disease labels are tied to the source study cluster resolution					200.0	1.0	significant_and_absolute_z_at_least_2	distal_gene_count_residual		minimal		15.0	0.15	disease_convergence			
analyses/multiverse/results/validation_unavailable.csv			disease labels are tied to the source study cluster resolution					200.0	1.0	significant_and_absolute_z_at_least_2	distal_gene_count_residual		minimal		50.0	0.15	disease_convergence			
analyses/multiverse/results/validation_unavailable.csv			disease labels are tied to the source study cluster resolution					200.0	1.0	significant_and_absolute_z_at_least_2	distal_gene_count_residual		observability		15.0	0.15	disease_convergence			
analyses/multiverse/results/validation_unavailable.csv			disease labels are tied to the source study cluster resolution					200.0	1.0	significant_and_absolute_z_at_least_2	distal_gene_count_residual		observability		50.0	0.15	disease_convergence			
analyses/multiverse/results/validation_unavailable.csv			disease labels are tied to the source study cluster resolution					200.0	1.0	significant_and_absolute_z_at_least_2	distal_gene_count_residual		reproducibility		15.0	0.15	disease_convergence			
analyses/multiverse/results/validation_unavailable.csv			disease labels are tied to the source study cluster resolution					200.0	1.0	significant_and_absolute_z_at_least_2	distal_gene_count_residual		reproducibility		50.0	0.15	disease_convergence			
analyses/multiverse/results/validation_unavailable.csv			disease labels are tied to the source study cluster resolution					200.0	1.0	significant_and_absolute_z_at_least_2	distal_gene_count_residual		no_state		15.0	0.15	disease_convergence			
analyses/multiverse/results/validation_unavailable.csv			disease labels are tied to the source study cluster resolution					200.0	1.0	significant_and_absolute_z_at_least_2	distal_gene_count_residual		no_state		50.0	0.15	disease_convergence			
analyses/multiverse/results/validation_unavailable.csv			disease labels are tied to the source study cluster resolution					200.0	1.0	significant_and_absolute_z_at_least_2	distal_gene_count_residual		minimal		15.0	0.2	disease_convergence			
analyses/multiverse/results/validation_unavailable.csv			disease labels are tied to the source study cluster resolution					200.0	1.0	significant_and_absolute_z_at_least_2	distal_gene_count_residual		minimal		50.0	0.2	disease_convergence			
analyses/multiverse/results/validation_unavailable.csv			disease labels are tied to the source study cluster resolution					200.0	1.0	significant_and_absolute_z_at_least_2	distal_gene_count_residual		observability		15.0	0.2	disease_convergence			
analyses/multiverse/results/validation_unavailable.csv			disease labels are tied to the source study cluster resolution					200.0	1.0	significant_and_absolute_z_at_least_2	distal_gene_count_residual		observability		50.0	0.2	disease_convergence			
analyses/multiverse/results/validation_unavailable.csv			disease labels are tied to the source study cluster resolution					200.0	1.0	significant_and_absolute_z_at_least_2	distal_gene_count_residual		reproducibility		15.0	0.2	disease_convergence			
analyses/multiverse/results/validation_unavailable.csv			disease labels are tied to the source study cluster resolution					200.0	1.0	significant_and_absolute_z_at_least_2	distal_gene_count_residual		reproducibility		50.0	0.2	disease_convergence			
analyses/multiverse/results/validation_unavailable.csv			disease labels are tied to the source study cluster resolution					200.0	1.0	significant_and_absolute_z_at_least_2	distal_gene_count_residual		no_state		15.0	0.2	disease_convergence			
analyses/multiverse/results/validation_unavailable.csv			disease labels are tied to the source study cluster resolution					200.0	1.0	significant_and_absolute_z_at_least_2	distal_gene_count_residual		no_state		50.0	0.2	disease_convergence			
analyses/multiverse/results/validation_unavailable.csv			disease labels are tied to the source study cluster resolution					200.0	1.0	significant_and_absolute_z_at_least_2	debiased_response_l2_gain		minimal		15.0	0.05	disease_convergence			
analyses/multiverse/results/validation_unavailable.csv			disease labels are tied to the source study cluster resolution					200.0	1.0	significant_and_absolute_z_at_least_2	debiased_response_l2_gain		minimal		50.0	0.05	disease_convergence			
analyses/multiverse/results/validation_unavailable.csv			disease labels are tied to the source study cluster resolution					200.0	1.0	significant_and_absolute_z_at_least_2	debiased_response_l2_gain		observability		15.0	0.05	disease_convergence			
analyses/multiverse/results/validation_unavailable.csv			disease labels are tied to the source study cluster resolution					200.0	1.0	significant_and_absolute_z_at_least_2	debiased_response_l2_gain		observability		50.0	0.05	disease_convergence			
analyses/multiverse/results/validation_unavailable.csv			disease labels are tied to the source study cluster resolution					200.0	1.0	significant_and_absolute_z_at_least_2	debiased_response_l2_gain		reproducibility		15.0	0.05	disease_convergence			
analyses/multiverse/results/validation_unavailable.csv			disease labels are tied to the source study cluster resolution					200.0	1.0	significant_and_absolute_z_at_least_2	debiased_response_l2_gain		reproducibility		50.0	0.05	disease_convergence			
analyses/multiverse/results/validation_unavailable.csv			disease labels are tied to the source study cluster resolution					200.0	1.0	significant_and_absolute_z_at_least_2	debiased_response_l2_gain		no_state		15.0	0.05	disease_convergence			
analyses/multiverse/results/validation_unavailable.csv			disease labels are tied to the source study cluster resolution					200.0	1.0	significant_and_absolute_z_at_least_2	debiased_response_l2_gain		no_state		50.0	0.05	disease_convergence			
analyses/multiverse/results/validation_unavailable.csv			disease labels are tied to the source study cluster resolution					200.0	1.0	significant_and_absolute_z_at_least_2	debiased_response_l2_gain		minimal		15.0	0.1	disease_convergence			
analyses/multiverse/results/validation_unavailable.csv			disease labels are tied to the source study cluster resolution					200.0	1.0	significant_and_absolute_z_at_least_2	debiased_response_l2_gain		minimal		50.0	0.1	disease_convergence			
analyses/multiverse/results/validation_unavailable.csv			disease labels are tied to the source study cluster resolution					200.0	1.0	significant_and_absolute_z_at_least_2	debiased_response_l2_gain		observability		15.0	0.1	disease_convergence			
analyses/multiverse/results/validation_unavailable.csv			disease labels are tied to the source study cluster resolution					200.0	1.0	significant_and_absolute_z_at_least_2	debiased_response_l2_gain		observability		50.0	0.1	disease_convergence			
analyses/multiverse/results/validation_unavailable.csv			disease labels are tied to the source study cluster resolution					200.0	1.0	significant_and_absolute_z_at_least_2	debiased_response_l2_gain		reproducibility		15.0	0.1	disease_convergence			
analyses/multiverse/results/validation_unavailable.csv			disease labels are tied to the source study cluster resolution					200.0	1.0	significant_and_absolute_z_at_least_2	debiased_response_l2_gain		reproducibility		50.0	0.1	disease_convergence			
analyses/multiverse/results/validation_unavailable.csv			disease labels are tied to the source study cluster resolution					200.0	1.0	significant_and_absolute_z_at_least_2	debiased_response_l2_gain		no_state		15.0	0.1	disease_convergence			
analyses/multiverse/results/validation_unavailable.csv			disease labels are tied to the source study cluster resolution					200.0	1.0	significant_and_absolute_z_at_least_2	debiased_response_l2_gain		no_state		50.0	0.1	disease_convergence			
analyses/multiverse/results/validation_unavailable.csv			disease labels are tied to the source study cluster resolution					200.0	1.0	significant_and_absolute_z_at_least_2	debiased_response_l2_gain		minimal		15.0	0.15	disease_convergence			
analyses/multiverse/results/validation_unavailable.csv			disease labels are tied to the source study cluster resolution					200.0	1.0	significant_and_absolute_z_at_least_2	debiased_response_l2_gain		minimal		50.0	0.15	disease_convergence			
analyses/multiverse/results/validation_unavailable.csv			disease labels are tied to the source study cluster resolution					200.0	1.0	significant_and_absolute_z_at_least_2	debiased_response_l2_gain		observability		15.0	0.15	disease_convergence			
analyses/multiverse/results/validation_unavailable.csv			disease labels are tied to the source study cluster resolution					200.0	1.0	significant_and_absolute_z_at_least_2	debiased_response_l2_gain		observability		50.0	0.15	disease_convergence			
analyses/multiverse/results/validation_unavailable.csv			disease labels are tied to the source study cluster resolution					200.0	1.0	significant_and_absolute_z_at_least_2	debiased_response_l2_gain		reproducibility		15.0	0.15	disease_convergence			
analyses/multiverse/results/validation_unavailable.csv			disease labels are tied to the source study cluster resolution					200.0	1.0	significant_and_absolute_z_at_least_2	debiased_response_l2_gain		reproducibility		50.0	0.15	disease_convergence			
analyses/multiverse/results/validation_unavailable.csv			disease labels are tied to the source study cluster resolution					200.0	1.0	significant_and_absolute_z_at_least_2	debiased_response_l2_gain		no_state		15.0	0.15	disease_convergence			
analyses/multiverse/results/validation_unavailable.csv			disease labels are tied to the source study cluster resolution					200.0	1.0	significant_and_absolute_z_at_least_2	debiased_response_l2_gain		no_state		50.0	0.15	disease_convergence			
analyses/multiverse/results/validation_unavailable.csv			disease labels are tied to the source study cluster resolution					200.0	1.0	significant_and_absolute_z_at_least_2	debiased_response_l2_gain		minimal		15.0	0.2	disease_convergence			
analyses/multiverse/results/validation_unavailable.csv			disease labels are tied to the source study cluster resolution					200.0	1.0	significant_and_absolute_z_at_least_2	debiased_response_l2_gain		minimal		50.0	0.2	disease_convergence			
analyses/multiverse/results/validation_unavailable.csv			disease labels are tied to the source study cluster resolution					200.0	1.0	significant_and_absolute_z_at_least_2	debiased_response_l2_gain		observability		15.0	0.2	disease_convergence			
analyses/multiverse/results/validation_unavailable.csv			disease labels are tied to the source study cluster resolution					200.0	1.0	significant_and_absolute_z_at_least_2	debiased_response_l2_gain		observability		50.0	0.2	disease_convergence			
analyses/multiverse/results/validation_unavailable.csv			disease labels are tied to the source study cluster resolution					200.0	1.0	significant_and_absolute_z_at_least_2	debiased_response_l2_gain		reproducibility		15.0	0.2	disease_convergence			
analyses/multiverse/results/validation_unavailable.csv			disease labels are tied to the source study cluster resolution					200.0	1.0	significant_and_absolute_z_at_least_2	debiased_response_l2_gain		reproducibility		50.0	0.2	disease_convergence			
analyses/multiverse/results/validation_unavailable.csv			disease labels are tied to the source study cluster resolution					200.0	1.0	significant_and_absolute_z_at_least_2	debiased_response_l2_gain		no_state		15.0	0.2	disease_convergence			
analyses/multiverse/results/validation_unavailable.csv			disease labels are tied to the source study cluster resolution					200.0	1.0	significant_and_absolute_z_at_least_2	debiased_response_l2_gain		no_state		50.0	0.2	disease_convergence			
analyses/multiverse/results/validation_unavailable.csv			disease labels are tied to the source study cluster resolution					200.0	1.0	significant_and_absolute_z_at_least_2	significant_response_l1_gain		minimal		15.0	0.05	disease_convergence			
analyses/multiverse/results/validation_unavailable.csv			disease labels are tied to the source study cluster resolution					200.0	1.0	significant_and_absolute_z_at_least_2	significant_response_l1_gain		minimal		50.0	0.05	disease_convergence			
analyses/multiverse/results/validation_unavailable.csv			disease labels are tied to the source study cluster resolution					200.0	1.0	significant_and_absolute_z_at_least_2	significant_response_l1_gain		observability		15.0	0.05	disease_convergence			
analyses/multiverse/results/validation_unavailable.csv			disease labels are tied to the source study cluster resolution					200.0	1.0	significant_and_absolute_z_at_least_2	significant_response_l1_gain		observability		50.0	0.05	disease_convergence			
analyses/multiverse/results/validation_unavailable.csv			disease labels are tied to the source study cluster resolution					200.0	1.0	significant_and_absolute_z_at_least_2	significant_response_l1_gain		reproducibility		15.0	0.05	disease_convergence			
analyses/multiverse/results/validation_unavailable.csv			disease labels are tied to the source study cluster resolution					200.0	1.0	significant_and_absolute_z_at_least_2	significant_response_l1_gain		reproducibility		50.0	0.05	disease_convergence			
analyses/multiverse/results/validation_unavailable.csv			disease labels are tied to the source study cluster resolution					200.0	1.0	significant_and_absolute_z_at_least_2	significant_response_l1_gain		no_state		15.0	0.05	disease_convergence			
analyses/multiverse/results/validation_unavailable.csv			disease labels are tied to the source study cluster resolution					200.0	1.0	significant_and_absolute_z_at_least_2	significant_response_l1_gain		no_state		50.0	0.05	disease_convergence			
analyses/multiverse/results/validation_unavailable.csv			disease labels are tied to the source study cluster resolution					200.0	1.0	significant_and_absolute_z_at_least_2	significant_response_l1_gain		minimal		15.0	0.1	disease_convergence			
analyses/multiverse/results/validation_unavailable.csv			disease labels are tied to the source study cluster resolution					200.0	1.0	significant_and_absolute_z_at_least_2	significant_response_l1_gain		minimal		50.0	0.1	disease_convergence			
analyses/multiverse/results/validation_unavailable.csv			disease labels are tied to the source study cluster resolution					200.0	1.0	significant_and_absolute_z_at_least_2	significant_response_l1_gain		observability		15.0	0.1	disease_convergence			
analyses/multiverse/results/validation_unavailable.csv			disease labels are tied to the source study cluster resolution					200.0	1.0	significant_and_absolute_z_at_least_2	significant_response_l1_gain		observability		50.0	0.1	disease_convergence			
analyses/multiverse/results/validation_unavailable.csv			disease labels are tied to the source study cluster resolution					200.0	1.0	significant_and_absolute_z_at_least_2	significant_response_l1_gain		reproducibility		15.0	0.1	disease_convergence			
analyses/multiverse/results/validation_unavailable.csv			disease labels are tied to the source study cluster resolution					200.0	1.0	significant_and_absolute_z_at_least_2	significant_response_l1_gain		reproducibility		50.0	0.1	disease_convergence			
analyses/multiverse/results/validation_unavailable.csv			disease labels are tied to the source study cluster resolution					200.0	1.0	significant_and_absolute_z_at_least_2	significant_response_l1_gain		no_state		15.0	0.1	disease_convergence			
analyses/multiverse/results/validation_unavailable.csv			disease labels are tied to the source study cluster resolution					200.0	1.0	significant_and_absolute_z_at_least_2	significant_response_l1_gain		no_state		50.0	0.1	disease_convergence			
analyses/multiverse/results/validation_unavailable.csv			disease labels are tied to the source study cluster resolution					200.0	1.0	significant_and_absolute_z_at_least_2	significant_response_l1_gain		minimal		15.0	0.15	disease_convergence			
analyses/multiverse/results/validation_unavailable.csv			disease labels are tied to the source study cluster resolution					200.0	1.0	significant_and_absolute_z_at_least_2	significant_response_l1_gain		minimal		50.0	0.15	disease_convergence			
analyses/multiverse/results/validation_unavailable.csv			disease labels are tied to the source study cluster resolution					200.0	1.0	significant_and_absolute_z_at_least_2	significant_response_l1_gain		observability		15.0	0.15	disease_convergence			
analyses/multiverse/results/validation_unavailable.csv			disease labels are tied to the source study cluster resolution					200.0	1.0	significant_and_absolute_z_at_least_2	significant_response_l1_gain		observability		50.0	0.15	disease_convergence			
analyses/multiverse/results/validation_unavailable.csv			disease labels are tied to the source study cluster resolution					200.0	1.0	significant_and_absolute_z_at_least_2	significant_response_l1_gain		reproducibility		15.0	0.15	disease_convergence			
analyses/multiverse/results/validation_unavailable.csv			disease labels are tied to the source study cluster resolution					200.0	1.0	significant_and_absolute_z_at_least_2	significant_response_l1_gain		reproducibility		50.0	0.15	disease_convergence			
analyses/multiverse/results/validation_unavailable.csv			disease labels are tied to the source study cluster resolution					200.0	1.0	significant_and_absolute_z_at_least_2	significant_response_l1_gain		no_state		15.0	0.15	disease_convergence			
analyses/multiverse/results/validation_unavailable.csv			disease labels are tied to the source study cluster resolution					200.0	1.0	significant_and_absolute_z_at_least_2	significant_response_l1_gain		no_state		50.0	0.15	disease_convergence			
analyses/multiverse/results/validation_unavailable.csv			disease labels are tied to the source study cluster resolution					200.0	1.0	significant_and_absolute_z_at_least_2	significant_response_l1_gain		minimal		15.0	0.2	disease_convergence			
analyses/multiverse/results/validation_unavailable.csv			disease labels are tied to the source study cluster resolution					200.0	1.0	significant_and_absolute_z_at_least_2	significant_response_l1_gain		minimal		50.0	0.2	disease_convergence			
analyses/multiverse/results/validation_unavailable.csv			disease labels are tied to the source study cluster resolution					200.0	1.0	significant_and_absolute_z_at_least_2	significant_response_l1_gain		observability		15.0	0.2	disease_convergence			
analyses/multiverse/results/validation_unavailable.csv			disease labels are tied to the source study cluster resolution					200.0	1.0	significant_and_absolute_z_at_least_2	significant_response_l1_gain		observability		50.0	0.2	disease_convergence			
analyses/multiverse/results/validation_unavailable.csv			disease labels are tied to the source study cluster resolution					200.0	1.0	significant_and_absolute_z_at_least_2	significant_response_l1_gain		reproducibility		15.0	0.2	disease_convergence			
analyses/multiverse/results/validation_unavailable.csv			disease labels are tied to the source study cluster resolution					200.0	1.0	significant_and_absolute_z_at_least_2	significant_response_l1_gain		reproducibility		50.0	0.2	disease_convergence			
analyses/multiverse/results/validation_unavailable.csv			disease labels are tied to the source study cluster resolution					200.0	1.0	significant_and_absolute_z_at_least_2	significant_response_l1_gain		no_state		15.0	0.2	disease_convergence			
analyses/multiverse/results/validation_unavailable.csv			disease labels are tied to the source study cluster resolution					200.0	1.0	significant_and_absolute_z_at_least_2	significant_response_l1_gain		no_state		50.0	0.2	disease_convergence			
analyses/multiverse/results/validation_unavailable.csv			disease labels are tied to the source study cluster resolution					200.0	2.0	significant	distal_gene_count_residual		minimal		15.0	0.05	disease_convergence			
analyses/multiverse/results/validation_unavailable.csv			disease labels are tied to the source study cluster resolution					200.0	2.0	significant	distal_gene_count_residual		minimal		50.0	0.05	disease_convergence			
analyses/multiverse/results/validation_unavailable.csv			disease labels are tied to the source study cluster resolution					200.0	2.0	significant	distal_gene_count_residual		observability		15.0	0.05	disease_convergence			
analyses/multiverse/results/validation_unavailable.csv			disease labels are tied to the source study cluster resolution					200.0	2.0	significant	distal_gene_count_residual		observability		50.0	0.05	disease_convergence			
analyses/multiverse/results/validation_unavailable.csv			disease labels are tied to the source study cluster resolution					200.0	2.0	significant	distal_gene_count_residual		reproducibility		15.0	0.05	disease_convergence			
analyses/multiverse/results/validation_unavailable.csv			disease labels are tied to the source study cluster resolution					200.0	2.0	significant	distal_gene_count_residual		reproducibility		50.0	0.05	disease_convergence			
analyses/multiverse/results/validation_unavailable.csv			disease labels are tied to the source study cluster resolution					200.0	2.0	significant	distal_gene_count_residual		no_state		15.0	0.05	disease_convergence			
analyses/multiverse/results/validation_unavailable.csv			disease labels are tied to the source study cluster resolution					200.0	2.0	significant	distal_gene_count_residual		no_state		50.0	0.05	disease_convergence			
analyses/multiverse/results/validation_unavailable.csv			disease labels are tied to the source study cluster resolution					200.0	2.0	significant	distal_gene_count_residual		minimal		15.0	0.1	disease_convergence			
analyses/multiverse/results/validation_unavailable.csv			disease labels are tied to the source study cluster resolution					200.0	2.0	significant	distal_gene_count_residual		minimal		50.0	0.1	disease_convergence			
analyses/multiverse/results/validation_unavailable.csv			disease labels are tied to the source study cluster resolution					200.0	2.0	significant	distal_gene_count_residual		observability		15.0	0.1	disease_convergence			
analyses/multiverse/results/validation_unavailable.csv			disease labels are tied to the source study cluster resolution					200.0	2.0	significant	distal_gene_count_residual		observability		50.0	0.1	disease_convergence			
analyses/multiverse/results/validation_unavailable.csv			disease labels are tied to the source study cluster resolution					200.0	2.0	significant	distal_gene_count_residual		reproducibility		15.0	0.1	disease_convergence			
analyses/multiverse/results/validation_unavailable.csv			disease labels are tied to the source study cluster resolution					200.0	2.0	significant	distal_gene_count_residual		reproducibility		50.0	0.1	disease_convergence			
analyses/multiverse/results/validation_unavailable.csv			disease labels are tied to the source study cluster resolution					200.0	2.0	significant	distal_gene_count_residual		no_state		15.0	0.1	disease_convergence			
analyses/multiverse/results/validation_unavailable.csv			disease labels are tied to the source study cluster resolution					200.0	2.0	significant	distal_gene_count_residual		no_state		50.0	0.1	disease_convergence			
analyses/multiverse/results/validation_unavailable.csv			disease labels are tied to the source study cluster resolution					200.0	2.0	significant	distal_gene_count_residual		minimal		15.0	0.15	disease_convergence			
analyses/multiverse/results/validation_unavailable.csv			disease labels are tied to the source study cluster resolution					200.0	2.0	significant	distal_gene_count_residual		minimal		50.0	0.15	disease_convergence			
analyses/multiverse/results/validation_unavailable.csv			disease labels are tied to the source study cluster resolution					200.0	2.0	significant	distal_gene_count_residual		observability		15.0	0.15	disease_convergence			
analyses/multiverse/results/validation_unavailable.csv			disease labels are tied to the source study cluster resolution					200.0	2.0	significant	distal_gene_count_residual		observability		50.0	0.15	disease_convergence			
analyses/multiverse/results/validation_unavailable.csv			disease labels are tied to the source study cluster resolution					200.0	2.0	significant	distal_gene_count_residual		reproducibility		15.0	0.15	disease_convergence			
analyses/multiverse/results/validation_unavailable.csv			disease labels are tied to the source study cluster resolution					200.0	2.0	significant	distal_gene_count_residual		reproducibility		50.0	0.15	disease_convergence			
analyses/multiverse/results/validation_unavailable.csv			disease labels are tied to the source study cluster resolution					200.0	2.0	significant	distal_gene_count_residual		no_state		15.0	0.15	disease_convergence			
analyses/multiverse/results/validation_unavailable.csv			disease labels are tied to the source study cluster resolution					200.0	2.0	significant	distal_gene_count_residual		no_state		50.0	0.15	disease_convergence			
analyses/multiverse/results/validation_unavailable.csv			disease labels are tied to the source study cluster resolution					200.0	2.0	significant	distal_gene_count_residual		minimal		15.0	0.2	disease_convergence			
analyses/multiverse/results/validation_unavailable.csv			disease labels are tied to the source study cluster resolution					200.0	2.0	significant	distal_gene_count_residual		minimal		50.0	0.2	disease_convergence			
analyses/multiverse/results/validation_unavailable.csv			disease labels are tied to the source study cluster resolution					200.0	2.0	significant	distal_gene_count_residual		observability		15.0	0.2	disease_convergence			
analyses/multiverse/results/validation_unavailable.csv			disease labels are tied to the source study cluster resolution					200.0	2.0	significant	distal_gene_count_residual		observability		50.0	0.2	disease_convergence			
analyses/multiverse/results/validation_unavailable.csv			disease labels are tied to the source study cluster resolution					200.0	2.0	significant	distal_gene_count_residual		reproducibility		15.0	0.2	disease_convergence			
analyses/multiverse/results/validation_unavailable.csv			disease labels are tied to the source study cluster resolution					200.0	2.0	significant	distal_gene_count_residual		reproducibility		50.0	0.2	disease_convergence			
analyses/multiverse/results/validation_unavailable.csv			disease labels are tied to the source study cluster resolution					200.0	2.0	significant	distal_gene_count_residual		no_state		15.0	0.2	disease_convergence			
analyses/multiverse/results/validation_unavailable.csv			disease labels are tied to the source study cluster resolution					200.0	2.0	significant	distal_gene_count_residual		no_state		50.0	0.2	disease_convergence			
analyses/multiverse/results/validation_unavailable.csv			disease labels are tied to the source study cluster resolution					200.0	2.0	significant	debiased_response_l2_gain		minimal		15.0	0.05	disease_convergence			
analyses/multiverse/results/validation_unavailable.csv			disease labels are tied to the source study cluster resolution					200.0	2.0	significant	debiased_response_l2_gain		minimal		50.0	0.05	disease_convergence			
analyses/multiverse/results/validation_unavailable.csv			disease labels are tied to the source study cluster resolution					200.0	2.0	significant	debiased_response_l2_gain		observability		15.0	0.05	disease_convergence			
analyses/multiverse/results/validation_unavailable.csv			disease labels are tied to the source study cluster resolution					200.0	2.0	significant	debiased_response_l2_gain		observability		50.0	0.05	disease_convergence			
analyses/multiverse/results/validation_unavailable.csv			disease labels are tied to the source study cluster resolution					200.0	2.0	significant	debiased_response_l2_gain		reproducibility		15.0	0.05	disease_convergence			
analyses/multiverse/results/validation_unavailable.csv			disease labels are tied to the source study cluster resolution					200.0	2.0	significant	debiased_response_l2_gain		reproducibility		50.0	0.05	disease_convergence			
analyses/multiverse/results/validation_unavailable.csv			disease labels are tied to the source study cluster resolution					200.0	2.0	significant	debiased_response_l2_gain		no_state		15.0	0.05	disease_convergence			
analyses/multiverse/results/validation_unavailable.csv			disease labels are tied to the source study cluster resolution					200.0	2.0	significant	debiased_response_l2_gain		no_state		50.0	0.05	disease_convergence			
analyses/multiverse/results/validation_unavailable.csv			disease labels are tied to the source study cluster resolution					200.0	2.0	significant	debiased_response_l2_gain		minimal		15.0	0.1	disease_convergence			
analyses/multiverse/results/validation_unavailable.csv			disease labels are tied to the source study cluster resolution					200.0	2.0	significant	debiased_response_l2_gain		minimal		50.0	0.1	disease_convergence			
analyses/multiverse/results/validation_unavailable.csv			disease labels are tied to the source study cluster resolution					200.0	2.0	significant	debiased_response_l2_gain		observability		15.0	0.1	disease_convergence			
analyses/multiverse/results/validation_unavailable.csv			disease labels are tied to the source study cluster resolution					200.0	2.0	significant	debiased_response_l2_gain		observability		50.0	0.1	disease_convergence			
analyses/multiverse/results/validation_unavailable.csv			disease labels are tied to the source study cluster resolution					200.0	2.0	significant	debiased_response_l2_gain		reproducibility		15.0	0.1	disease_convergence			
analyses/multiverse/results/validation_unavailable.csv			disease labels are tied to the source study cluster resolution					200.0	2.0	significant	debiased_response_l2_gain		reproducibility		50.0	0.1	disease_convergence			
analyses/multiverse/results/validation_unavailable.csv			disease labels are tied to the source study cluster resolution					200.0	2.0	significant	debiased_response_l2_gain		no_state		15.0	0.1	disease_convergence			
analyses/multiverse/results/validation_unavailable.csv			disease labels are tied to the source study cluster resolution					200.0	2.0	significant	debiased_response_l2_gain		no_state		50.0	0.1	disease_convergence			
analyses/multiverse/results/validation_unavailable.csv			disease labels are tied to the source study cluster resolution					200.0	2.0	significant	debiased_response_l2_gain		minimal		15.0	0.15	disease_convergence			
analyses/multiverse/results/validation_unavailable.csv			disease labels are tied to the source study cluster resolution					200.0	2.0	significant	debiased_response_l2_gain		minimal		50.0	0.15	disease_convergence			
analyses/multiverse/results/validation_unavailable.csv			disease labels are tied to the source study cluster resolution					200.0	2.0	significant	debiased_response_l2_gain		observability		15.0	0.15	disease_convergence			
analyses/multiverse/results/validation_unavailable.csv			disease labels are tied to the source study cluster resolution					200.0	2.0	significant	debiased_response_l2_gain		observability		50.0	0.15	disease_convergence			
analyses/multiverse/results/validation_unavailable.csv			disease labels are tied to the source study cluster resolution					200.0	2.0	significant	debiased_response_l2_gain		reproducibility		15.0	0.15	disease_convergence			
analyses/multiverse/results/validation_unavailable.csv			disease labels are tied to the source study cluster resolution					200.0	2.0	significant	debiased_response_l2_gain		reproducibility		50.0	0.15	disease_convergence			
analyses/multiverse/results/validation_unavailable.csv			disease labels are tied to the source study cluster resolution					200.0	2.0	significant	debiased_response_l2_gain		no_state		15.0	0.15	disease_convergence			
analyses/multiverse/results/validation_unavailable.csv			disease labels are tied to the source study cluster resolution					200.0	2.0	significant	debiased_response_l2_gain		no_state		50.0	0.15	disease_convergence			
analyses/multiverse/results/validation_unavailable.csv			disease labels are tied to the source study cluster resolution					200.0	2.0	significant	debiased_response_l2_gain		minimal		15.0	0.2	disease_convergence			
analyses/multiverse/results/validation_unavailable.csv			disease labels are tied to the source study cluster resolution					200.0	2.0	significant	debiased_response_l2_gain		minimal		50.0	0.2	disease_convergence			
analyses/multiverse/results/validation_unavailable.csv			disease labels are tied to the source study cluster resolution					200.0	2.0	significant	debiased_response_l2_gain		observability		15.0	0.2	disease_convergence			
analyses/multiverse/results/validation_unavailable.csv			disease labels are tied to the source study cluster resolution					200.0	2.0	significant	debiased_response_l2_gain		observability		50.0	0.2	disease_convergence			
analyses/multiverse/results/validation_unavailable.csv			disease labels are tied to the source study cluster resolution					200.0	2.0	significant	debiased_response_l2_gain		reproducibility		15.0	0.2	disease_convergence			
analyses/multiverse/results/validation_unavailable.csv			disease labels are tied to the source study cluster resolution					200.0	2.0	significant	debiased_response_l2_gain		reproducibility		50.0	0.2	disease_convergence			
analyses/multiverse/results/validation_unavailable.csv			disease labels are tied to the source study cluster resolution					200.0	2.0	significant	debiased_response_l2_gain		no_state		15.0	0.2	disease_convergence			
analyses/multiverse/results/validation_unavailable.csv			disease labels are tied to the source study cluster resolution					200.0	2.0	significant	debiased_response_l2_gain		no_state		50.0	0.2	disease_convergence			
analyses/multiverse/results/validation_unavailable.csv			disease labels are tied to the source study cluster resolution					200.0	2.0	significant	significant_response_l1_gain		minimal		15.0	0.05	disease_convergence			
analyses/multiverse/results/validation_unavailable.csv			disease labels are tied to the source study cluster resolution					200.0	2.0	significant	significant_response_l1_gain		minimal		50.0	0.05	disease_convergence			
analyses/multiverse/results/validation_unavailable.csv			disease labels are tied to the source study cluster resolution					200.0	2.0	significant	significant_response_l1_gain		observability		15.0	0.05	disease_convergence			
analyses/multiverse/results/validation_unavailable.csv			disease labels are tied to the source study cluster resolution					200.0	2.0	significant	significant_response_l1_gain		observability		50.0	0.05	disease_convergence			
analyses/multiverse/results/validation_unavailable.csv			disease labels are tied to the source study cluster resolution					200.0	2.0	significant	significant_response_l1_gain		reproducibility		15.0	0.05	disease_convergence			
analyses/multiverse/results/validation_unavailable.csv			disease labels are tied to the source study cluster resolution					200.0	2.0	significant	significant_response_l1_gain		reproducibility		50.0	0.05	disease_convergence			
analyses/multiverse/results/validation_unavailable.csv			disease labels are tied to the source study cluster resolution					200.0	2.0	significant	significant_response_l1_gain		no_state		15.0	0.05	disease_convergence			
analyses/multiverse/results/validation_unavailable.csv			disease labels are tied to the source study cluster resolution					200.0	2.0	significant	significant_response_l1_gain		no_state		50.0	0.05	disease_convergence			
analyses/multiverse/results/validation_unavailable.csv			disease labels are tied to the source study cluster resolution					200.0	2.0	significant	significant_response_l1_gain		minimal		15.0	0.1	disease_convergence			
analyses/multiverse/results/validation_unavailable.csv			disease labels are tied to the source study cluster resolution					200.0	2.0	significant	significant_response_l1_gain		minimal		50.0	0.1	disease_convergence			
analyses/multiverse/results/validation_unavailable.csv			disease labels are tied to the source study cluster resolution					200.0	2.0	significant	significant_response_l1_gain		observability		15.0	0.1	disease_convergence			
analyses/multiverse/results/validation_unavailable.csv			disease labels are tied to the source study cluster resolution					200.0	2.0	significant	significant_response_l1_gain		observability		50.0	0.1	disease_convergence			
analyses/multiverse/results/validation_unavailable.csv			disease labels are tied to the source study cluster resolution					200.0	2.0	significant	significant_response_l1_gain		reproducibility		15.0	0.1	disease_convergence			
analyses/multiverse/results/validation_unavailable.csv			disease labels are tied to the source study cluster resolution					200.0	2.0	significant	significant_response_l1_gain		reproducibility		50.0	0.1	disease_convergence			
analyses/multiverse/results/validation_unavailable.csv			disease labels are tied to the source study cluster resolution					200.0	2.0	significant	significant_response_l1_gain		no_state		15.0	0.1	disease_convergence			
analyses/multiverse/results/validation_unavailable.csv			disease labels are tied to the source study cluster resolution					200.0	2.0	significant	significant_response_l1_gain		no_state		50.0	0.1	disease_convergence			
analyses/multiverse/results/validation_unavailable.csv			disease labels are tied to the source study cluster resolution					200.0	2.0	significant	significant_response_l1_gain		minimal		15.0	0.15	disease_convergence			
analyses/multiverse/results/validation_unavailable.csv			disease labels are tied to the source study cluster resolution					200.0	2.0	significant	significant_response_l1_gain		minimal		50.0	0.15	disease_convergence			
analyses/multiverse/results/validation_unavailable.csv			disease labels are tied to the source study cluster resolution					200.0	2.0	significant	significant_response_l1_gain		observability		15.0	0.15	disease_convergence			
analyses/multiverse/results/validation_unavailable.csv			disease labels are tied to the source study cluster resolution					200.0	2.0	significant	significant_response_l1_gain		observability		50.0	0.15	disease_convergence			
analyses/multiverse/results/validation_unavailable.csv			disease labels are tied to the source study cluster resolution					200.0	2.0	significant	significant_response_l1_gain		reproducibility		15.0	0.15	disease_convergence			
analyses/multiverse/results/validation_unavailable.csv			disease labels are tied to the source study cluster resolution					200.0	2.0	significant	significant_response_l1_gain		reproducibility		50.0	0.15	disease_convergence			
analyses/multiverse/results/validation_unavailable.csv			disease labels are tied to the source study cluster resolution					200.0	2.0	significant	significant_response_l1_gain		no_state		15.0	0.15	disease_convergence			
analyses/multiverse/results/validation_unavailable.csv			disease labels are tied to the source study cluster resolution					200.0	2.0	significant	significant_response_l1_gain		no_state		50.0	0.15	disease_convergence			
analyses/multiverse/results/validation_unavailable.csv			disease labels are tied to the source study cluster resolution					200.0	2.0	significant	significant_response_l1_gain		minimal		15.0	0.2	disease_convergence			
analyses/multiverse/results/validation_unavailable.csv			disease labels are tied to the source study cluster resolution					200.0	2.0	significant	significant_response_l1_gain		minimal		50.0	0.2	disease_convergence			
analyses/multiverse/results/validation_unavailable.csv			disease labels are tied to the source study cluster resolution					200.0	2.0	significant	significant_response_l1_gain		observability		15.0	0.2	disease_convergence			
analyses/multiverse/results/validation_unavailable.csv			disease labels are tied to the source study cluster resolution					200.0	2.0	significant	significant_response_l1_gain		observability		50.0	0.2	disease_convergence			
analyses/multiverse/results/validation_unavailable.csv			disease labels are tied to the source study cluster resolution					200.0	2.0	significant	significant_response_l1_gain		reproducibility		15.0	0.2	disease_convergence			
analyses/multiverse/results/validation_unavailable.csv			disease labels are tied to the source study cluster resolution					200.0	2.0	significant	significant_response_l1_gain		reproducibility		50.0	0.2	disease_convergence			
analyses/multiverse/results/validation_unavailable.csv			disease labels are tied to the source study cluster resolution					200.0	2.0	significant	significant_response_l1_gain		no_state		15.0	0.2	disease_convergence			
analyses/multiverse/results/validation_unavailable.csv			disease labels are tied to the source study cluster resolution					200.0	2.0	significant	significant_response_l1_gain		no_state		50.0	0.2	disease_convergence			
analyses/multiverse/results/validation_unavailable.csv			disease labels are tied to the source study cluster resolution					200.0	2.0	significant_and_absolute_z_at_least_2	distal_gene_count_residual		minimal		15.0	0.05	disease_convergence			
analyses/multiverse/results/validation_unavailable.csv			disease labels are tied to the source study cluster resolution					200.0	2.0	significant_and_absolute_z_at_least_2	distal_gene_count_residual		minimal		50.0	0.05	disease_convergence			
analyses/multiverse/results/validation_unavailable.csv			disease labels are tied to the source study cluster resolution					200.0	2.0	significant_and_absolute_z_at_least_2	distal_gene_count_residual		observability		15.0	0.05	disease_convergence			
analyses/multiverse/results/validation_unavailable.csv			disease labels are tied to the source study cluster resolution					200.0	2.0	significant_and_absolute_z_at_least_2	distal_gene_count_residual		observability		50.0	0.05	disease_convergence			
analyses/multiverse/results/validation_unavailable.csv			disease labels are tied to the source study cluster resolution					200.0	2.0	significant_and_absolute_z_at_least_2	distal_gene_count_residual		reproducibility		15.0	0.05	disease_convergence			
analyses/multiverse/results/validation_unavailable.csv			disease labels are tied to the source study cluster resolution					200.0	2.0	significant_and_absolute_z_at_least_2	distal_gene_count_residual		reproducibility		50.0	0.05	disease_convergence			
analyses/multiverse/results/validation_unavailable.csv			disease labels are tied to the source study cluster resolution					200.0	2.0	significant_and_absolute_z_at_least_2	distal_gene_count_residual		no_state		15.0	0.05	disease_convergence			
analyses/multiverse/results/validation_unavailable.csv			disease labels are tied to the source study cluster resolution					200.0	2.0	significant_and_absolute_z_at_least_2	distal_gene_count_residual		no_state		50.0	0.05	disease_convergence			
analyses/multiverse/results/validation_unavailable.csv			disease labels are tied to the source study cluster resolution					200.0	2.0	significant_and_absolute_z_at_least_2	distal_gene_count_residual		minimal		15.0	0.1	disease_convergence			
analyses/multiverse/results/validation_unavailable.csv			disease labels are tied to the source study cluster resolution					200.0	2.0	significant_and_absolute_z_at_least_2	distal_gene_count_residual		minimal		50.0	0.1	disease_convergence			
analyses/multiverse/results/validation_unavailable.csv			disease labels are tied to the source study cluster resolution					200.0	2.0	significant_and_absolute_z_at_least_2	distal_gene_count_residual		observability		15.0	0.1	disease_convergence			
analyses/multiverse/results/validation_unavailable.csv			disease labels are tied to the source study cluster resolution					200.0	2.0	significant_and_absolute_z_at_least_2	distal_gene_count_residual		observability		50.0	0.1	disease_convergence			
analyses/multiverse/results/validation_unavailable.csv			disease labels are tied to the source study cluster resolution					200.0	2.0	significant_and_absolute_z_at_least_2	distal_gene_count_residual		reproducibility		15.0	0.1	disease_convergence			
analyses/multiverse/results/validation_unavailable.csv			disease labels are tied to the source study cluster resolution					200.0	2.0	significant_and_absolute_z_at_least_2	distal_gene_count_residual		reproducibility		50.0	0.1	disease_convergence			
analyses/multiverse/results/validation_unavailable.csv			disease labels are tied to the source study cluster resolution					200.0	2.0	significant_and_absolute_z_at_least_2	distal_gene_count_residual		no_state		15.0	0.1	disease_convergence			
analyses/multiverse/results/validation_unavailable.csv			disease labels are tied to the source study cluster resolution					200.0	2.0	significant_and_absolute_z_at_least_2	distal_gene_count_residual		no_state		50.0	0.1	disease_convergence			
analyses/multiverse/results/validation_unavailable.csv			disease labels are tied to the source study cluster resolution					200.0	2.0	significant_and_absolute_z_at_least_2	distal_gene_count_residual		minimal		15.0	0.15	disease_convergence			
analyses/multiverse/results/validation_unavailable.csv			disease labels are tied to the source study cluster resolution					200.0	2.0	significant_and_absolute_z_at_least_2	distal_gene_count_residual		minimal		50.0	0.15	disease_convergence			
analyses/multiverse/results/validation_unavailable.csv			disease labels are tied to the source study cluster resolution					200.0	2.0	significant_and_absolute_z_at_least_2	distal_gene_count_residual		observability		15.0	0.15	disease_convergence			
analyses/multiverse/results/validation_unavailable.csv			disease labels are tied to the source study cluster resolution					200.0	2.0	significant_and_absolute_z_at_least_2	distal_gene_count_residual		observability		50.0	0.15	disease_convergence			
analyses/multiverse/results/validation_unavailable.csv			disease labels are tied to the source study cluster resolution					200.0	2.0	significant_and_absolute_z_at_least_2	distal_gene_count_residual		reproducibility		15.0	0.15	disease_convergence			
analyses/multiverse/results/validation_unavailable.csv			disease labels are tied to the source study cluster resolution					200.0	2.0	significant_and_absolute_z_at_least_2	distal_gene_count_residual		reproducibility		50.0	0.15	disease_convergence			
analyses/multiverse/results/validation_unavailable.csv			disease labels are tied to the source study cluster resolution					200.0	2.0	significant_and_absolute_z_at_least_2	distal_gene_count_residual		no_state		15.0	0.15	disease_convergence			
analyses/multiverse/results/validation_unavailable.csv			disease labels are tied to the source study cluster resolution					200.0	2.0	significant_and_absolute_z_at_least_2	distal_gene_count_residual		no_state		50.0	0.15	disease_convergence			
analyses/multiverse/results/validation_unavailable.csv			disease labels are tied to the source study cluster resolution					200.0	2.0	significant_and_absolute_z_at_least_2	distal_gene_count_residual		minimal		15.0	0.2	disease_convergence			
analyses/multiverse/results/validation_unavailable.csv			disease labels are tied to the source study cluster resolution					200.0	2.0	significant_and_absolute_z_at_least_2	distal_gene_count_residual		minimal		50.0	0.2	disease_convergence			
analyses/multiverse/results/validation_unavailable.csv			disease labels are tied to the source study cluster resolution					200.0	2.0	significant_and_absolute_z_at_least_2	distal_gene_count_residual		observability		15.0	0.2	disease_convergence			
analyses/multiverse/results/validation_unavailable.csv			disease labels are tied to the source study cluster resolution					200.0	2.0	significant_and_absolute_z_at_least_2	distal_gene_count_residual		observability		50.0	0.2	disease_convergence			
analyses/multiverse/results/validation_unavailable.csv			disease labels are tied to the source study cluster resolution					200.0	2.0	significant_and_absolute_z_at_least_2	distal_gene_count_residual		reproducibility		15.0	0.2	disease_convergence			
analyses/multiverse/results/validation_unavailable.csv			disease labels are tied to the source study cluster resolution					200.0	2.0	significant_and_absolute_z_at_least_2	distal_gene_count_residual		reproducibility		50.0	0.2	disease_convergence			
analyses/multiverse/results/validation_unavailable.csv			disease labels are tied to the source study cluster resolution					200.0	2.0	significant_and_absolute_z_at_least_2	distal_gene_count_residual		no_state		15.0	0.2	disease_convergence			
analyses/multiverse/results/validation_unavailable.csv			disease labels are tied to the source study cluster resolution					200.0	2.0	significant_and_absolute_z_at_least_2	distal_gene_count_residual		no_state		50.0	0.2	disease_convergence			
analyses/multiverse/results/validation_unavailable.csv			disease labels are tied to the source study cluster resolution					200.0	2.0	significant_and_absolute_z_at_least_2	debiased_response_l2_gain		minimal		15.0	0.05	disease_convergence			
analyses/multiverse/results/validation_unavailable.csv			disease labels are tied to the source study cluster resolution					200.0	2.0	significant_and_absolute_z_at_least_2	debiased_response_l2_gain		minimal		50.0	0.05	disease_convergence			
analyses/multiverse/results/validation_unavailable.csv			disease labels are tied to the source study cluster resolution					200.0	2.0	significant_and_absolute_z_at_least_2	debiased_response_l2_gain		observability		15.0	0.05	disease_convergence			
analyses/multiverse/results/validation_unavailable.csv			disease labels are tied to the source study cluster resolution					200.0	2.0	significant_and_absolute_z_at_least_2	debiased_response_l2_gain		observability		50.0	0.05	disease_convergence			
analyses/multiverse/results/validation_unavailable.csv			disease labels are tied to the source study cluster resolution					200.0	2.0	significant_and_absolute_z_at_least_2	debiased_response_l2_gain		reproducibility		15.0	0.05	disease_convergence			
analyses/multiverse/results/validation_unavailable.csv			disease labels are tied to the source study cluster resolution					200.0	2.0	significant_and_absolute_z_at_least_2	debiased_response_l2_gain		reproducibility		50.0	0.05	disease_convergence			
analyses/multiverse/results/validation_unavailable.csv			disease labels are tied to the source study cluster resolution					200.0	2.0	significant_and_absolute_z_at_least_2	debiased_response_l2_gain		no_state		15.0	0.05	disease_convergence			
analyses/multiverse/results/validation_unavailable.csv			disease labels are tied to the source study cluster resolution					200.0	2.0	significant_and_absolute_z_at_least_2	debiased_response_l2_gain		no_state		50.0	0.05	disease_convergence			
analyses/multiverse/results/validation_unavailable.csv			disease labels are tied to the source study cluster resolution					200.0	2.0	significant_and_absolute_z_at_least_2	debiased_response_l2_gain		minimal		15.0	0.1	disease_convergence			
analyses/multiverse/results/validation_unavailable.csv			disease labels are tied to the source study cluster resolution					200.0	2.0	significant_and_absolute_z_at_least_2	debiased_response_l2_gain		minimal		50.0	0.1	disease_convergence			
analyses/multiverse/results/validation_unavailable.csv			disease labels are tied to the source study cluster resolution					200.0	2.0	significant_and_absolute_z_at_least_2	debiased_response_l2_gain		observability		15.0	0.1	disease_convergence			
analyses/multiverse/results/validation_unavailable.csv			disease labels are tied to the source study cluster resolution					200.0	2.0	significant_and_absolute_z_at_least_2	debiased_response_l2_gain		observability		50.0	0.1	disease_convergence			
analyses/multiverse/results/validation_unavailable.csv			disease labels are tied to the source study cluster resolution					200.0	2.0	significant_and_absolute_z_at_least_2	debiased_response_l2_gain		reproducibility		15.0	0.1	disease_convergence			
analyses/multiverse/results/validation_unavailable.csv			disease labels are tied to the source study cluster resolution					200.0	2.0	significant_and_absolute_z_at_least_2	debiased_response_l2_gain		reproducibility		50.0	0.1	disease_convergence			
analyses/multiverse/results/validation_unavailable.csv			disease labels are tied to the source study cluster resolution					200.0	2.0	significant_and_absolute_z_at_least_2	debiased_response_l2_gain		no_state		15.0	0.1	disease_convergence			
analyses/multiverse/results/validation_unavailable.csv			disease labels are tied to the source study cluster resolution					200.0	2.0	significant_and_absolute_z_at_least_2	debiased_response_l2_gain		no_state		50.0	0.1	disease_convergence			
analyses/multiverse/results/validation_unavailable.csv			disease labels are tied to the source study cluster resolution					200.0	2.0	significant_and_absolute_z_at_least_2	debiased_response_l2_gain		minimal		15.0	0.15	disease_convergence			
analyses/multiverse/results/validation_unavailable.csv			disease labels are tied to the source study cluster resolution					200.0	2.0	significant_and_absolute_z_at_least_2	debiased_response_l2_gain		minimal		50.0	0.15	disease_convergence			
analyses/multiverse/results/validation_unavailable.csv			disease labels are tied to the source study cluster resolution					200.0	2.0	significant_and_absolute_z_at_least_2	debiased_response_l2_gain		observability		15.0	0.15	disease_convergence			
analyses/multiverse/results/validation_unavailable.csv			disease labels are tied to the source study cluster resolution					200.0	2.0	significant_and_absolute_z_at_least_2	debiased_response_l2_gain		observability		50.0	0.15	disease_convergence			
analyses/multiverse/results/validation_unavailable.csv			disease labels are tied to the source study cluster resolution					200.0	2.0	significant_and_absolute_z_at_least_2	debiased_response_l2_gain		reproducibility		15.0	0.15	disease_convergence			
analyses/multiverse/results/validation_unavailable.csv			disease labels are tied to the source study cluster resolution					200.0	2.0	significant_and_absolute_z_at_least_2	debiased_response_l2_gain		reproducibility		50.0	0.15	disease_convergence			
analyses/multiverse/results/validation_unavailable.csv			disease labels are tied to the source study cluster resolution					200.0	2.0	significant_and_absolute_z_at_least_2	debiased_response_l2_gain		no_state		15.0	0.15	disease_convergence			
analyses/multiverse/results/validation_unavailable.csv			disease labels are tied to the source study cluster resolution					200.0	2.0	significant_and_absolute_z_at_least_2	debiased_response_l2_gain		no_state		50.0	0.15	disease_convergence			
analyses/multiverse/results/validation_unavailable.csv			disease labels are tied to the source study cluster resolution					200.0	2.0	significant_and_absolute_z_at_least_2	debiased_response_l2_gain		minimal		15.0	0.2	disease_convergence			
analyses/multiverse/results/validation_unavailable.csv			disease labels are tied to the source study cluster resolution					200.0	2.0	significant_and_absolute_z_at_least_2	debiased_response_l2_gain		minimal		50.0	0.2	disease_convergence			
analyses/multiverse/results/validation_unavailable.csv			disease labels are tied to the source study cluster resolution					200.0	2.0	significant_and_absolute_z_at_least_2	debiased_response_l2_gain		observability		15.0	0.2	disease_convergence			
analyses/multiverse/results/validation_unavailable.csv			disease labels are tied to the source study cluster resolution					200.0	2.0	significant_and_absolute_z_at_least_2	debiased_response_l2_gain		observability		50.0	0.2	disease_convergence			
analyses/multiverse/results/validation_unavailable.csv			disease labels are tied to the source study cluster resolution					200.0	2.0	significant_and_absolute_z_at_least_2	debiased_response_l2_gain		reproducibility		15.0	0.2	disease_convergence			
analyses/multiverse/results/validation_unavailable.csv			disease labels are tied to the source study cluster resolution					200.0	2.0	significant_and_absolute_z_at_least_2	debiased_response_l2_gain		reproducibility		50.0	0.2	disease_convergence			
analyses/multiverse/results/validation_unavailable.csv			disease labels are tied to the source study cluster resolution					200.0	2.0	significant_and_absolute_z_at_least_2	debiased_response_l2_gain		no_state		15.0	0.2	disease_convergence			
analyses/multiverse/results/validation_unavailable.csv			disease labels are tied to the source study cluster resolution					200.0	2.0	significant_and_absolute_z_at_least_2	debiased_response_l2_gain		no_state		50.0	0.2	disease_convergence			
analyses/multiverse/results/validation_unavailable.csv			disease labels are tied to the source study cluster resolution					200.0	2.0	significant_and_absolute_z_at_least_2	significant_response_l1_gain		minimal		15.0	0.05	disease_convergence			
analyses/multiverse/results/validation_unavailable.csv			disease labels are tied to the source study cluster resolution					200.0	2.0	significant_and_absolute_z_at_least_2	significant_response_l1_gain		minimal		50.0	0.05	disease_convergence			
analyses/multiverse/results/validation_unavailable.csv			disease labels are tied to the source study cluster resolution					200.0	2.0	significant_and_absolute_z_at_least_2	significant_response_l1_gain		observability		15.0	0.05	disease_convergence			
analyses/multiverse/results/validation_unavailable.csv			disease labels are tied to the source study cluster resolution					200.0	2.0	significant_and_absolute_z_at_least_2	significant_response_l1_gain		observability		50.0	0.05	disease_convergence			
analyses/multiverse/results/validation_unavailable.csv			disease labels are tied to the source study cluster resolution					200.0	2.0	significant_and_absolute_z_at_least_2	significant_response_l1_gain		reproducibility		15.0	0.05	disease_convergence			
analyses/multiverse/results/validation_unavailable.csv			disease labels are tied to the source study cluster resolution					200.0	2.0	significant_and_absolute_z_at_least_2	significant_response_l1_gain		reproducibility		50.0	0.05	disease_convergence			
analyses/multiverse/results/validation_unavailable.csv			disease labels are tied to the source study cluster resolution					200.0	2.0	significant_and_absolute_z_at_least_2	significant_response_l1_gain		no_state		15.0	0.05	disease_convergence			
analyses/multiverse/results/validation_unavailable.csv			disease labels are tied to the source study cluster resolution					200.0	2.0	significant_and_absolute_z_at_least_2	significant_response_l1_gain		no_state		50.0	0.05	disease_convergence			
analyses/multiverse/results/validation_unavailable.csv			disease labels are tied to the source study cluster resolution					200.0	2.0	significant_and_absolute_z_at_least_2	significant_response_l1_gain		minimal		15.0	0.1	disease_convergence			
analyses/multiverse/results/validation_unavailable.csv			disease labels are tied to the source study cluster resolution					200.0	2.0	significant_and_absolute_z_at_least_2	significant_response_l1_gain		minimal		50.0	0.1	disease_convergence			
analyses/multiverse/results/validation_unavailable.csv			disease labels are tied to the source study cluster resolution					200.0	2.0	significant_and_absolute_z_at_least_2	significant_response_l1_gain		observability		15.0	0.1	disease_convergence			
analyses/multiverse/results/validation_unavailable.csv			disease labels are tied to the source study cluster resolution					200.0	2.0	significant_and_absolute_z_at_least_2	significant_response_l1_gain		observability		50.0	0.1	disease_convergence			
analyses/multiverse/results/validation_unavailable.csv			disease labels are tied to the source study cluster resolution					200.0	2.0	significant_and_absolute_z_at_least_2	significant_response_l1_gain		reproducibility		15.0	0.1	disease_convergence			
analyses/multiverse/results/validation_unavailable.csv			disease labels are tied to the source study cluster resolution					200.0	2.0	significant_and_absolute_z_at_least_2	significant_response_l1_gain		reproducibility		50.0	0.1	disease_convergence			
analyses/multiverse/results/validation_unavailable.csv			disease labels are tied to the source study cluster resolution					200.0	2.0	significant_and_absolute_z_at_least_2	significant_response_l1_gain		no_state		15.0	0.1	disease_convergence			
analyses/multiverse/results/validation_unavailable.csv			disease labels are tied to the source study cluster resolution					200.0	2.0	significant_and_absolute_z_at_least_2	significant_response_l1_gain		no_state		50.0	0.1	disease_convergence			
analyses/multiverse/results/validation_unavailable.csv			disease labels are tied to the source study cluster resolution					200.0	2.0	significant_and_absolute_z_at_least_2	significant_response_l1_gain		minimal		15.0	0.15	disease_convergence			
analyses/multiverse/results/validation_unavailable.csv			disease labels are tied to the source study cluster resolution					200.0	2.0	significant_and_absolute_z_at_least_2	significant_response_l1_gain		minimal		50.0	0.15	disease_convergence			
analyses/multiverse/results/validation_unavailable.csv			disease labels are tied to the source study cluster resolution					200.0	2.0	significant_and_absolute_z_at_least_2	significant_response_l1_gain		observability		15.0	0.15	disease_convergence			
analyses/multiverse/results/validation_unavailable.csv			disease labels are tied to the source study cluster resolution					200.0	2.0	significant_and_absolute_z_at_least_2	significant_response_l1_gain		observability		50.0	0.15	disease_convergence			
analyses/multiverse/results/validation_unavailable.csv			disease labels are tied to the source study cluster resolution					200.0	2.0	significant_and_absolute_z_at_least_2	significant_response_l1_gain		reproducibility		15.0	0.15	disease_convergence			
analyses/multiverse/results/validation_unavailable.csv			disease labels are tied to the source study cluster resolution					200.0	2.0	significant_and_absolute_z_at_least_2	significant_response_l1_gain		reproducibility		50.0	0.15	disease_convergence			
analyses/multiverse/results/validation_unavailable.csv			disease labels are tied to the source study cluster resolution					200.0	2.0	significant_and_absolute_z_at_least_2	significant_response_l1_gain		no_state		15.0	0.15	disease_convergence			
analyses/multiverse/results/validation_unavailable.csv			disease labels are tied to the source study cluster resolution					200.0	2.0	significant_and_absolute_z_at_least_2	significant_response_l1_gain		no_state		50.0	0.15	disease_convergence			
analyses/multiverse/results/validation_unavailable.csv			disease labels are tied to the source study cluster resolution					200.0	2.0	significant_and_absolute_z_at_least_2	significant_response_l1_gain		minimal		15.0	0.2	disease_convergence			
analyses/multiverse/results/validation_unavailable.csv			disease labels are tied to the source study cluster resolution					200.0	2.0	significant_and_absolute_z_at_least_2	significant_response_l1_gain		minimal		50.0	0.2	disease_convergence			
analyses/multiverse/results/validation_unavailable.csv			disease labels are tied to the source study cluster resolution					200.0	2.0	significant_and_absolute_z_at_least_2	significant_response_l1_gain		observability		15.0	0.2	disease_convergence			
analyses/multiverse/results/validation_unavailable.csv			disease labels are tied to the source study cluster resolution					200.0	2.0	significant_and_absolute_z_at_least_2	significant_response_l1_gain		observability		50.0	0.2	disease_convergence			
analyses/multiverse/results/validation_unavailable.csv			disease labels are tied to the source study cluster resolution					200.0	2.0	significant_and_absolute_z_at_least_2	significant_response_l1_gain		reproducibility		15.0	0.2	disease_convergence			
analyses/multiverse/results/validation_unavailable.csv			disease labels are tied to the source study cluster resolution					200.0	2.0	significant_and_absolute_z_at_least_2	significant_response_l1_gain		reproducibility		50.0	0.2	disease_convergence			
analyses/multiverse/results/validation_unavailable.csv			disease labels are tied to the source study cluster resolution					200.0	2.0	significant_and_absolute_z_at_least_2	significant_response_l1_gain		no_state		15.0	0.2	disease_convergence			
analyses/multiverse/results/validation_unavailable.csv			disease labels are tied to the source study cluster resolution					200.0	2.0	significant_and_absolute_z_at_least_2	significant_response_l1_gain		no_state		50.0	0.2	disease_convergence			
analyses/multiverse/results/validation_unavailable.csv			disease labels are tied to the source study cluster resolution					200.0	3.0	significant	distal_gene_count_residual		minimal		15.0	0.05	disease_convergence			
analyses/multiverse/results/validation_unavailable.csv			fewer than two clusters or outcome classes remain				disease_121_minimal	200.0	3.0	significant	distal_gene_count_residual		minimal		30.0	0.05	disease_convergence			
analyses/multiverse/results/validation_unavailable.csv			disease labels are tied to the source study cluster resolution					200.0	3.0	significant	distal_gene_count_residual		minimal		50.0	0.05	disease_convergence			
analyses/multiverse/results/validation_unavailable.csv			disease labels are tied to the source study cluster resolution					200.0	3.0	significant	distal_gene_count_residual		observability		15.0	0.05	disease_convergence			
analyses/multiverse/results/validation_unavailable.csv			fewer than two clusters or outcome classes remain				disease_121_observability	200.0	3.0	significant	distal_gene_count_residual		observability		30.0	0.05	disease_convergence			
analyses/multiverse/results/validation_unavailable.csv			disease labels are tied to the source study cluster resolution					200.0	3.0	significant	distal_gene_count_residual		observability		50.0	0.05	disease_convergence			
analyses/multiverse/results/validation_unavailable.csv			disease labels are tied to the source study cluster resolution					200.0	3.0	significant	distal_gene_count_residual		reproducibility		15.0	0.05	disease_convergence			
analyses/multiverse/results/validation_unavailable.csv			fewer than two clusters or outcome classes remain				disease_121_reproducibility	200.0	3.0	significant	distal_gene_count_residual		reproducibility		30.0	0.05	disease_convergence			
analyses/multiverse/results/validation_unavailable.csv			disease labels are tied to the source study cluster resolution					200.0	3.0	significant	distal_gene_count_residual		reproducibility		50.0	0.05	disease_convergence			
analyses/multiverse/results/validation_unavailable.csv			disease labels are tied to the source study cluster resolution					200.0	3.0	significant	distal_gene_count_residual		no_state		15.0	0.05	disease_convergence			
analyses/multiverse/results/validation_unavailable.csv			fewer than two clusters or outcome classes remain				disease_121_no_state	200.0	3.0	significant	distal_gene_count_residual		no_state		30.0	0.05	disease_convergence			
analyses/multiverse/results/validation_unavailable.csv			disease labels are tied to the source study cluster resolution					200.0	3.0	significant	distal_gene_count_residual		no_state		50.0	0.05	disease_convergence			
analyses/multiverse/results/validation_unavailable.csv			disease labels are tied to the source study cluster resolution					200.0	3.0	significant	distal_gene_count_residual		minimal		15.0	0.1	disease_convergence			
analyses/multiverse/results/validation_unavailable.csv			fewer than two clusters or outcome classes remain				disease_122_minimal	200.0	3.0	significant	distal_gene_count_residual		minimal		30.0	0.1	disease_convergence			
analyses/multiverse/results/validation_unavailable.csv			disease labels are tied to the source study cluster resolution					200.0	3.0	significant	distal_gene_count_residual		minimal		50.0	0.1	disease_convergence			
analyses/multiverse/results/validation_unavailable.csv			disease labels are tied to the source study cluster resolution					200.0	3.0	significant	distal_gene_count_residual		observability		15.0	0.1	disease_convergence			
analyses/multiverse/results/validation_unavailable.csv			fewer than two clusters or outcome classes remain				disease_122_observability	200.0	3.0	significant	distal_gene_count_residual		observability		30.0	0.1	disease_convergence			
analyses/multiverse/results/validation_unavailable.csv			disease labels are tied to the source study cluster resolution					200.0	3.0	significant	distal_gene_count_residual		observability		50.0	0.1	disease_convergence			
analyses/multiverse/results/validation_unavailable.csv			disease labels are tied to the source study cluster resolution					200.0	3.0	significant	distal_gene_count_residual		reproducibility		15.0	0.1	disease_convergence			
analyses/multiverse/results/validation_unavailable.csv			fewer than two clusters or outcome classes remain				disease_122_reproducibility	200.0	3.0	significant	distal_gene_count_residual		reproducibility		30.0	0.1	disease_convergence			
analyses/multiverse/results/validation_unavailable.csv			disease labels are tied to the source study cluster resolution					200.0	3.0	significant	distal_gene_count_residual		reproducibility		50.0	0.1	disease_convergence			
analyses/multiverse/results/validation_unavailable.csv			disease labels are tied to the source study cluster resolution					200.0	3.0	significant	distal_gene_count_residual		no_state		15.0	0.1	disease_convergence			
analyses/multiverse/results/validation_unavailable.csv			fewer than two clusters or outcome classes remain				disease_122_no_state	200.0	3.0	significant	distal_gene_count_residual		no_state		30.0	0.1	disease_convergence			
analyses/multiverse/results/validation_unavailable.csv			disease labels are tied to the source study cluster resolution					200.0	3.0	significant	distal_gene_count_residual		no_state		50.0	0.1	disease_convergence			
analyses/multiverse/results/validation_unavailable.csv			disease labels are tied to the source study cluster resolution					200.0	3.0	significant	distal_gene_count_residual		minimal		15.0	0.15	disease_convergence			
analyses/multiverse/results/validation_unavailable.csv			fewer than two clusters or outcome classes remain				disease_123_minimal	200.0	3.0	significant	distal_gene_count_residual		minimal		30.0	0.15	disease_convergence			
analyses/multiverse/results/validation_unavailable.csv			disease labels are tied to the source study cluster resolution					200.0	3.0	significant	distal_gene_count_residual		minimal		50.0	0.15	disease_convergence			
analyses/multiverse/results/validation_unavailable.csv			disease labels are tied to the source study cluster resolution					200.0	3.0	significant	distal_gene_count_residual		observability		15.0	0.15	disease_convergence			
analyses/multiverse/results/validation_unavailable.csv			fewer than two clusters or outcome classes remain				disease_123_observability	200.0	3.0	significant	distal_gene_count_residual		observability		30.0	0.15	disease_convergence			
analyses/multiverse/results/validation_unavailable.csv			disease labels are tied to the source study cluster resolution					200.0	3.0	significant	distal_gene_count_residual		observability		50.0	0.15	disease_convergence			
analyses/multiverse/results/validation_unavailable.csv			disease labels are tied to the source study cluster resolution					200.0	3.0	significant	distal_gene_count_residual		reproducibility		15.0	0.15	disease_convergence			
analyses/multiverse/results/validation_unavailable.csv			fewer than two clusters or outcome classes remain				disease_123_reproducibility	200.0	3.0	significant	distal_gene_count_residual		reproducibility		30.0	0.15	disease_convergence			
analyses/multiverse/results/validation_unavailable.csv			disease labels are tied to the source study cluster resolution					200.0	3.0	significant	distal_gene_count_residual		reproducibility		50.0	0.15	disease_convergence			
analyses/multiverse/results/validation_unavailable.csv			disease labels are tied to the source study cluster resolution					200.0	3.0	significant	distal_gene_count_residual		no_state		15.0	0.15	disease_convergence			
analyses/multiverse/results/validation_unavailable.csv			fewer than two clusters or outcome classes remain				disease_123_no_state	200.0	3.0	significant	distal_gene_count_residual		no_state		30.0	0.15	disease_convergence			
analyses/multiverse/results/validation_unavailable.csv			disease labels are tied to the source study cluster resolution					200.0	3.0	significant	distal_gene_count_residual		no_state		50.0	0.15	disease_convergence			
analyses/multiverse/results/validation_unavailable.csv			disease labels are tied to the source study cluster resolution					200.0	3.0	significant	distal_gene_count_residual		minimal		15.0	0.2	disease_convergence			
analyses/multiverse/results/validation_unavailable.csv			fewer than two clusters or outcome classes remain				disease_124_minimal	200.0	3.0	significant	distal_gene_count_residual		minimal		30.0	0.2	disease_convergence			
analyses/multiverse/results/validation_unavailable.csv			disease labels are tied to the source study cluster resolution					200.0	3.0	significant	distal_gene_count_residual		minimal		50.0	0.2	disease_convergence			
analyses/multiverse/results/validation_unavailable.csv			disease labels are tied to the source study cluster resolution					200.0	3.0	significant	distal_gene_count_residual		observability		15.0	0.2	disease_convergence			
analyses/multiverse/results/validation_unavailable.csv			fewer than two clusters or outcome classes remain				disease_124_observability	200.0	3.0	significant	distal_gene_count_residual		observability		30.0	0.2	disease_convergence			
analyses/multiverse/results/validation_unavailable.csv			disease labels are tied to the source study cluster resolution					200.0	3.0	significant	distal_gene_count_residual		observability		50.0	0.2	disease_convergence			
analyses/multiverse/results/validation_unavailable.csv			disease labels are tied to the source study cluster resolution					200.0	3.0	significant	distal_gene_count_residual		reproducibility		15.0	0.2	disease_convergence			
analyses/multiverse/results/validation_unavailable.csv			fewer than two clusters or outcome classes remain				disease_124_reproducibility	200.0	3.0	significant	distal_gene_count_residual		reproducibility		30.0	0.2	disease_convergence			
analyses/multiverse/results/validation_unavailable.csv			disease labels are tied to the source study cluster resolution					200.0	3.0	significant	distal_gene_count_residual		reproducibility		50.0	0.2	disease_convergence			
analyses/multiverse/results/validation_unavailable.csv			disease labels are tied to the source study cluster resolution					200.0	3.0	significant	distal_gene_count_residual		no_state		15.0	0.2	disease_convergence			
analyses/multiverse/results/validation_unavailable.csv			fewer than two clusters or outcome classes remain				disease_124_no_state	200.0	3.0	significant	distal_gene_count_residual		no_state		30.0	0.2	disease_convergence			
analyses/multiverse/results/validation_unavailable.csv			disease labels are tied to the source study cluster resolution					200.0	3.0	significant	distal_gene_count_residual		no_state		50.0	0.2	disease_convergence			
analyses/multiverse/results/validation_unavailable.csv			disease labels are tied to the source study cluster resolution					200.0	3.0	significant	debiased_response_l2_gain		minimal		15.0	0.05	disease_convergence			
analyses/multiverse/results/validation_unavailable.csv			fewer than two clusters or outcome classes remain				disease_125_minimal	200.0	3.0	significant	debiased_response_l2_gain		minimal		30.0	0.05	disease_convergence			
analyses/multiverse/results/validation_unavailable.csv			disease labels are tied to the source study cluster resolution					200.0	3.0	significant	debiased_response_l2_gain		minimal		50.0	0.05	disease_convergence			
analyses/multiverse/results/validation_unavailable.csv			disease labels are tied to the source study cluster resolution					200.0	3.0	significant	debiased_response_l2_gain		observability		15.0	0.05	disease_convergence			
analyses/multiverse/results/validation_unavailable.csv			fewer than two clusters or outcome classes remain				disease_125_observability	200.0	3.0	significant	debiased_response_l2_gain		observability		30.0	0.05	disease_convergence			
analyses/multiverse/results/validation_unavailable.csv			disease labels are tied to the source study cluster resolution					200.0	3.0	significant	debiased_response_l2_gain		observability		50.0	0.05	disease_convergence			
analyses/multiverse/results/validation_unavailable.csv			disease labels are tied to the source study cluster resolution					200.0	3.0	significant	debiased_response_l2_gain		reproducibility		15.0	0.05	disease_convergence			
analyses/multiverse/results/validation_unavailable.csv			fewer than two clusters or outcome classes remain				disease_125_reproducibility	200.0	3.0	significant	debiased_response_l2_gain		reproducibility		30.0	0.05	disease_convergence			
analyses/multiverse/results/validation_unavailable.csv			disease labels are tied to the source study cluster resolution					200.0	3.0	significant	debiased_response_l2_gain		reproducibility		50.0	0.05	disease_convergence			
analyses/multiverse/results/validation_unavailable.csv			disease labels are tied to the source study cluster resolution					200.0	3.0	significant	debiased_response_l2_gain		no_state		15.0	0.05	disease_convergence			
analyses/multiverse/results/validation_unavailable.csv			fewer than two clusters or outcome classes remain				disease_125_no_state	200.0	3.0	significant	debiased_response_l2_gain		no_state		30.0	0.05	disease_convergence			
analyses/multiverse/results/validation_unavailable.csv			disease labels are tied to the source study cluster resolution					200.0	3.0	significant	debiased_response_l2_gain		no_state		50.0	0.05	disease_convergence			
analyses/multiverse/results/validation_unavailable.csv			disease labels are tied to the source study cluster resolution					200.0	3.0	significant	debiased_response_l2_gain		minimal		15.0	0.1	disease_convergence			
analyses/multiverse/results/validation_unavailable.csv			fewer than two clusters or outcome classes remain				disease_126_minimal	200.0	3.0	significant	debiased_response_l2_gain		minimal		30.0	0.1	disease_convergence			
analyses/multiverse/results/validation_unavailable.csv			disease labels are tied to the source study cluster resolution					200.0	3.0	significant	debiased_response_l2_gain		minimal		50.0	0.1	disease_convergence			
analyses/multiverse/results/validation_unavailable.csv			disease labels are tied to the source study cluster resolution					200.0	3.0	significant	debiased_response_l2_gain		observability		15.0	0.1	disease_convergence			
analyses/multiverse/results/validation_unavailable.csv			fewer than two clusters or outcome classes remain				disease_126_observability	200.0	3.0	significant	debiased_response_l2_gain		observability		30.0	0.1	disease_convergence			
analyses/multiverse/results/validation_unavailable.csv			disease labels are tied to the source study cluster resolution					200.0	3.0	significant	debiased_response_l2_gain		observability		50.0	0.1	disease_convergence			
analyses/multiverse/results/validation_unavailable.csv			disease labels are tied to the source study cluster resolution					200.0	3.0	significant	debiased_response_l2_gain		reproducibility		15.0	0.1	disease_convergence			
analyses/multiverse/results/validation_unavailable.csv			fewer than two clusters or outcome classes remain				disease_126_reproducibility	200.0	3.0	significant	debiased_response_l2_gain		reproducibility		30.0	0.1	disease_convergence			
analyses/multiverse/results/validation_unavailable.csv			disease labels are tied to the source study cluster resolution					200.0	3.0	significant	debiased_response_l2_gain		reproducibility		50.0	0.1	disease_convergence			
analyses/multiverse/results/validation_unavailable.csv			disease labels are tied to the source study cluster resolution					200.0	3.0	significant	debiased_response_l2_gain		no_state		15.0	0.1	disease_convergence			
analyses/multiverse/results/validation_unavailable.csv			fewer than two clusters or outcome classes remain				disease_126_no_state	200.0	3.0	significant	debiased_response_l2_gain		no_state		30.0	0.1	disease_convergence			
analyses/multiverse/results/validation_unavailable.csv			disease labels are tied to the source study cluster resolution					200.0	3.0	significant	debiased_response_l2_gain		no_state		50.0	0.1	disease_convergence			
analyses/multiverse/results/validation_unavailable.csv			disease labels are tied to the source study cluster resolution					200.0	3.0	significant	debiased_response_l2_gain		minimal		15.0	0.15	disease_convergence			
analyses/multiverse/results/validation_unavailable.csv			fewer than two clusters or outcome classes remain				disease_127_minimal	200.0	3.0	significant	debiased_response_l2_gain		minimal		30.0	0.15	disease_convergence			
analyses/multiverse/results/validation_unavailable.csv			disease labels are tied to the source study cluster resolution					200.0	3.0	significant	debiased_response_l2_gain		minimal		50.0	0.15	disease_convergence			
analyses/multiverse/results/validation_unavailable.csv			disease labels are tied to the source study cluster resolution					200.0	3.0	significant	debiased_response_l2_gain		observability		15.0	0.15	disease_convergence			
analyses/multiverse/results/validation_unavailable.csv			fewer than two clusters or outcome classes remain				disease_127_observability	200.0	3.0	significant	debiased_response_l2_gain		observability		30.0	0.15	disease_convergence			
analyses/multiverse/results/validation_unavailable.csv			disease labels are tied to the source study cluster resolution					200.0	3.0	significant	debiased_response_l2_gain		observability		50.0	0.15	disease_convergence			
analyses/multiverse/results/validation_unavailable.csv			disease labels are tied to the source study cluster resolution					200.0	3.0	significant	debiased_response_l2_gain		reproducibility		15.0	0.15	disease_convergence			
analyses/multiverse/results/validation_unavailable.csv			fewer than two clusters or outcome classes remain				disease_127_reproducibility	200.0	3.0	significant	debiased_response_l2_gain		reproducibility		30.0	0.15	disease_convergence			
analyses/multiverse/results/validation_unavailable.csv			disease labels are tied to the source study cluster resolution					200.0	3.0	significant	debiased_response_l2_gain		reproducibility		50.0	0.15	disease_convergence			
analyses/multiverse/results/validation_unavailable.csv			disease labels are tied to the source study cluster resolution					200.0	3.0	significant	debiased_response_l2_gain		no_state		15.0	0.15	disease_convergence			
analyses/multiverse/results/validation_unavailable.csv			fewer than two clusters or outcome classes remain				disease_127_no_state	200.0	3.0	significant	debiased_response_l2_gain		no_state		30.0	0.15	disease_convergence			
analyses/multiverse/results/validation_unavailable.csv			disease labels are tied to the source study cluster resolution					200.0	3.0	significant	debiased_response_l2_gain		no_state		50.0	0.15	disease_convergence			
analyses/multiverse/results/validation_unavailable.csv			disease labels are tied to the source study cluster resolution					200.0	3.0	significant	debiased_response_l2_gain		minimal		15.0	0.2	disease_convergence			
analyses/multiverse/results/validation_unavailable.csv			fewer than two clusters or outcome classes remain				disease_128_minimal	200.0	3.0	significant	debiased_response_l2_gain		minimal		30.0	0.2	disease_convergence			
analyses/multiverse/results/validation_unavailable.csv			disease labels are tied to the source study cluster resolution					200.0	3.0	significant	debiased_response_l2_gain		minimal		50.0	0.2	disease_convergence			
analyses/multiverse/results/validation_unavailable.csv			disease labels are tied to the source study cluster resolution					200.0	3.0	significant	debiased_response_l2_gain		observability		15.0	0.2	disease_convergence			
analyses/multiverse/results/validation_unavailable.csv			fewer than two clusters or outcome classes remain				disease_128_observability	200.0	3.0	significant	debiased_response_l2_gain		observability		30.0	0.2	disease_convergence			
analyses/multiverse/results/validation_unavailable.csv			disease labels are tied to the source study cluster resolution					200.0	3.0	significant	debiased_response_l2_gain		observability		50.0	0.2	disease_convergence			
analyses/multiverse/results/validation_unavailable.csv			disease labels are tied to the source study cluster resolution					200.0	3.0	significant	debiased_response_l2_gain		reproducibility		15.0	0.2	disease_convergence			
analyses/multiverse/results/validation_unavailable.csv			fewer than two clusters or outcome classes remain				disease_128_reproducibility	200.0	3.0	significant	debiased_response_l2_gain		reproducibility		30.0	0.2	disease_convergence			
analyses/multiverse/results/validation_unavailable.csv			disease labels are tied to the source study cluster resolution					200.0	3.0	significant	debiased_response_l2_gain		reproducibility		50.0	0.2	disease_convergence			
analyses/multiverse/results/validation_unavailable.csv			disease labels are tied to the source study cluster resolution					200.0	3.0	significant	debiased_response_l2_gain		no_state		15.0	0.2	disease_convergence			
analyses/multiverse/results/validation_unavailable.csv			fewer than two clusters or outcome classes remain				disease_128_no_state	200.0	3.0	significant	debiased_response_l2_gain		no_state		30.0	0.2	disease_convergence			
analyses/multiverse/results/validation_unavailable.csv			disease labels are tied to the source study cluster resolution					200.0	3.0	significant	debiased_response_l2_gain		no_state		50.0	0.2	disease_convergence			
analyses/multiverse/results/validation_unavailable.csv			disease labels are tied to the source study cluster resolution					200.0	3.0	significant	significant_response_l1_gain		minimal		15.0	0.05	disease_convergence			
analyses/multiverse/results/validation_unavailable.csv			fewer than two clusters or outcome classes remain				disease_129_minimal	200.0	3.0	significant	significant_response_l1_gain		minimal		30.0	0.05	disease_convergence			
analyses/multiverse/results/validation_unavailable.csv			disease labels are tied to the source study cluster resolution					200.0	3.0	significant	significant_response_l1_gain		minimal		50.0	0.05	disease_convergence			
analyses/multiverse/results/validation_unavailable.csv			disease labels are tied to the source study cluster resolution					200.0	3.0	significant	significant_response_l1_gain		observability		15.0	0.05	disease_convergence			
analyses/multiverse/results/validation_unavailable.csv			fewer than two clusters or outcome classes remain				disease_129_observability	200.0	3.0	significant	significant_response_l1_gain		observability		30.0	0.05	disease_convergence			
analyses/multiverse/results/validation_unavailable.csv			disease labels are tied to the source study cluster resolution					200.0	3.0	significant	significant_response_l1_gain		observability		50.0	0.05	disease_convergence			
analyses/multiverse/results/validation_unavailable.csv			disease labels are tied to the source study cluster resolution					200.0	3.0	significant	significant_response_l1_gain		reproducibility		15.0	0.05	disease_convergence			
analyses/multiverse/results/validation_unavailable.csv			fewer than two clusters or outcome classes remain				disease_129_reproducibility	200.0	3.0	significant	significant_response_l1_gain		reproducibility		30.0	0.05	disease_convergence			
analyses/multiverse/results/validation_unavailable.csv			disease labels are tied to the source study cluster resolution					200.0	3.0	significant	significant_response_l1_gain		reproducibility		50.0	0.05	disease_convergence			
analyses/multiverse/results/validation_unavailable.csv			disease labels are tied to the source study cluster resolution					200.0	3.0	significant	significant_response_l1_gain		no_state		15.0	0.05	disease_convergence			
analyses/multiverse/results/validation_unavailable.csv			fewer than two clusters or outcome classes remain				disease_129_no_state	200.0	3.0	significant	significant_response_l1_gain		no_state		30.0	0.05	disease_convergence			
analyses/multiverse/results/validation_unavailable.csv			disease labels are tied to the source study cluster resolution					200.0	3.0	significant	significant_response_l1_gain		no_state		50.0	0.05	disease_convergence			
analyses/multiverse/results/validation_unavailable.csv			disease labels are tied to the source study cluster resolution					200.0	3.0	significant	significant_response_l1_gain		minimal		15.0	0.1	disease_convergence			
analyses/multiverse/results/validation_unavailable.csv			fewer than two clusters or outcome classes remain				disease_130_minimal	200.0	3.0	significant	significant_response_l1_gain		minimal		30.0	0.1	disease_convergence			
analyses/multiverse/results/validation_unavailable.csv			disease labels are tied to the source study cluster resolution					200.0	3.0	significant	significant_response_l1_gain		minimal		50.0	0.1	disease_convergence			
analyses/multiverse/results/validation_unavailable.csv			disease labels are tied to the source study cluster resolution					200.0	3.0	significant	significant_response_l1_gain		observability		15.0	0.1	disease_convergence			
analyses/multiverse/results/validation_unavailable.csv			fewer than two clusters or outcome classes remain				disease_130_observability	200.0	3.0	significant	significant_response_l1_gain		observability		30.0	0.1	disease_convergence			
analyses/multiverse/results/validation_unavailable.csv			disease labels are tied to the source study cluster resolution					200.0	3.0	significant	significant_response_l1_gain		observability		50.0	0.1	disease_convergence			
analyses/multiverse/results/validation_unavailable.csv			disease labels are tied to the source study cluster resolution					200.0	3.0	significant	significant_response_l1_gain		reproducibility		15.0	0.1	disease_convergence			
analyses/multiverse/results/validation_unavailable.csv			fewer than two clusters or outcome classes remain				disease_130_reproducibility	200.0	3.0	significant	significant_response_l1_gain		reproducibility		30.0	0.1	disease_convergence			
analyses/multiverse/results/validation_unavailable.csv			disease labels are tied to the source study cluster resolution					200.0	3.0	significant	significant_response_l1_gain		reproducibility		50.0	0.1	disease_convergence			
analyses/multiverse/results/validation_unavailable.csv			disease labels are tied to the source study cluster resolution					200.0	3.0	significant	significant_response_l1_gain		no_state		15.0	0.1	disease_convergence			
analyses/multiverse/results/validation_unavailable.csv			fewer than two clusters or outcome classes remain				disease_130_no_state	200.0	3.0	significant	significant_response_l1_gain		no_state		30.0	0.1	disease_convergence			
analyses/multiverse/results/validation_unavailable.csv			disease labels are tied to the source study cluster resolution					200.0	3.0	significant	significant_response_l1_gain		no_state		50.0	0.1	disease_convergence			
analyses/multiverse/results/validation_unavailable.csv			disease labels are tied to the source study cluster resolution					200.0	3.0	significant	significant_response_l1_gain		minimal		15.0	0.15	disease_convergence			
analyses/multiverse/results/validation_unavailable.csv			fewer than two clusters or outcome classes remain				disease_131_minimal	200.0	3.0	significant	significant_response_l1_gain		minimal		30.0	0.15	disease_convergence			
analyses/multiverse/results/validation_unavailable.csv			disease labels are tied to the source study cluster resolution					200.0	3.0	significant	significant_response_l1_gain		minimal		50.0	0.15	disease_convergence			
analyses/multiverse/results/validation_unavailable.csv			disease labels are tied to the source study cluster resolution					200.0	3.0	significant	significant_response_l1_gain		observability		15.0	0.15	disease_convergence			
analyses/multiverse/results/validation_unavailable.csv			fewer than two clusters or outcome classes remain				disease_131_observability	200.0	3.0	significant	significant_response_l1_gain		observability		30.0	0.15	disease_convergence			
analyses/multiverse/results/validation_unavailable.csv			disease labels are tied to the source study cluster resolution					200.0	3.0	significant	significant_response_l1_gain		observability		50.0	0.15	disease_convergence			
analyses/multiverse/results/validation_unavailable.csv			disease labels are tied to the source study cluster resolution					200.0	3.0	significant	significant_response_l1_gain		reproducibility		15.0	0.15	disease_convergence			
analyses/multiverse/results/validation_unavailable.csv			fewer than two clusters or outcome classes remain				disease_131_reproducibility	200.0	3.0	significant	significant_response_l1_gain		reproducibility		30.0	0.15	disease_convergence			
analyses/multiverse/results/validation_unavailable.csv			disease labels are tied to the source study cluster resolution					200.0	3.0	significant	significant_response_l1_gain		reproducibility		50.0	0.15	disease_convergence			
analyses/multiverse/results/validation_unavailable.csv			disease labels are tied to the source study cluster resolution					200.0	3.0	significant	significant_response_l1_gain		no_state		15.0	0.15	disease_convergence			
analyses/multiverse/results/validation_unavailable.csv			fewer than two clusters or outcome classes remain				disease_131_no_state	200.0	3.0	significant	significant_response_l1_gain		no_state		30.0	0.15	disease_convergence			
analyses/multiverse/results/validation_unavailable.csv			disease labels are tied to the source study cluster resolution					200.0	3.0	significant	significant_response_l1_gain		no_state		50.0	0.15	disease_convergence			
analyses/multiverse/results/validation_unavailable.csv			disease labels are tied to the source study cluster resolution					200.0	3.0	significant	significant_response_l1_gain		minimal		15.0	0.2	disease_convergence			
analyses/multiverse/results/validation_unavailable.csv			fewer than two clusters or outcome classes remain				disease_132_minimal	200.0	3.0	significant	significant_response_l1_gain		minimal		30.0	0.2	disease_convergence			
analyses/multiverse/results/validation_unavailable.csv			disease labels are tied to the source study cluster resolution					200.0	3.0	significant	significant_response_l1_gain		minimal		50.0	0.2	disease_convergence			
analyses/multiverse/results/validation_unavailable.csv			disease labels are tied to the source study cluster resolution					200.0	3.0	significant	significant_response_l1_gain		observability		15.0	0.2	disease_convergence			
analyses/multiverse/results/validation_unavailable.csv			fewer than two clusters or outcome classes remain				disease_132_observability	200.0	3.0	significant	significant_response_l1_gain		observability		30.0	0.2	disease_convergence			
analyses/multiverse/results/validation_unavailable.csv			disease labels are tied to the source study cluster resolution					200.0	3.0	significant	significant_response_l1_gain		observability		50.0	0.2	disease_convergence			
analyses/multiverse/results/validation_unavailable.csv			disease labels are tied to the source study cluster resolution					200.0	3.0	significant	significant_response_l1_gain		reproducibility		15.0	0.2	disease_convergence			
analyses/multiverse/results/validation_unavailable.csv			fewer than two clusters or outcome classes remain				disease_132_reproducibility	200.0	3.0	significant	significant_response_l1_gain		reproducibility		30.0	0.2	disease_convergence			
analyses/multiverse/results/validation_unavailable.csv			disease labels are tied to the source study cluster resolution					200.0	3.0	significant	significant_response_l1_gain		reproducibility		50.0	0.2	disease_convergence			
analyses/multiverse/results/validation_unavailable.csv			disease labels are tied to the source study cluster resolution					200.0	3.0	significant	significant_response_l1_gain		no_state		15.0	0.2	disease_convergence			
analyses/multiverse/results/validation_unavailable.csv			fewer than two clusters or outcome classes remain				disease_132_no_state	200.0	3.0	significant	significant_response_l1_gain		no_state		30.0	0.2	disease_convergence			
analyses/multiverse/results/validation_unavailable.csv			disease labels are tied to the source study cluster resolution					200.0	3.0	significant	significant_response_l1_gain		no_state		50.0	0.2	disease_convergence			
analyses/multiverse/results/validation_unavailable.csv			disease labels are tied to the source study cluster resolution					200.0	3.0	significant_and_absolute_z_at_least_2	distal_gene_count_residual		minimal		15.0	0.05	disease_convergence			
analyses/multiverse/results/validation_unavailable.csv			fewer than two clusters or outcome classes remain				disease_133_minimal	200.0	3.0	significant_and_absolute_z_at_least_2	distal_gene_count_residual		minimal		30.0	0.05	disease_convergence			
analyses/multiverse/results/validation_unavailable.csv			disease labels are tied to the source study cluster resolution					200.0	3.0	significant_and_absolute_z_at_least_2	distal_gene_count_residual		minimal		50.0	0.05	disease_convergence			
analyses/multiverse/results/validation_unavailable.csv			disease labels are tied to the source study cluster resolution					200.0	3.0	significant_and_absolute_z_at_least_2	distal_gene_count_residual		observability		15.0	0.05	disease_convergence			
analyses/multiverse/results/validation_unavailable.csv			fewer than two clusters or outcome classes remain				disease_133_observability	200.0	3.0	significant_and_absolute_z_at_least_2	distal_gene_count_residual		observability		30.0	0.05	disease_convergence			
analyses/multiverse/results/validation_unavailable.csv			disease labels are tied to the source study cluster resolution					200.0	3.0	significant_and_absolute_z_at_least_2	distal_gene_count_residual		observability		50.0	0.05	disease_convergence			
analyses/multiverse/results/validation_unavailable.csv			disease labels are tied to the source study cluster resolution					200.0	3.0	significant_and_absolute_z_at_least_2	distal_gene_count_residual		reproducibility		15.0	0.05	disease_convergence			
analyses/multiverse/results/validation_unavailable.csv			fewer than two clusters or outcome classes remain				disease_133_reproducibility	200.0	3.0	significant_and_absolute_z_at_least_2	distal_gene_count_residual		reproducibility		30.0	0.05	disease_convergence			
analyses/multiverse/results/validation_unavailable.csv			disease labels are tied to the source study cluster resolution					200.0	3.0	significant_and_absolute_z_at_least_2	distal_gene_count_residual		reproducibility		50.0	0.05	disease_convergence			
analyses/multiverse/results/validation_unavailable.csv			disease labels are tied to the source study cluster resolution					200.0	3.0	significant_and_absolute_z_at_least_2	distal_gene_count_residual		no_state		15.0	0.05	disease_convergence			
analyses/multiverse/results/validation_unavailable.csv			fewer than two clusters or outcome classes remain				disease_133_no_state	200.0	3.0	significant_and_absolute_z_at_least_2	distal_gene_count_residual		no_state		30.0	0.05	disease_convergence			
analyses/multiverse/results/validation_unavailable.csv			disease labels are tied to the source study cluster resolution					200.0	3.0	significant_and_absolute_z_at_least_2	distal_gene_count_residual		no_state		50.0	0.05	disease_convergence			
analyses/multiverse/results/validation_unavailable.csv			disease labels are tied to the source study cluster resolution					200.0	3.0	significant_and_absolute_z_at_least_2	distal_gene_count_residual		minimal		15.0	0.1	disease_convergence			
analyses/multiverse/results/validation_unavailable.csv			fewer than two clusters or outcome classes remain				disease_134_minimal	200.0	3.0	significant_and_absolute_z_at_least_2	distal_gene_count_residual		minimal		30.0	0.1	disease_convergence			
analyses/multiverse/results/validation_unavailable.csv			disease labels are tied to the source study cluster resolution					200.0	3.0	significant_and_absolute_z_at_least_2	distal_gene_count_residual		minimal		50.0	0.1	disease_convergence			
analyses/multiverse/results/validation_unavailable.csv			disease labels are tied to the source study cluster resolution					200.0	3.0	significant_and_absolute_z_at_least_2	distal_gene_count_residual		observability		15.0	0.1	disease_convergence			
analyses/multiverse/results/validation_unavailable.csv			fewer than two clusters or outcome classes remain				disease_134_observability	200.0	3.0	significant_and_absolute_z_at_least_2	distal_gene_count_residual		observability		30.0	0.1	disease_convergence			
analyses/multiverse/results/validation_unavailable.csv			disease labels are tied to the source study cluster resolution					200.0	3.0	significant_and_absolute_z_at_least_2	distal_gene_count_residual		observability		50.0	0.1	disease_convergence			
analyses/multiverse/results/validation_unavailable.csv			disease labels are tied to the source study cluster resolution					200.0	3.0	significant_and_absolute_z_at_least_2	distal_gene_count_residual		reproducibility		15.0	0.1	disease_convergence			
analyses/multiverse/results/validation_unavailable.csv			fewer than two clusters or outcome classes remain				disease_134_reproducibility	200.0	3.0	significant_and_absolute_z_at_least_2	distal_gene_count_residual		reproducibility		30.0	0.1	disease_convergence			
analyses/multiverse/results/validation_unavailable.csv			disease labels are tied to the source study cluster resolution					200.0	3.0	significant_and_absolute_z_at_least_2	distal_gene_count_residual		reproducibility		50.0	0.1	disease_convergence			
analyses/multiverse/results/validation_unavailable.csv			disease labels are tied to the source study cluster resolution					200.0	3.0	significant_and_absolute_z_at_least_2	distal_gene_count_residual		no_state		15.0	0.1	disease_convergence			
analyses/multiverse/results/validation_unavailable.csv			fewer than two clusters or outcome classes remain				disease_134_no_state	200.0	3.0	significant_and_absolute_z_at_least_2	distal_gene_count_residual		no_state		30.0	0.1	disease_convergence			
analyses/multiverse/results/validation_unavailable.csv			disease labels are tied to the source study cluster resolution					200.0	3.0	significant_and_absolute_z_at_least_2	distal_gene_count_residual		no_state		50.0	0.1	disease_convergence			
analyses/multiverse/results/validation_unavailable.csv			disease labels are tied to the source study cluster resolution					200.0	3.0	significant_and_absolute_z_at_least_2	distal_gene_count_residual		minimal		15.0	0.15	disease_convergence			
analyses/multiverse/results/validation_unavailable.csv			fewer than two clusters or outcome classes remain				disease_135_minimal	200.0	3.0	significant_and_absolute_z_at_least_2	distal_gene_count_residual		minimal		30.0	0.15	disease_convergence			
analyses/multiverse/results/validation_unavailable.csv			disease labels are tied to the source study cluster resolution					200.0	3.0	significant_and_absolute_z_at_least_2	distal_gene_count_residual		minimal		50.0	0.15	disease_convergence			
analyses/multiverse/results/validation_unavailable.csv			disease labels are tied to the source study cluster resolution					200.0	3.0	significant_and_absolute_z_at_least_2	distal_gene_count_residual		observability		15.0	0.15	disease_convergence			
analyses/multiverse/results/validation_unavailable.csv			fewer than two clusters or outcome classes remain				disease_135_observability	200.0	3.0	significant_and_absolute_z_at_least_2	distal_gene_count_residual		observability		30.0	0.15	disease_convergence			
analyses/multiverse/results/validation_unavailable.csv			disease labels are tied to the source study cluster resolution					200.0	3.0	significant_and_absolute_z_at_least_2	distal_gene_count_residual		observability		50.0	0.15	disease_convergence			
analyses/multiverse/results/validation_unavailable.csv			disease labels are tied to the source study cluster resolution					200.0	3.0	significant_and_absolute_z_at_least_2	distal_gene_count_residual		reproducibility		15.0	0.15	disease_convergence			
analyses/multiverse/results/validation_unavailable.csv			fewer than two clusters or outcome classes remain				disease_135_reproducibility	200.0	3.0	significant_and_absolute_z_at_least_2	distal_gene_count_residual		reproducibility		30.0	0.15	disease_convergence			
analyses/multiverse/results/validation_unavailable.csv			disease labels are tied to the source study cluster resolution					200.0	3.0	significant_and_absolute_z_at_least_2	distal_gene_count_residual		reproducibility		50.0	0.15	disease_convergence			
analyses/multiverse/results/validation_unavailable.csv			disease labels are tied to the source study cluster resolution					200.0	3.0	significant_and_absolute_z_at_least_2	distal_gene_count_residual		no_state		15.0	0.15	disease_convergence			
analyses/multiverse/results/validation_unavailable.csv			fewer than two clusters or outcome classes remain				disease_135_no_state	200.0	3.0	significant_and_absolute_z_at_least_2	distal_gene_count_residual		no_state		30.0	0.15	disease_convergence			
analyses/multiverse/results/validation_unavailable.csv			disease labels are tied to the source study cluster resolution					200.0	3.0	significant_and_absolute_z_at_least_2	distal_gene_count_residual		no_state		50.0	0.15	disease_convergence			
analyses/multiverse/results/validation_unavailable.csv			disease labels are tied to the source study cluster resolution					200.0	3.0	significant_and_absolute_z_at_least_2	distal_gene_count_residual		minimal		15.0	0.2	disease_convergence			
analyses/multiverse/results/validation_unavailable.csv			fewer than two clusters or outcome classes remain				disease_136_minimal	200.0	3.0	significant_and_absolute_z_at_least_2	distal_gene_count_residual		minimal		30.0	0.2	disease_convergence			
analyses/multiverse/results/validation_unavailable.csv			disease labels are tied to the source study cluster resolution					200.0	3.0	significant_and_absolute_z_at_least_2	distal_gene_count_residual		minimal		50.0	0.2	disease_convergence			
analyses/multiverse/results/validation_unavailable.csv			disease labels are tied to the source study cluster resolution					200.0	3.0	significant_and_absolute_z_at_least_2	distal_gene_count_residual		observability		15.0	0.2	disease_convergence			
analyses/multiverse/results/validation_unavailable.csv			fewer than two clusters or outcome classes remain				disease_136_observability	200.0	3.0	significant_and_absolute_z_at_least_2	distal_gene_count_residual		observability		30.0	0.2	disease_convergence			
analyses/multiverse/results/validation_unavailable.csv			disease labels are tied to the source study cluster resolution					200.0	3.0	significant_and_absolute_z_at_least_2	distal_gene_count_residual		observability		50.0	0.2	disease_convergence			
analyses/multiverse/results/validation_unavailable.csv			disease labels are tied to the source study cluster resolution					200.0	3.0	significant_and_absolute_z_at_least_2	distal_gene_count_residual		reproducibility		15.0	0.2	disease_convergence			
analyses/multiverse/results/validation_unavailable.csv			fewer than two clusters or outcome classes remain				disease_136_reproducibility	200.0	3.0	significant_and_absolute_z_at_least_2	distal_gene_count_residual		reproducibility		30.0	0.2	disease_convergence			
analyses/multiverse/results/validation_unavailable.csv			disease labels are tied to the source study cluster resolution					200.0	3.0	significant_and_absolute_z_at_least_2	distal_gene_count_residual		reproducibility		50.0	0.2	disease_convergence			
analyses/multiverse/results/validation_unavailable.csv			disease labels are tied to the source study cluster resolution					200.0	3.0	significant_and_absolute_z_at_least_2	distal_gene_count_residual		no_state		15.0	0.2	disease_convergence			
analyses/multiverse/results/validation_unavailable.csv			fewer than two clusters or outcome classes remain				disease_136_no_state	200.0	3.0	significant_and_absolute_z_at_least_2	distal_gene_count_residual		no_state		30.0	0.2	disease_convergence			
analyses/multiverse/results/validation_unavailable.csv			disease labels are tied to the source study cluster resolution					200.0	3.0	significant_and_absolute_z_at_least_2	distal_gene_count_residual		no_state		50.0	0.2	disease_convergence			
analyses/multiverse/results/validation_unavailable.csv			disease labels are tied to the source study cluster resolution					200.0	3.0	significant_and_absolute_z_at_least_2	debiased_response_l2_gain		minimal		15.0	0.05	disease_convergence			
analyses/multiverse/results/validation_unavailable.csv			fewer than two clusters or outcome classes remain				disease_137_minimal	200.0	3.0	significant_and_absolute_z_at_least_2	debiased_response_l2_gain		minimal		30.0	0.05	disease_convergence			
analyses/multiverse/results/validation_unavailable.csv			disease labels are tied to the source study cluster resolution					200.0	3.0	significant_and_absolute_z_at_least_2	debiased_response_l2_gain		minimal		50.0	0.05	disease_convergence			
analyses/multiverse/results/validation_unavailable.csv			disease labels are tied to the source study cluster resolution					200.0	3.0	significant_and_absolute_z_at_least_2	debiased_response_l2_gain		observability		15.0	0.05	disease_convergence			
analyses/multiverse/results/validation_unavailable.csv			fewer than two clusters or outcome classes remain				disease_137_observability	200.0	3.0	significant_and_absolute_z_at_least_2	debiased_response_l2_gain		observability		30.0	0.05	disease_convergence			
analyses/multiverse/results/validation_unavailable.csv			disease labels are tied to the source study cluster resolution					200.0	3.0	significant_and_absolute_z_at_least_2	debiased_response_l2_gain		observability		50.0	0.05	disease_convergence			
analyses/multiverse/results/validation_unavailable.csv			disease labels are tied to the source study cluster resolution					200.0	3.0	significant_and_absolute_z_at_least_2	debiased_response_l2_gain		reproducibility		15.0	0.05	disease_convergence			
analyses/multiverse/results/validation_unavailable.csv			fewer than two clusters or outcome classes remain				disease_137_reproducibility	200.0	3.0	significant_and_absolute_z_at_least_2	debiased_response_l2_gain		reproducibility		30.0	0.05	disease_convergence			
analyses/multiverse/results/validation_unavailable.csv			disease labels are tied to the source study cluster resolution					200.0	3.0	significant_and_absolute_z_at_least_2	debiased_response_l2_gain		reproducibility		50.0	0.05	disease_convergence			
analyses/multiverse/results/validation_unavailable.csv			disease labels are tied to the source study cluster resolution					200.0	3.0	significant_and_absolute_z_at_least_2	debiased_response_l2_gain		no_state		15.0	0.05	disease_convergence			
analyses/multiverse/results/validation_unavailable.csv			fewer than two clusters or outcome classes remain				disease_137_no_state	200.0	3.0	significant_and_absolute_z_at_least_2	debiased_response_l2_gain		no_state		30.0	0.05	disease_convergence			
analyses/multiverse/results/validation_unavailable.csv			disease labels are tied to the source study cluster resolution					200.0	3.0	significant_and_absolute_z_at_least_2	debiased_response_l2_gain		no_state		50.0	0.05	disease_convergence			
analyses/multiverse/results/validation_unavailable.csv			disease labels are tied to the source study cluster resolution					200.0	3.0	significant_and_absolute_z_at_least_2	debiased_response_l2_gain		minimal		15.0	0.1	disease_convergence			
analyses/multiverse/results/validation_unavailable.csv			fewer than two clusters or outcome classes remain				disease_138_minimal	200.0	3.0	significant_and_absolute_z_at_least_2	debiased_response_l2_gain		minimal		30.0	0.1	disease_convergence			
analyses/multiverse/results/validation_unavailable.csv			disease labels are tied to the source study cluster resolution					200.0	3.0	significant_and_absolute_z_at_least_2	debiased_response_l2_gain		minimal		50.0	0.1	disease_convergence			
analyses/multiverse/results/validation_unavailable.csv			disease labels are tied to the source study cluster resolution					200.0	3.0	significant_and_absolute_z_at_least_2	debiased_response_l2_gain		observability		15.0	0.1	disease_convergence			
analyses/multiverse/results/validation_unavailable.csv			fewer than two clusters or outcome classes remain				disease_138_observability	200.0	3.0	significant_and_absolute_z_at_least_2	debiased_response_l2_gain		observability		30.0	0.1	disease_convergence			
analyses/multiverse/results/validation_unavailable.csv			disease labels are tied to the source study cluster resolution					200.0	3.0	significant_and_absolute_z_at_least_2	debiased_response_l2_gain		observability		50.0	0.1	disease_convergence			
analyses/multiverse/results/validation_unavailable.csv			disease labels are tied to the source study cluster resolution					200.0	3.0	significant_and_absolute_z_at_least_2	debiased_response_l2_gain		reproducibility		15.0	0.1	disease_convergence			
analyses/multiverse/results/validation_unavailable.csv			fewer than two clusters or outcome classes remain				disease_138_reproducibility	200.0	3.0	significant_and_absolute_z_at_least_2	debiased_response_l2_gain		reproducibility		30.0	0.1	disease_convergence			
analyses/multiverse/results/validation_unavailable.csv			disease labels are tied to the source study cluster resolution					200.0	3.0	significant_and_absolute_z_at_least_2	debiased_response_l2_gain		reproducibility		50.0	0.1	disease_convergence			
analyses/multiverse/results/validation_unavailable.csv			disease labels are tied to the source study cluster resolution					200.0	3.0	significant_and_absolute_z_at_least_2	debiased_response_l2_gain		no_state		15.0	0.1	disease_convergence			
analyses/multiverse/results/validation_unavailable.csv			fewer than two clusters or outcome classes remain				disease_138_no_state	200.0	3.0	significant_and_absolute_z_at_least_2	debiased_response_l2_gain		no_state		30.0	0.1	disease_convergence			
analyses/multiverse/results/validation_unavailable.csv			disease labels are tied to the source study cluster resolution					200.0	3.0	significant_and_absolute_z_at_least_2	debiased_response_l2_gain		no_state		50.0	0.1	disease_convergence			
analyses/multiverse/results/validation_unavailable.csv			disease labels are tied to the source study cluster resolution					200.0	3.0	significant_and_absolute_z_at_least_2	debiased_response_l2_gain		minimal		15.0	0.15	disease_convergence			
analyses/multiverse/results/validation_unavailable.csv			fewer than two clusters or outcome classes remain				disease_139_minimal	200.0	3.0	significant_and_absolute_z_at_least_2	debiased_response_l2_gain		minimal		30.0	0.15	disease_convergence			
analyses/multiverse/results/validation_unavailable.csv			disease labels are tied to the source study cluster resolution					200.0	3.0	significant_and_absolute_z_at_least_2	debiased_response_l2_gain		minimal		50.0	0.15	disease_convergence			
analyses/multiverse/results/validation_unavailable.csv			disease labels are tied to the source study cluster resolution					200.0	3.0	significant_and_absolute_z_at_least_2	debiased_response_l2_gain		observability		15.0	0.15	disease_convergence			
analyses/multiverse/results/validation_unavailable.csv			fewer than two clusters or outcome classes remain				disease_139_observability	200.0	3.0	significant_and_absolute_z_at_least_2	debiased_response_l2_gain		observability		30.0	0.15	disease_convergence			
analyses/multiverse/results/validation_unavailable.csv			disease labels are tied to the source study cluster resolution					200.0	3.0	significant_and_absolute_z_at_least_2	debiased_response_l2_gain		observability		50.0	0.15	disease_convergence			
analyses/multiverse/results/validation_unavailable.csv			disease labels are tied to the source study cluster resolution					200.0	3.0	significant_and_absolute_z_at_least_2	debiased_response_l2_gain		reproducibility		15.0	0.15	disease_convergence			
analyses/multiverse/results/validation_unavailable.csv			fewer than two clusters or outcome classes remain				disease_139_reproducibility	200.0	3.0	significant_and_absolute_z_at_least_2	debiased_response_l2_gain		reproducibility		30.0	0.15	disease_convergence			
analyses/multiverse/results/validation_unavailable.csv			disease labels are tied to the source study cluster resolution					200.0	3.0	significant_and_absolute_z_at_least_2	debiased_response_l2_gain		reproducibility		50.0	0.15	disease_convergence			
analyses/multiverse/results/validation_unavailable.csv			disease labels are tied to the source study cluster resolution					200.0	3.0	significant_and_absolute_z_at_least_2	debiased_response_l2_gain		no_state		15.0	0.15	disease_convergence			
analyses/multiverse/results/validation_unavailable.csv			fewer than two clusters or outcome classes remain				disease_139_no_state	200.0	3.0	significant_and_absolute_z_at_least_2	debiased_response_l2_gain		no_state		30.0	0.15	disease_convergence			
analyses/multiverse/results/validation_unavailable.csv			disease labels are tied to the source study cluster resolution					200.0	3.0	significant_and_absolute_z_at_least_2	debiased_response_l2_gain		no_state		50.0	0.15	disease_convergence			
analyses/multiverse/results/validation_unavailable.csv			disease labels are tied to the source study cluster resolution					200.0	3.0	significant_and_absolute_z_at_least_2	debiased_response_l2_gain		minimal		15.0	0.2	disease_convergence			
analyses/multiverse/results/validation_unavailable.csv			fewer than two clusters or outcome classes remain				disease_140_minimal	200.0	3.0	significant_and_absolute_z_at_least_2	debiased_response_l2_gain		minimal		30.0	0.2	disease_convergence			
analyses/multiverse/results/validation_unavailable.csv			disease labels are tied to the source study cluster resolution					200.0	3.0	significant_and_absolute_z_at_least_2	debiased_response_l2_gain		minimal		50.0	0.2	disease_convergence			
analyses/multiverse/results/validation_unavailable.csv			disease labels are tied to the source study cluster resolution					200.0	3.0	significant_and_absolute_z_at_least_2	debiased_response_l2_gain		observability		15.0	0.2	disease_convergence			
analyses/multiverse/results/validation_unavailable.csv			fewer than two clusters or outcome classes remain				disease_140_observability	200.0	3.0	significant_and_absolute_z_at_least_2	debiased_response_l2_gain		observability		30.0	0.2	disease_convergence			
analyses/multiverse/results/validation_unavailable.csv			disease labels are tied to the source study cluster resolution					200.0	3.0	significant_and_absolute_z_at_least_2	debiased_response_l2_gain		observability		50.0	0.2	disease_convergence			
analyses/multiverse/results/validation_unavailable.csv			disease labels are tied to the source study cluster resolution					200.0	3.0	significant_and_absolute_z_at_least_2	debiased_response_l2_gain		reproducibility		15.0	0.2	disease_convergence			
analyses/multiverse/results/validation_unavailable.csv			fewer than two clusters or outcome classes remain				disease_140_reproducibility	200.0	3.0	significant_and_absolute_z_at_least_2	debiased_response_l2_gain		reproducibility		30.0	0.2	disease_convergence			
analyses/multiverse/results/validation_unavailable.csv			disease labels are tied to the source study cluster resolution					200.0	3.0	significant_and_absolute_z_at_least_2	debiased_response_l2_gain		reproducibility		50.0	0.2	disease_convergence			
analyses/multiverse/results/validation_unavailable.csv			disease labels are tied to the source study cluster resolution					200.0	3.0	significant_and_absolute_z_at_least_2	debiased_response_l2_gain		no_state		15.0	0.2	disease_convergence			
analyses/multiverse/results/validation_unavailable.csv			fewer than two clusters or outcome classes remain				disease_140_no_state	200.0	3.0	significant_and_absolute_z_at_least_2	debiased_response_l2_gain		no_state		30.0	0.2	disease_convergence			
analyses/multiverse/results/validation_unavailable.csv			disease labels are tied to the source study cluster resolution					200.0	3.0	significant_and_absolute_z_at_least_2	debiased_response_l2_gain		no_state		50.0	0.2	disease_convergence			
analyses/multiverse/results/validation_unavailable.csv			disease labels are tied to the source study cluster resolution					200.0	3.0	significant_and_absolute_z_at_least_2	significant_response_l1_gain		minimal		15.0	0.05	disease_convergence			
analyses/multiverse/results/validation_unavailable.csv			fewer than two clusters or outcome classes remain				disease_141_minimal	200.0	3.0	significant_and_absolute_z_at_least_2	significant_response_l1_gain		minimal		30.0	0.05	disease_convergence			
analyses/multiverse/results/validation_unavailable.csv			disease labels are tied to the source study cluster resolution					200.0	3.0	significant_and_absolute_z_at_least_2	significant_response_l1_gain		minimal		50.0	0.05	disease_convergence			
analyses/multiverse/results/validation_unavailable.csv			disease labels are tied to the source study cluster resolution					200.0	3.0	significant_and_absolute_z_at_least_2	significant_response_l1_gain		observability		15.0	0.05	disease_convergence			
analyses/multiverse/results/validation_unavailable.csv			fewer than two clusters or outcome classes remain				disease_141_observability	200.0	3.0	significant_and_absolute_z_at_least_2	significant_response_l1_gain		observability		30.0	0.05	disease_convergence			
analyses/multiverse/results/validation_unavailable.csv			disease labels are tied to the source study cluster resolution					200.0	3.0	significant_and_absolute_z_at_least_2	significant_response_l1_gain		observability		50.0	0.05	disease_convergence			
analyses/multiverse/results/validation_unavailable.csv			disease labels are tied to the source study cluster resolution					200.0	3.0	significant_and_absolute_z_at_least_2	significant_response_l1_gain		reproducibility		15.0	0.05	disease_convergence			
analyses/multiverse/results/validation_unavailable.csv			fewer than two clusters or outcome classes remain				disease_141_reproducibility	200.0	3.0	significant_and_absolute_z_at_least_2	significant_response_l1_gain		reproducibility		30.0	0.05	disease_convergence			
analyses/multiverse/results/validation_unavailable.csv			disease labels are tied to the source study cluster resolution					200.0	3.0	significant_and_absolute_z_at_least_2	significant_response_l1_gain		reproducibility		50.0	0.05	disease_convergence			
analyses/multiverse/results/validation_unavailable.csv			disease labels are tied to the source study cluster resolution					200.0	3.0	significant_and_absolute_z_at_least_2	significant_response_l1_gain		no_state		15.0	0.05	disease_convergence			
analyses/multiverse/results/validation_unavailable.csv			fewer than two clusters or outcome classes remain				disease_141_no_state	200.0	3.0	significant_and_absolute_z_at_least_2	significant_response_l1_gain		no_state		30.0	0.05	disease_convergence			
analyses/multiverse/results/validation_unavailable.csv			disease labels are tied to the source study cluster resolution					200.0	3.0	significant_and_absolute_z_at_least_2	significant_response_l1_gain		no_state		50.0	0.05	disease_convergence			
analyses/multiverse/results/validation_unavailable.csv			disease labels are tied to the source study cluster resolution					200.0	3.0	significant_and_absolute_z_at_least_2	significant_response_l1_gain		minimal		15.0	0.1	disease_convergence			
analyses/multiverse/results/validation_unavailable.csv			fewer than two clusters or outcome classes remain				disease_142_minimal	200.0	3.0	significant_and_absolute_z_at_least_2	significant_response_l1_gain		minimal		30.0	0.1	disease_convergence			
analyses/multiverse/results/validation_unavailable.csv			disease labels are tied to the source study cluster resolution					200.0	3.0	significant_and_absolute_z_at_least_2	significant_response_l1_gain		minimal		50.0	0.1	disease_convergence			
analyses/multiverse/results/validation_unavailable.csv			disease labels are tied to the source study cluster resolution					200.0	3.0	significant_and_absolute_z_at_least_2	significant_response_l1_gain		observability		15.0	0.1	disease_convergence			
analyses/multiverse/results/validation_unavailable.csv			fewer than two clusters or outcome classes remain				disease_142_observability	200.0	3.0	significant_and_absolute_z_at_least_2	significant_response_l1_gain		observability		30.0	0.1	disease_convergence			
analyses/multiverse/results/validation_unavailable.csv			disease labels are tied to the source study cluster resolution					200.0	3.0	significant_and_absolute_z_at_least_2	significant_response_l1_gain		observability		50.0	0.1	disease_convergence			
analyses/multiverse/results/validation_unavailable.csv			disease labels are tied to the source study cluster resolution					200.0	3.0	significant_and_absolute_z_at_least_2	significant_response_l1_gain		reproducibility		15.0	0.1	disease_convergence			
analyses/multiverse/results/validation_unavailable.csv			fewer than two clusters or outcome classes remain				disease_142_reproducibility	200.0	3.0	significant_and_absolute_z_at_least_2	significant_response_l1_gain		reproducibility		30.0	0.1	disease_convergence			
analyses/multiverse/results/validation_unavailable.csv			disease labels are tied to the source study cluster resolution					200.0	3.0	significant_and_absolute_z_at_least_2	significant_response_l1_gain		reproducibility		50.0	0.1	disease_convergence			
analyses/multiverse/results/validation_unavailable.csv			disease labels are tied to the source study cluster resolution					200.0	3.0	significant_and_absolute_z_at_least_2	significant_response_l1_gain		no_state		15.0	0.1	disease_convergence			
analyses/multiverse/results/validation_unavailable.csv			fewer than two clusters or outcome classes remain				disease_142_no_state	200.0	3.0	significant_and_absolute_z_at_least_2	significant_response_l1_gain		no_state		30.0	0.1	disease_convergence			
analyses/multiverse/results/validation_unavailable.csv			disease labels are tied to the source study cluster resolution					200.0	3.0	significant_and_absolute_z_at_least_2	significant_response_l1_gain		no_state		50.0	0.1	disease_convergence			
analyses/multiverse/results/validation_unavailable.csv			disease labels are tied to the source study cluster resolution					200.0	3.0	significant_and_absolute_z_at_least_2	significant_response_l1_gain		minimal		15.0	0.15	disease_convergence			
analyses/multiverse/results/validation_unavailable.csv			fewer than two clusters or outcome classes remain				disease_143_minimal	200.0	3.0	significant_and_absolute_z_at_least_2	significant_response_l1_gain		minimal		30.0	0.15	disease_convergence			
analyses/multiverse/results/validation_unavailable.csv			disease labels are tied to the source study cluster resolution					200.0	3.0	significant_and_absolute_z_at_least_2	significant_response_l1_gain		minimal		50.0	0.15	disease_convergence			
analyses/multiverse/results/validation_unavailable.csv			disease labels are tied to the source study cluster resolution					200.0	3.0	significant_and_absolute_z_at_least_2	significant_response_l1_gain		observability		15.0	0.15	disease_convergence			
analyses/multiverse/results/validation_unavailable.csv			fewer than two clusters or outcome classes remain				disease_143_observability	200.0	3.0	significant_and_absolute_z_at_least_2	significant_response_l1_gain		observability		30.0	0.15	disease_convergence			
analyses/multiverse/results/validation_unavailable.csv			disease labels are tied to the source study cluster resolution					200.0	3.0	significant_and_absolute_z_at_least_2	significant_response_l1_gain		observability		50.0	0.15	disease_convergence			
analyses/multiverse/results/validation_unavailable.csv			disease labels are tied to the source study cluster resolution					200.0	3.0	significant_and_absolute_z_at_least_2	significant_response_l1_gain		reproducibility		15.0	0.15	disease_convergence			
analyses/multiverse/results/validation_unavailable.csv			fewer than two clusters or outcome classes remain				disease_143_reproducibility	200.0	3.0	significant_and_absolute_z_at_least_2	significant_response_l1_gain		reproducibility		30.0	0.15	disease_convergence			
analyses/multiverse/results/validation_unavailable.csv			disease labels are tied to the source study cluster resolution					200.0	3.0	significant_and_absolute_z_at_least_2	significant_response_l1_gain		reproducibility		50.0	0.15	disease_convergence			
analyses/multiverse/results/validation_unavailable.csv			disease labels are tied to the source study cluster resolution					200.0	3.0	significant_and_absolute_z_at_least_2	significant_response_l1_gain		no_state		15.0	0.15	disease_convergence			
analyses/multiverse/results/validation_unavailable.csv			fewer than two clusters or outcome classes remain				disease_143_no_state	200.0	3.0	significant_and_absolute_z_at_least_2	significant_response_l1_gain		no_state		30.0	0.15	disease_convergence			
analyses/multiverse/results/validation_unavailable.csv			disease labels are tied to the source study cluster resolution					200.0	3.0	significant_and_absolute_z_at_least_2	significant_response_l1_gain		no_state		50.0	0.15	disease_convergence			
analyses/multiverse/results/validation_unavailable.csv			disease labels are tied to the source study cluster resolution					200.0	3.0	significant_and_absolute_z_at_least_2	significant_response_l1_gain		minimal		15.0	0.2	disease_convergence			
analyses/multiverse/results/validation_unavailable.csv			fewer than two clusters or outcome classes remain				disease_144_minimal	200.0	3.0	significant_and_absolute_z_at_least_2	significant_response_l1_gain		minimal		30.0	0.2	disease_convergence			
analyses/multiverse/results/validation_unavailable.csv			disease labels are tied to the source study cluster resolution					200.0	3.0	significant_and_absolute_z_at_least_2	significant_response_l1_gain		minimal		50.0	0.2	disease_convergence			
analyses/multiverse/results/validation_unavailable.csv			disease labels are tied to the source study cluster resolution					200.0	3.0	significant_and_absolute_z_at_least_2	significant_response_l1_gain		observability		15.0	0.2	disease_convergence			
analyses/multiverse/results/validation_unavailable.csv			fewer than two clusters or outcome classes remain				disease_144_observability	200.0	3.0	significant_and_absolute_z_at_least_2	significant_response_l1_gain		observability		30.0	0.2	disease_convergence			
analyses/multiverse/results/validation_unavailable.csv			disease labels are tied to the source study cluster resolution					200.0	3.0	significant_and_absolute_z_at_least_2	significant_response_l1_gain		observability		50.0	0.2	disease_convergence			
analyses/multiverse/results/validation_unavailable.csv			disease labels are tied to the source study cluster resolution					200.0	3.0	significant_and_absolute_z_at_least_2	significant_response_l1_gain		reproducibility		15.0	0.2	disease_convergence			
analyses/multiverse/results/validation_unavailable.csv			fewer than two clusters or outcome classes remain				disease_144_reproducibility	200.0	3.0	significant_and_absolute_z_at_least_2	significant_response_l1_gain		reproducibility		30.0	0.2	disease_convergence			
analyses/multiverse/results/validation_unavailable.csv			disease labels are tied to the source study cluster resolution					200.0	3.0	significant_and_absolute_z_at_least_2	significant_response_l1_gain		reproducibility		50.0	0.2	disease_convergence			
analyses/multiverse/results/validation_unavailable.csv			disease labels are tied to the source study cluster resolution					200.0	3.0	significant_and_absolute_z_at_least_2	significant_response_l1_gain		no_state		15.0	0.2	disease_convergence			
analyses/multiverse/results/validation_unavailable.csv			fewer than two clusters or outcome classes remain				disease_144_no_state	200.0	3.0	significant_and_absolute_z_at_least_2	significant_response_l1_gain		no_state		30.0	0.2	disease_convergence			
analyses/multiverse/results/validation_unavailable.csv			disease labels are tied to the source study cluster resolution					200.0	3.0	significant_and_absolute_z_at_least_2	significant_response_l1_gain		no_state		50.0	0.2	disease_convergence			
analyses/multiverse/results/validation_unavailable.csv			disease labels are tied to the source study cluster resolution					300.0	1.0	significant	distal_gene_count_residual		minimal		15.0	0.05	disease_convergence			
analyses/multiverse/results/validation_unavailable.csv			disease labels are tied to the source study cluster resolution					300.0	1.0	significant	distal_gene_count_residual		minimal		50.0	0.05	disease_convergence			
analyses/multiverse/results/validation_unavailable.csv			disease labels are tied to the source study cluster resolution					300.0	1.0	significant	distal_gene_count_residual		observability		15.0	0.05	disease_convergence			
analyses/multiverse/results/validation_unavailable.csv			disease labels are tied to the source study cluster resolution					300.0	1.0	significant	distal_gene_count_residual		observability		50.0	0.05	disease_convergence			
analyses/multiverse/results/validation_unavailable.csv			disease labels are tied to the source study cluster resolution					300.0	1.0	significant	distal_gene_count_residual		reproducibility		15.0	0.05	disease_convergence			
analyses/multiverse/results/validation_unavailable.csv			disease labels are tied to the source study cluster resolution					300.0	1.0	significant	distal_gene_count_residual		reproducibility		50.0	0.05	disease_convergence			
analyses/multiverse/results/validation_unavailable.csv			disease labels are tied to the source study cluster resolution					300.0	1.0	significant	distal_gene_count_residual		no_state		15.0	0.05	disease_convergence			
analyses/multiverse/results/validation_unavailable.csv			disease labels are tied to the source study cluster resolution					300.0	1.0	significant	distal_gene_count_residual		no_state		50.0	0.05	disease_convergence			
analyses/multiverse/results/validation_unavailable.csv			disease labels are tied to the source study cluster resolution					300.0	1.0	significant	distal_gene_count_residual		minimal		15.0	0.1	disease_convergence			
analyses/multiverse/results/validation_unavailable.csv			disease labels are tied to the source study cluster resolution					300.0	1.0	significant	distal_gene_count_residual		minimal		50.0	0.1	disease_convergence			
analyses/multiverse/results/validation_unavailable.csv			disease labels are tied to the source study cluster resolution					300.0	1.0	significant	distal_gene_count_residual		observability		15.0	0.1	disease_convergence			
analyses/multiverse/results/validation_unavailable.csv			disease labels are tied to the source study cluster resolution					300.0	1.0	significant	distal_gene_count_residual		observability		50.0	0.1	disease_convergence			
analyses/multiverse/results/validation_unavailable.csv			disease labels are tied to the source study cluster resolution					300.0	1.0	significant	distal_gene_count_residual		reproducibility		15.0	0.1	disease_convergence			
analyses/multiverse/results/validation_unavailable.csv			disease labels are tied to the source study cluster resolution					300.0	1.0	significant	distal_gene_count_residual		reproducibility		50.0	0.1	disease_convergence			
analyses/multiverse/results/validation_unavailable.csv			disease labels are tied to the source study cluster resolution					300.0	1.0	significant	distal_gene_count_residual		no_state		15.0	0.1	disease_convergence			
analyses/multiverse/results/validation_unavailable.csv			disease labels are tied to the source study cluster resolution					300.0	1.0	significant	distal_gene_count_residual		no_state		50.0	0.1	disease_convergence			
analyses/multiverse/results/validation_unavailable.csv			disease labels are tied to the source study cluster resolution					300.0	1.0	significant	distal_gene_count_residual		minimal		15.0	0.15	disease_convergence			
analyses/multiverse/results/validation_unavailable.csv			disease labels are tied to the source study cluster resolution					300.0	1.0	significant	distal_gene_count_residual		minimal		50.0	0.15	disease_convergence			
analyses/multiverse/results/validation_unavailable.csv			disease labels are tied to the source study cluster resolution					300.0	1.0	significant	distal_gene_count_residual		observability		15.0	0.15	disease_convergence			
analyses/multiverse/results/validation_unavailable.csv			disease labels are tied to the source study cluster resolution					300.0	1.0	significant	distal_gene_count_residual		observability		50.0	0.15	disease_convergence			
analyses/multiverse/results/validation_unavailable.csv			disease labels are tied to the source study cluster resolution					300.0	1.0	significant	distal_gene_count_residual		reproducibility		15.0	0.15	disease_convergence			
analyses/multiverse/results/validation_unavailable.csv			disease labels are tied to the source study cluster resolution					300.0	1.0	significant	distal_gene_count_residual		reproducibility		50.0	0.15	disease_convergence			
analyses/multiverse/results/validation_unavailable.csv			disease labels are tied to the source study cluster resolution					300.0	1.0	significant	distal_gene_count_residual		no_state		15.0	0.15	disease_convergence			
analyses/multiverse/results/validation_unavailable.csv			disease labels are tied to the source study cluster resolution					300.0	1.0	significant	distal_gene_count_residual		no_state		50.0	0.15	disease_convergence			
analyses/multiverse/results/validation_unavailable.csv			disease labels are tied to the source study cluster resolution					300.0	1.0	significant	distal_gene_count_residual		minimal		15.0	0.2	disease_convergence			
analyses/multiverse/results/validation_unavailable.csv			disease labels are tied to the source study cluster resolution					300.0	1.0	significant	distal_gene_count_residual		minimal		50.0	0.2	disease_convergence			
analyses/multiverse/results/validation_unavailable.csv			disease labels are tied to the source study cluster resolution					300.0	1.0	significant	distal_gene_count_residual		observability		15.0	0.2	disease_convergence			
analyses/multiverse/results/validation_unavailable.csv			disease labels are tied to the source study cluster resolution					300.0	1.0	significant	distal_gene_count_residual		observability		50.0	0.2	disease_convergence			
analyses/multiverse/results/validation_unavailable.csv			disease labels are tied to the source study cluster resolution					300.0	1.0	significant	distal_gene_count_residual		reproducibility		15.0	0.2	disease_convergence			
analyses/multiverse/results/validation_unavailable.csv			disease labels are tied to the source study cluster resolution					300.0	1.0	significant	distal_gene_count_residual		reproducibility		50.0	0.2	disease_convergence			
analyses/multiverse/results/validation_unavailable.csv			disease labels are tied to the source study cluster resolution					300.0	1.0	significant	distal_gene_count_residual		no_state		15.0	0.2	disease_convergence			
analyses/multiverse/results/validation_unavailable.csv			disease labels are tied to the source study cluster resolution					300.0	1.0	significant	distal_gene_count_residual		no_state		50.0	0.2	disease_convergence			
analyses/multiverse/results/validation_unavailable.csv			disease labels are tied to the source study cluster resolution					300.0	1.0	significant	debiased_response_l2_gain		minimal		15.0	0.05	disease_convergence			
analyses/multiverse/results/validation_unavailable.csv			disease labels are tied to the source study cluster resolution					300.0	1.0	significant	debiased_response_l2_gain		minimal		50.0	0.05	disease_convergence			
analyses/multiverse/results/validation_unavailable.csv			disease labels are tied to the source study cluster resolution					300.0	1.0	significant	debiased_response_l2_gain		observability		15.0	0.05	disease_convergence			
analyses/multiverse/results/validation_unavailable.csv			disease labels are tied to the source study cluster resolution					300.0	1.0	significant	debiased_response_l2_gain		observability		50.0	0.05	disease_convergence			
analyses/multiverse/results/validation_unavailable.csv			disease labels are tied to the source study cluster resolution					300.0	1.0	significant	debiased_response_l2_gain		reproducibility		15.0	0.05	disease_convergence			
analyses/multiverse/results/validation_unavailable.csv			disease labels are tied to the source study cluster resolution					300.0	1.0	significant	debiased_response_l2_gain		reproducibility		50.0	0.05	disease_convergence			
analyses/multiverse/results/validation_unavailable.csv			disease labels are tied to the source study cluster resolution					300.0	1.0	significant	debiased_response_l2_gain		no_state		15.0	0.05	disease_convergence			
analyses/multiverse/results/validation_unavailable.csv			disease labels are tied to the source study cluster resolution					300.0	1.0	significant	debiased_response_l2_gain		no_state		50.0	0.05	disease_convergence			
analyses/multiverse/results/validation_unavailable.csv			disease labels are tied to the source study cluster resolution					300.0	1.0	significant	debiased_response_l2_gain		minimal		15.0	0.1	disease_convergence			
analyses/multiverse/results/validation_unavailable.csv			disease labels are tied to the source study cluster resolution					300.0	1.0	significant	debiased_response_l2_gain		minimal		50.0	0.1	disease_convergence			
analyses/multiverse/results/validation_unavailable.csv			disease labels are tied to the source study cluster resolution					300.0	1.0	significant	debiased_response_l2_gain		observability		15.0	0.1	disease_convergence			
analyses/multiverse/results/validation_unavailable.csv			disease labels are tied to the source study cluster resolution					300.0	1.0	significant	debiased_response_l2_gain		observability		50.0	0.1	disease_convergence			
analyses/multiverse/results/validation_unavailable.csv			disease labels are tied to the source study cluster resolution					300.0	1.0	significant	debiased_response_l2_gain		reproducibility		15.0	0.1	disease_convergence			
analyses/multiverse/results/validation_unavailable.csv			disease labels are tied to the source study cluster resolution					300.0	1.0	significant	debiased_response_l2_gain		reproducibility		50.0	0.1	disease_convergence			
analyses/multiverse/results/validation_unavailable.csv			disease labels are tied to the source study cluster resolution					300.0	1.0	significant	debiased_response_l2_gain		no_state		15.0	0.1	disease_convergence			
analyses/multiverse/results/validation_unavailable.csv			disease labels are tied to the source study cluster resolution					300.0	1.0	significant	debiased_response_l2_gain		no_state		50.0	0.1	disease_convergence			
analyses/multiverse/results/validation_unavailable.csv			disease labels are tied to the source study cluster resolution					300.0	1.0	significant	debiased_response_l2_gain		minimal		15.0	0.15	disease_convergence			
analyses/multiverse/results/validation_unavailable.csv			disease labels are tied to the source study cluster resolution					300.0	1.0	significant	debiased_response_l2_gain		minimal		50.0	0.15	disease_convergence			
analyses/multiverse/results/validation_unavailable.csv			disease labels are tied to the source study cluster resolution					300.0	1.0	significant	debiased_response_l2_gain		observability		15.0	0.15	disease_convergence			
analyses/multiverse/results/validation_unavailable.csv			disease labels are tied to the source study cluster resolution					300.0	1.0	significant	debiased_response_l2_gain		observability		50.0	0.15	disease_convergence			
analyses/multiverse/results/validation_unavailable.csv			disease labels are tied to the source study cluster resolution					300.0	1.0	significant	debiased_response_l2_gain		reproducibility		15.0	0.15	disease_convergence			
analyses/multiverse/results/validation_unavailable.csv			disease labels are tied to the source study cluster resolution					300.0	1.0	significant	debiased_response_l2_gain		reproducibility		50.0	0.15	disease_convergence			
analyses/multiverse/results/validation_unavailable.csv			disease labels are tied to the source study cluster resolution					300.0	1.0	significant	debiased_response_l2_gain		no_state		15.0	0.15	disease_convergence			
analyses/multiverse/results/validation_unavailable.csv			disease labels are tied to the source study cluster resolution					300.0	1.0	significant	debiased_response_l2_gain		no_state		50.0	0.15	disease_convergence			
analyses/multiverse/results/validation_unavailable.csv			disease labels are tied to the source study cluster resolution					300.0	1.0	significant	debiased_response_l2_gain		minimal		15.0	0.2	disease_convergence			
analyses/multiverse/results/validation_unavailable.csv			disease labels are tied to the source study cluster resolution					300.0	1.0	significant	debiased_response_l2_gain		minimal		50.0	0.2	disease_convergence			
analyses/multiverse/results/validation_unavailable.csv			disease labels are tied to the source study cluster resolution					300.0	1.0	significant	debiased_response_l2_gain		observability		15.0	0.2	disease_convergence			
analyses/multiverse/results/validation_unavailable.csv			disease labels are tied to the source study cluster resolution					300.0	1.0	significant	debiased_response_l2_gain		observability		50.0	0.2	disease_convergence			
analyses/multiverse/results/validation_unavailable.csv			disease labels are tied to the source study cluster resolution					300.0	1.0	significant	debiased_response_l2_gain		reproducibility		15.0	0.2	disease_convergence			
analyses/multiverse/results/validation_unavailable.csv			disease labels are tied to the source study cluster resolution					300.0	1.0	significant	debiased_response_l2_gain		reproducibility		50.0	0.2	disease_convergence			
analyses/multiverse/results/validation_unavailable.csv			disease labels are tied to the source study cluster resolution					300.0	1.0	significant	debiased_response_l2_gain		no_state		15.0	0.2	disease_convergence			
analyses/multiverse/results/validation_unavailable.csv			disease labels are tied to the source study cluster resolution					300.0	1.0	significant	debiased_response_l2_gain		no_state		50.0	0.2	disease_convergence			
analyses/multiverse/results/validation_unavailable.csv			disease labels are tied to the source study cluster resolution					300.0	1.0	significant	significant_response_l1_gain		minimal		15.0	0.05	disease_convergence			
analyses/multiverse/results/validation_unavailable.csv			disease labels are tied to the source study cluster resolution					300.0	1.0	significant	significant_response_l1_gain		minimal		50.0	0.05	disease_convergence			
analyses/multiverse/results/validation_unavailable.csv			disease labels are tied to the source study cluster resolution					300.0	1.0	significant	significant_response_l1_gain		observability		15.0	0.05	disease_convergence			
analyses/multiverse/results/validation_unavailable.csv			disease labels are tied to the source study cluster resolution					300.0	1.0	significant	significant_response_l1_gain		observability		50.0	0.05	disease_convergence			
analyses/multiverse/results/validation_unavailable.csv			disease labels are tied to the source study cluster resolution					300.0	1.0	significant	significant_response_l1_gain		reproducibility		15.0	0.05	disease_convergence			
analyses/multiverse/results/validation_unavailable.csv			disease labels are tied to the source study cluster resolution					300.0	1.0	significant	significant_response_l1_gain		reproducibility		50.0	0.05	disease_convergence			
analyses/multiverse/results/validation_unavailable.csv			disease labels are tied to the source study cluster resolution					300.0	1.0	significant	significant_response_l1_gain		no_state		15.0	0.05	disease_convergence			
analyses/multiverse/results/validation_unavailable.csv			disease labels are tied to the source study cluster resolution					300.0	1.0	significant	significant_response_l1_gain		no_state		50.0	0.05	disease_convergence			
analyses/multiverse/results/validation_unavailable.csv			disease labels are tied to the source study cluster resolution					300.0	1.0	significant	significant_response_l1_gain		minimal		15.0	0.1	disease_convergence			
analyses/multiverse/results/validation_unavailable.csv			disease labels are tied to the source study cluster resolution					300.0	1.0	significant	significant_response_l1_gain		minimal		50.0	0.1	disease_convergence			
analyses/multiverse/results/validation_unavailable.csv			disease labels are tied to the source study cluster resolution					300.0	1.0	significant	significant_response_l1_gain		observability		15.0	0.1	disease_convergence			
analyses/multiverse/results/validation_unavailable.csv			disease labels are tied to the source study cluster resolution					300.0	1.0	significant	significant_response_l1_gain		observability		50.0	0.1	disease_convergence			
analyses/multiverse/results/validation_unavailable.csv			disease labels are tied to the source study cluster resolution					300.0	1.0	significant	significant_response_l1_gain		reproducibility		15.0	0.1	disease_convergence			
analyses/multiverse/results/validation_unavailable.csv			disease labels are tied to the source study cluster resolution					300.0	1.0	significant	significant_response_l1_gain		reproducibility		50.0	0.1	disease_convergence			
analyses/multiverse/results/validation_unavailable.csv			disease labels are tied to the source study cluster resolution					300.0	1.0	significant	significant_response_l1_gain		no_state		15.0	0.1	disease_convergence			
analyses/multiverse/results/validation_unavailable.csv			disease labels are tied to the source study cluster resolution					300.0	1.0	significant	significant_response_l1_gain		no_state		50.0	0.1	disease_convergence			
analyses/multiverse/results/validation_unavailable.csv			disease labels are tied to the source study cluster resolution					300.0	1.0	significant	significant_response_l1_gain		minimal		15.0	0.15	disease_convergence			
analyses/multiverse/results/validation_unavailable.csv			disease labels are tied to the source study cluster resolution					300.0	1.0	significant	significant_response_l1_gain		minimal		50.0	0.15	disease_convergence			
analyses/multiverse/results/validation_unavailable.csv			disease labels are tied to the source study cluster resolution					300.0	1.0	significant	significant_response_l1_gain		observability		15.0	0.15	disease_convergence			
analyses/multiverse/results/validation_unavailable.csv			disease labels are tied to the source study cluster resolution					300.0	1.0	significant	significant_response_l1_gain		observability		50.0	0.15	disease_convergence			
analyses/multiverse/results/validation_unavailable.csv			disease labels are tied to the source study cluster resolution					300.0	1.0	significant	significant_response_l1_gain		reproducibility		15.0	0.15	disease_convergence			
analyses/multiverse/results/validation_unavailable.csv			disease labels are tied to the source study cluster resolution					300.0	1.0	significant	significant_response_l1_gain		reproducibility		50.0	0.15	disease_convergence			
analyses/multiverse/results/validation_unavailable.csv			disease labels are tied to the source study cluster resolution					300.0	1.0	significant	significant_response_l1_gain		no_state		15.0	0.15	disease_convergence			
analyses/multiverse/results/validation_unavailable.csv			disease labels are tied to the source study cluster resolution					300.0	1.0	significant	significant_response_l1_gain		no_state		50.0	0.15	disease_convergence			
analyses/multiverse/results/validation_unavailable.csv			disease labels are tied to the source study cluster resolution					300.0	1.0	significant	significant_response_l1_gain		minimal		15.0	0.2	disease_convergence			
analyses/multiverse/results/validation_unavailable.csv			disease labels are tied to the source study cluster resolution					300.0	1.0	significant	significant_response_l1_gain		minimal		50.0	0.2	disease_convergence			
analyses/multiverse/results/validation_unavailable.csv			disease labels are tied to the source study cluster resolution					300.0	1.0	significant	significant_response_l1_gain		observability		15.0	0.2	disease_convergence			
analyses/multiverse/results/validation_unavailable.csv			disease labels are tied to the source study cluster resolution					300.0	1.0	significant	significant_response_l1_gain		observability		50.0	0.2	disease_convergence			
analyses/multiverse/results/validation_unavailable.csv			disease labels are tied to the source study cluster resolution					300.0	1.0	significant	significant_response_l1_gain		reproducibility		15.0	0.2	disease_convergence			
analyses/multiverse/results/validation_unavailable.csv			disease labels are tied to the source study cluster resolution					300.0	1.0	significant	significant_response_l1_gain		reproducibility		50.0	0.2	disease_convergence			
analyses/multiverse/results/validation_unavailable.csv			disease labels are tied to the source study cluster resolution					300.0	1.0	significant	significant_response_l1_gain		no_state		15.0	0.2	disease_convergence			
analyses/multiverse/results/validation_unavailable.csv			disease labels are tied to the source study cluster resolution					300.0	1.0	significant	significant_response_l1_gain		no_state		50.0	0.2	disease_convergence			
analyses/multiverse/results/validation_unavailable.csv			disease labels are tied to the source study cluster resolution					300.0	1.0	significant_and_absolute_z_at_least_2	distal_gene_count_residual		minimal		15.0	0.05	disease_convergence			
analyses/multiverse/results/validation_unavailable.csv			disease labels are tied to the source study cluster resolution					300.0	1.0	significant_and_absolute_z_at_least_2	distal_gene_count_residual		minimal		50.0	0.05	disease_convergence			
analyses/multiverse/results/validation_unavailable.csv			disease labels are tied to the source study cluster resolution					300.0	1.0	significant_and_absolute_z_at_least_2	distal_gene_count_residual		observability		15.0	0.05	disease_convergence			
analyses/multiverse/results/validation_unavailable.csv			disease labels are tied to the source study cluster resolution					300.0	1.0	significant_and_absolute_z_at_least_2	distal_gene_count_residual		observability		50.0	0.05	disease_convergence			
analyses/multiverse/results/validation_unavailable.csv			disease labels are tied to the source study cluster resolution					300.0	1.0	significant_and_absolute_z_at_least_2	distal_gene_count_residual		reproducibility		15.0	0.05	disease_convergence			
analyses/multiverse/results/validation_unavailable.csv			disease labels are tied to the source study cluster resolution					300.0	1.0	significant_and_absolute_z_at_least_2	distal_gene_count_residual		reproducibility		50.0	0.05	disease_convergence			
analyses/multiverse/results/validation_unavailable.csv			disease labels are tied to the source study cluster resolution					300.0	1.0	significant_and_absolute_z_at_least_2	distal_gene_count_residual		no_state		15.0	0.05	disease_convergence			
analyses/multiverse/results/validation_unavailable.csv			disease labels are tied to the source study cluster resolution					300.0	1.0	significant_and_absolute_z_at_least_2	distal_gene_count_residual		no_state		50.0	0.05	disease_convergence			
analyses/multiverse/results/validation_unavailable.csv			disease labels are tied to the source study cluster resolution					300.0	1.0	significant_and_absolute_z_at_least_2	distal_gene_count_residual		minimal		15.0	0.1	disease_convergence			
analyses/multiverse/results/validation_unavailable.csv			disease labels are tied to the source study cluster resolution					300.0	1.0	significant_and_absolute_z_at_least_2	distal_gene_count_residual		minimal		50.0	0.1	disease_convergence			
analyses/multiverse/results/validation_unavailable.csv			disease labels are tied to the source study cluster resolution					300.0	1.0	significant_and_absolute_z_at_least_2	distal_gene_count_residual		observability		15.0	0.1	disease_convergence			
analyses/multiverse/results/validation_unavailable.csv			disease labels are tied to the source study cluster resolution					300.0	1.0	significant_and_absolute_z_at_least_2	distal_gene_count_residual		observability		50.0	0.1	disease_convergence			
analyses/multiverse/results/validation_unavailable.csv			disease labels are tied to the source study cluster resolution					300.0	1.0	significant_and_absolute_z_at_least_2	distal_gene_count_residual		reproducibility		15.0	0.1	disease_convergence			
analyses/multiverse/results/validation_unavailable.csv			disease labels are tied to the source study cluster resolution					300.0	1.0	significant_and_absolute_z_at_least_2	distal_gene_count_residual		reproducibility		50.0	0.1	disease_convergence			
analyses/multiverse/results/validation_unavailable.csv			disease labels are tied to the source study cluster resolution					300.0	1.0	significant_and_absolute_z_at_least_2	distal_gene_count_residual		no_state		15.0	0.1	disease_convergence			
analyses/multiverse/results/validation_unavailable.csv			disease labels are tied to the source study cluster resolution					300.0	1.0	significant_and_absolute_z_at_least_2	distal_gene_count_residual		no_state		50.0	0.1	disease_convergence			
analyses/multiverse/results/validation_unavailable.csv			disease labels are tied to the source study cluster resolution					300.0	1.0	significant_and_absolute_z_at_least_2	distal_gene_count_residual		minimal		15.0	0.15	disease_convergence			
analyses/multiverse/results/validation_unavailable.csv			disease labels are tied to the source study cluster resolution					300.0	1.0	significant_and_absolute_z_at_least_2	distal_gene_count_residual		minimal		50.0	0.15	disease_convergence			
analyses/multiverse/results/validation_unavailable.csv			disease labels are tied to the source study cluster resolution					300.0	1.0	significant_and_absolute_z_at_least_2	distal_gene_count_residual		observability		15.0	0.15	disease_convergence			
analyses/multiverse/results/validation_unavailable.csv			disease labels are tied to the source study cluster resolution					300.0	1.0	significant_and_absolute_z_at_least_2	distal_gene_count_residual		observability		50.0	0.15	disease_convergence			
analyses/multiverse/results/validation_unavailable.csv			disease labels are tied to the source study cluster resolution					300.0	1.0	significant_and_absolute_z_at_least_2	distal_gene_count_residual		reproducibility		15.0	0.15	disease_convergence			
analyses/multiverse/results/validation_unavailable.csv			disease labels are tied to the source study cluster resolution					300.0	1.0	significant_and_absolute_z_at_least_2	distal_gene_count_residual		reproducibility		50.0	0.15	disease_convergence			
analyses/multiverse/results/validation_unavailable.csv			disease labels are tied to the source study cluster resolution					300.0	1.0	significant_and_absolute_z_at_least_2	distal_gene_count_residual		no_state		15.0	0.15	disease_convergence			
analyses/multiverse/results/validation_unavailable.csv			disease labels are tied to the source study cluster resolution					300.0	1.0	significant_and_absolute_z_at_least_2	distal_gene_count_residual		no_state		50.0	0.15	disease_convergence			
analyses/multiverse/results/validation_unavailable.csv			disease labels are tied to the source study cluster resolution					300.0	1.0	significant_and_absolute_z_at_least_2	distal_gene_count_residual		minimal		15.0	0.2	disease_convergence			
analyses/multiverse/results/validation_unavailable.csv			disease labels are tied to the source study cluster resolution					300.0	1.0	significant_and_absolute_z_at_least_2	distal_gene_count_residual		minimal		50.0	0.2	disease_convergence			
analyses/multiverse/results/validation_unavailable.csv			disease labels are tied to the source study cluster resolution					300.0	1.0	significant_and_absolute_z_at_least_2	distal_gene_count_residual		observability		15.0	0.2	disease_convergence			
analyses/multiverse/results/validation_unavailable.csv			disease labels are tied to the source study cluster resolution					300.0	1.0	significant_and_absolute_z_at_least_2	distal_gene_count_residual		observability		50.0	0.2	disease_convergence			
analyses/multiverse/results/validation_unavailable.csv			disease labels are tied to the source study cluster resolution					300.0	1.0	significant_and_absolute_z_at_least_2	distal_gene_count_residual		reproducibility		15.0	0.2	disease_convergence			
analyses/multiverse/results/validation_unavailable.csv			disease labels are tied to the source study cluster resolution					300.0	1.0	significant_and_absolute_z_at_least_2	distal_gene_count_residual		reproducibility		50.0	0.2	disease_convergence			
analyses/multiverse/results/validation_unavailable.csv			disease labels are tied to the source study cluster resolution					300.0	1.0	significant_and_absolute_z_at_least_2	distal_gene_count_residual		no_state		15.0	0.2	disease_convergence			
analyses/multiverse/results/validation_unavailable.csv			disease labels are tied to the source study cluster resolution					300.0	1.0	significant_and_absolute_z_at_least_2	distal_gene_count_residual		no_state		50.0	0.2	disease_convergence			
analyses/multiverse/results/validation_unavailable.csv			disease labels are tied to the source study cluster resolution					300.0	1.0	significant_and_absolute_z_at_least_2	debiased_response_l2_gain		minimal		15.0	0.05	disease_convergence			
analyses/multiverse/results/validation_unavailable.csv			disease labels are tied to the source study cluster resolution					300.0	1.0	significant_and_absolute_z_at_least_2	debiased_response_l2_gain		minimal		50.0	0.05	disease_convergence			
analyses/multiverse/results/validation_unavailable.csv			disease labels are tied to the source study cluster resolution					300.0	1.0	significant_and_absolute_z_at_least_2	debiased_response_l2_gain		observability		15.0	0.05	disease_convergence			
analyses/multiverse/results/validation_unavailable.csv			disease labels are tied to the source study cluster resolution					300.0	1.0	significant_and_absolute_z_at_least_2	debiased_response_l2_gain		observability		50.0	0.05	disease_convergence			
analyses/multiverse/results/validation_unavailable.csv			disease labels are tied to the source study cluster resolution					300.0	1.0	significant_and_absolute_z_at_least_2	debiased_response_l2_gain		reproducibility		15.0	0.05	disease_convergence			
analyses/multiverse/results/validation_unavailable.csv			disease labels are tied to the source study cluster resolution					300.0	1.0	significant_and_absolute_z_at_least_2	debiased_response_l2_gain		reproducibility		50.0	0.05	disease_convergence			
analyses/multiverse/results/validation_unavailable.csv			disease labels are tied to the source study cluster resolution					300.0	1.0	significant_and_absolute_z_at_least_2	debiased_response_l2_gain		no_state		15.0	0.05	disease_convergence			
analyses/multiverse/results/validation_unavailable.csv			disease labels are tied to the source study cluster resolution					300.0	1.0	significant_and_absolute_z_at_least_2	debiased_response_l2_gain		no_state		50.0	0.05	disease_convergence			
analyses/multiverse/results/validation_unavailable.csv			disease labels are tied to the source study cluster resolution					300.0	1.0	significant_and_absolute_z_at_least_2	debiased_response_l2_gain		minimal		15.0	0.1	disease_convergence			
analyses/multiverse/results/validation_unavailable.csv			disease labels are tied to the source study cluster resolution					300.0	1.0	significant_and_absolute_z_at_least_2	debiased_response_l2_gain		minimal		50.0	0.1	disease_convergence			
analyses/multiverse/results/validation_unavailable.csv			disease labels are tied to the source study cluster resolution					300.0	1.0	significant_and_absolute_z_at_least_2	debiased_response_l2_gain		observability		15.0	0.1	disease_convergence			
analyses/multiverse/results/validation_unavailable.csv			disease labels are tied to the source study cluster resolution					300.0	1.0	significant_and_absolute_z_at_least_2	debiased_response_l2_gain		observability		50.0	0.1	disease_convergence			
analyses/multiverse/results/validation_unavailable.csv			disease labels are tied to the source study cluster resolution					300.0	1.0	significant_and_absolute_z_at_least_2	debiased_response_l2_gain		reproducibility		15.0	0.1	disease_convergence			
analyses/multiverse/results/validation_unavailable.csv			disease labels are tied to the source study cluster resolution					300.0	1.0	significant_and_absolute_z_at_least_2	debiased_response_l2_gain		reproducibility		50.0	0.1	disease_convergence			
analyses/multiverse/results/validation_unavailable.csv			disease labels are tied to the source study cluster resolution					300.0	1.0	significant_and_absolute_z_at_least_2	debiased_response_l2_gain		no_state		15.0	0.1	disease_convergence			
analyses/multiverse/results/validation_unavailable.csv			disease labels are tied to the source study cluster resolution					300.0	1.0	significant_and_absolute_z_at_least_2	debiased_response_l2_gain		no_state		50.0	0.1	disease_convergence			
analyses/multiverse/results/validation_unavailable.csv			disease labels are tied to the source study cluster resolution					300.0	1.0	significant_and_absolute_z_at_least_2	debiased_response_l2_gain		minimal		15.0	0.15	disease_convergence			
analyses/multiverse/results/validation_unavailable.csv			disease labels are tied to the source study cluster resolution					300.0	1.0	significant_and_absolute_z_at_least_2	debiased_response_l2_gain		minimal		50.0	0.15	disease_convergence			
analyses/multiverse/results/validation_unavailable.csv			disease labels are tied to the source study cluster resolution					300.0	1.0	significant_and_absolute_z_at_least_2	debiased_response_l2_gain		observability		15.0	0.15	disease_convergence			
analyses/multiverse/results/validation_unavailable.csv			disease labels are tied to the source study cluster resolution					300.0	1.0	significant_and_absolute_z_at_least_2	debiased_response_l2_gain		observability		50.0	0.15	disease_convergence			
analyses/multiverse/results/validation_unavailable.csv			disease labels are tied to the source study cluster resolution					300.0	1.0	significant_and_absolute_z_at_least_2	debiased_response_l2_gain		reproducibility		15.0	0.15	disease_convergence			
analyses/multiverse/results/validation_unavailable.csv			disease labels are tied to the source study cluster resolution					300.0	1.0	significant_and_absolute_z_at_least_2	debiased_response_l2_gain		reproducibility		50.0	0.15	disease_convergence			
analyses/multiverse/results/validation_unavailable.csv			disease labels are tied to the source study cluster resolution					300.0	1.0	significant_and_absolute_z_at_least_2	debiased_response_l2_gain		no_state		15.0	0.15	disease_convergence			
analyses/multiverse/results/validation_unavailable.csv			disease labels are tied to the source study cluster resolution					300.0	1.0	significant_and_absolute_z_at_least_2	debiased_response_l2_gain		no_state		50.0	0.15	disease_convergence			
analyses/multiverse/results/validation_unavailable.csv			disease labels are tied to the source study cluster resolution					300.0	1.0	significant_and_absolute_z_at_least_2	debiased_response_l2_gain		minimal		15.0	0.2	disease_convergence			
analyses/multiverse/results/validation_unavailable.csv			disease labels are tied to the source study cluster resolution					300.0	1.0	significant_and_absolute_z_at_least_2	debiased_response_l2_gain		minimal		50.0	0.2	disease_convergence			
analyses/multiverse/results/validation_unavailable.csv			disease labels are tied to the source study cluster resolution					300.0	1.0	significant_and_absolute_z_at_least_2	debiased_response_l2_gain		observability		15.0	0.2	disease_convergence			
analyses/multiverse/results/validation_unavailable.csv			disease labels are tied to the source study cluster resolution					300.0	1.0	significant_and_absolute_z_at_least_2	debiased_response_l2_gain		observability		50.0	0.2	disease_convergence			
analyses/multiverse/results/validation_unavailable.csv			disease labels are tied to the source study cluster resolution					300.0	1.0	significant_and_absolute_z_at_least_2	debiased_response_l2_gain		reproducibility		15.0	0.2	disease_convergence			
analyses/multiverse/results/validation_unavailable.csv			disease labels are tied to the source study cluster resolution					300.0	1.0	significant_and_absolute_z_at_least_2	debiased_response_l2_gain		reproducibility		50.0	0.2	disease_convergence			
analyses/multiverse/results/validation_unavailable.csv			disease labels are tied to the source study cluster resolution					300.0	1.0	significant_and_absolute_z_at_least_2	debiased_response_l2_gain		no_state		15.0	0.2	disease_convergence			
analyses/multiverse/results/validation_unavailable.csv			disease labels are tied to the source study cluster resolution					300.0	1.0	significant_and_absolute_z_at_least_2	debiased_response_l2_gain		no_state		50.0	0.2	disease_convergence			
analyses/multiverse/results/validation_unavailable.csv			disease labels are tied to the source study cluster resolution					300.0	1.0	significant_and_absolute_z_at_least_2	significant_response_l1_gain		minimal		15.0	0.05	disease_convergence			
analyses/multiverse/results/validation_unavailable.csv			disease labels are tied to the source study cluster resolution					300.0	1.0	significant_and_absolute_z_at_least_2	significant_response_l1_gain		minimal		50.0	0.05	disease_convergence			
analyses/multiverse/results/validation_unavailable.csv			disease labels are tied to the source study cluster resolution					300.0	1.0	significant_and_absolute_z_at_least_2	significant_response_l1_gain		observability		15.0	0.05	disease_convergence			
analyses/multiverse/results/validation_unavailable.csv			disease labels are tied to the source study cluster resolution					300.0	1.0	significant_and_absolute_z_at_least_2	significant_response_l1_gain		observability		50.0	0.05	disease_convergence			
analyses/multiverse/results/validation_unavailable.csv			disease labels are tied to the source study cluster resolution					300.0	1.0	significant_and_absolute_z_at_least_2	significant_response_l1_gain		reproducibility		15.0	0.05	disease_convergence			
analyses/multiverse/results/validation_unavailable.csv			disease labels are tied to the source study cluster resolution					300.0	1.0	significant_and_absolute_z_at_least_2	significant_response_l1_gain		reproducibility		50.0	0.05	disease_convergence			
analyses/multiverse/results/validation_unavailable.csv			disease labels are tied to the source study cluster resolution					300.0	1.0	significant_and_absolute_z_at_least_2	significant_response_l1_gain		no_state		15.0	0.05	disease_convergence			
analyses/multiverse/results/validation_unavailable.csv			disease labels are tied to the source study cluster resolution					300.0	1.0	significant_and_absolute_z_at_least_2	significant_response_l1_gain		no_state		50.0	0.05	disease_convergence			
analyses/multiverse/results/validation_unavailable.csv			disease labels are tied to the source study cluster resolution					300.0	1.0	significant_and_absolute_z_at_least_2	significant_response_l1_gain		minimal		15.0	0.1	disease_convergence			
analyses/multiverse/results/validation_unavailable.csv			disease labels are tied to the source study cluster resolution					300.0	1.0	significant_and_absolute_z_at_least_2	significant_response_l1_gain		minimal		50.0	0.1	disease_convergence			
analyses/multiverse/results/validation_unavailable.csv			disease labels are tied to the source study cluster resolution					300.0	1.0	significant_and_absolute_z_at_least_2	significant_response_l1_gain		observability		15.0	0.1	disease_convergence			
analyses/multiverse/results/validation_unavailable.csv			disease labels are tied to the source study cluster resolution					300.0	1.0	significant_and_absolute_z_at_least_2	significant_response_l1_gain		observability		50.0	0.1	disease_convergence			
analyses/multiverse/results/validation_unavailable.csv			disease labels are tied to the source study cluster resolution					300.0	1.0	significant_and_absolute_z_at_least_2	significant_response_l1_gain		reproducibility		15.0	0.1	disease_convergence			
analyses/multiverse/results/validation_unavailable.csv			disease labels are tied to the source study cluster resolution					300.0	1.0	significant_and_absolute_z_at_least_2	significant_response_l1_gain		reproducibility		50.0	0.1	disease_convergence			
analyses/multiverse/results/validation_unavailable.csv			disease labels are tied to the source study cluster resolution					300.0	1.0	significant_and_absolute_z_at_least_2	significant_response_l1_gain		no_state		15.0	0.1	disease_convergence			
analyses/multiverse/results/validation_unavailable.csv			disease labels are tied to the source study cluster resolution					300.0	1.0	significant_and_absolute_z_at_least_2	significant_response_l1_gain		no_state		50.0	0.1	disease_convergence			
analyses/multiverse/results/validation_unavailable.csv			disease labels are tied to the source study cluster resolution					300.0	1.0	significant_and_absolute_z_at_least_2	significant_response_l1_gain		minimal		15.0	0.15	disease_convergence			
analyses/multiverse/results/validation_unavailable.csv			disease labels are tied to the source study cluster resolution					300.0	1.0	significant_and_absolute_z_at_least_2	significant_response_l1_gain		minimal		50.0	0.15	disease_convergence			
analyses/multiverse/results/validation_unavailable.csv			disease labels are tied to the source study cluster resolution					300.0	1.0	significant_and_absolute_z_at_least_2	significant_response_l1_gain		observability		15.0	0.15	disease_convergence			
analyses/multiverse/results/validation_unavailable.csv			disease labels are tied to the source study cluster resolution					300.0	1.0	significant_and_absolute_z_at_least_2	significant_response_l1_gain		observability		50.0	0.15	disease_convergence			
analyses/multiverse/results/validation_unavailable.csv			disease labels are tied to the source study cluster resolution					300.0	1.0	significant_and_absolute_z_at_least_2	significant_response_l1_gain		reproducibility		15.0	0.15	disease_convergence			
analyses/multiverse/results/validation_unavailable.csv			disease labels are tied to the source study cluster resolution					300.0	1.0	significant_and_absolute_z_at_least_2	significant_response_l1_gain		reproducibility		50.0	0.15	disease_convergence			
analyses/multiverse/results/validation_unavailable.csv			disease labels are tied to the source study cluster resolution					300.0	1.0	significant_and_absolute_z_at_least_2	significant_response_l1_gain		no_state		15.0	0.15	disease_convergence			
analyses/multiverse/results/validation_unavailable.csv			disease labels are tied to the source study cluster resolution					300.0	1.0	significant_and_absolute_z_at_least_2	significant_response_l1_gain		no_state		50.0	0.15	disease_convergence			
analyses/multiverse/results/validation_unavailable.csv			disease labels are tied to the source study cluster resolution					300.0	1.0	significant_and_absolute_z_at_least_2	significant_response_l1_gain		minimal		15.0	0.2	disease_convergence			
analyses/multiverse/results/validation_unavailable.csv			disease labels are tied to the source study cluster resolution					300.0	1.0	significant_and_absolute_z_at_least_2	significant_response_l1_gain		minimal		50.0	0.2	disease_convergence			
analyses/multiverse/results/validation_unavailable.csv			disease labels are tied to the source study cluster resolution					300.0	1.0	significant_and_absolute_z_at_least_2	significant_response_l1_gain		observability		15.0	0.2	disease_convergence			
analyses/multiverse/results/validation_unavailable.csv			disease labels are tied to the source study cluster resolution					300.0	1.0	significant_and_absolute_z_at_least_2	significant_response_l1_gain		observability		50.0	0.2	disease_convergence			
analyses/multiverse/results/validation_unavailable.csv			disease labels are tied to the source study cluster resolution					300.0	1.0	significant_and_absolute_z_at_least_2	significant_response_l1_gain		reproducibility		15.0	0.2	disease_convergence			
analyses/multiverse/results/validation_unavailable.csv			disease labels are tied to the source study cluster resolution					300.0	1.0	significant_and_absolute_z_at_least_2	significant_response_l1_gain		reproducibility		50.0	0.2	disease_convergence			
analyses/multiverse/results/validation_unavailable.csv			disease labels are tied to the source study cluster resolution					300.0	1.0	significant_and_absolute_z_at_least_2	significant_response_l1_gain		no_state		15.0	0.2	disease_convergence			
analyses/multiverse/results/validation_unavailable.csv			disease labels are tied to the source study cluster resolution					300.0	1.0	significant_and_absolute_z_at_least_2	significant_response_l1_gain		no_state		50.0	0.2	disease_convergence			
analyses/multiverse/results/validation_unavailable.csv			disease labels are tied to the source study cluster resolution					300.0	2.0	significant	distal_gene_count_residual		minimal		15.0	0.05	disease_convergence			
analyses/multiverse/results/validation_unavailable.csv			disease labels are tied to the source study cluster resolution					300.0	2.0	significant	distal_gene_count_residual		minimal		50.0	0.05	disease_convergence			
analyses/multiverse/results/validation_unavailable.csv			disease labels are tied to the source study cluster resolution					300.0	2.0	significant	distal_gene_count_residual		observability		15.0	0.05	disease_convergence			
analyses/multiverse/results/validation_unavailable.csv			disease labels are tied to the source study cluster resolution					300.0	2.0	significant	distal_gene_count_residual		observability		50.0	0.05	disease_convergence			
analyses/multiverse/results/validation_unavailable.csv			disease labels are tied to the source study cluster resolution					300.0	2.0	significant	distal_gene_count_residual		reproducibility		15.0	0.05	disease_convergence			
analyses/multiverse/results/validation_unavailable.csv			disease labels are tied to the source study cluster resolution					300.0	2.0	significant	distal_gene_count_residual		reproducibility		50.0	0.05	disease_convergence			
analyses/multiverse/results/validation_unavailable.csv			disease labels are tied to the source study cluster resolution					300.0	2.0	significant	distal_gene_count_residual		no_state		15.0	0.05	disease_convergence			
analyses/multiverse/results/validation_unavailable.csv			disease labels are tied to the source study cluster resolution					300.0	2.0	significant	distal_gene_count_residual		no_state		50.0	0.05	disease_convergence			
analyses/multiverse/results/validation_unavailable.csv			disease labels are tied to the source study cluster resolution					300.0	2.0	significant	distal_gene_count_residual		minimal		15.0	0.1	disease_convergence			
analyses/multiverse/results/validation_unavailable.csv			disease labels are tied to the source study cluster resolution					300.0	2.0	significant	distal_gene_count_residual		minimal		50.0	0.1	disease_convergence			
analyses/multiverse/results/validation_unavailable.csv			disease labels are tied to the source study cluster resolution					300.0	2.0	significant	distal_gene_count_residual		observability		15.0	0.1	disease_convergence			
analyses/multiverse/results/validation_unavailable.csv			disease labels are tied to the source study cluster resolution					300.0	2.0	significant	distal_gene_count_residual		observability		50.0	0.1	disease_convergence			
analyses/multiverse/results/validation_unavailable.csv			disease labels are tied to the source study cluster resolution					300.0	2.0	significant	distal_gene_count_residual		reproducibility		15.0	0.1	disease_convergence			
analyses/multiverse/results/validation_unavailable.csv			disease labels are tied to the source study cluster resolution					300.0	2.0	significant	distal_gene_count_residual		reproducibility		50.0	0.1	disease_convergence			
analyses/multiverse/results/validation_unavailable.csv			disease labels are tied to the source study cluster resolution					300.0	2.0	significant	distal_gene_count_residual		no_state		15.0	0.1	disease_convergence			
analyses/multiverse/results/validation_unavailable.csv			disease labels are tied to the source study cluster resolution					300.0	2.0	significant	distal_gene_count_residual		no_state		50.0	0.1	disease_convergence			
analyses/multiverse/results/validation_unavailable.csv			disease labels are tied to the source study cluster resolution					300.0	2.0	significant	distal_gene_count_residual		minimal		15.0	0.15	disease_convergence			
analyses/multiverse/results/validation_unavailable.csv			disease labels are tied to the source study cluster resolution					300.0	2.0	significant	distal_gene_count_residual		minimal		50.0	0.15	disease_convergence			
analyses/multiverse/results/validation_unavailable.csv			disease labels are tied to the source study cluster resolution					300.0	2.0	significant	distal_gene_count_residual		observability		15.0	0.15	disease_convergence			
analyses/multiverse/results/validation_unavailable.csv			disease labels are tied to the source study cluster resolution					300.0	2.0	significant	distal_gene_count_residual		observability		50.0	0.15	disease_convergence			
analyses/multiverse/results/validation_unavailable.csv			disease labels are tied to the source study cluster resolution					300.0	2.0	significant	distal_gene_count_residual		reproducibility		15.0	0.15	disease_convergence			
analyses/multiverse/results/validation_unavailable.csv			disease labels are tied to the source study cluster resolution					300.0	2.0	significant	distal_gene_count_residual		reproducibility		50.0	0.15	disease_convergence			
analyses/multiverse/results/validation_unavailable.csv			disease labels are tied to the source study cluster resolution					300.0	2.0	significant	distal_gene_count_residual		no_state		15.0	0.15	disease_convergence			
analyses/multiverse/results/validation_unavailable.csv			disease labels are tied to the source study cluster resolution					300.0	2.0	significant	distal_gene_count_residual		no_state		50.0	0.15	disease_convergence			
analyses/multiverse/results/validation_unavailable.csv			disease labels are tied to the source study cluster resolution					300.0	2.0	significant	distal_gene_count_residual		minimal		15.0	0.2	disease_convergence			
analyses/multiverse/results/validation_unavailable.csv			disease labels are tied to the source study cluster resolution					300.0	2.0	significant	distal_gene_count_residual		minimal		50.0	0.2	disease_convergence			
analyses/multiverse/results/validation_unavailable.csv			disease labels are tied to the source study cluster resolution					300.0	2.0	significant	distal_gene_count_residual		observability		15.0	0.2	disease_convergence			
analyses/multiverse/results/validation_unavailable.csv			disease labels are tied to the source study cluster resolution					300.0	2.0	significant	distal_gene_count_residual		observability		50.0	0.2	disease_convergence			
analyses/multiverse/results/validation_unavailable.csv			disease labels are tied to the source study cluster resolution					300.0	2.0	significant	distal_gene_count_residual		reproducibility		15.0	0.2	disease_convergence			
analyses/multiverse/results/validation_unavailable.csv			disease labels are tied to the source study cluster resolution					300.0	2.0	significant	distal_gene_count_residual		reproducibility		50.0	0.2	disease_convergence			
analyses/multiverse/results/validation_unavailable.csv			disease labels are tied to the source study cluster resolution					300.0	2.0	significant	distal_gene_count_residual		no_state		15.0	0.2	disease_convergence			
analyses/multiverse/results/validation_unavailable.csv			disease labels are tied to the source study cluster resolution					300.0	2.0	significant	distal_gene_count_residual		no_state		50.0	0.2	disease_convergence			
analyses/multiverse/results/validation_unavailable.csv			disease labels are tied to the source study cluster resolution					300.0	2.0	significant	debiased_response_l2_gain		minimal		15.0	0.05	disease_convergence			
analyses/multiverse/results/validation_unavailable.csv			disease labels are tied to the source study cluster resolution					300.0	2.0	significant	debiased_response_l2_gain		minimal		50.0	0.05	disease_convergence			
analyses/multiverse/results/validation_unavailable.csv			disease labels are tied to the source study cluster resolution					300.0	2.0	significant	debiased_response_l2_gain		observability		15.0	0.05	disease_convergence			
analyses/multiverse/results/validation_unavailable.csv			disease labels are tied to the source study cluster resolution					300.0	2.0	significant	debiased_response_l2_gain		observability		50.0	0.05	disease_convergence			
analyses/multiverse/results/validation_unavailable.csv			disease labels are tied to the source study cluster resolution					300.0	2.0	significant	debiased_response_l2_gain		reproducibility		15.0	0.05	disease_convergence			
analyses/multiverse/results/validation_unavailable.csv			disease labels are tied to the source study cluster resolution					300.0	2.0	significant	debiased_response_l2_gain		reproducibility		50.0	0.05	disease_convergence			
analyses/multiverse/results/validation_unavailable.csv			disease labels are tied to the source study cluster resolution					300.0	2.0	significant	debiased_response_l2_gain		no_state		15.0	0.05	disease_convergence			
analyses/multiverse/results/validation_unavailable.csv			disease labels are tied to the source study cluster resolution					300.0	2.0	significant	debiased_response_l2_gain		no_state		50.0	0.05	disease_convergence			
analyses/multiverse/results/validation_unavailable.csv			disease labels are tied to the source study cluster resolution					300.0	2.0	significant	debiased_response_l2_gain		minimal		15.0	0.1	disease_convergence			
analyses/multiverse/results/validation_unavailable.csv			disease labels are tied to the source study cluster resolution					300.0	2.0	significant	debiased_response_l2_gain		minimal		50.0	0.1	disease_convergence			
analyses/multiverse/results/validation_unavailable.csv			disease labels are tied to the source study cluster resolution					300.0	2.0	significant	debiased_response_l2_gain		observability		15.0	0.1	disease_convergence			
analyses/multiverse/results/validation_unavailable.csv			disease labels are tied to the source study cluster resolution					300.0	2.0	significant	debiased_response_l2_gain		observability		50.0	0.1	disease_convergence			
analyses/multiverse/results/validation_unavailable.csv			disease labels are tied to the source study cluster resolution					300.0	2.0	significant	debiased_response_l2_gain		reproducibility		15.0	0.1	disease_convergence			
analyses/multiverse/results/validation_unavailable.csv			disease labels are tied to the source study cluster resolution					300.0	2.0	significant	debiased_response_l2_gain		reproducibility		50.0	0.1	disease_convergence			
analyses/multiverse/results/validation_unavailable.csv			disease labels are tied to the source study cluster resolution					300.0	2.0	significant	debiased_response_l2_gain		no_state		15.0	0.1	disease_convergence			
analyses/multiverse/results/validation_unavailable.csv			disease labels are tied to the source study cluster resolution					300.0	2.0	significant	debiased_response_l2_gain		no_state		50.0	0.1	disease_convergence			
analyses/multiverse/results/validation_unavailable.csv			disease labels are tied to the source study cluster resolution					300.0	2.0	significant	debiased_response_l2_gain		minimal		15.0	0.15	disease_convergence			
analyses/multiverse/results/validation_unavailable.csv			disease labels are tied to the source study cluster resolution					300.0	2.0	significant	debiased_response_l2_gain		minimal		50.0	0.15	disease_convergence			
analyses/multiverse/results/validation_unavailable.csv			disease labels are tied to the source study cluster resolution					300.0	2.0	significant	debiased_response_l2_gain		observability		15.0	0.15	disease_convergence			
analyses/multiverse/results/validation_unavailable.csv			disease labels are tied to the source study cluster resolution					300.0	2.0	significant	debiased_response_l2_gain		observability		50.0	0.15	disease_convergence			
analyses/multiverse/results/validation_unavailable.csv			disease labels are tied to the source study cluster resolution					300.0	2.0	significant	debiased_response_l2_gain		reproducibility		15.0	0.15	disease_convergence			
analyses/multiverse/results/validation_unavailable.csv			disease labels are tied to the source study cluster resolution					300.0	2.0	significant	debiased_response_l2_gain		reproducibility		50.0	0.15	disease_convergence			
analyses/multiverse/results/validation_unavailable.csv			disease labels are tied to the source study cluster resolution					300.0	2.0	significant	debiased_response_l2_gain		no_state		15.0	0.15	disease_convergence			
analyses/multiverse/results/validation_unavailable.csv			disease labels are tied to the source study cluster resolution					300.0	2.0	significant	debiased_response_l2_gain		no_state		50.0	0.15	disease_convergence			
analyses/multiverse/results/validation_unavailable.csv			disease labels are tied to the source study cluster resolution					300.0	2.0	significant	debiased_response_l2_gain		minimal		15.0	0.2	disease_convergence			
analyses/multiverse/results/validation_unavailable.csv			disease labels are tied to the source study cluster resolution					300.0	2.0	significant	debiased_response_l2_gain		minimal		50.0	0.2	disease_convergence			
analyses/multiverse/results/validation_unavailable.csv			disease labels are tied to the source study cluster resolution					300.0	2.0	significant	debiased_response_l2_gain		observability		15.0	0.2	disease_convergence			
analyses/multiverse/results/validation_unavailable.csv			disease labels are tied to the source study cluster resolution					300.0	2.0	significant	debiased_response_l2_gain		observability		50.0	0.2	disease_convergence			
analyses/multiverse/results/validation_unavailable.csv			disease labels are tied to the source study cluster resolution					300.0	2.0	significant	debiased_response_l2_gain		reproducibility		15.0	0.2	disease_convergence			
analyses/multiverse/results/validation_unavailable.csv			disease labels are tied to the source study cluster resolution					300.0	2.0	significant	debiased_response_l2_gain		reproducibility		50.0	0.2	disease_convergence			
analyses/multiverse/results/validation_unavailable.csv			disease labels are tied to the source study cluster resolution					300.0	2.0	significant	debiased_response_l2_gain		no_state		15.0	0.2	disease_convergence			
analyses/multiverse/results/validation_unavailable.csv			disease labels are tied to the source study cluster resolution					300.0	2.0	significant	debiased_response_l2_gain		no_state		50.0	0.2	disease_convergence			
analyses/multiverse/results/validation_unavailable.csv			disease labels are tied to the source study cluster resolution					300.0	2.0	significant	significant_response_l1_gain		minimal		15.0	0.05	disease_convergence			
analyses/multiverse/results/validation_unavailable.csv			disease labels are tied to the source study cluster resolution					300.0	2.0	significant	significant_response_l1_gain		minimal		50.0	0.05	disease_convergence			
analyses/multiverse/results/validation_unavailable.csv			disease labels are tied to the source study cluster resolution					300.0	2.0	significant	significant_response_l1_gain		observability		15.0	0.05	disease_convergence			
analyses/multiverse/results/validation_unavailable.csv			disease labels are tied to the source study cluster resolution					300.0	2.0	significant	significant_response_l1_gain		observability		50.0	0.05	disease_convergence			
analyses/multiverse/results/validation_unavailable.csv			disease labels are tied to the source study cluster resolution					300.0	2.0	significant	significant_response_l1_gain		reproducibility		15.0	0.05	disease_convergence			
analyses/multiverse/results/validation_unavailable.csv			disease labels are tied to the source study cluster resolution					300.0	2.0	significant	significant_response_l1_gain		reproducibility		50.0	0.05	disease_convergence			
analyses/multiverse/results/validation_unavailable.csv			disease labels are tied to the source study cluster resolution					300.0	2.0	significant	significant_response_l1_gain		no_state		15.0	0.05	disease_convergence			
analyses/multiverse/results/validation_unavailable.csv			disease labels are tied to the source study cluster resolution					300.0	2.0	significant	significant_response_l1_gain		no_state		50.0	0.05	disease_convergence			
analyses/multiverse/results/validation_unavailable.csv			disease labels are tied to the source study cluster resolution					300.0	2.0	significant	significant_response_l1_gain		minimal		15.0	0.1	disease_convergence			
analyses/multiverse/results/validation_unavailable.csv			disease labels are tied to the source study cluster resolution					300.0	2.0	significant	significant_response_l1_gain		minimal		50.0	0.1	disease_convergence			
analyses/multiverse/results/validation_unavailable.csv			disease labels are tied to the source study cluster resolution					300.0	2.0	significant	significant_response_l1_gain		observability		15.0	0.1	disease_convergence			
analyses/multiverse/results/validation_unavailable.csv			disease labels are tied to the source study cluster resolution					300.0	2.0	significant	significant_response_l1_gain		observability		50.0	0.1	disease_convergence			
analyses/multiverse/results/validation_unavailable.csv			disease labels are tied to the source study cluster resolution					300.0	2.0	significant	significant_response_l1_gain		reproducibility		15.0	0.1	disease_convergence			
analyses/multiverse/results/validation_unavailable.csv			disease labels are tied to the source study cluster resolution					300.0	2.0	significant	significant_response_l1_gain		reproducibility		50.0	0.1	disease_convergence			
analyses/multiverse/results/validation_unavailable.csv			disease labels are tied to the source study cluster resolution					300.0	2.0	significant	significant_response_l1_gain		no_state		15.0	0.1	disease_convergence			
analyses/multiverse/results/validation_unavailable.csv			disease labels are tied to the source study cluster resolution					300.0	2.0	significant	significant_response_l1_gain		no_state		50.0	0.1	disease_convergence			
analyses/multiverse/results/validation_unavailable.csv			disease labels are tied to the source study cluster resolution					300.0	2.0	significant	significant_response_l1_gain		minimal		15.0	0.15	disease_convergence			
analyses/multiverse/results/validation_unavailable.csv			disease labels are tied to the source study cluster resolution					300.0	2.0	significant	significant_response_l1_gain		minimal		50.0	0.15	disease_convergence			
analyses/multiverse/results/validation_unavailable.csv			disease labels are tied to the source study cluster resolution					300.0	2.0	significant	significant_response_l1_gain		observability		15.0	0.15	disease_convergence			
analyses/multiverse/results/validation_unavailable.csv			disease labels are tied to the source study cluster resolution					300.0	2.0	significant	significant_response_l1_gain		observability		50.0	0.15	disease_convergence			
analyses/multiverse/results/validation_unavailable.csv			disease labels are tied to the source study cluster resolution					300.0	2.0	significant	significant_response_l1_gain		reproducibility		15.0	0.15	disease_convergence			
analyses/multiverse/results/validation_unavailable.csv			disease labels are tied to the source study cluster resolution					300.0	2.0	significant	significant_response_l1_gain		reproducibility		50.0	0.15	disease_convergence			
analyses/multiverse/results/validation_unavailable.csv			disease labels are tied to the source study cluster resolution					300.0	2.0	significant	significant_response_l1_gain		no_state		15.0	0.15	disease_convergence			
analyses/multiverse/results/validation_unavailable.csv			disease labels are tied to the source study cluster resolution					300.0	2.0	significant	significant_response_l1_gain		no_state		50.0	0.15	disease_convergence			
analyses/multiverse/results/validation_unavailable.csv			disease labels are tied to the source study cluster resolution					300.0	2.0	significant	significant_response_l1_gain		minimal		15.0	0.2	disease_convergence			
analyses/multiverse/results/validation_unavailable.csv			disease labels are tied to the source study cluster resolution					300.0	2.0	significant	significant_response_l1_gain		minimal		50.0	0.2	disease_convergence			
analyses/multiverse/results/validation_unavailable.csv			disease labels are tied to the source study cluster resolution					300.0	2.0	significant	significant_response_l1_gain		observability		15.0	0.2	disease_convergence			
analyses/multiverse/results/validation_unavailable.csv			disease labels are tied to the source study cluster resolution					300.0	2.0	significant	significant_response_l1_gain		observability		50.0	0.2	disease_convergence			
analyses/multiverse/results/validation_unavailable.csv			disease labels are tied to the source study cluster resolution					300.0	2.0	significant	significant_response_l1_gain		reproducibility		15.0	0.2	disease_convergence			
analyses/multiverse/results/validation_unavailable.csv			disease labels are tied to the source study cluster resolution					300.0	2.0	significant	significant_response_l1_gain		reproducibility		50.0	0.2	disease_convergence			
analyses/multiverse/results/validation_unavailable.csv			disease labels are tied to the source study cluster resolution					300.0	2.0	significant	significant_response_l1_gain		no_state		15.0	0.2	disease_convergence			
analyses/multiverse/results/validation_unavailable.csv			disease labels are tied to the source study cluster resolution					300.0	2.0	significant	significant_response_l1_gain		no_state		50.0	0.2	disease_convergence			
analyses/multiverse/results/validation_unavailable.csv			disease labels are tied to the source study cluster resolution					300.0	2.0	significant_and_absolute_z_at_least_2	distal_gene_count_residual		minimal		15.0	0.05	disease_convergence			
analyses/multiverse/results/validation_unavailable.csv			disease labels are tied to the source study cluster resolution					300.0	2.0	significant_and_absolute_z_at_least_2	distal_gene_count_residual		minimal		50.0	0.05	disease_convergence			
analyses/multiverse/results/validation_unavailable.csv			disease labels are tied to the source study cluster resolution					300.0	2.0	significant_and_absolute_z_at_least_2	distal_gene_count_residual		observability		15.0	0.05	disease_convergence			
analyses/multiverse/results/validation_unavailable.csv			disease labels are tied to the source study cluster resolution					300.0	2.0	significant_and_absolute_z_at_least_2	distal_gene_count_residual		observability		50.0	0.05	disease_convergence			
analyses/multiverse/results/validation_unavailable.csv			disease labels are tied to the source study cluster resolution					300.0	2.0	significant_and_absolute_z_at_least_2	distal_gene_count_residual		reproducibility		15.0	0.05	disease_convergence			
analyses/multiverse/results/validation_unavailable.csv			disease labels are tied to the source study cluster resolution					300.0	2.0	significant_and_absolute_z_at_least_2	distal_gene_count_residual		reproducibility		50.0	0.05	disease_convergence			
analyses/multiverse/results/validation_unavailable.csv			disease labels are tied to the source study cluster resolution					300.0	2.0	significant_and_absolute_z_at_least_2	distal_gene_count_residual		no_state		15.0	0.05	disease_convergence			
analyses/multiverse/results/validation_unavailable.csv			disease labels are tied to the source study cluster resolution					300.0	2.0	significant_and_absolute_z_at_least_2	distal_gene_count_residual		no_state		50.0	0.05	disease_convergence			
analyses/multiverse/results/validation_unavailable.csv			disease labels are tied to the source study cluster resolution					300.0	2.0	significant_and_absolute_z_at_least_2	distal_gene_count_residual		minimal		15.0	0.1	disease_convergence			
analyses/multiverse/results/validation_unavailable.csv			disease labels are tied to the source study cluster resolution					300.0	2.0	significant_and_absolute_z_at_least_2	distal_gene_count_residual		minimal		50.0	0.1	disease_convergence			
analyses/multiverse/results/validation_unavailable.csv			disease labels are tied to the source study cluster resolution					300.0	2.0	significant_and_absolute_z_at_least_2	distal_gene_count_residual		observability		15.0	0.1	disease_convergence			
analyses/multiverse/results/validation_unavailable.csv			disease labels are tied to the source study cluster resolution					300.0	2.0	significant_and_absolute_z_at_least_2	distal_gene_count_residual		observability		50.0	0.1	disease_convergence			
analyses/multiverse/results/validation_unavailable.csv			disease labels are tied to the source study cluster resolution					300.0	2.0	significant_and_absolute_z_at_least_2	distal_gene_count_residual		reproducibility		15.0	0.1	disease_convergence			
analyses/multiverse/results/validation_unavailable.csv			disease labels are tied to the source study cluster resolution					300.0	2.0	significant_and_absolute_z_at_least_2	distal_gene_count_residual		reproducibility		50.0	0.1	disease_convergence			
analyses/multiverse/results/validation_unavailable.csv			disease labels are tied to the source study cluster resolution					300.0	2.0	significant_and_absolute_z_at_least_2	distal_gene_count_residual		no_state		15.0	0.1	disease_convergence			
analyses/multiverse/results/validation_unavailable.csv			disease labels are tied to the source study cluster resolution					300.0	2.0	significant_and_absolute_z_at_least_2	distal_gene_count_residual		no_state		50.0	0.1	disease_convergence			
analyses/multiverse/results/validation_unavailable.csv			disease labels are tied to the source study cluster resolution					300.0	2.0	significant_and_absolute_z_at_least_2	distal_gene_count_residual		minimal		15.0	0.15	disease_convergence			
analyses/multiverse/results/validation_unavailable.csv			disease labels are tied to the source study cluster resolution					300.0	2.0	significant_and_absolute_z_at_least_2	distal_gene_count_residual		minimal		50.0	0.15	disease_convergence			
analyses/multiverse/results/validation_unavailable.csv			disease labels are tied to the source study cluster resolution					300.0	2.0	significant_and_absolute_z_at_least_2	distal_gene_count_residual		observability		15.0	0.15	disease_convergence			
analyses/multiverse/results/validation_unavailable.csv			disease labels are tied to the source study cluster resolution					300.0	2.0	significant_and_absolute_z_at_least_2	distal_gene_count_residual		observability		50.0	0.15	disease_convergence			
analyses/multiverse/results/validation_unavailable.csv			disease labels are tied to the source study cluster resolution					300.0	2.0	significant_and_absolute_z_at_least_2	distal_gene_count_residual		reproducibility		15.0	0.15	disease_convergence			
analyses/multiverse/results/validation_unavailable.csv			disease labels are tied to the source study cluster resolution					300.0	2.0	significant_and_absolute_z_at_least_2	distal_gene_count_residual		reproducibility		50.0	0.15	disease_convergence			
analyses/multiverse/results/validation_unavailable.csv			disease labels are tied to the source study cluster resolution					300.0	2.0	significant_and_absolute_z_at_least_2	distal_gene_count_residual		no_state		15.0	0.15	disease_convergence			
analyses/multiverse/results/validation_unavailable.csv			disease labels are tied to the source study cluster resolution					300.0	2.0	significant_and_absolute_z_at_least_2	distal_gene_count_residual		no_state		50.0	0.15	disease_convergence			
analyses/multiverse/results/validation_unavailable.csv			disease labels are tied to the source study cluster resolution					300.0	2.0	significant_and_absolute_z_at_least_2	distal_gene_count_residual		minimal		15.0	0.2	disease_convergence			
analyses/multiverse/results/validation_unavailable.csv			disease labels are tied to the source study cluster resolution					300.0	2.0	significant_and_absolute_z_at_least_2	distal_gene_count_residual		minimal		50.0	0.2	disease_convergence			
analyses/multiverse/results/validation_unavailable.csv			disease labels are tied to the source study cluster resolution					300.0	2.0	significant_and_absolute_z_at_least_2	distal_gene_count_residual		observability		15.0	0.2	disease_convergence			
analyses/multiverse/results/validation_unavailable.csv			disease labels are tied to the source study cluster resolution					300.0	2.0	significant_and_absolute_z_at_least_2	distal_gene_count_residual		observability		50.0	0.2	disease_convergence			
analyses/multiverse/results/validation_unavailable.csv			disease labels are tied to the source study cluster resolution					300.0	2.0	significant_and_absolute_z_at_least_2	distal_gene_count_residual		reproducibility		15.0	0.2	disease_convergence			
analyses/multiverse/results/validation_unavailable.csv			disease labels are tied to the source study cluster resolution					300.0	2.0	significant_and_absolute_z_at_least_2	distal_gene_count_residual		reproducibility		50.0	0.2	disease_convergence			
analyses/multiverse/results/validation_unavailable.csv			disease labels are tied to the source study cluster resolution					300.0	2.0	significant_and_absolute_z_at_least_2	distal_gene_count_residual		no_state		15.0	0.2	disease_convergence			
analyses/multiverse/results/validation_unavailable.csv			disease labels are tied to the source study cluster resolution					300.0	2.0	significant_and_absolute_z_at_least_2	distal_gene_count_residual		no_state		50.0	0.2	disease_convergence			
analyses/multiverse/results/validation_unavailable.csv			disease labels are tied to the source study cluster resolution					300.0	2.0	significant_and_absolute_z_at_least_2	debiased_response_l2_gain		minimal		15.0	0.05	disease_convergence			
analyses/multiverse/results/validation_unavailable.csv			disease labels are tied to the source study cluster resolution					300.0	2.0	significant_and_absolute_z_at_least_2	debiased_response_l2_gain		minimal		50.0	0.05	disease_convergence			
analyses/multiverse/results/validation_unavailable.csv			disease labels are tied to the source study cluster resolution					300.0	2.0	significant_and_absolute_z_at_least_2	debiased_response_l2_gain		observability		15.0	0.05	disease_convergence			
analyses/multiverse/results/validation_unavailable.csv			disease labels are tied to the source study cluster resolution					300.0	2.0	significant_and_absolute_z_at_least_2	debiased_response_l2_gain		observability		50.0	0.05	disease_convergence			
analyses/multiverse/results/validation_unavailable.csv			disease labels are tied to the source study cluster resolution					300.0	2.0	significant_and_absolute_z_at_least_2	debiased_response_l2_gain		reproducibility		15.0	0.05	disease_convergence			
analyses/multiverse/results/validation_unavailable.csv			disease labels are tied to the source study cluster resolution					300.0	2.0	significant_and_absolute_z_at_least_2	debiased_response_l2_gain		reproducibility		50.0	0.05	disease_convergence			
analyses/multiverse/results/validation_unavailable.csv			disease labels are tied to the source study cluster resolution					300.0	2.0	significant_and_absolute_z_at_least_2	debiased_response_l2_gain		no_state		15.0	0.05	disease_convergence			
analyses/multiverse/results/validation_unavailable.csv			disease labels are tied to the source study cluster resolution					300.0	2.0	significant_and_absolute_z_at_least_2	debiased_response_l2_gain		no_state		50.0	0.05	disease_convergence			
analyses/multiverse/results/validation_unavailable.csv			disease labels are tied to the source study cluster resolution					300.0	2.0	significant_and_absolute_z_at_least_2	debiased_response_l2_gain		minimal		15.0	0.1	disease_convergence			
analyses/multiverse/results/validation_unavailable.csv			disease labels are tied to the source study cluster resolution					300.0	2.0	significant_and_absolute_z_at_least_2	debiased_response_l2_gain		minimal		50.0	0.1	disease_convergence			
analyses/multiverse/results/validation_unavailable.csv			disease labels are tied to the source study cluster resolution					300.0	2.0	significant_and_absolute_z_at_least_2	debiased_response_l2_gain		observability		15.0	0.1	disease_convergence			
analyses/multiverse/results/validation_unavailable.csv			disease labels are tied to the source study cluster resolution					300.0	2.0	significant_and_absolute_z_at_least_2	debiased_response_l2_gain		observability		50.0	0.1	disease_convergence			
analyses/multiverse/results/validation_unavailable.csv			disease labels are tied to the source study cluster resolution					300.0	2.0	significant_and_absolute_z_at_least_2	debiased_response_l2_gain		reproducibility		15.0	0.1	disease_convergence			
analyses/multiverse/results/validation_unavailable.csv			disease labels are tied to the source study cluster resolution					300.0	2.0	significant_and_absolute_z_at_least_2	debiased_response_l2_gain		reproducibility		50.0	0.1	disease_convergence			
analyses/multiverse/results/validation_unavailable.csv			disease labels are tied to the source study cluster resolution					300.0	2.0	significant_and_absolute_z_at_least_2	debiased_response_l2_gain		no_state		15.0	0.1	disease_convergence			
analyses/multiverse/results/validation_unavailable.csv			disease labels are tied to the source study cluster resolution					300.0	2.0	significant_and_absolute_z_at_least_2	debiased_response_l2_gain		no_state		50.0	0.1	disease_convergence			
analyses/multiverse/results/validation_unavailable.csv			disease labels are tied to the source study cluster resolution					300.0	2.0	significant_and_absolute_z_at_least_2	debiased_response_l2_gain		minimal		15.0	0.15	disease_convergence			
analyses/multiverse/results/validation_unavailable.csv			disease labels are tied to the source study cluster resolution					300.0	2.0	significant_and_absolute_z_at_least_2	debiased_response_l2_gain		minimal		50.0	0.15	disease_convergence			
analyses/multiverse/results/validation_unavailable.csv			disease labels are tied to the source study cluster resolution					300.0	2.0	significant_and_absolute_z_at_least_2	debiased_response_l2_gain		observability		15.0	0.15	disease_convergence			
analyses/multiverse/results/validation_unavailable.csv			disease labels are tied to the source study cluster resolution					300.0	2.0	significant_and_absolute_z_at_least_2	debiased_response_l2_gain		observability		50.0	0.15	disease_convergence			
analyses/multiverse/results/validation_unavailable.csv			disease labels are tied to the source study cluster resolution					300.0	2.0	significant_and_absolute_z_at_least_2	debiased_response_l2_gain		reproducibility		15.0	0.15	disease_convergence			
analyses/multiverse/results/validation_unavailable.csv			disease labels are tied to the source study cluster resolution					300.0	2.0	significant_and_absolute_z_at_least_2	debiased_response_l2_gain		reproducibility		50.0	0.15	disease_convergence			
analyses/multiverse/results/validation_unavailable.csv			disease labels are tied to the source study cluster resolution					300.0	2.0	significant_and_absolute_z_at_least_2	debiased_response_l2_gain		no_state		15.0	0.15	disease_convergence			
analyses/multiverse/results/validation_unavailable.csv			disease labels are tied to the source study cluster resolution					300.0	2.0	significant_and_absolute_z_at_least_2	debiased_response_l2_gain		no_state		50.0	0.15	disease_convergence			
analyses/multiverse/results/validation_unavailable.csv			disease labels are tied to the source study cluster resolution					300.0	2.0	significant_and_absolute_z_at_least_2	debiased_response_l2_gain		minimal		15.0	0.2	disease_convergence			
analyses/multiverse/results/validation_unavailable.csv			disease labels are tied to the source study cluster resolution					300.0	2.0	significant_and_absolute_z_at_least_2	debiased_response_l2_gain		minimal		50.0	0.2	disease_convergence			
analyses/multiverse/results/validation_unavailable.csv			disease labels are tied to the source study cluster resolution					300.0	2.0	significant_and_absolute_z_at_least_2	debiased_response_l2_gain		observability		15.0	0.2	disease_convergence			
analyses/multiverse/results/validation_unavailable.csv			disease labels are tied to the source study cluster resolution					300.0	2.0	significant_and_absolute_z_at_least_2	debiased_response_l2_gain		observability		50.0	0.2	disease_convergence			
analyses/multiverse/results/validation_unavailable.csv			disease labels are tied to the source study cluster resolution					300.0	2.0	significant_and_absolute_z_at_least_2	debiased_response_l2_gain		reproducibility		15.0	0.2	disease_convergence			
analyses/multiverse/results/validation_unavailable.csv			disease labels are tied to the source study cluster resolution					300.0	2.0	significant_and_absolute_z_at_least_2	debiased_response_l2_gain		reproducibility		50.0	0.2	disease_convergence			
analyses/multiverse/results/validation_unavailable.csv			disease labels are tied to the source study cluster resolution					300.0	2.0	significant_and_absolute_z_at_least_2	debiased_response_l2_gain		no_state		15.0	0.2	disease_convergence			
analyses/multiverse/results/validation_unavailable.csv			disease labels are tied to the source study cluster resolution					300.0	2.0	significant_and_absolute_z_at_least_2	debiased_response_l2_gain		no_state		50.0	0.2	disease_convergence			
analyses/multiverse/results/validation_unavailable.csv			disease labels are tied to the source study cluster resolution					300.0	2.0	significant_and_absolute_z_at_least_2	significant_response_l1_gain		minimal		15.0	0.05	disease_convergence			
analyses/multiverse/results/validation_unavailable.csv			disease labels are tied to the source study cluster resolution					300.0	2.0	significant_and_absolute_z_at_least_2	significant_response_l1_gain		minimal		50.0	0.05	disease_convergence			
analyses/multiverse/results/validation_unavailable.csv			disease labels are tied to the source study cluster resolution					300.0	2.0	significant_and_absolute_z_at_least_2	significant_response_l1_gain		observability		15.0	0.05	disease_convergence			
analyses/multiverse/results/validation_unavailable.csv			disease labels are tied to the source study cluster resolution					300.0	2.0	significant_and_absolute_z_at_least_2	significant_response_l1_gain		observability		50.0	0.05	disease_convergence			
analyses/multiverse/results/validation_unavailable.csv			disease labels are tied to the source study cluster resolution					300.0	2.0	significant_and_absolute_z_at_least_2	significant_response_l1_gain		reproducibility		15.0	0.05	disease_convergence			
analyses/multiverse/results/validation_unavailable.csv			disease labels are tied to the source study cluster resolution					300.0	2.0	significant_and_absolute_z_at_least_2	significant_response_l1_gain		reproducibility		50.0	0.05	disease_convergence			
analyses/multiverse/results/validation_unavailable.csv			disease labels are tied to the source study cluster resolution					300.0	2.0	significant_and_absolute_z_at_least_2	significant_response_l1_gain		no_state		15.0	0.05	disease_convergence			
analyses/multiverse/results/validation_unavailable.csv			disease labels are tied to the source study cluster resolution					300.0	2.0	significant_and_absolute_z_at_least_2	significant_response_l1_gain		no_state		50.0	0.05	disease_convergence			
analyses/multiverse/results/validation_unavailable.csv			disease labels are tied to the source study cluster resolution					300.0	2.0	significant_and_absolute_z_at_least_2	significant_response_l1_gain		minimal		15.0	0.1	disease_convergence			
analyses/multiverse/results/validation_unavailable.csv			disease labels are tied to the source study cluster resolution					300.0	2.0	significant_and_absolute_z_at_least_2	significant_response_l1_gain		minimal		50.0	0.1	disease_convergence			
analyses/multiverse/results/validation_unavailable.csv			disease labels are tied to the source study cluster resolution					300.0	2.0	significant_and_absolute_z_at_least_2	significant_response_l1_gain		observability		15.0	0.1	disease_convergence			
analyses/multiverse/results/validation_unavailable.csv			disease labels are tied to the source study cluster resolution					300.0	2.0	significant_and_absolute_z_at_least_2	significant_response_l1_gain		observability		50.0	0.1	disease_convergence			
analyses/multiverse/results/validation_unavailable.csv			disease labels are tied to the source study cluster resolution					300.0	2.0	significant_and_absolute_z_at_least_2	significant_response_l1_gain		reproducibility		15.0	0.1	disease_convergence			
analyses/multiverse/results/validation_unavailable.csv			disease labels are tied to the source study cluster resolution					300.0	2.0	significant_and_absolute_z_at_least_2	significant_response_l1_gain		reproducibility		50.0	0.1	disease_convergence			
analyses/multiverse/results/validation_unavailable.csv			disease labels are tied to the source study cluster resolution					300.0	2.0	significant_and_absolute_z_at_least_2	significant_response_l1_gain		no_state		15.0	0.1	disease_convergence			
analyses/multiverse/results/validation_unavailable.csv			disease labels are tied to the source study cluster resolution					300.0	2.0	significant_and_absolute_z_at_least_2	significant_response_l1_gain		no_state		50.0	0.1	disease_convergence			
analyses/multiverse/results/validation_unavailable.csv			disease labels are tied to the source study cluster resolution					300.0	2.0	significant_and_absolute_z_at_least_2	significant_response_l1_gain		minimal		15.0	0.15	disease_convergence			
analyses/multiverse/results/validation_unavailable.csv			disease labels are tied to the source study cluster resolution					300.0	2.0	significant_and_absolute_z_at_least_2	significant_response_l1_gain		minimal		50.0	0.15	disease_convergence			
analyses/multiverse/results/validation_unavailable.csv			disease labels are tied to the source study cluster resolution					300.0	2.0	significant_and_absolute_z_at_least_2	significant_response_l1_gain		observability		15.0	0.15	disease_convergence			
analyses/multiverse/results/validation_unavailable.csv			disease labels are tied to the source study cluster resolution					300.0	2.0	significant_and_absolute_z_at_least_2	significant_response_l1_gain		observability		50.0	0.15	disease_convergence			
analyses/multiverse/results/validation_unavailable.csv			disease labels are tied to the source study cluster resolution					300.0	2.0	significant_and_absolute_z_at_least_2	significant_response_l1_gain		reproducibility		15.0	0.15	disease_convergence			
analyses/multiverse/results/validation_unavailable.csv			disease labels are tied to the source study cluster resolution					300.0	2.0	significant_and_absolute_z_at_least_2	significant_response_l1_gain		reproducibility		50.0	0.15	disease_convergence			
analyses/multiverse/results/validation_unavailable.csv			disease labels are tied to the source study cluster resolution					300.0	2.0	significant_and_absolute_z_at_least_2	significant_response_l1_gain		no_state		15.0	0.15	disease_convergence			
analyses/multiverse/results/validation_unavailable.csv			disease labels are tied to the source study cluster resolution					300.0	2.0	significant_and_absolute_z_at_least_2	significant_response_l1_gain		no_state		50.0	0.15	disease_convergence			
analyses/multiverse/results/validation_unavailable.csv			disease labels are tied to the source study cluster resolution					300.0	2.0	significant_and_absolute_z_at_least_2	significant_response_l1_gain		minimal		15.0	0.2	disease_convergence			
analyses/multiverse/results/validation_unavailable.csv			disease labels are tied to the source study cluster resolution					300.0	2.0	significant_and_absolute_z_at_least_2	significant_response_l1_gain		minimal		50.0	0.2	disease_convergence			
analyses/multiverse/results/validation_unavailable.csv			disease labels are tied to the source study cluster resolution					300.0	2.0	significant_and_absolute_z_at_least_2	significant_response_l1_gain		observability		15.0	0.2	disease_convergence			
analyses/multiverse/results/validation_unavailable.csv			disease labels are tied to the source study cluster resolution					300.0	2.0	significant_and_absolute_z_at_least_2	significant_response_l1_gain		observability		50.0	0.2	disease_convergence			
analyses/multiverse/results/validation_unavailable.csv			disease labels are tied to the source study cluster resolution					300.0	2.0	significant_and_absolute_z_at_least_2	significant_response_l1_gain		reproducibility		15.0	0.2	disease_convergence			
analyses/multiverse/results/validation_unavailable.csv			disease labels are tied to the source study cluster resolution					300.0	2.0	significant_and_absolute_z_at_least_2	significant_response_l1_gain		reproducibility		50.0	0.2	disease_convergence			
analyses/multiverse/results/validation_unavailable.csv			disease labels are tied to the source study cluster resolution					300.0	2.0	significant_and_absolute_z_at_least_2	significant_response_l1_gain		no_state		15.0	0.2	disease_convergence			
analyses/multiverse/results/validation_unavailable.csv			disease labels are tied to the source study cluster resolution					300.0	2.0	significant_and_absolute_z_at_least_2	significant_response_l1_gain		no_state		50.0	0.2	disease_convergence			
analyses/multiverse/results/validation_unavailable.csv			disease labels are tied to the source study cluster resolution					300.0	3.0	significant	distal_gene_count_residual		minimal		15.0	0.05	disease_convergence			
analyses/multiverse/results/validation_unavailable.csv			fewer than two clusters or outcome classes remain				disease_193_minimal	300.0	3.0	significant	distal_gene_count_residual		minimal		30.0	0.05	disease_convergence			
analyses/multiverse/results/validation_unavailable.csv			disease labels are tied to the source study cluster resolution					300.0	3.0	significant	distal_gene_count_residual		minimal		50.0	0.05	disease_convergence			
analyses/multiverse/results/validation_unavailable.csv			disease labels are tied to the source study cluster resolution					300.0	3.0	significant	distal_gene_count_residual		observability		15.0	0.05	disease_convergence			
analyses/multiverse/results/validation_unavailable.csv			fewer than two clusters or outcome classes remain				disease_193_observability	300.0	3.0	significant	distal_gene_count_residual		observability		30.0	0.05	disease_convergence			
analyses/multiverse/results/validation_unavailable.csv			disease labels are tied to the source study cluster resolution					300.0	3.0	significant	distal_gene_count_residual		observability		50.0	0.05	disease_convergence			
analyses/multiverse/results/validation_unavailable.csv			disease labels are tied to the source study cluster resolution					300.0	3.0	significant	distal_gene_count_residual		reproducibility		15.0	0.05	disease_convergence			
analyses/multiverse/results/validation_unavailable.csv			fewer than two clusters or outcome classes remain				disease_193_reproducibility	300.0	3.0	significant	distal_gene_count_residual		reproducibility		30.0	0.05	disease_convergence			
analyses/multiverse/results/validation_unavailable.csv			disease labels are tied to the source study cluster resolution					300.0	3.0	significant	distal_gene_count_residual		reproducibility		50.0	0.05	disease_convergence			
analyses/multiverse/results/validation_unavailable.csv			disease labels are tied to the source study cluster resolution					300.0	3.0	significant	distal_gene_count_residual		no_state		15.0	0.05	disease_convergence			
analyses/multiverse/results/validation_unavailable.csv			fewer than two clusters or outcome classes remain				disease_193_no_state	300.0	3.0	significant	distal_gene_count_residual		no_state		30.0	0.05	disease_convergence			
analyses/multiverse/results/validation_unavailable.csv			disease labels are tied to the source study cluster resolution					300.0	3.0	significant	distal_gene_count_residual		no_state		50.0	0.05	disease_convergence			
analyses/multiverse/results/validation_unavailable.csv			disease labels are tied to the source study cluster resolution					300.0	3.0	significant	distal_gene_count_residual		minimal		15.0	0.1	disease_convergence			
analyses/multiverse/results/validation_unavailable.csv			fewer than two clusters or outcome classes remain				disease_194_minimal	300.0	3.0	significant	distal_gene_count_residual		minimal		30.0	0.1	disease_convergence			
analyses/multiverse/results/validation_unavailable.csv			disease labels are tied to the source study cluster resolution					300.0	3.0	significant	distal_gene_count_residual		minimal		50.0	0.1	disease_convergence			
analyses/multiverse/results/validation_unavailable.csv			disease labels are tied to the source study cluster resolution					300.0	3.0	significant	distal_gene_count_residual		observability		15.0	0.1	disease_convergence			
analyses/multiverse/results/validation_unavailable.csv			fewer than two clusters or outcome classes remain				disease_194_observability	300.0	3.0	significant	distal_gene_count_residual		observability		30.0	0.1	disease_convergence			
analyses/multiverse/results/validation_unavailable.csv			disease labels are tied to the source study cluster resolution					300.0	3.0	significant	distal_gene_count_residual		observability		50.0	0.1	disease_convergence			
analyses/multiverse/results/validation_unavailable.csv			disease labels are tied to the source study cluster resolution					300.0	3.0	significant	distal_gene_count_residual		reproducibility		15.0	0.1	disease_convergence			
analyses/multiverse/results/validation_unavailable.csv			fewer than two clusters or outcome classes remain				disease_194_reproducibility	300.0	3.0	significant	distal_gene_count_residual		reproducibility		30.0	0.1	disease_convergence			
analyses/multiverse/results/validation_unavailable.csv			disease labels are tied to the source study cluster resolution					300.0	3.0	significant	distal_gene_count_residual		reproducibility		50.0	0.1	disease_convergence			
analyses/multiverse/results/validation_unavailable.csv			disease labels are tied to the source study cluster resolution					300.0	3.0	significant	distal_gene_count_residual		no_state		15.0	0.1	disease_convergence			
analyses/multiverse/results/validation_unavailable.csv			fewer than two clusters or outcome classes remain				disease_194_no_state	300.0	3.0	significant	distal_gene_count_residual		no_state		30.0	0.1	disease_convergence			
analyses/multiverse/results/validation_unavailable.csv			disease labels are tied to the source study cluster resolution					300.0	3.0	significant	distal_gene_count_residual		no_state		50.0	0.1	disease_convergence			
analyses/multiverse/results/validation_unavailable.csv			disease labels are tied to the source study cluster resolution					300.0	3.0	significant	distal_gene_count_residual		minimal		15.0	0.15	disease_convergence			
analyses/multiverse/results/validation_unavailable.csv			fewer than two clusters or outcome classes remain				disease_195_minimal	300.0	3.0	significant	distal_gene_count_residual		minimal		30.0	0.15	disease_convergence			
analyses/multiverse/results/validation_unavailable.csv			disease labels are tied to the source study cluster resolution					300.0	3.0	significant	distal_gene_count_residual		minimal		50.0	0.15	disease_convergence			
analyses/multiverse/results/validation_unavailable.csv			disease labels are tied to the source study cluster resolution					300.0	3.0	significant	distal_gene_count_residual		observability		15.0	0.15	disease_convergence			
analyses/multiverse/results/validation_unavailable.csv			fewer than two clusters or outcome classes remain				disease_195_observability	300.0	3.0	significant	distal_gene_count_residual		observability		30.0	0.15	disease_convergence			
analyses/multiverse/results/validation_unavailable.csv			disease labels are tied to the source study cluster resolution					300.0	3.0	significant	distal_gene_count_residual		observability		50.0	0.15	disease_convergence			
analyses/multiverse/results/validation_unavailable.csv			disease labels are tied to the source study cluster resolution					300.0	3.0	significant	distal_gene_count_residual		reproducibility		15.0	0.15	disease_convergence			
analyses/multiverse/results/validation_unavailable.csv			fewer than two clusters or outcome classes remain				disease_195_reproducibility	300.0	3.0	significant	distal_gene_count_residual		reproducibility		30.0	0.15	disease_convergence			
analyses/multiverse/results/validation_unavailable.csv			disease labels are tied to the source study cluster resolution					300.0	3.0	significant	distal_gene_count_residual		reproducibility		50.0	0.15	disease_convergence			
analyses/multiverse/results/validation_unavailable.csv			disease labels are tied to the source study cluster resolution					300.0	3.0	significant	distal_gene_count_residual		no_state		15.0	0.15	disease_convergence			
analyses/multiverse/results/validation_unavailable.csv			fewer than two clusters or outcome classes remain				disease_195_no_state	300.0	3.0	significant	distal_gene_count_residual		no_state		30.0	0.15	disease_convergence			
analyses/multiverse/results/validation_unavailable.csv			disease labels are tied to the source study cluster resolution					300.0	3.0	significant	distal_gene_count_residual		no_state		50.0	0.15	disease_convergence			
analyses/multiverse/results/validation_unavailable.csv			disease labels are tied to the source study cluster resolution					300.0	3.0	significant	distal_gene_count_residual		minimal		15.0	0.2	disease_convergence			
analyses/multiverse/results/validation_unavailable.csv			fewer than two clusters or outcome classes remain				disease_196_minimal	300.0	3.0	significant	distal_gene_count_residual		minimal		30.0	0.2	disease_convergence			
analyses/multiverse/results/validation_unavailable.csv			disease labels are tied to the source study cluster resolution					300.0	3.0	significant	distal_gene_count_residual		minimal		50.0	0.2	disease_convergence			
analyses/multiverse/results/validation_unavailable.csv			disease labels are tied to the source study cluster resolution					300.0	3.0	significant	distal_gene_count_residual		observability		15.0	0.2	disease_convergence			
analyses/multiverse/results/validation_unavailable.csv			fewer than two clusters or outcome classes remain				disease_196_observability	300.0	3.0	significant	distal_gene_count_residual		observability		30.0	0.2	disease_convergence			
analyses/multiverse/results/validation_unavailable.csv			disease labels are tied to the source study cluster resolution					300.0	3.0	significant	distal_gene_count_residual		observability		50.0	0.2	disease_convergence			
analyses/multiverse/results/validation_unavailable.csv			disease labels are tied to the source study cluster resolution					300.0	3.0	significant	distal_gene_count_residual		reproducibility		15.0	0.2	disease_convergence			
analyses/multiverse/results/validation_unavailable.csv			fewer than two clusters or outcome classes remain				disease_196_reproducibility	300.0	3.0	significant	distal_gene_count_residual		reproducibility		30.0	0.2	disease_convergence			
analyses/multiverse/results/validation_unavailable.csv			disease labels are tied to the source study cluster resolution					300.0	3.0	significant	distal_gene_count_residual		reproducibility		50.0	0.2	disease_convergence			
analyses/multiverse/results/validation_unavailable.csv			disease labels are tied to the source study cluster resolution					300.0	3.0	significant	distal_gene_count_residual		no_state		15.0	0.2	disease_convergence			
analyses/multiverse/results/validation_unavailable.csv			fewer than two clusters or outcome classes remain				disease_196_no_state	300.0	3.0	significant	distal_gene_count_residual		no_state		30.0	0.2	disease_convergence			
analyses/multiverse/results/validation_unavailable.csv			disease labels are tied to the source study cluster resolution					300.0	3.0	significant	distal_gene_count_residual		no_state		50.0	0.2	disease_convergence			
analyses/multiverse/results/validation_unavailable.csv			disease labels are tied to the source study cluster resolution					300.0	3.0	significant	debiased_response_l2_gain		minimal		15.0	0.05	disease_convergence			
analyses/multiverse/results/validation_unavailable.csv			fewer than two clusters or outcome classes remain				disease_197_minimal	300.0	3.0	significant	debiased_response_l2_gain		minimal		30.0	0.05	disease_convergence			
analyses/multiverse/results/validation_unavailable.csv			disease labels are tied to the source study cluster resolution					300.0	3.0	significant	debiased_response_l2_gain		minimal		50.0	0.05	disease_convergence			
analyses/multiverse/results/validation_unavailable.csv			disease labels are tied to the source study cluster resolution					300.0	3.0	significant	debiased_response_l2_gain		observability		15.0	0.05	disease_convergence			
analyses/multiverse/results/validation_unavailable.csv			fewer than two clusters or outcome classes remain				disease_197_observability	300.0	3.0	significant	debiased_response_l2_gain		observability		30.0	0.05	disease_convergence			
analyses/multiverse/results/validation_unavailable.csv			disease labels are tied to the source study cluster resolution					300.0	3.0	significant	debiased_response_l2_gain		observability		50.0	0.05	disease_convergence			
analyses/multiverse/results/validation_unavailable.csv			disease labels are tied to the source study cluster resolution					300.0	3.0	significant	debiased_response_l2_gain		reproducibility		15.0	0.05	disease_convergence			
analyses/multiverse/results/validation_unavailable.csv			fewer than two clusters or outcome classes remain				disease_197_reproducibility	300.0	3.0	significant	debiased_response_l2_gain		reproducibility		30.0	0.05	disease_convergence			
analyses/multiverse/results/validation_unavailable.csv			disease labels are tied to the source study cluster resolution					300.0	3.0	significant	debiased_response_l2_gain		reproducibility		50.0	0.05	disease_convergence			
analyses/multiverse/results/validation_unavailable.csv			disease labels are tied to the source study cluster resolution					300.0	3.0	significant	debiased_response_l2_gain		no_state		15.0	0.05	disease_convergence			
analyses/multiverse/results/validation_unavailable.csv			fewer than two clusters or outcome classes remain				disease_197_no_state	300.0	3.0	significant	debiased_response_l2_gain		no_state		30.0	0.05	disease_convergence			
analyses/multiverse/results/validation_unavailable.csv			disease labels are tied to the source study cluster resolution					300.0	3.0	significant	debiased_response_l2_gain		no_state		50.0	0.05	disease_convergence			
analyses/multiverse/results/validation_unavailable.csv			disease labels are tied to the source study cluster resolution					300.0	3.0	significant	debiased_response_l2_gain		minimal		15.0	0.1	disease_convergence			
analyses/multiverse/results/validation_unavailable.csv			fewer than two clusters or outcome classes remain				disease_198_minimal	300.0	3.0	significant	debiased_response_l2_gain		minimal		30.0	0.1	disease_convergence			
analyses/multiverse/results/validation_unavailable.csv			disease labels are tied to the source study cluster resolution					300.0	3.0	significant	debiased_response_l2_gain		minimal		50.0	0.1	disease_convergence			
analyses/multiverse/results/validation_unavailable.csv			disease labels are tied to the source study cluster resolution					300.0	3.0	significant	debiased_response_l2_gain		observability		15.0	0.1	disease_convergence			
analyses/multiverse/results/validation_unavailable.csv			fewer than two clusters or outcome classes remain				disease_198_observability	300.0	3.0	significant	debiased_response_l2_gain		observability		30.0	0.1	disease_convergence			
analyses/multiverse/results/validation_unavailable.csv			disease labels are tied to the source study cluster resolution					300.0	3.0	significant	debiased_response_l2_gain		observability		50.0	0.1	disease_convergence			
analyses/multiverse/results/validation_unavailable.csv			disease labels are tied to the source study cluster resolution					300.0	3.0	significant	debiased_response_l2_gain		reproducibility		15.0	0.1	disease_convergence			
analyses/multiverse/results/validation_unavailable.csv			fewer than two clusters or outcome classes remain				disease_198_reproducibility	300.0	3.0	significant	debiased_response_l2_gain		reproducibility		30.0	0.1	disease_convergence			
analyses/multiverse/results/validation_unavailable.csv			disease labels are tied to the source study cluster resolution					300.0	3.0	significant	debiased_response_l2_gain		reproducibility		50.0	0.1	disease_convergence			
analyses/multiverse/results/validation_unavailable.csv			disease labels are tied to the source study cluster resolution					300.0	3.0	significant	debiased_response_l2_gain		no_state		15.0	0.1	disease_convergence			
analyses/multiverse/results/validation_unavailable.csv			fewer than two clusters or outcome classes remain				disease_198_no_state	300.0	3.0	significant	debiased_response_l2_gain		no_state		30.0	0.1	disease_convergence			
analyses/multiverse/results/validation_unavailable.csv			disease labels are tied to the source study cluster resolution					300.0	3.0	significant	debiased_response_l2_gain		no_state		50.0	0.1	disease_convergence			
analyses/multiverse/results/validation_unavailable.csv			disease labels are tied to the source study cluster resolution					300.0	3.0	significant	debiased_response_l2_gain		minimal		15.0	0.15	disease_convergence			
analyses/multiverse/results/validation_unavailable.csv			fewer than two clusters or outcome classes remain				disease_199_minimal	300.0	3.0	significant	debiased_response_l2_gain		minimal		30.0	0.15	disease_convergence			
analyses/multiverse/results/validation_unavailable.csv			disease labels are tied to the source study cluster resolution					300.0	3.0	significant	debiased_response_l2_gain		minimal		50.0	0.15	disease_convergence			
analyses/multiverse/results/validation_unavailable.csv			disease labels are tied to the source study cluster resolution					300.0	3.0	significant	debiased_response_l2_gain		observability		15.0	0.15	disease_convergence			
analyses/multiverse/results/validation_unavailable.csv			fewer than two clusters or outcome classes remain				disease_199_observability	300.0	3.0	significant	debiased_response_l2_gain		observability		30.0	0.15	disease_convergence			
analyses/multiverse/results/validation_unavailable.csv			disease labels are tied to the source study cluster resolution					300.0	3.0	significant	debiased_response_l2_gain		observability		50.0	0.15	disease_convergence			
analyses/multiverse/results/validation_unavailable.csv			disease labels are tied to the source study cluster resolution					300.0	3.0	significant	debiased_response_l2_gain		reproducibility		15.0	0.15	disease_convergence			
analyses/multiverse/results/validation_unavailable.csv			fewer than two clusters or outcome classes remain				disease_199_reproducibility	300.0	3.0	significant	debiased_response_l2_gain		reproducibility		30.0	0.15	disease_convergence			
analyses/multiverse/results/validation_unavailable.csv			disease labels are tied to the source study cluster resolution					300.0	3.0	significant	debiased_response_l2_gain		reproducibility		50.0	0.15	disease_convergence			
analyses/multiverse/results/validation_unavailable.csv			disease labels are tied to the source study cluster resolution					300.0	3.0	significant	debiased_response_l2_gain		no_state		15.0	0.15	disease_convergence			
analyses/multiverse/results/validation_unavailable.csv			fewer than two clusters or outcome classes remain				disease_199_no_state	300.0	3.0	significant	debiased_response_l2_gain		no_state		30.0	0.15	disease_convergence			
analyses/multiverse/results/validation_unavailable.csv			disease labels are tied to the source study cluster resolution					300.0	3.0	significant	debiased_response_l2_gain		no_state		50.0	0.15	disease_convergence			
analyses/multiverse/results/validation_unavailable.csv			disease labels are tied to the source study cluster resolution					300.0	3.0	significant	debiased_response_l2_gain		minimal		15.0	0.2	disease_convergence			
analyses/multiverse/results/validation_unavailable.csv			fewer than two clusters or outcome classes remain				disease_200_minimal	300.0	3.0	significant	debiased_response_l2_gain		minimal		30.0	0.2	disease_convergence			
analyses/multiverse/results/validation_unavailable.csv			disease labels are tied to the source study cluster resolution					300.0	3.0	significant	debiased_response_l2_gain		minimal		50.0	0.2	disease_convergence			
analyses/multiverse/results/validation_unavailable.csv			disease labels are tied to the source study cluster resolution					300.0	3.0	significant	debiased_response_l2_gain		observability		15.0	0.2	disease_convergence			
analyses/multiverse/results/validation_unavailable.csv			fewer than two clusters or outcome classes remain				disease_200_observability	300.0	3.0	significant	debiased_response_l2_gain		observability		30.0	0.2	disease_convergence			
analyses/multiverse/results/validation_unavailable.csv			disease labels are tied to the source study cluster resolution					300.0	3.0	significant	debiased_response_l2_gain		observability		50.0	0.2	disease_convergence			
analyses/multiverse/results/validation_unavailable.csv			disease labels are tied to the source study cluster resolution					300.0	3.0	significant	debiased_response_l2_gain		reproducibility		15.0	0.2	disease_convergence			
analyses/multiverse/results/validation_unavailable.csv			fewer than two clusters or outcome classes remain				disease_200_reproducibility	300.0	3.0	significant	debiased_response_l2_gain		reproducibility		30.0	0.2	disease_convergence			
analyses/multiverse/results/validation_unavailable.csv			disease labels are tied to the source study cluster resolution					300.0	3.0	significant	debiased_response_l2_gain		reproducibility		50.0	0.2	disease_convergence			
analyses/multiverse/results/validation_unavailable.csv			disease labels are tied to the source study cluster resolution					300.0	3.0	significant	debiased_response_l2_gain		no_state		15.0	0.2	disease_convergence			
analyses/multiverse/results/validation_unavailable.csv			fewer than two clusters or outcome classes remain				disease_200_no_state	300.0	3.0	significant	debiased_response_l2_gain		no_state		30.0	0.2	disease_convergence			
analyses/multiverse/results/validation_unavailable.csv			disease labels are tied to the source study cluster resolution					300.0	3.0	significant	debiased_response_l2_gain		no_state		50.0	0.2	disease_convergence			
analyses/multiverse/results/validation_unavailable.csv			disease labels are tied to the source study cluster resolution					300.0	3.0	significant	significant_response_l1_gain		minimal		15.0	0.05	disease_convergence			
analyses/multiverse/results/validation_unavailable.csv			fewer than two clusters or outcome classes remain				disease_201_minimal	300.0	3.0	significant	significant_response_l1_gain		minimal		30.0	0.05	disease_convergence			
analyses/multiverse/results/validation_unavailable.csv			disease labels are tied to the source study cluster resolution					300.0	3.0	significant	significant_response_l1_gain		minimal		50.0	0.05	disease_convergence			
analyses/multiverse/results/validation_unavailable.csv			disease labels are tied to the source study cluster resolution					300.0	3.0	significant	significant_response_l1_gain		observability		15.0	0.05	disease_convergence			
analyses/multiverse/results/validation_unavailable.csv			fewer than two clusters or outcome classes remain				disease_201_observability	300.0	3.0	significant	significant_response_l1_gain		observability		30.0	0.05	disease_convergence			
analyses/multiverse/results/validation_unavailable.csv			disease labels are tied to the source study cluster resolution					300.0	3.0	significant	significant_response_l1_gain		observability		50.0	0.05	disease_convergence			
analyses/multiverse/results/validation_unavailable.csv			disease labels are tied to the source study cluster resolution					300.0	3.0	significant	significant_response_l1_gain		reproducibility		15.0	0.05	disease_convergence			
analyses/multiverse/results/validation_unavailable.csv			fewer than two clusters or outcome classes remain				disease_201_reproducibility	300.0	3.0	significant	significant_response_l1_gain		reproducibility		30.0	0.05	disease_convergence			
analyses/multiverse/results/validation_unavailable.csv			disease labels are tied to the source study cluster resolution					300.0	3.0	significant	significant_response_l1_gain		reproducibility		50.0	0.05	disease_convergence			
analyses/multiverse/results/validation_unavailable.csv			disease labels are tied to the source study cluster resolution					300.0	3.0	significant	significant_response_l1_gain		no_state		15.0	0.05	disease_convergence			
analyses/multiverse/results/validation_unavailable.csv			fewer than two clusters or outcome classes remain				disease_201_no_state	300.0	3.0	significant	significant_response_l1_gain		no_state		30.0	0.05	disease_convergence			
analyses/multiverse/results/validation_unavailable.csv			disease labels are tied to the source study cluster resolution					300.0	3.0	significant	significant_response_l1_gain		no_state		50.0	0.05	disease_convergence			
analyses/multiverse/results/validation_unavailable.csv			disease labels are tied to the source study cluster resolution					300.0	3.0	significant	significant_response_l1_gain		minimal		15.0	0.1	disease_convergence			
analyses/multiverse/results/validation_unavailable.csv			fewer than two clusters or outcome classes remain				disease_202_minimal	300.0	3.0	significant	significant_response_l1_gain		minimal		30.0	0.1	disease_convergence			
analyses/multiverse/results/validation_unavailable.csv			disease labels are tied to the source study cluster resolution					300.0	3.0	significant	significant_response_l1_gain		minimal		50.0	0.1	disease_convergence			
analyses/multiverse/results/validation_unavailable.csv			disease labels are tied to the source study cluster resolution					300.0	3.0	significant	significant_response_l1_gain		observability		15.0	0.1	disease_convergence			
analyses/multiverse/results/validation_unavailable.csv			fewer than two clusters or outcome classes remain				disease_202_observability	300.0	3.0	significant	significant_response_l1_gain		observability		30.0	0.1	disease_convergence			
analyses/multiverse/results/validation_unavailable.csv			disease labels are tied to the source study cluster resolution					300.0	3.0	significant	significant_response_l1_gain		observability		50.0	0.1	disease_convergence			
analyses/multiverse/results/validation_unavailable.csv			disease labels are tied to the source study cluster resolution					300.0	3.0	significant	significant_response_l1_gain		reproducibility		15.0	0.1	disease_convergence			
analyses/multiverse/results/validation_unavailable.csv			fewer than two clusters or outcome classes remain				disease_202_reproducibility	300.0	3.0	significant	significant_response_l1_gain		reproducibility		30.0	0.1	disease_convergence			
analyses/multiverse/results/validation_unavailable.csv			disease labels are tied to the source study cluster resolution					300.0	3.0	significant	significant_response_l1_gain		reproducibility		50.0	0.1	disease_convergence			
analyses/multiverse/results/validation_unavailable.csv			disease labels are tied to the source study cluster resolution					300.0	3.0	significant	significant_response_l1_gain		no_state		15.0	0.1	disease_convergence			
analyses/multiverse/results/validation_unavailable.csv			fewer than two clusters or outcome classes remain				disease_202_no_state	300.0	3.0	significant	significant_response_l1_gain		no_state		30.0	0.1	disease_convergence			
analyses/multiverse/results/validation_unavailable.csv			disease labels are tied to the source study cluster resolution					300.0	3.0	significant	significant_response_l1_gain		no_state		50.0	0.1	disease_convergence			
analyses/multiverse/results/validation_unavailable.csv			disease labels are tied to the source study cluster resolution					300.0	3.0	significant	significant_response_l1_gain		minimal		15.0	0.15	disease_convergence			
analyses/multiverse/results/validation_unavailable.csv			fewer than two clusters or outcome classes remain				disease_203_minimal	300.0	3.0	significant	significant_response_l1_gain		minimal		30.0	0.15	disease_convergence			
analyses/multiverse/results/validation_unavailable.csv			disease labels are tied to the source study cluster resolution					300.0	3.0	significant	significant_response_l1_gain		minimal		50.0	0.15	disease_convergence			
analyses/multiverse/results/validation_unavailable.csv			disease labels are tied to the source study cluster resolution					300.0	3.0	significant	significant_response_l1_gain		observability		15.0	0.15	disease_convergence			
analyses/multiverse/results/validation_unavailable.csv			fewer than two clusters or outcome classes remain				disease_203_observability	300.0	3.0	significant	significant_response_l1_gain		observability		30.0	0.15	disease_convergence			
analyses/multiverse/results/validation_unavailable.csv			disease labels are tied to the source study cluster resolution					300.0	3.0	significant	significant_response_l1_gain		observability		50.0	0.15	disease_convergence			
analyses/multiverse/results/validation_unavailable.csv			disease labels are tied to the source study cluster resolution					300.0	3.0	significant	significant_response_l1_gain		reproducibility		15.0	0.15	disease_convergence			
analyses/multiverse/results/validation_unavailable.csv			fewer than two clusters or outcome classes remain				disease_203_reproducibility	300.0	3.0	significant	significant_response_l1_gain		reproducibility		30.0	0.15	disease_convergence			
analyses/multiverse/results/validation_unavailable.csv			disease labels are tied to the source study cluster resolution					300.0	3.0	significant	significant_response_l1_gain		reproducibility		50.0	0.15	disease_convergence			
analyses/multiverse/results/validation_unavailable.csv			disease labels are tied to the source study cluster resolution					300.0	3.0	significant	significant_response_l1_gain		no_state		15.0	0.15	disease_convergence			
analyses/multiverse/results/validation_unavailable.csv			fewer than two clusters or outcome classes remain				disease_203_no_state	300.0	3.0	significant	significant_response_l1_gain		no_state		30.0	0.15	disease_convergence			
analyses/multiverse/results/validation_unavailable.csv			disease labels are tied to the source study cluster resolution					300.0	3.0	significant	significant_response_l1_gain		no_state		50.0	0.15	disease_convergence			
analyses/multiverse/results/validation_unavailable.csv			disease labels are tied to the source study cluster resolution					300.0	3.0	significant	significant_response_l1_gain		minimal		15.0	0.2	disease_convergence			
analyses/multiverse/results/validation_unavailable.csv			fewer than two clusters or outcome classes remain				disease_204_minimal	300.0	3.0	significant	significant_response_l1_gain		minimal		30.0	0.2	disease_convergence			
analyses/multiverse/results/validation_unavailable.csv			disease labels are tied to the source study cluster resolution					300.0	3.0	significant	significant_response_l1_gain		minimal		50.0	0.2	disease_convergence			
analyses/multiverse/results/validation_unavailable.csv			disease labels are tied to the source study cluster resolution					300.0	3.0	significant	significant_response_l1_gain		observability		15.0	0.2	disease_convergence			
analyses/multiverse/results/validation_unavailable.csv			fewer than two clusters or outcome classes remain				disease_204_observability	300.0	3.0	significant	significant_response_l1_gain		observability		30.0	0.2	disease_convergence			
analyses/multiverse/results/validation_unavailable.csv			disease labels are tied to the source study cluster resolution					300.0	3.0	significant	significant_response_l1_gain		observability		50.0	0.2	disease_convergence			
analyses/multiverse/results/validation_unavailable.csv			disease labels are tied to the source study cluster resolution					300.0	3.0	significant	significant_response_l1_gain		reproducibility		15.0	0.2	disease_convergence			
analyses/multiverse/results/validation_unavailable.csv			fewer than two clusters or outcome classes remain				disease_204_reproducibility	300.0	3.0	significant	significant_response_l1_gain		reproducibility		30.0	0.2	disease_convergence			
analyses/multiverse/results/validation_unavailable.csv			disease labels are tied to the source study cluster resolution					300.0	3.0	significant	significant_response_l1_gain		reproducibility		50.0	0.2	disease_convergence			
analyses/multiverse/results/validation_unavailable.csv			disease labels are tied to the source study cluster resolution					300.0	3.0	significant	significant_response_l1_gain		no_state		15.0	0.2	disease_convergence			
analyses/multiverse/results/validation_unavailable.csv			fewer than two clusters or outcome classes remain				disease_204_no_state	300.0	3.0	significant	significant_response_l1_gain		no_state		30.0	0.2	disease_convergence			
analyses/multiverse/results/validation_unavailable.csv			disease labels are tied to the source study cluster resolution					300.0	3.0	significant	significant_response_l1_gain		no_state		50.0	0.2	disease_convergence			
analyses/multiverse/results/validation_unavailable.csv			disease labels are tied to the source study cluster resolution					300.0	3.0	significant_and_absolute_z_at_least_2	distal_gene_count_residual		minimal		15.0	0.05	disease_convergence			
analyses/multiverse/results/validation_unavailable.csv			fewer than two clusters or outcome classes remain				disease_205_minimal	300.0	3.0	significant_and_absolute_z_at_least_2	distal_gene_count_residual		minimal		30.0	0.05	disease_convergence			
analyses/multiverse/results/validation_unavailable.csv			disease labels are tied to the source study cluster resolution					300.0	3.0	significant_and_absolute_z_at_least_2	distal_gene_count_residual		minimal		50.0	0.05	disease_convergence			
analyses/multiverse/results/validation_unavailable.csv			disease labels are tied to the source study cluster resolution					300.0	3.0	significant_and_absolute_z_at_least_2	distal_gene_count_residual		observability		15.0	0.05	disease_convergence			
analyses/multiverse/results/validation_unavailable.csv			fewer than two clusters or outcome classes remain				disease_205_observability	300.0	3.0	significant_and_absolute_z_at_least_2	distal_gene_count_residual		observability		30.0	0.05	disease_convergence			
analyses/multiverse/results/validation_unavailable.csv			disease labels are tied to the source study cluster resolution					300.0	3.0	significant_and_absolute_z_at_least_2	distal_gene_count_residual		observability		50.0	0.05	disease_convergence			
analyses/multiverse/results/validation_unavailable.csv			disease labels are tied to the source study cluster resolution					300.0	3.0	significant_and_absolute_z_at_least_2	distal_gene_count_residual		reproducibility		15.0	0.05	disease_convergence			
analyses/multiverse/results/validation_unavailable.csv			fewer than two clusters or outcome classes remain				disease_205_reproducibility	300.0	3.0	significant_and_absolute_z_at_least_2	distal_gene_count_residual		reproducibility		30.0	0.05	disease_convergence			
analyses/multiverse/results/validation_unavailable.csv			disease labels are tied to the source study cluster resolution					300.0	3.0	significant_and_absolute_z_at_least_2	distal_gene_count_residual		reproducibility		50.0	0.05	disease_convergence			
analyses/multiverse/results/validation_unavailable.csv			disease labels are tied to the source study cluster resolution					300.0	3.0	significant_and_absolute_z_at_least_2	distal_gene_count_residual		no_state		15.0	0.05	disease_convergence			
analyses/multiverse/results/validation_unavailable.csv			fewer than two clusters or outcome classes remain				disease_205_no_state	300.0	3.0	significant_and_absolute_z_at_least_2	distal_gene_count_residual		no_state		30.0	0.05	disease_convergence			
analyses/multiverse/results/validation_unavailable.csv			disease labels are tied to the source study cluster resolution					300.0	3.0	significant_and_absolute_z_at_least_2	distal_gene_count_residual		no_state		50.0	0.05	disease_convergence			
analyses/multiverse/results/validation_unavailable.csv			disease labels are tied to the source study cluster resolution					300.0	3.0	significant_and_absolute_z_at_least_2	distal_gene_count_residual		minimal		15.0	0.1	disease_convergence			
analyses/multiverse/results/validation_unavailable.csv			fewer than two clusters or outcome classes remain				disease_206_minimal	300.0	3.0	significant_and_absolute_z_at_least_2	distal_gene_count_residual		minimal		30.0	0.1	disease_convergence			
analyses/multiverse/results/validation_unavailable.csv			disease labels are tied to the source study cluster resolution					300.0	3.0	significant_and_absolute_z_at_least_2	distal_gene_count_residual		minimal		50.0	0.1	disease_convergence			
analyses/multiverse/results/validation_unavailable.csv			disease labels are tied to the source study cluster resolution					300.0	3.0	significant_and_absolute_z_at_least_2	distal_gene_count_residual		observability		15.0	0.1	disease_convergence			
analyses/multiverse/results/validation_unavailable.csv			fewer than two clusters or outcome classes remain				disease_206_observability	300.0	3.0	significant_and_absolute_z_at_least_2	distal_gene_count_residual		observability		30.0	0.1	disease_convergence			
analyses/multiverse/results/validation_unavailable.csv			disease labels are tied to the source study cluster resolution					300.0	3.0	significant_and_absolute_z_at_least_2	distal_gene_count_residual		observability		50.0	0.1	disease_convergence			
analyses/multiverse/results/validation_unavailable.csv			disease labels are tied to the source study cluster resolution					300.0	3.0	significant_and_absolute_z_at_least_2	distal_gene_count_residual		reproducibility		15.0	0.1	disease_convergence			
analyses/multiverse/results/validation_unavailable.csv			fewer than two clusters or outcome classes remain				disease_206_reproducibility	300.0	3.0	significant_and_absolute_z_at_least_2	distal_gene_count_residual		reproducibility		30.0	0.1	disease_convergence			
analyses/multiverse/results/validation_unavailable.csv			disease labels are tied to the source study cluster resolution					300.0	3.0	significant_and_absolute_z_at_least_2	distal_gene_count_residual		reproducibility		50.0	0.1	disease_convergence			
analyses/multiverse/results/validation_unavailable.csv			disease labels are tied to the source study cluster resolution					300.0	3.0	significant_and_absolute_z_at_least_2	distal_gene_count_residual		no_state		15.0	0.1	disease_convergence			
analyses/multiverse/results/validation_unavailable.csv			fewer than two clusters or outcome classes remain				disease_206_no_state	300.0	3.0	significant_and_absolute_z_at_least_2	distal_gene_count_residual		no_state		30.0	0.1	disease_convergence			
analyses/multiverse/results/validation_unavailable.csv			disease labels are tied to the source study cluster resolution					300.0	3.0	significant_and_absolute_z_at_least_2	distal_gene_count_residual		no_state		50.0	0.1	disease_convergence			
analyses/multiverse/results/validation_unavailable.csv			disease labels are tied to the source study cluster resolution					300.0	3.0	significant_and_absolute_z_at_least_2	distal_gene_count_residual		minimal		15.0	0.15	disease_convergence			
analyses/multiverse/results/validation_unavailable.csv			fewer than two clusters or outcome classes remain				disease_207_minimal	300.0	3.0	significant_and_absolute_z_at_least_2	distal_gene_count_residual		minimal		30.0	0.15	disease_convergence			
analyses/multiverse/results/validation_unavailable.csv			disease labels are tied to the source study cluster resolution					300.0	3.0	significant_and_absolute_z_at_least_2	distal_gene_count_residual		minimal		50.0	0.15	disease_convergence			
analyses/multiverse/results/validation_unavailable.csv			disease labels are tied to the source study cluster resolution					300.0	3.0	significant_and_absolute_z_at_least_2	distal_gene_count_residual		observability		15.0	0.15	disease_convergence			
analyses/multiverse/results/validation_unavailable.csv			fewer than two clusters or outcome classes remain				disease_207_observability	300.0	3.0	significant_and_absolute_z_at_least_2	distal_gene_count_residual		observability		30.0	0.15	disease_convergence			
analyses/multiverse/results/validation_unavailable.csv			disease labels are tied to the source study cluster resolution					300.0	3.0	significant_and_absolute_z_at_least_2	distal_gene_count_residual		observability		50.0	0.15	disease_convergence			
analyses/multiverse/results/validation_unavailable.csv			disease labels are tied to the source study cluster resolution					300.0	3.0	significant_and_absolute_z_at_least_2	distal_gene_count_residual		reproducibility		15.0	0.15	disease_convergence			
analyses/multiverse/results/validation_unavailable.csv			fewer than two clusters or outcome classes remain				disease_207_reproducibility	300.0	3.0	significant_and_absolute_z_at_least_2	distal_gene_count_residual		reproducibility		30.0	0.15	disease_convergence			
analyses/multiverse/results/validation_unavailable.csv			disease labels are tied to the source study cluster resolution					300.0	3.0	significant_and_absolute_z_at_least_2	distal_gene_count_residual		reproducibility		50.0	0.15	disease_convergence			
analyses/multiverse/results/validation_unavailable.csv			disease labels are tied to the source study cluster resolution					300.0	3.0	significant_and_absolute_z_at_least_2	distal_gene_count_residual		no_state		15.0	0.15	disease_convergence			
analyses/multiverse/results/validation_unavailable.csv			fewer than two clusters or outcome classes remain				disease_207_no_state	300.0	3.0	significant_and_absolute_z_at_least_2	distal_gene_count_residual		no_state		30.0	0.15	disease_convergence			
analyses/multiverse/results/validation_unavailable.csv			disease labels are tied to the source study cluster resolution					300.0	3.0	significant_and_absolute_z_at_least_2	distal_gene_count_residual		no_state		50.0	0.15	disease_convergence			
analyses/multiverse/results/validation_unavailable.csv			disease labels are tied to the source study cluster resolution					300.0	3.0	significant_and_absolute_z_at_least_2	distal_gene_count_residual		minimal		15.0	0.2	disease_convergence			
analyses/multiverse/results/validation_unavailable.csv			fewer than two clusters or outcome classes remain				disease_208_minimal	300.0	3.0	significant_and_absolute_z_at_least_2	distal_gene_count_residual		minimal		30.0	0.2	disease_convergence			
analyses/multiverse/results/validation_unavailable.csv			disease labels are tied to the source study cluster resolution					300.0	3.0	significant_and_absolute_z_at_least_2	distal_gene_count_residual		minimal		50.0	0.2	disease_convergence			
analyses/multiverse/results/validation_unavailable.csv			disease labels are tied to the source study cluster resolution					300.0	3.0	significant_and_absolute_z_at_least_2	distal_gene_count_residual		observability		15.0	0.2	disease_convergence			
analyses/multiverse/results/validation_unavailable.csv			fewer than two clusters or outcome classes remain				disease_208_observability	300.0	3.0	significant_and_absolute_z_at_least_2	distal_gene_count_residual		observability		30.0	0.2	disease_convergence			
analyses/multiverse/results/validation_unavailable.csv			disease labels are tied to the source study cluster resolution					300.0	3.0	significant_and_absolute_z_at_least_2	distal_gene_count_residual		observability		50.0	0.2	disease_convergence			
analyses/multiverse/results/validation_unavailable.csv			disease labels are tied to the source study cluster resolution					300.0	3.0	significant_and_absolute_z_at_least_2	distal_gene_count_residual		reproducibility		15.0	0.2	disease_convergence			
analyses/multiverse/results/validation_unavailable.csv			fewer than two clusters or outcome classes remain				disease_208_reproducibility	300.0	3.0	significant_and_absolute_z_at_least_2	distal_gene_count_residual		reproducibility		30.0	0.2	disease_convergence			
analyses/multiverse/results/validation_unavailable.csv			disease labels are tied to the source study cluster resolution					300.0	3.0	significant_and_absolute_z_at_least_2	distal_gene_count_residual		reproducibility		50.0	0.2	disease_convergence			
analyses/multiverse/results/validation_unavailable.csv			disease labels are tied to the source study cluster resolution					300.0	3.0	significant_and_absolute_z_at_least_2	distal_gene_count_residual		no_state		15.0	0.2	disease_convergence			
analyses/multiverse/results/validation_unavailable.csv			fewer than two clusters or outcome classes remain				disease_208_no_state	300.0	3.0	significant_and_absolute_z_at_least_2	distal_gene_count_residual		no_state		30.0	0.2	disease_convergence			
analyses/multiverse/results/validation_unavailable.csv			disease labels are tied to the source study cluster resolution					300.0	3.0	significant_and_absolute_z_at_least_2	distal_gene_count_residual		no_state		50.0	0.2	disease_convergence			
analyses/multiverse/results/validation_unavailable.csv			disease labels are tied to the source study cluster resolution					300.0	3.0	significant_and_absolute_z_at_least_2	debiased_response_l2_gain		minimal		15.0	0.05	disease_convergence			
analyses/multiverse/results/validation_unavailable.csv			fewer than two clusters or outcome classes remain				disease_209_minimal	300.0	3.0	significant_and_absolute_z_at_least_2	debiased_response_l2_gain		minimal		30.0	0.05	disease_convergence			
analyses/multiverse/results/validation_unavailable.csv			disease labels are tied to the source study cluster resolution					300.0	3.0	significant_and_absolute_z_at_least_2	debiased_response_l2_gain		minimal		50.0	0.05	disease_convergence			
analyses/multiverse/results/validation_unavailable.csv			disease labels are tied to the source study cluster resolution					300.0	3.0	significant_and_absolute_z_at_least_2	debiased_response_l2_gain		observability		15.0	0.05	disease_convergence			
analyses/multiverse/results/validation_unavailable.csv			fewer than two clusters or outcome classes remain				disease_209_observability	300.0	3.0	significant_and_absolute_z_at_least_2	debiased_response_l2_gain		observability		30.0	0.05	disease_convergence			
analyses/multiverse/results/validation_unavailable.csv			disease labels are tied to the source study cluster resolution					300.0	3.0	significant_and_absolute_z_at_least_2	debiased_response_l2_gain		observability		50.0	0.05	disease_convergence			
analyses/multiverse/results/validation_unavailable.csv			disease labels are tied to the source study cluster resolution					300.0	3.0	significant_and_absolute_z_at_least_2	debiased_response_l2_gain		reproducibility		15.0	0.05	disease_convergence			
analyses/multiverse/results/validation_unavailable.csv			fewer than two clusters or outcome classes remain				disease_209_reproducibility	300.0	3.0	significant_and_absolute_z_at_least_2	debiased_response_l2_gain		reproducibility		30.0	0.05	disease_convergence			
analyses/multiverse/results/validation_unavailable.csv			disease labels are tied to the source study cluster resolution					300.0	3.0	significant_and_absolute_z_at_least_2	debiased_response_l2_gain		reproducibility		50.0	0.05	disease_convergence			
analyses/multiverse/results/validation_unavailable.csv			disease labels are tied to the source study cluster resolution					300.0	3.0	significant_and_absolute_z_at_least_2	debiased_response_l2_gain		no_state		15.0	0.05	disease_convergence			
analyses/multiverse/results/validation_unavailable.csv			fewer than two clusters or outcome classes remain				disease_209_no_state	300.0	3.0	significant_and_absolute_z_at_least_2	debiased_response_l2_gain		no_state		30.0	0.05	disease_convergence			
analyses/multiverse/results/validation_unavailable.csv			disease labels are tied to the source study cluster resolution					300.0	3.0	significant_and_absolute_z_at_least_2	debiased_response_l2_gain		no_state		50.0	0.05	disease_convergence			
analyses/multiverse/results/validation_unavailable.csv			disease labels are tied to the source study cluster resolution					300.0	3.0	significant_and_absolute_z_at_least_2	debiased_response_l2_gain		minimal		15.0	0.1	disease_convergence			
analyses/multiverse/results/validation_unavailable.csv			fewer than two clusters or outcome classes remain				disease_210_minimal	300.0	3.0	significant_and_absolute_z_at_least_2	debiased_response_l2_gain		minimal		30.0	0.1	disease_convergence			
analyses/multiverse/results/validation_unavailable.csv			disease labels are tied to the source study cluster resolution					300.0	3.0	significant_and_absolute_z_at_least_2	debiased_response_l2_gain		minimal		50.0	0.1	disease_convergence			
analyses/multiverse/results/validation_unavailable.csv			disease labels are tied to the source study cluster resolution					300.0	3.0	significant_and_absolute_z_at_least_2	debiased_response_l2_gain		observability		15.0	0.1	disease_convergence			
analyses/multiverse/results/validation_unavailable.csv			fewer than two clusters or outcome classes remain				disease_210_observability	300.0	3.0	significant_and_absolute_z_at_least_2	debiased_response_l2_gain		observability		30.0	0.1	disease_convergence			
analyses/multiverse/results/validation_unavailable.csv			disease labels are tied to the source study cluster resolution					300.0	3.0	significant_and_absolute_z_at_least_2	debiased_response_l2_gain		observability		50.0	0.1	disease_convergence			
analyses/multiverse/results/validation_unavailable.csv			disease labels are tied to the source study cluster resolution					300.0	3.0	significant_and_absolute_z_at_least_2	debiased_response_l2_gain		reproducibility		15.0	0.1	disease_convergence			
analyses/multiverse/results/validation_unavailable.csv			fewer than two clusters or outcome classes remain				disease_210_reproducibility	300.0	3.0	significant_and_absolute_z_at_least_2	debiased_response_l2_gain		reproducibility		30.0	0.1	disease_convergence			
analyses/multiverse/results/validation_unavailable.csv			disease labels are tied to the source study cluster resolution					300.0	3.0	significant_and_absolute_z_at_least_2	debiased_response_l2_gain		reproducibility		50.0	0.1	disease_convergence			
analyses/multiverse/results/validation_unavailable.csv			disease labels are tied to the source study cluster resolution					300.0	3.0	significant_and_absolute_z_at_least_2	debiased_response_l2_gain		no_state		15.0	0.1	disease_convergence			
analyses/multiverse/results/validation_unavailable.csv			fewer than two clusters or outcome classes remain				disease_210_no_state	300.0	3.0	significant_and_absolute_z_at_least_2	debiased_response_l2_gain		no_state		30.0	0.1	disease_convergence			
analyses/multiverse/results/validation_unavailable.csv			disease labels are tied to the source study cluster resolution					300.0	3.0	significant_and_absolute_z_at_least_2	debiased_response_l2_gain		no_state		50.0	0.1	disease_convergence			
analyses/multiverse/results/validation_unavailable.csv			disease labels are tied to the source study cluster resolution					300.0	3.0	significant_and_absolute_z_at_least_2	debiased_response_l2_gain		minimal		15.0	0.15	disease_convergence			
analyses/multiverse/results/validation_unavailable.csv			fewer than two clusters or outcome classes remain				disease_211_minimal	300.0	3.0	significant_and_absolute_z_at_least_2	debiased_response_l2_gain		minimal		30.0	0.15	disease_convergence			
analyses/multiverse/results/validation_unavailable.csv			disease labels are tied to the source study cluster resolution					300.0	3.0	significant_and_absolute_z_at_least_2	debiased_response_l2_gain		minimal		50.0	0.15	disease_convergence			
analyses/multiverse/results/validation_unavailable.csv			disease labels are tied to the source study cluster resolution					300.0	3.0	significant_and_absolute_z_at_least_2	debiased_response_l2_gain		observability		15.0	0.15	disease_convergence			
analyses/multiverse/results/validation_unavailable.csv			fewer than two clusters or outcome classes remain				disease_211_observability	300.0	3.0	significant_and_absolute_z_at_least_2	debiased_response_l2_gain		observability		30.0	0.15	disease_convergence			
analyses/multiverse/results/validation_unavailable.csv			disease labels are tied to the source study cluster resolution					300.0	3.0	significant_and_absolute_z_at_least_2	debiased_response_l2_gain		observability		50.0	0.15	disease_convergence			
analyses/multiverse/results/validation_unavailable.csv			disease labels are tied to the source study cluster resolution					300.0	3.0	significant_and_absolute_z_at_least_2	debiased_response_l2_gain		reproducibility		15.0	0.15	disease_convergence			
analyses/multiverse/results/validation_unavailable.csv			fewer than two clusters or outcome classes remain				disease_211_reproducibility	300.0	3.0	significant_and_absolute_z_at_least_2	debiased_response_l2_gain		reproducibility		30.0	0.15	disease_convergence			
analyses/multiverse/results/validation_unavailable.csv			disease labels are tied to the source study cluster resolution					300.0	3.0	significant_and_absolute_z_at_least_2	debiased_response_l2_gain		reproducibility		50.0	0.15	disease_convergence			
analyses/multiverse/results/validation_unavailable.csv			disease labels are tied to the source study cluster resolution					300.0	3.0	significant_and_absolute_z_at_least_2	debiased_response_l2_gain		no_state		15.0	0.15	disease_convergence			
analyses/multiverse/results/validation_unavailable.csv			fewer than two clusters or outcome classes remain				disease_211_no_state	300.0	3.0	significant_and_absolute_z_at_least_2	debiased_response_l2_gain		no_state		30.0	0.15	disease_convergence			
analyses/multiverse/results/validation_unavailable.csv			disease labels are tied to the source study cluster resolution					300.0	3.0	significant_and_absolute_z_at_least_2	debiased_response_l2_gain		no_state		50.0	0.15	disease_convergence			
analyses/multiverse/results/validation_unavailable.csv			disease labels are tied to the source study cluster resolution					300.0	3.0	significant_and_absolute_z_at_least_2	debiased_response_l2_gain		minimal		15.0	0.2	disease_convergence			
analyses/multiverse/results/validation_unavailable.csv			fewer than two clusters or outcome classes remain				disease_212_minimal	300.0	3.0	significant_and_absolute_z_at_least_2	debiased_response_l2_gain		minimal		30.0	0.2	disease_convergence			
analyses/multiverse/results/validation_unavailable.csv			disease labels are tied to the source study cluster resolution					300.0	3.0	significant_and_absolute_z_at_least_2	debiased_response_l2_gain		minimal		50.0	0.2	disease_convergence			
analyses/multiverse/results/validation_unavailable.csv			disease labels are tied to the source study cluster resolution					300.0	3.0	significant_and_absolute_z_at_least_2	debiased_response_l2_gain		observability		15.0	0.2	disease_convergence			
analyses/multiverse/results/validation_unavailable.csv			fewer than two clusters or outcome classes remain				disease_212_observability	300.0	3.0	significant_and_absolute_z_at_least_2	debiased_response_l2_gain		observability		30.0	0.2	disease_convergence			
analyses/multiverse/results/validation_unavailable.csv			disease labels are tied to the source study cluster resolution					300.0	3.0	significant_and_absolute_z_at_least_2	debiased_response_l2_gain		observability		50.0	0.2	disease_convergence			
analyses/multiverse/results/validation_unavailable.csv			disease labels are tied to the source study cluster resolution					300.0	3.0	significant_and_absolute_z_at_least_2	debiased_response_l2_gain		reproducibility		15.0	0.2	disease_convergence			
analyses/multiverse/results/validation_unavailable.csv			fewer than two clusters or outcome classes remain				disease_212_reproducibility	300.0	3.0	significant_and_absolute_z_at_least_2	debiased_response_l2_gain		reproducibility		30.0	0.2	disease_convergence			
analyses/multiverse/results/validation_unavailable.csv			disease labels are tied to the source study cluster resolution					300.0	3.0	significant_and_absolute_z_at_least_2	debiased_response_l2_gain		reproducibility		50.0	0.2	disease_convergence			
analyses/multiverse/results/validation_unavailable.csv			disease labels are tied to the source study cluster resolution					300.0	3.0	significant_and_absolute_z_at_least_2	debiased_response_l2_gain		no_state		15.0	0.2	disease_convergence			
analyses/multiverse/results/validation_unavailable.csv			fewer than two clusters or outcome classes remain				disease_212_no_state	300.0	3.0	significant_and_absolute_z_at_least_2	debiased_response_l2_gain		no_state		30.0	0.2	disease_convergence			
analyses/multiverse/results/validation_unavailable.csv			disease labels are tied to the source study cluster resolution					300.0	3.0	significant_and_absolute_z_at_least_2	debiased_response_l2_gain		no_state		50.0	0.2	disease_convergence			
analyses/multiverse/results/validation_unavailable.csv			disease labels are tied to the source study cluster resolution					300.0	3.0	significant_and_absolute_z_at_least_2	significant_response_l1_gain		minimal		15.0	0.05	disease_convergence			
analyses/multiverse/results/validation_unavailable.csv			fewer than two clusters or outcome classes remain				disease_213_minimal	300.0	3.0	significant_and_absolute_z_at_least_2	significant_response_l1_gain		minimal		30.0	0.05	disease_convergence			
analyses/multiverse/results/validation_unavailable.csv			disease labels are tied to the source study cluster resolution					300.0	3.0	significant_and_absolute_z_at_least_2	significant_response_l1_gain		minimal		50.0	0.05	disease_convergence			
analyses/multiverse/results/validation_unavailable.csv			disease labels are tied to the source study cluster resolution					300.0	3.0	significant_and_absolute_z_at_least_2	significant_response_l1_gain		observability		15.0	0.05	disease_convergence			
analyses/multiverse/results/validation_unavailable.csv			fewer than two clusters or outcome classes remain				disease_213_observability	300.0	3.0	significant_and_absolute_z_at_least_2	significant_response_l1_gain		observability		30.0	0.05	disease_convergence			
analyses/multiverse/results/validation_unavailable.csv			disease labels are tied to the source study cluster resolution					300.0	3.0	significant_and_absolute_z_at_least_2	significant_response_l1_gain		observability		50.0	0.05	disease_convergence			
analyses/multiverse/results/validation_unavailable.csv			disease labels are tied to the source study cluster resolution					300.0	3.0	significant_and_absolute_z_at_least_2	significant_response_l1_gain		reproducibility		15.0	0.05	disease_convergence			
analyses/multiverse/results/validation_unavailable.csv			fewer than two clusters or outcome classes remain				disease_213_reproducibility	300.0	3.0	significant_and_absolute_z_at_least_2	significant_response_l1_gain		reproducibility		30.0	0.05	disease_convergence			
analyses/multiverse/results/validation_unavailable.csv			disease labels are tied to the source study cluster resolution					300.0	3.0	significant_and_absolute_z_at_least_2	significant_response_l1_gain		reproducibility		50.0	0.05	disease_convergence			
analyses/multiverse/results/validation_unavailable.csv			disease labels are tied to the source study cluster resolution					300.0	3.0	significant_and_absolute_z_at_least_2	significant_response_l1_gain		no_state		15.0	0.05	disease_convergence			
analyses/multiverse/results/validation_unavailable.csv			fewer than two clusters or outcome classes remain				disease_213_no_state	300.0	3.0	significant_and_absolute_z_at_least_2	significant_response_l1_gain		no_state		30.0	0.05	disease_convergence			
analyses/multiverse/results/validation_unavailable.csv			disease labels are tied to the source study cluster resolution					300.0	3.0	significant_and_absolute_z_at_least_2	significant_response_l1_gain		no_state		50.0	0.05	disease_convergence			
analyses/multiverse/results/validation_unavailable.csv			disease labels are tied to the source study cluster resolution					300.0	3.0	significant_and_absolute_z_at_least_2	significant_response_l1_gain		minimal		15.0	0.1	disease_convergence			
analyses/multiverse/results/validation_unavailable.csv			fewer than two clusters or outcome classes remain				disease_214_minimal	300.0	3.0	significant_and_absolute_z_at_least_2	significant_response_l1_gain		minimal		30.0	0.1	disease_convergence			
analyses/multiverse/results/validation_unavailable.csv			disease labels are tied to the source study cluster resolution					300.0	3.0	significant_and_absolute_z_at_least_2	significant_response_l1_gain		minimal		50.0	0.1	disease_convergence			
analyses/multiverse/results/validation_unavailable.csv			disease labels are tied to the source study cluster resolution					300.0	3.0	significant_and_absolute_z_at_least_2	significant_response_l1_gain		observability		15.0	0.1	disease_convergence			
analyses/multiverse/results/validation_unavailable.csv			fewer than two clusters or outcome classes remain				disease_214_observability	300.0	3.0	significant_and_absolute_z_at_least_2	significant_response_l1_gain		observability		30.0	0.1	disease_convergence			
analyses/multiverse/results/validation_unavailable.csv			disease labels are tied to the source study cluster resolution					300.0	3.0	significant_and_absolute_z_at_least_2	significant_response_l1_gain		observability		50.0	0.1	disease_convergence			
analyses/multiverse/results/validation_unavailable.csv			disease labels are tied to the source study cluster resolution					300.0	3.0	significant_and_absolute_z_at_least_2	significant_response_l1_gain		reproducibility		15.0	0.1	disease_convergence			
analyses/multiverse/results/validation_unavailable.csv			fewer than two clusters or outcome classes remain				disease_214_reproducibility	300.0	3.0	significant_and_absolute_z_at_least_2	significant_response_l1_gain		reproducibility		30.0	0.1	disease_convergence			
analyses/multiverse/results/validation_unavailable.csv			disease labels are tied to the source study cluster resolution					300.0	3.0	significant_and_absolute_z_at_least_2	significant_response_l1_gain		reproducibility		50.0	0.1	disease_convergence			
analyses/multiverse/results/validation_unavailable.csv			disease labels are tied to the source study cluster resolution					300.0	3.0	significant_and_absolute_z_at_least_2	significant_response_l1_gain		no_state		15.0	0.1	disease_convergence			
analyses/multiverse/results/validation_unavailable.csv			fewer than two clusters or outcome classes remain				disease_214_no_state	300.0	3.0	significant_and_absolute_z_at_least_2	significant_response_l1_gain		no_state		30.0	0.1	disease_convergence			
analyses/multiverse/results/validation_unavailable.csv			disease labels are tied to the source study cluster resolution					300.0	3.0	significant_and_absolute_z_at_least_2	significant_response_l1_gain		no_state		50.0	0.1	disease_convergence			
analyses/multiverse/results/validation_unavailable.csv			disease labels are tied to the source study cluster resolution					300.0	3.0	significant_and_absolute_z_at_least_2	significant_response_l1_gain		minimal		15.0	0.15	disease_convergence			
analyses/multiverse/results/validation_unavailable.csv			fewer than two clusters or outcome classes remain				disease_215_minimal	300.0	3.0	significant_and_absolute_z_at_least_2	significant_response_l1_gain		minimal		30.0	0.15	disease_convergence			
analyses/multiverse/results/validation_unavailable.csv			disease labels are tied to the source study cluster resolution					300.0	3.0	significant_and_absolute_z_at_least_2	significant_response_l1_gain		minimal		50.0	0.15	disease_convergence			
analyses/multiverse/results/validation_unavailable.csv			disease labels are tied to the source study cluster resolution					300.0	3.0	significant_and_absolute_z_at_least_2	significant_response_l1_gain		observability		15.0	0.15	disease_convergence			
analyses/multiverse/results/validation_unavailable.csv			fewer than two clusters or outcome classes remain				disease_215_observability	300.0	3.0	significant_and_absolute_z_at_least_2	significant_response_l1_gain		observability		30.0	0.15	disease_convergence			
analyses/multiverse/results/validation_unavailable.csv			disease labels are tied to the source study cluster resolution					300.0	3.0	significant_and_absolute_z_at_least_2	significant_response_l1_gain		observability		50.0	0.15	disease_convergence			
analyses/multiverse/results/validation_unavailable.csv			disease labels are tied to the source study cluster resolution					300.0	3.0	significant_and_absolute_z_at_least_2	significant_response_l1_gain		reproducibility		15.0	0.15	disease_convergence			
analyses/multiverse/results/validation_unavailable.csv			fewer than two clusters or outcome classes remain				disease_215_reproducibility	300.0	3.0	significant_and_absolute_z_at_least_2	significant_response_l1_gain		reproducibility		30.0	0.15	disease_convergence			
analyses/multiverse/results/validation_unavailable.csv			disease labels are tied to the source study cluster resolution					300.0	3.0	significant_and_absolute_z_at_least_2	significant_response_l1_gain		reproducibility		50.0	0.15	disease_convergence			
analyses/multiverse/results/validation_unavailable.csv			disease labels are tied to the source study cluster resolution					300.0	3.0	significant_and_absolute_z_at_least_2	significant_response_l1_gain		no_state		15.0	0.15	disease_convergence			
analyses/multiverse/results/validation_unavailable.csv			fewer than two clusters or outcome classes remain				disease_215_no_state	300.0	3.0	significant_and_absolute_z_at_least_2	significant_response_l1_gain		no_state		30.0	0.15	disease_convergence			
analyses/multiverse/results/validation_unavailable.csv			disease labels are tied to the source study cluster resolution					300.0	3.0	significant_and_absolute_z_at_least_2	significant_response_l1_gain		no_state		50.0	0.15	disease_convergence			
analyses/multiverse/results/validation_unavailable.csv			disease labels are tied to the source study cluster resolution					300.0	3.0	significant_and_absolute_z_at_least_2	significant_response_l1_gain		minimal		15.0	0.2	disease_convergence			
analyses/multiverse/results/validation_unavailable.csv			fewer than two clusters or outcome classes remain				disease_216_minimal	300.0	3.0	significant_and_absolute_z_at_least_2	significant_response_l1_gain		minimal		30.0	0.2	disease_convergence			
analyses/multiverse/results/validation_unavailable.csv			disease labels are tied to the source study cluster resolution					300.0	3.0	significant_and_absolute_z_at_least_2	significant_response_l1_gain		minimal		50.0	0.2	disease_convergence			
analyses/multiverse/results/validation_unavailable.csv			disease labels are tied to the source study cluster resolution					300.0	3.0	significant_and_absolute_z_at_least_2	significant_response_l1_gain		observability		15.0	0.2	disease_convergence			
analyses/multiverse/results/validation_unavailable.csv			fewer than two clusters or outcome classes remain				disease_216_observability	300.0	3.0	significant_and_absolute_z_at_least_2	significant_response_l1_gain		observability		30.0	0.2	disease_convergence			
analyses/multiverse/results/validation_unavailable.csv			disease labels are tied to the source study cluster resolution					300.0	3.0	significant_and_absolute_z_at_least_2	significant_response_l1_gain		observability		50.0	0.2	disease_convergence			
analyses/multiverse/results/validation_unavailable.csv			disease labels are tied to the source study cluster resolution					300.0	3.0	significant_and_absolute_z_at_least_2	significant_response_l1_gain		reproducibility		15.0	0.2	disease_convergence			
analyses/multiverse/results/validation_unavailable.csv			fewer than two clusters or outcome classes remain				disease_216_reproducibility	300.0	3.0	significant_and_absolute_z_at_least_2	significant_response_l1_gain		reproducibility		30.0	0.2	disease_convergence			
analyses/multiverse/results/validation_unavailable.csv			disease labels are tied to the source study cluster resolution					300.0	3.0	significant_and_absolute_z_at_least_2	significant_response_l1_gain		reproducibility		50.0	0.2	disease_convergence			
analyses/multiverse/results/validation_unavailable.csv			disease labels are tied to the source study cluster resolution					300.0	3.0	significant_and_absolute_z_at_least_2	significant_response_l1_gain		no_state		15.0	0.2	disease_convergence			
analyses/multiverse/results/validation_unavailable.csv			fewer than two clusters or outcome classes remain				disease_216_no_state	300.0	3.0	significant_and_absolute_z_at_least_2	significant_response_l1_gain		no_state		30.0	0.2	disease_convergence			
analyses/multiverse/results/validation_unavailable.csv			disease labels are tied to the source study cluster resolution					300.0	3.0	significant_and_absolute_z_at_least_2	significant_response_l1_gain		no_state		50.0	0.2	disease_convergence			
analyses/causal_triangulation/results/unavailable_tests.csv			colocalization or minimum instrument assumptions failed		not_tested													two_step_mediation	gata3	
analyses/causal_triangulation/results/unavailable_tests.csv			colocalization or minimum instrument assumptions failed		not_tested													two_step_mediation	stat3	
analyses/causal_triangulation/results/unavailable_tests.csv			colocalization or minimum instrument assumptions failed		not_tested													two_step_mediation	ptpn22	
analyses/causal_triangulation/results/unavailable_tests.csv			MAF and local gene-density fields unavailable in the frozen source bundle		unresolved													matched_negative_locus	gata3	
analyses/causal_triangulation/results/unavailable_tests.csv			MAF and local gene-density fields unavailable in the frozen source bundle		unresolved													matched_negative_locus	stat3	
analyses/causal_triangulation/results/unavailable_tests.csv			MAF and local gene-density fields unavailable in the frozen source bundle		unresolved													matched_negative_locus	ptpn22	
analyses/supplementary_disease/results/s15_ancestry_availability.csv			individual-level ancestry labels were not present in the frozen public perturbation summaries		unavailable													ancestry-stratified transfer		0.0
analyses/supplementary_disease/results/s15_ancestry_availability.csv			the three source credible sets did not provide a harmonized ancestry field for comparative estimation		unavailable													ancestry-stratified locus evidence		0.0
