target_gene	fold	n_cells	log1p_differentially_expressed_genes	global_mean	simple_covariates	ridge	sparse_nonlinear	standard_network_propagation	graph_readout	frozen_cd4_transfer	without_proximal	without_scalar_transfer	without_context	without_vector	without_network
AAAS	2.0	86.0	0.6931471805599453	4.391573968533688	4.535029757520752	4.435579877479839	1.9539541734084969	3.18257445613205	4.466766512689508	3.6256475397170895	3.488010374690134	4.146624905212242	3.639709124406663	3.450238579415358	3.6424390460616682
ACSS2	9.0	81.0	3.58351893845611	4.393056444040468	4.51753654555412	3.8669619971527367	4.59037943530413	3.5255440830912956	3.3964991559687325	3.909818859129134	4.607315052318308	3.6708402341553383	3.9170872915798314	3.7245059783685797	3.945791057321234
ACTR1A	1.0	139.0	1.3862943611198906	4.387132863168391	4.127609342802771	3.9094339164481524	3.9353662648663117	3.755528840721222	2.8249048842475672	2.4823616612264967	2.537488935458994	3.0126657731470186	2.4431434992565393	2.5714183178244965	2.7247628595576296
ACTR1B	9.0	175.0	3.713572066704308	4.393056444040468	4.155699691764321	4.561326311132842	3.5246226839485124	3.100286619128982	3.375158547945838	3.524376617223121	2.767789214499037	4.264124781503394	3.491295611564219	3.5831431357918975	3.2475546148296655
ACTR2	3.0	69.0	7.050122520269059	4.392928431925803	4.567073286094652	5.204352485070726	4.3402428900453875	4.152145005284728	4.163309154389232	5.56729869664426	5.061565281471741	5.302636511696035	5.519937702861561	5.366383937647018	5.633279532051434
ACTR5	10.0	63.0	6.0473721790462776	4.411313894805167	4.649159245654993	3.6094000197254603	5.1212821405475575	4.698344912424598	3.529388104797694	4.283414398121491	5.281383486661058	3.5954558826346212	4.270745035369827	4.32229405412726	4.62796113533293
ADRM1	1.0	85.0	4.605170185988092	4.387132863168391	4.4952882712283015	4.883452389934241	4.323382168101945	2.707471711595791	3.546742005200689	4.799534061551143	4.47067432304238	4.489410905630857	4.783976147576959	4.871324908003556	4.854357764376241
AIFM1	9.0	115.0	3.367295829986474	4.393056444040468	4.374084282625152	4.821002921132276	6.172932721425828	5.149694748244411	4.384716443540906	5.065477797714319	4.775836686626798	4.525831107795993	5.094101985021889	4.940662795107037	5.161231546772559
AKIRIN2	9.0	31.0	4.77912349311153	4.393056444040468	5.0229420538712874	5.5046194828617665	5.5032519838564005	4.304893876774461	4.4051177127035395	5.418608298496259	5.041646010803747	5.391264095929734	5.459762367538272	5.397528710632548	5.322293745202528
ALG13	4.0	44.0	5.940171252720432	4.45352342757584	4.904401909171891	5.262883144741937	5.223662875073671	5.238539151275851	6.104350415499173	4.863994509082688	4.563612628938275	4.952236352981928	5.09942069312991	5.189655533129303	4.849075535991886
ANAPC15	10.0	532.0	0.6931471805599453	4.411313894805167	3.500785656112722	3.574816921228937	3.3289967476645725	3.502766932505963	2.9379505519862725	3.3515565643528333	3.010162571142715	3.564059389754612	3.3044443829968326	3.2918160476541702	3.2049983218224987
ANKRD11	7.0	165.0	5.752572638825633	4.430646191446303	4.237852614603121	4.09184314462425	3.9106268015682804	4.158994842540325	3.5631760918975317	3.976109775094819	3.82742390450521	3.6914109721677426	3.9517952721470824	4.1059236567007815	4.083595155577067
ANKRD17	5.0	35.0	6.679599185844383	4.444186246918705	4.957791048693035	5.504499861986425	4.373012314827918	4.204910915878702	4.979505334074984	5.231809165858298	4.569545152688328	5.2311229634929415	5.222190240912477	5.130843304708873	5.134337047328037
ARGLU1	7.0	105.0	5.666426688112432	4.430646191446303	4.450262048843966	4.875855566754449	4.481237643887812	3.8228438832947638	4.9961737474946375	5.028343677208432	4.5042443862096135	4.659512419525005	4.991784844060302	5.117302778336326	5.058983306204842
ARHGAP11B	6.0	105.0	2.6390573296152584	4.413573039018873	4.416656448481322	4.343453229509703	2.7464945323980654	3.487712545830387	3.240426256986164	3.6099073212055846	3.5470393877308672	4.424546968178996	3.6376124172194904	3.832263518177757	3.450888948846747
ARID3A	7.0	119.0	2.9444389791664403	4.430646191446303	4.365721537656622	4.609519146898235	3.275637188750892	3.567099973412249	3.981320106004941	4.2342269968195225	3.9837913330424417	3.947820260491372	4.347678476087109	4.23337200205093	4.281604210537346
ARIH1	2.0	57.0	4.634728988229636	4.391573968533688	4.746225941204715	4.94835427366887	4.647546904065731	4.72983479411121	3.695969723341304	5.828415358565263	5.870762951616161	5.710576023070575	5.766884661913676	5.359018337213333	6.123301358462279
ARPC1B	6.0	35.0	4.127134385045092	4.413573039018873	5.0356057005795485	5.292556940408295	4.49138568108692	3.09686012527153	5.230065705198206	5.245463610083684	4.807027132824389	4.85749005923062	5.25278623119509	5.376799075321413	5.312898635178489
ARPC2	2.0	140.0	6.126869184114185	4.391573968533688	3.5525767193267974	4.021718288647028	5.376186230207678	4.385444529672841	3.3716367133849285	4.522580678139041	4.396514929799393	4.299003300605933	4.508448603570511	4.4639365197362455	4.651648586312005
ARPC3	8.0	80.0	3.871201010907891	4.432024921552578	4.291939371243034	4.58082821786998	5.08823768040956	4.098291058730063	3.861310018703267	5.117415090277595	5.1853405462236735	4.808705987804933	5.03717490967199	5.249592445558248	5.275160064279844
ATF4	6.0	49.0	3.7376696182833684	4.413573039018873	4.8135225357152915	5.225002588169777	6.15194777719246	4.3533903269236385	5.722313962665288	5.96797797510067	5.757257416624727	5.0218861862246555	5.953144342527395	6.002678662582365	6.312295752507748
ATL2	4.0	71.0	5.241747015059643	4.45352342757584	4.671246047184748	5.309989884775294	3.7389719221652693	3.9904487075028743	4.076789516043974	4.178012292198127	3.673830682713254	4.908572378631791	4.396993601623597	4.461412307482962	4.111251453549138
ATP2A2	7.0	144.0	7.3343293503005365	4.430646191446303	4.303219148300493	4.853742863911907	6.581336234303076	5.654256785999812	8.51495978336275	8.797597897335132	10.18150121796609	9.689129044305531	8.885700356729913	7.182797412789041	9.269808298950709
ATP5F1A	10.0	92.0	2.70805020110221	4.411313894805167	4.418845231228314	4.651492173488995	4.629380350934144	4.777463492722864	3.144367557088987	4.549641149111937	4.440419056413935	4.541376937812157	4.487640352070066	4.5464675948583775	4.697197943509445
ATP5ME	4.0	136.0	2.8903717578961645	4.45352342757584	4.293658133377999	4.903791154645125	4.174024097728397	4.765597726692869	3.907914909906665	4.5314947268555	4.098578116755104	5.217680762175993	4.740010828771405	4.814345044335408	4.429625463601937
ATP5MF	1.0	232.0	4.343805421853684	4.387132863168391	4.086492231151922	4.4460792139715295	4.503820934368764	5.039375754859346	3.3943439728296543	4.834279407956273	4.698247137270408	3.9697696639344215	4.866322088414859	5.164349832655093	5.069347639649379
ATP5PO	8.0	139.0	3.8918202981106265	4.432024921552578	4.549997549324211	4.041383466054661	3.810460381121192	3.8686325129362573	3.6104577594909952	1.9497391830644042	2.9132917777141722	3.1631854970876723	1.9648916542261694	4.099410859980435	1.8013022983612603
BCL2L1	1.0	414.0	3.5553480614894135	4.387132863168391	3.680091675783829	4.4748422434586335	4.313746540434006	4.012737635769701	2.893629005400952	3.835374659719917	3.2709965508818932	4.04015619200307	3.7515394973286167	3.90256222416772	3.8671754095864497
BCLAF1	5.0	82.0	3.332204510175204	4.444186246918705	4.566520329424514	4.26019755212279	5.307083374233061	4.213649320776809	3.048048707671378	4.026398892951611	4.3018816614336	3.79807378479888	3.9421407158639097	4.315761940338213	4.3270957278564905
BCR	7.0	98.0	4.007333185232471	4.430646191446303	4.456731166662845	4.522088409568816	3.9765361883766315	3.5154142781628055	3.98646224300895	3.872203740501629	3.4932182337544804	4.184502501361867	3.851426645736311	3.690669149948241	3.7596381623919664
BRD2	9.0	83.0	6.042632833682381	4.393056444040468	4.542714276833301	4.643984318553176	4.238896641181868	4.564405199351572	3.6060260358855425	4.822608294892609	4.341437592153967	4.443553667826372	4.8176353555430165	4.895128654214878	4.844814659055212
BRD4	5.0	77.0	2.70805020110221	4.444186246918705	4.400982428772831	3.7289881858916107	3.654554501135839	3.500914324539088	3.23171342549295	3.370596129090496	3.7687690490364707	3.7310930683840304	3.560374034855541	3.432272282783167	3.2407182797640433
BRK1	7.0	49.0	4.060443010546419	4.430646191446303	4.916131480724224	4.889837681896939	4.620475177094632	4.634542496874657	5.721388377497078	5.782970971501324	6.182612774456223	5.6782819705293495	5.891507447232045	5.3648613945907515	5.899762825717152
BTAF1	4.0	74.0	5.159055299214529	4.45352342757584	4.654712381779923	4.432010292536618	6.805721748133867	4.395100495425342	4.850125116075852	6.600077324834631	6.641970982599063	6.187928056755631	6.462393143792351	5.875741904812367	6.610754782039203
C1D	4.0	53.0	6.577861357721047	4.45352342757584	4.809214282341906	5.144130785840661	5.546368114666671	4.5467424628094975	4.715333537950858	4.981122560403216	5.019231430046759	5.274029031519338	5.146251594411812	5.795971189495539	5.252613496838385
C7orf50	3.0	93.0	0.6931471805599453	4.392928431925803	4.304295750647998	4.452205187920633	4.806034984970453	3.6845211118624785	3.8653972397231415	4.161816178371226	4.20449125073897	4.7468734228256	4.177948794464262	4.109980280786538	3.751622104272569
CABIN1	9.0	173.0	4.820281565605037	4.393056444040468	4.14618235092402	4.507176139297782	4.670824978333558	4.471553776091955	3.3706629458357824	4.772186204208548	4.46689773900542	4.675658187557698	4.797426701830103	4.601604761480163	4.816940074342098
CACNB3	4.0	244.0	1.0986122886681098	4.45352342757584	4.067041396552444	3.845499849747664	3.1378615951245457	3.5168016012413528	2.5726320047752824	3.1810332215329513	3.8652742102193383	3.484697745941598	3.222719536037083	3.107077494006724	3.3043717987874213
CAP1	6.0	35.0	3.9512437185814275	4.413573039018873	5.008212544970444	5.0988932652126	6.55035305461043	5.242547083423373	5.364643692885979	5.759492855605874	6.077421097201877	5.954429426059471	5.770650157344286	5.293181535007248	5.346782471850814
CASC3	2.0	170.0	6.037870919922137	4.391573968533688	4.187052885198481	4.736436472987258	5.820298007473325	5.3456626756452135	3.719066470971476	5.8163008218094605	5.111451366467131	5.557120970557988	5.774967422814097	5.690369057110493	5.832669184271662
CAST	6.0	56.0	5.049856007249537	4.413573039018873	4.470621667353282	4.829408205699217	4.899015547022846	4.087480124041805	4.6976986410388895	4.158752123002752	3.7299618269830783	4.959347569178761	4.152015242713806	4.294072166817704	4.01999998238979
CBLL1	8.0	74.0	5.75890177387728	4.432024921552578	4.559245937190147	4.943398973867227	5.401015410246389	4.428988988119404	4.11727588396695	5.318088277907536	4.738473811852427	5.207964536208852	5.309774089149869	5.1870967080390695	5.114232575727869
CBX1	4.0	125.0	2.5649493574615367	4.45352342757584	4.388732259971578	4.230553225899996	3.5023340699843755	4.550534789960726	4.361934634830992	3.7647276061886883	4.172535142768941	3.6931354651048034	3.9157186714011254	3.682788098531253	3.744424825718948
CCDC6	10.0	1086.0	4.477336814478207	4.411313894805167	3.316860271873896	4.096075444665841	5.041491907660235	4.933559719943125	1.7648678190173015	4.80381650330663	4.182468521991643	4.397924376090005	4.805803799425095	4.41972025023021	4.797654097167206
CCNB1	5.0	108.0	1.6094379124341003	4.444186246918705	4.448571071935876	4.655448032335737	3.5868045138777505	3.708931704210707	3.245291134477227	4.75923979640321	4.3508978643782195	4.6808716627173945	4.771709556440478	4.802671032170429	4.577688118953834
CCNC	8.0	128.0	6.543911845564792	4.432024921552578	4.393069133895691	2.857777657523239	5.906728284205893	5.232036810729902	4.830390654203902	4.379291244180926	5.087082010709163	4.952889834736608	4.481287987764161	3.7833994086143803	3.863268269637662
CCNK	4.0	349.0	4.04305126783455	4.45352342757584	3.8311207560975964	4.5442981694292035	5.666839522138684	3.6155138739262136	4.707480775168015	5.781833978588935	5.08835088087883	4.590908710242681	5.792283442658539	5.517810997231434	5.813312277728934
CCNL1	10.0	52.0	5.8377304471659395	4.411313894805167	4.77356191025853	4.603681418810567	3.2174760073779347	3.3060933564584625	2.7938009765361143	3.9881227009697833	4.233944503918111	4.43378446311467	3.9424268753225338	4.148410221570782	4.046373001041612
CCNQ	9.0	42.0	7.101675971619444	4.393056444040468	4.881670561286898	5.221358395133512	5.140948837683821	4.009431412784258	4.257310816503605	5.382613991566109	5.059787289656898	5.103930751568876	5.391665257161389	6.135048997551933	5.2720638861564835
CD2BP2	6.0	62.0	4.48863636973214	4.413573039018873	4.69222989907539	5.223397943297688	5.0778186960253135	4.73522000641921	4.017785924525548	3.9479657678573474	3.811851795510546	3.8462684292021847	3.905614012157185	4.976441195218893	4.34609816685714
CDIPT	2.0	82.0	3.8501476017100584	4.391573968533688	4.568433580458978	4.910483377992924	4.461099618834419	4.244145042659823	3.4407851160195344	4.7842076243991905	4.767056194444674	4.558769425366582	4.874697855608529	4.583777292069856	4.839847746636515
CDK11A	3.0	82.0	2.772588722239781	4.392928431925803	4.557274508914297	4.081136345218842	3.3421748937642444	3.0445916325541655	3.763346883332094	3.7033956857921257	4.345677208526196	3.705068093282654	3.7346931001163446	3.6445100499079617	3.783744863950777
CDK2	5.0	206.0	5.62040086571715	4.444186246918705	4.106381826391719	3.983599385107905	3.137571131876798	4.069067415686876	3.5300646908224897	3.3884921605038087	3.6685965092571733	3.357723332797552	3.5316686719367825	3.477273783289677	3.544894644612437
CDK6	4.0	198.0	1.3862943611198906	4.45352342757584	4.016298490542876	4.439603744217729	5.426215720925232	3.4986980545114337	3.7964480729638588	4.265771594142482	3.7210713771763184	4.403719796896831	4.280359935654857	4.275876520360302	4.299445621830188
CEP68	8.0	84.0	1.0986122886681098	4.432024921552578	4.529250458105165	3.5880098879611304	2.3606114662942272	3.3649161005007127	2.4459321351818164	2.545049751671034	3.385995048118081	2.740773195454961	2.5880592477407367	2.441005587374205	2.7778620473219418
CEP97	5.0	63.0	2.772588722239781	4.444186246918705	4.768548392162936	4.847482860433387	4.492391292392269	3.3592098705865903	4.156261973223596	4.119415973591897	4.170407028787548	4.5004979530510525	4.0165035282423815	4.233349580807968	4.195191611113512
CHCHD1	4.0	74.0	2.3978952727983707	4.45352342757584	4.634122139173661	4.591899315082067	3.6209354293344957	3.617452671291627	4.089273338775206	3.6739577003940456	3.779946500755198	3.59418321286232	3.6254952728113965	3.762181755773953	3.9521386332468027
CHD4	1.0	132.0	7.195937226475569	4.387132863168391	4.304540603018329	4.906678813619232	5.963602589668724	5.154033801392844	12.298930457447394	10.683526012700987	10.942160896463315	13.523941186703611	11.04249927749164	6.098188413041021	11.500635029520984
CHMP7	2.0	68.0	5.855071922202427	4.391573968533688	4.663217330411348	4.997822223012115	5.658666499230292	3.422223041761804	3.9706676839284354	4.299041091534007	4.3583114804424845	4.500161693568579	4.303828111942678	4.435240024975001	4.415943177787535
CHTF18	10.0	120.0	5.777652323222656	4.411313894805167	4.389735496446489	4.57727309910181	3.9781222360586113	4.082416835888231	1.8629835490111184	4.658381776771597	4.286473538773986	4.696765510281555	4.687087522350664	4.923463280263838	3.954096571823063
CHTOP	7.0	147.0	1.9459101490553132	4.430646191446303	4.269159730594845	4.9687275988202995	4.843089523943698	3.6420419049483566	3.916522764320688	4.588250023439004	4.183491468505546	5.024290305514233	4.642643413045475	4.7641853730863435	4.484209410048401
CIAO1	3.0	102.0	6.075346031088684	4.392928431925803	4.397393620894091	4.96294484068596	3.574283481539973	2.723348574926521	4.289778660879243	4.220008409490518	3.4716781296304555	4.4805309696964555	4.179319533185535	4.432865942466356	4.179029388652028
CLCC1	6.0	94.0	1.3862943611198906	4.413573039018873	4.4783120216723855	3.8707176609110263	4.669169917736087	4.899251298340241	4.814307026111116	5.057191313135806	5.789650845340576	4.505130216526997	4.933371035497802	4.643009790604317	5.17767927114037
CLK2	7.0	78.0	1.3862943611198906	4.430646191446303	4.578095213556774	3.751827099000373	2.776166029962186	4.41242944984723	3.3114936871531953	3.1614893980486	4.275238774524172	3.39751222204072	3.139830906238977	3.043818040586877	3.2425366691370616
CLOCK	5.0	718.0	6.771935555839602	4.444186246918705	3.376056875319594	3.198296278297542	3.688364388519842	3.8316965329559984	2.5809364619370556	2.500262776880852	2.9544868199194863	2.3583189596413012	2.4197166448777656	2.731284208598517	2.918750476974764
CLPB	10.0	82.0	1.791759469228055	4.411313894805167	4.564383386940204	4.998994997313573	4.413127539200388	4.817078698155914	1.7819377698670664	5.016458656764691	4.620800478608786	5.202842067739222	5.058002163096631	4.51133370597783	4.852642883116425
CMTR1	2.0	82.0	6.364750756851911	4.391573968533688	4.545235992166083	4.944527695065936	5.321645020202506	4.176680651557485	2.0938381664519	4.903165637942412	4.545574682644974	4.847719676219586	4.908122475142478	4.973388663044105	4.925807107212536
CNIH4	9.0	104.0	4.04305126783455	4.393056444040468	4.415498298800529	4.8973378001869445	4.272646132123535	4.032539900046753	3.6434628853319566	4.655488382278778	4.174744530155209	4.4509933048405825	4.662625237184303	4.66887236278018	4.717097523983317
CNN2	1.0	236.0	1.791759469228055	4.387132863168391	4.03066218472509	4.175426167180614	4.24232181269916	3.5812055768651017	3.04403229086898	3.57647814874215	3.33131801279787	3.6817023459214693	3.5598150032332483	3.653948010302407	3.497617302331632
CNOT10	10.0	91.0	5.545177444479562	4.411313894805167	4.511948783323524	4.879196884147033	5.287051407024025	4.30547102866622	2.361384462255459	5.398556365899692	4.893647025491887	5.014545507297634	5.275653910955037	5.340752392248456	5.440404445098089
COQ5	4.0	78.0	1.6094379124341003	4.45352342757584	4.630906917421244	4.910983211899701	4.230345350032205	3.8771688989517106	4.9770952524017265	5.512325012275936	5.3143364398032205	4.797219984316251	4.98365945887275	5.299413722494093	5.604700995086324
COTL1	9.0	117.0	5.517452896464707	4.393056444040468	4.293300121316824	4.781694605243766	4.277399115999106	2.6921996219886895	3.5810563159029423	3.7525804863690584	3.427914764725122	3.8478060330985233	3.7161982698144813	4.130887838609522	4.107474136705103
COX15	5.0	48.0	4.941642422609304	4.444186246918705	4.912211365551366	4.571192791959714	3.3936462085896566	4.112223570853347	3.073973179801829	4.35413196500309	4.657897692203035	4.0904221127346885	4.429444617225591	4.481710085433175	4.632721043537888
COX17	4.0	80.0	3.58351893845611	4.45352342757584	4.609949363862525	4.579881444477822	3.722645534485844	3.9691474300780967	3.830418072556142	3.6535323202266015	3.892523899627974	4.066667899038301	3.9053292122830876	3.6693005582924276	3.9158939614988766
COX6C	8.0	132.0	2.772588722239781	4.432024921552578	4.513765433058241	5.16381355118936	4.676797569820943	4.065052408632824	4.279767909551396	4.893585405505282	4.375420004216237	5.559740882367391	4.850634018110704	5.353218718777787	4.894510312372122
COX7C	10.0	176.0	2.0794415416798357	4.411313894805167	4.037646563297141	4.132677490153168	3.476814310563785	4.060151688034885	2.0438130499712335	3.7313783293249037	3.716257281483043	3.3777829535515593	3.786296309225205	4.059604176438248	3.910413215356126
CPOX	5.0	48.0	2.1972245773362196	4.444186246918705	4.911875386956644	5.22306615556582	4.152364443639049	3.6607257375441997	5.010785156565826	4.563293857589042	4.222053846764868	4.752279018540207	4.583376457298877	4.501939206813013	4.504154422998158
CRKL	10.0	37.0	4.672828834461906	4.411313894805167	4.938826669490582	4.739528313640532	4.899272936589499	4.9344686618826366	2.3944334765697444	4.341254674311024	4.445170916189219	4.555778086165782	4.323639188821361	4.233254042342964	4.142597395446343
CRLS1	5.0	51.0	2.833213344056216	4.444186246918705	4.870750083206157	5.322710596116475	5.006894066882431	4.831529955234898	3.836484202863889	5.19784917942373	4.6577428603814	5.157622433477433	5.171922611066208	5.372721816190668	5.33179035853744
CSDE1	3.0	57.0	5.71042701737487	4.392928431925803	4.628404956987794	4.5526944889576155	5.21286514999483	3.881197483554755	5.140459164020404	5.7523104919527785	5.44689291010174	5.404212923521078	5.742158446554742	5.666705857720285	5.406090158003681
CSNK2B	2.0	78.0	6.687108607866515	4.391573968533688	4.564138177214321	4.9065541630837854	4.305675901350094	2.954468878228185	4.521836080806362	4.327360292263875	3.9643041628916893	4.208537083024934	4.296398201170975	4.350652069514476	4.459609710294297
CTU2	8.0	82.0	6.80903930604298	4.432024921552578	4.504068234536822	4.374068645183639	4.552511560796968	4.5849036482254	4.26144597663672	4.605430484363677	4.829934082889374	4.139211726772492	4.649782406629701	4.650639880203642	4.81486446596311
CUL3	9.0	102.0	6.9975959829819265	4.393056444040468	4.42367349202072	5.033823743727312	4.700741217381612	4.6313162216443216	4.842390517449118	5.8560487122257605	5.398360052027528	6.282298647222447	5.933775336069777	5.468705367848845	5.778864350607918
CWC25	8.0	31.0	5.869296913133774	4.432024921552578	4.961577820979491	4.869729438503783	3.9233597495989767	5.002805428468276	4.675076529219729	4.331275173862118	4.454206902338764	4.752925679009939	4.257153957241018	4.272754222650552	4.314059488338781
CYREN	6.0	45.0	5.583496308781699	4.413573039018873	4.849060528915609	4.813343356120536	4.940667387623452	4.833375878133879	4.493896960241627	4.581783822890547	4.640352073461918	4.211620150805761	4.59889786177704	5.005377560014367	4.9815908860921265
DAP3	6.0	142.0	2.8903717578961645	4.413573039018873	4.293405769300066	4.675689214403477	3.8030049162043484	3.648876157808084	3.2228197838699737	3.7271178047345535	3.3123462188463226	3.7657136033983605	3.7500065559828113	3.8571027971623795	4.016013831103722
DAXX	3.0	123.0	6.1903154058531475	4.392928431925803	4.314275130334182	4.806748859300793	3.7857316771696747	4.394317216170001	2.9765307255164863	4.253217077522309	3.911747110239534	4.298229901139339	4.2658263808593775	4.253023747980658	4.211260609030477
DCUN1D5	6.0	87.0	7.465082736399547	4.413573039018873	4.5399427779689665	5.105876574613331	4.924132790439903	4.214766260154138	4.72991115364727	4.105479276524911	3.6366341827096695	4.762957487848626	4.138792871502368	4.393325585961357	3.968480279110988
DDX17	6.0	179.0	5.521460917862246	4.413573039018873	4.203199179831817	3.7020713477557083	4.313502937142451	3.8812548262946596	3.685620637421836	4.694546781278273	5.084285934654253	4.69707865267572	4.564778264662573	4.073245617824996	4.467654404683213
DDX19A	9.0	400.0	3.4339872044851463	4.393056444040468	3.728349564638761	4.012407540872256	3.082882314737573	3.4162545302855434	3.4337023394349826	3.101289336143786	2.7707676751865966	3.3405066965120924	3.0897414213886467	3.1349305982075792	3.185531819087533
DDX20	1.0	44.0	6.919683849847411	4.387132863168391	4.823032055906456	4.617190499655053	3.600092517158053	2.94595875324277	3.8730984663849415	4.0367707158238035	4.102342890480851	4.4337697222863035	4.023936608570983	4.002007217373601	3.976490980944235
DENR	9.0	79.0	4.8283137373023015	4.393056444040468	4.568057666813282	4.287626475449062	4.61345037072959	4.88294397778587	5.526187201162443	6.44580935466003	6.353498954540372	5.962375026228332	6.4255436830373425	6.309273363264651	6.177114684562664
DHX30	5.0	161.0	3.828641396489095	4.444186246918705	4.127543033667285	4.166650136756947	3.875108808481119	3.504021188081897	3.6733702189847453	3.9173238540038855	3.9337003802450363	3.714898901060545	3.9212653339430235	4.141251853874945	4.014120758376581
DHX36	6.0	72.0	6.8885724595653635	4.413573039018873	4.658647663515686	5.307565509532102	6.76193556488312	5.575227379005419	6.266769256536175	6.752176226021788	6.60338045712585	6.9831869728980305	6.756381575048131	7.160839513277762	7.441098563609766
DNAJA1	3.0	176.0	2.1972245773362196	4.392928431925803	3.983576230333667	4.198113372151144	3.237880704591822	3.47870558124947	3.4930090551890007	3.3839704345429222	3.0031111587088044	3.8922307246902728	3.353596866888096	3.4881826330432437	3.1323219078259257
DNAJC19	4.0	127.0	0.6931471805599453	4.45352342757584	4.385031346516849	3.95824051375293	4.676534225041628	4.138424026434597	2.625198621510893	3.750979941729539	4.252708607689122	3.5722250921155876	3.636546454385029	3.822043223882851	3.931149741672576
DNM1L	3.0	99.0	2.4849066497880004	4.392928431925803	4.424170190302374	4.148146405939259	2.065377239376789	3.2475229638913157	2.9841257675107005	3.348920855980829	3.1021322313058164	3.7893656976070593	3.330295020019379	3.3717484877646644	3.3413279733968277
DOHH	9.0	120.0	5.54907608489522	4.393056444040468	4.3473317446554605	4.364358940041652	4.958975042570218	4.636657030045953	4.492982457344146	5.04277438281073	5.147103034367488	4.961584574265381	5.031278289920022	5.744192582482986	5.0484532404874765
DPH1	9.0	239.0	4.584967478670572	4.393056444040468	3.961532703059916	4.1430714854238175	3.90961946680396	4.277995732391727	4.368075826647455	3.9248130975897566	3.390966577153219	3.6053856975126806	3.895935162455001	4.927242779435291	2.9120908877043417
DPH2	1.0	57.0	6.583409222158765	4.387132863168391	4.68936078221967	4.626069273460723	4.392024536214406	3.781504321811185	4.744557658933472	4.547004415304762	4.645850480707563	4.395181917668789	4.524821847524965	4.423539620567968	4.441936066961163
DPH3	6.0	63.0	5.645446897643238	4.413573039018873	4.671548676917959	4.784143454757874	4.888126273339753	3.575731037601607	3.7478487930499744	4.1688397996202875	3.9024005479400685	4.422064471953276	4.177872129337875	4.290127882468254	4.234288837708594
DPH6	4.0	127.0	1.791759469228055	4.45352342757584	4.391956180083172	4.549817415946801	4.827366191663753	4.204892750056711	3.5184442495271084	4.144106087050808	4.1518605258323715	3.9195401629260056	4.106510458379284	4.647730606358523	4.504512592889399
DPM2	6.0	89.0	3.6109179126442243	4.413573039018873	4.499952792565677	4.295544005401069	3.7005618700070433	4.035230532147497	2.772359292008931	3.195431282098441	3.5149038769056324	3.520653564087427	3.180799300700679	3.16041380210517	3.3756359207597604
DPY19L4	10.0	188.0	5.030437921392435	4.411313894805167	4.172031682730577	3.349641497403274	4.004286357543776	4.090215727519267	2.5863463258091013	3.4085312331284343	4.074125606246936	3.253156462845281	3.378667738218829	3.21820337698041	3.5363343994049976
DR1	6.0	39.0	6.634633357861686	4.413573039018873	4.925001480047962	4.9235614787748965	4.607116477397495	3.3184979792245812	4.877576301921503	5.441118575816669	5.066063050167484	5.266155472128316	5.463006862954528	5.236644236761979	5.266469097506252
DSTYK	9.0	269.0	5.147494476813453	4.393056444040468	3.927611189597231	3.8077645515351177	3.405667343481924	3.0459185836749123	3.062240676363724	3.279277096841965	3.299155994296418	3.3423981119882473	3.2530337822800184	3.4006507544159046	3.4208555655772965
DYNLL1	4.0	69.0	4.74493212836325	4.45352342757584	4.505354814603095	3.9450295041695678	4.990009348795697	4.119018044850305	5.213866318729199	4.505052119608725	5.410590946459583	4.521944296258197	4.6587269780569605	3.9800213636960535	4.074773485798721
DYNLL2	2.0	219.0	5.0238805208462765	4.391573968533688	4.042810926024264	4.828700805941905	3.9621507852684967	3.4750019688317604	4.034252878858564	4.23593736488585	4.009849155248877	4.2385006358006985	4.231715823054972	4.415734640446585	4.403473615116519
E2F6	5.0	156.0	0.0	4.444186246918705	4.250763539435234	4.435532084469522	3.870265577105208	4.1062779636929845	3.5019060489007616	4.169679553136932	4.115882224804052	3.993555922410155	4.098884124510628	4.1080058703598015	4.233764914605863
EARS2	7.0	129.0	6.208590026096629	4.430646191446303	4.325058429185355	4.414088767687087	4.661757301468352	4.29997304287515	4.861266626623113	4.904706953079303	4.95762864041878	4.587899186634194	4.894443129040371	5.026660653103142	4.793811277937922
EDC4	6.0	96.0	6.26530121273771	4.413573039018873	4.455318137214634	4.733795579469816	5.771286863272777	4.388098094708989	4.725979438546092	5.217115901353993	4.918108475122538	4.601034085812547	5.230804226207364	5.204360931922176	5.335134694462791
EEFSEC	7.0	35.0	6.152732694704104	4.430646191446303	4.976904690389222	5.464282431672861	5.36534965778327	3.9313406859973705	4.761098225038538	5.67202424028377	5.8221164134442684	5.710430105905257	5.672944666508765	5.580307643357726	5.556771468254291
EHMT2	5.0	174.0	7.332369205929062	4.444186246918705	4.19650234703883	4.017828843686646	5.578618888827402	5.1997494887744375	4.867823284658529	5.661732150688968	5.668818776466488	5.1937008863400305	5.616364005448416	5.236056062784964	5.528461699420124
EIF1	3.0	165.0	5.749392985908253	4.392928431925803	3.8126045437999174	4.237359400245378	4.4353231376466535	4.8591223340818415	5.852490105104339	4.565962564016948	3.8872030900266545	4.445036351351001	4.696803414354469	4.441362839446235	4.3058186774610165
EIF1AX	4.0	62.0	7.520776415062797	4.45352342757584	4.583872294337257	3.9641108368520994	5.67046591132422	5.469422045891515	8.909492502022351	19.188126104220363	14.86433350749524	22.77469632712679	19.757138365262612	5.6412402691097885	11.625105032047502
EIF3L	5.0	120.0	4.624972813284271	4.444186246918705	4.388669753431084	5.000591923509067	4.70033558558725	3.8157827734474044	4.127148659563047	4.79426504331089	4.13040998604073	4.651460849721866	4.942897472231831	4.83057737239705	4.916453079291193
EIF4B	1.0	397.0	5.627621113690637	4.387132863168391	3.8002812979649447	4.248365384549426	5.124013950981007	4.957489940266508	2.7851974634298107	4.527335481600086	4.039753957579458	4.3321709758891025	4.534594091922398	4.440743348047801	4.686485043819939
EIF4G2	4.0	177.0	6.505784060128229	4.45352342757584	4.004166350589637	4.17912608267109	6.2989948681052725	4.989750763584307	5.467451553187397	6.676645195383816	7.132440924477519	7.598854236156875	6.650760960507741	5.373835606557087	6.8580666211296695
EIF4H	5.0	169.0	4.605170185988092	4.444186246918705	4.151820513280278	4.459554110092859	3.86964343976723	3.9632003307649106	3.339074451716515	4.219618700287064	3.8164609769104576	4.039749933453345	4.164331508872426	4.257833501886	4.061867674492048
EIF5	6.0	33.0	5.955837369464831	4.413573039018873	4.749775141658124	4.784802312222254	5.91544459993562	4.506813144678225	5.364533235515117	4.7266139579735595	4.783428407623161	4.797003790293065	4.684357254050098	4.859146811248752	4.637632829438673
ELOB	10.0	134.0	7.19668657083435	4.411313894805167	4.145429069610007	3.690126213002261	6.1934475073891955	4.705492894236313	4.904637410255248	5.492864262861876	5.9518823216477905	5.128999435507585	5.479974030272221	5.378888854408883	5.571065299592081
ELOVL1	8.0	106.0	2.302585092994046	4.432024921552578	4.485106384282207	3.935421306718763	2.0719869592873077	3.3372584237970053	3.211706540488775	3.7713071267706013	4.141887930334874	4.379701040201852	3.756213866018241	3.8904314007217358	3.491188328891559
ELP3	8.0	110.0	7.415776975415394	4.432024921552578	4.365294781600079	4.413698916478264	4.3410685721889095	4.70403937728907	3.896141554797004	5.380268756412626	5.319435357842858	5.058910231935216	5.396653316999933	5.3379661112526415	5.343964511177449
ELP5	3.0	103.0	6.61472560020376	4.392928431925803	4.441789341499904	4.845970713099484	4.914808113569758	5.092349566513314	4.195451888584458	5.018523862756237	4.6270163969066	4.853580510114037	4.979562278387668	5.120387672464032	5.270621373688611
ELP6	5.0	84.0	6.959398512133975	4.444186246918705	4.582968243033438	4.7190556356491005	6.000351330552092	5.493442355659275	4.251398919603828	5.806117370547516	5.646843091504482	4.944101972805806	5.817462541627658	5.457396413793951	5.835028324537295
EMC4	1.0	87.0	3.1354942159291497	4.387132863168391	4.515752480703236	5.014070019065632	5.634499503358332	3.7847296131971158	4.256760314941988	5.047774254572184	4.575953947375069	4.5926079332913226	5.009274242143041	5.070466226668913	5.2054505919242775
EPB41L2	3.0	129.0	6.476972362889683	4.392928431925803	4.303291738420049	4.218440907979572	3.993290452263591	3.0878842069259966	4.684052541661542	4.4983741310074965	4.354485376761741	4.171788204864691	4.463615487765154	4.440953174174993	4.3610669499295796
ERAL1	9.0	129.0	2.772588722239781	4.393056444040468	4.306135614517357	4.545320674654891	3.4021729164479444	3.046506701352703	3.5339354094697235	3.791556108054391	3.677164167080191	4.165840823252949	3.769196941158833	3.89275372982895	3.937090787682192
FAM50A	6.0	123.0	6.953684210870537	4.413573039018873	4.379781214914229	3.731039758560906	1.14320558170989	3.6385360765504533	3.552271411799583	2.9608320325532484	3.516802160689409	3.5610666300584914	2.9090053187585534	2.9663099763899328	2.6367562661554746
FBXO42	10.0	883.0	3.5263605246161616	4.411313894805167	3.4357441892839056	3.755302504420987	5.016420998981841	4.759529646261256	1.6091173280582856	3.916087861668875	3.7617111577450393	3.477704287989841	3.972113493442759	3.7930597448397108	4.132521848439904
FBXW7	2.0	203.0	4.553876891600541	4.391573968533688	4.081257834510134	3.7967609748121864	4.320494548451156	4.4196766172475845	2.653992651295219	3.713029365090595	3.898285752192249	3.5344841886970277	3.7127843720398412	3.991084672841506	3.75843779909349
FDXR	3.0	116.0	3.258096538021482	4.392928431925803	4.386930298965785	4.761677444567924	2.6696718286649763	3.3954938205224288	3.9980501834177424	4.06921677646865	3.627539034024158	4.465346349561519	4.046499133098088	4.017328626477336	3.947835721226237
FNBP4	10.0	116.0	7.1180162044653335	4.411313894805167	4.3833921399569356	4.945286950916241	5.963815507440627	4.444131623334282	2.4446753872668077	5.019550804783503	4.593685957205812	5.080923604376972	5.030123757303834	5.313634601050065	5.271725786870802
FOXO1	3.0	65.0	6.1224928095143865	4.392928431925803	4.649883060553949	4.5209926319903175	6.470795734930706	5.5584686742984095	5.9895598806011145	6.649090553653682	6.62929904762577	6.416526344031336	6.687174116177495	6.431726025893779	6.6165381418208185
FUNDC2	3.0	44.0	7.2640301428995295	4.392928431925803	4.8923033426493365	4.373751065397014	5.583737369652204	3.790197655069889	5.4324276749838685	4.601006841616815	5.131029301780124	4.0443196641709624	4.617849996907354	4.764679755274216	4.646707666983328
FYN	9.0	152.0	6.675823221634848	4.393056444040468	4.225852755096336	4.908623502290697	3.68278478561409	3.6882523041685604	3.8508479205806383	5.068895885392841	4.116769005091423	5.0539865401612225	5.09347853380383	4.885741775487844	4.559718233238293
GAB2	6.0	782.0	0.6931471805599453	4.413573039018873	3.413316224101978	3.71303886311198	3.5259662656770265	3.5902760795777167	2.7278367685586296	3.611664202597488	3.450189723547668	3.1649869024362687	3.6165389798704615	3.670428828797379	3.851888034490437
GABPB1	1.0	48.0	7.001245622069476	4.387132863168391	4.779917591868989	5.268621682488112	5.70129448274873	4.230583442391251	3.7429247753650894	5.897127570100157	5.626829503185479	6.158022494385601	6.000708978391247	5.984244244420314	5.902638586590811
GART	9.0	49.0	6.6052979209482015	4.393056444040468	4.7916826064408395	5.276287193579874	4.933491950623285	4.270626542294797	4.14460141953095	4.397779970683867	4.061081010976064	5.232309726265839	4.411699706184728	4.367610338315677	4.14302547288846
GFM1	4.0	1699.0	3.713572066704308	4.45352342757584	3.1234389334471286	3.359767809164836	5.583598145364939	4.420756549625201	1.9350696164701031	3.681797131496343	2.9352759261816552	3.4758973524374674	3.5479461933448824	3.6019356465991814	3.499974790217546
GFOD2	5.0	126.0	6.82001636467413	4.444186246918705	4.37723132677561	3.6976341391304692	2.958785319193952	4.294868252610779	2.8871090298637623	2.8166746369725963	3.7788515734375405	3.1832823929314356	2.7831864099268486	3.0098153111946018	3.0498391418857786
GINS2	10.0	59.0	7.272398392570047	4.411313894805167	4.699699611668106	5.2781143796326155	4.807191301516494	3.270734118000939	3.872645151013759	5.748008794817299	5.305576647946004	5.891628751770248	5.77438616588377	5.350939895600943	5.110129170717659
GIT2	2.0	52.0	4.276666119016055	4.391573968533688	4.756132467182259	4.6986688621414405	4.160862359253445	2.331240060167444	2.773441347661535	4.762226832988618	4.763509259237399	4.189967949070475	4.774843698951991	4.803883502409985	5.213025272967942
GLRX5	8.0	257.0	2.772588722239781	4.432024921552578	4.147663281965702	4.139335925788343	2.561827011264503	4.21475452317742	2.63038889258196	3.891079529799952	3.8981778835684207	3.9916725934472312	3.867437183827286	3.997614313220429	3.820126606086359
GPS2	6.0	127.0	4.174387269895637	4.413573039018873	4.341509391823667	4.116624603036705	4.655672030932597	4.330051229945423	3.7530633822116184	5.015058792083737	5.331317113648412	4.931440324182719	4.899837589763633	4.522733187076245	5.03181066143235
GRB2	2.0	186.0	4.882801922586371	4.391573968533688	3.943242628968378	4.178845382750494	2.561342341837893	2.9280851238629233	3.574219001740544	3.4294320102833042	3.089714848308296	3.679065646292734	3.4090177372394512	3.5499168683900297	3.416723449852295
GRSF1	4.0	133.0	4.465908118654584	4.45352342757584	4.351321891259171	3.90368527126028	3.029109758547178	3.5100230719043735	2.742449436033448	2.996521951152056	3.2378770841263416	2.972040266731004	3.3329956416626993	2.844410114033119	2.70375584377535
GSK3B	4.0	95.0	6.244166900663736	4.45352342757584	4.506650352843555	4.274398877185088	3.291548403821586	3.2625264287833455	2.567662800905761	2.81490643769381	2.843932875246308	3.3529657490476836	2.7600069548723294	2.861753145360873	2.972938166831624
GTF2A1	5.0	40.0	5.342334251964811	4.444186246918705	4.975037564857188	5.203379786448997	5.264418917998275	3.9197201138128746	4.379569882471862	5.570617567074158	4.99403824773797	4.95781984122406	5.542623204646046	5.661741763734618	5.521037741125302
GTF3A	7.0	37.0	7.37650812632622	4.430646191446303	5.009550571443725	5.272929644982103	5.964596736325871	3.6789838172172566	4.693303819383519	4.702664684693224	4.341637860402745	5.236509196482798	4.667548951359527	4.787695691701911	4.562421123037083
GYG1	9.0	294.0	5.863631175598097	4.393056444040468	3.8868415325697336	4.225603464404188	3.868727978076827	3.605324278655514	3.2718992806758074	3.3583330700872596	3.255885849938741	3.4818265231033165	3.333987216123618	3.3783533856866264	3.5247399816131715
HDAC3	8.0	59.0	6.222576268071369	4.432024921552578	4.696067392491074	5.347116039524773	5.7579996756035845	5.220921475718974	4.241844862282518	5.570286844030455	5.232232135745936	4.854211676054615	5.63130628583475	5.803595474873194	5.820785848441156
HDAC7	2.0	95.0	7.443078374348516	4.391573968533688	4.452676782496553	4.730544700016207	4.7309779150438445	3.8680074608406185	2.225277219455509	5.4176149650905865	5.297226791384726	4.48881167701389	5.423101649808999	5.380779391484137	5.7155317818565665
HECTD1	3.0	86.0	3.2188758248682006	4.392928431925803	4.49685521491161	4.861471301700824	4.4347612896445865	3.6580468209913453	4.454894426538549	4.5546389974249735	4.321869546617503	4.639021303620901	4.552479055117496	4.561650795298954	4.5200287643785195
HEXIM1	3.0	50.0	4.127134385045092	4.392928431925803	4.834661380924659	4.94247629257323	4.333869387970151	4.636961647859005	5.003628821196871	5.059550487108523	5.284397475298728	5.088223467862505	4.9784317712463	5.644113970612506	5.454088670377042
HIPK1	9.0	70.0	6.246106765481563	4.393056444040468	4.625750798201539	5.245069437456071	5.178193988039574	5.049685609177171	5.52387252404992	5.275527094297999	4.633787581961185	5.300296581858541	5.298009303889048	5.3199077159126915	4.743095097892448
HMGB3	8.0	93.0	6.419994928147142	4.432024921552578	4.574805595842892	3.5605396370100757	3.6593252169458674	3.9874124171947907	3.224721240883511	3.4942975172166193	4.47091036002883	3.696774879254252	3.5700399714757554	3.124022049443705	2.9402515748579314
HNRNPR	3.0	53.0	5.981414211254481	4.392928431925803	4.678157928748365	4.433444436861778	4.856153384225795	4.211263292765383	2.7215420828186243	3.5318858883436244	3.6097030036546762	3.562996793542516	3.564592575111529	3.6566146741253838	3.6655487329735026
HS6ST1	9.0	142.0	0.0	4.393056444040468	4.229611985885505	4.049410358324575	4.757115208639642	3.6947779272576544	3.4485433605484914	3.867619190855502	4.147538726785973	3.925647145893345	3.906668906773188	3.819671741971351	3.7906866118681872
HSD17B10	3.0	848.0	3.4657359027997265	4.392928431925803	3.2497505613413944	3.4657354115562162	3.4567777736956686	3.522915849679041	4.017606620615976	3.273068186328606	2.977542642461215	3.2272302680985323	3.3655819559845925	3.383209268347808	3.4625663121041987
HSP90B1	2.0	144.0	5.713732805509369	4.391573968533688	4.169430865497772	5.092607530203879	4.383713944492992	4.592560862932801	3.9185637864432517	4.592026398563448	3.7506873163967986	4.5327257026540355	4.6271072149741554	4.632337581642219	4.480908500402631
HSPA8	7.0	148.0	3.367295829986474	4.430646191446303	3.1040843429269716	4.107085195755563	4.077703506538549	3.25408618419002	4.765875370790393	4.471033454909549	3.229061752751031	3.9604399230021836	4.45799412683937	4.424541009722041	4.460392433433588
HTATSF1	1.0	61.0	5.10594547390058	4.387132863168391	4.672997480908089	4.778402856580564	4.683619620617196	4.505947128769649	3.364196501945582	4.209198550391573	4.2316422981055855	4.454550175512106	4.1742320641327115	4.383445344915085	4.307155923416375
HUWE1	6.0	77.0	6.906754778648554	4.413573039018873	4.574679764448454	4.650723163035285	3.8962915195016534	3.9516150068913967	3.0614685462102265	4.29176714626467	4.234050441232421	3.958141702250537	4.242965084166091	4.275088816475218	4.49741176841526
IFITM2	10.0	43.0	3.1354942159291497	4.411313894805167	4.86341399074242	4.767523645391411	4.432454647283478	3.518982973209615	2.8288870778699406	4.1713890543539724	4.199712055747426	4.285868103425157	4.186199713940836	4.2409914572436085	4.312887110415391
IFITM3	9.0	55.0	1.791759469228055	4.393056444040468	4.746471054638526	4.373707228093287	5.301127109109007	4.247313913038592	3.6260927479676566	4.277938146474835	4.341107689376457	4.378057322734616	4.269174982316177	4.064927030840137	4.03737903685724
IMPA2	8.0	41.0	5.953243334287785	4.432024921552578	4.821681211149998	4.511294587527493	6.21245158612031	4.000010519406234	5.4935081231562775	4.50433140506543	5.121111115136744	4.425025383020326	4.704051904394129	4.026769111128685	4.422908145567924
INF2	4.0	117.0	4.919980925828125	4.45352342757584	4.436713893969111	5.045961952815636	3.032012764557709	3.3139533639898673	4.180351894569527	3.6405868283148144	3.4411257912905926	4.185502661503197	3.841820590621826	3.7902038209678937	3.818284268783409
ING3	6.0	134.0	5.583496308781699	4.413573039018873	4.295337814224551	4.752948642130956	5.272818735536772	4.550892035754043	3.6018263425459804	5.0023165268026295	4.994399857634451	4.8205540543540275	4.972678712565182	4.667153129997147	4.9045394015534995
INO80B	7.0	80.0	6.455198563340122	4.430646191446303	4.564743437407704	5.067378708200227	5.603502785191131	4.4680499926905135	5.693726508240115	5.7364931041246106	5.65104668865108	6.096330071723233	5.735836960365257	5.193499565679533	5.7064647791274705
INO80C	4.0	151.0	4.1588830833596715	4.45352342757584	4.308881619656963	4.302291658712377	5.458480950594125	4.945659729708373	4.227847860921487	5.2893628881346215	5.099150310377788	4.563407933103647	5.155457917153113	5.020705185339749	5.41496383193385
INO80D	2.0	59.0	5.081404364984463	4.391573968533688	4.723122984611498	4.556006282361024	4.92175408392857	3.191856733456101	3.1874521807645912	4.171673415352875	4.198529324290408	4.125714940790095	4.1846745576284095	4.152509728969904	4.449304714700346
INPPL1	5.0	110.0	5.332718793265369	4.444186246918705	4.453309828819093	4.611336195338783	4.999646917018262	3.810935372756868	4.198368075084874	4.925040596796212	4.68784519910665	5.210906033838024	4.901501839961393	4.88248379770173	4.447699682307396
INTS10	7.0	91.0	5.968707559985366	4.430646191446303	4.506048279111965	4.859014132851877	6.3675757745447115	4.79752636442649	6.425002155628378	6.500361404140369	5.955294512986643	6.457196678663527	6.471857132236708	6.240581982057035	6.171355003949209
INTS14	7.0	355.0	6.476972362889683	4.430646191446303	3.8154157351194096	4.504972262406634	4.506299593338526	4.911368742560642	5.24836172825119	4.782330994517002	4.997190784956759	4.996688285984917	4.867347490984484	4.90129558194607	5.269533655502987
INTS6	10.0	31.0	4.912654885736052	4.411313894805167	5.010820679217419	5.051204341352344	5.058232599486794	4.085280003801664	2.2185456652547715	5.332362434247004	5.110748081638726	4.725172136761295	5.300034826708769	5.343441401927355	5.575037618126773
IPO11	1.0	77.0	7.126890808898808	4.387132863168391	4.540864259953253	4.62530884698758	5.127448602294313	4.4521096222469	3.9260077675609186	4.966675897612136	4.628338126623994	4.885846882891966	5.022743108054826	4.761984205777926	4.610737337102375
IST1	10.0	187.0	4.418840607796598	4.411313894805167	4.1710440120929775	4.444006124583409	5.146950409517316	4.955634996246872	3.767912384930013	5.1696609772808575	5.205892703901032	5.293897416640608	5.2132292327998355	4.656244616119126	5.150315230411077
IWS1	1.0	114.0	6.253828811575473	4.387132863168391	4.3550678176104265	4.606903122251604	4.9304515915014155	4.451952467716564	4.396897422690559	5.552992901249771	5.375448194498258	5.421227637124224	5.563784470799431	5.285800378795505	5.5415034813302055
JMJD6	1.0	185.0	4.1588830833596715	4.387132863168391	4.1057417196858825	4.7712219801191535	4.228628305805924	3.101215403863083	3.3885897478437648	3.47110081893917	3.1366582079721783	4.042330426280559	3.466506723216986	3.5913812050114036	3.715845892986294
KATNB1	2.0	70.0	1.0986122886681098	4.391573968533688	4.632732252249298	4.965838875132523	5.0454378328646206	4.026570381947686	4.1623073900834235	4.557833505471033	4.5669568442831485	4.803417733562955	4.5797239812002255	4.568187657096412	4.480163187033876
KCMF1	3.0	48.0	5.087596335232384	4.392928431925803	4.809332634504919	5.022579816363509	5.521881223906961	3.403930327923586	4.68826942663131	4.679829526578853	4.287913960992316	4.650363087831426	4.694050729508861	4.487502383854843	4.587559368829266
KDM1A	9.0	186.0	5.659482215759621	4.393056444040468	4.124448689913012	4.140094246265779	7.139072771764466	5.668812664204609	6.292450338074007	8.226947078309884	8.093043360297727	8.078713408992662	8.22203750200377	6.35453257087908	8.097624273530053
KDM2A	4.0	74.0	2.3978952727983707	4.45352342757584	4.630688248143989	4.6925224399947	5.777853455229754	3.920842509601855	4.455312968733719	6.006579003208093	5.1890257731907425	5.341590757321688	5.926076486128855	5.6616082759389785	5.710198377556159
KDM5C	10.0	104.0	2.302585092994046	4.411313894805167	4.448027446691803	4.486347563632718	4.483864215087001	3.948402240586148	3.2414770744986425	4.112936987476834	4.108784614468158	4.192293945299345	4.215470528942049	4.039340272526873	4.0826728226779725
KDM6A	7.0	213.0	3.828641396489095	4.430646191446303	4.072471698147417	3.3918029240999186	4.155419423129935	3.8934999881498435	3.502521037490774	3.845133199034639	4.238582655106546	3.264042113937105	3.8104762681513606	3.871403230840464	4.013608974124506
KDM8	3.0	81.0	3.7612001156935624	4.392928431925803	4.5297768668293195	4.230675383181952	4.482362525235567	5.1043747858946675	10.060981293296136	4.624276122529616	5.9787550496208475	6.315291327217767	4.107830783045862	7.433350001985667	1.3088544638385895
KIF14	4.0	130.0	0.6931471805599453	4.45352342757584	4.3792601722829545	4.696511822511196	3.2552155895212733	4.263752268925641	4.237095477512273	4.476284968311064	4.233938733781726	4.4913855961664435	4.492645221344866	4.347355837173419	4.314832486405987
KLC2	1.0	103.0	2.302585092994046	4.387132863168391	4.399155184625057	4.01948437312665	1.982745919906868	3.101215403863083	2.748766807888701	2.668404774114557	2.874847509271296	3.1599833432481725	2.627782197774681	2.789192952450463	2.985986880538708
KLF7	6.0	48.0	5.8289456176102075	4.413573039018873	4.808775781234199	4.19301106502152	4.623916571028449	4.456596325722298	3.2717214111706925	4.0516399430899135	4.407392723075177	3.642013247720815	4.06321961878075	4.1406609317327	4.45428453830072
KLHL11	6.0	120.0	1.0986122886681098	4.413573039018873	4.350249507485559	4.115343524539227	5.467220960640364	3.286507887215954	4.094627168506632	4.240177833547627	4.44385822200953	4.010523189465501	4.256895145568907	4.100865489698051	4.195808685630235
KLHL17	3.0	117.0	5.303304908059076	4.392928431925803	4.328387440882803	3.0414891360512906	3.1321773337508056	4.7644573561158605	2.8422236849825238	2.710990924601928	4.099474321731623	2.662570174002628	2.6837645077370764	2.8292384347215784	2.949536709692019
KTI12	10.0	131.0	6.81783057145415	4.411313894805167	4.346880130706097	3.847782622296348	5.615888348041227	5.156589439317216	1.018430669177932	5.3374679456641605	6.085316827398593	4.93590614703694	5.3768999802620785	5.230860080709631	5.052117977872811
KXD1	2.0	82.0	2.6390573296152584	4.391573968533688	4.56705019609051	4.853807630283068	4.4302284994588	2.9733632238105527	3.743924200104637	4.152876185279734	3.8193164863816067	4.632371763773142	4.133949446031897	4.211836739994218	3.902882976111864
LAMTOR3	7.0	38.0	6.1903154058531475	4.430646191446303	4.946195513178959	5.214137374416357	5.596563187962915	4.416702055163491	5.972573031035127	5.910062745381066	5.824127059042011	5.504547613124801	5.977439515405829	5.465469233674109	6.158132138380727
LAMTOR4	9.0	131.0	4.941642422609304	4.393056444040468	4.294424469358343	4.448213292748418	4.777540454605151	4.320854090437193	3.1609161541901143	4.915958764779907	4.8453167725676725	4.6729090522442345	4.911858243856706	4.738446470362395	4.873211986872004
LARS2	6.0	128.0	3.258096538021482	4.413573039018873	4.315758136606889	4.3614439315402755	4.333313394676085	4.785719153888608	3.9387489832481526	4.324257454544401	4.451661458139551	4.128227785322299	4.357982153138676	4.7656634945893135	4.501251508440855
LDB1	2.0	81.0	3.7612001156935624	4.391573968533688	4.549236082205956	4.431805930710707	4.1685201804813135	3.8197706512875995	3.5405929842956025	3.851268119156399	3.609617902623748	4.194262110853806	3.8184541715301625	3.896716031764667	3.8393595490082073
LEO1	7.0	31.0	6.885509670034818	4.430646191446303	5.059221946006353	5.37497694954317	5.571369998237785	5.247488639254114	5.633835887381185	7.6845623790306	7.699541058024568	8.44349134829788	7.692622326081818	7.274900004721823	6.831854794111171
LPIN1	1.0	46.0	5.8377304471659395	4.387132863168391	4.773931536553885	4.880943478697472	5.86687407158461	3.078545607490064	3.5695795643292554	4.103501745592675	4.06082981472324	4.388267697575702	4.095129988537173	4.113943960396092	4.2183014100711995
LRP5	7.0	107.0	5.8664680569332965	4.430646191446303	4.4126581091137265	3.80728435607582	3.5495030268641004	4.592436908378257	4.295300298696417	4.28885064716204	4.7403310431633185	4.053639991574176	4.041010381055755	4.320982559195596	4.559629388686457
LRPPRC	8.0	89.0	3.784189633918261	4.432024921552578	4.576966923454533	4.7041120908390335	4.745972435938876	3.7586206394490445	4.513983719238298	5.176215280484927	5.002346166526901	4.971677208545077	5.254230650298482	5.404541615157873	5.00692870441841
LSM12	7.0	115.0	5.303304908059076	4.430646191446303	4.427240079642669	4.357768708734747	4.619605678710697	4.223850382768158	4.487298951578873	4.849205115222859	4.91285004363811	4.407524595712572	4.8570782072535446	4.9382445497197605	5.053802060238173
LST1	8.0	157.0	0.0	4.432024921552578	4.2410309493709475	3.728865160354929	1.0981992858437741	3.332264464049731	2.422160175070232	2.628677553231923	3.218307322243718	3.047184665030694	2.6817982536405633	2.586127348211714	2.7990537332098477
LTBP3	8.0	234.0	3.044522437723423	4.432024921552578	4.051931820045446	4.013440695154877	3.3577191294547526	4.186032980782077	3.4418695233739722	3.9993657494938804	3.978298369710644	3.860334800982462	3.964096428870777	3.921199358287298	3.9673163784037313
LTBP4	4.0	117.0	5.703782474656201	4.45352342757584	4.409624186780908	4.2620712862435415	4.3817896485095265	3.288096714754316	3.6912797365369685	4.3072460753623885	4.365811802168471	3.7465542241567897	4.2950186862681985	4.196226401940105	4.606295550066021
LZTR1	9.0	207.0	5.176149732573829	4.393056444040468	4.035620757037071	4.5271611371131755	3.263255549142219	3.5645197958268726	3.6714457096559316	4.129585179382407	4.228183325303732	4.636697313789534	4.158534046642644	3.7114821856133204	4.180741694530123
MALSU1	6.0	170.0	2.8903717578961645	4.413573039018873	4.225743606905222	4.907917453947871	4.1209957820169265	4.137947890260472	4.2959414472504625	3.9526025562065876	3.436079531211636	4.569469047213628	3.927659546366238	4.169902054531999	3.787492779793399
MANF	2.0	178.0	1.791759469228055	4.391573968533688	4.1592438398199585	4.378292274195256	5.263516797625522	4.257314561746886	1.617937748382712	4.104524198458144	3.8024941728246926	3.975891906382508	4.090101405810032	4.162963266250397	4.028960079485516
MAX	5.0	89.0	6.169610732491456	4.444186246918705	4.560581521839885	4.233442278751658	4.306731324129378	4.467207517436203	3.7869744049964744	4.270052675707346	4.107402378375559	3.978068702785014	4.251085296139389	4.457331257662893	4.386638525634081
MBD3	10.0	203.0	3.7376696182833684	4.411313894805167	4.110950668480575	3.2749465024109066	4.860123465447929	4.460749617042451	1.7664406672484383	3.4362646082961223	4.130275367984608	3.068837322182931	3.430090548974338	3.3456634122379394	3.5465841736906425
MBIP	5.0	34.0	5.966146739123692	4.444186246918705	5.1077218465886	5.35800173083834	5.041680933224146	4.184253552775899	3.455663297997246	5.468050595334395	5.09002957828551	5.154455488393961	5.465646845981801	5.464990177270938	5.575995491258961
MBNL1	10.0	70.0	6.906754778648554	4.411313894805167	4.506413460321447	4.2965158637510585	2.724060245265413	3.1825744561320515	3.3617000905052894	3.5219575883804826	3.385647310327067	3.9251450416560085	3.5969435901771405	3.517320100704601	3.4736800290386167
MBTPS1	7.0	190.0	3.58351893845611	4.430646191446303	4.1481861588208995	4.727827940367081	5.474131518622588	3.878923410752254	4.843909377918198	4.928308651661489	4.209938214063547	4.807305540421269	4.935362297297216	4.840371233459798	4.789086236165206
MCMBP	4.0	95.0	6.8501261661455	4.45352342757584	4.518003148151214	5.292618052829411	3.2240388760554377	4.136653296414557	3.7827710890523925	3.7673669854012246	3.2279419654513366	4.904709027181544	3.963986420239848	4.008234340891552	3.617523397315785
MED1	4.0	56.0	6.035481432524756	4.45352342757584	4.796552062235735	5.486255957565547	6.049331015657406	4.305544945829289	4.817871331109854	6.732172203192011	6.253527364539868	6.47988359473822	6.734356079048698	6.121970166669737	6.708712002482413
MED12	10.0	60.0	7.2633296174768365	4.411313894805167	4.672197883098319	5.120691000833938	6.726297070546788	6.2554709803243425	7.2061913109731695	7.448555518670641	8.195549159326678	9.9897544333657	7.645158251789054	7.38549711586309	9.30282932929838
MED24	10.0	35.0	5.062595033026967	4.411313894805167	4.96645495343593	4.5955289989947214	5.767003060758333	4.97232606323117	4.550341075245011	6.2473050436636965	6.816865246841438	5.836672863779064	6.295030028166709	5.917527573278456	6.374965594293881
MEPCE	8.0	59.0	1.9459101490553132	4.432024921552578	4.610023551813163	4.424141403473067	4.168177409803661	3.8151805614821823	4.2676197403829965	4.359442321597251	4.260837414331997	4.32083955310552	4.289453514566197	4.336691553657526	4.422585557741502
METTL1	5.0	105.0	3.367295829986474	4.444186246918705	4.482969916252263	4.661274113971737	5.954791701001298	5.283405643374423	6.164427422939	5.995710221747354	5.992392054879405	6.633241095306898	5.953695051823811	5.2369058422715495	5.753814793858934
METTL17	4.0	118.0	3.4339872044851463	4.45352342757584	4.434923341363094	4.272176235953879	4.615296672504084	4.378053581499518	3.0152404418418643	3.724811738770958	3.676006262762071	3.8111973687433505	3.719160780813564	3.781855924671384	3.7891911294001726
MIPEP	2.0	82.0	2.4849066497880004	4.391573968533688	4.563018545750461	3.889652684646684	3.5072095098198774	3.852367011620439	5.107043496175211	3.1487474602095085	4.365257529101683	3.2318966461461116	3.1644120954618034	4.535398297757999	3.7404741997054707
MKRN1	3.0	187.0	2.772588722239781	4.392928431925803	4.0942830200808	3.9869701405885256	4.32104681465601	3.77680321758282	3.8355775555743845	3.9857397427468975	4.053730679836286	3.9149909901424547	4.005517512836922	4.007126685935105	3.9551110965693255
MLST8	7.0	94.0	3.6109179126442243	4.430646191446303	4.497808136910657	4.902859200185074	5.2200918069735875	4.270433124771021	4.9177733015366485	5.672301402989433	5.282755112647338	5.66384994224097	5.66822581904116	5.367106431227128	5.713646458818868
MMGT1	5.0	107.0	1.9459101490553132	4.444186246918705	4.471896360744423	4.458210661155779	5.155009990576971	4.541473072402448	4.016317398432888	5.363223156803302	5.508605318888133	5.0546785242971675	5.231131930386148	5.137363281951785	5.518686199631417
MON1A	3.0	175.0	6.238324625039508	4.392928431925803	4.163866092908807	3.491655211859692	4.262583162598599	3.6847769983276626	4.5498060950198305	4.106154030062543	4.703120396969088	3.4422142964149023	4.073199752808018	3.9491062936262864	4.423301759066542
MPG	1.0	39.0	4.04305126783455	4.387132863168391	4.93985863481073	5.202966950842418	5.217390378795193	4.250302799555445	5.7184158458696475	5.7291956673447855	5.640370722690259	4.983783569942083	5.740197113773217	5.546166718284722	6.029048817617612
MRGBP	4.0	33.0	7.007600613951853	4.45352342757584	5.042914624063841	5.554314174680426	5.69976866171239	3.8940777618000557	6.494447977309083	6.305013802811171	5.619873786201159	6.071036385499493	6.212366165866686	5.756351803950864	5.846120781704004
MSL1	4.0	67.0	3.9889840465642745	4.45352342757584	4.670933940186734	4.870694159969431	7.040358871038401	4.466614034682123	5.934393085383012	6.610489250260617	6.16388295727298	5.591652029214057	6.667013147481635	5.911584006997581	6.2097482167322
MSRB1	7.0	125.0	1.6094379124341003	4.430646191446303	4.34133714714541	4.017889873820235	2.318623872164941	3.31366916810688	2.7113218218269464	2.6968757285976617	3.0197217613172516	3.1237171278159304	2.6434329631151723	2.8021293456504344	3.043565956475631
MSTO1	10.0	50.0	4.060443010546419	4.411313894805167	4.796503705254503	5.131604418706784	4.196450988582732	3.2711598231438277	3.553390949078155	4.676284590817736	4.2521077330334895	5.127263475770366	4.690062977514825	4.479087707029409	4.485814583529152
MT2A	6.0	59.0	2.1972245773362196	4.413573039018873	4.581052166284248	3.7952437373234496	3.96242978296052	3.155548526659583	6.9370360620989215	2.5993173629811546	3.450555040279951	2.8376322294856204	2.577158822267262	2.902968711833157	2.9421513632922265
MTG2	5.0	215.0	3.295836866004329	4.444186246918705	4.077743352047473	3.8445891782178827	3.1946769846614647	3.107577114748301	3.810785311351962	3.7187561119024837	3.7051026987962885	3.84339953131781	3.6535417383399924	3.4619247415319254	3.380535498983532
MYB	2.0	66.0	2.8903717578961645	4.391573968533688	4.637342223240256	4.055185036156719	5.155212210908768	5.230134133181788	3.912203858651459	3.075963960307762	1.9156341340695215	0.27111522167949875	3.180998870249886	5.812602209422256	5.63554999831058
MYC	1.0	86.0	6.882437470997847	4.387132863168391	4.388974739718906	5.0529059780251355	5.776279574882488	4.854681216032279	5.9883006346220755	6.423759632439349	5.1739488938372675	6.209909774204327	6.255327440430722	6.148659308537745	5.621872315326811
MYSM1	5.0	108.0	3.8501476017100584	4.444186246918705	4.4642166133619074	4.226564526042863	4.8100076372267555	2.9405771428535163	3.150029548069498	4.133913956651668	4.389477619810575	3.7709360546431085	4.192079000172238	4.166106384283243	4.299516016446668
N6AMT1	3.0	75.0	3.4011973816621555	4.392928431925803	4.628941145773739	4.681400324542144	5.832666751328847	4.161940376358435	3.806208126306789	6.599665812869322	6.249585819043212	7.120731528856253	6.502778454248551	5.796780483593123	5.465183729839061
NAA35	1.0	316.0	5.517452896464707	4.387132863168391	3.843046258067553	3.9266793949157552	4.773441263450637	3.08038172171661	2.8681104265965036	4.383785983947044	4.280492681435042	3.850517430784196	4.357745021267515	4.294414539371152	4.333906336855732
NAGLU	5.0	259.0	2.4849066497880004	4.444186246918705	3.9761579735152983	3.349443359508694	2.6100673532563436	4.179874829522022	3.1889492971114968	2.985744839253016	3.7691147587801783	3.3230206722568316	3.1267719291458143	2.85180863203875	2.77792366443641
NAPG	5.0	226.0	5.298317366548036	4.444186246918705	4.053334682908194	3.994948578438243	1.291579971620631	3.3307721434273883	2.3747729375803637	2.9788327422212193	3.177827330224354	3.1750092297520562	2.963361885241806	3.1271800293832017	3.1923481992692633
NARS2	2.0	224.0	2.833213344056216	4.391573968533688	4.035592604656773	4.150998448306379	3.163143791237605	4.035948846274683	1.8154069121491447	4.240887516208596	4.05055956059156	3.7941044491702103	4.240144670737338	4.276761033553589	4.324601222652129
NBEAL1	6.0	170.0	1.0986122886681098	4.413573039018873	4.1414149507393105	3.6833976491199723	1.8766115604064624	3.5931504206294833	2.338819161681039	2.865093216223288	3.524059329785644	3.0889075177599774	2.825458705423575	2.768814752564458	2.9979684659301826
NCAPG2	2.0	43.0	6.726233402358747	4.391573968533688	4.863294311144794	5.384464355629323	6.490285560901134	5.1595873254961475	10.144592615320358	7.718937518957402	9.486945980380685	10.635744587580605	7.581819297153393	6.7490692015613165	5.796796543145229
NCKAP1	3.0	82.0	6.439350371100098	4.392928431925803	4.538511253067827	4.160579163534411	3.406296853446906	4.050549826267858	4.200826965458589	3.8017903694001363	4.183046376115091	3.662995810879452	3.7778667399338652	3.708059317083025	4.0936835141561065
NCOA4	10.0	106.0	1.9459101490553132	4.411313894805167	4.41328084496798	4.258054111535092	2.5779420860782	4.308288084207908	2.2578238863620204	3.5991751568444124	3.5795949432727667	3.8660411293213346	3.5880413406476768	3.4441491902375745	3.3828244875466815
NDUFA11	2.0	120.0	1.791759469228055	4.391573968533688	4.33983603355284	4.490773407832376	2.7897209600471418	2.9469599110826508	3.2256104909567744	3.466607149120945	3.3056777103424997	3.5762217235633944	3.469480947883536	3.754585718556097	3.55776564333765
NDUFA3	1.0	181.0	6.493753839851686	4.387132863168391	4.132203767911528	4.746897474983433	3.2902074942803723	3.602036005281228	2.9564003279196807	3.748343637389221	3.392215217079995	3.9412210173831275	3.7743823642013443	3.8364523012331957	3.8367717054666155
NDUFA4	8.0	115.0	1.6094379124341003	4.432024921552578	4.612018454194721	4.240268146287367	3.8507696732926475	3.3837819592682417	2.0398598851031586	2.777640615549841	2.889329963659231	3.465552197879565	2.804152702760809	2.7187881400756893	2.569659007279475
NDUFA8	7.0	45.0	2.9444389791664403	4.430646191446303	4.918184174924589	5.102258804886764	3.7622240644466762	4.085670786860677	4.936575145640898	4.727695786129412	4.65348158218782	4.705392686447478	4.768637991614506	4.767918229306581	4.9703846140292125
NDUFAF3	8.0	105.0	2.70805020110221	4.432024921552578	4.5677748833268295	3.960412615297093	3.153437260375532	3.0991492399398655	3.3553820629828617	2.6100504843920156	3.1432558270131024	2.9589052630406725	2.8374642119308855	2.6967193299771104	2.5030338598933666
NDUFB3	7.0	138.0	1.791759469228055	4.430646191446303	4.36371677385677	4.486769507390275	4.920793233057772	3.476360509225225	4.301516213624991	3.9028085132205157	3.8765707992954157	3.6755596334769804	3.9036692834012756	3.861637771735606	4.163749557464027
NDUFB4	10.0	166.0	1.791759469228055	4.411313894805167	4.1619342949758735	4.409798299886429	3.994379588494597	4.5248323848619245	2.550577556261965	3.9650433123045477	3.6606329430930193	3.7176152478399915	4.0023478533644	4.063021244915895	4.053047379069497
NDUFB6	3.0	81.0	2.0794415416798357	4.392928431925803	4.516920058404171	4.089099057956006	3.2524875486559304	3.940501769309614	1.9533066834650272	3.459027067135807	3.5667104860790957	3.446287308119332	3.4926269940359376	3.513117998187438	3.3287898536228715
NDUFS3	1.0	120.0	1.3862943611198906	4.387132863168391	4.350624991164364	4.47908251696039	3.7904843430304287	2.838645096477909	4.054594655250649	3.823324132225863	3.4081423031971174	4.150415673808572	3.8219217015248685	3.9046171554426654	3.790062556940038
NDUFS5	7.0	109.0	1.0986122886681098	4.430646191446303	4.44412118504965	4.363203532433644	2.8258424398525794	3.804433354108335	4.453558416801673	3.453814240925708	3.811813070179398	3.699079398994135	3.499821695743958	3.6335335319862603	3.5680677400944325
NDUFV2	9.0	84.0	5.472270673671475	4.393056444040468	4.505636420625723	4.256283377316246	4.549385412170043	4.137692630354618	3.596076489761953	4.5352729934793805	4.512951404784245	4.156304166873789	4.519202296046973	4.608012840140851	4.369307852557969
NELFE	4.0	98.0	7.476472381163905	4.45352342757584	4.5220741512762865	4.319807240312864	4.828787542957654	3.370378099225234	4.533438700097672	4.844646818771919	5.000951324631133	4.221750405471756	4.880061146133888	4.5500565709134095	4.805622839327952
NEMF	7.0	79.0	2.5649493574615367	4.430646191446303	4.603777288358019	4.79268533026697	4.8999330834408505	3.60911464733074	5.592661782103011	5.274614567526749	5.043209587207178	4.963377851231373	5.2670817008698565	5.380764344377662	5.228115987642262
NF1	5.0	64.0	3.258096538021482	4.444186246918705	4.749753138462004	4.6835792794295505	4.4709447912601705	4.569651094145216	3.4244587707458383	3.727199185412708	4.025441079439461	3.9752799155257277	3.7114388012273176	3.9905487789493654	3.9831462690063417
NFATC2IP	8.0	150.0	0.6931471805599453	4.432024921552578	4.255929004927313	4.615994668764902	6.245405823854542	5.13674273205085	4.031633482380361	5.022901600661044	4.629779832729845	4.532189518932279	5.009156518847266	4.837501997523288	5.170909455330946
NFRKB	8.0	150.0	6.171700597410915	4.432024921552578	4.2165258205959475	3.2308193501150972	5.550365895265993	4.8805807458517245	4.756480817394098	5.012117470511534	5.898115091414896	5.754407487141811	5.094796482381621	5.007008891032085	4.47432944294777
NISCH	8.0	167.0	1.0986122886681098	4.432024921552578	4.1737168015628825	3.3656475198427156	1.4256963513224226	3.3928335137782177	1.842726957327423	2.549840235215891	3.4442648286717774	2.9900155610274752	2.6749998070334717	2.5443383670512647	2.603525502619015
NKAPD1	8.0	118.0	6.2285110035911835	4.432024921552578	4.37000875987175	4.334451256722022	5.8235904561060945	3.92237897750591	5.115205537518712	5.499833600397278	5.669277719357911	5.238723552601258	5.580875728022154	5.125755968823246	5.495280455514655
NOMO1	6.0	69.0	5.823045895483019	4.413573039018873	4.6248532728559555	3.8171536024210004	4.749370781614212	3.9677238536528785	3.0810269495663816	3.6457299201923847	4.345167999937385	3.297789861179467	3.650076603000296	3.716380091609042	4.04601098447371
NPEPPS	5.0	161.0	2.995732273553991	4.444186246918705	4.080151232069922	4.595948973007556	3.6235736859962073	4.084387271470503	3.4921497701511295	4.060819052974592	3.5597559966153867	4.377757017072979	4.059437543149115	4.074605487966803	3.988677574705437
NPM3	10.0	57.0	2.302585092994046	4.411313894805167	4.699660394442706	4.10120103911041	2.94496703884456	2.997995685086695	2.7098505541127036	3.4784249495467137	3.881685670667726	3.87795428458772	3.44894666573875	3.6405994799739037	3.48964241516415
NRBP1	7.0	158.0	5.209486152841421	4.430646191446303	4.239402986333122	4.7529864347863	6.099676290128029	4.9249594875456255	5.927405002513644	6.076694501820563	5.233369798844793	5.500981341364286	6.036511002291641	5.459499003314502	6.252560486116069
NSUN4	10.0	124.0	2.4849066497880004	4.411313894805167	4.376427606687685	4.406661455941882	4.38160215215566	4.079567648976095	2.1977297647114007	4.678244482515196	4.702106022181932	4.589670749003596	4.558680622964547	4.671488692624031	4.995230099602109
NUB1	3.0	148.0	6.148468295917647	4.392928431925803	4.228907492377444	4.684246086575457	3.0870135207607197	2.8736021891441688	3.642662296421527	3.844967635885646	3.3960451112056305	4.4527014252984864	3.8049358529768718	3.968998167370467	3.765885738867828
NUDT15	10.0	74.0	4.143134726391533	4.411313894805167	4.5988246537164095	4.574885069485637	3.6414575392534165	3.5964291084383038	3.353774768630977	3.6723606084008877	3.572268387574055	3.744273921495002	3.6733616475468516	3.572619184788307	3.917932250497027
NUP35	6.0	65.0	4.68213122712422	4.413573039018873	4.651220518737133	3.9251441853680307	3.098551373706059	3.3445981762174486	2.3152142488797085	3.2457061657829773	3.8422996469030615	3.386549274386003	3.228600360569979	3.199344733838184	3.393595237091674
OGT	10.0	43.0	6.338594078203183	4.411313894805167	4.859470455893281	5.5033554091639125	5.229826125460287	3.820929016909967	2.850486714850957	5.5205821194539055	4.829238006922848	5.7319315951961585	5.532398144876257	5.371315547605574	5.217992130873236
OPA1	1.0	61.0	5.220355825078324	4.387132863168391	4.6859272556754945	5.337147188031252	5.37996123959355	5.034633028920208	4.350427326930272	4.350180485209748	3.9377562343468115	4.843643247109461	4.360722706753548	4.5332658551193346	4.462753596519366
OSTC	7.0	35.0	5.950642552587727	4.430646191446303	5.005844824789073	4.642233048897848	5.073166466848176	3.9442438512202402	4.3382913780745636	3.6849459606789607	3.935213525734363	3.746502619126402	3.701669242432219	3.697588323978014	3.8781826437100433
OXA1L	8.0	41.0	3.5263605246161616	4.432024921552578	4.880550717522767	4.9774951872352	4.180306304348578	4.312674124516104	4.457100888004537	4.6180233202129095	4.470774403340863	4.670348089796557	4.720974786957698	4.770523775379428	4.669276806940954
PARN	1.0	156.0	5.869296913133774	4.387132863168391	4.195753203447112	4.394869802017669	3.8270115282905364	4.161781952969337	3.008121534178503	3.1933470587637656	3.305421547468593	3.611116774449961	3.203166601637489	3.3554834744707125	3.4530457046759295
PARS2	8.0	292.0	4.406719247264253	4.432024921552578	3.953911516457965	3.6671873027433124	4.20223469319462	5.004319425892594	3.4692156108398446	3.757512550552449	4.386513972282045	3.4075937109222263	3.416756577082401	4.196990253040249	3.69891598853216
PCBP2	2.0	344.0	4.418840607796598	4.391573968533688	3.35488181003044	3.60540681123052	5.068720059579119	5.176554441036473	3.138070348218846	-0.4876040377099633	-0.9078766092436252	-0.4998427767599267	-0.3466690942172743	4.1944772579368585	-2.136324721361275
PCNX3	3.0	176.0	4.382026634673881	4.392928431925803	4.1540190415978255	3.7831538614782714	5.113541427680564	4.046178499002611	2.665920024068688	3.946181241581365	4.45454614761402	3.7505961341442204	3.880806289284342	4.055726680624946	3.986381274036576
PDCD5	3.0	140.0	5.680172609017068	4.392928431925803	4.162300595853852	4.225866257514375	4.451111117712945	4.471565895018963	2.73757414569815	3.841668808667728	3.777220901390087	3.059845439536719	3.8578724587545135	4.424349361991322	4.069505289894745
PDCD6IP	1.0	213.0	1.0986122886681098	4.387132863168391	4.070389601900262	4.3062950715085595	4.053801951643484	3.101215403863083	2.987658213510826	3.264122491416696	3.2622339202073944	3.297746205440427	3.205848714575292	3.541220302026651	3.6964487012273515
PEF1	9.0	46.0	2.8903717578961645	4.393056444040468	4.837231320193796	3.746094465376701	3.3325877922105454	2.6921996219886895	2.333794463399678	2.4466308760321764	3.6065985856856466	3.207307802723397	2.4235922671755823	2.464644594836919	2.3807684238975044
PEX19	9.0	69.0	5.560681631015528	4.393056444040468	4.634153294900952	4.157197852422831	3.436702403647757	4.824993853408934	3.303119127749916	3.838012360459609	4.139108007022446	3.7094007658917736	3.8209864050544304	4.054188977604122	3.8679220119184285
PFDN1	8.0	59.0	2.1972245773362196	4.432024921552578	4.789470396306312	4.730791222762298	3.3257975826160426	4.2171854914680456	4.639304738115749	4.362423103359594	4.482749619154585	4.3927643725900145	4.270057777456467	4.497247431092997	4.475203894153891
PFDN5	8.0	48.0	2.9444389791664403	4.432024921552578	5.043312051717626	5.017861828308348	5.603849031494119	4.441248039703847	3.4560497019858603	4.833442265950984	4.772233207075751	4.527126472052333	4.504267027776125	4.857206227602012	5.139169176575623
PGAM5	5.0	182.0	5.384495062789089	4.444186246918705	4.164102247531387	4.169805421498894	4.298748536743906	5.03315612849873	3.33507199970611	3.3377173308099097	3.6024790190503664	3.6682152870536036	3.4935315506255513	3.4092049989758646	3.472622038131615
PHF12	2.0	52.0	6.238324625039508	4.391573968533688	4.793231112627612	5.145829918710113	4.667193410178601	5.154482270385612	2.310792557269382	5.517486596690454	5.139599585752333	5.0991566759624725	5.4636741856208255	5.388071536557376	5.6500591027698
PIAS1	4.0	67.0	5.14166355650266	4.45352342757584	4.677288619187394	5.034885963974814	4.944079328685521	3.9634207957279464	6.0723236186047265	5.961420328583425	5.718058192851962	5.858589497629471	6.0370397532039215	5.284795543779894	5.340177467837187
PIAS4	9.0	86.0	7.360103972989152	4.393056444040468	4.511936718250125	4.602738020559526	2.432790535888816	2.6921996219886895	3.5308947602637755	3.809187318665458	4.2590022887669985	3.830531278027693	3.810691937900749	3.896863837436528	4.304414390222334
PIGH	2.0	41.0	6.186208623900494	4.391573968533688	4.9089795762587345	5.14481953872557	4.9232340794559635	3.500892949859919	4.072476159604989	4.5635932834956945	4.538809063329691	4.736784430166702	4.5540223976367	4.38222152319765	4.569679037041114
PIK3C3	8.0	72.0	5.66988092298052	4.432024921552578	4.576256349569638	4.974297735392905	3.321739199775419	3.755849919796808	3.162622431126356	3.8364102082329277	3.6336570880994525	4.05473232940786	3.847588038547339	3.780254063810222	3.9156833220873732
PIK3R4	2.0	68.0	6.647688373563329	4.391573968533688	4.658740226939672	4.588973393004773	3.6957203359665836	4.760407510364649	2.1162945886927447	4.493058515046689	4.657923292432014	4.314717136307211	4.500185679337004	4.376935594902715	4.852205368697975
PITRM1	8.0	138.0	6.089044875446846	4.432024921552578	4.305619112432333	4.993695706951934	4.51318924428867	4.573341277340973	3.7098494480021893	4.109095032560636	3.6803165372458295	4.524712443288978	4.122218700730528	4.424776250691664	4.180652843616165
PKM	10.0	232.0	2.3978952727983707	4.411313894805167	3.388284555458732	3.4348825883665906	4.981810673251755	3.606039174138594	3.9046367697998527	3.8250559655968726	3.591735745218665	3.3062004184895013	3.8320211359800043	3.794711059369033	4.067710962016207
PNPT1	10.0	150.0	3.9889840465642745	4.411313894805167	4.252396530454962	4.597946805376367	5.762858926341452	4.387054948560289	2.2787941151567948	5.745596193884092	5.591335049950086	5.719139022598153	5.741114702077013	5.333409981190619	5.4394353366409085
POLG	5.0	77.0	2.4849066497880004	4.444186246918705	4.655036434581907	4.589076425069945	3.9239296606267438	3.619933079433286	3.647532601791374	4.113102641585872	4.328917766041871	4.407111023917248	4.089782841592681	4.7661033444021905	4.444851982183267
POLG2	7.0	92.0	2.70805020110221	4.430646191446303	4.495211300014668	4.77996725409922	5.43415211220233	3.7314741173833164	5.237820566083455	4.901865184074475	4.862745009488031	4.910325517161823	4.919877684222662	4.735005374128675	4.738631990998571
POLL	9.0	47.0	5.209486152841421	4.393056444040468	4.828227118736099	4.246135706359121	1.7896800013368213	2.6921996219886895	2.7230359535237705	2.9198660622253847	3.6323934182356084	3.4829978934021475	2.9384655016171344	2.9190721337409977	3.284427368925206
PPARGC1B	7.0	77.0	4.672828834461906	4.430646191446303	4.584566863530419	4.6454778811743695	3.812328348931999	3.733343604352296	4.264463480065227	4.111833651321308	4.489167691293052	5.163970511549319	4.126463982751217	4.256016200637878	3.9437257666574
PPIA	9.0	119.0	2.70805020110221	4.393056444040468	4.2138102796332415	4.219378141002186	4.251443099755665	3.0873113932401703	3.182320399630921	2.97476666721674	3.121111685286916	3.1129689752342644	2.9551513522006654	3.320528141972326	3.3184698265838035
PPIH	7.0	38.0	4.663439094112067	4.430646191446303	4.951761226167052	4.809452768280646	6.577356100626897	4.591464322673328	5.874791736886049	6.319554579956051	6.664656958274538	5.792612171109087	6.267129092025816	5.56626137922137	6.574468114634675
PPIL1	9.0	156.0	3.044522437723423	4.393056444040468	4.214561769059322	4.659941828624667	4.094174937555475	4.362576775899561	3.6861183003310325	4.670332023652064	4.276054517572766	4.54720974772719	4.666049651362423	4.966639266401658	4.793328728272163
PPP1R12A	3.0	52.0	5.10594547390058	4.392928431925803	4.752451152247186	4.5946000555545154	4.492525555118658	3.671645164948591	3.479209997607586	4.7165454838462475	4.686482975305129	4.228580293317459	4.68890223930547	4.879937943807108	4.795275641570995
PPP1R37	8.0	359.0	6.352629396319567	4.432024921552578	3.8127396082197045	3.234884803305886	3.929133210526607	5.054855663590354	3.1895463074383743	3.453769315427647	3.9876629024681804	3.1370072687238313	3.415729622109609	3.3650371454647336	3.468204600153803
PPP2CB	5.0	95.0	7.293017679772782	4.444186246918705	4.524818394090635	4.336188269280773	3.968309763211908	4.431189650846719	4.636473070903617	4.191479758313787	4.513628232039149	4.707751759129266	4.292450530650712	4.0110409050718605	3.7134340729095543
PPP4R2	7.0	74.0	6.717804695023691	4.430646191446303	4.6190413629367635	4.841365530626442	4.7585090279253	3.889563333416712	4.35819874536602	4.04619175264202	3.8112365542769933	4.332639093623797	4.041321102297777	4.0046203388412716	4.045080942307978
PPP6C	1.0	1581.0	6.111467339502679	4.387132863168391	3.0282196587339953	3.8717134772009603	5.230875595822875	3.9926057766831566	3.130536640081527	4.038759584900211	3.1505594473980225	4.420421418330323	3.9870413799007487	3.8216626162034473	3.951613503416387
PPRC1	4.0	55.0	5.627621113690637	4.45352342757584	4.800798820022164	5.090795158621058	6.845906151579236	3.4773728099018593	7.056145650807057	6.183552991999852	5.754756508076779	5.602395023253208	6.15539227754435	5.600903694325799	5.903389502378822
PRDM4	7.0	108.0	4.2626798770413155	4.430646191446303	4.416712438559774	4.550078588420092	3.1584869397087303	3.7374275352748634	3.083435032518183	3.16872530645398	2.9715985701943204	4.165236148769337	3.190065340907905	3.314180389292373	3.2944080112225036
PRKCA	3.0	116.0	5.497168225293202	4.392928431925803	4.353865582065405	4.398870505768504	5.3643874934048466	3.888267590007626	4.90321848326535	5.127171226476279	4.626692417982105	4.892285055297173	5.221836097671175	5.112242784922634	4.6598522498108075
PRORP	4.0	152.0	3.295836866004329	4.45352342757584	4.309371356739894	4.422321355870309	3.7467878837818787	3.873704877607742	4.127182282418824	4.25833876734905	3.9340351712195547	3.92674385400544	4.221729789023326	4.368058584539731	4.403279192696885
PRPF39	6.0	185.0	4.795790545596741	4.413573039018873	4.134077255567457	3.9311073544800554	3.7482122938407514	3.5826789629281683	4.2587908419732345	4.5354805053614715	4.78792216694251	4.37731371833756	4.531017493502129	4.149593976423753	4.786673676839757
PRRC2A	7.0	155.0	5.075173815233827	4.430646191446303	4.253564464996796	4.452181608892598	3.947268484032568	3.6060105385060246	4.235019751825043	4.626504756748939	4.2346724951646015	4.057017098025493	4.597231628866238	4.766961260727728	4.790148616331351
PRXL2A	2.0	70.0	5.673323267171493	4.391573968533688	4.572603235896609	4.0219418784739895	3.365303554293058	2.923426749496727	3.8294130695660504	3.121348713162951	3.710826334305297	3.397766785159315	3.1184782927951806	3.2571864015927003	3.3031427350337417
PSAT1	8.0	160.0	2.302585092994046	4.432024921552578	4.2476922962854875	4.183614854310977	2.981061867781144	4.314892113600394	3.111162744728511	3.6495041922499345	3.670688857438419	4.11687517722799	3.6007433240858275	3.789083796222026	3.6175346820922787
PSMB5	10.0	147.0	8.12740456269308	4.411313894805167	4.1136880363419595	4.321735328473114	4.309366695018454	4.797203861080189	1.9809364673905938	3.4514773922704984	3.3812925220812375	3.8262238116645073	3.445610688697747	3.530092374552815	3.4927605451691615
PSME1	10.0	102.0	5.3612921657094255	4.411313894805167	4.414547575510647	4.585631611398558	3.5459234976157608	4.793286140557245	2.1321467085727273	4.170031173083311	3.689315375485609	4.398407134943735	4.148295076706706	4.061932928326478	3.8053165710595733
PSME2	4.0	106.0	1.6094379124341003	4.45352342757584	4.463136405781083	4.297744386034749	4.4785835872645565	3.529448297906053	3.1087225631030972	3.213481825670163	3.522577245474533	3.734171839135471	3.140070145574297	3.394128691468996	3.403237077527142
PTEN	7.0	206.0	6.375024819828097	4.430646191446303	4.115186919381552	3.33863176537627	5.810560037736261	4.109795561857394	4.481585006289632	4.7778343897469115	5.234641588995279	4.7545147607691804	4.786093502718392	4.653790239130646	4.415567820107974
PTGR2	4.0	98.0	4.795790545596741	4.45352342757584	4.482679608536904	3.9910194372877754	2.896980307636518	2.9465473535511117	3.1029095918434106	3.517834973312538	4.467869233860212	3.7837905040239965	3.59028337113907	3.39227211095334	3.603236598302354
PTPN11	10.0	175.0	2.995732273553991	4.411313894805167	4.149179788840726	3.7609614544960532	3.170794524832562	3.918475473506928	1.980558638631113	3.1215883791673518	3.4108176652397333	3.2448903920774566	3.151092565870944	3.057088626054897	3.0675673708443343
PUM1	5.0	82.0	5.093750200806762	4.444186246918705	4.5910961687528955	4.412057603600735	4.842954733168908	3.687342598929445	4.515648166348029	4.254643889040628	4.395575360806431	4.279537806289784	4.441815206754919	4.196043989101258	4.319174351911287
PXN	10.0	150.0	5.802118375377063	4.411313894805167	4.241472319320114	3.9272052250819716	2.303105965359978	3.6266641012495904	3.2096348793846063	3.1158069927021623	3.3550011240097506	3.4857740332476497	3.069536299024829	3.2251044762464076	3.1633261470058986
QRSL1	3.0	199.0	2.4849066497880004	4.392928431925803	4.08409278047448	4.027091903070065	3.9845027973190867	4.271878508693661	4.032108524593771	4.7716324142152	5.063210884698536	4.42546989270652	4.721382672319638	4.518472605786202	5.244247736560409
RAB4A	2.0	181.0	5.541263545158426	4.391573968533688	4.155747103667236	4.066389408253499	4.622950250935528	3.189997835296252	2.7112320718619833	3.731845729387565	3.6359975690857356	3.530363700415802	3.7002397876538655	3.823711161813559	3.8808540396560733
RAC1	10.0	43.0	6.71295620067707	4.411313894805167	4.621218580445413	4.132966612161807	5.3593081346140234	3.581570393116417	2.442070665760127	3.09064736705837	3.3716019178484826	3.183423520389912	3.0987708334783255	3.2206684302447814	3.407247002513114
RAC3	7.0	130.0	8.051022208190679	4.430646191446303	4.336977733362797	4.392633811590269	3.32356228132802	4.083657457878492	5.249330669992578	4.361475050624429	4.926025042958928	4.828930384691015	4.391579035719374	3.707443917509922	4.387818977384595
RAD21	3.0	42.0	6.431331081933479	4.392928431925803	4.8154341456064955	5.613286467545355	6.199136157391736	4.707609478486939	6.119525785688081	6.500787135149857	5.699675495679728	6.968065849760985	6.532784036896708	6.108510120643892	5.867640225399144
RBM17	1.0	42.0	6.687108607866515	4.387132863168391	4.885403571150346	5.267440270702901	5.280367169460486	2.9271869747739934	3.1266033511899476	4.18648260443209	3.561389404396486	4.497554957202684	4.142901120485955	4.329711269223067	4.365272319847758
RBM33	8.0	98.0	5.717027701406222	4.432024921552578	4.443538321891938	4.973583264546335	4.89486358096248	4.885361196741906	3.8077199724536355	4.880423473623939	4.526270716813535	5.377299595161728	4.882540503355851	4.89355927457666	4.850865452626035
RCCD1	6.0	100.0	6.220590170099739	4.413573039018873	4.436745411940122	4.181690036398212	4.899887807206959	4.639811180792067	3.6396302421295217	4.4892497286950315	4.549485785764158	4.024059364886744	4.513447891653942	4.421901981413239	4.7075689671052725
RCOR1	8.0	81.0	1.791759469228055	4.432024921552578	4.542141204538423	3.82859449142862	5.744983313044295	4.641678018760702	4.349885105577624	4.766226396806061	5.368449356826675	4.254758275297709	4.720305914255605	4.560688749425004	4.760306884867477
REV3L	7.0	56.0	2.302585092994046	4.430646191446303	4.750997901202931	4.878625006075074	5.050730070096539	3.466611592373467	5.469709788835193	4.908275700256508	4.937245970423737	5.164900965940752	4.935498986721444	4.498595328793998	4.474840836254195
REXO2	3.0	81.0	2.70805020110221	4.392928431925803	4.474732496214444	3.892271030757826	1.710020557582816	3.1010027083788296	2.759997605753333	3.583286324201915	3.906419434187601	3.6026407880956883	3.547727619366764	3.695700167846325	3.319681276406754
RHPN1	6.0	217.0	1.9459101490553132	4.413573039018873	4.054868794251311	3.648381941394149	3.9489111632795595	3.8368823805574963	3.6573129886380817	3.643838364349622	4.409746986633301	3.500851289879712	3.6013803631351275	3.587687466294486	3.5799035380514392
RMI1	5.0	69.0	2.995732273553991	4.444186246918705	4.714914008338946	5.024919165421846	3.8516379223049397	4.247194254233818	4.215889607288278	4.738583872076487	4.487486645041847	4.724923542161313	4.641447985377291	4.768813968222791	4.86922486162131
RNF103	7.0	75.0	5.739792912179234	4.430646191446303	4.578311215204952	4.391785336327374	3.7481078087090114	4.234822153637243	3.7881552831782006	3.885747150731594	3.9809251041351454	3.9928232186853183	3.8674994665261986	3.91507549737464	4.049748935825299
RNF14	3.0	184.0	2.3978952727983707	4.392928431925803	4.126736022746072	3.668063875752738	3.3511296829674517	3.2693343857283876	3.744694172493385	3.456779948090885	3.605209988321112	3.2025682816649113	3.4197730810061695	3.5026047786692214	3.7241400246712724
RNF168	10.0	55.0	2.3978952727983707	4.411313894805167	4.755059201902781	4.979421084802095	4.455935716858922	5.048290436721281	3.1143520540114267	3.9882396367112736	3.8598959991899577	4.403008780317673	3.9575032182184255	4.1005109054485525	4.129911505024118
RNF8	3.0	213.0	5.293304824724492	4.392928431925803	4.0355612001569074	3.679432138503489	3.8770578812674406	3.7765847267765595	1.772343816755606	3.8490695950059948	4.166231337914333	3.4823618359586788	3.82905704919422	3.9195816139893545	4.078641512460414
RPE	6.0	57.0	4.875197323201151	4.413573039018873	4.725619828390554	4.850676154866776	5.95920263472377	4.181662812932838	4.18570073470642	4.682826131114842	4.770702384000315	4.715602664801154	4.668757019021537	4.7196017310056035	4.784477313011562
RPTOR	10.0	30.0	6.280395838960195	4.411313894805167	4.997021877469995	5.382309968748338	6.926735261868839	5.694596473869229	3.2507994540562564	8.410090707407615	7.7119790201099745	9.00571340658996	8.147676198238297	6.694046520411767	6.551557747277525
RPUSD3	3.0	112.0	5.69035945432406	4.392928431925803	4.396664001440953	3.932551856164142	3.5078754018850837	3.601491419421721	3.346496759642828	3.0241386970295796	3.396133699617948	2.920305288200006	3.1024001966357018	3.1094494823883227	3.077284302790132
RSRC2	4.0	70.0	3.784189633918261	4.45352342757584	4.613193490478345	4.7409697500312316	4.036837064024198	3.8263792611525016	4.247226375293394	5.015845708292043	4.635057907390065	5.361167524153473	4.903742038615046	4.987019077818912	4.5991417870924565
SAMD4B	4.0	88.0	4.6443908991413725	4.45352342757584	4.558492077151804	4.257349007604481	4.578570482273488	3.2908360543048234	3.1775768030506764	4.10189097244105	4.188340273825818	4.094970346402314	4.285232327361525	4.12890662171623	4.157905028500428
SARS2	6.0	109.0	4.31748811353631	4.413573039018873	4.395682411330708	4.249185988881941	4.933813846808901	4.490091471559947	3.893774997824849	5.21724342503287	5.684841250363011	5.501357007741828	5.058819583376816	3.9234199805187266	4.545595729550612
SCAP	10.0	78.0	5.181783550292085	4.411313894805167	4.59645946028099	5.0572847454594125	5.76508782516617	4.067513837928006	2.6572974644318648	5.394246566461073	4.9096153359390104	5.10497775825993	5.4836298184999	5.059093770650466	5.212522181618524
SCD	2.0	138.0	2.6390573296152584	4.391573968533688	4.278289098209032	4.8315784736001195	4.895425157584601	3.5998151107835703	4.097089833341128	4.320692511138929	4.391646827418791	4.316668808216511	4.317733648419189	4.562529459078659	4.500665927710594
SCNM1	8.0	85.0	1.6094379124341003	4.432024921552578	4.504015425566476	4.621453782129537	4.1341069568898146	3.840423292392432	3.530868139586765	3.9935792169752244	3.501291251599474	4.437867877845581	3.9213044001811754	4.087132517681112	4.073250971860993
SDHAF2	2.0	193.0	3.7376696182833684	4.391573968533688	4.116712648944658	3.9471998533395443	3.109198033214718	3.2621480574407933	3.19696295530011	3.2826307105714685	3.277208444233688	3.524449511947929	3.258917360573845	3.37523473948432	3.3125351992253593
SEC16A	9.0	225.0	5.552959584921617	4.393056444040468	4.0149163179831335	4.137721960535501	2.1928252229095393	3.691302829833887	3.375808761388101	3.809248839062501	3.5533772619393043	4.081437725562064	3.803945346959801	3.886767464266497	3.650639980632696
SEC63	5.0	75.0	5.37989735354046	4.444186246918705	4.667894668232688	4.6278329355375565	5.14362456388597	4.792854076254656	4.832490742999683	5.515897029888208	5.470622919356294	5.1891359439476785	5.457510809022796	5.353986727629754	5.683871801205575
SERF2	10.0	33.0	6.873163834212518	4.411313894805167	4.781016976651025	4.520117862793017	4.4137640282386545	4.147002907487588	2.595158623460655	4.442588165253646	4.695634824954112	3.899152901764225	4.5134233191943425	4.483640188635513	4.739741466913715
SET	10.0	43.0	3.2188758248682006	4.411313894805167	4.481209353566663	4.6413155896863	4.700712298578102	3.3068456461478357	2.0522954954276673	4.2876567920860325	4.042527222992977	4.237374139049192	4.2966019859478966	4.390158517447145	4.289505800615565
SETD5	2.0	89.0	4.919980925828125	4.391573968533688	4.5153032778162405	4.582813210282678	4.130464014061595	2.867537082460175	3.186088474560216	4.53682173645691	4.269028129573763	4.3698171862824715	4.511165329319419	4.608859533600755	4.5638519330694205
SETDB1	2.0	122.0	4.919980925828125	4.391573968533688	4.352150174293376	2.5358042140442616	4.392231692293796	4.61856650972629	3.5696245754435356	3.473601553983213	5.031354337146007	3.400273051136159	3.516325831972591	3.605001979962339	3.142053901995081
SETX	4.0	123.0	4.941642422609304	4.45352342757584	4.409559158004877	4.871227846849144	3.7581464797997186	3.9997727338287006	3.5284930879261385	3.82356354298152	3.5600240068409175	4.471303293550031	3.8613391582875773	3.874045906099557	3.8465076034613834
SGPP1	9.0	105.0	1.3862943611198906	4.393056444040468	4.4165210558562285	4.153730525482496	1.921033333395424	3.6155959485516127	2.9077664991762777	2.8605595155189496	2.974035723343164	3.2539897449230737	2.8577860745618087	2.8661072426519905	3.0715627163887746
SH3KBP1	8.0	34.0	5.572154032177765	4.432024921552578	4.6859098539002355	4.358045735582607	4.568519009107555	3.4645611168205646	5.100344146033793	4.586360027658125	4.667531467476275	5.0332879601631655	4.536225720716575	4.131345704990453	4.493734140540338
SIN3A	9.0	147.0	6.428105272684596	4.393056444040468	4.208982821407256	4.276574968840283	5.372868322165683	3.7424073062210343	4.046119695323396	4.682826510851414	4.424017082049413	4.3547283512158295	4.699512547158038	4.509200140679182	4.568527725831598
SIRT7	4.0	255.0	6.92951677076365	4.45352342757584	4.033544149341773	3.8830484831709553	4.56939878030228	5.054619086294354	4.740305786948739	4.715262950904085	4.993350329003147	4.6587887763789055	4.71238538228579	4.356784841271776	4.529738719320109
SKA1	4.0	58.0	5.805134968916488	4.45352342757584	4.779571265861271	5.165885303048422	3.097033286187349	3.2958139912930147	3.848592779625389	4.313090619991007	4.08154853295167	4.557680904509494	4.216068094812036	4.320933568711102	4.476462773578103
SLC1A5	8.0	1962.0	2.302585092994046	4.432024921552578	3.0791130475630784	3.4096614329023636	2.9631132948263548	3.1341493585721185	1.604868664212118	3.165502919788625	2.623049747133531	3.267535530340443	3.197788718243378	3.3620992851659244	3.2442015028995463
SLC25A10	7.0	224.0	2.833213344056216	4.430646191446303	3.9703253285804205	4.149670189971727	5.059053370874533	4.67119353561785	4.475795769761891	4.8542057856732885	4.738690438774188	4.877309965754086	4.88917535720943	4.473069370610832	3.918707508997209
SLC25A3	3.0	45.0	3.367295829986474	4.392928431925803	4.683035059651907	4.471031558029129	4.655491826635452	3.4934923207548554	2.6158563252274902	3.9452969961041595	3.8369194886585607	3.8701076498488916	3.9636611346640747	4.289397229082119	3.800560530582281
SLC2A8	8.0	53.0	5.87493073085203	4.432024921552578	4.700866544876796	4.553664399928224	3.5554084332369733	4.4585042783094835	3.8022942199947067	3.767028983094133	4.062413114251303	4.115835440002493	3.809242147900475	3.720350977730177	3.726449441846647
SLC39A10	4.0	142.0	2.4849066497880004	4.45352342757584	4.324465112390067	4.148936843397126	2.584939202245239	3.382419992639634	2.483307317890005	2.8856036758917205	2.9351155509324465	3.1865480948730323	2.8218071423119024	2.964983427308356	3.240247698964177
SLC7A5	1.0	253.0	2.302585092994046	4.387132863168391	3.9570859412055936	4.188568281711066	3.2875297534358534	4.591292774505325	2.927052136137583	3.572802197057226	2.9087170789456747	3.7890490360362037	3.561321352811078	3.8039155870956183	3.5098654512190075
SMAGP	1.0	176.0	3.9889840465642745	4.387132863168391	4.141928133410741	3.2486124789580026	4.834009703015573	4.338199940983298	2.2309284725189324	3.866845129994597	5.096923403261441	3.477708798892707	3.896499905875177	3.2951198363961476	4.139555222081818
SMARCB1	8.0	141.0	5.5254529391317835	4.432024921552578	4.183226750239268	4.842984155774544	6.364911693383832	5.29845538521257	8.839044505740858	7.620004232124085	7.0606554887259225	8.984612552981872	7.980041029185533	6.363518696448386	7.598749659126346
SMG7	5.0	143.0	6.566672429803241	4.444186246918705	4.3119368458512835	4.514898013176907	5.762505531800165	5.813940125910488	7.761236035391074	7.088874657032992	8.388000642690638	10.771364309251139	7.7796060781912635	6.540783043835265	6.682650062211398
SMG8	2.0	89.0	3.871201010907891	4.391573968533688	4.519224708956111	3.7268204301576042	4.710323326480334	4.462649182800655	4.462689747956425	4.749905339922771	5.445136989659252	3.9948737832035017	4.71434888265672	5.131522996334016	4.940389472604924
SMG9	10.0	95.0	5.030437921392435	4.411313894805167	4.493607825444751	4.089787437655276	5.0850431115185595	4.769144948195849	3.221389709935958	5.133262866020775	5.876360053858426	4.636382726343164	5.151414079973712	5.245032884957354	5.564882243792612
SNTB2	9.0	57.0	4.969813299576001	4.393056444040468	4.723147751150622	4.169483410781205	3.8925347212210526	4.491705762418526	3.4693106652660397	3.7348799598455824	4.1179349523189765	4.0383299479582675	3.7227084215709687	3.86541348903675	3.754682743114117
SOD2	4.0	144.0	1.3862943611198906	4.45352342757584	4.29468714287067	4.533802817135535	5.1964108749331	4.896221266863975	3.492133644681284	3.912103488288886	3.7574540533385234	3.7334637054683717	3.9292398241927615	3.9441285600621256	4.110788395834186
SP1	7.0	193.0	5.351858133476067	4.430646191446303	4.1247898958651374	4.176927940705497	5.017064564314143	5.0333915266908456	4.7813651202860985	4.299146711606665	4.1179006568471	3.9940521313856916	4.251290546237386	4.336047210705744	4.429036835716994
SP2	7.0	72.0	5.220355825078324	4.430646191446303	4.617551986071039	4.277777227181308	3.5009866266308634	4.678993357506023	4.4528607292076705	5.279123454965305	5.258342000679062	4.7109909315506915	5.24157041872318	5.463269311416395	5.076951564931824
SPEN	3.0	111.0	3.8501476017100584	4.392928431925803	4.370307021996938	4.80778344022146	4.026445752848022	3.5013411913867487	4.290315830760219	4.828056783516312	4.388428319938771	4.710678275373896	4.8217605168362345	4.696006426443148	4.7056634561164445
SPG7	3.0	126.0	4.127134385045092	4.392928431925803	4.301747148198978	4.539807919769093	4.52234999127647	3.3618828651617187	3.5059552477625386	4.046178453451204	3.921050019241472	4.56321350630144	4.070154791065964	4.030775021481118	3.7076899360661537
SPRTN	1.0	93.0	1.3862943611198906	4.387132863168391	4.432307207425157	4.693277873100401	3.320021682651432	3.101215403863083	3.882394402022237	4.394174514038752	4.391290099496981	4.5267726481106685	4.403251835700965	4.071113597163897	4.211895151215871
SPTLC1	2.0	34.0	3.8918202981106265	4.391573968533688	5.024401086959408	5.092165217047542	4.482307191051597	3.023034815541129	3.534671512681248	4.5543090904923025	4.624796735996882	4.558241354465468	4.523370177938849	4.6262931762469925	4.735076801051502
SRP9	6.0	143.0	6.889591308354466	4.413573039018873	4.33968648977743	4.752007138454502	4.395459472289759	5.662903437286028	3.4517240021983593	3.9417394683608604	3.2452117619929046	5.182030603325652	4.0789575101860525	4.0489088659046395	3.6276529006687603
SRSF10	7.0	119.0	5.093750200806762	4.430646191446303	4.4278168752043845	4.568151244182149	4.72814148774949	4.582051581918325	4.9782939888027595	5.685069495684351	5.710733806980489	5.331853049427739	5.601093925932087	5.4849978995194695	5.914329168874337
SRSF6	3.0	175.0	5.308267697401205	4.392928431925803	4.10614127908858	3.13731340262051	2.3880268371519633	3.3860816633491044	2.165941755761293	2.9883808644154772	4.060598292727484	3.0982416267552058	3.0664195146267206	2.6337396897899334	2.507671370691798
SS18L2	6.0	166.0	1.3862943611198906	4.413573039018873	4.1976250589577075	4.567971804875274	2.8756342928213856	4.510309377073346	2.6768229477511865	3.8168216741086365	3.7059125997012448	3.911955752578874	3.8025298525453723	3.6384929049560695	3.9461285491447633
SSBP1	7.0	53.0	3.091042453358316	4.430646191446303	4.7758048859076565	4.307294838926359	5.354949512764738	4.190238584942551	6.445461694150243	5.310806469142653	5.517227021456748	5.0240606686986355	4.959953679026309	5.2087765595895466	4.782997773007446
SSBP3	10.0	447.0	0.0	4.411313894805167	3.7621632228095363	3.5523681468379755	2.6545622933804554	3.5335764506492766	2.7736950158936837	2.713003177066913	2.81095081118234	3.218436009472261	2.6937363458277135	2.7023224860431463	2.535903262652319
STAG2	7.0	127.0	4.330733340286331	4.430646191446303	4.313877780235414	4.479926259799102	5.267927566034575	4.827132647583845	4.605942168553324	4.643071765936554	4.084416610462736	4.304899127730295	4.567956855669761	4.800161232575207	4.73959291314033
STARD7	9.0	78.0	3.091042453358316	4.393056444040468	4.566915527314092	4.396008495508449	2.6280328524019887	3.754846440371326	3.9271928922889465	3.514402350670413	3.879379721941569	3.568153908495928	3.539304017873293	3.5241444093183754	3.7697668861493216
STAT5A	5.0	95.0	3.044522437723423	4.444186246918705	4.494303552078817	4.382545663174852	4.3052046755972935	4.274556934276732	3.613539187946785	4.139483629964878	4.131077154657746	3.857074686125116	4.183610660489853	4.11310285898992	4.265374416927437
STRAP	3.0	69.0	6.784457062637643	4.392928431925803	4.533471334453774	5.02273841751519	4.921692917649377	4.359899325899455	5.867141726236318	5.838861848015428	5.529375061514929	6.072963840267082	5.877393215370576	6.11324338735896	5.682887670879007
STRIP1	5.0	128.0	0.6931471805599453	4.444186246918705	4.372843808011489	3.7848621482784814	1.6374871641729931	3.2807707356370317	3.379609682857552	3.288334659904379	3.654882150571657	3.61877377192591	3.2462375081879493	3.3169417086141766	3.250435690478919
SUMO2	1.0	38.0	4.584967478670572	4.387132863168391	4.804186997120221	4.191453542018969	5.30047457301441	3.6076691571328494	3.2266665787025057	5.387467793025216	5.820980056652309	4.582856280364931	5.488275143044458	4.8596348567526535	5.3948449869555475
SUPT20H	3.0	185.0	6.240275845170769	4.392928431925803	4.113646955212296	3.5124223160346957	4.585708421884068	4.557596440470144	5.744792798993459	6.061364578299671	6.348302718979252	6.552059955360057	6.063047598318887	5.6525705804306	5.396308776320178
SUPV3L1	4.0	101.0	2.9444389791664403	4.45352342757584	4.506362853531972	5.016875814532018	4.817907578851314	4.700430744448309	4.859316654346186	4.805688229601387	4.586426258973241	4.661760854762756	4.7338289228780335	4.941494418269005	4.976952117652693
SYF2	6.0	66.0	6.646390514847729	4.413573039018873	4.66660740062952	4.998652160225969	4.0985051081426365	3.862475789388666	3.766538556234747	4.427935559829249	4.2484506489933	4.5683109196696945	4.421284960092758	4.5024416147457345	4.54475372485987
SYNGR3	9.0	77.0	7.140453043101158	4.393056444040468	4.543428599330263	4.840330581794659	5.254547814971953	4.989972624357666	3.961794342222447	5.146401173939107	5.038746156655683	4.870203942192808	5.192964471018437	4.779342801396331	4.807135200307174
TADA1	1.0	138.0	6.115892125483034	4.387132863168391	4.246593277881315	3.9727505444932616	5.869828269437597	6.074900653864457	5.311413668593328	5.130390071358933	5.500368499972552	4.5291695485264984	5.139657373192863	6.737766803759726	5.2473086559053534
TADA2A	9.0	119.0	5.303304908059076	4.393056444040468	4.3530587769897195	4.662860157839433	4.1399379377909264	3.53255592288322	4.54124430386686	4.715636731640529	4.368590538644471	4.331293078640268	4.723907930289755	4.507897254155936	4.843345733760162
TADA2B	3.0	83.0	6.297109319933935	4.392928431925803	4.574157461255477	3.7008909779019845	6.140982877196799	6.108040307612655	4.693357305759876	7.912860443973061	7.27104427948157	8.814419804970079	7.984725738239998	6.377630765568088	7.529051790151897
TAF13	6.0	186.0	6.444131256700441	4.413573039018873	4.130629881875041	4.078911656490371	4.855599206069434	4.857318733801687	4.860530387731392	5.040318991537217	4.880044808490682	4.94827067164376	5.080728586942011	5.914051294200175	4.757104076613501
TAF6L	9.0	72.0	5.5093883366279774	4.393056444040468	4.577728103980666	3.8828339639274185	5.780280196464963	6.059688574509909	5.472170477488198	7.617516757931615	7.348386060522968	6.570706907772333	7.612555691575027	6.976747974059017	7.809533421847619
TARS2	7.0	190.0	2.833213344056216	4.430646191446303	4.1279355451132265	4.1363749785948265	4.811791023107403	4.749007274088752	5.6071542630747855	4.808313336538394	4.7194838466464	4.653783107188895	4.847165251894559	5.527313567315731	4.904922461615953
TBPL1	10.0	106.0	5.971261839790462	4.411313894805167	4.434045245137692	4.406899622889292	5.640631184650256	3.833105109324103	2.5361568127926324	4.802843214508291	4.7510878856668395	4.164273684855209	4.7757609208709555	4.734356672778052	4.943261831724639
TEFM	7.0	100.0	4.219507705176107	4.430646191446303	4.448912594762186	4.720338606308637	5.585662537376637	4.499466122372971	5.9007798939362734	5.810343477589679	5.385357165944498	4.902595895501213	5.7605380414888865	5.5099315088052725	5.529011116361662
TERF1	3.0	36.0	2.70805020110221	4.392928431925803	4.995100066711573	4.730671140771732	6.1413940066016295	3.7370289083964234	4.70725702277576	4.390314332178373	4.452539744389521	4.230935929963278	4.347047454413587	4.441781462250057	4.729444912170154
TFAM	7.0	3580.0	3.091042453358316	4.430646191446303	2.6722554518992583	2.6285334616554215	3.7095772666617126	3.5049440003014296	3.4163674241555224	2.070395493359315	2.0319152929180664	2.000888256014777	2.153838369211476	3.132559550758302	2.3393595985767957
TFB1M	8.0	111.0	2.302585092994046	4.432024921552578	4.376956535906793	4.161082103439988	3.539868315988903	3.6984574384501037	3.1497026348460215	3.206759292604663	3.49764634949649	3.334673754406359	3.3098244944946593	3.376436096127078	3.1820823088140315
TFDP1	9.0	173.0	6.104793232414985	4.393056444040468	4.156420150105778	4.985262040994018	4.844103468458135	4.909795686872546	4.044461366669666	5.606693067789908	4.74481871257593	5.496513553833038	5.602925089575663	5.472544100491998	5.412740932146936
THAP11	4.0	147.0	5.393627546352362	4.45352342757584	4.323803313541813	4.228397896919565	5.929597826122073	4.564132520103572	4.299970680112639	6.015270780823657	5.988880819923365	5.575347893761817	5.962015776046284	5.660451904589472	5.867513078005798
THRAP3	3.0	131.0	4.51085950651685	4.392928431925803	4.219266601766859	4.1193206266220805	4.869108744313876	3.6368528303757692	4.176660518297126	4.728796309397618	4.716447861091656	4.255912012690535	4.721581618375945	4.885055325295372	4.738421535561889
TIMM10	4.0	110.0	7.129297548929373	4.45352342757584	4.465765404218551	5.341260532546326	6.327477674440051	5.257656881399757	6.829890032442292	9.52309629397713	8.111534516096295	9.424262152982696	9.019723609349391	6.69255730669467	8.063756051159793
TIMM8A	1.0	150.0	2.5649493574615367	4.387132863168391	4.228967064261425	4.107840647697285	4.635171137080939	4.015565155090702	4.323934259851847	4.174190759375825	4.250642790611483	4.328607179603673	4.143014166047216	3.7060253092270994	4.089389940120258
TLCD1	4.0	131.0	2.0794415416798357	4.45352342757584	4.380101049171421	3.9793321561644004	4.049955431774109	5.440090015908135	4.216027116764693	2.638083794152574	3.9208978777829664	3.4399748645214956	2.929260069882161	3.3589866566253628	3.0820184384623843
TLN1	3.0	37.0	5.87493073085203	4.392928431925803	4.792594269315677	5.006795603096368	5.358112160247138	3.9520031406153566	4.523132557488723	5.340162749834334	5.219617613211759	5.049097484272834	5.360014092354045	5.457915949426466	5.447485129837596
TM7SF2	3.0	160.0	0.0	4.392928431925803	4.212573529843753	3.3547070210212446	2.294636344986938	4.09649667355484	2.694178713695239	2.592313508672075	3.2097173308081297	2.720932864023913	2.5595413447930238	2.6272623624129805	2.9678671439871693
TMED10	8.0	175.0	6.4425401664681985	4.432024921552578	4.307505218584516	4.583539359364767	4.7672144454398095	4.226326014661454	4.249695055270434	5.1422894853282255	4.859070041734167	4.734676564864114	5.067794610637765	5.381218187357501	5.200910358686795
TMED2	7.0	77.0	5.796057750765372	4.430646191446303	4.647455606561723	4.670937042208402	5.273857575843648	4.436125875926768	4.006496506504644	4.837745963959774	5.015052116523661	4.798088378288469	4.780294056949045	4.725066650463564	5.1378486785214506
TMEM161B	1.0	59.0	6.546785410760524	4.387132863168391	4.663057610081903	4.399000157728745	2.2829362336374412	2.8351381836849527	3.865310055988789	3.976044058197976	3.9703737910679293	4.251307219453424	3.941742812921986	4.036835911210718	4.010880920827313
TMEM214	3.0	705.0	5.68697535633982	4.392928431925803	3.3799577675020034	3.510790632966923	4.367184140906433	3.320585997544981	3.3796900777557273	3.803075242299437	3.7916841295460575	3.623781036598095	3.771402552899358	3.8327945513057733	3.887726960799405
TMEM242	9.0	610.0	3.5263605246161616	4.393056444040468	3.511973941837965	4.117665947222498	3.350102847729059	2.6921996219886895	3.7959516078067583	2.977245923368529	2.9174049911184614	3.4125453059590343	2.9697775322810736	3.064511186758715	3.212831433303852
TMX2	6.0	143.0	7.132497551660044	4.413573039018873	4.28771364285544	4.852058964191933	4.704136923853325	4.242799191246478	4.731035726855985	6.31272199462206	5.886167528844238	5.497966338028642	6.288419903047972	5.434181087412577	6.106115448420341
TNRC6A	8.0	112.0	7.1308988302963465	4.432024921552578	4.389517206507263	4.293947816211184	4.362753580788506	4.5402837006002805	3.230391180198706	4.032163925735765	4.23523143964973	3.597203828893175	4.05323289190948	4.298085333081371	4.1199258416893
TP53I13	9.0	145.0	4.990432586778736	4.393056444040468	4.249821793590937	3.729011856020051	5.280688982142951	4.961666140568882	3.4620278016920416	3.574112758969077	4.345635616320836	3.5470037623263666	3.561420841806591	3.5416218531837806	3.60439028359494
TP53RK	6.0	90.0	7.300472814267799	4.413573039018873	4.496032472797796	4.37217493694799	3.5190845150652983	4.821967456736812	3.510111441374917	3.6835150756368376	3.7198332586015637	4.202368006116634	3.756211478803592	3.959235785768803	3.589533241397398
TREML2	9.0	74.0	1.0986122886681098	4.393056444040468	4.56373446363683	4.403374778616353	3.884036612701232	4.1509397895596924	3.1257408239321904	3.722932040060823	4.164842238817781	3.8730333501126073	3.7601642342562176	3.7123287554267637	3.8753097700669255
TRMT10C	8.0	105.0	3.295836866004329	4.432024921552578	4.44418313104028	4.736969278599468	4.855739422693672	4.115079545709131	2.517108366959701	4.031162772979187	3.662823054243296	4.133314001548919	4.030760389149898	4.361621900353253	3.9961869364977067
TSFM	6.0	101.0	2.833213344056216	4.413573039018873	4.463570553246771	4.2500406529461205	2.5601133911371794	3.61503623795503	2.9946275300550513	3.2722617885836875	3.461232334389759	3.569711263386795	3.2529049612974013	3.397512349360673	3.307260496698901
TUBA1C	8.0	78.0	1.3862943611198906	4.432024921552578	4.981657225358115	4.89464006849297	4.467702250332025	3.332264464049731	3.1002917737038835	3.995980993532589	3.9953054287715375	4.136582735287074	3.92029446018369	4.168588865521689	4.079860895239528
TUBE1	9.0	119.0	1.3862943611198906	4.393056444040468	4.357529543400973	4.7968648075740985	2.4996581723686573	3.9791483021119314	4.404761916467846	4.3300874187627345	4.003802886216363	4.334112024394884	4.3267934260415934	4.370710899249162	4.330019219042508
TWF1	8.0	686.0	0.6931471805599453	4.432024921552578	3.5880783986167417	3.188744924754605	5.299945636412718	3.087408365365255	2.8970303467177905	3.1377351826000015	3.8421783168324977	2.6341196382273506	3.3148283357639707	3.16265587722149	3.193647933977042
TWNK	5.0	95.0	3.332204510175204	4.444186246918705	4.537966270176557	3.9408654417618916	4.1450077534471905	3.8336047748561968	2.015930168309846	1.6960534549335953	2.0309020944249467	2.0670862849355074	1.803112220699008	4.285420091039324	1.7907594309458106
U2SURP	8.0	39.0	7.502186486602924	4.432024921552578	4.962093191311676	5.380855399294396	6.5373820509322496	3.8214502703613187	4.036911904145916	5.606590745857529	4.907658887760824	5.595247020996805	5.589404866361987	5.5677687476003666	5.340224179063871
UBE2H	4.0	97.0	5.683579767338681	4.45352342757584	4.524096258292934	4.830944868193681	4.098268230540577	4.587446205898202	5.092954726441507	4.5392194497820935	4.584505389961678	4.467498495172323	4.773468169629998	4.82110868535822	4.410813495069715
UBE2L3	6.0	129.0	6.269096283706261	4.413573039018873	4.378281426906424	3.136701125318301	6.416148914099043	4.8021988199275265	5.032161503715143	5.092586046651731	6.024514260029296	5.247717301579252	5.080775381467407	4.380171334135198	4.574522737515748
UBE2M	5.0	279.0	6.1779441140506	4.444186246918705	3.7700057102145985	3.750123216630025	1.6598150014368975	3.741290378935981	3.2549528621467934	3.0690753112072944	3.3825921680292703	3.398643450234407	3.1801937091767014	3.2360482862184954	3.097493438239792
UBE2Z	7.0	71.0	1.3862943611198906	4.430646191446303	4.64915349025082	4.02397620395287	2.4779422546305336	3.371747342664364	3.531423071585046	3.283642468551844	3.8123617644384535	3.353504419166163	3.27253880670044	3.320349579275595	3.35206782631752
UBE3C	7.0	86.0	5.231108616854587	4.430646191446303	4.542863327854013	4.381114344870609	3.6574614304532633	3.8215672303882107	3.781238291275295	3.864830430162646	3.7385534236247	4.223539703467968	3.8747472098156943	3.7794079321475818	3.5637061559024286
UBQLN4	2.0	48.0	4.204692619390966	4.391573968533688	4.821800312780533	4.848075324969912	5.677653219741047	2.950994252508409	3.034673183548014	4.863408058422334	4.787453857288247	4.423618594203938	4.8290825559231365	4.760667848020175	5.110144661432214
UBR4	9.0	73.0	5.4680601411351315	4.393056444040468	4.605057406133237	4.999906143295994	6.4993101508686175	4.418957800934483	4.99738845553161	5.4642028263057405	5.02432165599676	5.271041550299117	5.464576391390267	5.878217301523729	5.376228928317092
UBR5	8.0	105.0	5.10594547390058	4.432024921552578	4.460699251214731	3.8939808079493243	4.863612487816531	4.309100181610381	5.127958831351519	5.117644613928128	5.461165495234702	5.09738498687246	5.177406978384325	4.995249500603473	5.019622889396377
UBTF	10.0	297.0	3.6375861597263857	4.411313894805167	3.774423411521851	3.2976961641875278	2.8907690602435245	4.041425991879267	2.1378936137630653	3.6991452346038365	3.7312286944271205	3.6099842523135157	3.731908007184411	3.5562466470333614	3.3684564919317097
UFM1	10.0	44.0	4.844187086458591	4.411313894805167	4.842325379858116	4.814042177677755	6.005270795444148	4.390164368964084	4.732822720132932	6.77516786771011	6.520385756454444	6.621809974255598	6.789190027395016	6.310479489076174	6.174460361562436
UPF3A	2.0	33.0	5.288267030694535	4.391573968533688	5.027741602760491	5.055594376465772	6.2791641808760135	4.292315131349409	4.27327554602826	4.6071920444830425	4.672285862868933	4.519749103601005	4.605415611618051	4.5862515588201	4.748149292004639
UQCRB	8.0	119.0	3.784189633918261	4.432024921552578	4.39327502881863	4.836813062449495	4.671834611083991	4.391291631585119	4.227090040482863	4.383577126900746	4.2333490690925215	4.402426271336288	4.456579251069183	4.820784665768549	4.550773120720318
UQCRQ	10.0	66.0	5.0106352940962555	4.411313894805167	4.541634268681666	5.011751736774835	4.922874753670205	4.296148617854983	3.6374640722266522	4.949103574973436	4.601043050019297	5.085477394786473	5.0258886116016255	5.2796022638369315	4.918027370975226
URM1	3.0	69.0	6.9782137426306985	4.392928431925803	4.638472958487675	4.7677158872183005	4.70160970253595	5.11949456407895	4.828774423096201	5.120782203111068	5.1096297129500625	4.945567863717775	5.153515248647626	5.096413010984142	5.121746129403724
USP10	3.0	78.0	6.082218910376446	4.392928431925803	4.570112541745862	5.082784402746942	4.295363937435331	4.10518809491135	4.084850057761715	4.96507737735746	4.472501943258467	4.738332684116545	4.96747077651377	4.858837165814016	5.251725269088023
USP14	2.0	188.0	6.486160788944089	4.391573968533688	4.142497121585441	4.715506116772384	4.273464143911042	3.0634174223794632	3.508403943239682	3.8142996772083584	3.510095088114122	3.9949871290178494	3.808188298500702	4.016181140341957	3.797583036346976
USP19	10.0	122.0	2.0794415416798357	4.411313894805167	4.335653394023881	4.096109533762628	2.7929486592377457	3.4746378443822965	3.416402395995495	3.518114152848135	3.4935017419271466	3.890060351967908	3.463608437098995	3.6957096182215414	3.430449167112367
USP9X	3.0	125.0	5.170483995038151	4.392928431925803	4.28528901026005	4.620044928242727	2.791341251621829	3.1010027083788296	3.2444196452747027	3.830527830619662	3.0803088443280293	4.276054224730135	3.7863927773774186	3.886946335615688	3.770776621316739
UXS1	3.0	166.0	3.5263605246161616	4.392928431925803	4.172712049008148	4.151065914501544	4.049609725773607	4.889336771529598	2.8398937726430558	4.181469250220665	4.009649842278889	3.8094411412853697	4.176925337881475	4.159230970618968	4.283037952953028
VARS2	2.0	89.0	3.4657359027997265	4.391573968533688	4.482792578232678	4.591627203108755	4.00013159923351	4.48334375259696	3.4249884384676488	5.008440556605098	5.192171017142108	4.537271072735208	4.964224644168907	5.359479358831797	5.188375792910549
VBP1	6.0	83.0	2.8903717578961645	4.413573039018873	4.561502848532676	5.167496871751659	4.503974904334407	2.7369097143019654	4.423539602054045	4.4825409465974415	3.8212976279823874	4.538858872894137	4.507849966145538	4.799752541469419	4.522542109120512
VHL	1.0	63.0	4.1588830833596715	4.387132863168391	4.627900398610589	4.406279370209401	4.661343560527253	3.9840318398719563	2.978807489407156	4.734059704588956	4.861792380760212	4.35843997010846	4.662522681199207	4.871667926895933	4.851586305765748
VPS29	7.0	98.0	4.5217885770490405	4.430646191446303	4.51360464567711	4.703610867497244	5.399930109266717	5.926805540117571	9.95354965504141	8.119602925908609	8.658870378325165	8.082640583035548	8.32112854347227	5.393191891425297	7.375422597244283
WAC	5.0	115.0	6.583409222158765	4.444186246918705	4.359784524569556	4.249016921823888	5.5591484655489145	5.388923863989897	6.982914368337004	7.473563792794593	7.715799490114867	7.453678128474933	7.512812870038236	6.154971708964132	7.203916293684317
WBP1	1.0	56.0	1.791759469228055	4.387132863168391	4.704089626475295	4.131627714604051	3.004086830714241	3.6407848502794864	3.332449629920303	3.7379521356402985	4.398741470771005	3.692134897239416	3.774685472633215	3.775472668444545	4.077770836932082
WBP1L	7.0	121.0	1.0986122886681098	4.430646191446303	4.313524654793337	4.0275249534364015	3.2685090272129393	4.400490654282562	2.815158963694053	3.2931562426794336	3.5775430703384807	3.6581620935348385	3.2660296446013897	3.02913314015722	3.122634199835294
WDR54	4.0	246.0	1.6094379124341003	4.45352342757584	4.059890540986923	3.168265572725659	2.9230313356205193	4.264011473445428	3.1484247125255886	2.768507467122435	4.016046407053487	2.9897371064101255	2.9307232290245757	2.6705534370976567	3.0271816042862074
WDR83OS	8.0	100.0	3.6375861597263857	4.432024921552578	4.59388868830832	5.056849738158404	3.9565651207186607	4.154456314086332	3.937870109915676	4.664735900747529	3.822786601851517	4.88372880744575	4.6307412608715905	4.714519374258025	4.552382574352278
WNK1	6.0	109.0	4.68213122712422	4.413573039018873	4.432011443954783	4.415178109929732	5.3155632335629805	3.9156913712565493	4.207338307630184	4.7491350099607095	4.775866126678106	4.642913727587909	4.740323125464207	4.678325599138368	4.853786464510163
WTAP	10.0	384.0	6.8966943316227125	4.411313894805167	3.795350392909785	3.5323481851224354	5.403632771048097	4.6091470896358855	1.6728713453016268	4.302928859390927	4.190481174958424	3.6852647117405763	4.348735325110793	4.07576937215757	4.045614003035448
XPO5	8.0	164.0	5.3471075307174685	4.432024921552578	4.192174127039124	4.841598990789382	3.551974978892614	4.014878014821666	3.2412090273345937	4.655804974665811	3.7723489459040094	4.672764678371264	4.610543307740469	4.675793019665414	4.783310356548893
XRCC1	5.0	107.0	1.791759469228055	4.444186246918705	4.462275973500857	4.281988449764394	2.3306620571077272	3.2984754230812894	3.1107727960539946	3.1505507855819115	3.2401499952934345	3.50797373148039	3.067278826912963	3.2088401699169617	3.3545252321661936
XRN1	5.0	51.0	6.212606095751519	4.444186246918705	4.872059505449904	5.498114558323633	5.433749655767037	4.0695717292242835	5.165133534676666	5.525271663394902	4.886987017973568	5.181985347484044	5.495540406263066	5.605099990746651	5.738364486513261
YARS2	10.0	92.0	2.9444389791664403	4.411313894805167	4.495299181589836	3.957430138300429	3.3431338999609137	3.9315052662666967	1.2936506454509866	4.065757286803374	4.288440742207657	3.9352779256888346	4.080878452486248	4.004454046232064	3.962666865931874
YEATS2	5.0	72.0	6.839476438228843	4.444186246918705	4.6833503029727845	5.045638101776432	5.214859452291667	5.097721534871406	5.029269808080331	5.657385116306769	5.543316239325444	5.369507652216915	5.553887822403649	5.744102143994777	5.708589912242107
YPEL1	4.0	77.0	0.0	4.45352342757584	4.599797614680815	4.017641334391983	2.6041545880152537	3.3139533639898673	3.008506527147015	3.065732894587548	3.8663080918366797	3.4755360451817237	3.174049508946596	2.840639282185461	3.1945900183789258
YPEL5	6.0	75.0	4.330733340286331	4.413573039018873	4.58015625687931	4.821390537832272	4.233643528566881	3.5116445781441517	4.191477259013956	4.89892593602062	4.585763850422643	4.561615492353618	4.911628201580294	4.930350730704464	5.00359099818876
YRDC	4.0	281.0	3.4657359027997265	4.45352342757584	3.9888262565153516	4.487107330523348	3.8882566476840306	4.846000499686403	3.6373869714089033	3.9324894782036313	3.6816050346009375	4.587942389458499	3.966320121515563	3.928061472828055	3.6376599866582433
YY1	2.0	86.0	6.248042874508429	4.391573968533688	4.380926367796636	4.230491423469255	5.497203995534062	4.958984111040145	4.724879969864201	5.404062097150694	5.31071328791204	4.616079702988739	5.384835397060314	5.610912545777037	5.512642060910798
ZC3H4	10.0	71.0	6.131226489483141	4.411313894805167	4.632036833782082	4.892044050206841	5.4141300860497745	4.12275389665493	2.0655584942675658	5.282128875445903	4.923028963043728	4.839045997352902	5.32699837401385	5.243905279449461	5.387874020968454
ZDHHC7	7.0	405.0	6.364750756851911	4.430646191446303	3.7440549849560605	3.7886894515413454	2.172840831473409	4.348471957542797	3.2786505955967824	3.51177374437587	3.5212367336307553	3.5516726240685657	3.539631283383265	3.3751692091234644	3.4814830083257617
ZFP69B	9.0	283.0	0.0	4.393056444040468	3.874379926225813	3.5191275367879182	4.411061973280235	3.13196506397423	3.3937406480698193	3.36429469378026	3.819270493933706	3.5155438097588703	3.395938948053991	3.1270821225493894	3.087876208559245
ZNF100	6.0	172.0	2.0794415416798357	4.413573039018873	4.17087443608301	3.4423709075620375	4.539556288922778	3.993017572067051	3.638997433435016	4.056785716428849	4.618412944011781	3.424025472628239	4.07212919365546	3.75922604179162	4.178503637971971
ZNF133	7.0	200.0	0.6931471805599453	4.430646191446303	4.103679344180176	3.718870711861148	3.4058501243970043	3.762957451495874	2.543953657144673	2.556343497752591	2.9866719982741374	2.8618755620244407	2.526060503276296	2.578635291760388	2.849894636789255
ZNF24	3.0	49.0	2.4849066497880004	4.392928431925803	4.844039484823433	5.260750455312261	4.967418917207797	3.1010027083788296	4.509060523475284	4.655093319013321	4.725629717978695	4.802174480479261	4.719779680452353	4.580808657960005	4.5947097909733605
ZNF253	5.0	158.0	0.6931471805599453	4.444186246918705	4.210631163966519	3.4583419729227547	2.7850454703514345	3.6682264470695203	2.891403254925365	2.8319141801079315	3.6616206762459806	3.028777547718621	2.826469463431372	2.8027089465359367	2.8759579949353515
ZNF284	1.0	127.0	0.0	4.387132863168391	4.288149249962116	2.620757112993088	1.3901471574508433	3.30132219335803	2.7033101588557624	2.237934143980004	3.9381238250160626	2.809789507412064	2.2278957340439876	2.212002292651127	2.1037924607103395
ZNF292	6.0	133.0	5.6240175061873385	4.413573039018873	4.331492734496642	4.53094344892121	4.254764639777145	4.000789858311521	2.956531564931373	4.042347219653811	3.9288239896706396	4.010667701292186	4.106918400895758	4.124182624134411	4.426788784534955
ZNF317	5.0	92.0	3.6109179126442243	4.444186246918705	4.512153362364345	3.784105667994339	3.7387635746506525	3.5349309042286112	3.4068245331968776	3.8758884781960528	4.417559663343827	3.3288041239025885	3.8237279985651993	3.9255357986029433	4.18426219710921
ZNF492	4.0	101.0	1.3862943611198906	4.45352342757584	4.4680145168349465	3.2349783225945288	2.886112460331452	3.3943953298616787	3.9240902344473576	4.130573520040368	5.549402366218411	3.9383620663417576	3.84661269862283	3.732742250396306	3.7383319879471206
ZNF658	6.0	68.0	0.6931471805599453	4.413573039018873	4.632072778409287	3.423612153706542	3.8464675448703067	3.347550013239658	3.1307640538078205	3.720869243042197	4.777863772972228	4.472055946266685	3.682000229142792	2.7496890463542707	2.6844937077760065
ZNF687	5.0	112.0	2.9444389791664403	4.444186246918705	4.402639119524699	3.2494349973852046	4.231760798659935	3.885684587354253	2.795569642637482	3.1080114981419067	4.268806899509993	2.780268168687562	3.110755211147134	3.22272087237522	3.4215928941971003
ZNF706	8.0	208.0	2.302585092994046	4.432024921552578	4.024215417209327	3.3894679675196633	2.028379909674987	3.9407076668561207	2.6146024449926943	3.0867622279092	3.4056335662865336	3.348904666691271	3.0328935786866174	3.144009915826903	3.003984162272209
ZNF718	10.0	435.0	2.302585092994046	4.411313894805167	3.761280993211633	2.9780340814077055	3.0102191997620156	3.3643296025884495	2.654323020113392	3.3236956827536996	3.8653121026084523	3.2235137010327497	3.3095138206555874	3.1754780255372035	2.997915131398061
ZRANB2	4.0	54.0	3.58351893845611	4.45352342757584	4.7842778436037845	5.299314035032281	4.3257477155955515	4.475591298809712	5.01089558695003	5.781320803586865	5.016035431132261	5.027938064975746	5.684397880266158	5.739799859419835	5.851463147819592
ZRSR2	1.0	217.0	4.941642422609304	4.387132863168391	4.01888454440372	4.2035228734190735	5.848086931935411	5.010464589416392	4.080214768936933	5.453615937610046	5.619861236710629	4.900516572170219	5.469912209427828	4.959090885298627	5.510842758630108
ZW10	4.0	63.0	6.186208623900494	4.45352342757584	4.7396268839554825	5.187901757200482	3.5175210221335456	3.591346538150821	4.394057824268209	5.0550298585576865	4.7693627720992176	5.058114580885004	5.245615923837333	4.837486585251236	4.855921420501528
