analysis,target,leave_one_target_coefficient,change
molecular_support_fraction:correlation_all,AHR,-0.003256644230688341,-0.005037477364632824
molecular_support_fraction:correlation_all,AIP,0.00048734295292264355,-0.0012934901810218394
molecular_support_fraction:correlation_all,ARNT,-0.0063873638520246315,-0.008168196985969114
molecular_support_fraction:correlation_all,ASH1L,0.0015213089911557624,-0.00025952414278872064
molecular_support_fraction:correlation_all,ATF1,0.00466383778891305,0.002883004654968567
molecular_support_fraction:correlation_all,ATF6,0.0005760792227743668,-0.0012047539111701162
molecular_support_fraction:correlation_all,ATM,0.002201890747278128,0.000421057613333645
molecular_support_fraction:correlation_all,BACH1,7.68647907253596e-05,-0.0017039683432191234
molecular_support_fraction:correlation_all,BACH2,0.001352757606860367,-0.0004280755270841159
molecular_support_fraction:correlation_all,BCL6,0.0011286930357952262,-0.0006521400981492568
molecular_support_fraction:correlation_all,BIN1,0.0015297028657812756,-0.00025113026816320737
molecular_support_fraction:correlation_all,BRD7,0.003456818035535658,0.0016759849015911751
molecular_support_fraction:correlation_all,BRPF1,0.004186216276305207,0.0024053831423607244
molecular_support_fraction:correlation_all,BTAF1,0.0027420423123500973,0.0009612091784056143
molecular_support_fraction:correlation_all,BTG2,0.002990179742280376,0.001209346608335893
molecular_support_fraction:correlation_all,CBX5,0.002234224567559705,0.0004533914336152219
molecular_support_fraction:correlation_all,CEBPB,0.0009513518096821959,-0.0008294813242622871
molecular_support_fraction:correlation_all,CHD4,0.0024045158239504264,0.0006236826900059434
molecular_support_fraction:correlation_all,CIITA,0.001933752575948946,0.00015291944200446304
molecular_support_fraction:correlation_all,CLOCK,0.009160348742308472,0.007379515608363989
molecular_support_fraction:correlation_all,CNBP,0.001207565879699576,-0.000573267254244907
molecular_support_fraction:correlation_all,CREB1,-0.0024627357443254595,-0.0042435688782699425
molecular_support_fraction:correlation_all,CREBBP,0.002932432363666828,0.001151599229722345
molecular_support_fraction:correlation_all,CREG1,0.0016514511429988159,-0.00012938199094566713
molecular_support_fraction:correlation_all,CREM,0.0014590172939292403,-0.00032181584001524273
molecular_support_fraction:correlation_all,CUX1,0.0003299985469357881,-0.001450834587008695
molecular_support_fraction:correlation_all,DDIT3,0.0013718143534131293,-0.00040901878053135367
molecular_support_fraction:correlation_all,DEK,-0.0013100993572050836,-0.0030909324911495666
molecular_support_fraction:correlation_all,DNMT3A,0.0010468778275708468,-0.0007339553063736362
molecular_support_fraction:correlation_all,DR1,0.0015121616218103703,-0.00026867151213411274
molecular_support_fraction:correlation_all,E2F3,0.0019375588178850121,0.00015672568394052913
molecular_support_fraction:correlation_all,E2F5,0.001628114526270933,-0.00015271860767354997
molecular_support_fraction:correlation_all,E2F7,0.0026188044601494053,0.0008379713262049223
molecular_support_fraction:correlation_all,EAF1,0.0018332056007893584,5.237246684487544e-05
molecular_support_fraction:correlation_all,EGR1,0.002272275502451955,0.0004914423685074719
molecular_support_fraction:correlation_all,EGR2,0.0024337131065371217,0.0006528799725926387
molecular_support_fraction:correlation_all,EGR3,0.0017684096130396228,-1.2423520904860166e-05
molecular_support_fraction:correlation_all,EHMT2,0.0013052023123670594,-0.0004756308215774236
molecular_support_fraction:correlation_all,EIF2AK2,0.003423622147814512,0.0016427890138700288
molecular_support_fraction:correlation_all,EIF4EBP1,0.0023525469772948315,0.0005717138433503485
molecular_support_fraction:correlation_all,ELF4,0.0030751025375104187,0.0012942694035659357
molecular_support_fraction:correlation_all,ELK1,0.0004262670395645575,-0.0013545660943799255
molecular_support_fraction:correlation_all,ELK3,0.0021582931962141234,0.00037746006226964043
molecular_support_fraction:correlation_all,ELK4,0.006572120565720955,0.004791287431776472
molecular_support_fraction:correlation_all,EP300,0.0012784918554552445,-0.0005023412784892385
molecular_support_fraction:correlation_all,EPAS1,0.001843215006031896,6.238187208741294e-05
molecular_support_fraction:correlation_all,ESRRA,0.0005838095492483666,-0.0011970235846961164
molecular_support_fraction:correlation_all,ETS2,0.004185442290557686,0.0024046091566132027
molecular_support_fraction:correlation_all,ETV3,0.0020344709445702077,0.00025363781062572466
molecular_support_fraction:correlation_all,ETV6,0.0011217392499417288,-0.0006590938840027542
molecular_support_fraction:correlation_all,FOS,-0.0016683796534061879,-0.003449212787350671
molecular_support_fraction:correlation_all,FOSL2,0.0027130201930060504,0.0009321870590615674
molecular_support_fraction:correlation_all,FOXK2,0.0020758493815237478,0.00029501624757926476
molecular_support_fraction:correlation_all,FOXO4,0.0006556926489304869,-0.0011251404850139961
molecular_support_fraction:correlation_all,FOXP3,0.0011627196048020674,-0.0006181135291424156
molecular_support_fraction:correlation_all,FUBP1,0.0017323590012664342,-4.847413267804884e-05
molecular_support_fraction:correlation_all,FUS,0.0020852698181508655,0.00030443668420638247
molecular_support_fraction:correlation_all,GATA3,-0.007726336906402438,-0.00950717004034692
molecular_support_fraction:correlation_all,GTF2A1,0.0025159612715195973,0.0007351281375751143
molecular_support_fraction:correlation_all,GTF2I,0.003207995847509998,0.0014271627135655149
molecular_support_fraction:correlation_all,HBP1,0.0025428137361534027,0.0007619806022089197
molecular_support_fraction:correlation_all,HDAC1,0.0024364939408984803,0.0006556608069539973
molecular_support_fraction:correlation_all,HDAC2,-0.001101386319167303,-0.002882219453111786
molecular_support_fraction:correlation_all,HDAC5,0.0010001765548806815,-0.0007806565790638015
molecular_support_fraction:correlation_all,HEXIM1,0.001510435906393678,-0.00027039722755080493
molecular_support_fraction:correlation_all,HIC1,0.0018124583203826695,3.162518643818647e-05
molecular_support_fraction:correlation_all,HIPK2,0.0018314018902619283,5.056875631744527e-05
molecular_support_fraction:correlation_all,HLTF,0.0016691637684546944,-0.00011166936548978861
molecular_support_fraction:correlation_all,HMG20B,0.001718144677758892,-6.268845618559102e-05
molecular_support_fraction:correlation_all,HMGB2,0.0009803168795724116,-0.0008005162543720714
molecular_support_fraction:correlation_all,HMGN1,0.0013212423121594288,-0.00045959082178505424
molecular_support_fraction:correlation_all,HNRNPD,0.00108475943658848,-0.000696073697356003
molecular_support_fraction:correlation_all,HSF2,0.003290386883886957,0.0015095537499424739
molecular_support_fraction:correlation_all,HSF4,0.0017827480237126558,1.9148897681727645e-06
molecular_support_fraction:correlation_all,HTATIP2,-0.000509051624556953,-0.002289884758501436
molecular_support_fraction:correlation_all,ID3,0.0020662906191046887,0.00028545748516020566
molecular_support_fraction:correlation_all,IFI16,0.0009316061542086838,-0.0008492269797357992
molecular_support_fraction:correlation_all,IKBKB,0.002136716967354525,0.0003558838334100419
molecular_support_fraction:correlation_all,IKZF1,0.0016789047123046096,-0.00010192842163987345
molecular_support_fraction:correlation_all,ING4,0.0017086693795535929,-7.216375439089012e-05
molecular_support_fraction:correlation_all,INSM1,0.0007485016706942228,-0.0010323314632502602
molecular_support_fraction:correlation_all,IRF4,0.003202375553434748,0.001421542419490265
molecular_support_fraction:correlation_all,IRF7,0.0005850704346727145,-0.0011957626992717685
molecular_support_fraction:correlation_all,JUNB,0.005107172563687718,0.003326339429743235
molecular_support_fraction:correlation_all,JUND,0.003930018683958201,0.0021491855500137182
molecular_support_fraction:correlation_all,KAT2B,0.001449197711757954,-0.00033163542218652906
molecular_support_fraction:correlation_all,KDM4B,0.0014022103885945447,-0.00037862274534993835
molecular_support_fraction:correlation_all,KDM4C,0.002618750147854897,0.0008379170139104141
molecular_support_fraction:correlation_all,KLF11,0.002070266568562405,0.0002894334346179219
molecular_support_fraction:correlation_all,KLF13,0.0015431698317531928,-0.00023766330219129016
molecular_support_fraction:correlation_all,KLF2,0.0026565752553953615,0.0008757421214508785
molecular_support_fraction:correlation_all,KLF6,0.0015710167636279488,-0.0002098163703165342
molecular_support_fraction:correlation_all,KLF9,0.0014264059894158326,-0.0003544271445286504
molecular_support_fraction:correlation_all,LDB1,0.0009306971528678081,-0.0008501359810766749
molecular_support_fraction:correlation_all,LIMD1,0.0020837478733413996,0.00030291473939691657
molecular_support_fraction:correlation_all,MAF,0.002020706266613506,0.00023987313266902316
molecular_support_fraction:correlation_all,MAL,0.00384452606476934,0.002063692930824857
molecular_support_fraction:correlation_all,MAML1,0.002354594264202911,0.0005737611302584281
molecular_support_fraction:correlation_all,MAX,0.006719577347998431,0.004938744214053948
molecular_support_fraction:correlation_all,MED15,0.0026788459803024564,0.0008980128463579734
molecular_support_fraction:correlation_all,MED23,0.002057469493187098,0.00027663635924261507
molecular_support_fraction:correlation_all,MEF2D,0.0022010199169477784,0.00042018678300329536
molecular_support_fraction:correlation_all,MTA1,0.004949242874916174,0.0031684097409716908
molecular_support_fraction:correlation_all,MXD4,0.00047132242660435746,-0.0013095107073401255
molecular_support_fraction:correlation_all,MXI1,0.0013781717329730755,-0.00040266140097140746
molecular_support_fraction:correlation_all,MYB,0.0011512653880647056,-0.0006295677458797774
molecular_support_fraction:correlation_all,MYBL1,0.002827237067832309,0.001046403933887826
molecular_support_fraction:correlation_all,NAB2,0.0017142481315029386,-6.658500244154444e-05
molecular_support_fraction:correlation_all,NCOA1,0.0008554908172119808,-0.0009253423167325022
molecular_support_fraction:correlation_all,NCOA6,0.002397425993489549,0.0006165928595450662
molecular_support_fraction:correlation_all,NF1,0.0016810080322411849,-9.982510170329813e-05
molecular_support_fraction:correlation_all,NFATC3,0.0017483488659491755,-3.248426799530753e-05
molecular_support_fraction:correlation_all,NFKB1,0.02381579891456176,0.022034965780617276
molecular_support_fraction:correlation_all,NFKB2,0.0014108644325040044,-0.00036996870144047865
molecular_support_fraction:correlation_all,NFKBIA,0.0019495049872885195,0.0001686718533440365
molecular_support_fraction:correlation_all,NFRKB,0.0024604331438637106,0.0006796000099192276
molecular_support_fraction:correlation_all,NONO,0.0012112659464483984,-0.0005695671874960846
molecular_support_fraction:correlation_all,NR1H2,-0.005345068953115154,-0.007125902087059637
molecular_support_fraction:correlation_all,NR2C2,0.0016448010359544664,-0.00013603209799001661
molecular_support_fraction:correlation_all,NR3C1,0.0014677569999879594,-0.00031307613395652363
molecular_support_fraction:correlation_all,NR4A3,0.0019347024850471812,0.00015386935110269818
molecular_support_fraction:correlation_all,PCBD1,-0.0003112652696344517,-0.0020920984035789347
molecular_support_fraction:correlation_all,PER2,0.0016252160235838038,-0.00015561711036067918
molecular_support_fraction:correlation_all,PHF8,0.0011582805648218172,-0.0006225525691226658
molecular_support_fraction:correlation_all,PIAS1,0.001129805094839266,-0.000651028039105217
molecular_support_fraction:correlation_all,PIAS2,0.0016866900637659,-9.414307017858309e-05
molecular_support_fraction:correlation_all,PIR,0.002160407281825944,0.0003795741478814611
molecular_support_fraction:correlation_all,PKNOX1,0.0016928767473110302,-8.795638663345283e-05
molecular_support_fraction:correlation_all,POU2AF1,0.00237247320443738,0.0005916400704928972
molecular_support_fraction:correlation_all,POU2F2,0.0010955291270574145,-0.0006853040068870685
molecular_support_fraction:correlation_all,PPARA,0.0016966016816629247,-8.423145228155828e-05
molecular_support_fraction:correlation_all,PURA,0.0018732732585535006,9.24401246090176e-05
molecular_support_fraction:correlation_all,RARG,0.0010530856345177132,-0.0007277474994267698
molecular_support_fraction:correlation_all,RB1,0.002201100407274772,0.00042026727333028917
molecular_support_fraction:correlation_all,RBL2,0.0010387609067502857,-0.0007420722271941974
molecular_support_fraction:correlation_all,RBPJ,0.0015984964518399106,-0.00018233668210457243
molecular_support_fraction:correlation_all,REL,0.0023431925540040987,0.0005623594200596157
molecular_support_fraction:correlation_all,RELA,-0.00820183402453882,-0.009982667158483303
molecular_support_fraction:correlation_all,RELB,0.0010125216416224606,-0.0007683114923220224
molecular_support_fraction:correlation_all,REPIN1,0.0019058882805931682,0.00012505514664868517
molecular_support_fraction:correlation_all,RFX1,0.0017202115631812145,-6.062157076326853e-05
molecular_support_fraction:correlation_all,RFX5,0.002070574997172182,0.000289741863227699
molecular_support_fraction:correlation_all,RREB1,0.0015936996691341826,-0.0001871334648103004
molecular_support_fraction:correlation_all,RUNX3,0.0017217756181403688,-5.905751580411421e-05
molecular_support_fraction:correlation_all,SAMD9L,0.0018266155555818533,4.578242163737027e-05
molecular_support_fraction:correlation_all,SCAND1,0.0015887205898618417,-0.00019211254408264128
molecular_support_fraction:correlation_all,SEC14L2,0.001505619812435098,-0.00027521332150938493
molecular_support_fraction:correlation_all,SIN3A,0.0028068539347337693,0.0010260208007892863
molecular_support_fraction:correlation_all,SIRT3,0.0018228155947617643,4.198246081728134e-05
molecular_support_fraction:correlation_all,SKI,0.00024373316695426757,-0.0015370999669902154
molecular_support_fraction:correlation_all,SKIL,0.0020300822711390235,0.00024924913719454045
molecular_support_fraction:correlation_all,SLA2,0.001512939866167927,-0.0002678932677765561
molecular_support_fraction:correlation_all,SMAD1,0.0018748379916800045,9.400485773552146e-05
molecular_support_fraction:correlation_all,SMAD3,0.0016881134643186822,-9.271966962580078e-05
molecular_support_fraction:correlation_all,SMAD4,-0.0008462285998426331,-0.002627061733787116
molecular_support_fraction:correlation_all,SMURF2,0.002491693096568325,0.0007108599626238421
molecular_support_fraction:correlation_all,SP1,0.0030804476438567457,0.0012996145099122627
molecular_support_fraction:correlation_all,SP3,0.0010387513967491033,-0.0007420817371953797
molecular_support_fraction:correlation_all,SP4,0.0013312172864003748,-0.00044961584754410824
molecular_support_fraction:correlation_all,SREBF2,0.0012434884528983135,-0.0005373446810461695
molecular_support_fraction:correlation_all,STAT1,0.009238761886488407,0.007457928752543924
molecular_support_fraction:correlation_all,STAT2,-4.1643924257593265e-05,-0.0018224770582020763
molecular_support_fraction:correlation_all,STAT5A,0.0020139846631659873,0.0002331515292215043
molecular_support_fraction:correlation_all,STAT6,0.0010429768169488516,-0.0007378563169956314
molecular_support_fraction:correlation_all,TBC1D22A,0.0017147349833489187,-6.609815059556434e-05
molecular_support_fraction:correlation_all,TBPL1,0.0026028999298482987,0.0008220667959038157
molecular_support_fraction:correlation_all,TCF3,0.002312560039111145,0.0005317269051666618
molecular_support_fraction:correlation_all,TCF7,0.0024357629350797733,0.0006549298011352903
molecular_support_fraction:correlation_all,TCFL5,0.0020118891199885774,0.00023105598604409444
molecular_support_fraction:correlation_all,TFAP4,0.0018566322047808264,7.57990708363434e-05
molecular_support_fraction:correlation_all,TFCP2,0.001280056973841032,-0.000500776160103451
molecular_support_fraction:correlation_all,TOP2B,0.0030202201224762224,0.0012393869885317394
molecular_support_fraction:correlation_all,TP53BP1,0.0018766651889964448,9.583205505196181e-05
molecular_support_fraction:correlation_all,TRERF1,0.0009285815609222058,-0.0008522515730222772
molecular_support_fraction:correlation_all,TRIB3,0.0005726697928790086,-0.0012081633410654744
molecular_support_fraction:correlation_all,TRIM22,0.002424939782447651,0.000644106648503168
molecular_support_fraction:correlation_all,TRIM25,0.000985771855521532,-0.000795061278422951
molecular_support_fraction:correlation_all,TRPS1,0.001643474095422823,-0.0001373590385216599
molecular_support_fraction:correlation_all,TSC22D3,0.0017767921544097499,-4.040979534733133e-06
molecular_support_fraction:correlation_all,VDR,0.0005334883287708876,-0.0012473448051735954
molecular_support_fraction:correlation_all,VEZF1,0.0032773848273758626,0.0014965516934313796
molecular_support_fraction:correlation_all,VHL,0.0019129505133186082,0.00013211737937412517
molecular_support_fraction:correlation_all,XBP1,0.001547504631448992,-0.00023332850249549106
molecular_support_fraction:correlation_all,YY1,0.0018140010678084195,3.316793386393645e-05
molecular_support_fraction:correlation_all,ZBTB5,0.0017889034571170227,8.070323172539723e-06
molecular_support_fraction:correlation_all,ZBTB7A,0.0015846882538251231,-0.00019614488011935986
molecular_support_fraction:correlation_all,ZEB1,0.003584132568260184,0.001803299434315701
molecular_support_fraction:correlation_all,ZFP36,0.0012149578495162638,-0.0005658752844282192
molecular_support_fraction:correlation_all,ZNF148,0.0094980698047626,0.007717236670818117
molecular_support_fraction:correlation_all,ZNF202,-0.0015847201322952333,-0.0033655532662397163
molecular_support_fraction:correlation_all,ZNF224,0.002637952650078071,0.0008571195161335881
molecular_support_fraction:correlation_all,ZNF350,0.0015702227372579869,-0.00021061039668649612
molecular_support_fraction:correlation_all,ZNF354C,0.0018736034258549882,9.277029191050515e-05
molecular_support_fraction:correlation_all,ZNF444,-0.00045545534281000825,-0.0022362884767544913
molecular_support_fraction:correlation_all,ZNF76,0.000451692446716008,-0.001329140687228475
molecular_any_fraction:correlation_all,AHR,-0.01987867246204039,0.00037848643650626596
molecular_any_fraction:correlation_all,AIP,-0.020034741925474758,0.00022241697307189695
molecular_any_fraction:correlation_all,ARNT,-0.020402413311221945,-0.00014525441267529068
molecular_any_fraction:correlation_all,ASH1L,-0.01962523644095968,0.0006319224575869753
molecular_any_fraction:correlation_all,ATF1,-0.017893042485325212,0.0023641164132214426
molecular_any_fraction:correlation_all,ATF6,-0.02047553706591508,-0.00021837816736842638
molecular_any_fraction:correlation_all,ATM,-0.019885899131713382,0.00037125976683327275
molecular_any_fraction:correlation_all,BACH1,-0.020596264110551387,-0.0003391052120047325
molecular_any_fraction:correlation_all,BACH2,-0.019755678808773644,0.0005014800897730105
molecular_any_fraction:correlation_all,BCL6,-0.02018040659647827,7.675230206838357e-05
molecular_any_fraction:correlation_all,BIN1,-0.020138780919171657,0.00011837797937499714
molecular_any_fraction:correlation_all,BRD7,-0.02026728101908097,-1.0122120534316464e-05
molecular_any_fraction:correlation_all,BRPF1,-0.020330725097344796,-7.356619879814175e-05
molecular_any_fraction:correlation_all,BTAF1,-0.020271385131372346,-1.4226232825691881e-05
molecular_any_fraction:correlation_all,BTG2,-0.022058374716818187,-0.0018012158182715322
molecular_any_fraction:correlation_all,CBX5,-0.02039916648446806,-0.0001420075859214047
molecular_any_fraction:correlation_all,CEBPB,-0.020645728382232796,-0.00038856948368614155
molecular_any_fraction:correlation_all,CHD4,-0.02004966968839459,0.0002074892101520641
molecular_any_fraction:correlation_all,CIITA,-0.019798343637664476,0.0004588152608821783
molecular_any_fraction:correlation_all,CLOCK,-0.018520780512391144,0.0017363783861555106
molecular_any_fraction:correlation_all,CNBP,-0.020162924130668183,9.423476787847121e-05
molecular_any_fraction:correlation_all,CREB1,-0.020798628919202887,-0.0005414700206562324
molecular_any_fraction:correlation_all,CREBBP,-0.01980216406742646,0.00045499483112019373
molecular_any_fraction:correlation_all,CREG1,-0.020753625467873103,-0.0004964665693264481
molecular_any_fraction:correlation_all,CREM,-0.022296281014303716,-0.002039122115757061
molecular_any_fraction:correlation_all,CUX1,-0.01963536118220536,0.0006217977163412956
molecular_any_fraction:correlation_all,DDIT3,-0.021692010388560536,-0.001434851490013881
molecular_any_fraction:correlation_all,DEK,-0.021577344476687865,-0.00132018557814121
molecular_any_fraction:correlation_all,DNMT3A,-0.020041054203768,0.00021610469477865296
molecular_any_fraction:correlation_all,DR1,-0.02023442778994529,2.273110860136554e-05
molecular_any_fraction:correlation_all,E2F3,-0.020439937275209957,-0.00018277837666330274
molecular_any_fraction:correlation_all,E2F5,-0.021061029885420315,-0.0008038709868736608
molecular_any_fraction:correlation_all,E2F7,-0.02171784242317476,-0.0014606835246281057
molecular_any_fraction:correlation_all,EAF1,-0.01662919802545028,0.003627960873096376
molecular_any_fraction:correlation_all,EGR1,-0.0209077735988518,-0.0006506147003051445
molecular_any_fraction:correlation_all,EGR2,-0.0203705443603613,-0.00011338546181464612
molecular_any_fraction:correlation_all,EGR3,-0.019478502045600317,0.0007786568529463377
molecular_any_fraction:correlation_all,EHMT2,-0.0198827622550681,0.0003743966434785542
molecular_any_fraction:correlation_all,EIF2AK2,-0.019807504701256046,0.0004496541972906082
molecular_any_fraction:correlation_all,EIF4EBP1,-0.021252685865659277,-0.0009955269671126227
molecular_any_fraction:correlation_all,ELF4,-0.02062096731661122,-0.0003638084180645658
molecular_any_fraction:correlation_all,ELK1,-0.01902244032571433,0.001234718572832326
molecular_any_fraction:correlation_all,ELK3,-0.01974747892824583,0.0005096799703008248
molecular_any_fraction:correlation_all,ELK4,-0.02126491862807557,-0.0010077597295289169
molecular_any_fraction:correlation_all,EP300,-0.019965990876601614,0.0002911680219450409
molecular_any_fraction:correlation_all,EPAS1,-0.020343134834667157,-8.597593612050258e-05
molecular_any_fraction:correlation_all,ESRRA,-0.019786582038339568,0.00047057686020708644
molecular_any_fraction:correlation_all,ETS2,-0.01721178896584549,0.0030453699327011655
molecular_any_fraction:correlation_all,ETV3,-0.020503368852455985,-0.0002462099539093307
molecular_any_fraction:correlation_all,ETV6,-0.02126503939804275,-0.0010078804994960965
molecular_any_fraction:correlation_all,FOS,-0.02081011389937937,-0.0005529550008327166
molecular_any_fraction:correlation_all,FOSL2,-0.020487451762597444,-0.00023029286405078925
molecular_any_fraction:correlation_all,FOXK2,-0.019825524031289763,0.0004316348672568915
molecular_any_fraction:correlation_all,FOXO4,-0.01892518014787061,0.0013319787506760432
molecular_any_fraction:correlation_all,FOXP3,-0.02109571097204625,-0.0008385520734995947
molecular_any_fraction:correlation_all,FUBP1,-0.020313737094604017,-5.657819605736289e-05
molecular_any_fraction:correlation_all,FUS,-0.020763983785374314,-0.0005068248868276594
molecular_any_fraction:correlation_all,GATA3,-0.020439102455703607,-0.0001819435571569529
molecular_any_fraction:correlation_all,GTF2A1,-0.020630452522676437,-0.0003732936241297828
molecular_any_fraction:correlation_all,GTF2I,-0.019888571804827598,0.0003685870937190569
molecular_any_fraction:correlation_all,HBP1,-0.019398710746346894,0.000858448152199761
molecular_any_fraction:correlation_all,HDAC1,-0.020117416475259435,0.0001397424232872195
molecular_any_fraction:correlation_all,HDAC2,-0.024233384194995364,-0.003976225296448709
molecular_any_fraction:correlation_all,HDAC5,-0.019858494195540834,0.0003986647030058202
molecular_any_fraction:correlation_all,HEXIM1,-0.02023049682126277,2.6662077283884367e-05
molecular_any_fraction:correlation_all,HIC1,-0.02023304532563882,2.4113572907834974e-05
molecular_any_fraction:correlation_all,HIPK2,-0.020071965149945577,0.00018519374860107712
molecular_any_fraction:correlation_all,HLTF,-0.021412687099152755,-0.0011555282006061006
molecular_any_fraction:correlation_all,HMG20B,-0.02026520479794024,-8.045899393585576e-06
molecular_any_fraction:correlation_all,HMGB2,-0.020641776985133743,-0.00038461808658708796
molecular_any_fraction:correlation_all,HMGN1,-0.020314693037430158,-5.7534138883503366e-05
molecular_any_fraction:correlation_all,HNRNPD,-0.02021743826636422,3.9720632182434906e-05
molecular_any_fraction:correlation_all,HSF2,-0.021671490357763504,-0.0014143314592168499
molecular_any_fraction:correlation_all,HSF4,-0.02025741293897285,-2.540404261952567e-07
molecular_any_fraction:correlation_all,HTATIP2,-0.01746806027133904,0.002789098627207616
molecular_any_fraction:correlation_all,ID3,-0.021228787490524537,-0.0009716285919778821
molecular_any_fraction:correlation_all,IFI16,-0.020723819980091755,-0.0004666610815451007
molecular_any_fraction:correlation_all,IKBKB,-0.020449177541257964,-0.00019201864271130992
molecular_any_fraction:correlation_all,IKZF1,-0.02040616266163122,-0.000149003763084566
molecular_any_fraction:correlation_all,ING4,-0.02041330904008755,-0.00015615014154089432
molecular_any_fraction:correlation_all,INSM1,-0.019165077300690364,0.0010920815978562905
molecular_any_fraction:correlation_all,IRF4,-0.019478398877540774,0.0007787600210058809
molecular_any_fraction:correlation_all,IRF7,-0.02104121738061336,-0.0007840584820667067
molecular_any_fraction:correlation_all,JUNB,-0.019833237581846037,0.00042392131670061783
molecular_any_fraction:correlation_all,JUND,-0.020608653141802734,-0.0003514942432560793
molecular_any_fraction:correlation_all,KAT2B,-0.0200184153122671,0.00023874358627955575
molecular_any_fraction:correlation_all,KDM4B,-0.020607307126289692,-0.00035014822774303775
molecular_any_fraction:correlation_all,KDM4C,-0.01878542688015631,0.0014717320183903447
molecular_any_fraction:correlation_all,KLF11,-0.019921933249106218,0.00033522564944043695
molecular_any_fraction:correlation_all,KLF13,-0.0205505109822937,-0.0002933520837470442
molecular_any_fraction:correlation_all,KLF2,-0.019666976976329274,0.000590181922217381
molecular_any_fraction:correlation_all,KLF6,-0.020330951015393006,-7.379211684635165e-05
molecular_any_fraction:correlation_all,KLF9,-0.020299243733043808,-4.2084834497153195e-05
molecular_any_fraction:correlation_all,LDB1,-0.021553308333508183,-0.0012961494349615285
molecular_any_fraction:correlation_all,LIMD1,-0.020820520756965204,-0.0005633618584185499
molecular_any_fraction:correlation_all,MAF,-0.020271301584053995,-1.4142685507340103e-05
molecular_any_fraction:correlation_all,MAL,-0.017969585568773712,0.0022875733297729427
molecular_any_fraction:correlation_all,MAML1,-0.019037627632336414,0.0012195312662102407
molecular_any_fraction:correlation_all,MAX,-0.020513372186695578,-0.00025621328814892305
molecular_any_fraction:correlation_all,MED15,-0.020149342485608516,0.0001078164129381387
molecular_any_fraction:correlation_all,MED23,-0.021231869978863553,-0.0009747110803168986
molecular_any_fraction:correlation_all,MEF2D,-0.0203362647085872,-7.910581004054451e-05
molecular_any_fraction:correlation_all,MTA1,-0.021672826070009116,-0.0014156671714624612
molecular_any_fraction:correlation_all,MXD4,-0.018688532417648757,0.001568626480897898
molecular_any_fraction:correlation_all,MXI1,-0.019984617209655952,0.00027254168889070257
molecular_any_fraction:correlation_all,MYB,-0.020292355203103428,-3.519630455677339e-05
molecular_any_fraction:correlation_all,MYBL1,-0.01846236396740054,0.001794794931146114
molecular_any_fraction:correlation_all,NAB2,-0.020188367302896165,6.879159565048934e-05
molecular_any_fraction:correlation_all,NCOA1,-0.020479306548187123,-0.00022214764964046882
molecular_any_fraction:correlation_all,NCOA6,-0.020663960017533626,-0.00040680111898697136
molecular_any_fraction:correlation_all,NF1,-0.020360129368711465,-0.0001029704701648107
molecular_any_fraction:correlation_all,NFATC3,-0.020301406493296186,-4.4247594749531605e-05
molecular_any_fraction:correlation_all,NFKB1,-0.019982210033725835,0.0002749488648208197
molecular_any_fraction:correlation_all,NFKB2,-0.020302461713536703,-4.530281499004821e-05
molecular_any_fraction:correlation_all,NFKBIA,-0.019859846362003556,0.0003973125365430985
molecular_any_fraction:correlation_all,NFRKB,-0.02024483962667039,1.2319271876264776e-05
molecular_any_fraction:correlation_all,NONO,-0.020276022293308254,-1.8863394761599317e-05
molecular_any_fraction:correlation_all,NR1H2,-0.021301624428691608,-0.0010444655301449536
molecular_any_fraction:correlation_all,NR2C2,-0.020202439723299586,5.471917524706854e-05
molecular_any_fraction:correlation_all,NR3C1,-0.019821916812595167,0.00043524208595148786
molecular_any_fraction:correlation_all,NR4A3,-0.020433845483338924,-0.00017668658479226898
molecular_any_fraction:correlation_all,PCBD1,-0.020164302929458672,9.28559690879828e-05
molecular_any_fraction:correlation_all,PER2,-0.020796045602791115,-0.0005388867042444602
molecular_any_fraction:correlation_all,PHF8,-0.02001419185596953,0.00024296704257712604
molecular_any_fraction:correlation_all,PIAS1,-0.019899646088084286,0.00035751281046236816
molecular_any_fraction:correlation_all,PIAS2,-0.019707510060298,0.0005496488382486543
molecular_any_fraction:correlation_all,PIR,-0.019471131501493516,0.0007860273970531385
molecular_any_fraction:correlation_all,PKNOX1,-0.02022126656211055,3.5892336436103844e-05
molecular_any_fraction:correlation_all,POU2AF1,-0.018898853556293883,0.0013583053422527719
molecular_any_fraction:correlation_all,POU2F2,-0.02090275335189218,-0.0006455944533455271
molecular_any_fraction:correlation_all,PPARA,-0.02027763942862117,-2.0480530074515335e-05
molecular_any_fraction:correlation_all,PURA,-0.021710328786331567,-0.0014531698877849122
molecular_any_fraction:correlation_all,RARG,-0.020251746938152577,5.41196039407707e-06
molecular_any_fraction:correlation_all,RB1,-0.02109646989420087,-0.0008393109956542147
molecular_any_fraction:correlation_all,RBL2,-0.019640281533611734,0.0006168773649349209
molecular_any_fraction:correlation_all,RBPJ,-0.020336684241516273,-7.952534296961841e-05
molecular_any_fraction:correlation_all,REL,-0.02057658976341873,-0.00031943086487207575
molecular_any_fraction:correlation_all,RELA,-0.020722472012860076,-0.00046531311431342176
molecular_any_fraction:correlation_all,RELB,-0.0194940259727861,0.0007631329257605547
molecular_any_fraction:correlation_all,REPIN1,-0.020253278154940123,3.880743606531761e-06
molecular_any_fraction:correlation_all,RFX1,-0.020294382167786607,-3.722326923995267e-05
molecular_any_fraction:correlation_all,RFX5,-0.019782139027023513,0.000475019871523142
molecular_any_fraction:correlation_all,RREB1,-0.020296654486490078,-3.9495587943423616e-05
molecular_any_fraction:correlation_all,RUNX3,-0.020248323034282034,8.83586426462038e-06
molecular_any_fraction:correlation_all,SAMD9L,-0.02125069837929886,-0.000993539480752207
molecular_any_fraction:correlation_all,SCAND1,-0.019103890724446484,0.0011532681741001707
molecular_any_fraction:correlation_all,SEC14L2,-0.020062822769997577,0.00019433612854907745
molecular_any_fraction:correlation_all,SIN3A,-0.020594961789636865,-0.0003378028910902102
molecular_any_fraction:correlation_all,SIRT3,-0.019405289104741246,0.0008518697938054084
molecular_any_fraction:correlation_all,SKI,-0.023589609668338105,-0.00333245076979145
molecular_any_fraction:correlation_all,SKIL,-0.021028857948362983,-0.0007716990498163288
molecular_any_fraction:correlation_all,SLA2,-0.021118033722134208,-0.0008608748235875534
molecular_any_fraction:correlation_all,SMAD1,-0.020642580494828325,-0.00038542159628167025
molecular_any_fraction:correlation_all,SMAD3,-0.020807681115824716,-0.0005505222172780613
molecular_any_fraction:correlation_all,SMAD4,-0.021346202980976194,-0.0010890440824295397
molecular_any_fraction:correlation_all,SMURF2,-0.02114057906758124,-0.0008834201690345843
molecular_any_fraction:correlation_all,SP1,-0.02021161465924005,4.554423930660384e-05
molecular_any_fraction:correlation_all,SP3,-0.020319470518982474,-6.23116204358197e-05
molecular_any_fraction:correlation_all,SP4,-0.020274453703915174,-1.7294805368519434e-05
molecular_any_fraction:correlation_all,SREBF2,-0.020433699205695408,-0.00017654030714875368
molecular_any_fraction:correlation_all,STAT1,-0.020004334182856943,0.00025282471568971107
molecular_any_fraction:correlation_all,STAT2,-0.02108044601415956,-0.0008232871156129071
molecular_any_fraction:correlation_all,STAT5A,-0.020943756288675956,-0.000686597390129301
molecular_any_fraction:correlation_all,STAT6,-0.020087578196107302,0.00016958070243935225
molecular_any_fraction:correlation_all,TBC1D22A,-0.020304982604242728,-4.7823705696073415e-05
molecular_any_fraction:correlation_all,TBPL1,-0.02017759106682921,7.956783171744405e-05
molecular_any_fraction:correlation_all,TCF3,-0.02119054177403206,-0.0009333828754854064
molecular_any_fraction:correlation_all,TCF7,-0.020245310397539497,1.1848501007157702e-05
molecular_any_fraction:correlation_all,TCFL5,-0.02021721990698195,3.993899156470512e-05
molecular_any_fraction:correlation_all,TFAP4,-0.02040158576386086,-0.0001444268653142053
molecular_any_fraction:correlation_all,TFCP2,-0.02037485168822792,-0.00011769278968126393
molecular_any_fraction:correlation_all,TOP2B,-0.020267733698417813,-1.0574799871158197e-05
molecular_any_fraction:correlation_all,TP53BP1,-0.020375543056384726,-0.00011838415783807163
molecular_any_fraction:correlation_all,TRERF1,-0.01997241190095644,0.0002847469975902142
molecular_any_fraction:correlation_all,TRIB3,-0.01906928173604796,0.0011878771624986954
molecular_any_fraction:correlation_all,TRIM22,-0.01976422915795109,0.0004929297405955636
molecular_any_fraction:correlation_all,TRIM25,-0.020131698348823293,0.00012546054972336143
molecular_any_fraction:correlation_all,TRPS1,-0.020121638673788744,0.00013552022475791028
molecular_any_fraction:correlation_all,TSC22D3,-0.020449520281263296,-0.00019236138271664163
molecular_any_fraction:correlation_all,VDR,-0.019068901927218176,0.001188256971328478
molecular_any_fraction:correlation_all,VEZF1,-0.01975283242848294,0.000504326470063713
molecular_any_fraction:correlation_all,VHL,-0.020195518872063802,6.164002648285233e-05
molecular_any_fraction:correlation_all,XBP1,-0.020110040645828175,0.00014711825271847973
molecular_any_fraction:correlation_all,YY1,-0.02026281913003947,-5.660231492815582e-06
molecular_any_fraction:correlation_all,ZBTB5,-0.020859178599239116,-0.0006020197006924612
molecular_any_fraction:correlation_all,ZBTB7A,-0.02031595531191025,-5.879641336359667e-05
molecular_any_fraction:correlation_all,ZEB1,-0.019497331220933212,0.0007598276776134422
molecular_any_fraction:correlation_all,ZFP36,-0.018996932483609202,0.0012602264149374522
molecular_any_fraction:correlation_all,ZNF148,-0.02087224042747656,-0.0006150815289299068
molecular_any_fraction:correlation_all,ZNF202,-0.02041824472718829,-0.00016108582864163626
molecular_any_fraction:correlation_all,ZNF224,-0.019610673438010588,0.0006464854605360663
molecular_any_fraction:correlation_all,ZNF350,-0.019068344150198237,0.0011888147483484178
molecular_any_fraction:correlation_all,ZNF354C,-0.021108797605983623,-0.0008516387074369684
molecular_any_fraction:correlation_all,ZNF444,-0.02013362173258436,0.00012353716596229594
molecular_any_fraction:correlation_all,ZNF76,-0.01924128729958735,0.0010158715989593038
paired_cis_count,AACS,0.9134626894347156,-5.697293269946169e-05
paired_cis_count,AAGAB,0.9136980158597742,0.0001783534923590624
paired_cis_count,AAK1,0.9135519169916895,3.2254624274363763e-05
paired_cis_count,AAMDC,0.9173225191493392,0.0038028567819240466
paired_cis_count,AASDH,0.913478973614784,-4.068875263107952e-05
paired_cis_count,ABCA5,0.9135944596482934,7.479728087833593e-05
paired_cis_count,ABCB8,0.9135215698611954,1.907493780262115e-06
paired_cis_count,ABCC1,0.9131750046681925,-0.0003446576992226502
paired_cis_count,ABCC4,0.9134364575516807,-8.320481573442784e-05
paired_cis_count,ABCC5,0.9133628018910305,-0.00015686047638463485
paired_cis_count,ABCD4,0.9159191379686936,0.0023994756012785112
paired_cis_count,ABCF3,0.9141098070725623,0.0005901447051471775
paired_cis_count,ABHD10,0.9135289127004441,9.250333029009461e-06
paired_cis_count,ABHD11,0.9137302791059986,0.00021061673858346897
paired_cis_count,ABHD12,0.9145252369715199,0.0010055746041047753
paired_cis_count,ABHD13,0.913333923814835,-0.00018573855258008365
paired_cis_count,ABHD14A,0.9135644280868529,4.4765719437789286e-05
paired_cis_count,ABHD14B,0.9135163816073418,-3.2807600732764897e-06
paired_cis_count,ABHD16A,0.9135514874205333,3.182505311816186e-05
paired_cis_count,ABHD17B,0.9135850607184923,6.539835107721714e-05
paired_cis_count,ABHD18,0.9137808362209698,0.00026117385355473033
paired_cis_count,ABHD2,0.9135505951560456,3.093278863053328e-05
paired_cis_count,ABHD3,0.9135221083728702,2.4460054550701216e-06
paired_cis_count,ABHD4,0.9135266838531974,7.021485782243708e-06
paired_cis_count,ABHD5,0.9138291258372946,0.0003094634698794785
paired_cis_count,ABHD6,0.9137413983824446,0.00022173601502950557
paired_cis_count,ABI1,0.9142524317212813,0.0007327693538662361
paired_cis_count,ABI2,0.9129839068001406,-0.0005357555672744763
paired_cis_count,ABL1,0.9136889159414561,0.00016925357404096175
paired_cis_count,ABL2,0.9136222318812709,0.00010256951385578805
paired_cis_count,ABLIM1,0.913224488883155,-0.0002951734842601139
paired_cis_count,ABRAXAS1,0.9135437901573331,2.4127789918004794e-05
paired_cis_count,ABRAXAS2,0.9127114347943064,-0.0008082275731087218
paired_cis_count,ABTB1,0.913592654863251,7.299249583592182e-05
paired_cis_count,ABTB2,0.9135917128312703,7.205046385516667e-05
paired_cis_count,ACAA1,0.9139220398898875,0.000402377522472408
paired_cis_count,ACAA2,0.913621497264453,0.00010183489703785575
paired_cis_count,ACACA,0.9135812737129106,6.161134549553804e-05
paired_cis_count,ACAD10,0.9135562246503842,3.656228296911035e-05
paired_cis_count,ACAD11,0.9135894922660726,6.982989865744749e-05
paired_cis_count,ACAD8,0.9135273648921002,7.702524685071488e-06
paired_cis_count,ACAD9,0.91320849192321,-0.0003111704442051444
paired_cis_count,ACADM,0.9135312329925812,1.1570625166101856e-05
paired_cis_count,ACADSB,0.9135053051372919,-1.4357230123218656e-05
paired_cis_count,ACADVL,0.9137930389295956,0.0002733765621805162
paired_cis_count,ACAP1,0.9136353045772994,0.000115642209884248
paired_cis_count,ACAP3,0.9142542385792688,0.000734576211853688
paired_cis_count,ACAT1,0.9135538718675172,3.420950010213364e-05
paired_cis_count,ACAT2,0.9135275213425175,7.858975102359445e-06
paired_cis_count,ACBD3,0.913513312788916,-6.349578499098563e-06
paired_cis_count,ACBD5,0.9134924443141023,-2.7218053312849655e-05
paired_cis_count,ACBD6,0.9138581277563516,0.0003384653889364486
paired_cis_count,ACER3,0.913567036144451,4.737377703589729e-05
paired_cis_count,ACKR3,0.9135321556058527,1.2493238437549792e-05
paired_cis_count,ACLY,0.9129006228798779,-0.0006190394875371652
paired_cis_count,ACO1,0.9135331070551045,1.3444687689379009e-05
paired_cis_count,ACOT13,0.9135386163819532,1.895401453810841e-05
paired_cis_count,ACOT4,0.9135312059112878,1.1543543872671869e-05
paired_cis_count,ACOT7,0.9076506977982016,-0.005868964569213486
paired_cis_count,ACOT8,0.9134896216012118,-3.0040766203276448e-05
paired_cis_count,ACOX1,0.9133554082821779,-0.0001642540852372365
paired_cis_count,ACOX3,0.9138914861470295,0.0003718237796144219
paired_cis_count,ACP1,0.913401454909194,-0.00011820745822110901
paired_cis_count,ACP2,0.9134057817371026,-0.00011388063031247952
paired_cis_count,ACP5,0.9134398457355952,-7.981663181988452e-05
paired_cis_count,ACP6,0.913591074005008,7.141163759294411e-05
paired_cis_count,ACSF2,0.913493486286454,-2.6176080961115566e-05
paired_cis_count,ACSF3,0.9135938161176553,7.415375024022453e-05
paired_cis_count,ACSL1,0.9135452720459311,2.5609678515947643e-05
paired_cis_count,ACSL3,0.9135657567343135,4.609436689839708e-05
paired_cis_count,ACSL4,0.9141591752892362,0.0006395129218210727
paired_cis_count,ACSL5,0.9136238041744329,0.00010414180701778797
paired_cis_count,ACSS1,0.9135517143103861,3.205194297095648e-05
paired_cis_count,ACSS2,0.9133434437563948,-0.0001762186110203512
paired_cis_count,ACTA2,0.9135947571150078,7.509474759270773e-05
paired_cis_count,ACTB,0.9130940691662686,-0.00042559320114654575
paired_cis_count,ACTN4,0.9144488327698251,0.0009291704024100289
paired_cis_count,ACTR1A,0.9136076868867814,8.802451936629208e-05
paired_cis_count,ACTR1B,0.9134222076462709,-9.745472114419673e-05
paired_cis_count,ACTR2,0.9135957700358605,7.610766844534655e-05
paired_cis_count,ACTR3,0.9139040968031089,0.0003844344356938034
paired_cis_count,ACTR5,0.9135003029925984,-1.935937481667427e-05
paired_cis_count,ACVR1B,0.9134981851330045,-2.1477234410594015e-05
paired_cis_count,ACVR2A,0.9133367627700899,-0.00018289959732520344
paired_cis_count,ACY1,0.9134975411145043,-2.212125291078948e-05
paired_cis_count,ADA,0.9131908408672014,-0.00032882150021373846
paired_cis_count,ADAM15,0.913557983615149,3.832124773384127e-05
paired_cis_count,ADAM17,0.9136430055748047,0.00012334320738960347
paired_cis_count,ADAM8,0.9134846321515298,-3.50302158853566e-05
paired_cis_count,ADAM9,0.9135584712206755,3.880885326035255e-05
paired_cis_count,ADAMTS10,0.9135146114379356,-5.050929479555322e-06
paired_cis_count,ADARB1,0.9135005297692619,-1.9132598153226432e-05
paired_cis_count,ADAT1,0.9135707746680092,5.111230059406946e-05
paired_cis_count,ADAT2,0.9136826662887404,0.00016300392132528874
paired_cis_count,ADCK2,0.912845373335939,-0.0006742890314761496
paired_cis_count,ADCK5,0.9136690965299448,0.00014943416252966024
paired_cis_count,ADCY1,0.9135478238480349,2.8161480619792734e-05
paired_cis_count,ADCY3,0.9135192598305462,-4.0253686894864416e-07
paired_cis_count,ADCY7,0.9135673575320464,4.769516463132284e-05
paired_cis_count,ADCY9,0.9136519454888934,0.0001322831214782827
paired_cis_count,ADD1,0.9146835248205125,0.0011638624530974084
paired_cis_count,ADD2,0.9134540779870322,-6.558438038295478e-05
paired_cis_count,ADGRA3,0.9135222370649931,2.5746975780283066e-06
paired_cis_count,ADGRE5,0.9135260386700955,6.376302680410895e-06
paired_cis_count,ADGRG1,0.91341541099702,-0.00010425137039515864
paired_cis_count,ADGRG5,0.9101652416829308,-0.003354420684484327
paired_cis_count,ADH5,0.9135562917735398,3.662940612469967e-05
paired_cis_count,ADI1,0.9141758440627199,0.0006561816953047916
paired_cis_count,ADIPOR1,0.913570719243748,5.105687633288891e-05
paired_cis_count,ADIPOR2,0.9163197122656507,0.002800049898235568
paired_cis_count,ADK,0.9135170767247437,-2.585642671415478e-06
paired_cis_count,ADM,0.9135542676519535,3.4605284538358205e-05
paired_cis_count,ADNP,0.9137026419639276,0.00018297959651247808
paired_cis_count,ADNP2,0.9134920649542638,-2.759741315128128e-05
paired_cis_count,ADORA2A,0.9143296892448456,0.0008100268774304809
paired_cis_count,ADPRH,0.913835558851369,0.0003158964839539147
paired_cis_count,ADPRM,0.9134669302383559,-5.2732129059207544e-05
paired_cis_count,ADRB2,0.9135247442572981,5.081889883018498e-06
paired_cis_count,ADRM1,0.9076130768757296,-0.005906585491685545
paired_cis_count,ADTRP,0.9141234693686024,0.0006038070011873398
paired_cis_count,AEN,0.913596246998546,7.658463113091596e-05
paired_cis_count,AES,0.91351758693624,-2.075431175141418e-06
paired_cis_count,AFAP1L2,0.9136176544544404,9.799208702532258e-05
paired_cis_count,AFDN,0.9135710349358966,5.13725684815336e-05
paired_cis_count,AFF1,0.9136608097900495,0.00014114742263438007
paired_cis_count,AFF4,0.9144645598701167,0.0009448975027015472
paired_cis_count,AFTPH,0.9140696441007332,0.0005499817333181056
paired_cis_count,AGA,0.9134102419817992,-0.00010942038561589928
paired_cis_count,AGAP2,0.9129342222495569,-0.0005854401178582158
paired_cis_count,AGAP3,0.9135342485554389,1.4586188023746338e-05
paired_cis_count,AGER,0.9137561802439852,0.00023651787657008594
paired_cis_count,AGFG2,0.9135341203318057,1.445796439059066e-05
paired_cis_count,AGGF1,0.9135275564360272,7.894068612124272e-06
paired_cis_count,AGK,0.9134373901859913,-8.227218142375925e-05
paired_cis_count,AGL,0.9135194489415268,-2.134258882957596e-07
paired_cis_count,AGMAT,0.9136796026525108,0.00015994028509569436
paired_cis_count,AGO3,0.9134946792373154,-2.4983130099687223e-05
paired_cis_count,AGPAT5,0.913592369984395,7.270761697986128e-05
paired_cis_count,AGRN,0.9136008802183508,8.121785093573308e-05
paired_cis_count,AGTPBP1,0.9134962609386814,-2.3401428733693663e-05
paired_cis_count,AGTRAP,0.9135399920269012,2.0329659486062468e-05
paired_cis_count,AHDC1,0.9136255210490378,0.00010585868162271694
paired_cis_count,AHI1,0.9135702670069135,5.060463949835281e-05
paired_cis_count,AHR,0.9136446703230089,0.00012500795559378108
paired_cis_count,AHRR,0.9141840625730729,0.0006644002056578335
paired_cis_count,AHSA1,0.913593041260684,7.33788932688606e-05
paired_cis_count,AIF1,0.9134750457488608,-4.461661855426069e-05
paired_cis_count,AIFM1,0.9134920343996911,-2.762796772404208e-05
paired_cis_count,AIFM2,0.9134897669259374,-2.9895441477689744e-05
paired_cis_count,AIG1,0.9135149176075118,-4.744759903307916e-06
paired_cis_count,AIM2,0.9135360181140605,1.6355746645380087e-05
paired_cis_count,AIMP1,0.9135821080729764,6.244570556124263e-05
paired_cis_count,AIMP2,0.9135067724569884,-1.2889910426694406e-05
paired_cis_count,AIP,0.9115555644668352,-0.001964097900579942
paired_cis_count,AK1,0.9135194158929147,-2.464745003649682e-07
paired_cis_count,AK3,0.9134343409259409,-8.532144147421761e-05
paired_cis_count,AK4,0.9135913771567287,7.171478931355946e-05
paired_cis_count,AK9,0.9135228542692213,3.1919018061987714e-06
paired_cis_count,AKAP1,0.9135103841475974,-9.278219817665523e-06
paired_cis_count,AKAP13,0.913475185696539,-4.447667087614793e-05
paired_cis_count,AKAP17A,0.9135790046381936,5.9342270778528494e-05
paired_cis_count,AKAP5,0.9135570796660338,3.741729861872489e-05
paired_cis_count,AKAP7,0.9135650383554681,4.5375988052986926e-05
paired_cis_count,AKAP8,0.9135866098843387,6.69475169235989e-05
paired_cis_count,AKAP8L,0.9134039969844828,-0.00011566538293228401
paired_cis_count,AKAP9,0.9135245393646705,4.876997255376381e-06
paired_cis_count,AKIRIN1,0.9134499492794016,-6.971308801351217e-05
paired_cis_count,AKIRIN2,0.9135020696059302,-1.7592761484941377e-05
paired_cis_count,AKNA,0.9133262953229675,-0.0001933670444476121
paired_cis_count,AKR1A1,0.9120953575416674,-0.0014243048257477353
paired_cis_count,AKR1B1,0.9134565699180581,-6.309244935698288e-05
paired_cis_count,AKR1C3,0.9136021844901909,8.252212277581883e-05
paired_cis_count,AKR7A2,0.9134356559914486,-8.400637596650551e-05
paired_cis_count,AKT1,0.9134897669309379,-2.989543647724524e-05
paired_cis_count,AKT1S1,0.9136568996442374,0.00013723727682224407
paired_cis_count,AKT2,0.9137390898316907,0.00021942746427561222
paired_cis_count,AKTIP,0.9136294858763472,0.00010982350893207204
paired_cis_count,ALCAM,0.9135603119042502,4.0649536835135613e-05
paired_cis_count,ALDH16A1,0.9130974136703163,-0.00042224869709883706
paired_cis_count,ALDH18A1,0.9112482597254832,-0.00227140264193193
paired_cis_count,ALDH1B1,0.9135039777724809,-1.568459493417329e-05
paired_cis_count,ALDH3A2,0.913517904376823,-1.7579905920994676e-06
paired_cis_count,ALDH5A1,0.9135481219035262,2.8459536111080652e-05
paired_cis_count,ALDH9A1,0.913708853405442,0.0001891910380268369
paired_cis_count,ALG12,0.9123526673220239,-0.0011669950453911948
paired_cis_count,ALG2,0.9131295299745184,-0.00039013239289675816
paired_cis_count,ALG3,0.9134848070316445,-3.485533577063382e-05
paired_cis_count,ALG5,0.9127914066943684,-0.0007282556730466849
paired_cis_count,ALG6,0.9134964195396795,-2.3242827735581173e-05
paired_cis_count,ALG8,0.9134686580846533,-5.100428276183511e-05
paired_cis_count,ALG9,0.914789987839517,0.0012703254721019297
paired_cis_count,ALKBH3,0.9135202512813799,5.889139648163066e-07
paired_cis_count,ALKBH4,0.9132122020917071,-0.0003074602757080491
paired_cis_count,ALKBH5,0.9134818623091965,-3.780005821862886e-05
paired_cis_count,ALKBH6,0.9147489502442777,0.0012292878768626059
paired_cis_count,ALKBH7,0.9140144280606087,0.0004947656931936217
paired_cis_count,ALKBH8,0.9136228177458141,0.00010315537839900024
paired_cis_count,ALMS1,0.9151210439610125,0.0016013815935973508
paired_cis_count,ALOX5AP,0.913472190229587,-4.7472137828075134e-05
paired_cis_count,ALS2,0.913387251605605,-0.00013241076181014222
paired_cis_count,AMBRA1,0.9135968178073027,7.715543988762175e-05
paired_cis_count,AMER1,0.9137681571443377,0.0002484947769225698
paired_cis_count,AMFR,0.9138920458241268,0.00037238345671164463
paired_cis_count,AMN1,0.9135682608051795,4.85984377643911e-05
paired_cis_count,AMPD2,0.9134921807476285,-2.7481619786606792e-05
paired_cis_count,AMPD3,0.9136308183672551,0.000111155999840018
paired_cis_count,AMZ2,0.9135150404453922,-4.621922022884917e-06
paired_cis_count,ANAPC15,0.9134916094825738,-2.8052884841311965e-05
paired_cis_count,ANAPC16,0.913533241487832,1.3579120416884471e-05
paired_cis_count,ANAPC7,0.9133476283737574,-0.00017203399365772754
paired_cis_count,ANGEL1,0.9134951734625095,-2.4488904905584086e-05
paired_cis_count,ANGEL2,0.9135501452909605,3.048292354534965e-05
paired_cis_count,ANGPTL6,0.9135582912788983,3.862891148320724e-05
paired_cis_count,ANK3,0.9136003996734192,8.073730600410833e-05
paired_cis_count,ANKDD1A,0.9136129976678456,9.33353004305415e-05
paired_cis_count,ANKEF1,0.9134979683250185,-2.1694042396602775e-05
paired_cis_count,ANKFY1,0.9135165213122978,-3.1410551173394197e-06
paired_cis_count,ANKH,0.9135693417028199,4.96793354047842e-05
paired_cis_count,ANKLE1,0.9135291850921872,9.522724772059732e-06
paired_cis_count,ANKMY1,0.9138569746852568,0.00033731231784173143
paired_cis_count,ANKMY2,0.9136256436964147,0.00010598132899963808
paired_cis_count,ANKRD11,0.913527433792827,7.771425411862154e-06
paired_cis_count,ANKRD12,0.9134198493310198,-9.981303639527983e-05
paired_cis_count,ANKRD13A,0.9135478169605478,2.8154593132656558e-05
paired_cis_count,ANKRD13B,0.9136239993743889,0.0001043370069737648
paired_cis_count,ANKRD13C,0.9138115778473456,0.0002919154799304602
paired_cis_count,ANKRD16,0.9139030455338404,0.00038338316642527737
paired_cis_count,ANKRD26,0.9137081281505455,0.00018846578313036488
paired_cis_count,ANKRD27,0.9131991297211564,-0.0003205326462587532
paired_cis_count,ANKRD28,0.9135033395636548,-1.6322803760293603e-05
paired_cis_count,ANKRD33B,0.9135133929558589,-6.269411556236726e-06
paired_cis_count,ANKRD36,0.9135383699230418,1.8707555626717998e-05
paired_cis_count,ANKRD37,0.9153679516285437,0.0018482892611285662
paired_cis_count,ANKRD40,0.9148736073208975,0.0013539449534824
paired_cis_count,ANKRD46,0.9155429710810159,0.002023308713600791
paired_cis_count,ANKRD54,0.91363538975812,0.00011572739070486726
paired_cis_count,ANKRD55,0.9144740098181279,0.0009543474507127669
paired_cis_count,ANKRD9,0.913693216665187,0.00017355429777188291
paired_cis_count,ANO10,0.9135580923603079,3.842999289283e-05
paired_cis_count,ANO6,0.913527517326345,7.854958929853773e-06
paired_cis_count,ANO8,0.913532240861826,1.2578494410941943e-05
paired_cis_count,ANP32A,0.9137066625946837,0.00018700022726858556
paired_cis_count,ANP32B,0.9125995745182383,-0.0009200878491768538
paired_cis_count,ANP32E,0.9134767981926136,-4.286417480148241e-05
paired_cis_count,ANTXR2,0.9135545199244699,3.4857557054790433e-05
paired_cis_count,ANXA1,0.9135252470060886,5.584638673505893e-06
paired_cis_count,ANXA11,0.9135161585058669,-3.5038615482374524e-06
paired_cis_count,ANXA2R,0.9134374662406117,-8.219612680337995e-05
paired_cis_count,ANXA3,0.913612249763582,9.258739616690992e-05
paired_cis_count,ANXA4,0.9135100583127015,-9.604054713618915e-06
paired_cis_count,ANXA5,0.9134615136864428,-5.814868097231418e-05
paired_cis_count,AOAH,0.9135478862920954,2.8223924680270684e-05
paired_cis_count,AP1AR,0.9136769397025928,0.00015727733517767462
paired_cis_count,AP1B1,0.9134705406082524,-4.912175916271799e-05
paired_cis_count,AP1S1,0.9134259965840572,-9.36657833578991e-05
paired_cis_count,AP1S2,0.9133147950477405,-0.00020486731967461758
paired_cis_count,AP1S3,0.9137815777126713,0.00026191534525621396
paired_cis_count,AP2A2,0.913448480348134,-7.118201928113521e-05
paired_cis_count,AP3D1,0.914947960242772,0.0014282978753569209
paired_cis_count,AP3M1,0.913552947013154,3.3284645738929086e-05
paired_cis_count,AP3M2,0.9135112575034019,-8.404864013211721e-06
paired_cis_count,AP3S2,0.913521396067862,1.7337004468709338e-06
paired_cis_count,AP4B1,0.9134979141084958,-2.174825891931853e-05
paired_cis_count,AP5M1,0.913797450607854,0.00027778824043889205
paired_cis_count,AP5S1,0.913022036440338,-0.0004976259270771388
paired_cis_count,AP5Z1,0.9136953753102847,0.00017571294286955474
paired_cis_count,APBB1,0.9132083958643433,-0.00031126650307178316
paired_cis_count,APBB1IP,0.9121657962743482,-0.001353866093066869
paired_cis_count,APBB3,0.9135326710756749,1.30087082598207e-05
paired_cis_count,APEH,0.9130885356779219,-0.00043112668949318866
paired_cis_count,APEX1,0.9136436119126726,0.0001239495452575179
paired_cis_count,APEX2,0.9137129567207618,0.00019329435334669576
paired_cis_count,APH1B,0.9135568058074705,3.714344005534276e-05
paired_cis_count,APIP,0.9134870124646309,-3.2649902784176454e-05
paired_cis_count,APLP2,0.9135365640124239,1.6901645008782218e-05
paired_cis_count,APMAP,0.9134798304610856,-3.983190632950162e-05
paired_cis_count,APOBEC3B,0.9140542258123899,0.0005345634449748227
paired_cis_count,APOBEC3G,0.9142873711775441,0.0007677088101289975
paired_cis_count,APOBEC3H,0.913327348239928,-0.0001923141274871032
paired_cis_count,APOBR,0.9135374596585656,1.7797291150478678e-05
paired_cis_count,APOL2,0.9135932885976615,7.362623024642634e-05
paired_cis_count,APOL3,0.9134762554309495,-4.340693646565086e-05
paired_cis_count,APOO,0.9132463166132977,-0.0002733457541174156
paired_cis_count,APOOL,0.913615053651399,9.539128398383667e-05
paired_cis_count,APOPT1,0.9134679257983965,-5.1736569018578926e-05
paired_cis_count,APPBP2,0.9130693834170059,-0.00045027895040916643
paired_cis_count,APRT,0.9135149631302589,-4.69923715618048e-06
paired_cis_count,APTX,0.9135355167390166,1.5854371601453643e-05
paired_cis_count,AQP3,0.9135321958513848,1.2533483969678905e-05
paired_cis_count,ARAF,0.9135877189286333,6.805656121822157e-05
paired_cis_count,ARAP1,0.9133946453491231,-0.0001250170182920396
paired_cis_count,ARAP2,0.9154953101533786,0.0019756477859634858
paired_cis_count,ARAP3,0.9135049208841782,-1.4741483236879738e-05
paired_cis_count,ARF1,0.9142627334055091,0.000743071038094012
paired_cis_count,ARF3,0.913668895706693,0.00014923333927785443
paired_cis_count,ARF5,0.9135410929992331,2.1430631818031287e-05
paired_cis_count,ARF6,0.9132766226005458,-0.00024303976686934625
paired_cis_count,ARFGAP1,0.913232373992928,-0.00028728837448710465
paired_cis_count,ARFGAP2,0.9135584206822374,3.875831482225145e-05
paired_cis_count,ARFGAP3,0.9135793207986124,5.965843119726255e-05
paired_cis_count,ARFIP1,0.9138192323393906,0.0002995699719754441
paired_cis_count,ARFIP2,0.9135117125264145,-7.949841000609581e-06
paired_cis_count,ARG2,0.9134520741314747,-6.758823594044117e-05
paired_cis_count,ARGLU1,0.9128129699376423,-0.0007066924297728372
paired_cis_count,ARHGAP1,0.9134999287103361,-1.973365707896857e-05
paired_cis_count,ARHGAP10,0.9135684235438349,4.8761176419831465e-05
paired_cis_count,ARHGAP11A,0.9141130951409937,0.0005934327735785949
paired_cis_count,ARHGAP11B,0.9135812217100812,6.155934266605101e-05
paired_cis_count,ARHGAP12,0.9116477930530033,-0.0018718693144118559
paired_cis_count,ARHGAP15,0.9134884101511151,-3.1252216299959557e-05
paired_cis_count,ARHGAP17,0.9136260089001944,0.00010634653277930006
paired_cis_count,ARHGAP18,0.9135113636304688,-8.298736946299456e-06
paired_cis_count,ARHGAP19,0.9129925527614634,-0.0005271096059517033
paired_cis_count,ARHGAP25,0.9137141011225351,0.00019443875512004105
paired_cis_count,ARHGAP27,0.9173485046841199,0.0038288423167047725
paired_cis_count,ARHGAP30,0.9137443102176597,0.00022464785024456368
paired_cis_count,ARHGAP33,0.9135968045742122,7.714220679710948e-05
paired_cis_count,ARHGAP45,0.9135797077495104,6.00453820952529e-05
paired_cis_count,ARHGAP5,0.9134852760622022,-3.4386305212907864e-05
paired_cis_count,ARHGAP9,0.9135389663172989,1.930394988380879e-05
paired_cis_count,ARHGDIA,0.9134554214135426,-6.42409538724742e-05
paired_cis_count,ARHGDIB,0.9134775205463632,-4.2141821051888684e-05
paired_cis_count,ARHGEF12,0.9134735619542531,-4.610041316199798e-05
paired_cis_count,ARHGEF18,0.9136464600587074,0.000126797691292313
paired_cis_count,ARHGEF19,0.9135510706323519,3.140826493674975e-05
paired_cis_count,ARHGEF2,0.9135640183356102,4.435596819507559e-05
paired_cis_count,ARHGEF39,0.9135198365396426,1.741722275294677e-07
paired_cis_count,ARHGEF6,0.9134531265757222,-6.653579169291213e-05
paired_cis_count,ARHGEF7,0.9134803961938427,-3.926617357241646e-05
paired_cis_count,ARHGEF9,0.9134501214117612,-6.954095565392393e-05
paired_cis_count,ARID1B,0.9149362021728017,0.0014165398053865852
paired_cis_count,ARID2,0.9131329898057088,-0.0003866725617063249
paired_cis_count,ARID3B,0.9136727246708177,0.00015306230340261795
paired_cis_count,ARID5A,0.913494622605706,-2.503976170908917e-05
paired_cis_count,ARIH1,0.9134729579313524,-4.6704436062694477e-05
paired_cis_count,ARIH2,0.9135841107776085,6.4448410193374e-05
paired_cis_count,ARIH2OS,0.913682217662268,0.000162555294852873
paired_cis_count,ARL13B,0.9134315772476149,-8.80851198001853e-05
paired_cis_count,ARL15,0.9135515461560053,3.1883788590203466e-05
paired_cis_count,ARL16,0.9145621459149385,0.001042483547523343
paired_cis_count,ARL2BP,0.9139563836650916,0.00043672129767646783
paired_cis_count,ARL3,0.9136638670797378,0.00014420471232268195
paired_cis_count,ARL4A,0.9134644839649265,-5.5178402488587075e-05
paired_cis_count,ARL4C,0.9145771800590518,0.0010575176916366447
paired_cis_count,ARL5A,0.913540153295621,2.049092820588516e-05
paired_cis_count,ARL5B,0.9185212798503217,0.005001617482906617
paired_cis_count,ARL6,0.9161528407830424,0.0026331784156272686
paired_cis_count,ARL6IP1,0.913566654050481,4.6991683065877865e-05
paired_cis_count,ARL6IP4,0.9134943221933836,-2.5340174031551754e-05
paired_cis_count,ARL6IP5,0.9135920526692526,7.239030183747719e-05
paired_cis_count,ARL6IP6,0.9150100894779032,0.0014904271104880795
paired_cis_count,ARL8A,0.9135623832798067,4.2720912391547294e-05
paired_cis_count,ARL8B,0.9134262417203179,-9.342064709716436e-05
paired_cis_count,ARMC1,0.913529227266878,9.564899462910503e-06
paired_cis_count,ARMC10,0.9146795936121229,0.0011599312447078125
paired_cis_count,ARMC8,0.9141815555613327,0.0006618931939176287
paired_cis_count,ARMCX3,0.913457441304622,-6.222106279307749e-05
paired_cis_count,ARMCX5,0.913543915428506,2.425306109088421e-05
paired_cis_count,ARMCX6,0.9134525776144232,-6.70847529918861e-05
paired_cis_count,ARMH3,0.9134680838452329,-5.157852218218295e-05
paired_cis_count,ARMT1,0.9136657152792956,0.00014605291188052316
paired_cis_count,ARNT,0.9136483405116703,0.00012867814425521207
paired_cis_count,ARNTL,0.9131206455657727,-0.0003990168016424489
paired_cis_count,ARNTL2,0.914153024920959,0.0006333625535438481
paired_cis_count,ARPC1A,0.9135707898849957,5.112751758062917e-05
paired_cis_count,ARPC1B,0.9150102521120816,0.0014905897446665373
paired_cis_count,ARPC5,0.9137884641250105,0.0002688017575953605
paired_cis_count,ARRB1,0.9135741999288617,5.4537561446577065e-05
paired_cis_count,ARRDC2,0.9135963224581252,7.666009071005675e-05
paired_cis_count,ARRDC3,0.913530741237516,1.1078870100877936e-05
paired_cis_count,ARSA,0.9137520701633006,0.0002324077958855142
paired_cis_count,ARSG,0.9135289356989144,9.273331499248805e-06
paired_cis_count,ARV1,0.91358705624144,6.739387402487917e-05
paired_cis_count,ASAH1,0.9136288322151209,0.0001091698477058145
paired_cis_count,ASB1,0.912580185597871,-0.0009394767695440898
paired_cis_count,ASB13,0.9134214857993082,-9.817656810695574e-05
paired_cis_count,ASB3,0.9135156930297995,-3.9693376155947035e-06
paired_cis_count,ASB8,0.9135400043348817,2.034196746658612e-05
paired_cis_count,ASCC1,0.9135237936503414,4.131282926311819e-06
paired_cis_count,ASF1A,0.9135314229093674,1.176054195228815e-05
paired_cis_count,ASH1L,0.9130897560701702,-0.0004299062972449308
paired_cis_count,ASIC1,0.9135099366817038,-9.725685711337029e-06
paired_cis_count,ASL,0.9134899768208251,-2.9685546589997003e-05
paired_cis_count,ASMTL,0.9135124025196686,-7.259847746521331e-06
paired_cis_count,ASPHD2,0.9134697675349982,-4.989483241690795e-05
paired_cis_count,ASPM,0.9134331990744937,-8.646329292139043e-05
paired_cis_count,ASPSCR1,0.9136847466419751,0.00016508427455996788
paired_cis_count,ASTE1,0.9135638981752843,4.4235807869164034e-05
paired_cis_count,ASXL1,0.913611869129886,9.220676247090331e-05
paired_cis_count,ASXL2,0.9131144770850369,-0.0004051852823782065
paired_cis_count,ATAD1,0.9134516734189704,-6.798894844473047e-05
paired_cis_count,ATAD2,0.9136993982373245,0.00017973586990938095
paired_cis_count,ATAD2B,0.91347325853879,-4.640382862508563e-05
paired_cis_count,ATAD3A,0.9135304907358551,1.0828368440018998e-05
paired_cis_count,ATAD5,0.9135060075533008,-1.365481411430558e-05
paired_cis_count,ATAT1,0.9135287909622075,9.128594792406908e-06
paired_cis_count,ATE1,0.9139614662095562,0.00044180384214109747
paired_cis_count,ATF1,0.9133323533002857,-0.000187309067129382
paired_cis_count,ATF2,0.9135280826129912,8.420245576123975e-06
paired_cis_count,ATF6,0.913478833263257,-4.0829104158146556e-05
paired_cis_count,ATF7IP,0.9134764671328636,-4.319523455154073e-05
paired_cis_count,ATF7IP2,0.9129436674466702,-0.0005759949207448933
paired_cis_count,ATG10,0.913483007029593,-3.665533782215569e-05
paired_cis_count,ATG101,0.913538525789024,1.8863421608839026e-05
paired_cis_count,ATG12,0.9135332036644116,1.354129699648876e-05
paired_cis_count,ATG13,0.9134589698255007,-6.0692541914431075e-05
paired_cis_count,ATG16L1,0.913511968358947,-7.69400846811763e-06
paired_cis_count,ATG2B,0.9135234843229468,3.821955531724264e-06
paired_cis_count,ATG3,0.9140383472633936,0.0005186848959785051
paired_cis_count,ATG4A,0.9136136225832135,9.396021579843872e-05
paired_cis_count,ATG4B,0.9134627725874916,-5.688977992346356e-05
paired_cis_count,ATG4C,0.9135235267679401,3.864400525022127e-06
paired_cis_count,ATG4D,0.9135526930031018,3.303063568671494e-05
paired_cis_count,ATG5,0.913315198438503,-0.00020446392891215748
paired_cis_count,ATL3,0.9135402433248874,2.0580957472260408e-05
paired_cis_count,ATM,0.9136532399980826,0.00013357763066745854
paired_cis_count,ATMIN,0.9150720877821726,0.00155242541475753
paired_cis_count,ATN1,0.9135025042869783,-1.715808043678546e-05
paired_cis_count,ATOX1,0.9135238443360001,4.181968584981988e-06
paired_cis_count,ATP10A,0.9137872132423125,0.00026755087489738205
paired_cis_count,ATP10D,0.9135166199631902,-3.042404224884443e-06
paired_cis_count,ATP11A,0.913937483983448,0.00041782161603287626
paired_cis_count,ATP11C,0.9135626279946275,4.296562721239905e-05
paired_cis_count,ATP13A1,0.9135479363194348,2.827395201965288e-05
paired_cis_count,ATP13A3,0.9135904990902327,7.083672281760212e-05
paired_cis_count,ATP1B1,0.9134202943314678,-9.936803594734478e-05
paired_cis_count,ATP2A2,0.9135774400179146,5.7777650499524214e-05
paired_cis_count,ATP2A3,0.9136795894890125,0.00015992712159740297
paired_cis_count,ATP2B4,0.9128239582368967,-0.0006957041305184486
paired_cis_count,ATP2C1,0.9144106539218902,0.0008909915544751401
paired_cis_count,ATP5F1A,0.9133485766800492,-0.00017108568736590168
paired_cis_count,ATP5IF1,0.9135194979543633,-1.6441305183967359e-07
paired_cis_count,ATP5MC1,0.913606745175475,8.708280805991286e-05
paired_cis_count,ATP5MC2,0.913522410391448,2.748024032883656e-06
paired_cis_count,ATP5MC3,0.9134832873299865,-3.637503742859316e-05
paired_cis_count,ATP5ME,0.9135128637351648,-6.7986322502822105e-06
paired_cis_count,ATP5MG,0.9135996301538158,7.996778640073643e-05
paired_cis_count,ATP5PO,0.9132967592288336,-0.00022290313858153166
paired_cis_count,ATP5S,0.9135263376006911,6.675233276021153e-06
paired_cis_count,ATP6V0A1,0.9136975042237581,0.0001778418563429529
paired_cis_count,ATP6V0E1,0.9141298668315878,0.0006102044641727034
paired_cis_count,ATP6V0E2,0.9141158618755607,0.0005961995081456006
paired_cis_count,ATP6V1E2,0.913530149905374,1.0487537958847604e-05
paired_cis_count,ATP8A1,0.9136001627550357,8.050038762064116e-05
paired_cis_count,ATP8B3,0.913503737760025,-1.5924607390083168e-05
paired_cis_count,ATP8B4,0.9135296061820738,9.943814658686101e-06
paired_cis_count,ATP9A,0.9135328485104549,1.318614303980059e-05
paired_cis_count,ATP9B,0.9135190655484807,-5.968189343841246e-07
paired_cis_count,ATPAF1,0.9135989997715449,7.933740412979784e-05
paired_cis_count,ATRN,0.9135533482566798,3.3685889264667424e-05
paired_cis_count,ATRX,0.9134584893935866,-6.117297382846054e-05
paired_cis_count,ATXN1,0.9129256029569672,-0.000594059410447878
paired_cis_count,ATXN1L,0.9178251338995439,0.004305471532128791
paired_cis_count,ATXN2L,0.9118414885845421,-0.0016781737828730492
paired_cis_count,ATXN3,0.9144373371442533,0.0009176747768382398
paired_cis_count,ATXN7L1,0.9138572206766513,0.0003375583092362078
paired_cis_count,ATXN7L3,0.9122263282134018,-0.001293334154013337
paired_cis_count,ATXN7L3B,0.913493307840393,-2.635452702215435e-05
paired_cis_count,AUH,0.9134275580810187,-9.210428639638835e-05
paired_cis_count,AUP1,0.9105379164996279,-0.002981745867787211
paired_cis_count,AURKAIP1,0.9134919558687755,-2.7706498639590293e-05
paired_cis_count,AVEN,0.9135876686230494,6.800625563430085e-05
paired_cis_count,AZIN1,0.9135219203764969,2.2580090818236087e-06
paired_cis_count,B2M,0.9135256777718833,6.015404468207031e-06
paired_cis_count,B3GALNT2,0.9128185320064516,-0.0007011303609635311
paired_cis_count,B3GALT2,0.9135162025798517,-3.4597875634423403e-06
paired_cis_count,B3GALT4,0.9135243348545214,4.6724871063386075e-06
paired_cis_count,B3GAT3,0.9136530923802385,0.00013343001282339895
paired_cis_count,B3GNT2,0.9134372512239812,-8.241114343388034e-05
paired_cis_count,B3GNT5,0.9135249949442248,5.332576809680134e-06
paired_cis_count,B3GNT9,0.9135585597254965,3.889735808138006e-05
paired_cis_count,B4GALT2,0.9135454849223044,2.5822554889254334e-05
paired_cis_count,B4GALT3,0.9135501285612941,3.0466193879030712e-05
paired_cis_count,B4GALT4,0.9134513137750547,-6.834859236037882e-05
paired_cis_count,B4GALT5,0.9134939381484423,-2.5724218972844604e-05
paired_cis_count,B4GALT7,0.9134273827111166,-9.227965629854396e-05
paired_cis_count,B4GAT1,0.9135439476293956,2.4285261980505624e-05
paired_cis_count,B9D2,0.9154759455241565,0.0019562831567413452
paired_cis_count,BABAM1,0.913527316505128,7.654137712864717e-06
paired_cis_count,BABAM2,0.9135024726341,-1.7189733315103872e-05
paired_cis_count,BACH1,0.9134619874401009,-5.767492731423296e-05
paired_cis_count,BACH2,0.9121472893955826,-0.0013723729718324584
paired_cis_count,BAD,0.9134690939973913,-5.056837002381798e-05
paired_cis_count,BAG1,0.9138413645709016,0.0003217022034864847
paired_cis_count,BAG3,0.9135315491968954,1.1886829480278749e-05
paired_cis_count,BAG5,0.9140265276784214,0.0005068653110062993
paired_cis_count,BAHD1,0.9134026214034845,-0.0001170409639306147
paired_cis_count,BAK1,0.9135207189736219,1.0566062067507431e-06
paired_cis_count,BATF3,0.913505387994225,-1.4274373190126255e-05
paired_cis_count,BAZ1B,0.9143554674909192,0.0008358051235041186
paired_cis_count,BAZ2A,0.9117378608371133,-0.0017818015303018298
paired_cis_count,BBC3,0.9134770564272128,-4.260594020233377e-05
paired_cis_count,BBIP1,0.9136593392396796,0.00013967687226446035
paired_cis_count,BBS1,0.91376627088533,0.00024660851791491467
paired_cis_count,BBS10,0.9140014554737296,0.00048179310631446537
paired_cis_count,BBS2,0.9133734891395444,-0.00014617322787069398
paired_cis_count,BBS4,0.9136032596982611,8.359733084595256e-05
paired_cis_count,BBS7,0.9165471825074798,0.003027520140064688
paired_cis_count,BBS9,0.9135237145187084,4.052151293287842e-06
paired_cis_count,BBX,0.913538838517364,1.917614994884076e-05
paired_cis_count,BCAP29,0.9134093773991508,-0.0001102849682642626
paired_cis_count,BCAP31,0.913597624980856,7.796261344084066e-05
paired_cis_count,BCAS3,0.913835693682863,0.00031603131544788443
paired_cis_count,BCAS4,0.9135866063122128,6.694394479767052e-05
paired_cis_count,BCAT1,0.9132916607790003,-0.00022800158841485008
paired_cis_count,BCDIN3D,0.9138747104752654,0.0003550481078502532
paired_cis_count,BCKDK,0.9133999538240517,-0.00011970854336340597
paired_cis_count,BCL2,0.9133673570480442,-0.00015230531937093783
paired_cis_count,BCL2A1,0.9134048127161815,-0.00011484965123365054
paired_cis_count,BCL2L11,0.9135416035690123,2.194120159715318e-05
paired_cis_count,BCL2L12,0.9135532970392694,3.3634671854243514e-05
paired_cis_count,BCL2L2,0.9135194640425227,-1.9832489239757223e-07
paired_cis_count,BCL6,0.9113708744777868,-0.0021487878896283563
paired_cis_count,BCL7A,0.9135158024909871,-3.859876428036202e-06
paired_cis_count,BCL7C,0.9136765588063271,0.0001568964389120353
paired_cis_count,BCL9,0.9137068642667429,0.0001872018993277491
paired_cis_count,BCL9L,0.9134628087189167,-5.6853648498389475e-05
paired_cis_count,BCLAF1,0.9129749970334965,-0.0005446653339186147
paired_cis_count,BCOR,0.913476307448169,-4.335491924611912e-05
paired_cis_count,BCR,0.9131074114876988,-0.0004122508797163027
paired_cis_count,BCS1L,0.9135276802707992,8.017903384116565e-06
paired_cis_count,BDH1,0.9135279604995358,8.298132120665436e-06
paired_cis_count,BDH2,0.9133669104096943,-0.00015275195772079808
paired_cis_count,BEND3,0.9101944445794234,-0.0033252177879916633
paired_cis_count,BET1L,0.9135630924314745,4.343006405937988e-05
paired_cis_count,BEX3,0.9135166286713193,-3.0336960957777492e-06
paired_cis_count,BEX4,0.9133225045653941,-0.00019715780202100852
paired_cis_count,BEX5,0.9135000510937209,-1.9611273694208897e-05
paired_cis_count,BFAR,0.9134976223278677,-2.204003954742184e-05
paired_cis_count,BHLHE40,0.9135418113677273,2.2149000312166045e-05
paired_cis_count,BICD1,0.9135931793092463,7.351694183121982e-05
paired_cis_count,BICD2,0.9135948599171202,7.519754970508608e-05
paired_cis_count,BICDL1,0.9122783859279573,-0.0012412764394578168
paired_cis_count,BICRA,0.912993296456838,-0.0005263659105770868
paired_cis_count,BICRAL,0.9127509416497197,-0.0007687207176954036
paired_cis_count,BIN1,0.9135456533705242,2.5991003109071542e-05
paired_cis_count,BIN2,0.9135540257596857,3.43633922705866e-05
paired_cis_count,BIN3,0.9132431563776578,-0.0002765059897572586
paired_cis_count,BIRC2,0.9135608910399877,4.122867257261298e-05
paired_cis_count,BIRC3,0.9134587888127588,-6.08735546563377e-05
paired_cis_count,BIVM,0.9136320680424928,0.00011240567507764254
paired_cis_count,BLCAP,0.9135219692099363,2.306842521226926e-06
paired_cis_count,BLOC1S2,0.9135230602268919,3.3978594767836157e-06
paired_cis_count,BLOC1S4,0.913442359925815,-7.730244160009114e-05
paired_cis_count,BLOC1S5,0.9137195447104731,0.000199882343058011
paired_cis_count,BLOC1S6,0.9134659262957688,-5.373607164627092e-05
paired_cis_count,BLVRA,0.912928947772588,-0.0005907145948270687
paired_cis_count,BLVRB,0.9134952323039728,-2.4430063442326677e-05
paired_cis_count,BLZF1,0.9135896106669669,6.994829955175863e-05
paired_cis_count,BMF,0.913546198741391,2.653637397587172e-05
paired_cis_count,BMP1,0.913519388647864,-2.737195511359758e-07
paired_cis_count,BMPR1A,0.9135356659345008,1.6003567085642878e-05
paired_cis_count,BMT2,0.9133550884475512,-0.00016457391986390846
paired_cis_count,BNIP2,0.9142707102629541,0.0007510478955390365
paired_cis_count,BNIP3L,0.9132015146263981,-0.00031814774101701637
paired_cis_count,BOD1,0.9135111323343081,-8.530033106968204e-06
paired_cis_count,BOLA1,0.9134567488518572,-6.291351555787195e-05
paired_cis_count,BORCS7,0.9133923214287557,-0.00012734093865940377
paired_cis_count,BORCS8,0.9133268889019865,-0.000192773465428564
paired_cis_count,BPGM,0.9134900214218978,-2.9640945517273032e-05
paired_cis_count,BPHL,0.9134969162365376,-2.2746130877493442e-05
paired_cis_count,BRAF,0.9134983119036229,-2.1350463792257912e-05
paired_cis_count,BRAT1,0.9136585803669155,0.00013891799950038752
paired_cis_count,BRCC3,0.9135245871755145,4.924808099437961e-06
paired_cis_count,BRD1,0.9129352597744966,-0.000584402592918476
paired_cis_count,BRD3,0.9135133177710381,-6.3445963770503155e-06
paired_cis_count,BRD4,0.9133713854416586,-0.00014827692575647422
paired_cis_count,BRD7,0.9141243768171723,0.0006047144497571821
paired_cis_count,BRD8,0.9135484910758946,2.882870847953356e-05
paired_cis_count,BRI3BP,0.9135450344240894,2.537205667429987e-05
paired_cis_count,BRK1,0.9126565177292845,-0.0008631446381306418
paired_cis_count,BRMS1,0.914221679662261,0.0007020172948458692
paired_cis_count,BRMS1L,0.9140392529744472,0.0005195906070321055
paired_cis_count,BRPF1,0.9136317756571994,0.00011211328978433244
paired_cis_count,BRPF3,0.913901639547768,0.0003819771803529326
paired_cis_count,BRWD1,0.9123396746877046,-0.0011799876797105036
paired_cis_count,BRWD3,0.9135477760555603,2.8113688145148252e-05
paired_cis_count,BSCL2,0.9129686596206363,-0.0005510027467787726
paired_cis_count,BSDC1,0.9135967379162442,7.70755488290753e-05
paired_cis_count,BSG,0.9131127307166433,-0.00040693165077176907
paired_cis_count,BST2,0.9135284585040357,8.79613662063683e-06
paired_cis_count,BTAF1,0.9135406218623919,2.0959494976824367e-05
paired_cis_count,BTBD10,0.9135091212230384,-1.0541144376707834e-05
paired_cis_count,BTBD11,0.9136640343595879,0.00014437199217276486
paired_cis_count,BTBD19,0.9135985711244973,7.890875708216338e-05
paired_cis_count,BTBD3,0.9134842148015297,-3.5447565885360355e-05
paired_cis_count,BTBD6,0.9131658296067213,-0.0003538327606937841
paired_cis_count,BTBD8,0.9147065109964617,0.0011868486290466107
paired_cis_count,BTD,0.9134509159057774,-6.874646163768094e-05
paired_cis_count,BTF3L4,0.9135360635096634,1.6401142248323453e-05
paired_cis_count,BTG2,0.9135204547137293,7.923463142267551e-07
paired_cis_count,BTG3,0.9134844533860917,-3.5208981323364696e-05
paired_cis_count,BTN2A1,0.9123365500863391,-0.0011831122810760375
paired_cis_count,BTN2A2,0.9136489398002939,0.0001292774328788271
paired_cis_count,BTN3A2,0.9137170208004539,0.00019735843303880785
paired_cis_count,BTRC,0.9142927374574363,0.0007730750900212247
paired_cis_count,BZW1,0.9135349121446708,1.5249777255643693e-05
paired_cis_count,BZW2,0.9135545059672369,3.4843599821754445e-05
paired_cis_count,C10orf88,0.9135468598520079,2.7197484592789145e-05
paired_cis_count,C11orf21,0.913546837394217,2.717502680193995e-05
paired_cis_count,C11orf24,0.9135968104228925,7.714805547742731e-05
paired_cis_count,C11orf54,0.9050714018162476,-0.008448260551167541
paired_cis_count,C11orf58,0.9135273681796684,7.705812253289146e-06
paired_cis_count,C11orf71,0.9135469485033128,2.7286135897641728e-05
paired_cis_count,C12orf10,0.910904782936453,-0.002614879430962058
paired_cis_count,C12orf29,0.9135908205673064,7.115819989134131e-05
paired_cis_count,C12orf4,0.9135276546668671,7.992299452030949e-06
paired_cis_count,C12orf43,0.9149306596756644,0.0014109973082493399
paired_cis_count,C12orf57,0.91304382589294,-0.0004758364744751331
paired_cis_count,C12orf65,0.9135044374541489,-1.5224913266220774e-05
paired_cis_count,C12orf73,0.9134050560483286,-0.00011460631908655206
paired_cis_count,C12orf76,0.9137951625576051,0.00027550019018995897
paired_cis_count,C14orf119,0.9135330564410955,1.3394073680395024e-05
paired_cis_count,C14orf28,0.913525925834475,6.26346705989711e-06
paired_cis_count,C15orf39,0.9135051003355982,-1.4562031816933718e-05
paired_cis_count,C15orf40,0.913260526946434,-0.00025913542098110476
paired_cis_count,C15orf48,0.9136399651017418,0.00012030273432672711
paired_cis_count,C15orf53,0.9136036270900048,8.396472258964671e-05
paired_cis_count,C15orf61,0.9132653278392219,-0.0002543345281932341
paired_cis_count,C16orf45,0.9135294830813478,9.820713932739977e-06
paired_cis_count,C16orf54,0.9135453152751436,2.5652907728490604e-05
paired_cis_count,C16orf58,0.9135193065488539,-3.5581856117072874e-07
paired_cis_count,C16orf70,0.9136447151087413,0.000125052741326237
paired_cis_count,C16orf72,0.9128765149058157,-0.0006431474615994359
paired_cis_count,C16orf87,0.9132999060128412,-0.00021975635457394116
paired_cis_count,C16orf91,0.9132132318848093,-0.00030643048260581285
paired_cis_count,C16orf95,0.9140381310018063,0.0005184686343912004
paired_cis_count,C17orf58,0.9141861171893844,0.0006664548219692534
paired_cis_count,C17orf75,0.9135192712137087,-3.911537064249515e-07
paired_cis_count,C18orf25,0.9135892356102876,6.957324287248934e-05
paired_cis_count,C18orf54,0.9134885069192076,-3.115544820753158e-05
paired_cis_count,C19orf12,0.9134826956588511,-3.696670856401241e-05
paired_cis_count,C19orf24,0.913467775704359,-5.1886663056111004e-05
paired_cis_count,C19orf44,0.9145725348298457,0.0010528724624305763
paired_cis_count,C19orf53,0.9135880286795676,6.836631215245692e-05
paired_cis_count,C19orf54,0.9135807534364809,6.109106906582173e-05
paired_cis_count,C19orf66,0.9135539551875499,3.429282013478474e-05
paired_cis_count,C1GALT1,0.9138973357172144,0.00037767334979932343
paired_cis_count,C1GALT1C1,0.913518169404398,-1.4929630171023334e-06
paired_cis_count,C1QTNF6,0.913363456927135,-0.000156205440280055
paired_cis_count,C1RL,0.9130040756499238,-0.0005155867174913009
paired_cis_count,C1orf112,0.913816524251396,0.0002968618839809256
paired_cis_count,C1orf123,0.9134459426335341,-7.371973388103914e-05
paired_cis_count,C1orf162,0.9135117011840667,-7.961183348448309e-06
paired_cis_count,C1orf174,0.9135349280490275,1.526568161236419e-05
paired_cis_count,C1orf198,0.9135502589277092,3.0596560294138264e-05
paired_cis_count,C1orf21,0.914395733624915,0.0008760712574998886
paired_cis_count,C1orf216,0.9137064098538696,0.00018674748645453043
paired_cis_count,C1orf43,0.9134710253079821,-4.863705943303209e-05
paired_cis_count,C1orf52,0.913420543374804,-9.911899261105805e-05
paired_cis_count,C1orf54,0.9137190084160735,0.00019934604865834427
paired_cis_count,C1orf74,0.9138679619231799,0.0003482995557647639
paired_cis_count,C20orf27,0.9135343097073819,1.4647339966811224e-05
paired_cis_count,C20orf96,0.9133916146916681,-0.0001280476757470339
paired_cis_count,C21orf58,0.9135036407174232,-1.6021649991926346e-05
paired_cis_count,C21orf91,0.9134819305532234,-3.7731814191754864e-05
paired_cis_count,C2CD3,0.9135808428040836,6.118043666847317e-05
paired_cis_count,C2CD5,0.9138896650889904,0.0003700027215752799
paired_cis_count,C2orf42,0.9144496072406818,0.0009299448732666971
paired_cis_count,C2orf49,0.9129531035133088,-0.0005665588541062805
paired_cis_count,C2orf69,0.9135133572288445,-6.305138570583679e-06
paired_cis_count,C2orf74,0.9135524704663883,3.2808098973213795e-05
paired_cis_count,C2orf76,0.9135885543847706,6.8892017355493e-05
paired_cis_count,C3orf14,0.9135129291891768,-6.733178238294002e-06
paired_cis_count,C3orf18,0.9135300608870697,1.0398519654564176e-05
paired_cis_count,C3orf33,0.9133717596138027,-0.00014790275361242777
paired_cis_count,C3orf52,0.9136047499751245,8.508760770942203e-05
paired_cis_count,C4BPB,0.913899981809258,0.00038031944184291344
paired_cis_count,C4orf3,0.9135821729262974,6.25105588822894e-05
paired_cis_count,C4orf46,0.9136531302954687,0.00013346792805357666
paired_cis_count,C4orf47,0.9134454087107012,-7.425365671387407e-05
paired_cis_count,C4orf48,0.9135241747897253,4.512422310143371e-06
paired_cis_count,C5orf30,0.913684816580601,0.00016515421318585854
paired_cis_count,C5orf51,0.9136067537935648,8.709142614971022e-05
paired_cis_count,C6orf106,0.913491475806941,-2.8186560474097178e-05
paired_cis_count,C6orf120,0.9142609205293525,0.0007412581619373748
paired_cis_count,C6orf136,0.9135233428470323,3.680479617185206e-06
paired_cis_count,C6orf226,0.9136225540171679,0.00010289164975274545
paired_cis_count,C6orf47,0.913315712056511,-0.00020395031090414406
paired_cis_count,C6orf48,0.9138765327233703,0.0003568703559552189
paired_cis_count,C8orf33,0.913971002375536,0.0004513400081208596
paired_cis_count,C8orf76,0.9135587029080172,3.904054060210882e-05
paired_cis_count,C9orf16,0.9135172214212509,-2.4409461641949903e-06
paired_cis_count,C9orf72,0.9135334410184011,1.3778650985951657e-05
paired_cis_count,C9orf85,0.9134363315440901,-8.333082332501185e-05
paired_cis_count,CA11,0.9132875535442794,-0.0002321088231357349
paired_cis_count,CA5B,0.913651076615899,0.00013141424848384098
paired_cis_count,CA6,0.9135249037006496,5.241333234540235e-06
paired_cis_count,CAB39,0.9137497060676276,0.0002300437002125122
paired_cis_count,CACNA1I,0.9135798337479047,6.017138048963755e-05
paired_cis_count,CACNB1,0.9133232045586275,-0.0001964578087876312
paired_cis_count,CACNB3,0.91364920743852,0.00012954507110485292
paired_cis_count,CACUL1,0.9136402466869503,0.00012058431953521076
paired_cis_count,CALCOCO1,0.9135453637495762,2.5701382161069652e-05
paired_cis_count,CALCOCO2,0.9133918671999567,-0.00012779516745842212
paired_cis_count,CALD1,0.91404446289082,0.0005248005234048669
paired_cis_count,CALHM2,0.9133698885230681,-0.00014977384434700092
paired_cis_count,CALHM6,0.9132894043697055,-0.0002302579977095931
paired_cis_count,CALM1,0.9135691656008025,4.950323338737128e-05
paired_cis_count,CALM2,0.9135177589851464,-1.903382268686471e-06
paired_cis_count,CALM3,0.9145326831942231,0.0010130208268079866
paired_cis_count,CALU,0.913599764508492,8.010214107689873e-05
paired_cis_count,CAMK1D,0.9143952167940339,0.0008755544266187965
paired_cis_count,CAMK2D,0.913528979948265,9.317580849876883e-06
paired_cis_count,CAMK2G,0.9135323275051211,1.2665137706036056e-05
paired_cis_count,CAMK4,0.9134574302405875,-6.223212682765489e-05
paired_cis_count,CAMKK1,0.9140172787255242,0.0004976163581090765
paired_cis_count,CAMKMT,0.9135073453933422,-1.2316974072890119e-05
paired_cis_count,CAMTA1,0.9135019709128986,-1.7691454516466365e-05
paired_cis_count,CAND1,0.9135442231778078,2.456081039270419e-05
paired_cis_count,CANT1,0.9134966205289575,-2.3041838457582564e-05
paired_cis_count,CAPG,0.9186111195169313,0.005091457149516199
paired_cis_count,CAPN1,0.9134912913813114,-2.8370986103753992e-05
paired_cis_count,CAPN12,0.9142752184462222,0.0007555560788070625
paired_cis_count,CAPN2,0.9135138193433475,-5.843024067586633e-06
paired_cis_count,CAPN7,0.9136577170076335,0.0001380546402184324
paired_cis_count,CAPNS1,0.9134644128900116,-5.524947740354058e-05
paired_cis_count,CAPS,0.9134054382291623,-0.0001142241382527942
paired_cis_count,CAPZA2,0.9135435619061073,2.3899538692195854e-05
paired_cis_count,CARD16,0.9135104492705994,-9.213096815674504e-06
paired_cis_count,CARD19,0.9135370179483441,1.7355580928968273e-05
paired_cis_count,CARD6,0.913528592545552,8.930178136856703e-06
paired_cis_count,CARHSP1,0.9135236372611242,3.974893709068894e-06
paired_cis_count,CARM1,0.9135299363611924,1.0273993777287771e-05
paired_cis_count,CARMIL1,0.9134616430149699,-5.80193524452044e-05
paired_cis_count,CARMIL2,0.8993612419439926,-0.014158420423422524
paired_cis_count,CARNMT1,0.9135285884430762,8.92607566105319e-06
paired_cis_count,CARS2,0.9134624453058615,-5.721706155359385e-05
paired_cis_count,CASC4,0.9134836547103479,-3.600765706723852e-05
paired_cis_count,CASP10,0.9135196477811306,-1.4586284513562475e-08
paired_cis_count,CASP2,0.9133041787112538,-0.00021548365616130827
paired_cis_count,CASP3,0.9135007583329134,-1.8904034501665556e-05
paired_cis_count,CASP4,0.9132206912707492,-0.00029897109666587873
paired_cis_count,CASP6,0.9132483951910128,-0.00027126717640235665
paired_cis_count,CASP8,0.9136092619538366,8.959958642151822e-05
paired_cis_count,CASP9,0.9133501445065474,-0.00016951786086771836
paired_cis_count,CASTOR1,0.913323911131552,-0.0001957512358631286
paired_cis_count,CAT,0.9137980867907277,0.00027842442331260653
paired_cis_count,CAVIN3,0.9135482632740174,2.8600906602282983e-05
paired_cis_count,CBFA2T2,0.9135309411701757,1.1278802760639195e-05
paired_cis_count,CBL,0.9136420291376767,0.00012236677026156162
paired_cis_count,CBLB,0.9135093457194465,-1.0316647968577897e-05
paired_cis_count,CBLN3,0.9138861356798095,0.0003664733123943664
paired_cis_count,CBR3,0.9135984572812811,7.879491386597604e-05
paired_cis_count,CBS,0.9136052220279434,8.555966052825603e-05
paired_cis_count,CBX1,0.9133311206952235,-0.0001885416721916222
paired_cis_count,CBX3,0.9127166020369359,-0.0008030603304791661
paired_cis_count,CBX4,0.9132783786299263,-0.0002412837374887733
paired_cis_count,CBX5,0.9134429108125766,-7.675155483855001e-05
paired_cis_count,CBX6,0.913517187700381,-2.474667034069178e-06
paired_cis_count,CBY1,0.9135394201091311,1.9757741716031063e-05
paired_cis_count,CC2D1B,0.9134997133353153,-1.994903209978638e-05
paired_cis_count,CCAR2,0.9132832545951179,-0.0002364077722971647
paired_cis_count,CCDC102A,0.9135194170624126,-2.453050025330583e-07
paired_cis_count,CCDC106,0.9135197117477545,4.938033937307296e-08
paired_cis_count,CCDC107,0.9114566996962601,-0.002062962671155022
paired_cis_count,CCDC112,0.9135276096594653,7.947292050225485e-06
paired_cis_count,CCDC117,0.9134905639332092,-2.909843420595415e-05
paired_cis_count,CCDC124,0.9135479121182947,2.8249750879560942e-05
paired_cis_count,CCDC125,0.913494139885543,-2.5522481872153335e-05
paired_cis_count,CCDC126,0.9135560806731984,3.64183057832701e-05
paired_cis_count,CCDC127,0.9132110061010325,-0.0003086562663826564
paired_cis_count,CCDC134,0.9135530116765463,3.334930913123646e-05
paired_cis_count,CCDC138,0.9117708398985642,-0.0017488224688508858
paired_cis_count,CCDC14,0.9139728149568782,0.00045315258946310166
paired_cis_count,CCDC15,0.9135227194276209,3.0570602057578e-06
paired_cis_count,CCDC152,0.913505176274185,-1.4486093230070551e-05
paired_cis_count,CCDC159,0.9134324306583022,-8.723170911295597e-05
paired_cis_count,CCDC167,0.9139946911282165,0.0004750287608014103
paired_cis_count,CCDC171,0.9135175369421803,-2.1254252348112956e-06
paired_cis_count,CCDC18,0.9135096723176814,-9.990049733676898e-06
paired_cis_count,CCDC186,0.9135271872182509,7.5248508357717014e-06
paired_cis_count,CCDC22,0.9134732946910504,-4.636767636467809e-05
paired_cis_count,CCDC32,0.913577520064622,5.785769720689782e-05
paired_cis_count,CCDC34,0.9135915102066212,7.184783920610727e-05
paired_cis_count,CCDC43,0.9136641240871904,0.00014446171977533506
paired_cis_count,CCDC47,0.9135690066481564,4.93442807413258e-05
paired_cis_count,CCDC51,0.9123430211378936,-0.0011766412295215467
paired_cis_count,CCDC57,0.9150594455351706,0.001539783167755493
paired_cis_count,CCDC58,0.9127045843290512,-0.0008150780383638923
paired_cis_count,CCDC61,0.9135798578184371,6.019545102198265e-05
paired_cis_count,CCDC66,0.9134962699626332,-2.3392404781885645e-05
paired_cis_count,CCDC69,0.9147833615164765,0.0012636991490614369
paired_cis_count,CCDC71L,0.9135411359457608,2.147357834569874e-05
paired_cis_count,CCDC77,0.9135195260203044,-1.3634711071297545e-07
paired_cis_count,CCDC82,0.9135806087643745,6.094639695941595e-05
paired_cis_count,CCDC85B,0.9133254723229016,-0.00019419004451348698
paired_cis_count,CCDC85C,0.9134259658949592,-9.36964724559397e-05
paired_cis_count,CCDC90B,0.9135822228257183,6.256045830321799e-05
paired_cis_count,CCDC91,0.9136753720744899,0.00015570970707479148
paired_cis_count,CCDC92,0.913544096089161,2.443372174587566e-05
paired_cis_count,CCDC97,0.913537824016512,1.8161649096848365e-05
paired_cis_count,CCHCR1,0.9126670814436284,-0.0008525809237867055
paired_cis_count,CCL1,0.9134067380264523,-0.00011292434096277226
paired_cis_count,CCL28,0.913542942348837,2.3279981421930884e-05
paired_cis_count,CCL3,0.913073367723494,-0.00044629464392109686
paired_cis_count,CCL4,0.9137265131973968,0.00020685082998173066
paired_cis_count,CCL4L2,0.9131157939144703,-0.0004038684529448222
paired_cis_count,CCL5,0.9135655910040641,4.592863664898417e-05
paired_cis_count,CCM2,0.9133835722556222,-0.0001360901117929414
paired_cis_count,CCNA2,0.9122676814229227,-0.0012519809444924146
paired_cis_count,CCNB1,0.9142633372520124,0.0007436748845972563
paired_cis_count,CCNC,0.9135342383580471,1.4575990632037517e-05
paired_cis_count,CCND2,0.9134771989799746,-4.24633874405167e-05
paired_cis_count,CCND3,0.9115281047278078,-0.0019915576396073442
paired_cis_count,CCNDBP1,0.9135278173218143,8.15495439920877e-06
paired_cis_count,CCNE1,0.9135160625131955,-3.5998542196047367e-06
paired_cis_count,CCNF,0.9133154533919782,-0.00020420897543693695
paired_cis_count,CCNG1,0.9135200873768963,4.250094811641958e-07
paired_cis_count,CCNI2,0.9127082652412493,-0.000811397126165847
paired_cis_count,CCNJ,0.9150097275781925,0.001490065210777436
paired_cis_count,CCNL1,0.9136350375253403,0.00011537515792514608
paired_cis_count,CCNT2,0.9134318462869331,-8.781608048202827e-05
paired_cis_count,CCNY,0.9134863597658988,-3.330260151634956e-05
paired_cis_count,CCPG1,0.9135418799241738,2.2217556758685753e-05
paired_cis_count,CCR1,0.9135224185860514,2.756218636323915e-06
paired_cis_count,CCR2,0.9134226461740943,-9.701619332080913e-05
paired_cis_count,CCR4,0.914198096720771,0.0006784343533559056
paired_cis_count,CCR5,0.9135969748080953,7.731244068021059e-05
paired_cis_count,CCR7,0.9135429522275014,2.3289860086261882e-05
paired_cis_count,CCSER2,0.9137312280878209,0.00021156572040581523
paired_cis_count,CD109,0.9134765932536894,-4.3069113725757724e-05
paired_cis_count,CD151,0.9135793327353133,5.967036789822355e-05
paired_cis_count,CD164,0.9135306145400296,1.0952172614486777e-05
paired_cis_count,CD2,0.9135680483816533,4.8386014238177566e-05
paired_cis_count,CD200,0.9135572508619726,3.7588494557483365e-05
paired_cis_count,CD200R1,0.9134838530272309,-3.580934018421189e-05
paired_cis_count,CD22,0.9135222924570895,2.6300896743824964e-06
paired_cis_count,CD226,0.9144636419607959,0.0009439795933807726
paired_cis_count,CD247,0.9120085036677396,-0.0015111586996755522
paired_cis_count,CD27,0.9135044322325343,-1.5230134880805934e-05
paired_cis_count,CD274,0.9181049377777099,0.004585275410294742
paired_cis_count,CD28,0.9134995975687248,-2.0064798690322405e-05
paired_cis_count,CD2AP,0.9135547508595395,3.508849212441323e-05
paired_cis_count,CD300A,0.9135077198471913,-1.1942520223851005e-05
paired_cis_count,CD320,0.9135436983332477,2.4035965832558404e-05
paired_cis_count,CD37,0.9136360580461089,0.00011639567869381473
paired_cis_count,CD38,0.9135846850597188,6.502269230368452e-05
paired_cis_count,CD4,0.9134998849752635,-1.9777392151643092e-05
paired_cis_count,CD44,0.9143543827039504,0.0008347203365353106
paired_cis_count,CD46,0.9134408643164413,-7.87980509737718e-05
paired_cis_count,CD47,0.9139438463838306,0.0004241840164155297
paired_cis_count,CD48,0.9140690964152144,0.0005494340477992798
paired_cis_count,CD5,0.9135517078980102,3.2045530595103955e-05
paired_cis_count,CD52,0.913521005265054,1.342897638867413e-06
paired_cis_count,CD55,0.9135054961670397,-1.4166200375420601e-05
paired_cis_count,CD58,0.913528557794357,8.895426941935014e-06
paired_cis_count,CD6,0.9135164457214403,-3.2166459748017573e-06
paired_cis_count,CD68,0.9136845530382621,0.0001648906708470177
paired_cis_count,CD69,0.9135511362811766,3.147391376145947e-05
paired_cis_count,CD7,0.9135116857255321,-7.976641883011837e-06
paired_cis_count,CD70,0.9135190212546591,-6.41112755994655e-07
paired_cis_count,CD72,0.9136007257556342,8.106338821911585e-05
paired_cis_count,CD74,0.9134832142777989,-3.644808961622559e-05
paired_cis_count,CD79B,0.9135021941654424,-1.7468201972681285e-05
paired_cis_count,CD80,0.913495239225694,-2.442314172113047e-05
paired_cis_count,CD81,0.9135234151525998,3.7527851847185545e-06
paired_cis_count,CD83,0.9135914638913522,7.180152393704287e-05
paired_cis_count,CD86,0.9136059924977753,8.633013036019044e-05
paired_cis_count,CD9,0.9129558554657877,-0.0005638069016273839
paired_cis_count,CD96,0.9135372726303416,1.761026292645962e-05
paired_cis_count,CD99,0.9134498392923553,-6.98230750597606e-05
paired_cis_count,CDADC1,0.9136025234875529,8.286112013777824e-05
paired_cis_count,CDC14A,0.9131668419078878,-0.00035282045952733654
paired_cis_count,CDC25A,0.9135454947845991,2.5832417184012968e-05
paired_cis_count,CDC25B,0.9084372957961822,-0.005082366571232955
paired_cis_count,CDC25C,0.9136296263944294,0.00010996402701424213
paired_cis_count,CDC34,0.9135515054143459,3.184304693082396e-05
paired_cis_count,CDC37L1,0.9135290407297512,9.37836233605438e-06
paired_cis_count,CDC42BPA,0.913373107874331,-0.00014655449308409452
paired_cis_count,CDC42SE1,0.9135732233711866,5.35610037715184e-05
paired_cis_count,CDC42SE2,0.9135354059225603,1.574355514522008e-05
paired_cis_count,CDCA2,0.9125109294009344,-0.001008732966480741
paired_cis_count,CDCA3,0.9131603695732898,-0.0003592927941252766
paired_cis_count,CDCA7,0.9135113970441864,-8.26532322872886e-06
paired_cis_count,CDCA7L,0.9134870776242863,-3.258474312883841e-05
paired_cis_count,CDIP1,0.9135031282713183,-1.653409609680967e-05
paired_cis_count,CDIPT,0.9122662628973861,-0.001253399470029004
paired_cis_count,CDK13,0.9131685730044593,-0.0003510893629558032
paired_cis_count,CDK17,0.9135514266990896,3.176433167451087e-05
paired_cis_count,CDK19,0.9136986769784576,0.00017901461104252725
paired_cis_count,CDK2,0.9135945096136504,7.484724623529893e-05
paired_cis_count,CDK2AP2,0.9136317007990971,0.00011203843168194894
paired_cis_count,CDK4,0.9135152307234341,-4.431643981006594e-06
paired_cis_count,CDK5RAP1,0.9142711243921295,0.0007514620247144332
paired_cis_count,CDK5RAP2,0.9135478027501298,2.8140382714703094e-05
paired_cis_count,CDK5RAP3,0.9134450454118588,-7.461695555632808e-05
paired_cis_count,CDK6,0.9134922533137569,-2.740905365816726e-05
paired_cis_count,CDK8,0.9141199417323755,0.0006002793649604321
paired_cis_count,CDKAL1,0.9133444007336684,-0.0001752616337467039
paired_cis_count,CDKL1,0.9135415095584137,2.1847190998625088e-05
paired_cis_count,CDKN1B,0.9136527675292435,0.00013310516182840626
paired_cis_count,CDKN2A,0.913507507232859,-1.2155134556102176e-05
paired_cis_count,CDKN2AIP,0.9121907065553886,-0.0013289558120265221
paired_cis_count,CDKN2AIPNL,0.9135139153025267,-5.747064888428355e-06
paired_cis_count,CDKN2C,0.9133618862281911,-0.00015777613922396405
paired_cis_count,CDKN3,0.9134999965052348,-1.9665862180273663e-05
paired_cis_count,CDPF1,0.9135682723316959,4.860996428079911e-05
paired_cis_count,CDR2,0.9135135430735761,-6.1192938389798e-06
paired_cis_count,CDRT4,0.9137331638791365,0.0002135015117213923
paired_cis_count,CDV3,0.9134989789425395,-2.0683424875600487e-05
paired_cis_count,CDYL2,0.9134997542826824,-1.9908084732733755e-05
paired_cis_count,CEACAM1,0.9128076592524441,-0.0007120031149709938
paired_cis_count,CEACAM21,0.9133584008454034,-0.00016126152201167976
paired_cis_count,CEBPB,0.914666449686434,0.0011467873190188493
paired_cis_count,CELF1,0.9134074374633747,-0.0001122249040403922
paired_cis_count,CELF2,0.9134863094457386,-3.335292167649939e-05
paired_cis_count,CELSR3,0.913808974203232,0.00028931183581693
paired_cis_count,CEMIP2,0.9135385860881993,1.8923720784158604e-05
paired_cis_count,CENPB,0.9135241112999938,4.448932578671183e-06
paired_cis_count,CENPF,0.913593538492054,7.387612463893856e-05
paired_cis_count,CENPO,0.9129704502106487,-0.0005492121567663988
paired_cis_count,CENPV,0.9147161802443368,0.0011965178769216545
paired_cis_count,CEP104,0.9132703375126922,-0.0002493248547229543
paired_cis_count,CEP128,0.9135586657697409,3.900340232576571e-05
paired_cis_count,CEP131,0.9135332992587094,1.363689129429968e-05
paired_cis_count,CEP162,0.9137048211696993,0.00018515880228420212
paired_cis_count,CEP164,0.9134971559516094,-2.2506415805700897e-05
paired_cis_count,CEP170,0.9135287312966306,9.068929215483301e-06
paired_cis_count,CEP170B,0.9136490606656542,0.00012939829823910287
paired_cis_count,CEP19,0.9133442932913667,-0.0001753690760484261
paired_cis_count,CEP250,0.9147864376572732,0.0012667752898580797
paired_cis_count,CEP290,0.9134479264299351,-7.173593747999973e-05
paired_cis_count,CEP41,0.9135899183702414,7.025600282628552e-05
paired_cis_count,CEP44,0.9135911651912687,7.150282385359752e-05
paired_cis_count,CEP57L1,0.9135603497820203,4.068741460516723e-05
paired_cis_count,CEP68,0.9134893807343346,-3.0281633080497805e-05
paired_cis_count,CEP70,0.9135190210348386,-6.413325764897948e-07
paired_cis_count,CEP72,0.9134235480202558,-9.61143471592818e-05
paired_cis_count,CEP78,0.9135258701699348,6.207802519697658e-06
paired_cis_count,CEP83,0.9128558545885772,-0.0006638077788378993
paired_cis_count,CEP85L,0.9135188138273743,-8.485400407876043e-07
paired_cis_count,CEP89,0.9138228537383845,0.0003031913709693468
paired_cis_count,CEP97,0.9135512646055395,3.1602238124373017e-05
paired_cis_count,CERS2,0.9135968986056237,7.723623820854453e-05
paired_cis_count,CES2,0.9138332004129938,0.00031353804557865406
paired_cis_count,CES4A,0.9136398736950767,0.00012021132766160125
paired_cis_count,CETN2,0.913520139365642,4.76998226917047e-07
paired_cis_count,CETN3,0.9135233057739979,3.643406582765074e-06
paired_cis_count,CFAP36,0.9136608949240584,0.00014123255664333367
paired_cis_count,CFAP410,0.9135946459946467,7.498362723157292e-05
paired_cis_count,CFL2,0.9135517237090047,3.20613415896176e-05
paired_cis_count,CFP,0.9135546163117364,3.495394432129206e-05
paired_cis_count,CGAS,0.913511139202325,-8.523165090146279e-06
paired_cis_count,CGREF1,0.9134544004930234,-6.526187439170883e-05
paired_cis_count,CGRRF1,0.9135383799531405,1.8717585725358532e-05
paired_cis_count,CHAC1,0.9135217592845025,2.096917087412997e-06
paired_cis_count,CHAMP1,0.9135022648608261,-1.739750658902306e-05
paired_cis_count,CHCHD1,0.9133801384122423,-0.00013952395517280447
paired_cis_count,CHCHD5,0.9135183681057634,-1.2942616517408467e-06
paired_cis_count,CHCHD6,0.9134812335821542,-3.842878526094662e-05
paired_cis_count,CHCHD7,0.9135543062033847,3.464383596962772e-05
paired_cis_count,CHD3,0.9135169173631775,-2.7450042375809502e-06
paired_cis_count,CHD4,0.9131888521118836,-0.00033081025553149956
paired_cis_count,CHD6,0.9134998058571819,-1.9856510233173807e-05
paired_cis_count,CHD7,0.9154238315341326,0.0019041691667175398
paired_cis_count,CHD8,0.9129684853299275,-0.0005511770374876379
paired_cis_count,CHDH,0.9135255363777219,5.8740103068277705e-06
paired_cis_count,CHFR,0.9135115236348071,-8.13873260796516e-06
paired_cis_count,CHI3L2,0.9135179916547866,-1.6707126284654095e-06
paired_cis_count,CHIC1,0.913969527023261,0.0004498646558458441
paired_cis_count,CHIC2,0.9136093960484334,8.973368101827806e-05
paired_cis_count,CHID1,0.9117386311575087,-0.0017810312099063585
paired_cis_count,CHKA,0.9132714098209825,-0.0002482525464325702
paired_cis_count,CHKB,0.913523786042922,4.123675506839675e-06
paired_cis_count,CHM,0.9134355615420306,-8.410082538445884e-05
paired_cis_count,CHMP1A,0.9184018063742524,0.004882144006837286
paired_cis_count,CHMP1B,0.9134769966307043,-4.266573671085627e-05
paired_cis_count,CHMP2B,0.9134215055336106,-9.815683380454132e-05
paired_cis_count,CHMP4A,0.9149101633089921,0.0013905009415769998
paired_cis_count,CHMP4B,0.9119350728519321,-0.0015845895154830147
paired_cis_count,CHP1,0.9135551538789609,3.549151154580432e-05
paired_cis_count,CHPF,0.9135168517935967,-2.8105738184569518e-06
paired_cis_count,CHPF2,0.9133498634596008,-0.0001697989078143225
paired_cis_count,CHRAC1,0.9135803348819334,6.067251451824518e-05
paired_cis_count,CHRNA5,0.9135613424171919,4.168004977678219e-05
paired_cis_count,CHST10,0.9136101644288094,9.050206139427086e-05
paired_cis_count,CHST11,0.9138378755722139,0.00031821320479874515
paired_cis_count,CHST12,0.9140167662552487,0.0004971038878336387
paired_cis_count,CHST2,0.9146565532873195,0.001136890919904432
paired_cis_count,CHST7,0.9135107036992767,-8.95866813843682e-06
paired_cis_count,CHSY1,0.9134664694054554,-5.319296195971379e-05
paired_cis_count,CIB1,0.9139333737452547,0.00041371137783963174
paired_cis_count,CIC,0.9134388589624094,-8.080340500571381e-05
paired_cis_count,CIITA,0.91353121763652,1.1555269104901456e-05
paired_cis_count,CIPC,0.9135220278855597,2.3655181445869644e-06
paired_cis_count,CIRBP,0.913501883284078,-1.7779083337110535e-05
paired_cis_count,CISD1,0.9136062518637009,8.658949628581603e-05
paired_cis_count,CISD2,0.9134537176058124,-6.594476160270979e-05
paired_cis_count,CISD3,0.9135415757713552,2.1913403940088116e-05
paired_cis_count,CITED2,0.9132987349332893,-0.00022092743412582827
paired_cis_count,CITED4,0.9136736249178149,0.0001539625503997888
paired_cis_count,CIZ1,0.9135196171374692,-4.52299458997274e-08
paired_cis_count,CKAP2L,0.9135083415342008,-1.132083321431221e-05
paired_cis_count,CKAP4,0.9134128961501679,-0.0001067662172472561
paired_cis_count,CKS2,0.9135336865743596,1.4024206944518447e-05
paired_cis_count,CLASP2,0.9136574375773737,0.0001377752099586127
paired_cis_count,CLCC1,0.914123817049281,0.0006041546818659205
paired_cis_count,CLCN3,0.91358820027107,6.85379036549083e-05
paired_cis_count,CLCN5,0.913789794052766,0.0002701316853508384
paired_cis_count,CLCN7,0.9141460818835357,0.0006264195161206354
paired_cis_count,CLDN15,0.9138686875922131,0.00034902522479796083
paired_cis_count,CLDN5,0.9130977571749277,-0.0004219051924874151
paired_cis_count,CLDND1,0.9134215682594434,-9.809410797168017e-05
paired_cis_count,CLDND2,0.9136494726246898,0.000129810257274654
paired_cis_count,CLEC16A,0.9135454883251544,2.582595773925611e-05
paired_cis_count,CLIC4,0.9135054080943351,-1.4254273079994384e-05
paired_cis_count,CLIC5,0.913444393051781,-7.526931563406336e-05
paired_cis_count,CLINT1,0.9134680484223405,-5.161394507458006e-05
paired_cis_count,CLIP1,0.9135845060475264,6.484368011128172e-05
paired_cis_count,CLIP4,0.9140846382867687,0.0005649759193535608
paired_cis_count,CLK1,0.9135379802501674,1.8317882752305614e-05
paired_cis_count,CLK2,0.913495896225824,-2.376614159116386e-05
paired_cis_count,CLK4,0.9135825862774822,6.292391006712528e-05
paired_cis_count,CLN3,0.9135276314357463,7.969068331226126e-06
paired_cis_count,CLN5,0.91369508692718,0.0001754245597649362
paired_cis_count,CLN8,0.9136226480263405,0.00010298565892541411
paired_cis_count,CLOCK,0.9135718853631204,5.222299570528666e-05
paired_cis_count,CLPB,0.9129091719441264,-0.0006104904232887565
paired_cis_count,CLPP,0.9135209710769684,1.308709553282661e-06
paired_cis_count,CLPTM1,0.9136873826215196,0.00016772025410449753
paired_cis_count,CLPTM1L,0.9135179312437273,-1.7311236878425618e-06
paired_cis_count,CLPX,0.9134899299320814,-2.9732435333662544e-05
paired_cis_count,CLSTN1,0.9135408569060819,2.1194538666780005e-05
paired_cis_count,CLSTN3,0.9138953859674551,0.00037572360004001215
paired_cis_count,CLTA,0.9134757007676338,-4.396159978126146e-05
paired_cis_count,CLU,0.9136610494246706,0.00014138705725552647
paired_cis_count,CLUAP1,0.9136568331238489,0.00013717075643382426
paired_cis_count,CLUH,0.9135734548942357,5.379252682058411e-05
paired_cis_count,CLYBL,0.9134319031572552,-8.775921015991006e-05
paired_cis_count,CMC1,0.913551487409564,3.182504214893633e-05
paired_cis_count,CMPK2,0.9133320478687854,-0.0001876144986296957
paired_cis_count,CMSS1,0.9132589517837049,-0.00026071058371024414
paired_cis_count,CMTM6,0.9135355767645048,1.5914397089700216e-05
paired_cis_count,CMTM8,0.9135186185618671,-1.0438055479955466e-06
paired_cis_count,CNBP,0.9123680599276173,-0.0011516024397978386
paired_cis_count,CNDP2,0.9134619955419605,-5.766682545460533e-05
paired_cis_count,CNEP1R1,0.913563356393434,4.3694026018892274e-05
paired_cis_count,CNIH1,0.9136226327329299,0.00010297036551476513
paired_cis_count,CNIH4,0.9132758048721584,-0.000243857495256683
paired_cis_count,CNKSR2,0.9133542296392515,-0.00016543272816360588
paired_cis_count,CNN2,0.9135623842215417,4.272185412657059e-05
paired_cis_count,CNNM2,0.9134978020156298,-2.1860351785307763e-05
paired_cis_count,CNNM3,0.9133155384348219,-0.00020412393259316985
paired_cis_count,CNNM4,0.9132977977081794,-0.0002218646592356821
paired_cis_count,CNOT10,0.9109552549618566,-0.002564407405558522
paired_cis_count,CNOT4,0.913493047164819,-2.661520259605865e-05
paired_cis_count,CNOT6,0.9134682662165455,-5.139615086957594e-05
paired_cis_count,CNOT6L,0.9137432824750741,0.00022362010765897278
paired_cis_count,CNPPD1,0.913111082117524,-0.00040858024989109953
paired_cis_count,CNPY2,0.9134684058256838,-5.125654173132599e-05
paired_cis_count,CNPY3,0.9136243691373631,0.00010470676994800421
paired_cis_count,CNPY4,0.9137386864915115,0.0002190241240963564
paired_cis_count,CNTRL,0.913822398094798,0.0003027357273829301
paired_cis_count,COA4,0.9135050298141323,-1.4632553282822869e-05
paired_cis_count,COA5,0.9134047814985259,-0.00011488086888922222
paired_cis_count,COA6,0.9140144288096644,0.0004947664422493281
paired_cis_count,COA7,0.913558483584592,3.8821217176909784e-05
paired_cis_count,COIL,0.9135543933740433,3.473100662820805e-05
paired_cis_count,COL6A3,0.9136130005707401,9.333820332502185e-05
paired_cis_count,COLGALT1,0.9120052799733118,-0.0015143823941032863
paired_cis_count,COMMD1,0.9135825757255411,6.291335812602661e-05
paired_cis_count,COMMD2,0.9124314583025216,-0.0010882040648935165
paired_cis_count,COMMD6,0.9134804135889188,-3.9248778496259185e-05
paired_cis_count,COMMD7,0.9134508214940406,-6.88408733745538e-05
paired_cis_count,COMMD9,0.9140477145190319,0.0005280521516167758
paired_cis_count,COMT,0.9135405892723854,2.0926904970242077e-05
paired_cis_count,COMTD1,0.9115659484820413,-0.001953713885373798
paired_cis_count,COP1,0.9110759656819946,-0.002443696685420549
paired_cis_count,COPG2,0.9118971524722808,-0.0016225098951343497
paired_cis_count,COPRS,0.9134811614780018,-3.850088941326213e-05
paired_cis_count,COPS7A,0.9135066745582904,-1.298780912473152e-05
paired_cis_count,COPS7B,0.9134966504387679,-2.3011928647176383e-05
paired_cis_count,COPS9,0.9135512712005426,3.16088331274722e-05
paired_cis_count,COQ10A,0.9137913760982436,0.00027171373082846006
paired_cis_count,COQ10B,0.916092966289951,0.0025733039225358523
paired_cis_count,COQ5,0.9134266334037667,-9.302896364837832e-05
paired_cis_count,COQ6,0.9135565562432895,3.689387587435533e-05
paired_cis_count,COQ7,0.9135899752831965,7.031291578141197e-05
paired_cis_count,COQ8A,0.9125784609163042,-0.0009412014511108735
paired_cis_count,COQ8B,0.9135406004273275,2.0938059912434248e-05
paired_cis_count,CORO1A,0.9150681246559942,0.0015484622885790778
paired_cis_count,CORO1B,0.9135218242023049,2.1618348897689543e-06
paired_cis_count,CORO2A,0.913480041353608,-3.962101380705629e-05
paired_cis_count,CORO7,0.9135430789402288,2.34165728136837e-05
paired_cis_count,COX15,0.9135450712998905,2.540893247537923e-05
paired_cis_count,COX17,0.9117897098435498,-0.001729952523865319
paired_cis_count,COX18,0.9134956391519257,-2.402321548944375e-05
paired_cis_count,COX6A1,0.9147621480385202,0.0012424856711050758
paired_cis_count,COX6B1,0.9140919924795099,0.0005723301120947877
paired_cis_count,COX7A2,0.9136493599490975,0.00012969758168235312
paired_cis_count,COX7A2L,0.9135460518603898,2.6389492974732143e-05
paired_cis_count,COX7C,0.9110357611898904,-0.0024839011775247277
paired_cis_count,COX8A,0.9135104909168938,-9.171450521261448e-06
paired_cis_count,CPD,0.9135267115053802,7.049137965120522e-06
paired_cis_count,CPEB2,0.9135760880243821,5.64256569669519e-05
paired_cis_count,CPEB4,0.9125075474994137,-0.0010121148680014569
paired_cis_count,CPNE3,0.9134988300327247,-2.083233469041268e-05
paired_cis_count,CPNE8,0.9135253422197481,5.679852333018154e-06
paired_cis_count,CPOX,0.9134669142591806,-5.2748108234523805e-05
paired_cis_count,CPPED1,0.9135178433101632,-1.8190572519394266e-06
paired_cis_count,CPT2,0.9135268965108408,7.23414342573836e-06
paired_cis_count,CRACR2A,0.913487633371727,-3.20289956881048e-05
paired_cis_count,CRADD,0.9135378725875388,1.8210220123715537e-05
paired_cis_count,CRAT,0.9129286648040353,-0.0005909975633797693
paired_cis_count,CRBN,0.9135923621078798,7.269974046464345e-05
paired_cis_count,CREB1,0.9135930766531207,7.34142857056197e-05
paired_cis_count,CREB3L2,0.9131490227773812,-0.00037063959003391656
paired_cis_count,CREB3L4,0.9135161789678445,-3.4833995705696452e-06
paired_cis_count,CREBBP,0.9133874100524979,-0.0001322523149172028
paired_cis_count,CREBL2,0.9134753085625358,-4.435380487932683e-05
paired_cis_count,CREBRF,0.9134131246433772,-0.00010653772403790285
paired_cis_count,CREBZF,0.9133056244938832,-0.00021403787353191372
paired_cis_count,CREG1,0.913613628656798,9.39662893828519e-05
paired_cis_count,CRELD2,0.9113629977367537,-0.0021566646306614423
paired_cis_count,CREM,0.9129744271885312,-0.0005452351788839405
paired_cis_count,CRIM1,0.9135181528569919,-1.5095104232143441e-06
paired_cis_count,CRIP1,0.9138520734840915,0.0003324111166763677
paired_cis_count,CRKL,0.9134830755396347,-3.6586827780404896e-05
paired_cis_count,CRLF3,0.9129396209957047,-0.0005800413717104158
paired_cis_count,CRLS1,0.9127016643784681,-0.0008179979889469946
paired_cis_count,CRTAP,0.9142199301359164,0.0007002677685012948
paired_cis_count,CRTC1,0.9137498070800582,0.00023014471264304337
paired_cis_count,CRTC2,0.9132750851205422,-0.00024457724687287907
paired_cis_count,CRY1,0.9134550875987839,-6.457476863119815e-05
paired_cis_count,CRY2,0.9134550620831561,-6.460028425903097e-05
paired_cis_count,CRYL1,0.9135223656162674,2.703248852320428e-06
paired_cis_count,CRYZ,0.9134917929126201,-2.7869454795048654e-05
paired_cis_count,CRYZL1,0.9145954603791634,0.0010757980117482857
paired_cis_count,CSAD,0.9147703361737144,0.001250673806299285
paired_cis_count,CSDE1,0.9136053789044851,8.571653707001303e-05
paired_cis_count,CSF1,0.9137790351661935,0.00025937279877841224
paired_cis_count,CSF2,0.9134667611080027,-5.290125941237456e-05
paired_cis_count,CSF2RB,0.9133116461856844,-0.00020801618173071912
paired_cis_count,CSGALNACT1,0.9138571319358834,0.0003374695684682516
paired_cis_count,CSK,0.913986680190659,0.000467017823243876
paired_cis_count,CSKMT,0.913464662683193,-5.499968422206791e-05
paired_cis_count,CSNK1D,0.9134682201360966,-5.144223131847703e-05
paired_cis_count,CSNK1E,0.9142367153943338,0.0007170530269187125
paired_cis_count,CSNK1G1,0.9135444322788255,2.476991141042717e-05
paired_cis_count,CSNK1G2,0.9135875377344559,6.787536704078168e-05
paired_cis_count,CSNK2A1,0.9111297191926769,-0.002389943174738174
paired_cis_count,CSNK2A2,0.9129012677995874,-0.0006183945678277514
paired_cis_count,CSPP1,0.9135844675770934,6.480520967833137e-05
paired_cis_count,CSRNP1,0.9134964779538197,-2.3184413595389586e-05
paired_cis_count,CSRNP2,0.9135055373029339,-1.4125064481174121e-05
paired_cis_count,CSRP1,0.9135392524327812,1.9590065366115184e-05
paired_cis_count,CST7,0.9135075366234805,-1.2125743934610078e-05
paired_cis_count,CSTB,0.9135278591481139,8.196780698743744e-06
paired_cis_count,CSTF2T,0.9134518738658118,-6.778850160327199e-05
paired_cis_count,CTBS,0.9134952022784042,-2.4460089010913677e-05
paired_cis_count,CTDSP1,0.9135609501825283,4.128781511314461e-05
paired_cis_count,CTDSPL2,0.9130268157601138,-0.0004928466073013116
paired_cis_count,CTH,0.9135219623119758,2.2999445606908253e-06
paired_cis_count,CTLA4,0.9137269285200682,0.00020726615265309611
paired_cis_count,CTNNBIP1,0.9130948566247922,-0.0004248057426229357
paired_cis_count,CTNND1,0.9133942725524581,-0.00012538981495702206
paired_cis_count,CTNS,0.9129462360493708,-0.0005734263180443566
paired_cis_count,CTPS2,0.913521632921303,1.9705538878422857e-06
paired_cis_count,CTSB,0.9135417360524476,2.2073685032486523e-05
paired_cis_count,CTSC,0.9135518656553155,3.220328790043414e-05
paired_cis_count,CTSD,0.9136304330725963,0.00011077070518117349
paired_cis_count,CTSH,0.9135936926163339,7.40302489188327e-05
paired_cis_count,CTSK,0.9155294347249262,0.002009772357511097
paired_cis_count,CTSS,0.9134903226984575,-2.9339668957573117e-05
paired_cis_count,CTSW,0.9136177182725581,9.805590514300189e-05
paired_cis_count,CTTN,0.9134218468516269,-9.781551578824654e-05
paired_cis_count,CTU2,0.9134548243940078,-6.483797340728348e-05
paired_cis_count,CUEDC2,0.9134505506598559,-6.91117075591885e-05
paired_cis_count,CUL3,0.9119005290112023,-0.0016191333562127763
paired_cis_count,CUL4A,0.913743446396782,0.00022378402936684694
paired_cis_count,CUL5,0.9134693729742037,-5.028939321138903e-05
paired_cis_count,CUL9,0.9135040410993167,-1.5621268098398033e-05
paired_cis_count,CUTA,0.9135393897177752,1.9727350360043694e-05
paired_cis_count,CUTC,0.9134624777449195,-5.7184622495598525e-05
paired_cis_count,CUX1,0.9134153312113442,-0.0001043311560708915
paired_cis_count,CWC25,0.9129985167006509,-0.0005211456667642
paired_cis_count,CWC27,0.913406266936988,-0.00011339543042709899
paired_cis_count,CWF19L1,0.9135388623443842,1.9199976969086485e-05
paired_cis_count,CX3CR1,0.9135421822605034,2.251989308832414e-05
paired_cis_count,CXCL10,0.9136299624847563,0.00011030011734114442
paired_cis_count,CXCR3,0.9135003122765057,-1.935009090936468e-05
paired_cis_count,CXCR4,0.9134237949372264,-9.586743018874522e-05
paired_cis_count,CXCR5,0.9135331627637913,1.3500396376153745e-05
paired_cis_count,CXCR6,0.9134438109990429,-7.585136837218176e-05
paired_cis_count,CXorf21,0.9135946930814925,7.503071407743978e-05
paired_cis_count,CXorf38,0.9134997738476104,-1.9888519804722726e-05
paired_cis_count,CXorf40A,0.9123692572718302,-0.0011504050955849499
paired_cis_count,CXorf56,0.9135282071403488,8.544772933660738e-06
paired_cis_count,CXorf57,0.9135547461245047,3.508375708960454e-05
paired_cis_count,CXorf65,0.913261579674357,-0.00025808269305815923
paired_cis_count,CYB561,0.9135153910788183,-4.27128859681325e-06
paired_cis_count,CYB561A3,0.9136307704951827,0.0001111081277676007
paired_cis_count,CYB561D2,0.9136788436658789,0.00015918129846381746
paired_cis_count,CYB5A,0.9136677948584262,0.00014813249101108816
paired_cis_count,CYB5R1,0.913493976620584,-2.568574683114999e-05
paired_cis_count,CYB5R4,0.913610783289408,9.112092199292654e-05
paired_cis_count,CYB5RL,0.91377158219797,0.00025191983055483647
paired_cis_count,CYBA,0.9134997060427279,-1.9956324687209204e-05
paired_cis_count,CYBC1,0.9137842960916084,0.000264633724193275
paired_cis_count,CYFIP2,0.9131767204071406,-0.00034294196027451207
paired_cis_count,CYLD,0.9094518086943677,-0.004067853673047406
paired_cis_count,CYP1B1,0.913575035681918,5.53733145028934e-05
paired_cis_count,CYP20A1,0.9135195296926945,-1.3267472065425778e-07
paired_cis_count,CYP2R1,0.9134990608259674,-2.0601541447673455e-05
paired_cis_count,CYREN,0.9135408067432735,2.1144375858428432e-05
paired_cis_count,CYSLTR1,0.9134287492785998,-9.091308881525872e-05
paired_cis_count,CYSLTR2,0.9134229652525202,-9.669711489490584e-05
paired_cis_count,CYTH1,0.9134452715306787,-7.439083673643765e-05
paired_cis_count,CYTIP,0.9135297941263808,1.0131758965692406e-05
paired_cis_count,D2HGDH,0.9121551266058986,-0.0013645357615165166
paired_cis_count,DAAM1,0.9137307242104131,0.0002110618429980171
paired_cis_count,DACT1,0.91319760333698,-0.00032205903043514006
paired_cis_count,DAG1,0.9134369923337329,-8.267003368223058e-05
paired_cis_count,DALRD3,0.9154463007378543,0.0019266383704391599
paired_cis_count,DAP3,0.9137306247511332,0.00021096238371809406
paired_cis_count,DAPK1,0.913424086030321,-9.55763370941165e-05
paired_cis_count,DAZAP2,0.9132273415142679,-0.0002923208531472321
paired_cis_count,DBF4B,0.9133633892276788,-0.00015627313973631818
paired_cis_count,DBI,0.9134529230460775,-6.673932133760552e-05
paired_cis_count,DBNDD2,0.9135282576290125,8.59526159735502e-06
paired_cis_count,DBNL,0.9187112347511155,0.005191572383700382
paired_cis_count,DBT,0.9135333202017317,1.3657834316616047e-05
paired_cis_count,DCAF11,0.9147175165903707,0.0011978542229555966
paired_cis_count,DCAF12,0.9135220534520948,2.3910846796981744e-06
paired_cis_count,DCAF15,0.9136053741934996,8.571182608452244e-05
paired_cis_count,DCAF17,0.9135217697495673,2.1073821522277214e-06
paired_cis_count,DCAF4,0.9134671918149398,-5.247055247525889e-05
paired_cis_count,DCAF5,0.9131967136683372,-0.00032294869907789625
paired_cis_count,DCAKD,0.9120979895035054,-0.0014216728639097065
paired_cis_count,DCBLD1,0.913388910664202,-0.00013075170321308338
paired_cis_count,DCLRE1A,0.913398848226127,-0.00012081414128806145
paired_cis_count,DCLRE1C,0.9134636948221165,-5.596754529857417e-05
paired_cis_count,DCP1A,0.9135165586670112,-3.1037004039058402e-06
paired_cis_count,DCP1B,0.9135207949642804,1.1325968652942109e-06
paired_cis_count,DCTD,0.9135384558646862,1.87934972710746e-05
paired_cis_count,DCTPP1,0.9136845363545436,0.00016487398712849988
paired_cis_count,DCUN1D1,0.9136104804512649,9.08180838498085e-05
paired_cis_count,DCUN1D3,0.9135248136260454,5.151258630320399e-06
paired_cis_count,DCXR,0.9135791798393967,5.951747198162938e-05
paired_cis_count,DDA1,0.9135558549400016,3.6192572586468685e-05
paired_cis_count,DDAH2,0.9133530918301636,-0.00016657053725155357
paired_cis_count,DDHD2,0.9135015961839146,-1.8066183500531352e-05
paired_cis_count,DDI2,0.9133710014900914,-0.00014866087732368083
paired_cis_count,DDIAS,0.9135254060440436,5.743676628533478e-06
paired_cis_count,DDIT3,0.913399835027221,-0.0001198273401941119
paired_cis_count,DDIT4,0.9134780533440525,-4.160902336258765e-05
paired_cis_count,DDRGK1,0.9132047031873265,-0.00031495918008861423
paired_cis_count,DDX17,0.9137741908278149,0.00025452846039974997
paired_cis_count,DDX19A,0.9133144203761794,-0.00020524199123572728
paired_cis_count,DDX19B,0.9171212560696155,0.0036015937022003675
paired_cis_count,DDX20,0.9134543628904506,-6.529947696454208e-05
paired_cis_count,DDX28,0.9136840456169988,0.00016438324958367723
paired_cis_count,DDX31,0.9125877334332926,-0.0009319289341225279
paired_cis_count,DDX58,0.9134850820669461,-3.45803004689893e-05
paired_cis_count,DDX60,0.9135388538528824,1.9191485467251468e-05
paired_cis_count,DDX60L,0.913245907587473,-0.0002737547799420703
paired_cis_count,DECR1,0.9139030971138848,0.0003834347464697352
paired_cis_count,DEDD,0.9134962802918626,-2.3382075552524917e-05
paired_cis_count,DEDD2,0.9134608273322821,-5.8835035133042446e-05
paired_cis_count,DEGS1,0.9137970456594553,0.00027738329204018974
paired_cis_count,DEK,0.9125376466682613,-0.0009820156991537932
paired_cis_count,DELE1,0.9135210689908831,1.4066234680365497e-06
paired_cis_count,DENND1B,0.913472402550041,-4.725981737407903e-05
paired_cis_count,DENND1C,0.9135128733086475,-6.789058767608935e-06
paired_cis_count,DENND3,0.9134647920392107,-5.487032820439275e-05
paired_cis_count,DENND4A,0.9132491060009598,-0.0002705563664553434
paired_cis_count,DENND4B,0.9133337461319003,-0.00018591623551478254
paired_cis_count,DENND4C,0.915233746636167,0.0017140842687518587
paired_cis_count,DENND5A,0.9134917415910879,-2.7920776327183816e-05
paired_cis_count,DENND6B,0.9135069293108335,-1.2733056581559765e-05
paired_cis_count,DENR,0.9133315904080566,-0.00018807195935854892
paired_cis_count,DEPDC1,0.9138277852254553,0.0003081228580401607
paired_cis_count,DEPDC1B,0.9135139809973641,-5.68137005096947e-06
paired_cis_count,DERL1,0.913561695765844,4.203339842889786e-05
paired_cis_count,DESI2,0.9109662911270539,-0.0025533712403612574
paired_cis_count,DEXI,0.9124750992729195,-0.001044563094495632
paired_cis_count,DFFA,0.9133993675639775,-0.0001202948034375595
paired_cis_count,DFFB,0.9129869750492888,-0.0005326873181262792
paired_cis_count,DGAT1,0.9133122976641782,-0.00020736470323690082
paired_cis_count,DGCR2,0.9134412360805058,-7.842628690934994e-05
paired_cis_count,DGKA,0.9135102027409967,-9.459626418406586e-06
paired_cis_count,DGKD,0.9135365099406157,1.684757320064012e-05
paired_cis_count,DGKE,0.9135270178789013,7.355511486228927e-06
paired_cis_count,DGKQ,0.9139289802682876,0.00040931790087250786
paired_cis_count,DGLUCY,0.9135343307340615,1.4668366646430897e-05
paired_cis_count,DGUOK,0.9135285306999317,8.868332516565047e-06
paired_cis_count,DHCR24,0.9134503295185894,-6.933284882570945e-05
paired_cis_count,DHCR7,0.9133807338828291,-0.00013892848458596507
paired_cis_count,DHFR2,0.9136151431263545,9.548075893939245e-05
paired_cis_count,DHRS1,0.9152226484717888,0.0017029861043736938
paired_cis_count,DHRS11,0.9135823875517731,6.272518435801455e-05
paired_cis_count,DHRS13,0.9135380336083706,1.8371240955494805e-05
paired_cis_count,DHRS3,0.913286878376688,-0.00023278399072712563
paired_cis_count,DHRS7,0.9134521085298856,-6.755383752954369e-05
paired_cis_count,DHRS7B,0.9136135004215694,9.38380541543049e-05
paired_cis_count,DHTKD1,0.9135621668836886,4.25045162735227e-05
paired_cis_count,DHX30,0.9135128733681404,-6.7889992747538486e-06
paired_cis_count,DHX32,0.9135351914008973,1.5529033482231114e-05
paired_cis_count,DHX34,0.9129760236671364,-0.0005436387002787368
paired_cis_count,DHX58,0.9134863008742959,-3.336149311916614e-05
paired_cis_count,DIAPH1,0.913678667544753,0.00015900517733791197
paired_cis_count,DIAPH2,0.9134960722147102,-2.359015270492204e-05
paired_cis_count,DIAPH3,0.9135089282426054,-1.0734124809674839e-05
paired_cis_count,DIDO1,0.9104065085154015,-0.003113153852013606
paired_cis_count,DIP2B,0.9147732637369027,0.0012536013694876003
paired_cis_count,DIS3L2,0.9133358572370802,-0.00018380513033489088
paired_cis_count,DISC1,0.9134419041403993,-7.77582270158339e-05
paired_cis_count,DIXDC1,0.9134731279742138,-4.6534393201347335e-05
paired_cis_count,DLAT,0.9133181321877899,-0.00020153017962520892
paired_cis_count,DLG1,0.9143071219438998,0.0007874595764847392
paired_cis_count,DLG3,0.9129330405539294,-0.0005866218134856771
paired_cis_count,DLG4,0.9138931477568458,0.00037348538943071663
paired_cis_count,DLGAP4,0.9143520133273375,0.000832350959922401
paired_cis_count,DLGAP5,0.9136973154194259,0.0001776530520107844
paired_cis_count,DMC1,0.9135388507268909,1.9188359475785788e-05
paired_cis_count,DMD,0.9133552119199282,-0.00016445044748691906
paired_cis_count,DMTF1,0.9133659350018197,-0.0001537273655953797
paired_cis_count,DMTN,0.9134123265287567,-0.00010733583865840668
paired_cis_count,DMWD,0.9124023199376802,-0.0011173424297349355
paired_cis_count,DMXL1,0.9135895928798283,6.993051241321879e-05
paired_cis_count,DNAAF5,0.9128223717297123,-0.000697290637702852
paired_cis_count,DNAH1,0.9136056023414681,8.593997405303977e-05
paired_cis_count,DNAJA2,0.9146904771480936,0.0011708147806784863
paired_cis_count,DNAJB1,0.9130577780437749,-0.00046188432364024923
paired_cis_count,DNAJB11,0.9128530777562934,-0.0006665846111216789
paired_cis_count,DNAJB12,0.913536723146843,1.7060779427868766e-05
paired_cis_count,DNAJB14,0.9135292329467052,9.570579290074654e-06
paired_cis_count,DNAJB2,0.9134966418500957,-2.302051731939425e-05
paired_cis_count,DNAJB4,0.9135941853853499,7.45230179347578e-05
paired_cis_count,DNAJB6,0.9121473443168714,-0.0013723180505437194
paired_cis_count,DNAJB9,0.913713749536315,0.00019408716889990352
paired_cis_count,DNAJC1,0.9134194934363538,-0.00010016893106135072
paired_cis_count,DNAJC10,0.9134946399275076,-2.5022439907540495e-05
paired_cis_count,DNAJC12,0.9135254686879327,5.806320517609542e-06
paired_cis_count,DNAJC13,0.9135256429695947,5.980602179600503e-06
paired_cis_count,DNAJC15,0.9135409980188827,2.133565146755778e-05
paired_cis_count,DNAJC16,0.9134867170795636,-3.294528785147133e-05
paired_cis_count,DNAJC19,0.9135299799515031,1.0317584087982112e-05
paired_cis_count,DNAJC24,0.9135186628755455,-9.994918696021315e-07
paired_cis_count,DNAJC27,0.9134699498462436,-4.97125211714744e-05
paired_cis_count,DNAJC3,0.9137227880894022,0.00020312572198710743
paired_cis_count,DNAJC30,0.9135418567241793,2.219435676420467e-05
paired_cis_count,DNAJC5,0.9136508728025137,0.000131210435098561
paired_cis_count,DNAJC8,0.9129813128587136,-0.0005383495087014634
paired_cis_count,DNAL1,0.9133812878482286,-0.00013837451918652377
paired_cis_count,DNAL4,0.9135095390249591,-1.012334245598101e-05
paired_cis_count,DNASE1,0.9133823113046692,-0.00013735106274592734
paired_cis_count,DNHD1,0.9135630926246678,4.343025725273009e-05
paired_cis_count,DNM1L,0.9128025878920208,-0.0007170744753942637
paired_cis_count,DNMT3A,0.9139838759644812,0.00046421359706605436
paired_cis_count,DNPEP,0.9132319902446308,-0.00028767212278435483
paired_cis_count,DNPH1,0.9135615323590605,4.18699916453491e-05
paired_cis_count,DNTTIP1,0.91356561055414,4.594818672487566e-05
paired_cis_count,DOCK10,0.9135102604177182,-9.401949696896672e-06
paired_cis_count,DOCK11,0.9135453113523325,2.564898491741463e-05
paired_cis_count,DOCK2,0.904680332932277,-0.008839329435138099
paired_cis_count,DOCK7,0.9135152373251566,-4.425042258504597e-06
paired_cis_count,DOCK8,0.9135528433943381,3.31810269229571e-05
paired_cis_count,DOCK9,0.9135429239515427,2.3261584127576285e-05
paired_cis_count,DOK1,0.9134648059474154,-5.4856419999693706e-05
paired_cis_count,DOK2,0.9134973384528381,-2.232391457701599e-05
paired_cis_count,DOK4,0.9135648137838044,4.515141638927744e-05
paired_cis_count,DOLPP1,0.9124061189777364,-0.0011135433896787283
paired_cis_count,DOP1A,0.9134461717494677,-7.349061794736933e-05
paired_cis_count,DPCD,0.9135285208106618,8.858443246717584e-06
paired_cis_count,DPEP2,0.9133178920213364,-0.00020177034607871125
paired_cis_count,DPH2,0.9135094452528548,-1.0217114560284735e-05
paired_cis_count,DPH3,0.9107395746544477,-0.0027800877129674495
paired_cis_count,DPH5,0.9135897544852604,7.009211784525515e-05
paired_cis_count,DPH6,0.9134910476071066,-2.8614760308465215e-05
paired_cis_count,DPH7,0.9123684665236748,-0.0011511958437403491
paired_cis_count,DPM1,0.9134343466388319,-8.531572858316849e-05
paired_cis_count,DPM2,0.913569480264911,4.981789749591847e-05
paired_cis_count,DPM3,0.9137920791221755,0.0002724167547604184
paired_cis_count,DPP3,0.9243524635542296,0.010832801186814511
paired_cis_count,DPP4,0.9139400125118429,0.0004203501444277613
paired_cis_count,DPP8,0.9135135046233537,-6.157744061430215e-06
paired_cis_count,DPY19L4,0.9135344243372432,1.4761969828080979e-05
paired_cis_count,DPYD,0.9142212156525676,0.0007015532851525341
paired_cis_count,DPYSL2,0.9134448335534305,-7.48288139845732e-05
paired_cis_count,DR1,0.9135297584048074,1.0096037392326451e-05
paired_cis_count,DRAM1,0.913580402517988,6.074015057289106e-05
paired_cis_count,DRAM2,0.9135740982611993,5.4435893784177125e-05
paired_cis_count,DRAP1,0.9136506653396772,0.00013100297226209534
paired_cis_count,DRG2,0.9135204820509963,8.19683581232411e-07
paired_cis_count,DST,0.9141577512876257,0.0006380889202105555
paired_cis_count,DSTN,0.9136429327395508,0.00012327037213566427
paired_cis_count,DSTYK,0.913557388183136,3.7725815720923705e-05
paired_cis_count,DTD1,0.9134740938280808,-4.556853933435079e-05
paired_cis_count,DTNBP1,0.9135003114717556,-1.9350895659520084e-05
paired_cis_count,DTX3,0.9135344991756112,1.4836808196139195e-05
paired_cis_count,DTX3L,0.9132409237615392,-0.0002787386058759056
paired_cis_count,DUS1L,0.9135118164132388,-7.845954176355363e-06
paired_cis_count,DUS3L,0.9137124141258649,0.00019275175844979398
paired_cis_count,DUS4L,0.9131685486814902,-0.00035111368592488645
paired_cis_count,DUSP1,0.9130201253428307,-0.0004995370245843844
paired_cis_count,DUSP10,0.9135377029029882,1.8040535573082828e-05
paired_cis_count,DUSP11,0.9140757942243816,0.0005561318569664575
paired_cis_count,DUSP16,0.913611553308561,9.189094114592233e-05
paired_cis_count,DUSP18,0.9126900725811282,-0.0008295897862868884
paired_cis_count,DUSP2,0.9134692975913229,-5.036477609221546e-05
paired_cis_count,DUSP22,0.9163974547643267,0.0028777923969115493
paired_cis_count,DUSP23,0.9131591449873036,-0.000360517380111558
paired_cis_count,DUSP3,0.9134419510267009,-7.771134071421493e-05
paired_cis_count,DUSP4,0.9134586355844054,-6.102678300967668e-05
paired_cis_count,DUSP5,0.913473622561896,-4.603980551909359e-05
paired_cis_count,DUSP6,0.9135328625048421,1.320013742700521e-05
paired_cis_count,DVL3,0.9137139971973453,0.00019433482993014284
paired_cis_count,DXO,0.9157642940067559,0.002244631639340744
paired_cis_count,DYM,0.9139014143418411,0.0003817519744260256
paired_cis_count,DYNC1LI1,0.9135698540383917,5.0191670976640346e-05
paired_cis_count,DYNC1LI2,0.9134834214074081,-3.6240960006983514e-05
paired_cis_count,DYNLL1,0.9134546380275481,-6.502433986699252e-05
paired_cis_count,DYNLT3,0.9134986879154514,-2.097445196369563e-05
paired_cis_count,DYRK1A,0.913301288630252,-0.00021837373716315778
paired_cis_count,DYRK1B,0.9135558381664259,3.6175799010829124e-05
paired_cis_count,DYRK2,0.9134936585047649,-2.6003862650170184e-05
paired_cis_count,DYRK3,0.9135205532481943,8.908807791474516e-07
paired_cis_count,E2F3,0.9130673042107004,-0.00045235815671473834
paired_cis_count,E2F5,0.9134811848495236,-3.847751789154419e-05
paired_cis_count,E2F7,0.9135197565100011,9.414258594908631e-08
paired_cis_count,EAF1,0.9138158690044101,0.00029620663699503336
paired_cis_count,EAF2,0.9135280485897999,8.38622238474862e-06
paired_cis_count,EARS2,0.9128925046959337,-0.0006271576714813598
paired_cis_count,EBAG9,0.9135893797141836,6.971734676852748e-05
paired_cis_count,EBI3,0.9133365399046074,-0.0001831224628077166
paired_cis_count,EBLN2,0.9143426435099105,0.0008229811424953493
paired_cis_count,EBP,0.9141654732440035,0.0006458108765884374
paired_cis_count,EBPL,0.9134785376494136,-4.11247180015506e-05
paired_cis_count,ECE1,0.9133436247311252,-0.0001760376362899274
paired_cis_count,ECHDC2,0.9137162046400129,0.00019654227259779944
paired_cis_count,ECHS1,0.914174258066704,0.0006545956992889401
paired_cis_count,ECI1,0.9133442573543733,-0.00017540501304180722
paired_cis_count,ECPAS,0.9135205873857483,9.250183331532824e-07
paired_cis_count,ECSIT,0.9138066161862803,0.0002869538188652321
paired_cis_count,EDARADD,0.9132463261405968,-0.0002733362268183548
paired_cis_count,EDC3,0.913785748254206,0.00026608588679088996
paired_cis_count,EDC4,0.911214890340685,-0.002304772026730073
paired_cis_count,EDEM2,0.9135689518198158,4.928945240068039e-05
paired_cis_count,EDEM3,0.9135636177600389,4.3955392623806766e-05
paired_cis_count,EDF1,0.9135532185266068,3.3556159191650003e-05
paired_cis_count,EED,0.9133871740085584,-0.0001324883588567083
paired_cis_count,EEF1AKMT1,0.913473186368355,-4.64759990601582e-05
paired_cis_count,EEF1AKMT2,0.9135514017568541,3.173938943901167e-05
paired_cis_count,EEF1B2,0.9135161959453557,-3.466422059394958e-06
paired_cis_count,EEF1E1,0.9137762250112831,0.00025656264386797467
paired_cis_count,EEF2K,0.9135280575540863,8.395186671172894e-06
paired_cis_count,EFCAB11,0.9135448961981447,2.5233830729609608e-05
paired_cis_count,EFCAB14,0.9173980779763625,0.0038784156089474164
paired_cis_count,EFCAB7,0.913520734001914,1.0716344989170068e-06
paired_cis_count,EFNB1,0.9134911967853988,-2.846558201630156e-05
paired_cis_count,EGFL6,0.9133658882958783,-0.00015377407153682743
paired_cis_count,EGLN1,0.9135223501004747,2.6877330595587168e-06
paired_cis_count,EGLN3,0.9134940272802318,-2.5635087183339955e-05
paired_cis_count,EGR1,0.9135942766725063,7.461430509114741e-05
paired_cis_count,EGR2,0.9134988326833439,-2.082968407124408e-05
paired_cis_count,EGR3,0.9133748438773183,-0.000144818490096843
paired_cis_count,EHD1,0.9135444100007245,2.4747633309396555e-05
paired_cis_count,EHD4,0.9134683280635337,-5.1334303881378496e-05
paired_cis_count,EHMT1,0.9065009293795138,-0.007018732987901344
paired_cis_count,EHMT2,0.9136056172408682,8.595487345308683e-05
paired_cis_count,EID1,0.9136252237943924,0.00010556142697726312
paired_cis_count,EID2,0.915210930308237,0.0016912679408218612
paired_cis_count,EID3,0.9142399668874786,0.0007203045200634417
paired_cis_count,EIF1,0.9132411347435709,-0.0002785276238441714
paired_cis_count,EIF1AY,0.9136393852288087,0.00011972286139361188
paired_cis_count,EIF2A,0.9134075071725126,-0.00011215519490248571
paired_cis_count,EIF2AK1,0.9135588003958611,3.9138028446017437e-05
paired_cis_count,EIF2AK2,0.913512238053284,-7.424314131143639e-06
paired_cis_count,EIF2AK3,0.913637341117244,0.00011767874982893112
paired_cis_count,EIF2AK4,0.9135507722935037,3.110992608856833e-05
paired_cis_count,EIF4E3,0.9135543226417842,3.466027436904717e-05
paired_cis_count,EIF4EBP1,0.9136025726502989,8.291028288376356e-05
paired_cis_count,EIF4EBP2,0.9140730237407118,0.0005533613732966458
paired_cis_count,EIF4EBP3,0.9133971241742261,-0.0001225381931889702
paired_cis_count,EIF4G3,0.913430499314051,-8.916305336414965e-05
paired_cis_count,EIF4H,0.9124442638226439,-0.0010753985447712333
paired_cis_count,EIF5,0.9132495774655542,-0.00027008490186086753
paired_cis_count,EIF5A2,0.9133993819393356,-0.00012028042807954442
paired_cis_count,ELAVL1,0.913479522228289,-4.0140139126121355e-05
paired_cis_count,ELF4,0.9136212991217553,0.00010163675434016195
paired_cis_count,ELK1,0.9132622746572575,-0.0002573877101575972
paired_cis_count,ELK3,0.9137231390534644,0.00020347668604925317
paired_cis_count,ELK4,0.9134617339899764,-5.792837743867629e-05
paired_cis_count,ELL2,0.9138170873272611,0.00029742495984597106
paired_cis_count,ELMOD2,0.913523023182576,3.360815160946551e-06
paired_cis_count,ELMSAN1,0.9142203066471545,0.0007006442797393708
paired_cis_count,ELOA,0.9135385683074414,1.8905940026292534e-05
paired_cis_count,ELOC,0.9124643578333231,-0.001055304534091972
paired_cis_count,ELOF1,0.913514400918817,-5.261448598137264e-06
paired_cis_count,ELOVL1,0.9128751921832439,-0.0006444701841712419
paired_cis_count,ELOVL5,0.9134448496738133,-7.481269360176679e-05
paired_cis_count,ELP2,0.9135430026763696,2.3340308954455935e-05
paired_cis_count,ELP3,0.9135060285428722,-1.3633824542891304e-05
paired_cis_count,ELP5,0.9136161427068118,9.648033939668732e-05
paired_cis_count,EMB,0.9101415673904714,-0.0033780949769437463
paired_cis_count,EMC10,0.9135289399664185,9.277599003376658e-06
paired_cis_count,EMC4,0.9135258228298742,6.1604624590483326e-06
paired_cis_count,EMC6,0.9115009210410819,-0.0020187413263331733
paired_cis_count,EMC7,0.913609286397749,8.962403033385691e-05
paired_cis_count,EMC8,0.9141840960835765,0.0006644337161614278
paired_cis_count,EMC9,0.9128960421559823,-0.0006236202114328071
paired_cis_count,EMD,0.9135230633662489,3.4009988337802e-06
paired_cis_count,EME1,0.9134699050992128,-4.975726820233284e-05
paired_cis_count,EMILIN2,0.9135012012432343,-1.8461124180801924e-05
paired_cis_count,EML2,0.9146524125211338,0.0011327501537187201
paired_cis_count,EML4,0.9134617400307723,-5.7922336642812766e-05
paired_cis_count,EMP1,0.9135147779085568,-4.884458858267493e-06
paired_cis_count,EMP3,0.9136682214130913,0.00014855904567623313
paired_cis_count,ENC1,0.9135295020841709,9.839716755832839e-06
paired_cis_count,ENDOD1,0.9135071996792553,-1.2462688159797786e-05
paired_cis_count,ENDOG,0.9137484108625402,0.00022874849512510842
paired_cis_count,ENDOV,0.9135197392291299,7.686171477061521e-08
paired_cis_count,ENG,0.9135134293346375,-6.233032777580583e-06
paired_cis_count,ENGASE,0.9135065277341967,-1.3134633218392366e-05
paired_cis_count,ENKD1,0.9135299482754552,1.0285908040086333e-05
paired_cis_count,ENO2,0.9130117614633398,-0.0005079009040752647
paired_cis_count,ENOPH1,0.9134072226471744,-0.00011243972024066462
paired_cis_count,ENOSF1,0.9135166581966799,-3.004170735176892e-06
paired_cis_count,ENOX2,0.9141179957978803,0.0005983334304652255
paired_cis_count,ENPP2,0.9132489942381757,-0.0002706681292393709
paired_cis_count,ENPP4,0.913506303181697,-1.3359185718098132e-05
paired_cis_count,ENSA,0.9137112301776507,0.00019156781023554892
paired_cis_count,ENTPD1,0.913068643596213,-0.0004510187712021274
paired_cis_count,ENTPD4,0.9138081131426713,0.00028845077525618823
paired_cis_count,ENTPD5,0.9134934510674265,-2.6211299988587733e-05
paired_cis_count,ENTPD7,0.913597360652119,7.769828470394202e-05
paired_cis_count,ENTR1,0.9134214492175081,-9.821314990698937e-05
paired_cis_count,EOGT,0.9135226120555386,2.949688123532468e-06
paired_cis_count,EOMES,0.9135206676635949,1.0052961797457627e-06
paired_cis_count,EP300,0.909931958370724,-0.0035877039966910607
paired_cis_count,EPAS1,0.9136180511367676,9.838876935253094e-05
paired_cis_count,EPB41,0.913471449541322,-4.821282609313027e-05
paired_cis_count,EPC1,0.912154715422382,-0.0013649469450330853
paired_cis_count,EPC2,0.9135250731450087,5.410777593639615e-06
paired_cis_count,EPG5,0.9137297492360918,0.00021008686867673987
paired_cis_count,EPHA4,0.9135166081975291,-3.054169885996494e-06
paired_cis_count,EPHX2,0.913493673952179,-2.5988415236155582e-05
paired_cis_count,EPM2A,0.9140434417596248,0.0005237793922097111
paired_cis_count,EPM2AIP1,0.915607405882709,0.0020877435152938384
paired_cis_count,EPS15,0.9134958136105684,-2.3848756846689412e-05
paired_cis_count,EPS8L2,0.9135424683788829,2.2806011467757514e-05
paired_cis_count,EPSTI1,0.9135032976837475,-1.6364683667613455e-05
paired_cis_count,ERAP2,0.9128983491465273,-0.0006213132208877647
paired_cis_count,ERBIN,0.9135246896379597,5.0272705446330335e-06
paired_cis_count,ERCC1,0.9130201828685909,-0.000499479498824229
paired_cis_count,ERCC5,0.9138098002875262,0.00029013792011112205
paired_cis_count,ERCC6L2,0.9129779854860305,-0.0005416768813846229
paired_cis_count,ERCC8,0.9135488776820466,2.921531463151439e-05
paired_cis_count,ERGIC1,0.912719402796102,-0.0008002595713131333
paired_cis_count,ERGIC3,0.9134234465911695,-9.621577624563393e-05
paired_cis_count,ERI1,0.9122549410364061,-0.0012647213310089667
paired_cis_count,ERI2,0.9134991467977877,-2.0515569627455044e-05
paired_cis_count,ERI3,0.9135355732270244,1.5910859609280514e-05
paired_cis_count,ERICH1,0.9135443094423862,2.4647074971073657e-05
paired_cis_count,ERLIN1,0.913372588170623,-0.00014707419679216294
paired_cis_count,ERLIN2,0.9130345481650617,-0.0004851142023534205
paired_cis_count,ERMARD,0.9134771374441548,-4.252492326028978e-05
paired_cis_count,ERMP1,0.9135534094031833,3.37470357681946e-05
paired_cis_count,ERN1,0.9128135399824214,-0.0007061223849936793
paired_cis_count,ERO1B,0.9135967048278442,7.704246042905538e-05
paired_cis_count,ERP29,0.9137986269438734,0.00027896457645826267
paired_cis_count,ERP44,0.9135062884392811,-1.3373928134052804e-05
paired_cis_count,ESCO1,0.9135345388921137,1.4876524698559379e-05
paired_cis_count,ESD,0.9134955781719972,-2.408419541788387e-05
paired_cis_count,ESRRA,0.9135831203001763,6.34579327611906e-05
paired_cis_count,ETAA1,0.9135382521876444,1.858982022928668e-05
paired_cis_count,ETFA,0.9135468702139685,2.720784655341202e-05
paired_cis_count,ETFB,0.9135585794581751,3.891709075998229e-05
paired_cis_count,ETHE1,0.913493057914968,-2.660445244706544e-05
paired_cis_count,ETNK1,0.9126623169140393,-0.0008573454533757907
paired_cis_count,ETS2,0.9132843437830821,-0.00023531858433301078
paired_cis_count,ETV3,0.9135378968372356,1.823446982052168e-05
paired_cis_count,ETV6,0.9133694351166236,-0.00015022725079150145
paired_cis_count,EVA1B,0.913562859604762,4.319723734691472e-05
paired_cis_count,EVI2A,0.9135248089587747,5.146591359639352e-06
paired_cis_count,EVI5,0.9136449651113302,0.00012530274391509
paired_cis_count,EVI5L,0.9135152177092224,-4.44465819271489e-06
paired_cis_count,EVL,0.9135559201661766,3.625779876148538e-05
paired_cis_count,EWSR1,0.913519269322604,-3.93044811142218e-07
paired_cis_count,EXD2,0.9135257261891327,6.063821717638973e-06
paired_cis_count,EXD3,0.9135680158574849,4.835349006981904e-05
paired_cis_count,EXO5,0.9135309908683363,1.1328500921226059e-05
paired_cis_count,EXOC6,0.913441066996963,-7.859537045207254e-05
paired_cis_count,EXOC6B,0.9135525027026647,3.284033524963981e-05
paired_cis_count,EXT1,0.91389031733953,0.00037065497211485887
paired_cis_count,EXT2,0.913444055785721,-7.560658169414314e-05
paired_cis_count,EXTL2,0.9135609449066867,4.128253927160319e-05
paired_cis_count,EZR,0.9135153567571108,-4.305610304289331e-06
paired_cis_count,F11R,0.9135944757959427,7.481342852755368e-05
paired_cis_count,F2R,0.9135246632036298,5.000836214685833e-06
paired_cis_count,F5,0.9137834470057946,0.00026378463837950505
paired_cis_count,F8,0.9136901201685855,0.00017045780117042053
paired_cis_count,FAAH2,0.9135181864498391,-1.475917576043706e-06
paired_cis_count,FAAP100,0.9138377691151011,0.00031810674768595337
paired_cis_count,FABP5,0.9133342053074598,-0.00018545705995531847
paired_cis_count,FADS2,0.9135379852592477,1.83228918325673e-05
paired_cis_count,FAF1,0.9146719201480744,0.0011522577806593048
paired_cis_count,FAH,0.9135563033451795,3.664097776434616e-05
paired_cis_count,FAHD1,0.9135165044382019,-3.1579292132377645e-06
paired_cis_count,FAHD2B,0.9135202391142873,5.767468721495916e-07
paired_cis_count,FAM102A,0.9133696318115823,-0.0001500305558328474
paired_cis_count,FAM102B,0.9131410121711663,-0.0003786501962488309
paired_cis_count,FAM104B,0.9134485209275288,-7.114143988629085e-05
paired_cis_count,FAM107B,0.9132296218584737,-0.00029004050894143596
paired_cis_count,FAM111A,0.9135533083675138,3.3646000098697115e-05
paired_cis_count,FAM111B,0.9135361103957302,1.644802831513026e-05
paired_cis_count,FAM114A2,0.9134714287113894,-4.8233656025686855e-05
paired_cis_count,FAM117A,0.9134844536854008,-3.5208682014342685e-05
paired_cis_count,FAM117B,0.913546980774052,2.7318406636944736e-05
paired_cis_count,FAM118B,0.912561276339022,-0.0009583860283931545
paired_cis_count,FAM120AOS,0.9134735511545382,-4.611121287689812e-05
paired_cis_count,FAM120B,0.913504917396414,-1.4744971001068308e-05
paired_cis_count,FAM122A,0.913264827658843,-0.000254834708572127
paired_cis_count,FAM122B,0.9137156010540511,0.00019593868663603242
paired_cis_count,FAM122C,0.913090858259458,-0.00042880410795709256
paired_cis_count,FAM126A,0.9136224047537684,0.00010274238635332722
paired_cis_count,FAM129A,0.9135345509408338,1.4888573418692097e-05
paired_cis_count,FAM13A,0.9131437554829855,-0.00037590688442956655
paired_cis_count,FAM160A2,0.9134557014100017,-6.396095741345587e-05
paired_cis_count,FAM160B2,0.9139644712735646,0.0004448089061495075
paired_cis_count,FAM161A,0.9135120447070522,-7.61766036294631e-06
paired_cis_count,FAM168A,0.9134970961780451,-2.2566189370021306e-05
paired_cis_count,FAM168B,0.9146364076480762,0.00111674528066108
paired_cis_count,FAM172A,0.9135180573296178,-1.6050377973364505e-06
paired_cis_count,FAM173A,0.9131676283116869,-0.0003520340557282564
paired_cis_count,FAM184A,0.9131329582785679,-0.00038670408884722285
paired_cis_count,FAM185A,0.9135999979460624,8.033557864728369e-05
paired_cis_count,FAM189B,0.913525153705743,5.49133832794535e-06
paired_cis_count,FAM192A,0.9124646577570601,-0.0010550046103550148
paired_cis_count,FAM193B,0.9140412071284658,0.0005215447610507074
paired_cis_count,FAM199X,0.913533164175193,1.3501807777926977e-05
paired_cis_count,FAM200A,0.9136122911071421,9.262873972704089e-05
paired_cis_count,FAM200B,0.913341605376431,-0.00017805699098405459
paired_cis_count,FAM207A,0.9134547099256236,-6.495244179149928e-05
paired_cis_count,FAM208A,0.9134742966126952,-4.5365754719917106e-05
paired_cis_count,FAM210B,0.913515807432354,-3.8549350610539435e-06
paired_cis_count,FAM214A,0.9134242941503357,-9.536821707945009e-05
paired_cis_count,FAM214B,0.9135977914534719,7.812908605675517e-05
paired_cis_count,FAM216A,0.910612671565339,-0.002906990802076126
paired_cis_count,FAM217B,0.9136126253482677,9.296298085259558e-05
paired_cis_count,FAM219A,0.9135330601069334,1.3397739518250518e-05
paired_cis_count,FAM219B,0.9130646046723485,-0.0004550576950665963
paired_cis_count,FAM221A,0.9136524532484932,0.00013279088107809311
paired_cis_count,FAM222B,0.913583788878931,6.412651151588289e-05
paired_cis_count,FAM229B,0.9135365741973163,1.691182990115614e-05
paired_cis_count,FAM234A,0.9137681267022764,0.00024846433486125363
paired_cis_count,FAM234B,0.913516534832255,-3.1275351600745793e-06
paired_cis_count,FAM24B,0.9134994333410553,-2.0229026359785962e-05
paired_cis_count,FAM3A,0.9142153600836027,0.0006956977161876043
paired_cis_count,FAM3C,0.9154321980422397,0.0019125356748246336
paired_cis_count,FAM43A,0.9134964333345222,-2.3229032892868595e-05
paired_cis_count,FAM45A,0.9134515593622387,-6.81030051764564e-05
paired_cis_count,FAM49B,0.9134989161726043,-2.074619481085005e-05
paired_cis_count,FAM50A,0.9135296417793128,9.979411897731438e-06
paired_cis_count,FAM50B,0.9135561569130273,3.6494545612164586e-05
paired_cis_count,FAM53B,0.9134275416803737,-9.21206870414526e-05
paired_cis_count,FAM53C,0.9135398605206465,2.019815323139884e-05
paired_cis_count,FAM57A,0.9135237129771938,4.050609778705194e-06
paired_cis_count,FAM69A,0.914022606318967,0.0005029439515519263
paired_cis_count,FAM76A,0.9135219668600408,2.3044926257265175e-06
paired_cis_count,FAM76B,0.9134997153209504,-1.994704646468559e-05
paired_cis_count,FAM78A,0.9135421538604547,2.249149303956699e-05
paired_cis_count,FAM83D,0.913528983326756,9.320959340919366e-06
paired_cis_count,FAM89A,0.9135120561695047,-7.606197910403623e-06
paired_cis_count,FAM89B,0.9136782042925057,0.00015854192509057174
paired_cis_count,FAM8A1,0.9135681042625156,4.8441895100448384e-05
paired_cis_count,FAM98A,0.9135459958506695,2.633348325442597e-05
paired_cis_count,FAM98B,0.9134229188739447,-9.674349347044142e-05
paired_cis_count,FAN1,0.9131007998657619,-0.0004188625016532388
paired_cis_count,FANCB,0.9143261691903678,0.0008065068229526906
paired_cis_count,FANCD2,0.9118790837168139,-0.0016405786506011877
paired_cis_count,FANCG,0.9133822696510853,-0.00013739271632984273
paired_cis_count,FANCM,0.9124851451005612,-0.001034517266853885
paired_cis_count,FAR1,0.9134962443580953,-2.3418009319819966e-05
paired_cis_count,FARP2,0.9135030999999567,-1.656236745839479e-05
paired_cis_count,FARS2,0.9135461729318319,2.65105644168262e-05
paired_cis_count,FAS,0.913466986850844,-5.267551657106573e-05
paired_cis_count,FASLG,0.9135236778960506,4.015528635492593e-06
paired_cis_count,FASTKD1,0.9134416443134508,-7.801805396434602e-05
paired_cis_count,FASTKD2,0.9135886840453356,6.902167792044445e-05
paired_cis_count,FASTKD5,0.9134950102867302,-2.4652080684917088e-05
paired_cis_count,FBF1,0.9135055860527974,-1.4076314617694763e-05
paired_cis_count,FBH1,0.9135163597222431,-3.3026451720097327e-06
paired_cis_count,FBXL15,0.9157767850034787,0.002257122636063591
paired_cis_count,FBXL17,0.9134942872805479,-2.5375086867174268e-05
paired_cis_count,FBXL20,0.9134589371646928,-6.072520272226711e-05
paired_cis_count,FBXL3,0.9135606657787151,4.1003411299977977e-05
paired_cis_count,FBXL4,0.913542123589239,2.246122182392174e-05
paired_cis_count,FBXL6,0.9103733722966965,-0.003146290070718649
paired_cis_count,FBXO11,0.913383977542183,-0.00013568482523207415
paired_cis_count,FBXO21,0.913471638219643,-4.802414777216324e-05
paired_cis_count,FBXO22,0.9134073110773356,-0.00011235129007947098
paired_cis_count,FBXO28,0.9136213216461603,0.00010165927874516978
paired_cis_count,FBXO30,0.9135476560295782,2.799366216310606e-05
paired_cis_count,FBXO31,0.9135687551053199,4.909273790476565e-05
paired_cis_count,FBXO32,0.9063605363717651,-0.007159125995650051
paired_cis_count,FBXO38,0.9135449391018444,2.5276734429313663e-05
paired_cis_count,FBXO41,0.9140525341925526,0.0005328718251375042
paired_cis_count,FBXO42,0.913478257637635,-4.140472978009235e-05
paired_cis_count,FBXO43,0.9138428887215898,0.00032322635417469936
paired_cis_count,FBXO44,0.9136806385907313,0.00016097622331623374
paired_cis_count,FBXO45,0.9135750841354805,5.542176806538901e-05
paired_cis_count,FBXO46,0.9133754607680162,-0.00014420159939887434
paired_cis_count,FBXO48,0.9135622631354703,4.260076805517876e-05
paired_cis_count,FBXO8,0.9136133244988089,9.366213139383461e-05
paired_cis_count,FBXO9,0.9135981127168731,7.845034945797025e-05
paired_cis_count,FBXW2,0.9139013824662023,0.00038172009878723046
paired_cis_count,FBXW4,0.9135263228640448,6.660496629673496e-06
paired_cis_count,FBXW5,0.9130320196547284,-0.0004876427126867533
paired_cis_count,FBXW7,0.9108776401557483,-0.0026420222116667613
paired_cis_count,FBXW8,0.913543210942675,2.3548575259879634e-05
paired_cis_count,FBXW9,0.913512850666052,-6.811701363074185e-06
paired_cis_count,FCER1G,0.913529197208822,9.534841406866335e-06
paired_cis_count,FCGRT,0.913707997651366,0.00018833528395090227
paired_cis_count,FCHSD1,0.9135165634737384,-3.0988936766673802e-06
paired_cis_count,FCHSD2,0.9135006561195855,-1.900624782957827e-05
paired_cis_count,FDFT1,0.9135402077309216,2.0545363506485614e-05
paired_cis_count,FDXACB1,0.9135860290277331,6.636666031800686e-05
paired_cis_count,FDXR,0.9135196623674091,-5.995204332975845e-15
paired_cis_count,FEM1B,0.913509032036083,-1.0630331332084353e-05
paired_cis_count,FEM1C,0.9135943325846865,7.467021727136647e-05
paired_cis_count,FER,0.9136057162705504,8.605390313531913e-05
paired_cis_count,FERMT3,0.9132693810857913,-0.0002502812816238542
paired_cis_count,FES,0.9134435029733925,-7.61593940226124e-05
paired_cis_count,FEZ2,0.9136003252523597,8.066288494457119e-05
paired_cis_count,FGD3,0.9134847228501921,-3.493951722299826e-05
paired_cis_count,FGF11,0.9135179936189577,-1.6687484574173794e-06
paired_cis_count,FGF2,0.914565163378507,0.0010455010110919094
paired_cis_count,FGFBP2,0.9135110813548216,-8.581012593489312e-06
paired_cis_count,FGFR1OP2,0.91352709156483,7.429197414920985e-06
paired_cis_count,FGGY,0.9134213081164625,-9.835425095261474e-05
paired_cis_count,FGL2,0.913541707235742,2.2044868326909217e-05
paired_cis_count,FHL3,0.9135666883122283,4.702594481320599e-05
paired_cis_count,FHOD1,0.913426917976911,-9.274439050410699e-05
paired_cis_count,FIBP,0.9135506334756313,3.097110821614901e-05
paired_cis_count,FICD,0.9141900399489707,0.0006703775815556368
paired_cis_count,FIG4,0.9135090446047305,-1.0617762684628218e-05
paired_cis_count,FIGNL1,0.9135259326658692,6.270298454125189e-06
paired_cis_count,FILIP1L,0.9153453003485719,0.001825637981156758
paired_cis_count,FITM2,0.9135791603135739,5.94979461587819e-05
paired_cis_count,FIZ1,0.9135173564152461,-2.3059521689905438e-06
paired_cis_count,FKBP11,0.9137133563705628,0.00019369400314772633
paired_cis_count,FKBP14,0.9135630902393325,4.342787191735642e-05
paired_cis_count,FKBP5,0.9134979635161347,-2.169885128044946e-05
paired_cis_count,FKBPL,0.9133746537835694,-0.00014500858384569604
paired_cis_count,FKTN,0.9134833116971134,-3.6350670301721344e-05
paired_cis_count,FLCN,0.9127634046111306,-0.0007562577562845174
paired_cis_count,FLII,0.9154333124224655,0.0019136500550503976
paired_cis_count,FLNA,0.91320415265862,-0.0003155097087951253
paired_cis_count,FLNB,0.9133381986943591,-0.00018146367305604816
paired_cis_count,FLOT1,0.9135384419200103,1.877955259521613e-05
paired_cis_count,FLOT2,0.91351427786446,-5.3845029550636525e-06
paired_cis_count,FLT1,0.9137189526715274,0.000199290304112254
paired_cis_count,FLT3LG,0.9135507837036142,3.112133619909141e-05
paired_cis_count,FLVCR1,0.9115756675055773,-0.0019439948618378278
paired_cis_count,FLYWCH2,0.9135102191577453,-9.443209669779407e-06
paired_cis_count,FMC1,0.9134972748596922,-2.2387507722876343e-05
paired_cis_count,FMNL1,0.9135395716237367,1.990925632155971e-05
paired_cis_count,FN3KRP,0.9136120023150078,9.233994759272335e-05
paired_cis_count,FNBP1,0.9134388536886412,-8.080867877391373e-05
paired_cis_count,FNDC3A,0.9134102386292224,-0.00010942373819267104
paired_cis_count,FNDC3B,0.9193481557872348,0.005828493419819725
paired_cis_count,FNIP1,0.9135119340016048,-7.72836581031111e-06
paired_cis_count,FOPNL,0.9135447176985348,2.505533111973879e-05
paired_cis_count,FOS,0.9135353218886233,1.565952120818892e-05
paired_cis_count,FOSL2,0.913159259058902,-0.0003604033085130576
paired_cis_count,FOXJ2,0.9134884235124673,-3.1238854947823746e-05
paired_cis_count,FOXJ3,0.9135401855247509,2.0523157335805564e-05
paired_cis_count,FOXK2,0.9136219264573376,0.00010226408992253244
paired_cis_count,FOXM1,0.9133795746128837,-0.00014008775453144828
paired_cis_count,FOXN2,0.9135678294417937,4.816707437860224e-05
paired_cis_count,FOXN3,0.9139110993895306,0.0003914370221155261
paired_cis_count,FOXO4,0.9127743990046356,-0.0007452633627794691
paired_cis_count,FOXP1,0.9135443731146643,2.4710747249190312e-05
paired_cis_count,FOXP3,0.9136122572452653,9.259487785018283e-05
paired_cis_count,FOXP4,0.9135599601786609,4.029781124581522e-05
paired_cis_count,FOXRED1,0.913586052444524,6.639007710884659e-05
paired_cis_count,FRA10AC1,0.9131458160386307,-0.0003738463287844551
paired_cis_count,FRAT2,0.9132602202692662,-0.00025944209814887653
paired_cis_count,FRG1,0.9133301145962294,-0.0001895477711857385
paired_cis_count,FRMD4B,0.9141536445303362,0.0006339821629210984
paired_cis_count,FRMD6,0.9135347868175666,1.5124450151504654e-05
paired_cis_count,FRS2,0.9135164285803957,-3.233787019385481e-06
paired_cis_count,FRY,0.9135628681330161,4.320576560101763e-05
paired_cis_count,FRYL,0.9139276645623214,0.0004080021949063317
paired_cis_count,FSCN1,0.9134115573164708,-0.0001081050509442738
paired_cis_count,FSD1,0.9135178860473807,-1.7763200343967611e-06
paired_cis_count,FTH1,0.9135117084914083,-7.95387600682762e-06
paired_cis_count,FTL,0.9134328382758548,-8.682409156035575e-05
paired_cis_count,FTO,0.9135644468488896,4.478448147449132e-05
paired_cis_count,FTSJ1,0.9134987238682055,-2.0938499209588457e-05
paired_cis_count,FUBP1,0.9129275008311448,-0.0005921615362702859
paired_cis_count,FUCA1,0.913461443200357,-5.821916705806007e-05
paired_cis_count,FUCA2,0.9134687792628128,-5.0883104602328366e-05
paired_cis_count,FUK,0.9135788541340316,5.919176661650649e-05
paired_cis_count,FUNDC2,0.9137373796751289,0.00021771730771380504
paired_cis_count,FUOM,0.9133649521171755,-0.00015471025023960916
paired_cis_count,FURIN,0.9134837777632584,-3.5884604156710687e-05
paired_cis_count,FUS,0.9119880201646525,-0.0015316422027625842
paired_cis_count,FUT10,0.9151432503291967,0.0016235879617816362
paired_cis_count,FUT11,0.9135551267964747,3.546442905955072e-05
paired_cis_count,FUT4,0.9134663382308319,-5.3324136583210446e-05
paired_cis_count,FUT7,0.9133029679813649,-0.00021669438605020908
paired_cis_count,FUT8,0.913692596892853,0.00017293452543787335
paired_cis_count,FUZ,0.9135137728799717,-5.889487443400121e-06
paired_cis_count,FXR1,0.9143634209182184,0.0008437585508033196
paired_cis_count,FXYD5,0.9139732950777593,0.000453632710344154
paired_cis_count,FYB1,0.9135952649582242,7.560259080907628e-05
paired_cis_count,FYCO1,0.9135588254375817,3.9163070166603475e-05
paired_cis_count,FYN,0.9136009676378098,8.130527039473812e-05
paired_cis_count,FYTTD1,0.9138004848095739,0.00028082244215876795
paired_cis_count,FZD3,0.9156065212393889,0.0020868588719737957
paired_cis_count,G0S2,0.9134810495613566,-3.861280605854667e-05
paired_cis_count,G2E3,0.9135217737621747,2.1113947595852167e-06
paired_cis_count,G3BP2,0.9134076939737292,-0.00011196839368587952
paired_cis_count,G6PC3,0.9134893180575911,-3.0344309823959748e-05
paired_cis_count,G6PD,0.9135171278368034,-2.5345306117197097e-06
paired_cis_count,GAB2,0.9135364284853441,1.676611792900129e-05
paired_cis_count,GAB3,0.913520817691364,1.155323948842657e-06
paired_cis_count,GABBR1,0.9135165828332308,-3.079534184324828e-06
paired_cis_count,GABPB1,0.9135003177749741,-1.9344592441017383e-05
paired_cis_count,GABPB2,0.9143160106421221,0.0007963482747069817
paired_cis_count,GAD1,0.9135115598598919,-8.102507523255476e-06
paired_cis_count,GADD45A,0.9135080058051024,-1.165656231272294e-05
paired_cis_count,GADD45B,0.913617683405581,9.802103816591856e-05
paired_cis_count,GADD45GIP1,0.913521088725574,1.4263581589180063e-06
paired_cis_count,GALC,0.9135232444816493,3.5821142342351564e-06
paired_cis_count,GALE,0.9135231973536722,3.534986257047734e-06
paired_cis_count,GALK2,0.9134896168578556,-3.0045509559539774e-05
paired_cis_count,GALM,0.913513588061812,-6.074305603065433e-06
paired_cis_count,GALNT2,0.9135932060612422,7.354369382706061e-05
paired_cis_count,GALNT4,0.9126926350909799,-0.0008270272764352438
paired_cis_count,GALNT6,0.9150208105108085,0.001501148143393416
paired_cis_count,GALNT7,0.9158020879797183,0.002282425612303185
paired_cis_count,GALT,0.9135217848248577,2.122457442577108e-06
paired_cis_count,GANC,0.9134893794789489,-3.02828884661821e-05
paired_cis_count,GAPVD1,0.9136985277012225,0.00017886533380739866
paired_cis_count,GAREM2,0.9138177275604039,0.00029806519298880563
paired_cis_count,GATA3,0.9136909317746772,0.00017126940726208684
paired_cis_count,GATAD2A,0.9135740160158566,5.435364844152968e-05
paired_cis_count,GATC,0.9130990945863248,-0.0004205677810903419
paired_cis_count,GATD1,0.9134931411588864,-2.6521208528751394e-05
paired_cis_count,GBA,0.915048346987772,0.0015286846203569349
paired_cis_count,GBE1,0.9135401209936902,2.045862627508832e-05
paired_cis_count,GBP1,0.913930897789015,0.00041123542159993143
paired_cis_count,GBP3,0.9134912200644146,-2.8442303000475455e-05
paired_cis_count,GBP4,0.9135849475417369,6.528517432180525e-05
paired_cis_count,GBP5,0.9134647668779887,-5.4895489426387556e-05
paired_cis_count,GCA,0.9133344927967968,-0.0001851695706183154
paired_cis_count,GCC2,0.9136259428443151,0.0001062804768999781
paired_cis_count,GCDH,0.9135304183540338,1.0755986618704583e-05
paired_cis_count,GCFC2,0.9135535852797273,3.39229123121898e-05
paired_cis_count,GCH1,0.9134850266957548,-3.4635671660288025e-05
paired_cis_count,GCHFR,0.913549662559294,3.000019187893166e-05
paired_cis_count,GCLM,0.9135275446158391,7.882248423962679e-06
paired_cis_count,GCNA,0.9133504591847444,-0.00016920318267066303
paired_cis_count,GCNT1,0.9119553036722285,-0.001564358695186563
paired_cis_count,GCSAM,0.9135030953013902,-1.6567066024930632e-05
paired_cis_count,GDAP1,0.9135176503024097,-2.0120650053856437e-06
paired_cis_count,GDE1,0.9135966337666527,7.697139923756868e-05
paired_cis_count,GDI2,0.9135255748598055,5.9124923903475235e-06
paired_cis_count,GDPD5,0.9139132221469112,0.0003935597794960666
paired_cis_count,GEN1,0.9139218797450003,0.00040221737758516785
paired_cis_count,GFI1,0.9139313134299066,0.00041165106249152483
paired_cis_count,GFOD1,0.9135796316120227,5.9969244607605e-05
paired_cis_count,GFOD2,0.9135754553687904,5.579300137525944e-05
paired_cis_count,GGA1,0.9134443604715105,-7.530189590465586e-05
paired_cis_count,GGA2,0.9138689686059527,0.00034930623853757226
paired_cis_count,GGA3,0.9134103617901094,-0.00010930057730573761
paired_cis_count,GGCX,0.9133283964952603,-0.00019126587215478885
paired_cis_count,GGH,0.9137877906341736,0.0002681282667584828
paired_cis_count,GGNBP2,0.9134900342530151,-2.9628114399993244e-05
paired_cis_count,GHDC,0.9135052929711822,-1.4369396232893905e-05
paired_cis_count,GHITM,0.9142798598704521,0.0007601975030370189
paired_cis_count,GID4,0.9134262758488653,-9.338651854984281e-05
paired_cis_count,GID8,0.9130654563256716,-0.0004542060417435101
paired_cis_count,GIMAP2,0.9135492278995341,2.9565532118969173e-05
paired_cis_count,GIMAP4,0.9135674623614966,4.779999408144331e-05
paired_cis_count,GIMAP5,0.9135256601011621,5.9977337469874215e-06
paired_cis_count,GIMAP6,0.913487373114127,-3.228925328813137e-05
paired_cis_count,GIMAP7,0.9130897836619688,-0.00042987870544630713
paired_cis_count,GIMAP8,0.9134372293558719,-8.24330115432037e-05
paired_cis_count,GIN1,0.9135642224527412,4.4560085326050825e-05
paired_cis_count,GIPC1,0.9134237992162048,-9.586315121035138e-05
paired_cis_count,GIT1,0.9119533366121668,-0.0015663257552482879
paired_cis_count,GIT2,0.9115570671809625,-0.001962595186452587
paired_cis_count,GJB6,0.9134963231278389,-2.333923957620332e-05
paired_cis_count,GLA,0.9135010752131757,-1.8587154239413373e-05
paired_cis_count,GLB1L3,0.9136606338952192,0.00014097152780412348
paired_cis_count,GLG1,0.9135408227721681,2.1160404752973427e-05
paired_cis_count,GLIPR1,0.9142689503961063,0.0007492880286912307
paired_cis_count,GLIPR2,0.9135187018211747,-9.605462404360665e-07
paired_cis_count,GLO1,0.9135075162318762,-1.214613553890409e-05
paired_cis_count,GLOD4,0.9135023767565109,-1.7285610904194115e-05
paired_cis_count,GLRX,0.9134418033769361,-7.785899047896283e-05
paired_cis_count,GLRX2,0.9135074001087287,-1.2262258686446259e-05
paired_cis_count,GLRX5,0.9130680779043875,-0.0004515844630276211
paired_cis_count,GLT8D1,0.9135407875226595,2.1125155244439142e-05
paired_cis_count,GLUL,0.9137445064775089,0.00022484411009382477
paired_cis_count,GLYCTK,0.9134882842336983,-3.1378133716786216e-05
paired_cis_count,GLYR1,0.910501405976391,-0.0030182563910241544
paired_cis_count,GM2A,0.9134813061148982,-3.8356252516913436e-05
paired_cis_count,GMCL1,0.913548313260937,2.8650893521886545e-05
paired_cis_count,GMDS,0.9135239072832102,4.244915795093007e-06
paired_cis_count,GMEB1,0.9134600355676431,-5.962679977200569e-05
paired_cis_count,GMFB,0.913595679426751,7.601705933590885e-05
paired_cis_count,GMFG,0.9135817502509077,6.208788349260086e-05
paired_cis_count,GMNN,0.9133646697963609,-0.00015499257105422437
paired_cis_count,GMPR2,0.9134975465976528,-2.2115769762298676e-05
paired_cis_count,GNA12,0.914031291546549,0.0005116291791339433
paired_cis_count,GNA13,0.9128888750325017,-0.0006307873349133963
paired_cis_count,GNAI1,0.9134447983166591,-7.486405075596281e-05
paired_cis_count,GNAI3,0.9135687048262017,4.9042458786563436e-05
paired_cis_count,GNB2,0.9135838186897498,6.415632233469637e-05
paired_cis_count,GNB4,0.9135857149980331,6.605263061798539e-05
paired_cis_count,GNB5,0.9135846476992406,6.49853318255289e-05
paired_cis_count,GNE,0.913519741066766,7.869935092497116e-08
paired_cis_count,GNG2,0.9140093383434398,0.0004896759760246727
paired_cis_count,GNG4,0.9134677172749122,-5.194509250294743e-05
paired_cis_count,GNG8,0.9135758734989438,5.621113152864954e-05
paired_cis_count,GNGT2,0.9134898041801247,-2.985818729039913e-05
paired_cis_count,GNPDA1,0.9135171185862748,-2.543781140285084e-06
paired_cis_count,GNPDA2,0.9135356656773229,1.6003309907808294e-05
paired_cis_count,GNPTAB,0.9135035249341227,-1.6137433292429115e-05
paired_cis_count,GOLGA1,0.9134908533680579,-2.8808999357199383e-05
paired_cis_count,GOLGA2,0.9131081542410444,-0.00041150812637069656
paired_cis_count,GOLGA7,0.9135427493784337,2.308701101860766e-05
paired_cis_count,GOLGA8B,0.9134617464039589,-5.7915963456167674e-05
paired_cis_count,GOLGB1,0.9139912938291368,0.0004716314617216888
paired_cis_count,GOLM1,0.9135521866302907,3.2524262875588406e-05
paired_cis_count,GOLPH3,0.9135206734835257,1.011116110616328e-06
paired_cis_count,GOLPH3L,0.9135245535289931,4.8911615779800854e-06
paired_cis_count,GON7,0.9135368209760159,1.7158608600742475e-05
paired_cis_count,GOPC,0.9135250401728847,5.377805469608532e-06
paired_cis_count,GORAB,0.9134912462486211,-2.841611879400574e-05
paired_cis_count,GORASP1,0.9141112128512522,0.0005915504838370778
paired_cis_count,GOT1,0.9136341896955823,0.00011452732816719102
paired_cis_count,GOT2,0.913518042766748,-1.6196006671354013e-06
paired_cis_count,GPAA1,0.9134961715005394,-2.3490866875697236e-05
paired_cis_count,GPAM,0.9135639787000194,4.431633260426615e-05
paired_cis_count,GPANK1,0.9136892875249616,0.00016962515754648244
paired_cis_count,GPAT2,0.9132445161894174,-0.00027514617799773156
paired_cis_count,GPAT3,0.9135338826416641,1.4220274249021614e-05
paired_cis_count,GPAT4,0.9136538531967137,0.00013419082929855275
paired_cis_count,GPATCH11,0.9139190162539703,0.0003993538865552093
paired_cis_count,GPATCH2,0.9135874670685767,6.78047011616334e-05
paired_cis_count,GPATCH2L,0.9135056923876402,-1.3969979774874908e-05
paired_cis_count,GPATCH4,0.913273057872959,-0.0002466044944561263
paired_cis_count,GPATCH8,0.9134043794549317,-0.00011528291248341649
paired_cis_count,GPBP1,0.9128976711505963,-0.0006219912168188291
paired_cis_count,GPC1,0.9135028215378218,-1.684082959330091e-05
paired_cis_count,GPCPD1,0.9134063037621833,-0.00011335860523176144
paired_cis_count,GPD1L,0.913427847501502,-9.181486591314236e-05
paired_cis_count,GPD2,0.9135160280061108,-3.634361304349909e-06
paired_cis_count,GPHN,0.9135695025702847,4.984020286957769e-05
paired_cis_count,GPI,0.913629196948285,0.00010953458086992995
paired_cis_count,GPR108,0.9136407964739531,0.00012113410653802337
paired_cis_count,GPR132,0.9135691304380181,4.9468070603020386e-05
paired_cis_count,GPR137,0.9123755641380519,-0.001144098229363233
paired_cis_count,GPR15,0.9137504297134019,0.00023076734598681536
paired_cis_count,GPR155,0.9132231391635076,-0.000296523203907495
paired_cis_count,GPR171,0.9135034239006413,-1.623846677378804e-05
paired_cis_count,GPR18,0.9136106069763653,9.094460895020529e-05
paired_cis_count,GPR180,0.913545424043285,2.5761675869873102e-05
paired_cis_count,GPR183,0.9134640188146375,-5.5643552777651095e-05
paired_cis_count,GPR35,0.9135263430170588,6.680649643708847e-06
paired_cis_count,GPR65,0.9129878321490004,-0.0005318302184147417
paired_cis_count,GPR68,0.9134932409518367,-2.6421415578403717e-05
paired_cis_count,GPRIN3,0.9125683752527667,-0.0009512871146484247
paired_cis_count,GPS2,0.9063449402310009,-0.0071747221364142355
paired_cis_count,GPSM3,0.9132444802549539,-0.00027518211246124746
paired_cis_count,GRAMD1B,0.9136013989452275,8.173657781240795e-05
paired_cis_count,GRAMD2B,0.9135341238112918,1.4461443876734315e-05
paired_cis_count,GRAP,0.9135913593763678,7.169700895270914e-05
paired_cis_count,GRASP,0.9135188005180085,-8.618494066192639e-07
paired_cis_count,GRB10,0.9135140911563048,-5.571211110333429e-06
paired_cis_count,GRB2,0.9135153938039314,-4.2685634836781006e-06
paired_cis_count,GRHPR,0.913514165048474,-5.497318941061202e-06
paired_cis_count,GRINA,0.9135805002290527,6.0837861637574875e-05
paired_cis_count,GRK3,0.9125782112418649,-0.0009414511255502189
paired_cis_count,GRK5,0.9132712807453319,-0.0002483816220831825
paired_cis_count,GRK6,0.9135357118326035,1.6049465188405776e-05
paired_cis_count,GRSF1,0.9137169464357154,0.00019728406830032963
paired_cis_count,GSAP,0.9133307851099295,-0.00018887725748562012
paired_cis_count,GSDMD,0.9135174297363796,-2.2326310354925383e-06
paired_cis_count,GSDME,0.9135589029885856,3.9240621170444356e-05
paired_cis_count,GSE1,0.9135487887815266,2.9126414111457777e-05
paired_cis_count,GSK3A,0.913360899232516,-0.0001587631348991536
paired_cis_count,GSK3B,0.9134950776777148,-2.458468970034655e-05
paired_cis_count,GSKIP,0.9130833303408668,-0.00043633202654835834
paired_cis_count,GSPT2,0.9137449593552871,0.00022529698787199237
paired_cis_count,GSTCD,0.9114811706430664,-0.0020384917243486678
paired_cis_count,GSTK1,0.9135151310837984,-4.531283616659998e-06
paired_cis_count,GSTO1,0.9136214662987224,0.00010180393130732046
paired_cis_count,GSTZ1,0.9135730919320663,5.3429564651152894e-05
paired_cis_count,GTF2A1,0.9133978971439355,-0.0001217652234796196
paired_cis_count,GTF2I,0.9134916493559694,-2.8013011445726654e-05
paired_cis_count,GTPBP1,0.914576364889921,0.0010567025225058924
paired_cis_count,GTPBP10,0.9133455087209126,-0.0001741536465025284
paired_cis_count,GTPBP2,0.9135194088689745,-2.534984405722085e-07
paired_cis_count,GTPBP3,0.9132496865151016,-0.00026997585231347543
paired_cis_count,GTPBP8,0.9137327266731678,0.0002130643057527415
paired_cis_count,GTSE1,0.9126756457903391,-0.0008440165770760011
paired_cis_count,GTSF1,0.9135352231989131,1.5560831498007133e-05
paired_cis_count,GUF1,0.9134265588456102,-9.310352180491588e-05
paired_cis_count,GUSB,0.9135141199957195,-5.542371695588244e-06
paired_cis_count,GXYLT1,0.9134805091443885,-3.915322302661117e-05
paired_cis_count,GYPC,0.9079576215138304,-0.005562040853584693
paired_cis_count,GZF1,0.9135281442392712,8.48187185609195e-06
paired_cis_count,GZMA,0.9135028283952259,-1.68339721892119e-05
paired_cis_count,GZMB,0.9129887356283493,-0.0005309267390658512
paired_cis_count,GZMH,0.9135082824449082,-1.1379922506882245e-05
paired_cis_count,H1FX,0.9137648925524121,0.0002452301849970029
paired_cis_count,H2AFJ,0.9133995445002422,-0.00012011786717291972
paired_cis_count,H2AFY,0.9135093824682805,-1.0279899134602033e-05
paired_cis_count,H2AFZ,0.9179767467221361,0.00445708435472103
paired_cis_count,H3F3A,0.9147104890225464,0.0011908266551312607
paired_cis_count,H3F3B,0.9135596305843676,3.996821695251285e-05
paired_cis_count,H6PD,0.9137602788758438,0.00024061650842865934
paired_cis_count,HACD2,0.9136118494181011,9.218705068603228e-05
paired_cis_count,HACD3,0.9135191159039985,-5.46463416628562e-07
paired_cis_count,HACD4,0.9135758614149285,5.6199047513416645e-05
paired_cis_count,HACE1,0.9135978091114528,7.814674403772148e-05
paired_cis_count,HACL1,0.9135205887304486,9.263630335043516e-07
paired_cis_count,HADH,0.9135033386119426,-1.6323755472558155e-05
paired_cis_count,HADHB,0.9144382011131096,0.0009185387456944749
paired_cis_count,HAGHL,0.9135339878402328,1.4325472817655616e-05
paired_cis_count,HAPLN3,0.9135089752158105,-1.0687151604571454e-05
paired_cis_count,HASPIN,0.9134585182538236,-6.114411359148253e-05
paired_cis_count,HAT1,0.913587304887811,6.764252039592744e-05
paired_cis_count,HAVCR2,0.9145128280475758,0.0009931656801607236
paired_cis_count,HBEGF,0.9135571380204732,3.747565305811662e-05
paired_cis_count,HBP1,0.9138360703906079,0.0003164080231927713
paired_cis_count,HCFC1R1,0.9138816109066673,0.0003619485392521993
paired_cis_count,HCLS1,0.9135159364266809,-3.72594073416721e-06
paired_cis_count,HCST,0.9135376238092112,1.7961441796110478e-05
paired_cis_count,HDAC1,0.9135218628871997,2.2005197846119984e-06
paired_cis_count,HDAC2,0.9133509345250922,-0.00016872784232291327
paired_cis_count,HDAC4,0.9135664298106554,4.6767443240280926e-05
paired_cis_count,HDAC5,0.9139620690255937,0.000442406658178629
paired_cis_count,HDAC6,0.9136338031303775,0.00011414076296234477
paired_cis_count,HDAC8,0.9134769732933021,-4.2689074112978176e-05
paired_cis_count,HDDC2,0.9135217404259974,2.0780585823221287e-06
paired_cis_count,HDDC3,0.913630786268973,0.00011112390155787466
paired_cis_count,HDGFL2,0.9134942354929463,-2.5426874468825744e-05
paired_cis_count,HDGFL3,0.9132872511343639,-0.0002324112330511774
paired_cis_count,HDHD3,0.9119622883570188,-0.0015573740103963507
paired_cis_count,HDHD5,0.9135392921891086,1.9629821693456506e-05
paired_cis_count,HEATR5B,0.9135541674267694,3.450505935431725e-05
paired_cis_count,HEATR6,0.9134974181192757,-2.2244248139458023e-05
paired_cis_count,HEBP1,0.9133368173041951,-0.00018284506321997185
paired_cis_count,HEBP2,0.9134344589796695,-8.520338774564706e-05
paired_cis_count,HECA,0.9143328465402043,0.0008131841727891942
paired_cis_count,HECTD1,0.916344375541118,0.0028247131737029196
paired_cis_count,HECTD3,0.9135084486637307,-1.1213703684398446e-05
paired_cis_count,HEG1,0.9167140948168923,0.003194432449477147
paired_cis_count,HELB,0.9135270692495675,7.406882152394267e-06
paired_cis_count,HELLS,0.9135489907652448,2.932839782965324e-05
paired_cis_count,HELZ,0.9135388018129589,1.9139445543769895e-05
paired_cis_count,HELZ2,0.9134989560517971,-2.070631561801317e-05
paired_cis_count,HEMK1,0.9135263576002444,6.695232829256881e-06
paired_cis_count,HENMT1,0.9138740066316902,0.0003543442642750527
paired_cis_count,HERC3,0.9137278131828124,0.00020815081539726776
paired_cis_count,HERC5,0.9132234645475423,-0.0002961978198727788
paired_cis_count,HERC6,0.9134899790896002,-2.968327781494029e-05
paired_cis_count,HERPUD1,0.9138023255219915,0.00028266315457636804
paired_cis_count,HES6,0.9137425122262925,0.00022284985887743858
paired_cis_count,HEXA,0.9135638835648876,4.4221197472493756e-05
paired_cis_count,HEXB,0.913497601912331,-2.206045508412746e-05
paired_cis_count,HEXDC,0.9141379337118261,0.0006182713444109478
paired_cis_count,HEXIM1,0.9128643165664659,-0.0006553458009491697
paired_cis_count,HGH1,0.9134251523901902,-9.450997722493248e-05
paired_cis_count,HHLA2,0.9135525250089083,3.286264149315876e-05
paired_cis_count,HHLA3,0.9135194247131195,-2.376542955762062e-07
paired_cis_count,HIBADH,0.9120981349109403,-0.001421527456474836
paired_cis_count,HIBCH,0.9135177155823982,-1.9467850168597423e-06
paired_cis_count,HIC1,0.9158045026043686,0.0022848402369535226
paired_cis_count,HIGD2A,0.9137056334329888,0.00018597106557372012
paired_cis_count,HIKESHI,0.9125196000170643,-0.0010000623503507722
paired_cis_count,HILPDA,0.9135260899948597,6.427627444627326e-06
paired_cis_count,HINT1,0.9134797084173022,-3.995395011291425e-05
paired_cis_count,HINT2,0.9135475080958874,2.7845728472253306e-05
paired_cis_count,HINT3,0.9135692792246266,4.9616857211498555e-05
paired_cis_count,HIP1R,0.9135181829606297,-1.4794067854095871e-06
paired_cis_count,HIPK2,0.9139624913529694,0.00044282898555425554
paired_cis_count,HIPK3,0.9134974628869117,-2.219948050341536e-05
paired_cis_count,HIRIP3,0.9151402468047211,0.0016205844373059497
paired_cis_count,HIST1H1A,0.9134671439953268,-5.251837208830601e-05
paired_cis_count,HIST1H1B,0.9135825885599541,6.292619253900344e-05
paired_cis_count,HIST1H1D,0.9135151556769822,-4.506690432948268e-06
paired_cis_count,HIST1H1E,0.9135835231409606,6.386077354547659e-05
paired_cis_count,HIST1H2BB,0.9135305844935523,1.0922126137180577e-05
paired_cis_count,HIST1H2BG,0.9135202305571604,5.681897452536333e-07
paired_cis_count,HIST1H2BH,0.9135332598758041,1.35975083890294e-05
paired_cis_count,HIST1H3G,0.9132127945946964,-0.0003068677727187108
paired_cis_count,HIST1H3H,0.913616203635127,9.654126771185823e-05
paired_cis_count,HIST1H4C,0.9135543872835663,3.472491615119644e-05
paired_cis_count,HIST1H4J,0.913655756835085,0.00013609446766993383
paired_cis_count,HIST2H2BE,0.9135512901226801,3.162775526499573e-05
paired_cis_count,HIST3H2A,0.9134774765965996,-4.2185770815494905e-05
paired_cis_count,HIST4H4,0.9135494077850176,2.9745417602478064e-05
paired_cis_count,HIVEP2,0.9136146454662594,9.498309884425904e-05
paired_cis_count,HK2,0.9136323902062147,0.0001127278387995645
paired_cis_count,HKDC1,0.9136094513507195,8.978898330436191e-05
paired_cis_count,HLCS,0.913639379820177,0.0001197174527618472
paired_cis_count,HLF,0.9135271440970825,7.481729667357939e-06
paired_cis_count,HLTF,0.9136487871867945,0.00012912481937943365
paired_cis_count,HM13,0.9135195956919349,-6.667548024807957e-08
paired_cis_count,HMBS,0.9148122129072612,0.0012925505398461157
paired_cis_count,HMG20A,0.9135540691677667,3.440680035160515e-05
paired_cis_count,HMG20B,0.9137038902219635,0.00018422785454841328
paired_cis_count,HMGB2,0.9134601946385196,-5.9467728895534755e-05
paired_cis_count,HMGN1,0.9135722235760035,5.256120858843083e-05
paired_cis_count,HMGN3,0.9136098172078572,9.015484044205824e-05
paired_cis_count,HMGN4,0.91341010806326,-0.00010955430415515721
paired_cis_count,HMGXB4,0.9134951730647521,-2.4489302662966672e-05
paired_cis_count,HMMR,0.9135910555124523,7.139314503723515e-05
paired_cis_count,HMOX1,0.9135053654375141,-1.4296929900958766e-05
paired_cis_count,HMOX2,0.9135103703575362,-9.292009878869578e-06
paired_cis_count,HMSD,0.913604584808309,8.492244089386425e-05
paired_cis_count,HNRNPA0,0.9135241373394625,4.474972047363579e-06
paired_cis_count,HNRNPA2B1,0.9133169222014224,-0.00020274016599275413
paired_cis_count,HNRNPAB,0.9135819855224486,6.232315503351682e-05
paired_cis_count,HNRNPD,0.9133694851035717,-0.00015017726384336516
paired_cis_count,HNRNPF,0.9134846353271788,-3.502704023627956e-05
paired_cis_count,HNRNPH2,0.9135172785038195,-2.383863595634139e-06
paired_cis_count,HNRNPH3,0.9136770630779135,0.0001574007104984121
paired_cis_count,HNRNPLL,0.9135255371957088,5.874828293728207e-06
paired_cis_count,HNRNPR,0.9135472758573726,2.7613489957500903e-05
paired_cis_count,HNRNPUL1,0.9128121609617301,-0.0007075014056849849
paired_cis_count,HOMER1,0.913493275559473,-2.6386807942091473e-05
paired_cis_count,HOMER2,0.9135391822777593,1.95199103442123e-05
paired_cis_count,HOMEZ,0.9135707415159101,5.10791484950035e-05
paired_cis_count,HOOK2,0.9134435481601088,-7.611420730635476e-05
paired_cis_count,HOPX,0.913563528079239,4.3865711823909415e-05
paired_cis_count,HOXB2,0.9129036439661686,-0.0006160184012464764
paired_cis_count,HOXB3,0.9134694060496403,-5.025631777477724e-05
paired_cis_count,HOXB4,0.913555022211851,3.535984443592266e-05
paired_cis_count,HOXB9,0.9135723148661594,5.2652498744309995e-05
paired_cis_count,HP1BP3,0.9133934260571728,-0.00012623631024233362
paired_cis_count,HPCAL1,0.9135334007653019,1.3738397886764453e-05
paired_cis_count,HPDL,0.9135666118459194,4.694947850425457e-05
paired_cis_count,HPF1,0.9132810708001733,-0.0002385915672418193
paired_cis_count,HPGD,0.9135975985347842,7.793616736906372e-05
paired_cis_count,HPRT1,0.9139012531355099,0.0003815907680947417
paired_cis_count,HPS1,0.9082009158806899,-0.0053187464867252565
paired_cis_count,HPS3,0.913308234109325,-0.00021142825809006283
paired_cis_count,HPS4,0.9113933832967799,-0.0021262790706352286
paired_cis_count,HPS6,0.9136856843281201,0.00016602196070503172
paired_cis_count,HPSE,0.9135199856223342,3.2325491905460524e-07
paired_cis_count,HRAS,0.9135311544227362,1.1492055321138395e-05
paired_cis_count,HRH2,0.9135028777928255,-1.678457458964555e-05
paired_cis_count,HS1BP3,0.9135325146037637,1.2852236348614987e-05
paired_cis_count,HS2ST1,0.9134789575472138,-4.07048202013538e-05
paired_cis_count,HS3ST3B1,0.913483475253405,-3.61871140101e-05
paired_cis_count,HS6ST1,0.9158324239870836,0.0023127616196685352
paired_cis_count,HSD11B2,0.9135341216664572,1.445929904209109e-05
paired_cis_count,HSD17B10,0.9115763482851373,-0.0019433140822777695
paired_cis_count,HSD17B11,0.9133252289398525,-0.0001944334275626458
paired_cis_count,HSD17B4,0.9135201769284895,5.145610744161644e-07
paired_cis_count,HSD17B8,0.9137505513896974,0.00023088902228229902
paired_cis_count,HSD3B7,0.9138333141608495,0.00031365179343434413
paired_cis_count,HSDL1,0.9135984553016941,7.879293427903722e-05
paired_cis_count,HSDL2,0.9138952916171847,0.00037562924976963785
paired_cis_count,HSF2,0.913514937473671,-4.724893744145753e-06
paired_cis_count,HSF4,0.9135347172133319,1.50548459167954e-05
paired_cis_count,HSF5,0.9135189924289293,-6.699384857977719e-07
paired_cis_count,HSH2D,0.913537917052436,1.82546850209242e-05
paired_cis_count,HSP90AA1,0.9138721909537885,0.0003525285863733574
paired_cis_count,HSP90AB1,0.9135356839293682,1.6021561953127872e-05
paired_cis_count,HSP90B1,0.9135827987379799,6.313637056476473e-05
paired_cis_count,HSPA13,0.9132958813817144,-0.00022378098570075
paired_cis_count,HSPA1B,0.9140440059016638,0.0005243435342486835
paired_cis_count,HSPA1L,0.913558596157097,3.8933789681894204e-05
paired_cis_count,HSPA2,0.9135456889650313,2.6026597616191083e-05
paired_cis_count,HSPA4,0.9135196661200531,3.752637978138296e-09
paired_cis_count,HSPB1,0.9135374021056619,1.773973824681363e-05
paired_cis_count,HSPBAP1,0.9137080564010003,0.00018839403358517082
paired_cis_count,HSPBP1,0.914089623124807,0.0005699607573919074
paired_cis_count,HTATIP2,0.9134827227085338,-3.6939658881296467e-05
paired_cis_count,HTATSF1,0.9146420162338169,0.001122353866401804
paired_cis_count,HTRA2,0.9126662610917716,-0.0008534012756434839
paired_cis_count,HTT,0.913534324765029,1.4662397613940392e-05
paired_cis_count,HUWE1,0.9136719821093094,0.00015231974189433561
paired_cis_count,HVCN1,0.9136700964794819,0.00015043411206683288
paired_cis_count,HYAL2,0.9124699661698972,-0.0010496961975179353
paired_cis_count,HYI,0.9135238831375154,4.220770100316074e-06
paired_cis_count,HYKK,0.9134019673448782,-0.00011769502253689001
paired_cis_count,IAH1,0.9135169589670453,-2.703400369785669e-06
paired_cis_count,IBTK,0.9137573289402019,0.0002376665727867877
paired_cis_count,ICAM1,0.9135215114357497,1.8490683345584458e-06
paired_cis_count,ICAM3,0.9135139635807346,-5.698786680552459e-06
paired_cis_count,ICE2,0.9139069543449794,0.0003872919775642636
paired_cis_count,ICK,0.9133552226323144,-0.00016443973510071874
paired_cis_count,ID3,0.9136944157007318,0.00017475333331673504
paired_cis_count,IDE,0.9135158748229333,-3.787544481825833e-06
paired_cis_count,IDH1,0.9129964105555625,-0.000523251811852643
paired_cis_count,IDH2,0.9137099291661397,0.00019026679872458097
paired_cis_count,IDH3B,0.9135952701444601,7.560777704496147e-05
paired_cis_count,IDH3G,0.913755575461431,0.00023591309401593819
paired_cis_count,IDNK,0.9136780514743525,0.0001583891069374399
paired_cis_count,IDS,0.9135223487383781,2.6863709630120525e-06
paired_cis_count,IDUA,0.9118230732525953,-0.0016965891148198464
paired_cis_count,IER2,0.9135595564699597,3.989410254456871e-05
paired_cis_count,IER3,0.9135403531597968,2.069079238165017e-05
paired_cis_count,IER3IP1,0.9134802739914248,-3.938837599026801e-05
paired_cis_count,IER5,0.913543568662708,2.390629529291921e-05
paired_cis_count,IFFO1,0.9152554954667725,0.0017358330993574311
paired_cis_count,IFFO2,0.9137446284615363,0.00022496609412114843
paired_cis_count,IFI16,0.9138109571249948,0.0002912947575797187
paired_cis_count,IFI27,0.9134547502637187,-6.491210369641287e-05
paired_cis_count,IFI27L2,0.9135277614982897,8.099130874628102e-06
paired_cis_count,IFI30,0.9188545559629403,0.005334893595525192
paired_cis_count,IFI35,0.91350553449225,-1.412787516508196e-05
paired_cis_count,IFI44,0.9135699987602927,5.0336392877547986e-05
paired_cis_count,IFI44L,0.9133006368168676,-0.0002190255505475358
paired_cis_count,IFI6,0.9137626633065152,0.00024300093910012421
paired_cis_count,IFIT1,0.9135309570804033,1.1294712988219047e-05
paired_cis_count,IFIT2,0.9137146723216371,0.00019500995422194745
paired_cis_count,IFIT3,0.9136506196736697,0.00013095730625456437
paired_cis_count,IFIT5,0.9135255085503441,5.846182928981314e-06
paired_cis_count,IFITM1,0.9135192395916076,-4.227758074737409e-07
paired_cis_count,IFITM2,0.9139909038119203,0.00047124144450516603
paired_cis_count,IFITM3,0.9135731072564535,5.3444889038356536e-05
paired_cis_count,IFNAR1,0.913577183193943,5.7520826527879265e-05
paired_cis_count,IFNAR2,0.9128347594285497,-0.0006849029388653616
paired_cis_count,IFNG,0.9134401840639244,-7.947830349075424e-05
paired_cis_count,IFNGR1,0.9135299829489743,1.0320581559142283e-05
paired_cis_count,IFNGR2,0.9137513240579958,0.00023166169058064234
paired_cis_count,IFRD1,0.9135401568064578,2.049443904272863e-05
paired_cis_count,IFRD2,0.913496934649551,-2.272771786415717e-05
paired_cis_count,IFT122,0.9135191939210878,-4.6844632728415547e-07
paired_cis_count,IFT172,0.9135239131778762,4.250810461070564e-06
paired_cis_count,IFT20,0.9135512164070843,3.155403966914605e-05
paired_cis_count,IFT22,0.9135129148024896,-6.747564925468907e-06
paired_cis_count,IFT27,0.9136171658456954,9.750347828030304e-05
paired_cis_count,IFT43,0.9136430361920554,0.0001233738246403382
paired_cis_count,IFT46,0.9135242087552046,4.54638778946137e-06
paired_cis_count,IFT52,0.9135276931004127,8.030732997599266e-06
paired_cis_count,IFT57,0.9137030430870001,0.00018338071958501345
paired_cis_count,IFT88,0.9139542840174396,0.0004346216500245026
paired_cis_count,IGF1R,0.9136415728224158,0.00012191045500065112
paired_cis_count,IGF2BP3,0.9136616092030375,0.0001419468356224085
paired_cis_count,IGF2R,0.9137280201986222,0.0002083578312070955
paired_cis_count,IGIP,0.9134157247506323,-0.00010393761678284541
paired_cis_count,IGSF8,0.9135273395711532,7.677203738065685e-06
paired_cis_count,IGSF9B,0.9134104218428215,-0.00010924052459360123
paired_cis_count,IKBKB,0.9124654505607105,-0.0010542118067046191
paired_cis_count,IKBKE,0.913581927893069,6.226552565391508e-05
paired_cis_count,IKZF1,0.9128287556961459,-0.0006909066712692535
paired_cis_count,IKZF2,0.9146053406118704,0.0010856782444552682
paired_cis_count,IKZF3,0.9131463849654944,-0.0003732774019207241
paired_cis_count,IKZF4,0.9135115526976331,-8.109669782041529e-06
paired_cis_count,IKZF5,0.9135144346817446,-5.2276856704613905e-06
paired_cis_count,IL10RA,0.9136532455182886,0.00013358315087352857
paired_cis_count,IL10RB,0.9134584734189035,-6.11889485115924e-05
paired_cis_count,IL11RA,0.9135267918468332,7.129479418055418e-06
paired_cis_count,IL12RB1,0.9135860211153198,6.635874790472673e-05
paired_cis_count,IL12RB2,0.914429856754812,0.0009101943873969232
paired_cis_count,IL17RA,0.9135213223457672,1.6599783521087375e-06
paired_cis_count,IL18BP,0.913553446447774,3.3784080358922886e-05
paired_cis_count,IL18R1,0.9135222131207446,2.550753329444433e-06
paired_cis_count,IL18RAP,0.9135602101417014,4.054777428630363e-05
paired_cis_count,IL1A,0.913519246725803,-4.156416121281481e-07
paired_cis_count,IL1RAP,0.9134316457109232,-8.801665649194046e-05
paired_cis_count,IL1RN,0.9134610069815665,-5.8655385848593866e-05
paired_cis_count,IL2,0.9136846285024189,0.00016496613500383006
paired_cis_count,IL21,0.9133848223393082,-0.00013484002810693063
paired_cis_count,IL22,0.9137985901382542,0.00027892777083904363
paired_cis_count,IL23A,0.9135565704772529,3.690810983780768e-05
paired_cis_count,IL24,0.913568586283184,4.8923915768939175e-05
paired_cis_count,IL26,0.9135402674303685,2.0605062953427122e-05
paired_cis_count,IL32,0.9145399695720741,0.0010203072046589545
paired_cis_count,IL4,0.9133587594999046,-0.00016090286751047067
paired_cis_count,IL4I1,0.9135271023709689,7.440003553793595e-06
paired_cis_count,IL5,0.9135900995984649,7.043723104982469e-05
paired_cis_count,IL6ST,0.9135318294507376,1.216708332252292e-05
paired_cis_count,IL7R,0.9094361531889855,-0.00408350917842959
paired_cis_count,IL9R,0.9132783340849618,-0.0002413282824532681
paired_cis_count,ILDR2,0.9137614456583938,0.000241783290978681
paired_cis_count,ILK,0.9128646422184192,-0.0006550201489958773
paired_cis_count,ILVBL,0.9135834279986518,6.376563123666745e-05
paired_cis_count,IMMP1L,0.9135151337332055,-4.528634209632898e-06
paired_cis_count,IMPA2,0.9131576138055525,-0.0003620485618626157
paired_cis_count,IMPACT,0.9135240869948339,4.424627418786464e-06
paired_cis_count,IMPDH1,0.9131223368696857,-0.00039732549772941717
paired_cis_count,ING4,0.9147025658708395,0.0011829035034244262
paired_cis_count,INIP,0.9174251399704715,0.003905477603056373
paired_cis_count,INO80C,0.9136030541648174,8.339179740224356e-05
paired_cis_count,INPP4A,0.9105919954015647,-0.0029276669658504506
paired_cis_count,INPP5A,0.9128996272692276,-0.0006200350981875324
paired_cis_count,INPP5B,0.9135289881018609,9.325734445786438e-06
paired_cis_count,INPP5D,0.913623636647802,0.00010397428038688705
paired_cis_count,INPP5E,0.9135351190803386,1.5456712923467286e-05
paired_cis_count,INPP5F,0.9134617860035723,-5.787636384280148e-05
paired_cis_count,INPP5K,0.9135372706911701,1.7608323754969568e-05
paired_cis_count,INPPL1,0.9130714222138149,-0.0004482401536002323
paired_cis_count,INSIG2,0.9134493803646202,-7.028200279490804e-05
paired_cis_count,INSL3,0.9142604512542643,0.0007407888868491419
paired_cis_count,INSM1,0.9136984003086797,0.00017873794126455067
paired_cis_count,INTS10,0.9135259234469103,6.2610794951956095e-06
paired_cis_count,INTS12,0.913030555101165,-0.0004891072662500662
paired_cis_count,INTS6,0.9138098875639685,0.0002902251965534175
paired_cis_count,INTS6L,0.9135473499337761,2.7687566360956595e-05
paired_cis_count,INVS,0.9139045902815933,0.0003849279141782125
paired_cis_count,IP6K2,0.9135234566725652,3.794305150073285e-06
paired_cis_count,IPCEF1,0.9135452088943907,2.5546526975617212e-05
paired_cis_count,IPO8,0.91339041157035,-0.0001292507970651613
paired_cis_count,IQCB1,0.9130483357098886,-0.00047132665752647185
paired_cis_count,IQCC,0.9134860345578489,-3.3627809566172395e-05
paired_cis_count,IQCE,0.9135064478829437,-1.3214484471446575e-05
paired_cis_count,IQGAP1,0.9135278500356179,8.187668202763732e-06
paired_cis_count,IQSEC1,0.9139061835044768,0.00038652113706172386
paired_cis_count,IRAK1BP1,0.9135316953493734,1.2032981958287614e-05
paired_cis_count,IRAK2,0.9136167266296648,9.706426224964648e-05
paired_cis_count,IRAK3,0.9135199803281446,3.1796072952339216e-07
paired_cis_count,IRAK4,0.9135259827026667,6.3203352516083555e-06
paired_cis_count,IREB2,0.9116521623483148,-0.0018675000191002988
paired_cis_count,IRF2BP2,0.9127255066854927,-0.000794155681922426
paired_cis_count,IRF2BPL,0.9135686457514801,4.8983384065004465e-05
paired_cis_count,IRF4,0.9134056248715157,-0.0001140374958994439
paired_cis_count,IRF7,0.9133343985102633,-0.00018526385715178506
paired_cis_count,IRF9,0.913571479066916,5.181669950093948e-05
paired_cis_count,IRGQ,0.9135188082896932,-8.540777218790652e-07
paired_cis_count,IRS2,0.9136189356713572,9.927330394210454e-05
paired_cis_count,IRX3,0.9135093176697376,-1.0344697677466819e-05
paired_cis_count,ISCA1,0.9133122050404114,-0.00020745732700366837
paired_cis_count,ISG15,0.9135630098206673,4.334745325218492e-05
paired_cis_count,ISG20,0.9134857217073424,-3.394066007267327e-05
paired_cis_count,ISL2,0.913441077074102,-7.858529331306041e-05
paired_cis_count,ISOC1,0.9135215385276383,1.8761602231798236e-06
paired_cis_count,ISOC2,0.9134799501277521,-3.971223966303672e-05
paired_cis_count,ITCH,0.9133986511741709,-0.00012101119324425813
paired_cis_count,ITFG1,0.9130854851669878,-0.00043417720042726593
paired_cis_count,ITGA1,0.9134943046066192,-2.5357760795929885e-05
paired_cis_count,ITGA2,0.9140084081597775,0.000488745792362355
paired_cis_count,ITGA3,0.9135417886860935,2.212631867837267e-05
paired_cis_count,ITGA4,0.913469248293755,-5.0414073660132175e-05
paired_cis_count,ITGA5,0.9133887509280724,-0.0001309114393427402
paired_cis_count,ITGA6,0.9135313072233151,1.1644855899994866e-05
paired_cis_count,ITGAL,0.9136164365501995,9.67741827844204e-05
paired_cis_count,ITGAV,0.9135251061536007,5.4437861856104774e-06
paired_cis_count,ITGAX,0.9137230461925405,0.00020338382512541386
paired_cis_count,ITGB1BP2,0.9135675903177495,4.792795033436992e-05
paired_cis_count,ITGB2,0.9135503645411049,3.0702173689833856e-05
paired_cis_count,ITGB3BP,0.9135238763261931,4.213958778032101e-06
paired_cis_count,ITGB7,0.9135312148820636,1.1552514648460743e-05
paired_cis_count,ITK,0.9135942895586963,7.462719128115136e-05
paired_cis_count,ITM2A,0.9131252525990565,-0.00039440976835858343
paired_cis_count,ITM2B,0.9131853411977141,-0.0003343211697010018
paired_cis_count,ITM2C,0.9134948060042668,-2.4856363148306748e-05
paired_cis_count,ITPA,0.9134487157609398,-7.094660647533058e-05
paired_cis_count,ITPKC,0.9133785871759115,-0.0001410751915036368
paired_cis_count,ITPR2,0.9135201319686154,4.696012002591843e-07
paired_cis_count,ITPR3,0.9141659806121916,0.0006463182447764559
paired_cis_count,ITPRID2,0.9135727556638552,5.309329644009875e-05
paired_cis_count,ITPRIP,0.9135169771911289,-2.6851762862101225e-06
paired_cis_count,ITPRIPL2,0.9137391354667632,0.00021947309934811088
paired_cis_count,IVD,0.913491456716509,-2.8205650906110158e-05
paired_cis_count,IVNS1ABP,0.9136921803963173,0.00017251802890216883
paired_cis_count,IZUMO4,0.9136015377481936,8.187538077852885e-05
paired_cis_count,JADE1,0.9135199114570003,2.4908958518032875e-07
paired_cis_count,JADE2,0.9128470305467106,-0.000672631820704539
paired_cis_count,JAGN1,0.9128869751254123,-0.0006326872420028273
paired_cis_count,JAK2,0.9134971601346571,-2.2502232758014884e-05
paired_cis_count,JAM3,0.9133801364606171,-0.00013952590679799926
paired_cis_count,JARID2,0.9135259147744239,6.252407008799921e-06
paired_cis_count,JKAMP,0.9134983069968452,-2.135537056990877e-05
paired_cis_count,JMJD1C,0.9134837991903916,-3.586317702353181e-05
paired_cis_count,JMJD4,0.9135289035498034,9.241182388319835e-06
paired_cis_count,JMJD6,0.9136316371555109,0.00011197478809577
paired_cis_count,JMY,0.9135860304410783,6.63680736632255e-05
paired_cis_count,JOSD2,0.9135254642612572,5.8018938421389166e-06
paired_cis_count,JPT1,0.9135614010656162,4.1738698201121416e-05
paired_cis_count,JPT2,0.9135407428870613,2.1080519646221596e-05
paired_cis_count,JRK,0.9134479336659883,-7.172870142679866e-05
paired_cis_count,JRKL,0.9135161288588788,-3.5335085363241703e-06
paired_cis_count,JUNB,0.9115662249539387,-0.001953437413476422
paired_cis_count,JUND,0.9124506032275975,-0.0010690591398175853
paired_cis_count,KANK1,0.9132626648642965,-0.0002569975031185834
paired_cis_count,KANSL1L,0.9136245122190509,0.00010484985163583538
paired_cis_count,KAT2B,0.9135853120269656,6.564965955047075e-05
paired_cis_count,KAT6A,0.9129416289133986,-0.0005780334540165244
paired_cis_count,KAT6B,0.9133528010629693,-0.00016686130444576452
paired_cis_count,KATNA1,0.9138424573816801,0.00032279501426502044
paired_cis_count,KATNAL1,0.9135761145096354,5.6452142220275725e-05
paired_cis_count,KATNB1,0.9132876836976961,-0.00023197866971902403
paired_cis_count,KBTBD2,0.9188086772846441,0.005289014917228996
paired_cis_count,KBTBD4,0.9133912203669817,-0.00012844200043338194
paired_cis_count,KBTBD6,0.9135853357290956,6.567336168050719e-05
paired_cis_count,KBTBD7,0.9130613298263045,-0.0004583325411106065
paired_cis_count,KBTBD8,0.9135278459596918,8.183592276722607e-06
paired_cis_count,KCNA3,0.913668319904233,0.00014865753681791993
paired_cis_count,KCNAB2,0.9133083151739557,-0.00021134719345938802
paired_cis_count,KCNC4,0.9132526687849064,-0.0002669935825087011
paired_cis_count,KCNK5,0.9135259779586896,6.315591274508314e-06
paired_cis_count,KCNN4,0.9135271150543722,7.452686957121202e-06
paired_cis_count,KCNQ1,0.9134256810582302,-9.398130918492065e-05
paired_cis_count,KCTD10,0.9135325769671268,1.2914599711644215e-05
paired_cis_count,KCTD12,0.9134666271331976,-5.303523421751333e-05
paired_cis_count,KCTD13,0.9135180917615561,-1.5706058590359007e-06
paired_cis_count,KCTD15,0.9135359191070903,1.6256739675202247e-05
paired_cis_count,KCTD18,0.913555844233165,3.61818657499402e-05
paired_cis_count,KCTD20,0.9138060706416223,0.00028640827420722825
paired_cis_count,KCTD21,0.9146182933883968,0.001098631020981733
paired_cis_count,KCTD6,0.9135194119349849,-2.5043243023770145e-07
paired_cis_count,KCTD9,0.9135334750672855,1.3812699870441314e-05
paired_cis_count,KDELC1,0.9136284996822134,0.0001088373147982713
paired_cis_count,KDELR1,0.9135987388042784,7.907643686333454e-05
paired_cis_count,KDELR2,0.9125158645874356,-0.0010037977799794984
paired_cis_count,KDM1A,0.9134786201409008,-4.104222651435396e-05
paired_cis_count,KDM2A,0.9136808865581644,0.00016122419074926508
paired_cis_count,KDM2B,0.913575131514356,5.5469146940878566e-05
paired_cis_count,KDM3A,0.9138267604650758,0.0003070980976607185
paired_cis_count,KDM4A,0.913640107797842,0.00012044543042688538
paired_cis_count,KDM4B,0.9135497543456927,3.0091978277635434e-05
paired_cis_count,KDM4C,0.9134770774158425,-4.258495157261066e-05
paired_cis_count,KDM5A,0.9134708254578279,-4.883690958723541e-05
paired_cis_count,KDM5B,0.9135607062300443,4.104386262915316e-05
paired_cis_count,KDM5C,0.9134674280869378,-5.2234280477292394e-05
paired_cis_count,KDM6A,0.9124161311218145,-0.0011035312456005864
paired_cis_count,KDM7A,0.9136791340668335,0.0001594716994184342
paired_cis_count,KHDC4,0.9129114831718738,-0.0006081791955413474
paired_cis_count,KHK,0.9138811286772653,0.00036146630985023354
paired_cis_count,KHNYN,0.9141335990926907,0.0006139367252755434
paired_cis_count,KIAA0040,0.9136051890677859,8.552670037076382e-05
paired_cis_count,KIAA0319L,0.9134482771295267,-7.138523788841056e-05
paired_cis_count,KIAA0391,0.9074002598063622,-0.006119402561052922
paired_cis_count,KIAA0408,0.9146205114295852,0.0011008490621701172
paired_cis_count,KIAA0513,0.9135153995262346,-4.26284118049125e-06
paired_cis_count,KIAA0556,0.9136141465217744,9.44841543593089e-05
paired_cis_count,KIAA0753,0.9134490441855905,-7.06181818246332e-05
paired_cis_count,KIAA0825,0.9135606599013149,4.099753389974481e-05
paired_cis_count,KIAA0930,0.913464986791343,-5.4675576072082954e-05
paired_cis_count,KIAA1109,0.9135687460643179,4.908369690281855e-05
paired_cis_count,KIAA1143,0.9134607550342108,-5.890733320434993e-05
paired_cis_count,KIAA1191,0.9137646373593734,0.0002449749919583022
paired_cis_count,KIAA1324,0.9134720799413131,-4.7582426102033004e-05
paired_cis_count,KIAA1328,0.9135841686803119,6.450631289678377e-05
paired_cis_count,KIAA1551,0.9139616931651753,0.0004420307977601734
paired_cis_count,KIAA1586,0.9135387435487629,1.90811813477465e-05
paired_cis_count,KIAA1841,0.9136171735453966,9.751117798151299e-05
paired_cis_count,KIAA2013,0.913572503602526,5.2841235110845375e-05
paired_cis_count,KIAA2026,0.9143742921910756,0.0008546298236604688
paired_cis_count,KIF13B,0.9126021792502863,-0.0009174831171288034
paired_cis_count,KIF14,0.9111089233684934,-0.0024107389989217465
paired_cis_count,KIF15,0.9136725915688424,0.0001529292014272876
paired_cis_count,KIF16B,0.9136241565508297,0.00010449418341462735
paired_cis_count,KIF1B,0.9135049982305775,-1.4664136837594377e-05
paired_cis_count,KIF1BP,0.913387911668483,-0.00013175069893212044
paired_cis_count,KIF1C,0.9137912552801437,0.0002715929127286021
paired_cis_count,KIF20B,0.9135520634699014,3.240110248625694e-05
paired_cis_count,KIF21A,0.9134876769297766,-3.198543763849315e-05
paired_cis_count,KIF27,0.9139372908317195,0.00041762846430437595
paired_cis_count,KIF2A,0.9145116857210721,0.0009920233536570011
paired_cis_count,KIF2C,0.913528672478887,9.01011147191877e-06
paired_cis_count,KIF3A,0.9134919077030841,-2.775466433102558e-05
paired_cis_count,KIF3C,0.913653747382613,0.000134085015197849
paired_cis_count,KIF4A,0.9139154341720674,0.00039577180465233397
paired_cis_count,KIF5C,0.9133953741001334,-0.0001242882672817247
paired_cis_count,KIF9,0.9135734059292309,5.374356181575557e-05
paired_cis_count,KIFAP3,0.9139931686219289,0.00047350625451381134
paired_cis_count,KIFC1,0.9139739104253288,0.0004542480579137198
paired_cis_count,KIFC2,0.9134370549193956,-8.260744801946718e-05
paired_cis_count,KISS1R,0.9133526088250905,-0.00016705354232460223
paired_cis_count,KLC1,0.9137183101198154,0.00019864775240030497
paired_cis_count,KLC2,0.9137451157414094,0.00022545337399426657
paired_cis_count,KLC4,0.9134909709746301,-2.869139278505184e-05
paired_cis_count,KLF11,0.9138809281825858,0.0003612658151707082
paired_cis_count,KLF12,0.9135198362053962,1.738379811211388e-07
paired_cis_count,KLF13,0.9133707399263274,-0.00014892244108766217
paired_cis_count,KLF2,0.9131838029985393,-0.0003358593688758127
paired_cis_count,KLF6,0.9124048286546503,-0.0011148337127647734
paired_cis_count,KLF7,0.9135882225899169,6.856022250179006e-05
paired_cis_count,KLF8,0.9134205564160391,-9.910595137596623e-05
paired_cis_count,KLF9,0.9132927187870863,-0.00022694358032882
paired_cis_count,KLHDC10,0.9134944858302753,-2.5176537139848243e-05
paired_cis_count,KLHDC3,0.9135667230105078,4.706064309267788e-05
paired_cis_count,KLHDC4,0.9135098346397401,-9.827727674993625e-06
paired_cis_count,KLHDC7B,0.9134194658709971,-0.00010019649641801465
paired_cis_count,KLHL12,0.912285992866126,-0.0012336695012891141
paired_cis_count,KLHL15,0.9133729232019374,-0.00014673916547769394
paired_cis_count,KLHL17,0.9136975156270924,0.00017785325967734078
paired_cis_count,KLHL18,0.9136642081138872,0.00014454574647204677
paired_cis_count,KLHL21,0.9135830073774122,6.334500999705117e-05
paired_cis_count,KLHL22,0.9132704689593308,-0.0002491934080842695
paired_cis_count,KLHL24,0.9131397096961071,-0.0003799526713079704
paired_cis_count,KLHL26,0.9132366867952859,-0.000282975572129196
paired_cis_count,KLHL36,0.9133764784187592,-0.00014318394865586725
paired_cis_count,KLHL42,0.9134421011928795,-7.756117453561195e-05
paired_cis_count,KLHL6,0.9136566619030331,0.0001369995356179654
paired_cis_count,KLHL7,0.9138881517186628,0.00036848935124766946
paired_cis_count,KLHL8,0.9133611670807106,-0.00015849528670452973
paired_cis_count,KMT2B,0.9086463726481228,-0.004873289719292351
paired_cis_count,KMT2C,0.9111352346709575,-0.002384427696457636
paired_cis_count,KMT2E,0.9133997512678075,-0.00011991109960762802
paired_cis_count,KMT5B,0.9127440141459581,-0.000775648221457037
paired_cis_count,KMT5C,0.9135681567939955,4.849442658039216e-05
paired_cis_count,KNOP1,0.9135167763560325,-2.8860113826523204e-06
paired_cis_count,KNSTRN,0.9135387083407884,1.90459733733217e-05
paired_cis_count,KNTC1,0.9135297171984538,1.0054831038663892e-05
paired_cis_count,KPNA1,0.9132832814132958,-0.00023638095411926408
paired_cis_count,KPNA2,0.9141356301369135,0.000615967769498349
paired_cis_count,KPNA3,0.9136895489971658,0.000169886629750704
paired_cis_count,KPNA5,0.9135031658972146,-1.649647020052214e-05
paired_cis_count,KPTN,0.9130232576909499,-0.0004964046764651675
paired_cis_count,KRAS,0.9135960011329796,7.633876556445429e-05
paired_cis_count,KRBA2,0.91348951946119,-3.0142906225161248e-05
paired_cis_count,KRBOX4,0.9130249778454939,-0.0004946845219212515
paired_cis_count,KRCC1,0.913790009210045,0.0002703468426299427
paired_cis_count,KRT10,0.9134798593814758,-3.980298593930787e-05
paired_cis_count,KRTCAP2,0.9135546906099163,3.502824250123382e-05
paired_cis_count,KSR1,0.9136301456602995,0.00011048329288443348
paired_cis_count,KTI12,0.9135453888136186,2.5726446203466757e-05
paired_cis_count,KTN1,0.913284324355795,-0.00023533801162012313
paired_cis_count,KYAT3,0.913570626914621,5.0964547205878397e-05
paired_cis_count,L2HGDH,0.9124877044849652,-0.0010319578824499187
paired_cis_count,L3HYPDH,0.9120990590936405,-0.0014206032737745788
paired_cis_count,L3MBTL2,0.9134497682166187,-6.989415079639016e-05
paired_cis_count,L3MBTL3,0.9129329278101002,-0.0005867345573149496
paired_cis_count,LACTB,0.9138103095457869,0.00029064717837179455
paired_cis_count,LACTB2,0.9135263854312942,6.723063879054969e-06
paired_cis_count,LAG3,0.9135311814211384,1.1519053723318962e-05
paired_cis_count,LAMB3,0.9137082448099626,0.00018858244254749135
paired_cis_count,LAMP1,0.9144008164162118,0.0008811540487967395
paired_cis_count,LAMP2,0.9136353411517435,0.00011567878432838796
paired_cis_count,LAMP3,0.9135212130554587,1.5506880436388926e-06
paired_cis_count,LAMTOR4,0.913326587532144,-0.00019307483527108982
paired_cis_count,LANCL2,0.9134210537222802,-9.860864513488998e-05
paired_cis_count,LAP3,0.9135274354366838,7.773069268690591e-06
paired_cis_count,LAPTM4A,0.9136446849429837,0.00012502257556856744
paired_cis_count,LAPTM4B,0.9135196044568735,-5.791054158432729e-08
paired_cis_count,LAPTM5,0.9146085226291749,0.0010888602617598053
paired_cis_count,LARP1,0.9133335359080356,-0.00018612645937954309
paired_cis_count,LARP1B,0.9135204784792671,8.161118519867117e-07
paired_cis_count,LARP7,0.9140859977182401,0.0005663353508249536
paired_cis_count,LARS2,0.9103670648059976,-0.003152597561417503
paired_cis_count,LASP1,0.9135583890408648,3.8726673449729354e-05
paired_cis_count,LAT2,0.9136397553262691,0.00012009295885395677
paired_cis_count,LATS1,0.9133904192996177,-0.00012924306779737993
paired_cis_count,LATS2,0.9135273027846317,7.64041721657005e-06
paired_cis_count,LAX1,0.9136816786605426,0.00016201629312750931
paired_cis_count,LAYN,0.9135563270815036,3.6664714088474604e-05
paired_cis_count,LBHD1,0.9137346325311289,0.00021497016371374578
paired_cis_count,LBR,0.913494877342888,-2.4785024527074206e-05
paired_cis_count,LCORL,0.9134539563744851,-6.570599292998747e-05
paired_cis_count,LCP1,0.9136037400149166,8.407764750151259e-05
paired_cis_count,LDAH,0.9135311057080081,1.1443340592998119e-05
paired_cis_count,LDB1,0.9134561641595731,-6.349820784201654e-05
paired_cis_count,LDHB,0.9135557918907512,3.612952333609254e-05
paired_cis_count,LDLRAD4,0.9126682771225726,-0.0008513852448425174
paired_cis_count,LDOC1,0.9134473515218857,-7.23108455293886e-05
paired_cis_count,LEF1,0.913742395882672,0.0002227335152569232
paired_cis_count,LEMD2,0.913590813409997,7.11510425819295e-05
paired_cis_count,LEMD3,0.9143461395876414,0.0008264772202263293
paired_cis_count,LENG9,0.9134196833649303,-9.997900248481795e-05
paired_cis_count,LEO1,0.9135715350386189,5.1872671203767595e-05
paired_cis_count,LEPR,0.9135366289261414,1.69665587262946e-05
paired_cis_count,LEPROTL1,0.9292976866911271,0.015778024323712003
paired_cis_count,LETMD1,0.9135102927750356,-9.369592379515623e-06
paired_cis_count,LFNG,0.9137028267016454,0.000183164334230268
paired_cis_count,LGALS1,0.9139676760119015,0.00044801364448643355
paired_cis_count,LGALS3,0.9135148321554258,-4.830211989270694e-06
paired_cis_count,LGALS3BP,0.9135077859943692,-1.1876373045893729e-05
paired_cis_count,LGALS8,0.9135091201474855,-1.0542219929576824e-05
paired_cis_count,LGALS9,0.913540669959814,2.1007592398869512e-05
paired_cis_count,LGALSL,0.9133149553172935,-0.00020470705012165524
paired_cis_count,LGMN,0.9135258214426689,6.159075253808766e-06
paired_cis_count,LHPP,0.9134679119730565,-5.175039435856288e-05
paired_cis_count,LIF,0.913239869476842,-0.0002797928905731162
paired_cis_count,LIG3,0.9138952016102324,0.0003755392428173021
paired_cis_count,LIG4,0.9132875992344189,-0.0002320631329961742
paired_cis_count,LIMA1,0.9133974964791394,-0.00012216588827573815
paired_cis_count,LIMD1,0.9135315224005618,1.186003314668227e-05
paired_cis_count,LIMD2,0.9136459900503495,0.00012632768293441288
paired_cis_count,LIMK1,0.9135190366739069,-6.256935082271653e-07
paired_cis_count,LIMK2,0.9138162229082338,0.0002965605408187244
paired_cis_count,LIN7C,0.9135566921549376,3.70297875225134e-05
paired_cis_count,LINS1,0.9136117642570436,9.210188962849308e-05
paired_cis_count,LIPA,0.9134697356210546,-4.992674636050687e-05
paired_cis_count,LIPE,0.9139346129237671,0.0004149505563519895
paired_cis_count,LITAF,0.9134835615596312,-3.610080778393421e-05
paired_cis_count,LIX1L,0.9134926301581042,-2.7032209310884348e-05
paired_cis_count,LLGL1,0.9128012045236844,-0.0007184578437307021
paired_cis_count,LLPH,0.9136025662141727,8.2903846757576e-05
paired_cis_count,LMAN2,0.9126241274717989,-0.0008955348956162235
paired_cis_count,LMAN2L,0.9134603962194295,-5.9266147985570505e-05
paired_cis_count,LMBR1,0.9136596710273434,0.00014000865992824796
paired_cis_count,LMBR1L,0.9135201751308285,5.127634133961223e-07
paired_cis_count,LMF1,0.9132829879006417,-0.0002366744667734455
paired_cis_count,LMF2,0.9136668091038553,0.00014714673644022902
paired_cis_count,LMNA,0.9136310050652858,0.00011134269787071993
paired_cis_count,LMNB1,0.9135628567206296,4.319435321453735e-05
paired_cis_count,LMNB2,0.9135246206735999,4.958306184743577e-06
paired_cis_count,LMTK2,0.9134326001468386,-8.706222057652813e-05
paired_cis_count,LNP1,0.9135712639464141,5.160157899897211e-05
paired_cis_count,LNPEP,0.9138781309173657,0.00035846854995058575
paired_cis_count,LNPK,0.9135656615794924,4.599921207726343e-05
paired_cis_count,LNX2,0.9138157139332826,0.0002960515658675389
paired_cis_count,LONP2,0.9135798089982121,6.014663079700888e-05
paired_cis_count,LPAR2,0.9127966766877729,-0.0007229856796422407
paired_cis_count,LPAR6,0.9134975855863587,-2.2076781056368233e-05
paired_cis_count,LPCAT1,0.913523029772618,3.3674052029031287e-06
paired_cis_count,LPCAT3,0.9140071773845813,0.0004875150171661513
paired_cis_count,LPCAT4,0.9140829486660997,0.0005632862986846288
paired_cis_count,LPIN1,0.9134959682410823,-2.3694126332851617e-05
paired_cis_count,LPIN2,0.913547328955473,2.766658805786193e-05
paired_cis_count,LPXN,0.9135419273101153,2.226494270018975e-05
paired_cis_count,LRBA,0.9148012991514367,0.0012816367840216003
paired_cis_count,LRCH1,0.9135463120259392,2.6649658524058317e-05
paired_cis_count,LRCH3,0.9135766277861982,5.69654187830837e-05
paired_cis_count,LRFN3,0.9135618344728608,4.217210544565919e-05
paired_cis_count,LRIF1,0.9135730231906598,5.336082324469693e-05
paired_cis_count,LRIG2,0.9135012180503328,-1.84443170823112e-05
paired_cis_count,LRMP,0.9135221134465562,2.45107914109699e-06
paired_cis_count,LRP11,0.913514248197186,-5.414170229145476e-06
paired_cis_count,LRP12,0.9134446440436741,-7.501832374101625e-05
paired_cis_count,LRP5,0.9135470600381922,2.7397670777085104e-05
paired_cis_count,LRP8,0.9142170773428001,0.0006974149753850023
paired_cis_count,LRPAP1,0.913633743565955,0.00011408119853983933
paired_cis_count,LRPPRC,0.91351826881187,-1.3935555450705905e-06
paired_cis_count,LRRC20,0.9135276195108384,7.957143423276136e-06
paired_cis_count,LRRC28,0.9136034622623932,8.379989497808715e-05
paired_cis_count,LRRC37B,0.9151398979801647,0.0016202356127495987
paired_cis_count,LRRC40,0.9136173434996749,9.768113225983033e-05
paired_cis_count,LRRC42,0.9134579665213169,-6.169584609816425e-05
paired_cis_count,LRRC45,0.9140761480896421,0.0005564857222269959
paired_cis_count,LRRC57,0.9135752887706183,5.562640320322387e-05
paired_cis_count,LRRC58,0.9135175772032297,-2.0851641854280345e-06
paired_cis_count,LRRC8A,0.9143844661543387,0.0008648037869235514
paired_cis_count,LRRC8B,0.9130732107250864,-0.0004464516423287046
paired_cis_count,LRRC8C,0.9134854587040514,-3.4203663363707726e-05
paired_cis_count,LRRFIP2,0.9135575769705949,3.791460317981166e-05
paired_cis_count,LRRN3,0.913528097049141,8.434681725844051e-06
paired_cis_count,LRWD1,0.9133188018435268,-0.00020086052388834652
paired_cis_count,LSM1,0.9135808059041558,6.114353674069317e-05
paired_cis_count,LSM12,0.9136705854236535,0.00015092305623842783
paired_cis_count,LSM14A,0.9135420557553992,2.2393387984043223e-05
paired_cis_count,LTA4H,0.9136483768429909,0.0001287144755758307
paired_cis_count,LTB4R,0.9209492169238972,0.0074295545564820875
paired_cis_count,LTBP3,0.9136613585425905,0.00014169617517534316
paired_cis_count,LTBP4,0.9156052844576764,0.0020856220902613076
paired_cis_count,LUC7L,0.9135549444944422,3.528212702708089e-05
paired_cis_count,LXN,0.9135039399192494,-1.5722448165722547e-05
paired_cis_count,LY6E,0.9135138860480848,-5.776319330297319e-06
paired_cis_count,LY6G5B,0.9135672830775702,4.7620710155071855e-05
paired_cis_count,LY75,0.913519158995151,-5.033722640934712e-07
paired_cis_count,LY96,0.9134337871053249,-8.587526209025143e-05
paired_cis_count,LYAR,0.9129509792517595,-0.0005686831156556105
paired_cis_count,LYN,0.9128592462414672,-0.0006604161259479158
paired_cis_count,LYPLA2,0.9141778746172209,0.0006582122498057785
paired_cis_count,LYPLAL1,0.9135260075797992,6.345212384073484e-06
paired_cis_count,LYRM1,0.9135103574301943,-9.304937220844245e-06
paired_cis_count,LYRM2,0.9149688117003475,0.0014491493329323868
paired_cis_count,LYRM7,0.9136220613655394,0.00010239899812425346
paired_cis_count,LYRM9,0.913527591438408,7.929070992895859e-06
paired_cis_count,LYSMD2,0.913467568312812,-5.209405460315786e-05
paired_cis_count,LYSMD3,0.9135230422313997,3.379863984576126e-06
paired_cis_count,LYSMD4,0.9134771300795151,-4.253228789996566e-05
paired_cis_count,LYST,0.9141732471996115,0.0006535848321963522
paired_cis_count,LZTFL1,0.9135920920130247,7.24296456096063e-05
paired_cis_count,LZTS2,0.9135475502499288,2.7887882513732976e-05
paired_cis_count,MACF1,0.9135976818031203,7.801943570517889e-05
paired_cis_count,MACROD1,0.9134966176883325,-2.3044679082651065e-05
paired_cis_count,MADD,0.9134823862938841,-3.7276073530989606e-05
paired_cis_count,MAEA,0.9135128145010452,-6.847866369952271e-06
paired_cis_count,MAF,0.9111495752503139,-0.002370087117101183
paired_cis_count,MAF1,0.9127463176708919,-0.0007733446965232371
paired_cis_count,MAGED1,0.9134543250975263,-6.533726988877664e-05
paired_cis_count,MAGEF1,0.9135346506391812,1.4988271766047667e-05
paired_cis_count,MAGEH1,0.9136796527017658,0.00015999033435065702
paired_cis_count,MAGOHB,0.913545482880682,2.5820513266938683e-05
paired_cis_count,MAGT1,0.9135874223403135,6.775997289842906e-05
paired_cis_count,MAIP1,0.9137242682879585,0.0002046059205433881
paired_cis_count,MAL,0.9134916955702684,-2.7966797146672384e-05
paired_cis_count,MALSU1,0.9135684004392782,4.873807186311918e-05
paired_cis_count,MAML1,0.9132140658690651,-0.000305596498350047
paired_cis_count,MAML2,0.9134632621057548,-5.640026166031653e-05
paired_cis_count,MAMLD1,0.9135844649217273,6.480255431218218e-05
paired_cis_count,MAN1A1,0.9134915571966984,-2.810517071671903e-05
paired_cis_count,MAN1B1,0.9134917357692064,-2.7926598208716236e-05
paired_cis_count,MAN1C1,0.9147308689818865,0.001211206614471383
paired_cis_count,MAN2A1,0.9135685457009762,4.888333356112273e-05
paired_cis_count,MAN2A2,0.9146758469993136,0.0011561846318984825
paired_cis_count,MAN2B1,0.9135277263555044,8.063988089279661e-06
paired_cis_count,MAN2B2,0.91397077661113,0.0004511142437149118
paired_cis_count,MANBA,0.9139153136548122,0.00039565128739704747
paired_cis_count,MANEA,0.912937043415945,-0.0005826189514701596
paired_cis_count,MANF,0.9135918180357466,7.215566833151943e-05
paired_cis_count,MAP1LC3A,0.9136429464460782,0.00012328407866313285
paired_cis_count,MAP1LC3B,0.9119109647398067,-0.001608697627608402
paired_cis_count,MAP1S,0.9195622588270983,0.006042596459683192
paired_cis_count,MAP2K2,0.9135874685020328,6.780613461765395e-05
paired_cis_count,MAP2K3,0.9134862934447765,-3.336892263861024e-05
paired_cis_count,MAP2K4,0.913522500133614,2.8377661989154035e-06
paired_cis_count,MAP2K5,0.9145682847933152,0.001048622425900092
paired_cis_count,MAP2K6,0.9134329861192281,-8.667624818703423e-05
paired_cis_count,MAP3K1,0.9127447106053967,-0.000774951762018361
paired_cis_count,MAP3K11,0.9128787250045307,-0.0006409373628843973
paired_cis_count,MAP3K13,0.9106657135131764,-0.0028539488542387303
paired_cis_count,MAP3K14,0.9166594957586862,0.0031398333912711074
paired_cis_count,MAP3K20,0.9132873779649352,-0.00023228440247990978
paired_cis_count,MAP3K21,0.9135305234384817,1.0861071066625705e-05
paired_cis_count,MAP3K3,0.9135083999660869,-1.1262401328204774e-05
paired_cis_count,MAP3K6,0.9135882874097039,6.862504228877242e-05
paired_cis_count,MAP3K9,0.9135070964698131,-1.2565897602012654e-05
paired_cis_count,MAP4K1,0.9136016031309797,8.1940763564603e-05
paired_cis_count,MAP4K2,0.9135244102719428,4.747904527646618e-06
paired_cis_count,MAP4K3,0.9130400589273798,-0.0004796034400352811
paired_cis_count,MAP4K4,0.9129949401048778,-0.0005247222625373027
paired_cis_count,MAP4K5,0.9135306089256793,1.0946558264168793e-05
paired_cis_count,MAP7D1,0.913610813715738,9.115134832293759e-05
paired_cis_count,MAP7D3,0.9135306203346021,1.0957967186975281e-05
paired_cis_count,MAP9,0.9135346276655376,1.4965298122504578e-05
paired_cis_count,MAPK12,0.9134386654627771,-8.0996904638031e-05
paired_cis_count,MAPK13,0.9135412838573544,2.1621489939338545e-05
paired_cis_count,MAPK1IP1L,0.9135854920270852,6.582965967005805e-05
paired_cis_count,MAPK3,0.9135580912191057,3.8428851690586185e-05
paired_cis_count,MAPK6,0.9135139679101651,-5.694457249960649e-06
paired_cis_count,MAPK8,0.9135108555432911,-8.806824123963608e-06
paired_cis_count,MAPK8IP3,0.9134954044256212,-2.4257941793948135e-05
paired_cis_count,MAPK9,0.9135306345686743,1.0972201259229486e-05
paired_cis_count,MAPKAPK2,0.9141125486966901,0.0005928863292750108
paired_cis_count,MAPKAPK5,0.913474389659872,-4.527270754306478e-05
paired_cis_count,MAPKBP1,0.9135622491914276,4.2586824012480484e-05
paired_cis_count,MAPRE1,0.9134023840949226,-0.00011727827249252698
paired_cis_count,MAPRE2,0.913545991180921,2.6328813505838156e-05
paired_cis_count,MARCH2,0.9132012134116118,-0.0003184489558033521
paired_cis_count,MARCH8,0.9139982817237383,0.0004786193563232066
paired_cis_count,MARCH9,0.9134003431463591,-0.00011931922105601345
paired_cis_count,MARCKSL1,0.9135213653994496,1.7030320345057248e-06
paired_cis_count,MARF1,0.9093477722627352,-0.004171890104679887
paired_cis_count,MARK3,0.9135083642425987,-1.1298124816372379e-05
paired_cis_count,MAST3,0.9136405474310285,0.00012088506361340734
paired_cis_count,MAST4,0.9135233433963061,3.681028891033833e-06
paired_cis_count,MATK,0.912105908135021,-0.0014137542323940933
paired_cis_count,MAU2,0.9130972005829262,-0.00042246178448890337
paired_cis_count,MAX,0.9136003079752113,8.064560779619256e-05
paired_cis_count,MAZ,0.9135686079354861,4.894556807100159e-05
paired_cis_count,MB21D2,0.9135284024430453,8.740075630231381e-06
paired_cis_count,MBD1,0.9157388068099165,0.002219144442501375
paired_cis_count,MBD3,0.9134870722649716,-3.259010244349714e-05
paired_cis_count,MBD4,0.9135348127033454,1.5150335930247394e-05
paired_cis_count,MBD6,0.9135346965124733,1.5034145058212545e-05
paired_cis_count,MBIP,0.9130548392076878,-0.00046482315972729005
paired_cis_count,MBNL1,0.9134763304150434,-4.333195237171683e-05
paired_cis_count,MBNL3,0.9139838490625521,0.0004641866951370366
paired_cis_count,MBOAT1,0.9145490280347967,0.0010293656673815432
paired_cis_count,MBOAT2,0.9135326398038351,1.2977436420036348e-05
paired_cis_count,MBOAT7,0.919629112611777,0.006109450244361936
paired_cis_count,MBP,0.9135625062666062,4.284389919106957e-05
paired_cis_count,MBTD1,0.9131988868320036,-0.0003207755354115438
paired_cis_count,MCAT,0.9135631417988404,4.34794314252418e-05
paired_cis_count,MCCC1,0.9135169756378482,-2.6867295669363855e-06
paired_cis_count,MCCC2,0.9135243078056519,4.64543823675001e-06
paired_cis_count,MCM8,0.9132559608864395,-0.00026370148097565327
paired_cis_count,MCOLN1,0.9134899718303818,-2.9690537033277842e-05
paired_cis_count,MCOLN3,0.9135224438996385,2.7815322234392426e-06
paired_cis_count,MCRS1,0.9135254503666526,5.787999237449881e-06
paired_cis_count,MCTP2,0.9134293322613631,-9.033010605197234e-05
paired_cis_count,MCTS1,0.9130918487384017,-0.00042781362901345155
paired_cis_count,MCUB,0.9134847216848407,-3.494068257436922e-05
paired_cis_count,MCUR1,0.9135255774430731,5.915075657947355e-06
paired_cis_count,MDC1,0.9121271863154566,-0.001392476051958469
paired_cis_count,MDFIC,0.9137175872983512,0.00019792493093606645
paired_cis_count,MDGA1,0.9133631141993397,-0.00015654816807542105
paired_cis_count,MDH2,0.9129170086951747,-0.0006026536722404385
paired_cis_count,MDM1,0.9135165255231464,-3.1368442686696696e-06
paired_cis_count,ME2,0.9134866817995523,-3.29805678628281e-05
paired_cis_count,MEA1,0.9135446039583784,2.494159096333437e-05
paired_cis_count,MECR,0.9137244698539175,0.00020480748650242298
paired_cis_count,MED13,0.9134891165776545,-3.05457897605832e-05
paired_cis_count,MED15,0.9124647156014088,-0.0010549467660062595
paired_cis_count,MED19,0.9112059767237028,-0.00231368564371226
paired_cis_count,MED23,0.9135367638197622,1.710145234712357e-05
paired_cis_count,MED24,0.913542976061255,2.331369383989923e-05
paired_cis_count,MED25,0.9135988227214751,7.916035405997057e-05
paired_cis_count,MEF2D,0.9135595024572606,3.98400898454776e-05
paired_cis_count,MEGF6,0.9135346815306257,1.5019163210561182e-05
paired_cis_count,MEGF8,0.9135556492785356,3.598691112050023e-05
paired_cis_count,MELK,0.9136828570441151,0.00016319467670000698
paired_cis_count,MEPCE,0.913269158591694,-0.0002505037757211115
paired_cis_count,MESD,0.913523317843222,3.6554758069407e-06
paired_cis_count,MEST,0.9093551424298424,-0.004164519937572719
paired_cis_count,METAP1D,0.9136727397150715,0.00015307734765634962
paired_cis_count,METAP2,0.9143689862374045,0.0008493238699893713
paired_cis_count,METTL1,0.9140271712620953,0.0005075088946802087
paired_cis_count,METTL13,0.9133981090059063,-0.00012155336150876384
paired_cis_count,METTL15,0.9136667419528238,0.0001470795854087159
paired_cis_count,METTL17,0.9129746154006321,-0.000545046966783036
paired_cis_count,METTL18,0.9135042865230191,-1.537584439603723e-05
paired_cis_count,METTL22,0.9135476563337224,2.7993966307260365e-05
paired_cis_count,METTL23,0.9135807579298405,6.109556242539504e-05
paired_cis_count,METTL25,0.9135846664216796,6.500405426446143e-05
paired_cis_count,METTL26,0.9135389922966569,1.9329929241806987e-05
paired_cis_count,METTL8,0.9134378015360815,-8.186083133365774e-05
paired_cis_count,METTL9,0.9137820388149972,0.0002623764475820911
paired_cis_count,MFF,0.913592919262382,7.32568949668444e-05
paired_cis_count,MFGE8,0.9135105827710388,-9.079596376304622e-06
paired_cis_count,MFHAS1,0.9135358576807543,1.6195313339184558e-05
paired_cis_count,MFN1,0.9135229239097646,3.2615423495307994e-06
paired_cis_count,MFNG,0.9135310718266746,1.1409459259481558e-05
paired_cis_count,MFSD1,0.9135013855594792,-1.827680793586861e-05
paired_cis_count,MFSD11,0.9124319491974541,-0.0010877131699610354
paired_cis_count,MFSD12,0.9135303773244863,1.071495707116732e-05
paired_cis_count,MFSD13A,0.913504864318659,-1.4798048756148319e-05
paired_cis_count,MFSD14A,0.9125147213908965,-0.001004940976518598
paired_cis_count,MFSD14B,0.9138388299702682,0.00031916760285310986
paired_cis_count,MFSD2A,0.9134845826517324,-3.507971568272872e-05
paired_cis_count,MFSD4B,0.9138477319691549,0.00032806960173981103
paired_cis_count,MFSD5,0.9143814740834394,0.0008618117160242855
paired_cis_count,MFSD8,0.9126208015624144,-0.0008988608050006786
paired_cis_count,MFSD9,0.9135700558867146,5.039351929947422e-05
paired_cis_count,MGA,0.913219698252195,-0.00029996411522015265
paired_cis_count,MGAT1,0.9140178010838033,0.0004981387163881523
paired_cis_count,MGAT2,0.9137941195461923,0.00027445717877716547
paired_cis_count,MGAT4A,0.91355113986166,3.147749424492474e-05
paired_cis_count,MGAT5,0.9133850447096052,-0.00013461765780986568
paired_cis_count,MGME1,0.9135315899296418,1.1927562226676791e-05
paired_cis_count,MGMT,0.9141588548375751,0.0006391924701599772
paired_cis_count,MGRN1,0.9137424309515555,0.00022276858414038703
paired_cis_count,MGST2,0.913614105128313,9.444276089787262e-05
paired_cis_count,MIA2,0.9135253664231511,5.704055735966662e-06
paired_cis_count,MIB1,0.9137168743426861,0.00019721197527100554
paired_cis_count,MICAL1,0.9135309130644185,1.125069700336212e-05
paired_cis_count,MICAL3,0.9135178652839917,-1.7970834234048993e-06
paired_cis_count,MICB,0.9135261173742756,6.455006860472956e-06
paired_cis_count,MICU1,0.9136065558905365,8.689352312141185e-05
paired_cis_count,MICU2,0.9125680388281973,-0.0009516235392178496
paired_cis_count,MIDN,0.913506655739846,-1.300662756908988e-05
paired_cis_count,MIEN1,0.9145978261443133,0.0010781637768981778
paired_cis_count,MIER2,0.9133500772498488,-0.00016958511756626216
paired_cis_count,MIER3,0.9133514134497481,-0.00016824891766697991
paired_cis_count,MIF,0.9135020540845125,-1.7608282902648043e-05
paired_cis_count,MIF4GD,0.9157081007830951,0.0021884384156799497
paired_cis_count,MIGA1,0.9136096117812103,8.994941379514287e-05
paired_cis_count,MIGA2,0.9138459384532523,0.00032627608583724044
paired_cis_count,MINDY2,0.9136808949214922,0.00016123255407707315
paired_cis_count,MINDY3,0.9135563929651359,3.6730597720802116e-05
paired_cis_count,MIPEP,0.913505739874419,-1.3922492996143454e-05
paired_cis_count,MITD1,0.9132554072392648,-0.0002642551281503147
paired_cis_count,MKI67,0.9130046696019104,-0.0005149927655047071
paired_cis_count,MKKS,0.9135224636772801,2.8013098649637413e-06
paired_cis_count,MKLN1,0.9135468243574448,2.7161990029722638e-05
paired_cis_count,MKNK1,0.9135161141642217,-3.5482031933709024e-06
paired_cis_count,MKNK2,0.9135774445983319,5.778223091679191e-05
paired_cis_count,MKRN1,0.9126598022164569,-0.0008598601509581805
paired_cis_count,MKS1,0.9134091881688846,-0.00011047419853049689
paired_cis_count,MLEC,0.9133168105919032,-0.00020285177551193634
paired_cis_count,MLH1,0.9134504737858431,-6.918858157201058e-05
paired_cis_count,MLH3,0.9135357698434229,1.6107476007776178e-05
paired_cis_count,MLKL,0.9138883397757305,0.00036867740831536544
paired_cis_count,MLLT11,0.9131057653801435,-0.000413896987271567
paired_cis_count,MLXIP,0.9137526436164967,0.00023298124908155415
paired_cis_count,MLYCD,0.9135967663169222,7.710394950710686e-05
paired_cis_count,MMAA,0.9135391885638644,1.952619644929321e-05
paired_cis_count,MMACHC,0.9133387935880819,-0.00018086877933320977
paired_cis_count,MMGT1,0.9136257958061463,0.00010613343873122627
paired_cis_count,MND1,0.9136068580109016,8.719564348647069e-05
paired_cis_count,MOAP1,0.9135291966312229,9.534263807786658e-06
paired_cis_count,MOB1B,0.9139659422685592,0.00044627990114409766
paired_cis_count,MOB2,0.9141136370839241,0.0005939747165090159
paired_cis_count,MOB3A,0.9125651569514543,-0.0009545054159607602
paired_cis_count,MOB3C,0.9138091794325945,0.0002895170651794343
paired_cis_count,MOGS,0.9137404181016352,0.00022075573422009054
paired_cis_count,MON1A,0.9135984052983752,7.874293096010732e-05
paired_cis_count,MON1B,0.9135336917780794,1.4029410664306852e-05
paired_cis_count,MORC2,0.9059084045388044,-0.007611257828610718
paired_cis_count,MORC3,0.9134532233005861,-6.643906682901601e-05
paired_cis_count,MORF4L1,0.9133829411560555,-0.0001367212113596583
paired_cis_count,MORF4L2,0.913469819369876,-4.984299753907351e-05
paired_cis_count,MORN2,0.9134109282605826,-0.00010873410683254203
paired_cis_count,MORN4,0.9135187439840563,-9.183833588055634e-07
paired_cis_count,MOSPD2,0.9120169872762162,-0.0015026750911989462
paired_cis_count,MOSPD3,0.9132803365964145,-0.00023932577100060914
paired_cis_count,MOV10,0.9121884036371585,-0.0013312587302566348
paired_cis_count,MPC1,0.9134240682713122,-9.559409610293557e-05
paired_cis_count,MPHOSPH8,0.9133684268712944,-0.0001512354961207274
paired_cis_count,MPLKIP,0.9134610968997542,-5.856546766092041e-05
paired_cis_count,MPP1,0.9136199963965633,0.0001003340291482191
paired_cis_count,MPP5,0.913514749503935,-4.912863480144303e-06
paired_cis_count,MPP6,0.9136204381926908,0.00010077582527567852
paired_cis_count,MPPE1,0.9134336944203254,-8.596794708970457e-05
paired_cis_count,MPRIP,0.913513793532572,-5.868834843103521e-06
paired_cis_count,MPV17,0.9135704797487418,5.081738132672875e-05
paired_cis_count,MPV17L2,0.9134758910842453,-4.3771283169791175e-05
paired_cis_count,MPZ,0.9135284747059487,8.812338533559227e-06
paired_cis_count,MPZL1,0.9137095036468603,0.00018984127944521312
paired_cis_count,MPZL2,0.9136126005862079,9.293821879274855e-05
paired_cis_count,MPZL3,0.9137211669598948,0.00020150459247969543
paired_cis_count,MRC2,0.9116397564851028,-0.0018799058823123493
paired_cis_count,MREG,0.9136567119992239,0.00013704963180882768
paired_cis_count,MRGBP,0.9132957463161857,-0.00022391605122940028
paired_cis_count,MRM2,0.9135401122066338,2.0449839218672494e-05
paired_cis_count,MRM3,0.9130370863371189,-0.0004825760302962223
paired_cis_count,MRNIP,0.9136009656246976,8.130325728250565e-05
paired_cis_count,MROH1,0.9133735489348875,-0.00014611343252757258
paired_cis_count,MRRF,0.913615897558606,9.623519119084101e-05
paired_cis_count,MRS2,0.9135561447545849,3.648238716980057e-05
paired_cis_count,MSANTD2,0.9135312703381935,1.1607970778371168e-05
paired_cis_count,MSC,0.9138859048873148,0.0003662425198996955
paired_cis_count,MSH2,0.913440995799726,-7.866656768906743e-05
paired_cis_count,MSH6,0.9138110780991159,0.0002914157317007726
paired_cis_count,MSI2,0.9135401753450539,2.051297763883131e-05
paired_cis_count,MSL2,0.9136301001782176,0.00011043781080244397
paired_cis_count,MSN,0.9144116770956674,0.0008920147282522883
paired_cis_count,MSRA,0.913322664970995,-0.0001969973964200955
paired_cis_count,MSRB1,0.9135432609651986,2.3598597783447417e-05
paired_cis_count,MSS51,0.9138392320152928,0.00031956964787771547
paired_cis_count,MSTO1,0.913688043211872,0.0001683808444569168
paired_cis_count,MT1X,0.9135013060133024,-1.8356354112736284e-05
paired_cis_count,MT2A,0.9134692817468147,-5.038062060036541e-05
paired_cis_count,MTA1,0.9151019574462437,0.0015822950788285661
paired_cis_count,MTA3,0.9138208435483569,0.0003011811809418008
paired_cis_count,MTAP,0.9134895491881941,-3.0113179220969677e-05
paired_cis_count,MTCH1,0.9136381445274879,0.0001184821600728192
paired_cis_count,MTCH2,0.9134286342055054,-9.102816190975638e-05
paired_cis_count,MTDH,0.9135814706359227,6.180826850754606e-05
paired_cis_count,MTERF1,0.9135071201985223,-1.2542168892792915e-05
paired_cis_count,MTERF2,0.9134856650346579,-3.39973327572185e-05
paired_cis_count,MTERF4,0.9134816307703987,-3.803159701643022e-05
paired_cis_count,MTF2,0.9134953712718197,-2.429109559543008e-05
paired_cis_count,MTFP1,0.9135261672342644,6.504866849277313e-06
paired_cis_count,MTFR1,0.9132917901897566,-0.00022787217765851686
paired_cis_count,MTFR1L,0.9135210728646939,1.4104972787531977e-06
paired_cis_count,MTG1,0.9133108841350258,-0.00020877823238929505
paired_cis_count,MTG2,0.9137930338003716,0.0002733714329564707
paired_cis_count,MTHFD2L,0.913479323237608,-4.033912980705434e-05
paired_cis_count,MTHFSD,0.9136183996375429,9.87372701277689e-05
paired_cis_count,MTM1,0.9134365469155096,-8.311545190553549e-05
paired_cis_count,MTMR1,0.9134717240316611,-4.79383357540053e-05
paired_cis_count,MTMR10,0.9128549471005273,-0.0006647152668878276
paired_cis_count,MTMR12,0.9134846168914768,-3.504547593835561e-05
paired_cis_count,MTMR14,0.9135440665482218,2.4404180806736342e-05
paired_cis_count,MTMR4,0.9128113101490061,-0.0007083522184090363
paired_cis_count,MTMR6,0.9138730862391126,0.0003534238716974558
paired_cis_count,MTMR9,0.9135127368536489,-6.92551376624273e-06
paired_cis_count,MTO1,0.9133303794621428,-0.0001892829052723144
paired_cis_count,MTPN,0.9137744498334258,0.00025478746601070856
paired_cis_count,MTRF1,0.9135125709967291,-7.091370685996523e-06
paired_cis_count,MTRF1L,0.9135818519747881,6.218960737303103e-05
paired_cis_count,MTRR,0.913537345420976,1.7683053560868522e-05
paired_cis_count,MTSS1,0.91348560098533,-3.406138208505993e-05
paired_cis_count,MTX3,0.9133899874468299,-0.00012967492058524321
paired_cis_count,MUC1,0.913538450448259,1.878808084387895e-05
paired_cis_count,MUL1,0.9132743413663205,-0.00024532100109464494
paired_cis_count,MUT,0.9135276792886288,8.016921213660488e-06
paired_cis_count,MVP,0.91359787083515,7.820846773487489e-05
paired_cis_count,MX1,0.9136063290148857,8.666664747059016e-05
paired_cis_count,MX2,0.9132751667665637,-0.0002444956008513799
paired_cis_count,MXD3,0.9135343213836455,1.4659016230433863e-05
paired_cis_count,MXD4,0.913169950228237,-0.0003497121391781155
paired_cis_count,MXI1,0.913528291964689,8.629597273879241e-06
paired_cis_count,MXRA7,0.9128389642623748,-0.0006806981050403449
paired_cis_count,MYADM,0.9135198392059977,1.7683858255512774e-07
paired_cis_count,MYB,0.913249251025499,-0.00027041134191607696
paired_cis_count,MYBL1,0.9135171152840222,-2.5470833928675773e-06
paired_cis_count,MYD88,0.9135686397609256,4.897739351050756e-05
paired_cis_count,MYDGF,0.9135415999591229,2.193759170776577e-05
paired_cis_count,MYH10,0.9135304813114306,1.081894401544492e-05
paired_cis_count,MYH9,0.914748855193903,0.0012291928264879237
paired_cis_count,MYL12A,0.9135956887797991,7.602641238402263e-05
paired_cis_count,MYL12B,0.9113080945082244,-0.002211567859190744
paired_cis_count,MYL6,0.9138401887095297,0.00032052634211454656
paired_cis_count,MYL6B,0.9133959897353766,-0.0001236726320384962
paired_cis_count,MYLIP,0.9135181922165078,-1.470150907345591e-06
paired_cis_count,MYNN,0.9135425789331364,2.2916565721287085e-05
paired_cis_count,MYO19,0.9135037269181622,-1.5935449252935108e-05
paired_cis_count,MYO1B,0.9135243724081465,4.710040731437104e-06
paired_cis_count,MYO1D,0.9135637403925565,4.407802514139192e-05
paired_cis_count,MYO1E,0.9133503720681527,-0.00016929029926238126
paired_cis_count,MYO1F,0.9132617683487757,-0.0002578940186394041
paired_cis_count,MYO3B,0.9139013483459192,0.00038168597850407604
paired_cis_count,MYO5A,0.9135554589021725,3.579653475738187e-05
paired_cis_count,MYO9A,0.9132557428424364,-0.0002639195249787285
paired_cis_count,MYOF,0.9137639457050444,0.0002442833376292697
paired_cis_count,MYSM1,0.9135863784602504,6.67160928352617e-05
paired_cis_count,MZB1,0.913522457845415,2.795477999861795e-06
paired_cis_count,N4BP1,0.9197938814946085,0.006274219127193392
paired_cis_count,N4BP2,0.9135227549615825,3.0925941674198043e-06
paired_cis_count,N4BP2L1,0.9135201646502712,5.022828560852233e-07
paired_cis_count,N4BP2L2,0.9134945138115443,-2.5148555870768696e-05
paired_cis_count,N4BP3,0.9133524955657973,-0.00016716680161776853
paired_cis_count,NAA16,0.9134705582714284,-4.910409598668508e-05
paired_cis_count,NAA35,0.91262774230448,-0.0008919200629351476
paired_cis_count,NAA40,0.9131715578269346,-0.00034810454048050943
paired_cis_count,NAA60,0.9135867507584856,6.708839107050224e-05
paired_cis_count,NAAA,0.913555748193091,3.6085825675935546e-05
paired_cis_count,NAALADL1,0.9135202192098859,5.56842470800234e-07
paired_cis_count,NAB1,0.9135065940861745,-1.306828124059134e-05
paired_cis_count,NAB2,0.9130199632920699,-0.0004996990753451946
paired_cis_count,NABP1,0.9137064597830293,0.00018679741561422603
paired_cis_count,NACC1,0.9133812260661904,-0.00013843630122467587
paired_cis_count,NADK2,0.9153898634832459,0.0018702011158308052
paired_cis_count,NAGA,0.913561662309705,4.199994228992754e-05
paired_cis_count,NAGK,0.9135316103738685,1.1948006453432747e-05
paired_cis_count,NAGLU,0.9142595774901721,0.0007399151227569511
paired_cis_count,NANP,0.9136837637199536,0.00016410135253852598
paired_cis_count,NANS,0.91356604949277,4.6387125354874215e-05
paired_cis_count,NAP1L4,0.9137276671625671,0.00020800479515203918
paired_cis_count,NAP1L5,0.9135243445051104,4.6821376953332106e-06
paired_cis_count,NAPB,0.9122601708718189,-0.0012594914955962322
paired_cis_count,NAPEPLD,0.9134395332610716,-8.012910634347392e-05
paired_cis_count,NAPG,0.913828066197579,0.0003084038301638392
paired_cis_count,NAPRT,0.9134753749778982,-4.4287389516894926e-05
paired_cis_count,NAPSA,0.9134487440348996,-7.091833251549051e-05
paired_cis_count,NAT1,0.913531629387687,1.1967020271841378e-05
paired_cis_count,NAT14,0.913502535114241,-1.7127253174153978e-05
paired_cis_count,NAT9,0.9135335822378245,1.3919870409440094e-05
paired_cis_count,NATD1,0.9132651338758505,-0.00025452849156459845
paired_cis_count,NAXE,0.9134757309200706,-4.3931447344491836e-05
paired_cis_count,NBEAL1,0.9135582709640252,3.8608596610090196e-05
paired_cis_count,NBL1,0.9135240417801233,4.379412708144237e-06
paired_cis_count,NCBP3,0.9129959827873221,-0.0005236795800930283
paired_cis_count,NCEH1,0.9134940578075965,-2.5604559818592776e-05
paired_cis_count,NCF2,0.9135201551389114,4.927714962743579e-07
paired_cis_count,NCF4,0.9135118646642548,-7.797703160283831e-06
paired_cis_count,NCK1,0.9135441376408311,2.4475273415980325e-05
paired_cis_count,NCKAP1,0.913427239485496,-9.242288191912973e-05
paired_cis_count,NCKAP1L,0.9134838456998208,-3.5816667594334994e-05
paired_cis_count,NCLN,0.9142883638370292,0.0007687014696140526
paired_cis_count,NCOA1,0.913564294742096,4.463237468088632e-05
paired_cis_count,NCOA2,0.9139111868468873,0.00039152447947221614
paired_cis_count,NCOA3,0.9131178314502277,-0.0004018309171873735
paired_cis_count,NCOA6,0.9135822350453884,6.25726779732716e-05
paired_cis_count,NCOR2,0.9135375918031717,1.792943575662509e-05
paired_cis_count,NCR3,0.9133810099838643,-0.0001386523835508191
paired_cis_count,NDC1,0.9135839788770667,6.431650965155189e-05
paired_cis_count,NDE1,0.9134963884624976,-2.3273904917520127e-05
paired_cis_count,NDFIP2,0.9135346653403159,1.5002972900801659e-05
paired_cis_count,NDRG3,0.9136746554003643,0.0001549930329491911
paired_cis_count,NDUFA10,0.9136565641768252,0.00013690180941006158
paired_cis_count,NDUFA11,0.9135449431489059,2.5280781490777393e-05
paired_cis_count,NDUFA12,0.9135961360613063,7.647369389118808e-05
paired_cis_count,NDUFA13,0.9105895520464179,-0.0029301103209972146
paired_cis_count,NDUFA3,0.9135235046525044,3.842285089317166e-06
paired_cis_count,NDUFA4,0.913604804553312,8.5142185896947e-05
paired_cis_count,NDUFA8,0.9125923448316067,-0.0009273175358084362
paired_cis_count,NDUFA9,0.9132613393090768,-0.0002583230583382834
paired_cis_count,NDUFAF1,0.9133690296632212,-0.00015063270419390928
paired_cis_count,NDUFAF3,0.9129189217444922,-0.000600740622922924
paired_cis_count,NDUFAF6,0.9135152670190589,-4.3953483561676165e-06
paired_cis_count,NDUFAF8,0.9135671358788301,4.7473511414986014e-05
paired_cis_count,NDUFB11,0.9135828961916229,6.323382420780899e-05
paired_cis_count,NDUFB2,0.9137796818510509,0.0002600194836357428
paired_cis_count,NDUFB3,0.9134483307465434,-7.13316208716952e-05
paired_cis_count,NDUFB4,0.9134119435542819,-0.0001077188131332063
paired_cis_count,NDUFB5,0.9142558295123933,0.0007361671449781504
paired_cis_count,NDUFB6,0.912167601689094,-0.0013520606783210543
paired_cis_count,NDUFB8,0.9131054999253235,-0.00041416244209158126
paired_cis_count,NDUFB9,0.9134103672703144,-0.00010929509710067009
paired_cis_count,NDUFS1,0.9134158545121105,-0.00010380785530461623
paired_cis_count,NDUFS2,0.9134828891746749,-3.677319274020263e-05
paired_cis_count,NDUFS3,0.9128626975707822,-0.0006569647966329084
paired_cis_count,NDUFS4,0.9138565965836887,0.00033693421627356557
paired_cis_count,NDUFS5,0.9134961518872042,-2.351048021087543e-05
paired_cis_count,NDUFS6,0.9134195966493258,-0.00010006571808929277
paired_cis_count,NDUFS7,0.9133893225678397,-0.00013033979957544073
paired_cis_count,NDUFV1,0.9133961260710599,-0.0001235362963551978
paired_cis_count,NDUFV3,0.9135550107811075,3.534841369234876e-05
paired_cis_count,NECAB3,0.9131301547397441,-0.0003895076276709819
paired_cis_count,NECAP2,0.9146123157205615,0.0010926533531463445
paired_cis_count,NECTIN1,0.913544799120009,2.513675259385728e-05
paired_cis_count,NECTIN3,0.913591842111681,7.21797442658767e-05
paired_cis_count,NEDD4L,0.9148009180730332,0.0012812557056181006
paired_cis_count,NEDD9,0.913485032322883,-3.4630044532080184e-05
paired_cis_count,NEIL2,0.913527942859363,8.280491947898483e-06
paired_cis_count,NEIL3,0.9136239661861328,0.00010430381871773253
paired_cis_count,NEK1,0.9135654102559321,4.5747888516967095e-05
paired_cis_count,NEK2,0.913698676110521,0.00017901374310591578
paired_cis_count,NEK3,0.9135016083758417,-1.805399157339682e-05
paired_cis_count,NEK6,0.9136812849057138,0.0001616225382986558
paired_cis_count,NEK7,0.9135617828913138,4.212052389873655e-05
paired_cis_count,NEK8,0.9134980630789442,-2.1599288470897093e-05
paired_cis_count,NEK9,0.913510562222081,-9.100145334062226e-06
paired_cis_count,NELFE,0.9134595734904589,-6.008887695618803e-05
paired_cis_count,NEMF,0.9144610306880989,0.0009413683206838108
paired_cis_count,NEMP1,0.9134462241624641,-7.343820495098186e-05
paired_cis_count,NEMP2,0.9136649811772724,0.00014531880985724221
paired_cis_count,NETO2,0.9135369664164911,1.730404907596128e-05
paired_cis_count,NEU1,0.9147032439121584,0.0011835815447432951
paired_cis_count,NEU3,0.9134171336056545,-0.00010252876176064518
paired_cis_count,NF1,0.9135376767667256,1.8014399310484208e-05
paired_cis_count,NF2,0.9134545865933548,-6.507577406034137e-05
paired_cis_count,NFATC1,0.9136712665820853,0.0001516042146701979
paired_cis_count,NFATC2,0.9125066940793458,-0.0010129682880692936
paired_cis_count,NFATC2IP,0.9134246499527544,-9.50124146607001e-05
paired_cis_count,NFATC3,0.9131847159507585,-0.00033494641665665625
paired_cis_count,NFE2L3,0.9135416368361545,2.197446873941633e-05
paired_cis_count,NFIC,0.9146783809682062,0.0011587186007910866
paired_cis_count,NFKB1,0.9133596163433846,-0.0001600460240305246
paired_cis_count,NFKB2,0.9139677323330222,0.00044806996560708967
paired_cis_count,NFKBIA,0.9132881050201107,-0.0002315573473044008
paired_cis_count,NFKBIB,0.9136067904631974,8.712809578226288e-05
paired_cis_count,NFKBIL1,0.9185560477019572,0.005036385334542093
paired_cis_count,NFKBIZ,0.9134460477743578,-7.36145930573251e-05
paired_cis_count,NFRKB,0.9132207500749518,-0.00029891229246326034
paired_cis_count,NFS1,0.9135060723486963,-1.3590018718812047e-05
paired_cis_count,NFU1,0.9132940912926494,-0.00022557107476572913
paired_cis_count,NFX1,0.9135280079962287,8.345628813577477e-06
paired_cis_count,NFXL1,0.9135585705931627,3.890822574759145e-05
paired_cis_count,NGRN,0.9134815495969562,-3.811277045895345e-05
paired_cis_count,NHEJ1,0.912961424543066,-0.0005582378243491615
paired_cis_count,NHLRC3,0.91352708969454,7.427327124887029e-06
paired_cis_count,NIF3L1,0.9135891270540596,6.946468664448258e-05
paired_cis_count,NINJ2,0.9138769843142843,0.0003573219468692157
paired_cis_count,NIPA1,0.9136511341954633,0.0001314718280481797
paired_cis_count,NIPA2,0.9132569705408707,-0.00026269182654437007
paired_cis_count,NIPAL3,0.9135393876863023,1.972531888716489e-05
paired_cis_count,NIPBL,0.9129578182448381,-0.0005618441225769821
paired_cis_count,NIPSNAP1,0.913524335855569,4.673488153916772e-06
paired_cis_count,NIPSNAP2,0.9136660090967033,0.0001463467292881493
paired_cis_count,NISCH,0.9134938557619712,-2.5806605443934316e-05
paired_cis_count,NIT2,0.9140951866095902,0.0005755242421751072
paired_cis_count,NKG7,0.9134614603797397,-5.8201987675365885e-05
paired_cis_count,NKRF,0.9135320323079735,1.2369940558421e-05
paired_cis_count,NKTR,0.9134485729013938,-7.108946602130128e-05
paired_cis_count,NLK,0.9134855044958532,-3.4157871561912856e-05
paired_cis_count,NLN,0.9135676443295385,4.7981962123411215e-05
paired_cis_count,NLRC5,0.9134604384462348,-5.9223921180295847e-05
paired_cis_count,NLRP2,0.9135205483846947,8.860172795444043e-07
paired_cis_count,NLRX1,0.9136228660049198,0.00010320363750471184
paired_cis_count,NMB,0.91369833677603,0.00017867440861485395
paired_cis_count,NME1,0.9131533496853259,-0.0003663126820891982
paired_cis_count,NME4,0.9136086757006093,8.901333319422111e-05
paired_cis_count,NME6,0.9135695806646758,4.9918297260642674e-05
paired_cis_count,NME7,0.9136189033597298,9.924099231473082e-05
paired_cis_count,NMI,0.9135136288927368,-6.0334746783130555e-06
paired_cis_count,NMRAL1,0.9135144800695042,-5.182297910910627e-06
paired_cis_count,NMRK1,0.9135892385238966,6.957615648151005e-05
paired_cis_count,NOA1,0.9134439042642291,-7.575810318605214e-05
paired_cis_count,NOCT,0.9135083543351274,-1.1308032287660197e-05
paired_cis_count,NOD1,0.9137999754560102,0.00028031308859510773
paired_cis_count,NOL4L,0.9126937642801962,-0.0008258980872188904
paired_cis_count,NOMO1,0.9134997564907541,-1.9905876661008293e-05
paired_cis_count,NONO,0.9134380421713365,-8.162019607860227e-05
paired_cis_count,NOSIP,0.9129913627659868,-0.0005282996014283059
paired_cis_count,NOTCH1,0.9135790250208295,5.9362653414440913e-05
paired_cis_count,NOTCH2,0.9126629763398663,-0.0008566860275488475
paired_cis_count,NPC2,0.9137117638213279,0.00019210145391279632
paired_cis_count,NPEPL1,0.9135541857918581,3.452342444298928e-05
paired_cis_count,NPHP3,0.9136707788330813,0.0001511164656662345
paired_cis_count,NPHP4,0.9113993191494077,-0.002120343218007359
paired_cis_count,NPM3,0.9134001855379612,-0.0001194768294539017
paired_cis_count,NPRL2,0.9135982872012811,7.862483386600339e-05
paired_cis_count,NPTN,0.9135407471207545,2.1084753339395412e-05
paired_cis_count,NPTX1,0.9135040769971214,-1.5585370293669243e-05
paired_cis_count,NQO2,0.9133743428435921,-0.0001453195238230176
paired_cis_count,NR1D1,0.91360351625304,8.385388562492935e-05
paired_cis_count,NR1H2,0.9135272154232726,7.5530558575342965e-06
paired_cis_count,NR1H3,0.9136349292661815,0.0001152668987663974
paired_cis_count,NR2C2,0.9134947311772421,-2.4931190172994278e-05
paired_cis_count,NR2C2AP,0.9134349706173792,-8.469175003589235e-05
paired_cis_count,NR2F6,0.9128443909649064,-0.0006752714025086703
paired_cis_count,NR3C1,0.9148425913919918,0.0013229290245766467
paired_cis_count,NR4A1,0.9131859211913606,-0.00033374117605455833
paired_cis_count,NR4A2,0.9135252382372041,5.575869788998489e-06
paired_cis_count,NR4A3,0.9133494830742782,-0.00017017929313689617
paired_cis_count,NRARP,0.913557218432805,3.7556065389909854e-05
paired_cis_count,NRAS,0.9123630319726673,-0.0011566303947477818
paired_cis_count,NRBF2,0.9133963703985596,-0.00012329196885552118
paired_cis_count,NREP,0.9134832694824149,-3.6392885000235964e-05
paired_cis_count,NRGN,0.9135435958366424,2.3933469227244153e-05
paired_cis_count,NRM,0.9134847802252704,-3.488214214475427e-05
paired_cis_count,NRN1,0.9135214751484377,1.812781022625387e-06
paired_cis_count,NRP2,0.9135719113756576,5.224900824252199e-05
paired_cis_count,NRROS,0.9135089616373506,-1.0700730064483466e-05
paired_cis_count,NSFL1C,0.9178150669179295,0.004295404550514359
paired_cis_count,NSMF,0.9135668140473073,4.715167989222113e-05
paired_cis_count,NSUN3,0.9131569494530147,-0.000362712914400376
paired_cis_count,NSUN4,0.913492415492556,-2.724687485911037e-05
paired_cis_count,NSUN5,0.9137035274650642,0.0001838650976491163
paired_cis_count,NSUN6,0.9135658870837837,4.622471636861469e-05
paired_cis_count,NT5C,0.9136628412407923,0.00014317887337722546
paired_cis_count,NT5C2,0.913172941115198,-0.00034672125221713035
paired_cis_count,NT5DC1,0.9137860018088223,0.0002663394414071929
paired_cis_count,NT5DC3,0.9137018849327044,0.000182222565289325
paired_cis_count,NT5E,0.9134447445629158,-7.491780449930818e-05
paired_cis_count,NT5M,0.9143187733238101,0.000799110956394955
paired_cis_count,NTAN1,0.9136371847279313,0.00011752236051620901
paired_cis_count,NTMT1,0.9134314103296893,-8.825203772577783e-05
paired_cis_count,NTNG2,0.913504249466984,-1.5412900431055476e-05
paired_cis_count,NTRK1,0.913536184899304,1.6522531888885084e-05
paired_cis_count,NTRK2,0.9134708370762579,-4.882529115723955e-05
paired_cis_count,NUCB2,0.9136278847671395,0.00010822239972441139
paired_cis_count,NUCKS1,0.9134990661210375,-2.059624637762436e-05
paired_cis_count,NUDCD1,0.9135243082462357,4.645878820541682e-06
paired_cis_count,NUDCD2,0.9135300243498854,1.036198247028608e-05
paired_cis_count,NUDT1,0.913689985284421,0.00017032291700591617
paired_cis_count,NUDT14,0.9135722334804742,5.257111305911888e-05
paired_cis_count,NUDT15,0.9147785095305409,0.0012588471631257425
paired_cis_count,NUDT16,0.9131543555401906,-0.0003653068272244653
paired_cis_count,NUDT16L1,0.9131072437323293,-0.00041241863508578724
paired_cis_count,NUDT19,0.9138654903412866,0.0003458279738715042
paired_cis_count,NUDT2,0.9135063686906761,-1.3293676738967974e-05
paired_cis_count,NUDT22,0.9139022239333354,0.0003825615659203141
paired_cis_count,NUDT3,0.9162177437095955,0.002698081342180414
paired_cis_count,NUDT7,0.9135676220013649,4.795963394976788e-05
paired_cis_count,NUDT8,0.913504316692192,-1.5345675223099597e-05
paired_cis_count,NUDT9,0.9134963594667167,-2.330290069840757e-05
paired_cis_count,NUFIP2,0.9141975348781739,0.0006778725107587924
paired_cis_count,NUMB,0.913579252785267,5.9590417851862476e-05
paired_cis_count,NUMBL,0.913546430902147,2.6768534731935745e-05
paired_cis_count,NUP188,0.9134895417254164,-3.0120641998698794e-05
paired_cis_count,NUP35,0.9135249829115885,5.320544173348374e-06
paired_cis_count,NUP37,0.913511274136448,-8.388230967160126e-06
paired_cis_count,NUPL2,0.912588331875818,-0.0009313304915971043
paired_cis_count,NUS1,0.9130471824067647,-0.0004724799606503627
paired_cis_count,NUSAP1,0.9135949737935801,7.531142616501452e-05
paired_cis_count,NXPE3,0.9142526649005306,0.0007330025331154788
paired_cis_count,NXT2,0.9136205301968275,0.00010086782941243211
paired_cis_count,OARD1,0.9136205994258194,0.00010093705840430456
paired_cis_count,OAS2,0.9135785241456044,5.886177818925642e-05
paired_cis_count,OAS3,0.9134821111672197,-3.755120019544034e-05
paired_cis_count,OASL,0.9135553446278032,3.568226038808131e-05
paired_cis_count,OAT,0.9133121013458175,-0.00020756102159757983
paired_cis_count,OAZ1,0.9137538484813095,0.0002341861138943635
paired_cis_count,OAZ2,0.9135785036255302,5.8841258115061024e-05
paired_cis_count,OCEL1,0.9135369883169132,1.7325949498103732e-05
paired_cis_count,OCIAD1,0.9135665570387738,4.689467135865488e-05
paired_cis_count,ODC1,0.9136051396529232,8.547728550811762e-05
paired_cis_count,ODF2,0.9137013592454156,0.0001816968780005146
paired_cis_count,ODF2L,0.9133275403192821,-0.00019212204813301437
paired_cis_count,ODR4,0.9136604449281177,0.00014078256070260142
paired_cis_count,OFD1,0.9134912725159963,-2.838985141884187e-05
paired_cis_count,OGFOD2,0.9138868842664143,0.00036722189899918156
paired_cis_count,OGFR,0.9135489859082507,2.932354083562405e-05
paired_cis_count,OGG1,0.9139459171086638,0.00042625474124868834
paired_cis_count,OMA1,0.9137358263389616,0.00021616397154644584
paired_cis_count,OPA3,0.9135181366669085,-1.5257005065993923e-06
paired_cis_count,OPN3,0.9135121639558892,-7.498411525919124e-06
paired_cis_count,ORAI1,0.9107633899368969,-0.0027562724305182362
paired_cis_count,ORAI2,0.9128622206872615,-0.000657441680153581
paired_cis_count,ORAI3,0.9134875963352076,-3.2066032207511697e-05
paired_cis_count,ORMDL1,0.9126436570960189,-0.0008760052713961963
paired_cis_count,OS9,0.9136015297972063,8.186742979121586e-05
paired_cis_count,OSBPL11,0.9140963006203848,0.0005766382529697189
paired_cis_count,OSBPL7,0.9134959824221806,-2.3679945234555966e-05
paired_cis_count,OSBPL8,0.9135989709398706,7.930857245552758e-05
paired_cis_count,OSBPL9,0.9135094703915168,-1.0191975898354855e-05
paired_cis_count,OSER1,0.9134971986402141,-2.246372720104972e-05
paired_cis_count,OSGEPL1,0.9134884725174538,-3.118984996131058e-05
paired_cis_count,OSGIN2,0.9135268338347434,7.171467328315195e-06
paired_cis_count,OSM,0.913509097949565,-1.0564417850078556e-05
paired_cis_count,OST4,0.9115887267560209,-0.0019309356113942355
paired_cis_count,OSTC,0.9135314083010992,1.1745933684137455e-05
paired_cis_count,OSTF1,0.9136197906506527,0.00010012828323757716
paired_cis_count,OSTM1,0.9135063769765064,-1.3285390908723826e-05
paired_cis_count,OTUB1,0.913691797230335,0.00017213486291989266
paired_cis_count,OTUD1,0.9134736550058323,-4.6007361582778294e-05
paired_cis_count,OTUD3,0.9136407082568663,0.00012104588945116568
paired_cis_count,OTUD5,0.9140763140953668,0.000556651727951718
paired_cis_count,OTUD7B,0.9135170734836048,-2.5888838103282907e-06
paired_cis_count,OTULIN,0.9135124915257846,-7.170841630488312e-06
paired_cis_count,OTULINL,0.9134838741279824,-3.578823943273246e-05
paired_cis_count,OXA1L,0.9143503437834202,0.0008306814160050635
paired_cis_count,OXCT1,0.9135267322316558,7.069864240705215e-06
paired_cis_count,OXLD1,0.9134741507878272,-4.551157958787577e-05
paired_cis_count,OXR1,0.9133897658507922,-0.00012989651662287383
paired_cis_count,OXSM,0.9135303596700599,1.0697302644802065e-05
paired_cis_count,OXSR1,0.9135501710264727,3.0508659057626453e-05
paired_cis_count,P2RX5,0.9132796044159359,-0.00024005795147918896
paired_cis_count,P2RX7,0.9135230997253165,3.4373579014257416e-06
paired_cis_count,P2RY10,0.9135235058280374,3.843460622321437e-06
paired_cis_count,P2RY11,0.9134700859644781,-4.957640293701271e-05
paired_cis_count,P2RY8,0.9135139433371615,-5.71903025359255e-06
paired_cis_count,P3H1,0.913472615367587,-4.704699982815974e-05
paired_cis_count,P4HA1,0.9136488402765615,0.00012917790914634963
paired_cis_count,P4HA2,0.9135301083586921,1.0445991276974986e-05
paired_cis_count,P4HB,0.9134277614463129,-9.190092110222814e-05
paired_cis_count,PAAF1,0.9135386521418547,1.898977443959282e-05
paired_cis_count,PABPC1L,0.9135433154317166,2.365306430152092e-05
paired_cis_count,PACRGL,0.9134920008160187,-2.7661551396440665e-05
paired_cis_count,PACS1,0.9133604120657348,-0.00015925030168029153
paired_cis_count,PACS2,0.9134350747292482,-8.458763816687753e-05
paired_cis_count,PACSIN2,0.9135319974456156,1.233507820053159e-05
paired_cis_count,PAFAH1B2,0.9135796263307875,5.996396337237808e-05
paired_cis_count,PAFAH2,0.9141674373805415,0.000647775013126406
paired_cis_count,PAGR1,0.9126164871634675,-0.0009031752039475593
paired_cis_count,PAICS,0.9134943203451684,-2.5342022246688245e-05
paired_cis_count,PAIP2,0.9135301050595007,1.0442692085610439e-05
paired_cis_count,PAIP2B,0.9135631715978808,4.350923046569921e-05
paired_cis_count,PAK2,0.913378923176602,-0.0001407391908131439
paired_cis_count,PAK4,0.9135983761608345,7.871379341939377e-05
paired_cis_count,PALLD,0.9162970228125864,0.002777360445171295
paired_cis_count,PAM,0.9145069617234978,0.0009872993560826604
paired_cis_count,PAN3,0.913514197905938,-5.464461477089344e-06
paired_cis_count,PANK2,0.9133451298691246,-0.00017453249829046946
paired_cis_count,PANK3,0.9139899883957698,0.00047032602835472836
paired_cis_count,PAPOLG,0.9133385529518504,-0.0001811094155647064
paired_cis_count,PAPSS1,0.913494723611549,-2.493875586606631e-05
paired_cis_count,PAQR3,0.9135240251820741,4.362814658986913e-06
paired_cis_count,PARD6A,0.9136045652192052,8.490285179008072e-05
paired_cis_count,PARK7,0.9141833289175842,0.0006636665501691397
paired_cis_count,PARL,0.9135229072637718,3.244896356724425e-06
paired_cis_count,PARN,0.9134953287998129,-2.4333567602230488e-05
paired_cis_count,PARP10,0.913527929001688,8.266634272890983e-06
paired_cis_count,PARP12,0.9135419664804376,2.2304113022508787e-05
paired_cis_count,PARP14,0.9136701528607949,0.0001504904933797846
paired_cis_count,PARP15,0.9134621003362697,-5.756203114537506e-05
paired_cis_count,PARP16,0.9136279680925012,0.00010830572508613301
paired_cis_count,PARP2,0.9135887743149679,6.911194755276906e-05
paired_cis_count,PARP4,0.913598289655589,7.862728817387143e-05
paired_cis_count,PARP6,0.9136448314754814,0.0001251691080662587
paired_cis_count,PARP8,0.9147016082667203,0.0011819458993052034
paired_cis_count,PARP9,0.9136639436777282,0.0001442813103130769
paired_cis_count,PARPBP,0.91308036485373,-0.0004392975136850996
paired_cis_count,PARVG,0.9134901781203728,-2.9484247042299572e-05
paired_cis_count,PASK,0.9135254061221072,5.743754692089098e-06
paired_cis_count,PATJ,0.9140724841025871,0.0005528217351720155
paired_cis_count,PATL2,0.9135631698591052,4.350749169013124e-05
paired_cis_count,PATZ1,0.9135154330600778,-4.229307337344501e-06
paired_cis_count,PAXIP1,0.9135028858990788,-1.6776468336310302e-05
paired_cis_count,PAXX,0.9135732853744329,5.36230070178334e-05
paired_cis_count,PBDC1,0.9136160651023311,9.640273491595686e-05
paired_cis_count,PBK,0.9134804508091404,-3.92115582746877e-05
paired_cis_count,PBRM1,0.9134461628288106,-7.349953860447123e-05
paired_cis_count,PBX2,0.913568340739231,4.8678371815880084e-05
paired_cis_count,PBX3,0.913534473588352,1.4811220936938874e-05
paired_cis_count,PBX4,0.9134870634948554,-3.2598872559685965e-05
paired_cis_count,PBXIP1,0.912898010817957,-0.0006216515494581465
paired_cis_count,PCBD1,0.9135618399558553,4.217758844016206e-05
paired_cis_count,PCBP4,0.9137106676141875,0.00019100524677240216
paired_cis_count,PCCA,0.9137382796066598,0.00021861723924465615
paired_cis_count,PCCB,0.9134486772355258,-7.098513188930067e-05
paired_cis_count,PCED1B,0.9135452387785289,2.5576411113781283e-05
paired_cis_count,PCGF1,0.9135421183800106,2.2456012595539754e-05
paired_cis_count,PCGF6,0.9135047087696613,-1.495359775383065e-05
paired_cis_count,PCIF1,0.912898531406309,-0.0006211309611060534
paired_cis_count,PCK2,0.9135147787016463,-4.8836657687845175e-06
paired_cis_count,PCLAF,0.913509946495168,-9.715872247073598e-06
paired_cis_count,PCMT1,0.912962357047301,-0.0005573053201141098
paired_cis_count,PCMTD1,0.9135418260775697,2.2163710154621263e-05
paired_cis_count,PCMTD2,0.9135907563524132,7.109398499804964e-05
paired_cis_count,PCNT,0.9135998171452128,8.015477779765856e-05
paired_cis_count,PCNX1,0.9135304197453149,1.0757377899794918e-05
paired_cis_count,PCNX2,0.9135193630590286,-2.993083865199253e-07
paired_cis_count,PCNX3,0.9135612637021713,4.160133475616945e-05
paired_cis_count,PCNX4,0.9134721125648498,-4.754980256527208e-05
paired_cis_count,PCOLCE,0.9130939526486447,-0.0004257097187704284
paired_cis_count,PCSK6,0.9144817524640447,0.0009620900966296198
paired_cis_count,PCYOX1,0.913577281336865,5.7618969449890756e-05
paired_cis_count,PCYOX1L,0.913552026164026,3.236379661086808e-05
paired_cis_count,PCYT2,0.913656331207745,0.0001366688403299232
paired_cis_count,PDCD10,0.9135034069130077,-1.6255454407421155e-05
paired_cis_count,PDCD2L,0.9134501245245253,-6.953784288976639e-05
paired_cis_count,PDCD4,0.9133749441063214,-0.00014471826109374586
paired_cis_count,PDCD6,0.913652583285668,0.00013292091825289898
paired_cis_count,PDCD6IP,0.9135565083295759,3.684596216080305e-05
paired_cis_count,PDCL,0.9133999813454812,-0.00011968102193393726
paired_cis_count,PDE12,0.9135527926521466,3.3130284731508475e-05
paired_cis_count,PDE1B,0.9141091475577503,0.0005894851903351928
paired_cis_count,PDE3B,0.9130479756167201,-0.00047168675069497734
paired_cis_count,PDE4A,0.9150522307977069,0.0015325684302918141
paired_cis_count,PDE4B,0.9135415699425692,2.1907575154078707e-05
paired_cis_count,PDE4D,0.913710779047078,0.0001911166796628727
paired_cis_count,PDE6B,0.9134678242130264,-5.183815438869477e-05
paired_cis_count,PDE7A,0.9134607756516968,-5.888671571829818e-05
paired_cis_count,PDE7B,0.9135612112304147,4.154886299956306e-05
paired_cis_count,PDE8A,0.9135330288690094,1.3366501594336277e-05
paired_cis_count,PDE9A,0.9138221442043515,0.00030248183693637465
paired_cis_count,PDGFA,0.913571496357534,5.1833990118876905e-05
paired_cis_count,PDHX,0.9135297137339153,1.0051366500229975e-05
paired_cis_count,PDIA4,0.9137926062645294,0.00027294389711429723
paired_cis_count,PDIA6,0.9138856803030855,0.0003660179356703708
paired_cis_count,PDK2,0.9125649055289822,-0.0009547568384329352
paired_cis_count,PDK3,0.91350561934779,-1.4043019625153974e-05
paired_cis_count,PDLIM1,0.9135231795222467,3.517154831600422e-06
paired_cis_count,PDLIM2,0.9134355934949224,-8.406887249268191e-05
paired_cis_count,PDP1,0.9134803778469581,-3.928452045698361e-05
paired_cis_count,PDP2,0.9126332355928396,-0.0008864267745755106
paired_cis_count,PDPR,0.9130595609160526,-0.000460101451362549
paired_cis_count,PDS5A,0.9135974128720598,7.775050464464694e-05
paired_cis_count,PDS5B,0.9132862506946111,-0.00023341167280399588
paired_cis_count,PDSS1,0.91363037526685,0.00011071289943487272
paired_cis_count,PDSS2,0.9135089647082774,-1.0697659137748339e-05
paired_cis_count,PDXK,0.9135250722489043,5.40988148922672e-06
paired_cis_count,PDXP,0.9135084844732665,-1.1177894148617362e-05
paired_cis_count,PDZD11,0.913000447032147,-0.0005192153352681084
paired_cis_count,PDZD8,0.9118258737993346,-0.0016937885680805564
paired_cis_count,PEAK1,0.913550011442992,3.034907557686317e-05
paired_cis_count,PEBP1,0.9135218495877108,2.1872202956574327e-06
paired_cis_count,PECR,0.9135668320250578,4.716965764273162e-05
paired_cis_count,PEF1,0.9135216063783562,1.9440109411128503e-06
paired_cis_count,PELI1,0.9135327452326136,1.3082865198521532e-05
paired_cis_count,PEMT,0.91346420767212,-5.54546952951096e-05
paired_cis_count,PEPD,0.9135123337764754,-7.3285909396592075e-06
paired_cis_count,PER2,0.9135015077140528,-1.8154653362301154e-05
paired_cis_count,PERP,0.9135246775298083,5.015162393151584e-06
paired_cis_count,PEX10,0.913473741778927,-4.592058848806868e-05
paired_cis_count,PEX11A,0.9135341026660783,1.4440298663154216e-05
paired_cis_count,PEX11B,0.9135810801124706,6.141774505552533e-05
paired_cis_count,PEX13,0.9140264846791685,0.0005068223117533632
paired_cis_count,PEX16,0.9128623062008604,-0.0006573561665547123
paired_cis_count,PEX19,0.9134087951829882,-0.00011086718442687715
paired_cis_count,PEX2,0.9135359230533091,1.6260685893998428e-05
paired_cis_count,PEX26,0.9138203008694379,0.0003006385020227764
paired_cis_count,PEX3,0.9132769152773579,-0.00024274709005722706
paired_cis_count,PEX5,0.914046492101463,0.00052682973404794
paired_cis_count,PEX6,0.9128963569214458,-0.0006233054459693355
paired_cis_count,PEX7,0.9135163185386792,-3.343828735902221e-06
paired_cis_count,PFDN1,0.9136644512183132,0.00014478885089808102
paired_cis_count,PFKFB3,0.9131136152995751,-0.00040604706783997635
paired_cis_count,PFKFB4,0.9135362013958681,1.6539028452999815e-05
paired_cis_count,PFKM,0.9133850988878082,-0.0001345634796069417
paired_cis_count,PFKP,0.9135532680590417,3.3605691626581446e-05
paired_cis_count,PGAP3,0.9139232733936234,0.0004036110262083392
paired_cis_count,PGBD2,0.9135355070463526,1.5844678937448897e-05
paired_cis_count,PGGHG,0.913498916958981,-2.0745408434108548e-05
paired_cis_count,PGM1,0.9134739979413441,-4.566442607101262e-05
paired_cis_count,PGM2L1,0.912683424921385,-0.0008362374460301192
paired_cis_count,PGP,0.9132671612457088,-0.00025250112170627226
paired_cis_count,PGRMC1,0.9135107514235057,-8.910943909423708e-06
paired_cis_count,PHACTR2,0.9133773443751466,-0.0001423179922684925
paired_cis_count,PHACTR4,0.913950923571123,0.0004312612037078445
paired_cis_count,PHC1,0.9136541249713824,0.00013446260396732246
paired_cis_count,PHC2,0.9134677766049905,-5.1885762424652704e-05
paired_cis_count,PHEX,0.9136264711580551,0.00010680879063995619
paired_cis_count,PHF11,0.9133702731049769,-0.00014938926243823758
paired_cis_count,PHF13,0.9133558414767277,-0.00016382089068744943
paired_cis_count,PHF14,0.9135522914621942,3.2629094779079715e-05
paired_cis_count,PHF2,0.9137449695078773,0.00022530714046220535
paired_cis_count,PHF20L1,0.9137602117471308,0.00024054937971573764
paired_cis_count,PHF23,0.9147964001727368,0.0012767378053216705
paired_cis_count,PHF3,0.9133609231647674,-0.00015873920264775077
paired_cis_count,PHF8,0.9142636478089273,0.0007439854415122182
paired_cis_count,PHGDH,0.9134969074697367,-2.2754897678445296e-05
paired_cis_count,PHIP,0.9135325671993008,1.2904831885651724e-05
paired_cis_count,PHKA1,0.9135207523995781,1.0900321629758736e-06
paired_cis_count,PHKA2,0.9135666022186838,4.693985126869027e-05
paired_cis_count,PHKB,0.9135611583804718,4.149601305669659e-05
paired_cis_count,PHKG2,0.9136610725118998,0.00014141014448465494
paired_cis_count,PHLDA1,0.9176046466692392,0.004084984301824135
paired_cis_count,PHLDA2,0.9135239878513309,4.325483915823547e-06
paired_cis_count,PHLDB2,0.9135403469436651,2.068457625004072e-05
paired_cis_count,PHLPP1,0.9135427049265568,2.3042559141650543e-05
paired_cis_count,PHOSPHO2,0.9136197525848272,0.00010009021741208546
paired_cis_count,PHPT1,0.9135347228362127,1.5060468797623017e-05
paired_cis_count,PHTF1,0.9125243662148309,-0.000995296152584202
paired_cis_count,PHTF2,0.9134667092152128,-5.2953152202328546e-05
paired_cis_count,PHYH,0.9135055640460437,-1.4098321371447398e-05
paired_cis_count,PI4K2B,0.9135307057392922,1.104337187707305e-05
paired_cis_count,PIAS1,0.9124054078251042,-0.0011142545423109551
paired_cis_count,PIAS2,0.9135409214439691,2.1259076554036582e-05
paired_cis_count,PICALM,0.9144879218887754,0.0009682595213602596
paired_cis_count,PICK1,0.9134533353640827,-6.632700333242258e-05
paired_cis_count,PIDD1,0.9135950953220108,7.543295459566668e-05
paired_cis_count,PIF1,0.9133791430162476,-0.0001405193511675451
paired_cis_count,PIGB,0.9135969864245725,7.732405715743518e-05
paired_cis_count,PIGC,0.9134824061492373,-3.725621817785019e-05
paired_cis_count,PIGF,0.913516317371183,-3.34499623211304e-06
paired_cis_count,PIGG,0.9135253239983214,5.6616309063173276e-06
paired_cis_count,PIGK,0.9135017263014201,-1.793606599498343e-05
paired_cis_count,PIGL,0.9135822243273355,6.256195992038194e-05
paired_cis_count,PIGM,0.9134882527804686,-3.1409586946473667e-05
paired_cis_count,PIGO,0.9134106412385041,-0.00010902112891097993
paired_cis_count,PIGP,0.9132094572605333,-0.00031020510688184455
paired_cis_count,PIGQ,0.9144579577986501,0.0009382954312350256
paired_cis_count,PIGS,0.9135309356378399,1.1273270424827508e-05
paired_cis_count,PIGT,0.9136078516761934,8.8189308778297e-05
paired_cis_count,PIGU,0.9136154515699944,9.578920257924395e-05
paired_cis_count,PIGV,0.9125641712473362,-0.0009554911200788663
paired_cis_count,PIGW,0.9134337506449796,-8.59117224355499e-05
paired_cis_count,PIGX,0.9139675218521099,0.0004478594846948347
paired_cis_count,PIH1D1,0.9133675219149101,-0.00015214045250500075
paired_cis_count,PIK3AP1,0.9133437068919125,-0.00017595547550264268
paired_cis_count,PIK3C2A,0.9154206751778822,0.001901012810467062
paired_cis_count,PIK3C2B,0.9134532945427654,-6.6367824649749e-05
paired_cis_count,PIK3CA,0.9135757881704408,5.6125803025719456e-05
paired_cis_count,PIK3CB,0.9135670034294949,4.734106207981981e-05
paired_cis_count,PIK3CD,0.9127273413060697,-0.0007923210613454135
paired_cis_count,PIK3CG,0.913519589208357,-7.315905814486712e-08
paired_cis_count,PIK3IP1,0.9136016814092681,8.201904185300979e-05
paired_cis_count,PIK3R1,0.9135271612122211,7.4988448059976065e-06
paired_cis_count,PIK3R2,0.9134718650618541,-4.779730556103701e-05
paired_cis_count,PIM2,0.9134726900498177,-4.6972317597426816e-05
paired_cis_count,PIN4,0.9132869860902019,-0.00023267627721323958
paired_cis_count,PINK1,0.9134660489353931,-5.3613432022037166e-05
paired_cis_count,PIP5K1A,0.9135883179888694,6.865562145430548e-05
paired_cis_count,PIP5K1C,0.9129061097115264,-0.0006135526558886939
paired_cis_count,PIR,0.9134855706006788,-3.4091766736299434e-05
paired_cis_count,PISD,0.9135173389154836,-2.3234519315185054e-06
paired_cis_count,PITPNA,0.9135449044770291,2.5242109613965447e-05
paired_cis_count,PITPNC1,0.913291994465691,-0.00022766790172412676
paired_cis_count,PITPNM1,0.9135888399000922,6.917753267710047e-05
paired_cis_count,PJA1,0.9133826110702243,-0.00013705129719077114
paired_cis_count,PJA2,0.9136141600130662,9.449764565105934e-05
paired_cis_count,PKD1,0.9135075926567418,-1.2069710673356937e-05
paired_cis_count,PKD2,0.9132549359933108,-0.0002647263741043515
paired_cis_count,PKIA,0.913531918196467,1.2255829051843747e-05
paired_cis_count,PKM,0.9131075916582064,-0.0004120707092086784
paired_cis_count,PKN2,0.9135021192052737,-1.7543162141420154e-05
paired_cis_count,PKNOX1,0.9135280165267801,8.354159364953873e-06
paired_cis_count,PKP4,0.9148909500588466,0.0013712876914314664
paired_cis_count,PLA2G12A,0.9155053351005885,0.0019856727331734048
paired_cis_count,PLA2G16,0.9135268663998742,7.2040324591293725e-06
paired_cis_count,PLA2G4A,0.9131857865392382,-0.0003338758281768994
paired_cis_count,PLA2G6,0.9112081571245838,-0.002311505242831302
paired_cis_count,PLAA,0.913558641291775,3.8978924359889255e-05
paired_cis_count,PLAC8,0.9133478620326247,-0.00017180033479036183
paired_cis_count,PLAG1,0.9134322879891775,-8.737437823758132e-05
paired_cis_count,PLAGL1,0.9137182289025322,0.0001985665351170729
paired_cis_count,PLAUR,0.9135420916708735,2.242930345841554e-05
paired_cis_count,PLBD2,0.9134324118666385,-8.725050077662555e-05
paired_cis_count,PLCB3,0.9136399630574885,0.00012030069007340494
paired_cis_count,PLCD1,0.9133233993801119,-0.00019626298730324176
paired_cis_count,PLCG1,0.9135495907206339,2.992835321879994e-05
paired_cis_count,PLCG2,0.9133719115387071,-0.00014775082870799316
paired_cis_count,PLCL2,0.9136813518144052,0.000161689446990132
paired_cis_count,PLCXD2,0.9136207629919879,0.000101100624572803
paired_cis_count,PLD6,0.9135364025159158,1.6740148500726804e-05
paired_cis_count,PLEC,0.9125449482395043,-0.0009747141279108362
paired_cis_count,PLEKHA1,0.9135254587158133,5.796348398146023e-06
paired_cis_count,PLEKHA2,0.9135202400089956,5.776415804570334e-07
paired_cis_count,PLEKHA8,0.9135344458782844,1.4783510869254002e-05
paired_cis_count,PLEKHB2,0.9135284831633653,8.820795950215121e-06
paired_cis_count,PLEKHF1,0.9135246869726548,5.02460523965631e-06
paired_cis_count,PLEKHF2,0.9135731177407029,5.3455373287825125e-05
paired_cis_count,PLEKHG2,0.9135384852499023,1.8822882487223858e-05
paired_cis_count,PLEKHG3,0.9135258059467164,6.143579301287616e-06
paired_cis_count,PLEKHG4,0.9136626540068389,0.0001429916394237729
paired_cis_count,PLEKHM3,0.9135555598138266,3.589744641152581e-05
paired_cis_count,PLEKHO1,0.913938342025156,0.00041867965774089466
paired_cis_count,PLEKHO2,0.9135478013907808,2.813902336573637e-05
paired_cis_count,PLGRKT,0.9135191864635559,-4.759038592094811e-07
paired_cis_count,PLIN2,0.9135204059636103,7.435961951740566e-07
paired_cis_count,PLIN3,0.9134757567126872,-4.390565472789376e-05
paired_cis_count,PLK3,0.9134632232246375,-5.643914277764228e-05
paired_cis_count,PLP2,0.9137823398175366,0.0002626774501215401
paired_cis_count,PLPBP,0.9135515583406376,3.189597322250659e-05
paired_cis_count,PLS1,0.9135154160971776,-4.246270237540095e-06
paired_cis_count,PLSCR1,0.9135041224626641,-1.5539904751005196e-05
paired_cis_count,PLTP,0.9135223662952255,2.7039278104323827e-06
paired_cis_count,PLXNA3,0.9135015583217136,-1.8104045701461402e-05
paired_cis_count,PLXNB2,0.9134572645436623,-6.239782375283554e-05
paired_cis_count,PLXNC1,0.9174434382968204,0.003923775929405293
paired_cis_count,PMAIP1,0.9136080108167102,8.834844929506147e-05
paired_cis_count,PMCH,0.9136188799944938,9.921762707865156e-05
paired_cis_count,PML,0.9135141457079448,-5.516659470350405e-06
paired_cis_count,PMM1,0.9135517721803503,3.210981293522153e-05
paired_cis_count,PMS1,0.9129626266933163,-0.0005570356740988158
paired_cis_count,PMS2,0.9133313941032482,-0.00018826826416695752
paired_cis_count,PNKD,0.9135947340708831,7.50717034679882e-05
paired_cis_count,PNMA1,0.9135245484571096,4.88608969451132e-06
paired_cis_count,PNP,0.9135387220711106,1.9059703695534225e-05
paired_cis_count,PNPLA2,0.9134298939240677,-8.976844334740441e-05
paired_cis_count,PNPLA4,0.9136440285742968,0.00012436620688172084
paired_cis_count,PNPLA8,0.9135081114425366,-1.1550924878478419e-05
paired_cis_count,PNPO,0.913476839604261,-4.28227631541489e-05
paired_cis_count,PNRC1,0.9135156381863206,-4.024181094464119e-06
paired_cis_count,PNRC2,0.9135167369438726,-2.9254235425213437e-06
paired_cis_count,POC5,0.9132842476535393,-0.00023541471387578117
paired_cis_count,PODXL2,0.9135197563146688,9.394725364320067e-08
paired_cis_count,POFUT1,0.9123298094403818,-0.0011898529270333302
paired_cis_count,POFUT2,0.9127582281468103,-0.0007614342206048175
paired_cis_count,POGLUT1,0.9135317615733983,1.209920598321812e-05
paired_cis_count,POLB,0.9135794703160584,5.980794864324235e-05
paired_cis_count,POLD4,0.9137897123458893,0.0002700499784742405
paired_cis_count,POLDIP2,0.913606046442685,8.638407526984082e-05
paired_cis_count,POLE3,0.9135042395466653,-1.5422820749844135e-05
paired_cis_count,POLG,0.9120244142700641,-0.0014952480973510207
paired_cis_count,POLH,0.9135974446821319,7.778231471677888e-05
paired_cis_count,POLK,0.9138062721665432,0.00028660979912809026
paired_cis_count,POLL,0.9135357923986739,1.6130031258776434e-05
paired_cis_count,POLQ,0.9135060120780003,-1.365028941480162e-05
paired_cis_count,POLR3G,0.9135987369752687,7.907460785361309e-05
paired_cis_count,POMT1,0.9135605153140838,4.085294666866801e-05
paired_cis_count,POMT2,0.9135903139613636,7.065159394847864e-05
paired_cis_count,POR,0.913531411108352,1.1748740936901036e-05
paired_cis_count,POU2AF1,0.9135256907006226,6.028333207508396e-06
paired_cis_count,POU2F2,0.9135217740725341,2.1117051189900593e-06
paired_cis_count,PPARA,0.9138359312952687,0.0003162689278536357
paired_cis_count,PPARG,0.9135510095362867,3.134716887154276e-05
paired_cis_count,PPCDC,0.9154298791863675,0.001910216818952426
paired_cis_count,PPDPF,0.9155446403727711,0.0020249780053559485
paired_cis_count,PPFIA4,0.9135224743210858,2.8119536706894266e-06
paired_cis_count,PPFIBP1,0.9133223550716921,-0.00019730729572298156
paired_cis_count,PPFIBP2,0.9135044062168465,-1.5256150568632165e-05
paired_cis_count,PPHLN1,0.9128280706104839,-0.0006915917569312313
paired_cis_count,PPIA,0.9137851147822391,0.00026545241482400783
paired_cis_count,PPIB,0.9135048677749513,-1.4794592463784895e-05
paired_cis_count,PPID,0.9135769791098367,5.731674242159812e-05
paired_cis_count,PPIG,0.9135854095966149,6.574722919983067e-05
paired_cis_count,PPIH,0.9136456430231481,0.00012598065573299344
paired_cis_count,PPIL1,0.9135171138110694,-2.548556345738362e-06
paired_cis_count,PPIL3,0.9132541557279157,-0.0002655066394994243
paired_cis_count,PPIP5K1,0.9132614134063824,-0.0002582489610326588
paired_cis_count,PPIP5K2,0.9134654984939495,-5.416387346557361e-05
paired_cis_count,PPM1A,0.9135429486202936,2.3286252878507163e-05
paired_cis_count,PPM1B,0.9134392522608593,-8.041010655579495e-05
paired_cis_count,PPM1D,0.9121396592252291,-0.0013800031421860037
paired_cis_count,PPM1F,0.9135204923587712,8.299913560882999e-07
paired_cis_count,PPM1G,0.9135708780354665,5.1215668051440844e-05
paired_cis_count,PPM1K,0.9140493295052058,0.0005296671377906792
paired_cis_count,PPM1M,0.9135156427080902,-4.0196593249497425e-06
paired_cis_count,PPME1,0.9135175005913917,-2.1617760234127203e-06
paired_cis_count,PPOX,0.9133319104450822,-0.0001877519223328905
paired_cis_count,PPP1CB,0.9131215084905276,-0.00039815387688746373
paired_cis_count,PPP1R12A,0.9117642542080983,-0.0017554081593168513
paired_cis_count,PPP1R12C,0.9127272076763031,-0.000792454691111999
paired_cis_count,PPP1R13L,0.9142876131061298,0.0007679507387147178
paired_cis_count,PPP1R16A,0.913769430637587,0.0002497682701718684
paired_cis_count,PPP1R16B,0.9135625945396251,4.293217220996404e-05
paired_cis_count,PPP1R21,0.9146896408468236,0.0011699784794084733
paired_cis_count,PPP1R37,0.9134378242854273,-8.183808198780618e-05
paired_cis_count,PPP1R3B,0.9135382509600243,1.8588592609170007e-05
paired_cis_count,PPP1R3D,0.9135788440632213,5.918169580620969e-05
paired_cis_count,PPP1R3F,0.9152758617425003,0.001756199375085199
paired_cis_count,PPP1R7,0.9098928134811782,-0.0036268488862368775
paired_cis_count,PPP1R9B,0.913480026413914,-3.9635953501093724e-05
paired_cis_count,PPP2CB,0.9140691055898261,0.0005494432224110168
paired_cis_count,PPP2R1B,0.913510179484449,-9.48288296609423e-06
paired_cis_count,PPP2R2A,0.9136111911677778,9.152880036267241e-05
paired_cis_count,PPP2R3C,0.9135355786597816,1.5916292366524587e-05
paired_cis_count,PPP2R5A,0.9134682503749385,-5.141199247660211e-05
paired_cis_count,PPP2R5D,0.9135136307038559,-6.031663559169509e-06
paired_cis_count,PPP2R5E,0.9135194658955402,-1.9647187488036622e-07
paired_cis_count,PPP3CB,0.912691630136877,-0.0008280322305380672
paired_cis_count,PPP3CC,0.9135115949014618,-8.067465953276454e-06
paired_cis_count,PPP3R1,0.9084790262416783,-0.005040636125736797
paired_cis_count,PPP4R1,0.913543382905522,2.3720538106841715e-05
paired_cis_count,PPP4R3A,0.913150433208054,-0.00036922915936110634
paired_cis_count,PPP4R3B,0.913561120595459,4.1458228043911305e-05
paired_cis_count,PPP6C,0.9119023928716762,-0.0016172694957389266
paired_cis_count,PPP6R2,0.9134986116652968,-2.1050702118330378e-05
paired_cis_count,PPP6R3,0.9135686180845279,4.8955717112830754e-05
paired_cis_count,PPT1,0.9135808964489948,6.123408157965304e-05
paired_cis_count,PPT2,0.9135628576114234,4.319524400830943e-05
paired_cis_count,PPTC7,0.9135349143090479,1.5251941632765664e-05
paired_cis_count,PQLC1,0.9135180130337992,-1.6493336159051353e-06
paired_cis_count,PQLC2,0.9136540457996556,0.00013438343224048133
paired_cis_count,PQLC3,0.9135217931488431,2.1307814279669657e-06
paired_cis_count,PRAG1,0.9138555070720883,0.0003358447046731827
paired_cis_count,PRCP,0.9134363790286729,-8.328333874219052e-05
paired_cis_count,PRDM1,0.913936526241073,0.00041686387365791333
paired_cis_count,PRDM15,0.91347131233648,-4.835003093506263e-05
paired_cis_count,PRDX1,0.9134866663708872,-3.299599652795138e-05
paired_cis_count,PRDX2,0.9135814867953588,6.18244279436686e-05
paired_cis_count,PRDX3,0.913210859333474,-0.0003088030339410963
paired_cis_count,PRDX5,0.9134427026790524,-7.695968836274325e-05
paired_cis_count,PRDX6,0.9135223496371931,2.6872697780344623e-06
paired_cis_count,PRELID2,0.9135481939348243,2.853156740922902e-05
paired_cis_count,PREP,0.9135180227302566,-1.639637158490359e-06
paired_cis_count,PREPL,0.9135753836325471,5.57212651319805e-05
paired_cis_count,PRF1,0.9135523224135383,3.266004612323403e-05
paired_cis_count,PRICKLE3,0.9130075961994825,-0.0005120661679326455
paired_cis_count,PRKAA1,0.9135400379552139,2.0375587798771022e-05
paired_cis_count,PRKAB2,0.9135070021289005,-1.2660238514650146e-05
paired_cis_count,PRKACA,0.9134949441951561,-2.471817225901951e-05
paired_cis_count,PRKACB,0.913500545921884,-1.9116445531097703e-05
paired_cis_count,PRKAG1,0.9135074293758493,-1.2232991565830353e-05
paired_cis_count,PRKAG2,0.913651966963415,0.00013230459599988809
paired_cis_count,PRKAR2A,0.9135152177924053,-4.444575009809881e-06
paired_cis_count,PRKCB,0.9135607719251886,4.110955777347769e-05
paired_cis_count,PRKCD,0.9135137851288371,-5.877238578033683e-06
paired_cis_count,PRKCH,0.9134002503557942,-0.00011941201162091186
paired_cis_count,PRKCI,0.9135899054017009,7.024303428582179e-05
paired_cis_count,PRKD2,0.913500665366528,-1.899700088714429e-05
paired_cis_count,PRKD3,0.9135637000329231,4.403766550797883e-05
paired_cis_count,PRKRA,0.9136879184500255,0.00016825608261039626
paired_cis_count,PRMT9,0.9134394091999958,-8.025316741933075e-05
paired_cis_count,PRNP,0.9153642307052908,0.0018445683378757183
paired_cis_count,PROSER1,0.9135259335965651,6.2712291499789075e-06
paired_cis_count,PROSER3,0.913567653829361,4.799146194589543e-05
paired_cis_count,PRPF39,0.9082782464877565,-0.005241415879658651
paired_cis_count,PRPF40B,0.9134333427817779,-8.631958563720676e-05
paired_cis_count,PRPS1,0.9136830817161157,0.0001634193487005664
paired_cis_count,PRPSAP1,0.9134508731087643,-6.878925865083652e-05
paired_cis_count,PRPSAP2,0.9136328643148127,0.00011320194739761202
paired_cis_count,PRR11,0.9136852720102538,0.0001656096428387377
paired_cis_count,PRR12,0.9134336685735439,-8.599379387119743e-05
paired_cis_count,PRR14L,0.9136085151742649,8.885280684978181e-05
paired_cis_count,PRR29,0.9134726405607019,-4.7021806713232195e-05
paired_cis_count,PRR3,0.9130547576961922,-0.0004649046712229543
paired_cis_count,PRR5,0.9136751600679693,0.00015549770055423018
paired_cis_count,PRR5L,0.9134340493008801,-8.561306653498413e-05
paired_cis_count,PRR7,0.9131810772264385,-0.0003385851409766216
paired_cis_count,PRRC1,0.9135260172791589,6.354911743833291e-06
paired_cis_count,PRRC2A,0.9137740507510215,0.0002543883836063632
paired_cis_count,PRRC2C,0.9134518996997582,-6.776266765695649e-05
paired_cis_count,PRSS23,0.9135251688406192,5.5064732040754905e-06
paired_cis_count,PRUNE1,0.9134667362536829,-5.292611373219902e-05
paired_cis_count,PRXL2A,0.9137618054355743,0.00024214306815917297
paired_cis_count,PRXL2B,0.9137120679243605,0.00019240555694544081
paired_cis_count,PSAP,0.9135201530791963,4.907117812091855e-07
paired_cis_count,PSAT1,0.9132556121308812,-0.0002640502365338637
paired_cis_count,PSEN1,0.9155227784745485,0.0020031161071334402
paired_cis_count,PSEN2,0.9134855161203904,-3.4146247024691156e-05
paired_cis_count,PSENEN,0.9121936956518553,-0.0013259667155598454
paired_cis_count,PSIP1,0.9112045475852125,-0.0023151147822025875
paired_cis_count,PSKH1,0.9136809364211924,0.00016127405377730497
paired_cis_count,PSMB10,0.9140459325159642,0.0005262701485491128
paired_cis_count,PSMB5,0.9136575703888308,0.00013790802141566694
paired_cis_count,PSMB8,0.9130060046098422,-0.0005136577575729495
paired_cis_count,PSMB9,0.9147798406202198,0.0012601782528046668
paired_cis_count,PSMD10,0.9135031237175694,-1.653864984574316e-05
paired_cis_count,PSMD5,0.9134715778123771,-4.808455503801934e-05
paired_cis_count,PSME1,0.9132178810209899,-0.0003017813464252228
paired_cis_count,PSME2,0.9129854993489851,-0.0005341630184300117
paired_cis_count,PSME4,0.9132870344118027,-0.0002326279556124078
paired_cis_count,PSMF1,0.9134233062375012,-9.63561299138771e-05
paired_cis_count,PSPC1,0.9136530777624723,0.00013341539505717925
paired_cis_count,PSRC1,0.91320251666966,-0.0003171456977550946
paired_cis_count,PSTPIP1,0.9135531674238557,3.3505056440619185e-05
paired_cis_count,PTAR1,0.9135770947091086,5.743234169353073e-05
paired_cis_count,PTBP2,0.9130767067885678,-0.00044295557884732606
paired_cis_count,PTEN,0.9132298507290106,-0.0002898116384044691
paired_cis_count,PTER,0.9135146428464473,-5.019520967763924e-06
paired_cis_count,PTGER4,0.9135212095541124,1.5471866973149062e-06
paired_cis_count,PTGES2,0.9132897870587908,-0.0002298753086242833
paired_cis_count,PTGFRN,0.9134783353944645,-4.132697295056165e-05
paired_cis_count,PTGIS,0.9135066464008701,-1.30159665450158e-05
paired_cis_count,PTK2B,0.9135216814266376,2.019059222480024e-06
paired_cis_count,PTMS,0.9135364626560191,1.6800288603957547e-05
paired_cis_count,PTP4A3,0.9134696651381127,-4.999722930243422e-05
paired_cis_count,PTPA,0.912896330703999,-0.0006233316634161046
paired_cis_count,PTPN11,0.9137737399256602,0.000254077558245136
paired_cis_count,PTPN2,0.9133584691676488,-0.000161193199766263
paired_cis_count,PTPN22,0.9135178422237604,-1.8201436546849692e-06
paired_cis_count,PTPN4,0.91379070645065,0.0002710440832348615
paired_cis_count,PTPN6,0.9135767422550273,5.707988761216587e-05
paired_cis_count,PTPN7,0.9134979615229042,-2.1700844510919026e-05
paired_cis_count,PTPN9,0.9135493699651773,2.970759776221854e-05
paired_cis_count,PTPRA,0.9135053372903803,-1.4325077034804679e-05
paired_cis_count,PTPRE,0.9154535421617598,0.0019338797943446728
paired_cis_count,PTPRK,0.9136740032858541,0.0001543409184390221
paired_cis_count,PTRH2,0.9135636483425742,4.398597515908875e-05
paired_cis_count,PTRHD1,0.9128743164836107,-0.0006453458838043824
paired_cis_count,PTS,0.9136144768262382,9.481445882308925e-05
paired_cis_count,PTTG1IP,0.9134010458483255,-0.00011861651908962045
paired_cis_count,PUM1,0.9135821822135557,6.251984614058514e-05
paired_cis_count,PUM2,0.9135040339338514,-1.5628433563730226e-05
paired_cis_count,PURA,0.9132467707075604,-0.00027289165985466823
paired_cis_count,PURB,0.9129664831815357,-0.0005531791858793822
paired_cis_count,PUS1,0.9134176233612402,-0.00010203900617489214
paired_cis_count,PUS3,0.9135975559921719,7.789362475674189e-05
paired_cis_count,PUS7,0.913457062004111,-6.260036330407726e-05
paired_cis_count,PUS7L,0.9135756555990329,5.599323161775693e-05
paired_cis_count,PUSL1,0.9135445543214701,2.489195405497302e-05
paired_cis_count,PVR,0.9136075476266359,8.788525922076573e-05
paired_cis_count,PWWP2A,0.9135950857657931,7.542339837796064e-05
paired_cis_count,PWWP2B,0.9134716965413294,-4.7965826085683005e-05
paired_cis_count,PXMP4,0.9141662707976913,0.0006466084302761965
paired_cis_count,PXN,0.9135513009727615,3.163860534638463e-05
paired_cis_count,PXYLP1,0.913387696056294,-0.00013196631112111223
paired_cis_count,PYCR2,0.9135418319653538,2.2169597938659358e-05
paired_cis_count,PYCR3,0.9135378284314886,1.816606407345489e-05
paired_cis_count,PYGO2,0.9135497644833431,3.0102115928021256e-05
paired_cis_count,PYHIN1,0.9133221615001471,-0.00019750086726799676
paired_cis_count,PYM1,0.9136998021332854,0.0001801397658702797
paired_cis_count,QDPR,0.9182608912507169,0.004741228883301751
paired_cis_count,QKI,0.913188121429486,-0.0003315409379290868
paired_cis_count,QPCTL,0.9124842415762976,-0.001035420791117514
paired_cis_count,QPRT,0.9136251976747011,0.00010553530728596439
paired_cis_count,QRSL1,0.9134388435422452,-8.081882516985939e-05
paired_cis_count,QSER1,0.9135312467563121,1.1584388897034614e-05
paired_cis_count,QSOX1,0.9135286978077448,9.035440329707711e-06
paired_cis_count,QSOX2,0.9135160874501724,-3.5749172426768894e-06
paired_cis_count,QTRT2,0.9136597717424237,0.00014010937500863463
paired_cis_count,R3HCC1,0.9138609242280394,0.00034126186062433117
paired_cis_count,R3HCC1L,0.9135120535845996,-7.608782815471393e-06
paired_cis_count,R3HDM1,0.9134563977219481,-6.326464546702049e-05
paired_cis_count,R3HDM4,0.9146080019140159,0.0010883395466008139
paired_cis_count,RAB11A,0.9135561143434051,3.645197599000394e-05
paired_cis_count,RAB11FIP1,0.9147423747748465,0.0012227124074314366
paired_cis_count,RAB11FIP2,0.9135903726714344,7.071030401928358e-05
paired_cis_count,RAB11FIP5,0.9135453225159579,2.56601485427721e-05
paired_cis_count,RAB12,0.9135137866076907,-5.875759724438545e-06
paired_cis_count,RAB13,0.9135003075963163,-1.9354771098822887e-05
paired_cis_count,RAB14,0.9135232586750233,3.5963076081557688e-06
paired_cis_count,RAB1B,0.913252617972064,-0.00026704439535107927
paired_cis_count,RAB21,0.9135545719373888,3.4909569973651244e-05
paired_cis_count,RAB23,0.9118092662159923,-0.0017103961514227661
paired_cis_count,RAB27A,0.9136771082853984,0.00015744591798327878
paired_cis_count,RAB28,0.913525010965494,5.348598078880329e-06
paired_cis_count,RAB29,0.9135230281253638,3.365757948681214e-06
paired_cis_count,RAB2B,0.9135502848321954,3.062246478024999e-05
paired_cis_count,RAB30,0.9135224882911843,2.825923769211869e-06
paired_cis_count,RAB33A,0.9139563781537878,0.0004367157863727211
paired_cis_count,RAB33B,0.9135461029413308,2.6440573915653687e-05
paired_cis_count,RAB3GAP1,0.9135104895090496,-9.172858365547043e-06
paired_cis_count,RAB3GAP2,0.9136212972198292,0.00010163485241410086
paired_cis_count,RAB3IP,0.9135220670309561,2.4046635409558093e-06
paired_cis_count,RAB40C,0.9116398176180409,-0.0018798447493741932
paired_cis_count,RAB4A,0.9134695662541282,-5.009611328687935e-05
paired_cis_count,RAB5A,0.9137965655216396,0.00027690315422446155
paired_cis_count,RAB5C,0.9134565866122198,-6.30757551952632e-05
paired_cis_count,RAB7A,0.9136796291551081,0.0001599667876930333
paired_cis_count,RAB8A,0.9134928233929913,-2.6838974423792905e-05
paired_cis_count,RAB8B,0.9135077825381028,-1.1879829312277934e-05
paired_cis_count,RAB9A,0.9133160713823412,-0.00020359098507394258
paired_cis_count,RABAC1,0.9149678241856083,0.0014481618181931832
paired_cis_count,RABEP1,0.9135119643117592,-7.69805565592474e-06
paired_cis_count,RABEP2,0.9136130512771581,9.33889097429752e-05
paired_cis_count,RABEPK,0.9134664087745,-5.325359291508125e-05
paired_cis_count,RABGAP1,0.9136160300898881,9.636772247301195e-05
paired_cis_count,RABGEF1,0.9135260761792986,6.413811883487774e-06
paired_cis_count,RABIF,0.9134296724477545,-8.998991966058245e-05
paired_cis_count,RABL6,0.9136294786727477,0.00010981630533257736
paired_cis_count,RAC1,0.9131519735937585,-0.0003676887736565604
paired_cis_count,RAC2,0.913962779831951,0.0004431174645358471
paired_cis_count,RAD23A,0.9124270663939487,-0.001092595973466448
paired_cis_count,RAD52,0.9134605487702929,-5.911359712218456e-05
paired_cis_count,RAD54L,0.9135916724693343,7.201010191915103e-05
paired_cis_count,RAD54L2,0.9135594603126491,3.979794523401026e-05
paired_cis_count,RAF1,0.9139042487073454,0.0003845863399303262
paired_cis_count,RAI1,0.9134458374277077,-7.38249397074231e-05
paired_cis_count,RALB,0.9135275941264144,7.9317589992689e-06
paired_cis_count,RALGAPA1,0.9135196340392006,-2.8328214551898157e-08
paired_cis_count,RALGAPA2,0.9133877899814927,-0.00013187238592238248
paired_cis_count,RALGAPB,0.9130961876078744,-0.0004234747595407429
paired_cis_count,RAMP1,0.9136319569518938,0.00011229458447870044
paired_cis_count,RANBP10,0.9135137906315802,-5.871735834883651e-06
paired_cis_count,RANBP6,0.9135356520080586,1.5989640643532255e-05
paired_cis_count,RANGRF,0.914048628564869,0.0005289661974539062
paired_cis_count,RAP1GAP2,0.9133860295651834,-0.00013363280223166463
paired_cis_count,RAP1GDS1,0.9134916721966605,-2.799017075461041e-05
paired_cis_count,RAP2B,0.9135213568557405,1.6944883254321752e-06
paired_cis_count,RAP2C,0.9135489197519905,2.92573845753763e-05
paired_cis_count,RAPGEF2,0.9138190862955993,0.0002994239281841615
paired_cis_count,RARG,0.9153943543540299,0.0018746919866148293
paired_cis_count,RASA2,0.9138945948778469,0.0003749325104317469
paired_cis_count,RASAL3,0.9134749964859749,-4.466588144025341e-05
paired_cis_count,RASGEF1A,0.9136378029725037,0.00011814060508863466
paired_cis_count,RASGRP2,0.9132177448790528,-0.00030191748836227994
paired_cis_count,RASGRP3,0.9134217458575546,-9.791650986046285e-05
paired_cis_count,RASSF1,0.9134781806831814,-4.1481684233679594e-05
paired_cis_count,RASSF2,0.9135267629352586,7.1005678434765684e-06
paired_cis_count,RASSF3,0.9144819775730716,0.0009623152056564832
paired_cis_count,RASSF5,0.913278954988706,-0.00024070737870907077
paired_cis_count,RAVER1,0.9134598682413805,-5.979412603462908e-05
paired_cis_count,RB1,0.9137748752390078,0.00025521287159269157
paired_cis_count,RBAK,0.9135023467878481,-1.731557956696772e-05
paired_cis_count,RBBP7,0.9133987112515807,-0.00012095111583443341
paired_cis_count,RBFA,0.9134673631727447,-5.229919467042432e-05
paired_cis_count,RBKS,0.9135258490722251,6.186704810007271e-06
paired_cis_count,RBL2,0.9135453076374542,2.564527003912076e-05
paired_cis_count,RBM10,0.913417072809302,-0.00010258955811315307
paired_cis_count,RBM12B,0.913646069076706,0.0001264067092908716
paired_cis_count,RBM15B,0.9134824507526712,-3.721161474390389e-05
paired_cis_count,RBM18,0.9128605491070007,-0.0006591132604144567
paired_cis_count,RBM23,0.9135502661781174,3.0603810702301004e-05
paired_cis_count,RBM26,0.9136482695819355,0.00012860721452034873
paired_cis_count,RBM27,0.913532333831308,1.2671463892943713e-05
paired_cis_count,RBM34,0.9137910658142518,0.00027140344683673767
paired_cis_count,RBM43,0.9140153032816027,0.0004956409141876339
paired_cis_count,RBM45,0.9135158430676598,-3.8192997553476715e-06
paired_cis_count,RBM47,0.9138328102105175,0.0003131478431024348
paired_cis_count,RBM4B,0.9135424040149658,2.274164755067254e-05
paired_cis_count,RBM5,0.9133824667000023,-0.00013719566741277056
paired_cis_count,RBM6,0.9135602681406507,4.060577323561354e-05
paired_cis_count,RBMS1,0.9142836594668836,0.0007639970994685052
paired_cis_count,RBPJ,0.9134128942743351,-0.00010676809307996749
paired_cis_count,RC3H1,0.912873634231768,-0.0006460281356470698
paired_cis_count,RC3H2,0.9137071147076626,0.00018745234024752921
paired_cis_count,RCAN1,0.9135131160437032,-6.546323711886792e-06
paired_cis_count,RCAN2,0.9135357046421881,1.604227477303155e-05
paired_cis_count,RCAN3,0.913546295856469,2.66334890538511e-05
paired_cis_count,RCBTB1,0.9133381650558268,-0.00018149731158834115
paired_cis_count,RCBTB2,0.9139601188326433,0.0004404564652281673
paired_cis_count,RCC1L,0.9134216428790699,-9.801948834520235e-05
paired_cis_count,RCC2,0.9135233104877974,3.6481203823379715e-06
paired_cis_count,RCCD1,0.9135332558584642,1.3593491049124218e-05
paired_cis_count,RCHY1,0.9135585249746229,3.8862607207756916e-05
paired_cis_count,RCN3,0.913573689769215,5.40274017999387e-05
paired_cis_count,RCOR1,0.9134835681807566,-3.60941866585085e-05
paired_cis_count,RCSD1,0.9135194636255611,-1.987418539739494e-07
paired_cis_count,RDH10,0.9135549547396404,3.529237222532622e-05
paired_cis_count,RDH13,0.91347662411537,-4.3038252045102254e-05
paired_cis_count,RDH14,0.9134237143989077,-9.594796850742604e-05
paired_cis_count,RECK,0.9135076695480826,-1.1992819332506954e-05
paired_cis_count,RECQL,0.9129236425491608,-0.0005960198182543008
paired_cis_count,REEP3,0.9134553710872958,-6.429128011931073e-05
paired_cis_count,REEP4,0.9137213992843121,0.00020173691689695517
paired_cis_count,REG4,0.9135937157271548,7.405335973964533e-05
paired_cis_count,REL,0.9135370056525752,1.7343285160120736e-05
paired_cis_count,RELA,0.9128037795239021,-0.0007158828435129827
paired_cis_count,RELB,0.9135175774997495,-2.0848676656193277e-06
paired_cis_count,RELCH,0.9131911892841601,-0.0003284730832550098
paired_cis_count,RELT,0.9129486732970415,-0.0005709890703735621
paired_cis_count,RENBP,0.9134875330873315,-3.212928008355931e-05
paired_cis_count,REPIN1,0.9137003346043733,0.00018067223695816814
paired_cis_count,RERE,0.9135340249382673,1.4362570852188838e-05
paired_cis_count,RETREG1,0.9135427693145586,2.3106947143469725e-05
paired_cis_count,REXO1,0.9109009144581324,-0.002618747909282737
paired_cis_count,REXO2,0.9138500488325986,0.00033038646518346315
paired_cis_count,REXO4,0.9135248600285892,5.197661174127788e-06
paired_cis_count,REXO5,0.9135344518872844,1.4789519869329304e-05
paired_cis_count,RFFL,0.914049796216961,0.0005301338495459218
paired_cis_count,RFK,0.9136636696444504,0.00014400727703534066
paired_cis_count,RFLNB,0.9136466963654915,0.00012703399807634241
paired_cis_count,RFNG,0.912509486247021,-0.0010101761203941129
paired_cis_count,RFTN1,0.9135219195397761,2.2571723610198546e-06
paired_cis_count,RFX1,0.9134749191740293,-4.47431933857656e-05
paired_cis_count,RFX5,0.9135156737784551,-3.988588960002204e-06
paired_cis_count,RFXANK,0.9132767695418436,-0.00024289282557155012
paired_cis_count,RFXAP,0.91212707616569,-0.00139258620172511
paired_cis_count,RGCC,0.9134500934011281,-6.956896628695919e-05
paired_cis_count,RGL2,0.913596798642992,7.713627557692782e-05
paired_cis_count,RGL4,0.913518950576146,-7.117912691478878e-07
paired_cis_count,RGS1,0.9134043084967378,-0.00011535387067729275
paired_cis_count,RGS10,0.9135526433902417,3.298102282656146e-05
paired_cis_count,RGS14,0.9135402958997249,2.0633532309743963e-05
paired_cis_count,RGS19,0.9135040223261098,-1.5640041305275965e-05
paired_cis_count,RGS2,0.9134117849956731,-0.00010787737174200451
paired_cis_count,RGS3,0.9141269126049357,0.0006072502375206179
paired_cis_count,RHBDD1,0.9137186779354414,0.00019901556802626175
paired_cis_count,RHBDD2,0.9136902194086192,0.0001705570412040558
paired_cis_count,RHBDD3,0.9133063537249371,-0.00021330864247803838
paired_cis_count,RHEBL1,0.9137079440823341,0.00018828171491902523
paired_cis_count,RHNO1,0.9132976336638221,-0.00022202870359300242
paired_cis_count,RHOB,0.913358211487301,-0.00016145088011410014
paired_cis_count,RHOBTB3,0.9134937366000807,-2.592576733440044e-05
paired_cis_count,RHOC,0.9148723751900998,0.0013527128226846763
paired_cis_count,RHOF,0.9155354631697562,0.0020158008023410945
paired_cis_count,RHOG,0.9135917145885117,7.205222109663012e-05
paired_cis_count,RHOT2,0.912431334953619,-0.001088327413796053
paired_cis_count,RHOU,0.9135673279554887,4.766558807356436e-05
paired_cis_count,RHPN1,0.9128274774241606,-0.0006921849432545146
paired_cis_count,RIC3,0.9137481069618976,0.00022844459448245757
paired_cis_count,RIC8A,0.9137489570739644,0.00022929470654931006
paired_cis_count,RICTOR,0.9134958473937866,-2.3814973628466518e-05
paired_cis_count,RIF1,0.9135211076050072,1.445237592045956e-06
paired_cis_count,RILP,0.9158142643315705,0.0022946019641554294
paired_cis_count,RILPL2,0.9149643887313319,0.0014447263639167929
paired_cis_count,RIMKLA,0.9133378998238144,-0.00018176254360069422
paired_cis_count,RIMS3,0.9133983516494062,-0.00012131071800891569
paired_cis_count,RING1,0.913439575773252,-8.008659416314234e-05
paired_cis_count,RINL,0.9134902353186711,-2.942704874397961e-05
paired_cis_count,RIOK3,0.9134640104807498,-5.5651886665342154e-05
paired_cis_count,RIOX1,0.913525005532137,5.343164721893778e-06
paired_cis_count,RIPK1,0.9135712504343799,5.1588066964813883e-05
paired_cis_count,RIPK2,0.913598003181975,7.834081455992958e-05
paired_cis_count,RIPK3,0.9135302053386358,1.0542971220717234e-05
paired_cis_count,RIPOR2,0.9135559656365433,3.6303269128179494e-05
paired_cis_count,RIT1,0.9144219905519734,0.0009023281845582654
paired_cis_count,RLF,0.9137058713980644,0.00018620903064925365
paired_cis_count,RLIM,0.9132229051830358,-0.00029675718437927046
paired_cis_count,RMC1,0.9135783125726317,5.865020521655939e-05
paired_cis_count,RMDN1,0.9135400278600527,2.0365492637619553e-05
paired_cis_count,RMDN3,0.9134523033395693,-6.735902784582581e-05
paired_cis_count,RMND1,0.9135031390113704,-1.6523356044739756e-05
paired_cis_count,RMND5B,0.9134418093350866,-7.785303232854535e-05
paired_cis_count,RNASEL,0.9136967307016122,0.00017706833419706136
paired_cis_count,RNASET2,0.9135785233326631,5.886096524798656e-05
paired_cis_count,RNF10,0.9134621183874349,-5.754397998025684e-05
paired_cis_count,RNF103,0.9135512618906111,3.1599523195979806e-05
paired_cis_count,RNF11,0.9135352048742527,1.554250683755143e-05
paired_cis_count,RNF111,0.9135341478128433,1.4485445428147337e-05
paired_cis_count,RNF114,0.9133533259876437,-0.00016633637977137017
paired_cis_count,RNF115,0.913984144122409,0.0004644817549939173
paired_cis_count,RNF121,0.9135718344729831,5.217210556796026e-05
paired_cis_count,RNF122,0.9134962233003291,-2.3439067086017396e-05
paired_cis_count,RNF125,0.9135222812797331,2.6189123180087037e-06
paired_cis_count,RNF126,0.9135179027717734,-1.7595956417482128e-06
paired_cis_count,RNF13,0.9135328089055935,1.3146538178410161e-05
paired_cis_count,RNF130,0.9135163812553164,-3.2811120986853126e-06
paired_cis_count,RNF138,0.9139901230235491,0.00047046065613398635
paired_cis_count,RNF139,0.9135115352438562,-8.127123558909766e-06
paired_cis_count,RNF14,0.9135496837724961,3.0021405081015473e-05
paired_cis_count,RNF141,0.9135126208323116,-7.041535103557983e-06
paired_cis_count,RNF145,0.9139328643831197,0.0004132020157046057
paired_cis_count,RNF146,0.9135046430934743,-1.5019273940763966e-05
paired_cis_count,RNF149,0.9135202252224793,5.628550642233776e-07
paired_cis_count,RNF157,0.9134018084609771,-0.00011785390643803684
paired_cis_count,RNF166,0.9135686739913118,4.9011623896699774e-05
paired_cis_count,RNF167,0.9135102785115067,-9.383855908429162e-06
paired_cis_count,RNF169,0.9134949267651004,-2.473560231475158e-05
paired_cis_count,RNF181,0.9132042622368932,-0.0003154001305218923
paired_cis_count,RNF185,0.9137837058797121,0.0002640435122970297
paired_cis_count,RNF19A,0.9136540481281676,0.00013438576075253117
paired_cis_count,RNF19B,0.9155517681326165,0.0020321057652014085
paired_cis_count,RNF2,0.9131059080214018,-0.0004137543460133175
paired_cis_count,RNF208,0.9133069445927657,-0.00021271777464937358
paired_cis_count,RNF213,0.9135949659135643,7.530354614915247e-05
paired_cis_count,RNF214,0.9135762200364446,5.655766902945558e-05
paired_cis_count,RNF215,0.9116971754720903,-0.0018224868953248263
paired_cis_count,RNF216,0.9134964454756457,-2.321689176942865e-05
paired_cis_count,RNF219,0.9135220543651695,2.3919977544251125e-06
paired_cis_count,RNF24,0.913504124079615,-1.5538287800098693e-05
paired_cis_count,RNF25,0.9133713386226003,-0.00014832374481477117
paired_cis_count,RNF26,0.9135002524825769,-1.9409884838172964e-05
paired_cis_count,RNF41,0.9134415148159201,-7.814755149504471e-05
paired_cis_count,RNF44,0.9136934453137285,0.00017378294631342772
paired_cis_count,RNF5,0.9135867083661638,6.704599874873818e-05
paired_cis_count,RNF8,0.9136129085299083,9.324616249317685e-05
paired_cis_count,RNFT1,0.9152972590841009,0.0017775967166857587
paired_cis_count,RNFT2,0.9135525139908814,3.285162346633452e-05
paired_cis_count,RNH1,0.9135332474349966,1.3585067581534105e-05
paired_cis_count,RNPEPL1,0.9134680384748424,-5.162389257273858e-05
paired_cis_count,ROCK2,0.9135260688288808,6.40646146565782e-06
paired_cis_count,ROPN1L,0.9135743913155598,5.472894814473328e-05
paired_cis_count,RP2,0.9135354161127012,1.5753745286062326e-05
paired_cis_count,RPGR,0.9135911152907038,7.145292328869512e-05
paired_cis_count,RPGRIP1L,0.9130981523500473,-0.0004215100173677877
paired_cis_count,RPP25L,0.9135513927736196,3.1730406204522055e-05
paired_cis_count,RPRD2,0.9136893594797196,0.00016969711230452322
paired_cis_count,RPTOR,0.9105010114103834,-0.0030186509570316877
paired_cis_count,RPUSD2,0.9136616787227656,0.00014201635535049384
paired_cis_count,RPUSD3,0.9134881506873074,-3.1511680107731976e-05
paired_cis_count,RRAGC,0.9135993592660946,7.969689867948215e-05
paired_cis_count,RRAGD,0.9128514445735808,-0.0006682177938343026
paired_cis_count,RRAS,0.913567511159794,4.7848792378846206e-05
paired_cis_count,RRBP1,0.9135147928597587,-4.869507656435346e-06
paired_cis_count,RREB1,0.9138267226500992,0.000307060282684124
paired_cis_count,RRP1B,0.913521179615267,1.5172478519120958e-06
paired_cis_count,RRP8,0.9135918338854847,7.217151806959698e-05
paired_cis_count,RSAD2,0.9134788180280794,-4.084433933571052e-05
paired_cis_count,RSBN1L,0.9136377832110824,0.00011812084366724651
paired_cis_count,RSF1,0.913594625012497,7.496264508188855e-05
paired_cis_count,RSPH3,0.9134614585665362,-5.820380087895316e-05
paired_cis_count,RSPRY1,0.9134854004440183,-3.426192339683887e-05
paired_cis_count,RSRC1,0.9136323417294199,0.00011267936200476392
paired_cis_count,RSRC2,0.9133342074264348,-0.000185454940980323
paired_cis_count,RSRP1,0.9135478128013624,2.815043394732708e-05
paired_cis_count,RSU1,0.9136603835812356,0.00014072121382047165
paired_cis_count,RTCA,0.9135227742803596,3.111912944442352e-06
paired_cis_count,RTKN2,0.9238027002363398,0.010283037868924705
paired_cis_count,RTL6,0.9139195755914572,0.0003999132240420922
paired_cis_count,RTL8C,0.9132448013851207,-0.0002748609822944559
paired_cis_count,RTN3,0.9135432066742019,2.3544306786749125e-05
paired_cis_count,RTN4,0.913587203309304,6.754094188887727e-05
paired_cis_count,RTN4IP1,0.913584869204457,6.52068370419201e-05
paired_cis_count,RTP4,0.9135209689585047,1.3065910895448951e-06
paired_cis_count,RUBCN,0.9155245208117974,0.0020048584443822515
paired_cis_count,RUFY1,0.9135301052203525,1.0442852937386782e-05
paired_cis_count,RUNDC1,0.9135811478895162,6.148552210105684e-05
paired_cis_count,RUNX3,0.9134240286976415,-9.563366977360932e-05
paired_cis_count,RWDD2B,0.9111555126164809,-0.0023641497509342413
paired_cis_count,RXRA,0.9142669071094531,0.0007472447420380224
paired_cis_count,RXYLT1,0.9135214765719711,1.8142045560276543e-06
paired_cis_count,RYBP,0.9133760330074314,-0.00014362935998368798
paired_cis_count,RYK,0.913593182637213,7.352026979789983e-05
paired_cis_count,S100A10,0.9137438633306801,0.00022420096326503103
paired_cis_count,S100A13,0.9136743975221755,0.00015473515476038813
paired_cis_count,S100A4,0.9135062941264851,-1.3368240930011765e-05
paired_cis_count,S100P,0.9134323083931024,-8.735397431269831e-05
paired_cis_count,S1PR1,0.9131403052969972,-0.00037935707041791833
paired_cis_count,S1PR2,0.9135031231238548,-1.653924356026515e-05
paired_cis_count,SAC3D1,0.9110306661224105,-0.0024889962450046488
paired_cis_count,SACS,0.9130443992821893,-0.00047526308522582994
paired_cis_count,SAFB,0.9132055982292329,-0.0003140641381822462
paired_cis_count,SAMD10,0.9134792643476232,-4.039801979194291e-05
paired_cis_count,SAMD3,0.9135128196846594,-6.842682755747731e-06
paired_cis_count,SAMD4B,0.9156875190037073,0.0021678566362921536
paired_cis_count,SAMD8,0.9135816705771999,6.200820978474741e-05
paired_cis_count,SAMD9,0.913637116460683,0.00011745409326791023
paired_cis_count,SAMD9L,0.9133662111933398,-0.00015345117407528086
paired_cis_count,SAMHD1,0.9135500665605398,3.0404193124722312e-05
paired_cis_count,SAMSN1,0.9136151718082027,9.550944078762225e-05
paired_cis_count,SAP130,0.9050183642534079,-0.008501298114007239
paired_cis_count,SAP25,0.9133625614460565,-0.00015710092135856613
paired_cis_count,SAP30,0.9134942852835302,-2.5377083884947638e-05
paired_cis_count,SAP30L,0.9135517923748134,3.213000739832328e-05
paired_cis_count,SAR1B,0.913933104768552,0.0004134424011369431
paired_cis_count,SARNP,0.9135308634012523,1.1201033837227037e-05
paired_cis_count,SARS2,0.9121496730338174,-0.0013699893335976654
paired_cis_count,SASH3,0.9135597965454318,4.0134178016737465e-05
paired_cis_count,SAT1,0.9161236212069047,0.0026039588394896063
paired_cis_count,SAT2,0.9135446190555833,2.4956688168153995e-05
paired_cis_count,SAV1,0.9135092558786355,-1.0406488779590717e-05
paired_cis_count,SAYSD1,0.9136267096231421,0.00010704725572696638
paired_cis_count,SBDS,0.9154995412215859,0.0019798788541708356
paired_cis_count,SBF1,0.9153506957874799,0.0018310334200647427
paired_cis_count,SBK1,0.9134957135938958,-2.3948773519300026e-05
paired_cis_count,SCAF8,0.9134113496159555,-0.00010831275145961605
paired_cis_count,SCAI,0.9135591452354112,3.94828679960435e-05
paired_cis_count,SCAMP1,0.913994782007695,0.0004751196402799085
paired_cis_count,SCAMP2,0.9135394264037782,1.9764036363056903e-05
paired_cis_count,SCAMP3,0.9135200327046793,3.7033726418833623e-07
paired_cis_count,SCAND1,0.9135192897035693,-3.7266384578238387e-07
paired_cis_count,SCAPER,0.9137727642809583,0.00025310191354321887
paired_cis_count,SCARB1,0.9135277512724562,8.088905041114813e-06
paired_cis_count,SCARB2,0.9132832492488934,-0.00023641311852173885
paired_cis_count,SCARF1,0.9135249474650676,5.285097652518722e-06
paired_cis_count,SCCPDH,0.9134436424146221,-7.60199527930494e-05
paired_cis_count,SCFD2,0.9134565405797873,-6.312178762779563e-05
paired_cis_count,SCLT1,0.9135784451146477,5.8782747232588584e-05
paired_cis_count,SCMH1,0.9140189465555418,0.0004992841881267251
paired_cis_count,SCNM1,0.913327108333511,-0.00019255403390405768
paired_cis_count,SCO2,0.9120643511026997,-0.001455311264715431
paired_cis_count,SCOC,0.9134419093163205,-7.775305109458674e-05
paired_cis_count,SCP2,0.9136789900897877,0.00015932772237259307
paired_cis_count,SCPEP1,0.9135234532094402,3.7908420250643005e-06
paired_cis_count,SCRIB,0.9134655645626334,-5.409780478171644e-05
paired_cis_count,SCRN2,0.9134548359280809,-6.482643933425347e-05
paired_cis_count,SCRN3,0.9124704500261408,-0.0010492123412743082
paired_cis_count,SCYL2,0.9135551371783106,3.54748108954972e-05
paired_cis_count,SDCBP,0.9145057589326326,0.0009860965652175313
paired_cis_count,SDCCAG8,0.9133808683298863,-0.00013879403752881103
paired_cis_count,SDF2L1,0.9135070395854585,-1.2622781956572737e-05
paired_cis_count,SDF4,0.9135580661717964,3.840380438124846e-05
paired_cis_count,SDHAF1,0.9135307817506095,1.1119383194424515e-05
paired_cis_count,SDHAF2,0.9134685845998037,-5.1077767611373837e-05
paired_cis_count,SDHAF4,0.9135871425342884,6.74801668733016e-05
paired_cis_count,SDR39U1,0.9139473707018018,0.0004277083343866561
paired_cis_count,SEC11C,0.9134312832236715,-8.83791437435999e-05
paired_cis_count,SEC14L2,0.9123464038251501,-0.001173258542265021
paired_cis_count,SEC16A,0.9135986038116763,7.894144426123795e-05
paired_cis_count,SEC22A,0.9141095715873984,0.0005899092199832534
paired_cis_count,SEC22B,0.9130697574911544,-0.0004499048762607316
paired_cis_count,SEC22C,0.9135822052141815,6.254284676643351e-05
paired_cis_count,SEC23A,0.9137607167858797,0.0002410544184645591
paired_cis_count,SEC23IP,0.9146728935009368,0.001153231133521726
paired_cis_count,SEC24B,0.9150610832192306,0.0015414208518155226
paired_cis_count,SEC24D,0.9135334994702978,1.3837102882718888e-05
paired_cis_count,SEC63,0.9120052253267075,-0.001514437040707639
paired_cis_count,SECISBP2L,0.9134175330002818,-0.00010212936713327458
paired_cis_count,SELENOF,0.9137552469983891,0.00023558463097395066
paired_cis_count,SELENOI,0.9136307925288725,0.00011113016145736232
paired_cis_count,SELENOK,0.913471277671603,-4.838469581214255e-05
paired_cis_count,SELENOM,0.9135566966003016,3.7034232886479224e-05
paired_cis_count,SELENON,0.9133851701648206,-0.0001344922025945383
paired_cis_count,SELENOO,0.9134483444518569,-7.131791555825551e-05
paired_cis_count,SELENOS,0.9134692904611247,-5.0371906290425095e-05
paired_cis_count,SELENOW,0.913484575726211,-3.5086641204107316e-05
paired_cis_count,SELL,0.9135343109036174,1.4648536202255258e-05
paired_cis_count,SELPLG,0.913553111455897,3.3449088481907197e-05
paired_cis_count,SEM1,0.9134847976629792,-3.486470443592182e-05
paired_cis_count,SEMA4A,0.9137780452488803,0.00025838288146518007
paired_cis_count,SEMA4B,0.9139075021422441,0.0003878397748290352
paired_cis_count,SEMA4C,0.9135122290708985,-7.433296516645704e-06
paired_cis_count,SEMA7A,0.9135535909028691,3.392853545403085e-05
paired_cis_count,SENP1,0.9129955064147052,-0.0005241559527099371
paired_cis_count,SENP5,0.9133077116731099,-0.00021195069430524072
paired_cis_count,SEPT11,0.913549094663061,2.943229564589256e-05
paired_cis_count,SEPT2,0.9134056141095444,-0.00011404825787075801
paired_cis_count,SEPT8,0.9135364944958806,1.6832128465482654e-05
paired_cis_count,SEPT9,0.9137185687089705,0.00019890634155539377
paired_cis_count,SERAC1,0.9136794213933618,0.0001597590259466708
paired_cis_count,SERF2,0.9135475970483607,2.7934680945640444e-05
paired_cis_count,SERGEF,0.9135433762418079,2.3713874392816692e-05
paired_cis_count,SERINC1,0.9134464280341421,-7.323433327299789e-05
paired_cis_count,SERINC3,0.9134122574556278,-0.00010740491178728995
paired_cis_count,SERINC5,0.9113481100108253,-0.0021715523565898343
paired_cis_count,SERP1,0.9134041330472761,-0.0001155293201390295
paired_cis_count,SERPINB6,0.9135987989450604,7.913657764524462e-05
paired_cis_count,SERPINB8,0.9134645491688875,-5.511319852757879e-05
paired_cis_count,SERPINB9,0.9131932583904572,-0.0003264039769579341
paired_cis_count,SERPINH1,0.9135222176693497,2.5553019346036265e-06
paired_cis_count,SERTAD1,0.9135461302417353,2.64678743201463e-05
paired_cis_count,SERTAD3,0.9135599934319243,4.0331064509180337e-05
paired_cis_count,SESN1,0.9174516668273216,0.003932004459906491
paired_cis_count,SESN2,0.9134960025629596,-2.3659804455511413e-05
paired_cis_count,SESN3,0.9134408233682488,-7.883899916627524e-05
paired_cis_count,SETD5,0.9149260969251134,0.0014064345576982884
paired_cis_count,SETD6,0.9141903783540138,0.0006707159865987355
paired_cis_count,SETD9,0.913527020004487,7.357637071936374e-06
paired_cis_count,SETDB1,0.9132525299167932,-0.0002671324506219319
paired_cis_count,SETDB2,0.9131248516443495,-0.0003948107230655751
paired_cis_count,SETMAR,0.9138938367649528,0.00037417439753772985
paired_cis_count,SFI1,0.9136089259809765,8.926361356142998e-05
paired_cis_count,SFMBT1,0.9148368666975663,0.001317204330151145
paired_cis_count,SFMBT2,0.9133534910716489,-0.00016617129576623757
paired_cis_count,SFT2D1,0.9119188232156746,-0.001600839151740474
paired_cis_count,SFT2D2,0.9135151110350666,-4.551332348556869e-06
paired_cis_count,SFT2D3,0.9134377499080573,-8.191245935784686e-05
paired_cis_count,SFXN1,0.9135680328161169,4.8370448701762214e-05
paired_cis_count,SFXN2,0.9135298235552175,1.0161187802393279e-05
paired_cis_count,SFXN3,0.9136400601610477,0.0001203977936325984
paired_cis_count,SFXN4,0.9135791721827234,5.950981530833399e-05
paired_cis_count,SFXN5,0.9134336121409418,-8.605022647334426e-05
paired_cis_count,SGCB,0.913439922635968,-7.973973144714819e-05
paired_cis_count,SGF29,0.913529094953517,9.432586101865148e-06
paired_cis_count,SGK1,0.9133593592391464,-0.00016030312826875726
paired_cis_count,SGMS1,0.9136282904129812,0.00010862804556610595
paired_cis_count,SGO2,0.9135300585295516,1.0396162136494524e-05
paired_cis_count,SGPL1,0.9136144379974522,9.477563003712497e-05
paired_cis_count,SGPP1,0.9134220515071233,-9.761086029180799e-05
paired_cis_count,SGPP2,0.9135210633861092,1.401018694058287e-06
paired_cis_count,SGSH,0.9135359609341162,1.6298566701045125e-05
paired_cis_count,SGSM3,0.9135793527275864,5.969036017128282e-05
paired_cis_count,SH2B1,0.9135609518201248,4.1289452709647456e-05
paired_cis_count,SH2B3,0.9136351106118735,0.00011544824445841595
paired_cis_count,SH2D1A,0.9137856555252278,0.00026599315781272725
paired_cis_count,SH2D2A,0.9135020893540161,-1.7573013398997084e-05
paired_cis_count,SH2D3A,0.9135552585202575,3.5596152842432005e-05
paired_cis_count,SH2D4A,0.9134290054598792,-9.065690753595756e-05
paired_cis_count,SH3BGRL3,0.9134759299127393,-4.3732454675815546e-05
paired_cis_count,SH3BP2,0.9135715091850076,5.184681759251575e-05
paired_cis_count,SH3BP5L,0.9133430939076188,-0.0001765684597963002
paired_cis_count,SH3D21,0.9134353057443231,-8.435662309203007e-05
paired_cis_count,SH3GLB1,0.9135353910688644,1.572870144928018e-05
paired_cis_count,SH3KBP1,0.9136042959828002,8.463361538513237e-05
paired_cis_count,SH3PXD2A,0.9143687691451587,0.0008491067777436356
paired_cis_count,SH3TC1,0.9134978002807198,-2.1862086695301208e-05
paired_cis_count,SH3YL1,0.9149391737777733,0.0014195114103582318
paired_cis_count,SHC1,0.912005308810132,-0.0015143535572831324
paired_cis_count,SHC4,0.913512804822945,-6.857544470162402e-06
paired_cis_count,SHF,0.9135244850486652,4.822681250127303e-06
paired_cis_count,SHISA2,0.9135533381674817,3.367580006663484e-05
paired_cis_count,SHISA5,0.9134453282710405,-7.433409637458421e-05
paired_cis_count,SHKBP1,0.9132160075655964,-0.0003036548018187091
paired_cis_count,SHLD1,0.9169930837632982,0.003473421395883136
paired_cis_count,SHLD2,0.9138596722373037,0.00034000986988858006
paired_cis_count,SHMT1,0.9128627014778229,-0.0006569608895922174
paired_cis_count,SHMT2,0.9132989892392841,-0.00022067312813101037
paired_cis_count,SHOC2,0.9136542092064805,0.0001345468390654414
paired_cis_count,SHPK,0.9134975115827441,-2.2150784671048918e-05
paired_cis_count,SHPRH,0.913547815451933,2.815308451786791e-05
paired_cis_count,SIAE,0.9136242334569988,0.00010457108958372707
paired_cis_count,SIAH1,0.9135251330537223,5.4706863071851686e-06
paired_cis_count,SIAH2,0.9095046521114393,-0.004015010255975837
paired_cis_count,SIDT1,0.9135392282123239,1.956584490880875e-05
paired_cis_count,SIGMAR1,0.9135387421334236,1.907976600845629e-05
paired_cis_count,SIK3,0.9135720927675443,5.243040012914424e-05
paired_cis_count,SIKE1,0.913421468104862,-9.819426255308628e-05
paired_cis_count,SIMC1,0.9134554506005614,-6.421176685367236e-05
paired_cis_count,SIN3A,0.912851195668742,-0.0006684666986731536
paired_cis_count,SIN3B,0.9133226407315849,-0.00019702163583024124
paired_cis_count,SIPA1,0.9135332300625995,1.356769518434664e-05
paired_cis_count,SIPA1L3,0.9132635997730127,-0.000256062594402362
paired_cis_count,SIRPG,0.913538717327637,1.9054960221920325e-05
paired_cis_count,SIRT2,0.9134586805247003,-6.098184271485785e-05
paired_cis_count,SIRT3,0.913892625194148,0.00037296282673293657
paired_cis_count,SIRT6,0.9134926935829492,-2.6968784465952744e-05
paired_cis_count,SIRT7,0.9139894442553234,0.0004697818879082494
paired_cis_count,SIT1,0.9134829339291725,-3.672843824265026e-05
paired_cis_count,SIVA1,0.9135592306781549,3.9568310739812596e-05
paired_cis_count,SKA1,0.9135563507803367,3.668841292159275e-05
paired_cis_count,SKA2,0.9134062999796084,-0.0001133623878066814
paired_cis_count,SKAP2,0.9136382728720744,0.00011861050465933332
paired_cis_count,SKI,0.9134180396473289,-0.00010162272008618078
paired_cis_count,SKIL,0.9135597719362968,4.0109568881674384e-05
paired_cis_count,SKP2,0.9134734506441504,-4.621172326468859e-05
paired_cis_count,SLA,0.9132813358055523,-0.00023832656186284495
paired_cis_count,SLA2,0.913943205647213,0.00042354327979787776
paired_cis_count,SLAIN1,0.913650352215692,0.00013068984827691033
paired_cis_count,SLAIN2,0.9142246346404074,0.0007049722729922658
paired_cis_count,SLAMF6,0.9134561656646798,-6.34967027353106e-05
paired_cis_count,SLAMF7,0.9135646176609981,4.495529358294892e-05
paired_cis_count,SLC10A3,0.9135364261544808,1.6763787065721125e-05
paired_cis_count,SLC11A2,0.913659653701022,0.00013999133360687033
paired_cis_count,SLC12A2,0.9135436720393076,2.4009671892533113e-05
paired_cis_count,SLC12A4,0.9135459698228983,2.6307455483154385e-05
paired_cis_count,SLC12A6,0.9133715332258933,-0.00014812914152184664
paired_cis_count,SLC15A2,0.9137367469442647,0.00021708457684954663
paired_cis_count,SLC16A1,0.9129473171895427,-0.0005723451778724131
paired_cis_count,SLC16A13,0.9137736181791318,0.00025395581171672177
paired_cis_count,SLC16A6,0.9135644526537288,4.4790286313656225e-05
paired_cis_count,SLC16A7,0.913511149605695,-8.512761720091966e-06
paired_cis_count,SLC17A5,0.9136151449881901,9.548262077496705e-05
paired_cis_count,SLC18B1,0.9135445999312481,2.4937563833038467e-05
paired_cis_count,SLC19A2,0.9137142833896211,0.00019462102220602073
paired_cis_count,SLC1A4,0.9135216834777412,2.021110326100306e-06
paired_cis_count,SLC1A5,0.9135037071395065,-1.595522790864834e-05
paired_cis_count,SLC20A1,0.913563598913523,4.393654610790332e-05
paired_cis_count,SLC22A18,0.9134531471740136,-6.651519340150625e-05
paired_cis_count,SLC22A5,0.9135155858294135,-4.076538001607233e-06
paired_cis_count,SLC25A1,0.9130624076985469,-0.0004572546688682566
paired_cis_count,SLC25A11,0.9129758729126246,-0.0005437894547904998
paired_cis_count,SLC25A12,0.9135065007525563,-1.3161614858758774e-05
paired_cis_count,SLC25A13,0.9137222703396668,0.00020260797225168936
paired_cis_count,SLC25A16,0.9136169193551603,9.725698774520897e-05
paired_cis_count,SLC25A17,0.9135354528277291,1.5790460313969135e-05
paired_cis_count,SLC25A19,0.913243537684042,-0.00027612468337312457
paired_cis_count,SLC25A20,0.9138438490388959,0.0003241866714808195
paired_cis_count,SLC25A23,0.9136557675961821,0.0001361052287669473
paired_cis_count,SLC25A24,0.9135347785098987,1.51161424836177e-05
paired_cis_count,SLC25A26,0.9070745690896184,-0.006445093277796743
paired_cis_count,SLC25A3,0.9127210052199917,-0.0007986571474234427
paired_cis_count,SLC25A30,0.9133585094346475,-0.00016115293276763865
paired_cis_count,SLC25A33,0.9135067132779401,-1.2949089475022824e-05
paired_cis_count,SLC25A38,0.9134362082255318,-8.345414188326572e-05
paired_cis_count,SLC25A39,0.9137248816364395,0.00020521926902439258
paired_cis_count,SLC25A4,0.9135520211204669,3.2358753051742184e-05
paired_cis_count,SLC25A40,0.913530918460389,1.1256092973921383e-05
paired_cis_count,SLC25A43,0.9135883915496663,6.872918225120372e-05
paired_cis_count,SLC25A44,0.9135199447005894,2.8233317428405513e-07
paired_cis_count,SLC25A45,0.913352472859896,-0.00016718950751914985
paired_cis_count,SLC25A46,0.9135098628733989,-9.799494016249355e-06
paired_cis_count,SLC25A5,0.91371215683013,0.00019249446271485393
paired_cis_count,SLC25A51,0.9126991555010658,-0.0008205068663492687
paired_cis_count,SLC26A2,0.9135166872842452,-2.9750831699315583e-06
paired_cis_count,SLC26A6,0.9135406583591077,2.0995991692585037e-05
paired_cis_count,SLC27A2,0.9134281708351403,-9.149153227483442e-05
paired_cis_count,SLC27A3,0.9136028724744759,8.32101070608049e-05
paired_cis_count,SLC27A5,0.9140277462274315,0.0005080838600164395
paired_cis_count,SLC29A1,0.9133566534592934,-0.00016300890812170898
paired_cis_count,SLC29A2,0.9135274158896814,7.753522266340518e-06
paired_cis_count,SLC29A3,0.9135201544188167,4.920514016237831e-07
paired_cis_count,SLC2A1,0.9136616783878622,0.00014201602044705552
paired_cis_count,SLC2A13,0.9135455429287963,2.588056138119743e-05
paired_cis_count,SLC2A3,0.9136746723749929,0.00015501000757778272
paired_cis_count,SLC2A4RG,0.9133290824416953,-0.00019057992571980265
paired_cis_count,SLC30A1,0.9135157284614069,-3.933906008168897e-06
paired_cis_count,SLC30A4,0.9134744735864515,-4.5188780963600905e-05
paired_cis_count,SLC30A5,0.9134213561282118,-9.830623920326076e-05
paired_cis_count,SLC30A6,0.9135030722467702,-1.659012064492149e-05
paired_cis_count,SLC30A7,0.9140089486163863,0.0004892862489711547
paired_cis_count,SLC30A9,0.9135018894812111,-1.777288620397055e-05
paired_cis_count,SLC31A1,0.9135659349421881,4.6272574772965314e-05
paired_cis_count,SLC35A1,0.9136225699444626,0.0001029075770474508
paired_cis_count,SLC35A3,0.9137286907482799,0.00020902838086478415
paired_cis_count,SLC35A4,0.9135363936007808,1.6731233365652187e-05
paired_cis_count,SLC35A5,0.9136247146440432,0.00010505227662804817
paired_cis_count,SLC35B2,0.9137214078684703,0.00020174550105522826
paired_cis_count,SLC35B3,0.9134442559896443,-7.540637777081471e-05
paired_cis_count,SLC35B4,0.9129327466667669,-0.0005869157006481718
paired_cis_count,SLC35C2,0.913370423840399,-0.00014923852701609341
paired_cis_count,SLC35D1,0.9134904085525919,-2.9253814823215762e-05
paired_cis_count,SLC35D2,0.9134951805089485,-2.448185846659623e-05
paired_cis_count,SLC35E4,0.9134349055729175,-8.475679449759799e-05
paired_cis_count,SLC35F2,0.9135914808589441,7.181849152904096e-05
paired_cis_count,SLC35F6,0.9134994900256294,-2.0172341785751335e-05
paired_cis_count,SLC35G1,0.9135884691051812,6.88067377661028e-05
paired_cis_count,SLC36A1,0.9133283588997477,-0.00019130346766738082
paired_cis_count,SLC36A4,0.9129056746936592,-0.0006139876737558669
paired_cis_count,SLC37A3,0.914084741874162,0.0005650795067468906
paired_cis_count,SLC37A4,0.9135064251481516,-1.3237219263495525e-05
paired_cis_count,SLC38A1,0.9139183894705344,0.0003987271031192785
paired_cis_count,SLC38A10,0.9135105787953778,-9.083572037327237e-06
paired_cis_count,SLC38A2,0.9134599097654582,-5.9752601956897244e-05
paired_cis_count,SLC38A5,0.9163699299244982,0.002850267557083064
paired_cis_count,SLC38A9,0.9134332397518493,-8.642261556579545e-05
paired_cis_count,SLC39A1,0.9135630940112289,4.3431643813818255e-05
paired_cis_count,SLC39A10,0.9137106754326882,0.00019101306527313788
paired_cis_count,SLC39A14,0.9135215962799355,1.9339125203465812e-06
paired_cis_count,SLC39A3,0.9134517720674473,-6.789029996778773e-05
paired_cis_count,SLC39A6,0.9134111157830122,-0.00010854658440295761
paired_cis_count,SLC39A8,0.9134683317938476,-5.133057356754289e-05
paired_cis_count,SLC3A2,0.9102059259529068,-0.0033137364145082726
paired_cis_count,SLC41A1,0.913511732805137,-7.929562278130575e-06
paired_cis_count,SLC41A2,0.9135310676456412,1.1405278226073179e-05
paired_cis_count,SLC41A3,0.9135370864035264,1.7424036111268748e-05
paired_cis_count,SLC43A1,0.9134217090402421,-9.795332717299488e-05
paired_cis_count,SLC43A2,0.9135210494170388,1.3870496237133878e-06
paired_cis_count,SLC43A3,0.9123517530993132,-0.001167909268101952
paired_cis_count,SLC44A2,0.9191014914832546,0.005581829115839487
paired_cis_count,SLC45A4,0.9133130384392655,-0.0002066239281496296
paired_cis_count,SLC46A3,0.9135248067576672,5.144390252120878e-06
paired_cis_count,SLC48A1,0.9135542588536061,3.459648619097422e-05
paired_cis_count,SLC4A1AP,0.9063137477880049,-0.007205914579410222
paired_cis_count,SLC4A2,0.9145951459790541,0.0010754836116390054
paired_cis_count,SLC4A7,0.9135190877790789,-5.745883362440196e-07
paired_cis_count,SLC50A1,0.9135034708166722,-1.619155074294998e-05
paired_cis_count,SLC52A2,0.9135796250060375,5.99626386224017e-05
paired_cis_count,SLC5A6,0.9220593727152155,0.008539710347800433
paired_cis_count,SLC6A6,0.9132574175663343,-0.00026224480108083537
paired_cis_count,SLC6A9,0.9133467986668808,-0.0001728637005342648
paired_cis_count,SLC7A5,0.9120358293854748,-0.001483832981940325
paired_cis_count,SLC9A3R1,0.9126718530893944,-0.0008478092780207502
paired_cis_count,SLC9A6,0.9135050326183298,-1.4629749085282029e-05
paired_cis_count,SLC9A8,0.9136935988176735,0.0001739364502584273
paired_cis_count,SLC9A9,0.913416831105444,-0.00010283126197108139
paired_cis_count,SLCO3A1,0.9135387389402102,1.9076572795095892e-05
paired_cis_count,SLF1,0.9130792421225503,-0.00044042024486479203
paired_cis_count,SLFN12,0.9151413503410673,0.0016216879736521417
paired_cis_count,SLFN12L,0.9135719573644833,5.2294997068158544e-05
paired_cis_count,SLFN13,0.9135224544060456,2.792038630516913e-06
paired_cis_count,SLFN5,0.9134374225524629,-8.22398149522563e-05
paired_cis_count,SLIRP,0.9135116851157055,-7.977251709645472e-06
paired_cis_count,SLMAP,0.9131816201215599,-0.0003380422458552079
paired_cis_count,SLTM,0.9130921163984773,-0.0004275459689377925
paired_cis_count,SLX4IP,0.913605214435981,8.555206856586395e-05
paired_cis_count,SMAD1,0.9133765062433156,-0.0001431561240995416
paired_cis_count,SMAD2,0.9137815380946546,0.00026187572723945785
paired_cis_count,SMAD3,0.9114263725526127,-0.0020932898148023904
paired_cis_count,SMAD4,0.9135733473571586,5.368498974345215e-05
paired_cis_count,SMAD5,0.9133251435784752,-0.00019451878893994579
paired_cis_count,SMAD7,0.9149292275955633,0.0014095652281481685
paired_cis_count,SMAP1,0.9134914822128237,-2.818015459138401e-05
paired_cis_count,SMAP2,0.9134348916804248,-8.477068699030976e-05
paired_cis_count,SMARCA2,0.9133351727018725,-0.0001844896655426309
paired_cis_count,SMARCAD1,0.9135181783671213,-1.4840002937610564e-06
paired_cis_count,SMARCC2,0.9129291894138205,-0.0005904729535946007
paired_cis_count,SMARCD2,0.9136348174481288,0.0001151550807136914
paired_cis_count,SMCHD1,0.9124365351216379,-0.0010831272457771934
paired_cis_count,SMCO4,0.9136724680262873,0.00015280565887221265
paired_cis_count,SMCR8,0.9134925652583274,-2.7097109087659277e-05
paired_cis_count,SMDT1,0.9139995292341135,0.0004798668666984307
paired_cis_count,SMG1,0.9074426782125264,-0.006076984154888665
paired_cis_count,SMG8,0.9134851691484249,-3.449321899018365e-05
paired_cis_count,SMG9,0.913519855970491,1.93603075904214e-07
paired_cis_count,SMIM10L1,0.913515982828518,-3.6795388971277987e-06
paired_cis_count,SMIM12,0.9135092583333488,-1.0404034066269219e-05
paired_cis_count,SMIM13,0.9134287919506895,-9.087041672561913e-05
paired_cis_count,SMIM15,0.913514299852142,-5.362515273055202e-06
paired_cis_count,SMIM19,0.9135545347045245,3.4872337109415064e-05
paired_cis_count,SMIM20,0.9135379967903646,1.833442294951748e-05
paired_cis_count,SMIM29,0.9137772419895628,0.0002575796221476745
paired_cis_count,SMKR1,0.9134012457745039,-0.00011841659291123019
paired_cis_count,SMOX,0.9136851971580207,0.0001655347906055482
paired_cis_count,SMPD1,0.9142902051333088,0.0007705427658937225
paired_cis_count,SMPD2,0.9135095513508573,-1.0111016557790009e-05
paired_cis_count,SMPD3,0.916060381373046,0.0025407190056309092
paired_cis_count,SMS,0.913417264484428,-0.00010239788298715968
paired_cis_count,SMTN,0.9136172462795144,9.758391209924167e-05
paired_cis_count,SMUG1,0.9135305087123822,1.0846344967063715e-05
paired_cis_count,SMURF1,0.9140655144403647,0.0005458520729495486
paired_cis_count,SMURF2,0.9136494884965826,0.00012982612916745406
paired_cis_count,SMYD3,0.9134668123635046,-5.285000391053174e-05
paired_cis_count,SMYD5,0.9138350926781033,0.0003154303106881473
paired_cis_count,SNAP23,0.9137598847384039,0.00024022237098875188
paired_cis_count,SNAP47,0.9135244755920587,4.813224643629432e-06
paired_cis_count,SNAPIN,0.9135403623208438,2.069995342868225e-05
paired_cis_count,SNCA,0.9135155711855998,-4.091181815324418e-06
paired_cis_count,SNRK,0.9133308225674941,-0.00018883979992101452
paired_cis_count,SNRPB2,0.913489528589635,-3.0133777780161353e-05
paired_cis_count,SNTA1,0.9136240616517041,0.0001043992842889585
paired_cis_count,SNTB2,0.9139244079821326,0.00040474561471748327
paired_cis_count,SNX1,0.9130130166194009,-0.0005066457480141784
paired_cis_count,SNX10,0.913527834128659,8.171761243902509e-06
paired_cis_count,SNX11,0.9136160528049106,9.639043749554155e-05
paired_cis_count,SNX12,0.9136095659281258,8.990356071070238e-05
paired_cis_count,SNX14,0.9135201725509294,5.101835143239697e-07
paired_cis_count,SNX16,0.9133267275162756,-0.00019293485113947018
paired_cis_count,SNX17,0.9142369002922364,0.0007172379248212568
paired_cis_count,SNX18,0.9157155740612986,0.0021959116938834455
paired_cis_count,SNX20,0.913534080540636,1.4418173220898112e-05
paired_cis_count,SNX24,0.9135675549888763,4.789262146120965e-05
paired_cis_count,SNX25,0.9136758021333685,0.0001561397659534114
paired_cis_count,SNX29,0.9138515735730461,0.00033191120563103027
paired_cis_count,SNX3,0.913421226062006,-9.843630540906645e-05
paired_cis_count,SNX30,0.9136777124090464,0.00015805004163127467
paired_cis_count,SNX5,0.9135221356697729,2.4733023578082936e-06
paired_cis_count,SNX8,0.9134687978806458,-5.086448676927535e-05
paired_cis_count,SNX9,0.9135567985522752,3.713618486012038e-05
paired_cis_count,SOAT1,0.9135214479254317,1.7855580165537788e-06
paired_cis_count,SOCS4,0.9135186886190946,-9.737483205318753e-07
paired_cis_count,SOD2,0.9139199764239614,0.0004003140565462804
paired_cis_count,SORBS3,0.9134671896206885,-5.2472746726595076e-05
paired_cis_count,SORD,0.9135421512501417,2.248888272660121e-05
paired_cis_count,SORL1,0.9135548436266226,3.518125920753956e-05
paired_cis_count,SOS1,0.9135153911489222,-4.271218492890583e-06
paired_cis_count,SOS2,0.9110183909509098,-0.0025012714165053573
paired_cis_count,SP1,0.913324553993213,-0.00019510837420211313
paired_cis_count,SP140,0.9134671740065128,-5.2488360902325226e-05
paired_cis_count,SP140L,0.9129729682105306,-0.0005466941568844641
paired_cis_count,SP3,0.913442171778978,-7.749058843709022e-05
paired_cis_count,SP4,0.9154570880464871,0.001937425679071958
paired_cis_count,SPAG1,0.9160725417793413,0.0025528794119261677
paired_cis_count,SPAG16,0.9133709958271068,-0.0001486665403083176
paired_cis_count,SPAG4,0.9134123672376322,-0.00010729512978291389
paired_cis_count,SPAG5,0.9135247527214625,5.0903540473878905e-06
paired_cis_count,SPAG9,0.9145904510607931,0.0010707886933779553
paired_cis_count,SPART,0.9135000729769722,-1.9589390442886767e-05
paired_cis_count,SPAST,0.9140650404172408,0.0005453780498256844
paired_cis_count,SPATA2,0.9139563331633029,0.000436670795887828
paired_cis_count,SPATA20,0.9137283228232336,0.0002086604558184657
paired_cis_count,SPATA24,0.9137951294332741,0.00027546706585901415
paired_cis_count,SPATA2L,0.9134535912622201,-6.607110519496473e-05
paired_cis_count,SPATA33,0.9131362432455805,-0.0003834191218345939
paired_cis_count,SPATS2L,0.9135323766125824,1.271424516724462e-05
paired_cis_count,SPCS1,0.9135571514906179,3.748912320278297e-05
paired_cis_count,SPECC1,0.913813668128887,0.00029400576147187163
paired_cis_count,SPG21,0.9140761624163942,0.0005565000489791139
paired_cis_count,SPICE1,0.9137695324640462,0.0002498700966311329
paired_cis_count,SPIN4,0.9136561359507932,0.0001364735833780939
paired_cis_count,SPINDOC,0.913538285234072,1.8622866656881065e-05
paired_cis_count,SPINT2,0.9135606162561094,4.095388869429506e-05
paired_cis_count,SPN,0.9135397771493444,2.0114781929314596e-05
paired_cis_count,SPNS1,0.9136832239286283,0.0001635615612132213
paired_cis_count,SPOCK2,0.913543564221714,2.3901854298902236e-05
paired_cis_count,SPOP,0.9133124359298431,-0.00020722643757198345
paired_cis_count,SPPL2A,0.9137200138879183,0.00020035152050323912
paired_cis_count,SPPL3,0.9131762742995176,-0.00034338806789746545
paired_cis_count,SPRED2,0.9147972622919573,0.0012775999245422387
paired_cis_count,SPRY1,0.913543676937052,2.4014569636854333e-05
paired_cis_count,SPRYD3,0.9135293055977736,9.643230358458155e-06
paired_cis_count,SPRYD4,0.9135828244384772,6.316207106205063e-05
paired_cis_count,SPRYD7,0.9139881519342012,0.0004684895667861344
paired_cis_count,SPSB2,0.9138284534269523,0.00030879105953718344
paired_cis_count,SPTAN1,0.9139102084713988,0.00039054610398370215
paired_cis_count,SPTBN1,0.9137108218672921,0.00019115949987702496
paired_cis_count,SPTLC1,0.9135256711644224,6.008797007295286e-06
paired_cis_count,SPTY2D1,0.9125972702945209,-0.0009223920728942403
paired_cis_count,SQLE,0.9134954993770024,-2.4162990412746055e-05
paired_cis_count,SQOR,0.9133510199972505,-0.0001686423701645623
paired_cis_count,SQSTM1,0.9135012731632572,-1.8389204157864825e-05
paired_cis_count,SRD5A3,0.9133950753157334,-0.0001245870516817238
paired_cis_count,SREBF2,0.9134092203912687,-0.00011044197614640261
paired_cis_count,SRGN,0.9134855017320136,-3.416063540151448e-05
paired_cis_count,SRM,0.9134456632971923,-7.399907022276331e-05
paired_cis_count,SRP54,0.9134928252700216,-2.6837097393483944e-05
paired_cis_count,SRPK1,0.9135178410557785,-1.8213116366183613e-06
paired_cis_count,SRR,0.9202028409289724,0.0066831785615573125
paired_cis_count,SRRD,0.9135531305509191,3.346818350402625e-05
paired_cis_count,SRSF10,0.9131284299605319,-0.0003912324068832129
paired_cis_count,SRSF11,0.9099833452505792,-0.0035363171168358853
paired_cis_count,SRSF5,0.9144680541990576,0.0009483918316425255
paired_cis_count,SRSF6,0.9132584582167815,-0.00026120415063357605
paired_cis_count,SRSF8,0.9134963631931959,-2.329917421917127e-05
paired_cis_count,SRSF9,0.9134628289978259,-5.683336958917096e-05
paired_cis_count,SS18,0.9133417056149112,-0.00017795675250387166
paired_cis_count,SS18L2,0.9134775956365648,-4.206673085027646e-05
paired_cis_count,SSBP1,0.9130109344344794,-0.0005087279329356598
paired_cis_count,SSBP2,0.9133711961999644,-0.0001484661674506782
paired_cis_count,SSBP3,0.9135327983007161,1.31359333009895e-05
paired_cis_count,SSBP4,0.9135245457972733,4.883429858160149e-06
paired_cis_count,SSH2,0.9136277701924967,0.00010810782508163808
paired_cis_count,SSNA1,0.9134915913516936,-2.807101572155357e-05
paired_cis_count,SSR2,0.9135018315764123,-1.783079100281526e-05
paired_cis_count,SSR3,0.9133783906679294,-0.00014127169948574547
paired_cis_count,SSR4,0.9136133752195155,9.371285210035829e-05
paired_cis_count,SSSCA1,0.9135880594203256,6.839705291050713e-05
paired_cis_count,ST13,0.9132992337790731,-0.0002204285883420365
paired_cis_count,ST20,0.9137956125225446,0.0002759501551294896
paired_cis_count,ST3GAL4,0.9135202843901524,6.220227373177067e-07
paired_cis_count,ST3GAL5,0.913377736932897,-0.00014192543451807538
paired_cis_count,ST6GAL1,0.9136156572816876,9.599491427247919e-05
paired_cis_count,ST6GALNAC4,0.9141221903926144,0.0006025280251993337
paired_cis_count,ST7,0.9135175341538934,-2.1282135217459697e-06
paired_cis_count,ST7L,0.9131898896823685,-0.0003297726850466365
paired_cis_count,ST8SIA4,0.9134908196521824,-2.8842715232735294e-05
paired_cis_count,STAG1,0.9137506189577524,0.00023095659033733895
paired_cis_count,STAG3,0.9135436520799143,2.398971249917281e-05
paired_cis_count,STAM,0.9138387451221555,0.00031908275474035186
paired_cis_count,STAM2,0.9135075615062813,-1.2100861133790275e-05
paired_cis_count,STAMBP,0.9135595494046863,3.988703727120235e-05
paired_cis_count,STAMBPL1,0.9134528714513908,-6.679091602435072e-05
paired_cis_count,STAP1,0.9155378451703429,0.0020181828029277593
paired_cis_count,STAP2,0.9136387398447752,0.00011907747736006336
paired_cis_count,STARD3,0.9140540494221193,0.0005343870547042107
paired_cis_count,STARD3NL,0.913520224189412,5.618219969250049e-07
paired_cis_count,STARD4,0.9136446819605272,0.00012501959311206345
paired_cis_count,STARD5,0.9133653180058519,-0.00015434436156325226
paired_cis_count,STARD7,0.9133945686750099,-0.0001250936924052093
paired_cis_count,STAT1,0.9128197723119785,-0.0006998900554365806
paired_cis_count,STAT2,0.9135519872662516,3.232489883653322e-05
paired_cis_count,STAT4,0.9135249606201987,5.298252783614288e-06
paired_cis_count,STAT5A,0.9136226309575116,0.00010296859009650827
paired_cis_count,STAT6,0.9134975740419711,-2.2088325444036272e-05
paired_cis_count,STAU2,0.9134899183123235,-2.9744055091596167e-05
paired_cis_count,STIM2,0.9137260606164556,0.00020639824904045145
paired_cis_count,STIP1,0.9136243618494142,0.00010469948199909318
paired_cis_count,STK10,0.9137589122002087,0.00023924983279355327
paired_cis_count,STK11IP,0.9140728705644268,0.0005532081970116565
paired_cis_count,STK16,0.9142379343824854,0.0007182720150702426
paired_cis_count,STK17A,0.9136613255209824,0.0001416631535673396
paired_cis_count,STK17B,0.9134330751646759,-8.658720273924114e-05
paired_cis_count,STK24,0.9133988574275071,-0.00012080493990795915
paired_cis_count,STK25,0.9135095067213609,-1.0155646054221812e-05
paired_cis_count,STK26,0.9135315693728147,1.1907005399547366e-05
paired_cis_count,STK32C,0.9133965143152161,-0.00012314805219904024
paired_cis_count,STK35,0.9135338670918742,1.4204724459121465e-05
paired_cis_count,STK36,0.9134848831897606,-3.4779177654487015e-05
paired_cis_count,STK38,0.9136977562949297,0.00017809392751455544
paired_cis_count,STK38L,0.9134937875795265,-2.5874787888624518e-05
paired_cis_count,STMN3,0.913401463248083,-0.00011819911933208527
paired_cis_count,STOM,0.9136793538037383,0.00015969143632321714
paired_cis_count,STOML2,0.9140842982292102,0.0005646358617951153
paired_cis_count,STPG1,0.9135366229508214,1.696058340627804e-05
paired_cis_count,STRADA,0.9135138016233084,-5.860744106689353e-06
paired_cis_count,STRADB,0.9138711108019663,0.00035144843455114927
paired_cis_count,STRAP,0.9135771585689407,5.749620152561974e-05
paired_cis_count,STRBP,0.9133303078872831,-0.00018935448013202016
paired_cis_count,STRIP1,0.9135550827569111,3.542038949599924e-05
paired_cis_count,STRIP2,0.9135213844151315,1.7220477164237025e-06
paired_cis_count,STRN,0.9140989084822521,0.000579246114836951
paired_cis_count,STS,0.9146593697726455,0.0011397074052303946
paired_cis_count,STT3A,0.9146006944151199,0.0010810320477048219
paired_cis_count,STX10,0.9140919373244366,0.0005722749570215013
paired_cis_count,STX11,0.9135036872472931,-1.5975120121969333e-05
paired_cis_count,STX16,0.9128886650352755,-0.0006309973321395601
paired_cis_count,STX1A,0.9135175089262343,-2.153441180818838e-06
paired_cis_count,STX2,0.9135171555794236,-2.5067879915185998e-06
paired_cis_count,STX6,0.9135117172742039,-7.945093211225718e-06
paired_cis_count,STX8,0.9135100290417152,-9.63332569992037e-06
paired_cis_count,STXBP1,0.9136452930659796,0.00012563069856452724
paired_cis_count,STXBP3,0.914044156509888,0.0005244941424729088
paired_cis_count,STYXL1,0.9135175754533972,-2.0869140179291534e-06
paired_cis_count,SUB1,0.9133343581326864,-0.0001853042347287337
paired_cis_count,SUCLA2,0.9135523121040205,3.264973660543902e-05
paired_cis_count,SUCLG1,0.9134678366285273,-5.182573888784514e-05
paired_cis_count,SUFU,0.9134657912350369,-5.3871132378202624e-05
paired_cis_count,SUGP1,0.9134285415824102,-9.112078500495002e-05
paired_cis_count,SUGP2,0.9136389163309829,0.00011925396356782247
paired_cis_count,SULT1B1,0.9135023857663988,-1.7276601016358306e-05
paired_cis_count,SUMF1,0.9134738253101424,-4.5837057272679615e-05
paired_cis_count,SUMF2,0.9132799852845918,-0.00023967708282335298
paired_cis_count,SUMO2,0.9121207262267592,-0.0013989361406558931
paired_cis_count,SUMO4,0.9139684147594704,0.00044875239205532935
paired_cis_count,SUN2,0.9136821764331893,0.00016251406577416638
paired_cis_count,SUOX,0.9135036907012549,-1.5971666160186082e-05
paired_cis_count,SUPT20H,0.9124590748464391,-0.0010605875209760418
paired_cis_count,SUPT7L,0.9139378047059528,0.0004181423385376526
paired_cis_count,SUPV3L1,0.9123912212663691,-0.0011284411010460405
paired_cis_count,SURF1,0.9159319049782121,0.0024122426107969774
paired_cis_count,SUSD3,0.9131770728977711,-0.0003425894696440501
paired_cis_count,SUV39H1,0.912957320645026,-0.0005623417223891147
paired_cis_count,SVIP,0.9135608716650122,4.1209297597100125e-05
paired_cis_count,SWSAP1,0.9138035478201777,0.0002838854527625889
paired_cis_count,SWT1,0.9136175637663931,9.790139897802863e-05
paired_cis_count,SYNCRIP,0.9144670496921248,0.0009473873247096698
paired_cis_count,SYNE1,0.913658493235278,0.00013883086786292687
paired_cis_count,SYNE2,0.9136985537861815,0.00017889141876636927
paired_cis_count,SYNE3,0.9135874975004585,6.78351330434257e-05
paired_cis_count,SYNGR2,0.9135222550771855,2.5927097704325774e-06
paired_cis_count,SYNJ1,0.9134203138392181,-9.934852819704076e-05
paired_cis_count,SYPL1,0.9136363387453357,0.00011667637792056595
paired_cis_count,SYT11,0.9136233222011814,0.00010365983376625643
paired_cis_count,SYTL1,0.913496870168593,-2.2792198822063625e-05
paired_cis_count,SYTL2,0.913627052864864,0.00010739049744890039
paired_cis_count,SYTL3,0.9135218129634555,2.1505960403622737e-06
paired_cis_count,TAB1,0.9137954430513765,0.00027578068396139077
paired_cis_count,TAB3,0.9134743419172668,-4.5320450148267355e-05
paired_cis_count,TADA1,0.9135320917629239,1.2429395508828378e-05
paired_cis_count,TADA2A,0.9134240497953298,-9.561257208534624e-05
paired_cis_count,TADA2B,0.9135336735114319,1.4011144016778943e-05
paired_cis_count,TADA3,0.9114324546525202,-0.002087207714894901
paired_cis_count,TAF11,0.910370468952274,-0.0031491934151410828
paired_cis_count,TAF13,0.913539244655016,1.9582287600905524e-05
paired_cis_count,TAF15,0.9141640289346464,0.0006443665672313248
paired_cis_count,TAF6L,0.9135556496834372,3.598731602205696e-05
paired_cis_count,TAF9B,0.9135038976588334,-1.576470858166701e-05
paired_cis_count,TAGAP,0.9136192645051762,9.960213776105675e-05
paired_cis_count,TAGLN,0.9134994255069744,-2.023686044072548e-05
paired_cis_count,TALDO1,0.9140674098751761,0.0005477475077609872
paired_cis_count,TANGO2,0.9135430596086591,2.339724124400533e-05
paired_cis_count,TANK,0.9134642358719542,-5.542649546086409e-05
paired_cis_count,TAOK3,0.913589194744096,6.953237668083645e-05
paired_cis_count,TAP2,0.9135547232754974,3.506090808225171e-05
paired_cis_count,TAPBP,0.9131317104716463,-0.00038795189576878997
paired_cis_count,TAPBPL,0.9134401666507835,-7.94957166315724e-05
paired_cis_count,TAPT1,0.9129113731109969,-0.0006082892564182041
paired_cis_count,TARBP2,0.9112680757428624,-0.002251586624552715
paired_cis_count,TARS2,0.914018588648416,0.0004989262810008999
paired_cis_count,TARSL2,0.9135313559106781,1.1693543263024964e-05
paired_cis_count,TAS2R14,0.9137599011461875,0.00024023877877243915
paired_cis_count,TAS2R4,0.9135822238074424,6.256144002725339e-05
paired_cis_count,TASP1,0.9136892084961303,0.00016954612871522556
paired_cis_count,TATDN1,0.913586347293978,6.668492656292102e-05
paired_cis_count,TATDN2,0.9134684651658808,-5.119720153434759e-05
paired_cis_count,TAX1BP1,0.913549780006914,3.0117639498894455e-05
paired_cis_count,TAX1BP3,0.9125580662806949,-0.0009615960867201956
paired_cis_count,TAZ,0.9115113778047647,-0.002008284562650453
paired_cis_count,TBC1D10A,0.9135292760425585,9.613675143405054e-06
paired_cis_count,TBC1D10C,0.9134151434326262,-0.00010451893478891083
paired_cis_count,TBC1D14,0.9122269980015353,-0.0012926643658798254
paired_cis_count,TBC1D15,0.9132649235437406,-0.0002547388236745496
paired_cis_count,TBC1D17,0.9150301576453813,0.0015104952779662062
paired_cis_count,TBC1D19,0.913449418475928,-7.024389148713173e-05
paired_cis_count,TBC1D2,0.9135292547541105,9.592386695400634e-06
paired_cis_count,TBC1D20,0.9135357757045917,1.6113337176548725e-05
paired_cis_count,TBC1D22A,0.9136429328500539,0.00012327048263882645
paired_cis_count,TBC1D22B,0.9151092061552419,0.0015895437878268304
paired_cis_count,TBC1D23,0.9135409315433063,2.1269175891180936e-05
paired_cis_count,TBC1D24,0.9135563642617281,3.6701894313040384e-05
paired_cis_count,TBC1D25,0.91343536449193,-8.429787548513978e-05
paired_cis_count,TBC1D2B,0.9135448168203667,2.5154452951592354e-05
paired_cis_count,TBC1D31,0.913696434930514,0.00017677256309889255
paired_cis_count,TBC1D4,0.9134765608577934,-4.3101509621723544e-05
paired_cis_count,TBC1D5,0.913497515920032,-2.2146447383075696e-05
paired_cis_count,TBCCD1,0.9134587456063078,-6.091676110731026e-05
paired_cis_count,TBCK,0.9134839445038647,-3.571786355038853e-05
paired_cis_count,TBK1,0.9135274384769781,7.776109563040201e-06
paired_cis_count,TBL1XR1,0.9138649898719233,0.00034532750450821936
paired_cis_count,TBL2,0.913518903449161,-7.589182541289929e-07
paired_cis_count,TBPL1,0.9136534119345696,0.00013374956715450637
paired_cis_count,TBRG1,0.9136354080562687,0.00011574568885364123
paired_cis_count,TBXA2R,0.9137700631055101,0.0002504007380950135
paired_cis_count,TBXAS1,0.913528487124039,8.824756623893037e-06
paired_cis_count,TC2N,0.9136724344875389,0.0001527721201237675
paired_cis_count,TCAIM,0.9137603083812234,0.00024064601380824335
paired_cis_count,TCEAL8,0.9133784754081404,-0.00014118695927467506
paired_cis_count,TCEANC,0.913313714382682,-0.00020594798473305698
paired_cis_count,TCEANC2,0.9135351600234368,1.549765602171238e-05
paired_cis_count,TCF12,0.9133314872392218,-0.00018817512819335747
paired_cis_count,TCF19,0.9121028333667621,-0.001416829000652986
paired_cis_count,TCF3,0.9133287463928673,-0.00019091597454778952
paired_cis_count,TCF7,0.9135136404222597,-6.0219451554210934e-06
paired_cis_count,TCFL5,0.9135988851601895,7.922279277439159e-05
paired_cis_count,TCHP,0.9135213709350698,1.7085676546901851e-06
paired_cis_count,TCIRG1,0.9135551109961654,3.544862875026755e-05
paired_cis_count,TCP11L1,0.9138869310791333,0.00036726871171821607
paired_cis_count,TCTA,0.9120043674120073,-0.0015152949554078088
paired_cis_count,TCTE3,0.913524669942652,5.007575236914974e-06
paired_cis_count,TCTEX1D2,0.9135474873126777,2.782494526254453e-05
paired_cis_count,TCTN1,0.9135057160941995,-1.394627321560371e-05
paired_cis_count,TCTN3,0.9135991469930659,7.948462565077197e-05
paired_cis_count,TDG,0.9136082630137221,8.860064630700215e-05
paired_cis_count,TDP2,0.9133085312451217,-0.00021113112229342867
paired_cis_count,TDRD3,0.9135107331793954,-8.929188019757284e-06
paired_cis_count,TDRD7,0.9135278135808623,8.151213447216143e-06
paired_cis_count,TDRKH,0.913382598595601,-0.00013706377181410545
paired_cis_count,TEAD4,0.9125055517104996,-0.001014110656915479
paired_cis_count,TECPR1,0.913855790442447,0.0003361280750319162
paired_cis_count,TECPR2,0.9135226330166322,2.9706492170600285e-06
paired_cis_count,TECR,0.9140368608435219,0.0005171984761067616
paired_cis_count,TEDC1,0.9135115949152798,-8.067452135329667e-06
paired_cis_count,TENT2,0.914672614843432,0.0011529524760168774
paired_cis_count,TENT4A,0.9132882133685304,-0.00023144899888472015
paired_cis_count,TENT4B,0.9133659696138665,-0.00015369275354859546
paired_cis_count,TENT5C,0.9128123040657138,-0.0007073583017013219
paired_cis_count,TEP1,0.9133053678819445,-0.00021429448547061192
paired_cis_count,TEPSIN,0.9139174983191706,0.00039783595175546527
paired_cis_count,TERF1,0.913020474571689,-0.0004991877957261082
paired_cis_count,TERF2IP,0.9136665825218742,0.0001469201544590515
paired_cis_count,TES,0.9135849215959927,6.525922857758548e-05
paired_cis_count,TESC,0.9134719960896103,-4.7666277804836454e-05
paired_cis_count,TESK1,0.913520370577757,7.08210341926474e-07
paired_cis_count,TESK2,0.9138488100171798,0.0003291476497646606
paired_cis_count,TESPA1,0.9136774295428749,0.0001577671754597887
paired_cis_count,TET2,0.9134246942318747,-9.496813554044081e-05
paired_cis_count,TEX2,0.9135231923664572,3.529999042073406e-06
paired_cis_count,TEX261,0.9147053910822223,0.001185728714807155
paired_cis_count,TEX264,0.9135312006104742,1.1538243059106001e-05
paired_cis_count,TEX30,0.9135187466259749,-9.157414402327646e-07
paired_cis_count,TFAM,0.9134353661280044,-8.42962394107527e-05
paired_cis_count,TFAP4,0.9135402330256835,2.0570658268437292e-05
paired_cis_count,TFB1M,0.913479028231854,-4.0634135561101736e-05
paired_cis_count,TFB2M,0.9135135119292944,-6.150438120688939e-06
paired_cis_count,TFCP2,0.9135072493552657,-1.2413012149381508e-05
paired_cis_count,TFDP2,0.9134667634743695,-5.2898893045605355e-05
paired_cis_count,TFEB,0.9138246114235373,0.0003049490561222168
paired_cis_count,TFG,0.9132724265957685,-0.0002472357716466478
paired_cis_count,TFR2,0.9130335612903321,-0.0004861010770830232
paired_cis_count,TGFB1,0.9135227504066455,3.0880392304366566e-06
paired_cis_count,TGFBR2,0.9141125147362917,0.0005928523688766285
paired_cis_count,TGFBR3,0.9141311117515626,0.0006114493841474777
paired_cis_count,TGFBRAP1,0.9134663925103303,-5.3269857084758954e-05
paired_cis_count,TGIF2,0.91348525490227,-3.440746514515869e-05
paired_cis_count,TGOLN2,0.9135256138800532,5.951512638047163e-06
paired_cis_count,THADA,0.9134729626258083,-4.669974160675938e-05
paired_cis_count,THAP11,0.9123276565462046,-0.0011920058212104845
paired_cis_count,THAP2,0.9135148816359243,-4.780731490794388e-06
paired_cis_count,THAP3,0.9135234436508354,3.7812834202677337e-06
paired_cis_count,THAP5,0.9135980750586109,7.841269119579497e-05
paired_cis_count,THAP7,0.9135932273245332,7.356495711807742e-05
paired_cis_count,THBS4,0.9135486046513215,2.8942283906374655e-05
paired_cis_count,THEM4,0.9135597673376703,4.010497025519477e-05
paired_cis_count,THEM6,0.9135953878106654,7.572544325029629e-05
paired_cis_count,THEMIS,0.913522492890057,2.8305226419389484e-06
paired_cis_count,THEMIS2,0.9136515496483886,0.00013188728097346392
paired_cis_count,THNSL1,0.9134445692807964,-7.509308661868275e-05
paired_cis_count,THOC6,0.9135048628610176,-1.4799506397489282e-05
paired_cis_count,THRAP3,0.9123417818284536,-0.0011778805389615066
paired_cis_count,THUMPD2,0.9135119477297826,-7.714637632494359e-06
paired_cis_count,THUMPD3,0.9134877696217373,-3.1892745677830625e-05
paired_cis_count,THYN1,0.9135226059672906,2.9435998755156234e-06
paired_cis_count,TIA1,0.9190612810189208,0.005541618651505709
paired_cis_count,TIAL1,0.9123897030004744,-0.0011299593669407137
paired_cis_count,TIAM1,0.9135147573203302,-4.9050470849465455e-06
paired_cis_count,TICAM1,0.9121468044128501,-0.0013728579545649877
paired_cis_count,TIGAR,0.9140932599542028,0.0005735975867876553
paired_cis_count,TIGIT,0.9135412274963522,2.156512893713991e-05
paired_cis_count,TIMM10B,0.9136297632639304,0.0001101008965153083
paired_cis_count,TIMM17A,0.9135334837547407,1.3821387325640977e-05
paired_cis_count,TIMM21,0.9140341329767467,0.0005144706093316298
paired_cis_count,TIMM8A,0.9136935793149957,0.00017391694758062126
paired_cis_count,TIMMDC1,0.9133649948596899,-0.00015466750772519244
paired_cis_count,TIPARP,0.9123260581221765,-0.001193604245238622
paired_cis_count,TIPRL,0.9133985284432615,-0.00012113392415358248
paired_cis_count,TIRAP,0.9130560838144461,-0.00046357855296896844
paired_cis_count,TK2,0.9142118655326962,0.000692203165281069
paired_cis_count,TLCD1,0.9135967678369513,7.710546953620945e-05
paired_cis_count,TLDC1,0.9138607340471678,0.0003410716797527247
paired_cis_count,TLE3,0.9122277587806269,-0.0012919035867882123
paired_cis_count,TLNRD1,0.9135909934853923,7.133111797719138e-05
paired_cis_count,TLR6,0.9135160379408468,-3.624426568316075e-06
paired_cis_count,TM2D1,0.9135537672421852,3.410487477006896e-05
paired_cis_count,TM2D3,0.9136252154005383,0.00010555303312320685
paired_cis_count,TM6SF1,0.9135435162542508,2.3853886835678573e-05
paired_cis_count,TM7SF2,0.9135351897760964,1.552740868127067e-05
paired_cis_count,TM7SF3,0.913509258336023,-1.040403139207502e-05
paired_cis_count,TM9SF2,0.9171662576454249,0.003646595278009812
paired_cis_count,TM9SF3,0.9135286090739865,8.946706571366647e-06
paired_cis_count,TMA7,0.9145847148311664,0.001065052463751326
paired_cis_count,TMBIM1,0.9135312722262602,1.160985884507415e-05
paired_cis_count,TMBIM6,0.9135019748786052,-1.7687488809925433e-05
paired_cis_count,TMC6,0.9132311344449792,-0.00028852792243594383
paired_cis_count,TMC8,0.9135419205005157,2.2258133100638844e-05
paired_cis_count,TMCC2,0.9137977947408683,0.0002781323734531993
paired_cis_count,TMCO1,0.9135643027537358,4.4640386320682346e-05
paired_cis_count,TMCO3,0.9121121780009825,-0.0014074843664325654
paired_cis_count,TMCO6,0.9135497612572892,3.0098889874041745e-05
paired_cis_count,TMED1,0.9134475472663599,-7.211510105520347e-05
paired_cis_count,TMED2,0.912315055181649,-0.0012046071857660934
paired_cis_count,TMED3,0.9149680398571542,0.0014483774897391388
paired_cis_count,TMED4,0.9120011312216441,-0.0015185311457710515
paired_cis_count,TMED5,0.9138209926798098,0.00030133031239465424
paired_cis_count,TMED7,0.9136315103315042,0.0001118479640891401
paired_cis_count,TMED8,0.9135295383729023,9.876005487186035e-06
paired_cis_count,TMEM101,0.9137775346332274,0.00025787226581230893
paired_cis_count,TMEM102,0.9135789435274665,5.9281160051383175e-05
paired_cis_count,TMEM104,0.9118665852532087,-0.0016530771142063694
paired_cis_count,TMEM106A,0.9135664359048289,4.67735374137801e-05
paired_cis_count,TMEM106B,0.9134078550311833,-0.00011180733623183947
paired_cis_count,TMEM106C,0.9135283417305904,8.679363175279065e-06
paired_cis_count,TMEM107,0.9135229346134024,3.2722459872847054e-06
paired_cis_count,TMEM109,0.9134666581888258,-5.300417858933315e-05
paired_cis_count,TMEM11,0.913529067902179,9.4055347639177e-06
paired_cis_count,TMEM115,0.9135155145373502,-4.147830064860081e-06
paired_cis_count,TMEM116,0.9135905942538153,7.093188640017178e-05
paired_cis_count,TMEM120A,0.913662702939563,0.0001430405721478678
paired_cis_count,TMEM121,0.9134852496833727,-3.4412684042361974e-05
paired_cis_count,TMEM123,0.9139234340883081,0.00040377172089300917
paired_cis_count,TMEM126A,0.913534101582443,1.4439215027861607e-05
paired_cis_count,TMEM126B,0.9136797187761979,0.00016005640878280492
paired_cis_count,TMEM127,0.9143400044640486,0.0008203420966335084
paired_cis_count,TMEM128,0.9134111032919581,-0.00010855907545703758
paired_cis_count,TMEM131,0.9135102587801817,-9.403587233447475e-06
paired_cis_count,TMEM131L,0.9130699622392386,-0.00044970012817646676
paired_cis_count,TMEM135,0.9135245932992253,4.930931810198658e-06
paired_cis_count,TMEM138,0.913474840803554,-4.482156386109715e-05
paired_cis_count,TMEM140,0.9133660816869796,-0.00015358068043547224
paired_cis_count,TMEM141,0.9135440645270739,2.4402159658820644e-05
paired_cis_count,TMEM143,0.9132421274045439,-0.0002775349628711954
paired_cis_count,TMEM14A,0.913476999719686,-4.266264772911921e-05
paired_cis_count,TMEM14B,0.9134429672157018,-7.669515171326857e-05
paired_cis_count,TMEM154,0.9134974123083676,-2.2250059047546067e-05
paired_cis_count,TMEM156,0.9135103849792238,-9.277388191342162e-06
paired_cis_count,TMEM160,0.9134191357315562,-0.00010052663585891075
paired_cis_count,TMEM161A,0.91377710128369,0.00025743891627494353
paired_cis_count,TMEM161B,0.9133951307256363,-0.00012453164177883558
paired_cis_count,TMEM164,0.913516168624034,-3.4937433811554897e-06
paired_cis_count,TMEM165,0.9130769588732259,-0.0004427034941891783
paired_cis_count,TMEM167A,0.9134198817317459,-9.978063566917772e-05
paired_cis_count,TMEM168,0.9133877485837297,-0.00013191378368537787
paired_cis_count,TMEM170A,0.9133696955337826,-0.00014996683363255325
paired_cis_count,TMEM173,0.9135341325595353,1.447019212019729e-05
paired_cis_count,TMEM177,0.9135818242520366,6.216188462149219e-05
paired_cis_count,TMEM178B,0.913859584728383,0.00033992236096791473
paired_cis_count,TMEM18,0.9135424562295681,2.279386215298107e-05
paired_cis_count,TMEM182,0.9135481818556266,2.8519488211475874e-05
paired_cis_count,TMEM183A,0.9160771590879986,0.002557496720583474
paired_cis_count,TMEM184B,0.9139513746556296,0.0004317122882144808
paired_cis_count,TMEM184C,0.9134598185208023,-5.984384661283926e-05
paired_cis_count,TMEM185A,0.9135057513510122,-1.3911016402912146e-05
paired_cis_count,TMEM186,0.9134378228196717,-8.183954774343416e-05
paired_cis_count,TMEM187,0.913587779688983,6.81173215678621e-05
paired_cis_count,TMEM189,0.9135960149132909,7.635254587579077e-05
paired_cis_count,TMEM19,0.9135800841196472,6.042175223208712e-05
paired_cis_count,TMEM199,0.9135624511821727,4.278881475761054e-05
paired_cis_count,TMEM200A,0.9134960725368425,-2.3589830572601223e-05
paired_cis_count,TMEM201,0.9134727221410918,-4.694022632334427e-05
paired_cis_count,TMEM203,0.9135580709028109,3.840853539582856e-05
paired_cis_count,TMEM204,0.9135138300756168,-5.832291798291145e-06
paired_cis_count,TMEM205,0.9135514463826072,3.17840151921045e-05
paired_cis_count,TMEM206,0.9135027811083243,-1.6881259090828493e-05
paired_cis_count,TMEM216,0.9135208532322384,1.190864823308324e-06
paired_cis_count,TMEM217,0.9135335492526049,1.3886885189773324e-05
paired_cis_count,TMEM218,0.9135209617323262,1.2993649111114891e-06
paired_cis_count,TMEM222,0.9135147146646716,-4.9477027435074206e-06
paired_cis_count,TMEM223,0.9134830101262335,-3.665224118165611e-05
paired_cis_count,TMEM229B,0.9134299398288751,-8.972253854000467e-05
paired_cis_count,TMEM230,0.915243062847396,0.0017234004799808744
paired_cis_count,TMEM241,0.9135063323413799,-1.333002603520761e-05
paired_cis_count,TMEM243,0.9135796416439211,5.997927650602808e-05
paired_cis_count,TMEM245,0.9130462678804401,-0.0004733944869750317
paired_cis_count,TMEM248,0.9135173074732681,-2.3548941470163953e-06
paired_cis_count,TMEM25,0.9133045835516528,-0.00021507881576232624
paired_cis_count,TMEM250,0.913467700072651,-5.196229476411851e-05
paired_cis_count,TMEM251,0.9137462782197283,0.00022661585231320558
paired_cis_count,TMEM254,0.9129975100836353,-0.0005221522837798309
paired_cis_count,TMEM256,0.9135343095854948,1.4647218079644198e-05
paired_cis_count,TMEM260,0.9136728998921048,0.00015323752468965335
paired_cis_count,TMEM263,0.9136279000889889,0.00010823772157375622
paired_cis_count,TMEM267,0.9135462846210883,2.6622253673225238e-05
paired_cis_count,TMEM268,0.9135259400399681,6.277672553012259e-06
paired_cis_count,TMEM273,0.9135237487827792,4.086415364090712e-06
paired_cis_count,TMEM30A,0.9127229071453972,-0.0007967552220179419
paired_cis_count,TMEM33,0.9135110826892825,-8.579678132614177e-06
paired_cis_count,TMEM35B,0.9132063422259122,-0.0003133201415028708
paired_cis_count,TMEM39B,0.9135618119282773,4.214956086223687e-05
paired_cis_count,TMEM41A,0.9135749793504649,5.531698304983568e-05
paired_cis_count,TMEM41B,0.9127747298125175,-0.0007449325548976038
paired_cis_count,TMEM42,0.914457482323461,0.0009378199560459155
paired_cis_count,TMEM43,0.9135061944611532,-1.3467906261888096e-05
paired_cis_count,TMEM44,0.9138209552416777,0.0003012928742626153
paired_cis_count,TMEM50A,0.9136003416234023,8.067925598720382e-05
paired_cis_count,TMEM50B,0.9135843296108137,6.466724339859731e-05
paired_cis_count,TMEM59,0.9134115485049399,-0.00010811386247522314
paired_cis_count,TMEM62,0.9135277892522813,8.12688486617752e-06
paired_cis_count,TMEM63A,0.913531317068511,1.165470109587563e-05
paired_cis_count,TMEM64,0.9135210506098358,1.3882424206856925e-06
paired_cis_count,TMEM65,0.9137053638315885,0.0001857014641734045
paired_cis_count,TMEM68,0.9134567234873534,-6.293888006170256e-05
paired_cis_count,TMEM69,0.914018706549491,0.0004990441820759139
paired_cis_count,TMEM70,0.9131816663283043,-0.00033799603911077725
paired_cis_count,TMEM71,0.9135118733676333,-7.78899978182146e-06
paired_cis_count,TMEM80,0.9133872306419484,-0.00013243172546673065
paired_cis_count,TMEM81,0.9133369663522919,-0.0001826960151232182
paired_cis_count,TMEM86B,0.9136314458705844,0.00011178350316931596
paired_cis_count,TMEM87B,0.9137621841721875,0.0002425218047723554
paired_cis_count,TMEM9,0.9135088590654108,-1.080330200431412e-05
paired_cis_count,TMEM94,0.9087030133550809,-0.004816649012334251
paired_cis_count,TMEM97,0.9136017917439893,8.21293765741471e-05
paired_cis_count,TMEM99,0.913458256857134,-6.140551028110952e-05
paired_cis_count,TMEM9B,0.9134920480110174,-2.761435639775378e-05
paired_cis_count,TMF1,0.9135710443063704,5.1381938955263884e-05
paired_cis_count,TMLHE,0.9135421333763052,2.2471008890079247e-05
paired_cis_count,TMOD2,0.913408413350929,-0.00011124901648607022
paired_cis_count,TMOD3,0.9135692942316739,4.9631864258770086e-05
paired_cis_count,TMPO,0.9141012492240712,0.0005815868566561022
paired_cis_count,TMPPE,0.9135096055165887,-1.0056850826445363e-05
paired_cis_count,TMPRSS3,0.9134178501713696,-0.00010181219604554759
paired_cis_count,TMPRSS6,0.9135173386689512,-2.3236984638685954e-06
paired_cis_count,TMSB10,0.9129924346744497,-0.0005272276929654263
paired_cis_count,TMSB15B,0.9142945041469865,0.0007748417795714335
paired_cis_count,TMSB4X,0.9137632963671968,0.00024363399978166722
paired_cis_count,TMTC4,0.9135513288487705,3.1666481355441256e-05
paired_cis_count,TMUB1,0.9139926959566613,0.00047303358924621897
paired_cis_count,TMUB2,0.9135799381337304,6.027576631528753e-05
paired_cis_count,TMX1,0.9134491621831768,-7.050018423826465e-05
paired_cis_count,TMX3,0.913181468900384,-0.00033819346703112263
paired_cis_count,TMX4,0.913049132476318,-0.0004705298910970823
paired_cis_count,TNF,0.9136090363526232,8.9373985208141e-05
paired_cis_count,TNFAIP1,0.9134949256120394,-2.473675537573161e-05
paired_cis_count,TNFAIP8,0.9139747682814964,0.00045510591408126633
paired_cis_count,TNFAIP8L1,0.913491299671507,-2.836269590811291e-05
paired_cis_count,TNFAIP8L2,0.9143024358505182,0.0007827734831030719
paired_cis_count,TNFRSF10A,0.9132483425836296,-0.00027131978378547306
paired_cis_count,TNFRSF10B,0.9132759634437428,-0.0002436989236722642
paired_cis_count,TNFRSF10D,0.9134387943498624,-8.086801755269324e-05
paired_cis_count,TNFRSF18,0.913512824211273,-6.838156142108254e-06
paired_cis_count,TNFRSF1A,0.9134587125984517,-6.09497689634253e-05
paired_cis_count,TNFRSF21,0.9139710451111719,0.00045138274375677856
paired_cis_count,TNFRSF25,0.9134846611490902,-3.500121832489267e-05
paired_cis_count,TNFRSF4,0.913513905624724,-5.756742691098715e-06
paired_cis_count,TNFRSF8,0.9135938165427793,7.415417536416058e-05
paired_cis_count,TNFRSF9,0.9138120527466765,0.0002923903792614313
paired_cis_count,TNFSF10,0.914008691363996,0.0004890289965808758
paired_cis_count,TNFSF13,0.9132304503240289,-0.0002892120433861667
paired_cis_count,TNFSF14,0.9135237153368061,4.052969390988537e-06
paired_cis_count,TNFSF8,0.9134531281753113,-6.65341921037843e-05
paired_cis_count,TNIK,0.9135176857510603,-1.976616354815164e-06
paired_cis_count,TNIP1,0.9107140985468901,-0.002805563820524992
paired_cis_count,TNIP2,0.9124784726456666,-0.0010411897217484922
paired_cis_count,TNIP3,0.9135378931203119,1.823075289675291e-05
paired_cis_count,TNK2,0.9135370705485677,1.7408181152589464e-05
paired_cis_count,TNKS,0.9135025566998815,-1.710566753365672e-05
paired_cis_count,TNPO1,0.9115348466005663,-0.0019848157668488353
paired_cis_count,TNPO2,0.913578941433117,5.927906570191155e-05
paired_cis_count,TNRC6A,0.9133855373367304,-0.00013412503068466197
paired_cis_count,TNRC6C,0.9138564714451783,0.00033680907776323377
paired_cis_count,TOB2,0.9134170979443276,-0.00010256442308753666
paired_cis_count,TOE1,0.913639889686633,0.00012022731921790264
paired_cis_count,TOGARAM1,0.9135289880621539,9.325694738770984e-06
paired_cis_count,TOLLIP,0.9135234616920246,3.7993246094769617e-06
paired_cis_count,TOM1,0.9135314809747563,1.1818607341229637e-05
paired_cis_count,TOMM34,0.9135490194545385,2.9357087123371706e-05
paired_cis_count,TOMM40L,0.9137609597349206,0.00024129736750544417
paired_cis_count,TOMM5,0.9136544508146996,0.00013478844728453954
paired_cis_count,TOMM6,0.9134831257105855,-3.653665682956664e-05
paired_cis_count,TOMM7,0.912488758713532,-0.0010309036538831418
paired_cis_count,TOP1MT,0.9135537146963018,3.4052328886646777e-05
paired_cis_count,TOP2B,0.9134673500871422,-5.231228027291479e-05
paired_cis_count,TOPORS,0.9135064380623542,-1.3224305060899333e-05
paired_cis_count,TOR1A,0.9137384248451704,0.00021876247775531876
paired_cis_count,TOR1AIP1,0.9134494825112511,-7.01798561639766e-05
paired_cis_count,TOR1AIP2,0.9141771969510064,0.0006575345835913016
paired_cis_count,TOR3A,0.9135443955955891,2.4733228173978716e-05
paired_cis_count,TP53,0.9134616606451618,-5.8001722253342436e-05
paired_cis_count,TP53BP1,0.9135149867831056,-4.6755843094992144e-06
paired_cis_count,TP53BP2,0.9136349203594921,0.00011525799207701137
paired_cis_count,TP53INP1,0.9135821030955831,6.244072816796731e-05
paired_cis_count,TPCN1,0.9135242906486281,4.6282812129483375e-06
paired_cis_count,TPD52L2,0.9135087345268036,-1.0927840611518747e-05
paired_cis_count,TPGS1,0.9143514609213684,0.0008317985539533224
paired_cis_count,TPGS2,0.9134890905480016,-3.0571819413460766e-05
paired_cis_count,TPM1,0.9149719478260898,0.001452285458674707
paired_cis_count,TPM4,0.9135532894762863,3.3627108871225886e-05
paired_cis_count,TPMT,0.9136088897718312,8.922740441608124e-05
paired_cis_count,TPP2,0.9144699603300437,0.0009502979626285768
paired_cis_count,TPRA1,0.913551283468122,3.1621100706868965e-05
paired_cis_count,TPRG1L,0.9135821097870422,6.244741962713185e-05
paired_cis_count,TRA2A,0.9136573605369134,0.00013769816949826819
paired_cis_count,TRABD2A,0.9135185411466783,-1.1212207368105354e-06
paired_cis_count,TRAF1,0.9135414630294981,2.1800662083015787e-05
paired_cis_count,TRAF2,0.9134899716111956,-2.9690756219502568e-05
paired_cis_count,TRAF3,0.9112348994806581,-0.0022847628867570524
paired_cis_count,TRAF3IP1,0.9133259778498234,-0.000193684517591719
paired_cis_count,TRAF3IP2,0.9135368360152635,1.71736478483675e-05
paired_cis_count,TRAF4,0.9135235558251951,3.893457779957643e-06
paired_cis_count,TRAF5,0.9135392256860839,1.956331866881378e-05
paired_cis_count,TRAF7,0.9150453306012691,0.0015256682338540273
paired_cis_count,TRAFD1,0.9135372484766913,1.7586109276157558e-05
paired_cis_count,TRAK1,0.9131473944045728,-0.0003722679628422876
paired_cis_count,TRAK2,0.9136802067277922,0.00016054436037704622
paired_cis_count,TRAM1,0.913513946970464,-5.71539695115586e-06
paired_cis_count,TRAP1,0.9134911736723735,-2.848869504157303e-05
paired_cis_count,TRAPPC12,0.9139406937489721,0.00042103138155702435
paired_cis_count,TRAPPC13,0.9134613620185046,-5.8300348910522715e-05
paired_cis_count,TRAPPC2L,0.9134503567855954,-6.930558181972302e-05
paired_cis_count,TRAPPC6A,0.9134108904989306,-0.00010877186848445852
paired_cis_count,TRAPPC6B,0.9135477064204174,2.8044053002274083e-05
paired_cis_count,TRAPPC9,0.9136144067996861,9.474443227097673e-05
paired_cis_count,TRAT1,0.9137360116666826,0.00021634929926750424
paired_cis_count,TRDMT1,0.9135791275861873,5.946521877220334e-05
paired_cis_count,TREML2,0.9135380277707789,1.8365403363751476e-05
paired_cis_count,TRERF1,0.9129853004772194,-0.0005343618901957337
paired_cis_count,TRIB3,0.9129950468080089,-0.0005246155594061941
paired_cis_count,TRIM14,0.913661693569895,0.00014203120247990864
paired_cis_count,TRIM22,0.9135471605848764,2.749821746128589e-05
paired_cis_count,TRIM23,0.9144301104911754,0.0009104481237602879
paired_cis_count,TRIM25,0.9134796390699653,-4.0023297449787165e-05
paired_cis_count,TRIM27,0.9139395215242176,0.0004198591568025378
paired_cis_count,TRIM28,0.9106210785814345,-0.002898583785980624
paired_cis_count,TRIM33,0.9080118186439794,-0.0055078437234357125
paired_cis_count,TRIM34,0.9140141426284347,0.0004944802610196142
paired_cis_count,TRIM35,0.9135170820771008,-2.5802903143024025e-06
paired_cis_count,TRIM37,0.9134387697148451,-8.089265257005263e-05
paired_cis_count,TRIM38,0.9133524308569295,-0.00016723151048558815
paired_cis_count,TRIM41,0.9134844846765063,-3.5177690908771986e-05
paired_cis_count,TRIM44,0.9135211023621344,1.439994719243387e-06
paired_cis_count,TRIM5,0.9135058642845099,-1.3798082905247533e-05
paired_cis_count,TRIM52,0.913932570867993,0.00041290850057784656
paired_cis_count,TRIM56,0.9135419173635635,2.225499614838533e-05
paired_cis_count,TRIM59,0.9134623051910646,-5.7357176350469885e-05
paired_cis_count,TRIM62,0.9135183105493581,-1.3518180570493143e-06
paired_cis_count,TRIM65,0.9160753665925412,0.0025557042251260764
paired_cis_count,TRIM66,0.9134946447856762,-2.5017581738895345e-05
paired_cis_count,TRIM8,0.9135858685290519,6.620616163677262e-05
paired_cis_count,TRIP11,0.913475486299207,-4.4176068208057195e-05
paired_cis_count,TRIP12,0.9130994494536754,-0.0004202129137397259
paired_cis_count,TRIT1,0.913518275042204,-1.3873252111551437e-06
paired_cis_count,TRMO,0.9131678650819856,-0.0003517972854295559
paired_cis_count,TRMT1,0.9135292081524231,9.545785008002738e-06
paired_cis_count,TRMT10A,0.9136375519998595,0.0001178896324444123
paired_cis_count,TRMT10B,0.9135397998755008,2.0137508085715794e-05
paired_cis_count,TRMT10C,0.9134176191895166,-0.00010204317789852535
paired_cis_count,TRMT11,0.9135272731177171,7.610750301978442e-06
paired_cis_count,TRMT12,0.9135490112198745,2.9348852459420982e-05
paired_cis_count,TRMT1L,0.9135198269140863,1.645466711774901e-07
paired_cis_count,TRMT2A,0.913035928952972,-0.00048373341444307716
paired_cis_count,TRMT2B,0.9135497669703118,3.0104602896652288e-05
paired_cis_count,TRMT61A,0.9136758127018624,0.00015615033444726922
paired_cis_count,TRMU,0.9143920726644937,0.0008724102970786296
paired_cis_count,TROAP,0.9135065730000346,-1.3089367380536565e-05
paired_cis_count,TROVE2,0.9137352639366912,0.00021560156927613594
paired_cis_count,TRPC4AP,0.9135648998408349,4.523747341977913e-05
paired_cis_count,TRPS1,0.9135846360333032,6.497366588809061e-05
paired_cis_count,TRUB1,0.9134821724404462,-3.7489926968947707e-05
paired_cis_count,TRUB2,0.9110817093775393,-0.0024379529898758134
paired_cis_count,TSC1,0.9133144506076694,-0.00020521175974574923
paired_cis_count,TSC2,0.9129893621270028,-0.0005303002404123403
paired_cis_count,TSC22D3,0.9135109347649146,-8.727602500480103e-06
paired_cis_count,TSC22D4,0.9134361447601637,-8.351760725144874e-05
paired_cis_count,TSEN34,0.9134099442044071,-0.00010971816300797688
paired_cis_count,TSFM,0.9133945336079106,-0.00012512875950454472
paired_cis_count,TSHZ1,0.9133062039220918,-0.00021345844532327796
paired_cis_count,TSKU,0.9135810164893639,6.135412194874235e-05
paired_cis_count,TSN,0.9135359209891505,1.625862173537662e-05
paired_cis_count,TSNARE1,0.9136159913926994,9.632902528433629e-05
paired_cis_count,TSNAX,0.9135596387755773,3.9976408162223365e-05
paired_cis_count,TSPAN14,0.9135291238036929,9.461436277780066e-06
paired_cis_count,TSPAN15,0.9133748503454164,-0.00014481202199867482
paired_cis_count,TSPAN17,0.9135016632661457,-1.7999101269428053e-05
paired_cis_count,TSPAN3,0.9134927804212687,-2.688194614641759e-05
paired_cis_count,TSPAN31,0.9135842077088059,6.454534139077595e-05
paired_cis_count,TSPAN32,0.9135976265036482,7.79641362330663e-05
paired_cis_count,TSPAN33,0.9137653893122964,0.0002457269448813415
paired_cis_count,TSPAN5,0.9135326875323849,1.3025164969815428e-05
paired_cis_count,TSPO,0.9135442678872081,2.46055197929973e-05
paired_cis_count,TSPOAP1,0.9128906013708407,-0.0006290609965744487
paired_cis_count,TSPYL1,0.9135252632768679,5.600909452785352e-06
paired_cis_count,TSPYL2,0.9134955749621916,-2.408740522352737e-05
paired_cis_count,TSR3,0.9128091681157174,-0.0007104942516976687
paired_cis_count,TSSC4,0.9131543254393468,-0.0003653369280682828
paired_cis_count,TST,0.9134664691184299,-5.319324898522826e-05
paired_cis_count,TSTA3,0.9136018617040437,8.219933662856338e-05
paired_cis_count,TSTD1,0.9135245217139555,4.859346540375675e-06
paired_cis_count,TTC14,0.9095948815277015,-0.003924780839713593
paired_cis_count,TTC17,0.913039565190326,-0.0004800971770890783
paired_cis_count,TTC19,0.9134375015313475,-8.216083606760183e-05
paired_cis_count,TTC22,0.9134585429443484,-6.111942306674667e-05
paired_cis_count,TTC26,0.9134909913434306,-2.8671023984516708e-05
paired_cis_count,TTC28,0.914495653494252,0.0009759911268368837
paired_cis_count,TTC31,0.9126019547489689,-0.0009177076184462285
paired_cis_count,TTC33,0.913396343082955,-0.00012331928446007723
paired_cis_count,TTC37,0.9115551205577451,-0.001964541809669984
paired_cis_count,TTC38,0.9135189619269592,-7.004404558585975e-07
paired_cis_count,TTC39B,0.9134894054469451,-3.0256920469984294e-05
paired_cis_count,TTC39C,0.9142088997625891,0.0006892373951740138
paired_cis_count,TTC5,0.912013952586774,-0.001505709780641129
paired_cis_count,TTC9,0.9122930558538108,-0.0012266065136042892
paired_cis_count,TTC9C,0.9134110655719662,-0.0001085967954489453
paired_cis_count,TTL,0.9135303215271109,1.0659159695780573e-05
paired_cis_count,TTLL1,0.9135645801675742,4.491780015913882e-05
paired_cis_count,TTLL11,0.9134339992048857,-8.566316252944794e-05
paired_cis_count,TTLL12,0.9134733591726484,-4.630319476672806e-05
paired_cis_count,TTLL3,0.9135778865675682,5.8224200153111916e-05
paired_cis_count,TTLL4,0.9135092158976907,-1.0446469724367802e-05
paired_cis_count,TTLL5,0.913522469844727,2.8074773118502705e-06
paired_cis_count,TTYH2,0.9134868172507852,-3.28451166299315e-05
paired_cis_count,TUBA1A,0.9135912812312833,7.161886386819472e-05
paired_cis_count,TUBA1C,0.9135230706532708,3.408285855655002e-06
paired_cis_count,TUBB6,0.9137570758615862,0.00023741349417105706
paired_cis_count,TULP4,0.9135542817197067,3.461935229154278e-05
paired_cis_count,TUSC2,0.9135908403686759,7.117800126077434e-05
paired_cis_count,TUT7,0.9135458335251261,2.617115771097467e-05
paired_cis_count,TWF1,0.9135338487955514,1.4186428136331308e-05
paired_cis_count,TWF2,0.9135252900017412,5.627634326099695e-06
paired_cis_count,TWNK,0.9123905085238063,-0.0011291538436087878
paired_cis_count,TWSG1,0.9136270940759659,0.00010743170855076478
paired_cis_count,TXK,0.9134706002789261,-4.9062088488982525e-05
paired_cis_count,TXLNA,0.913510676028218,-8.986339197103455e-06
paired_cis_count,TXLNG,0.9135352028688084,1.5540501393296324e-05
paired_cis_count,TXN2,0.9135203467041466,6.843367315045867e-07
paired_cis_count,TXNDC11,0.9129450587585528,-0.0005746036088623008
paired_cis_count,TXNDC12,0.9135947791102621,7.511674284699232e-05
paired_cis_count,TXNDC16,0.913526184670402,6.522302986922135e-06
paired_cis_count,TXNDC17,0.9135743195639919,5.4657196576823885e-05
paired_cis_count,TXNDC5,0.9134987920858372,-2.0870281577933802e-05
paired_cis_count,TXNDC9,0.9135169721545755,-2.690212839606687e-06
paired_cis_count,TXNIP,0.9137849415754649,0.00026527920804975125
paired_cis_count,TXNL1,0.9135166125692804,-3.0497981347021863e-06
paired_cis_count,TYMP,0.9135150411277906,-4.6212396245248755e-06
paired_cis_count,TYSND1,0.9137326582080295,0.00021299584061440502
paired_cis_count,TYW1,0.9138473780766551,0.00032771570923995075
paired_cis_count,TYW5,0.9136015516120759,8.188924466079328e-05
paired_cis_count,U2AF1L4,0.9132338401061271,-0.0002858222612880379
paired_cis_count,UAP1,0.9132390638237144,-0.00028059854370066084
paired_cis_count,UAP1L1,0.913453809842283,-6.585252513213735e-05
paired_cis_count,UBA6,0.9138963954580205,0.0003767330906053745
paired_cis_count,UBA7,0.9135243504762215,4.688108806383262e-06
paired_cis_count,UBAC1,0.9134133506236641,-0.0001063117437509753
paired_cis_count,UBALD1,0.9136270387359108,0.00010737636849567078
paired_cis_count,UBAP2,0.9137142064483286,0.00019454408091346131
paired_cis_count,UBAP2L,0.9135908520768494,7.118970943431613e-05
paired_cis_count,UBASH3A,0.9135309770711844,1.131470376924959e-05
paired_cis_count,UBASH3B,0.913542380879284,2.271851186885776e-05
paired_cis_count,UBC,0.9071154238127417,-0.006404238554673425
paired_cis_count,UBE2B,0.913636969546089,0.00011730717867386442
paired_cis_count,UBE2D1,0.9102191646173479,-0.003300497750067244
paired_cis_count,UBE2D2,0.9137618381295289,0.00024217576211382763
paired_cis_count,UBE2D3,0.913569066066106,4.9403698690886344e-05
paired_cis_count,UBE2D4,0.9133860637487432,-0.00013359861867190403
paired_cis_count,UBE2E1,0.91349023987721,-2.9422490205099905e-05
paired_cis_count,UBE2E2,0.9129863450625628,-0.0005333173048522877
paired_cis_count,UBE2E3,0.9135349169681427,1.5254600727598877e-05
paired_cis_count,UBE2G1,0.9149551376114593,0.0014354752440441931
paired_cis_count,UBE2G2,0.9109124319096926,-0.002607230457722487
paired_cis_count,UBE2H,0.9135523608597452,3.269849233011879e-05
paired_cis_count,UBE2J1,0.9129179066792455,-0.0006017556881695585
paired_cis_count,UBE2J2,0.9135995233195205,7.98609521054372e-05
paired_cis_count,UBE2K,0.9135705908417854,5.0928474370270926e-05
paired_cis_count,UBE2L3,0.9108699267728362,-0.002649735594578928
paired_cis_count,UBE2L6,0.9136904465660194,0.00017078419860427907
paired_cis_count,UBE2M,0.9134316763409598,-8.798602645532227e-05
paired_cis_count,UBE2O,0.9135070123609392,-1.2650006475878328e-05
paired_cis_count,UBE2Q1,0.9137824645014262,0.00026280213401108643
paired_cis_count,UBE2Q2,0.9135278895917203,8.227224305157321e-06
paired_cis_count,UBE2V1,0.9135405779740579,2.0915606642746276e-05
paired_cis_count,UBE2V2,0.9118754272928001,-0.0016442350746149748
paired_cis_count,UBE2W,0.9143143861944498,0.0007947238270347157
paired_cis_count,UBE2Z,0.9135320838393692,1.2421471954127128e-05
paired_cis_count,UBE3A,0.9135286122358546,8.949868439467323e-06
paired_cis_count,UBE3B,0.9135056041663653,-1.4058201049826913e-05
paired_cis_count,UBE3C,0.9130868480537264,-0.0004328143136886897
paired_cis_count,UBE4A,0.9136362985069917,0.00011663613957657581
paired_cis_count,UBE4B,0.9135803167002751,6.065433285995514e-05
paired_cis_count,UBL3,0.914342283497124,0.0008226211297088781
paired_cis_count,UBL4A,0.9134718309443458,-4.7831423069299994e-05
paired_cis_count,UBN1,0.9137495468371198,0.00022988446970473309
paired_cis_count,UBN2,0.9136210802393888,0.000101417871973708
paired_cis_count,UBP1,0.9135945014440099,7.483907659477929e-05
paired_cis_count,UBQLN1,0.913493240979153,-2.6421388262143353e-05
paired_cis_count,UBQLN2,0.9135315827846017,1.1920417186561671e-05
paired_cis_count,UBR2,0.9134022475151529,-0.00011741485226224313
paired_cis_count,UBR3,0.9134974835709907,-2.217879642441023e-05
paired_cis_count,UBR4,0.9135260742335395,6.411866124378385e-06
paired_cis_count,UBR5,0.9131552316139402,-0.00036443075347492027
paired_cis_count,UBR7,0.9139535615515455,0.00043389918413039297
paired_cis_count,UBXN1,0.9130215000855384,-0.0004981622818767129
paired_cis_count,UBXN11,0.9158383727160837,0.0023187103486685956
paired_cis_count,UBXN2A,0.9134913310425917,-2.8331324823382964e-05
paired_cis_count,UBXN2B,0.9134984939999777,-2.1168367437374158e-05
paired_cis_count,UBXN6,0.9150368505497429,0.0015171881823278222
paired_cis_count,UBXN7,0.9135674846235594,4.782225614430313e-05
paired_cis_count,UBXN8,0.9135918170634777,7.21546960625874e-05
paired_cis_count,UCK2,0.9133050268170644,-0.000214635550350728
paired_cis_count,UCKL1,0.9134507939780496,-6.8868389365484e-05
paired_cis_count,UCP2,0.9133946572541959,-0.00012500511321922314
paired_cis_count,UEVLD,0.9136090797864228,8.941741900769795e-05
paired_cis_count,UFC1,0.9138311152844328,0.00031145291701772937
paired_cis_count,UFM1,0.9130937983752145,-0.00042586399220057025
paired_cis_count,UFSP2,0.9138110381802366,0.0002913758128214594
paired_cis_count,UGDH,0.913518260468837,-1.4018985781127924e-06
paired_cis_count,UGP2,0.914168389507532,0.0006487271401168782
paired_cis_count,UHMK1,0.9135850532264476,6.539085903245478e-05
paired_cis_count,UHRF1BP1,0.9134022755605431,-0.00011738680687201075
paired_cis_count,UIMC1,0.9134848081021206,-3.485426529448166e-05
paired_cis_count,ULK1,0.9134661515948718,-5.351077254334147e-05
paired_cis_count,ULK2,0.9138627921836803,0.00034312981626516414
paired_cis_count,ULK3,0.9149296112926999,0.0014099489252847874
paired_cis_count,ULK4,0.9126637154757502,-0.0008559468916649049
paired_cis_count,UNC119,0.9134615516627038,-5.811070471128943e-05
paired_cis_count,UNC13D,0.91359112605265,7.14636852349182e-05
paired_cis_count,UNG,0.9135265633825448,6.901015129678889e-06
paired_cis_count,UNK,0.9134555310328886,-6.41313345265404e-05
paired_cis_count,UPF3A,0.9131689115811138,-0.0003507507863013126
paired_cis_count,UPP1,0.9136444461795209,0.0001247838121057887
paired_cis_count,UPRT,0.9135782470729404,5.8584705525333014e-05
paired_cis_count,UQCC1,0.9134637318923423,-5.593047507279625e-05
paired_cis_count,UQCC3,0.9134257710867197,-9.389128069536845e-05
paired_cis_count,UQCR11,0.9134146804956892,-0.00010498187172591766
paired_cis_count,UQCRQ,0.9117440118592939,-0.0017756505081212293
paired_cis_count,URGCP,0.9132103540738926,-0.00030930829352249223
paired_cis_count,URM1,0.9128832175983423,-0.0006364447690727637
paired_cis_count,USB1,0.9135045614691165,-1.5100898298592291e-05
paired_cis_count,USF2,0.9091114156531327,-0.0044082467142824155
paired_cis_count,USF3,0.9132841301122752,-0.00023553225513994747
paired_cis_count,USP1,0.9138244758094418,0.0003048134420267079
paired_cis_count,USP11,0.9136847544907494,0.00016509212333426504
paired_cis_count,USP13,0.9134515812062225,-6.808116119261243e-05
paired_cis_count,USP14,0.9135133696005884,-6.292766826732077e-06
paired_cis_count,USP15,0.9135104601730029,-9.202194412250009e-06
paired_cis_count,USP16,0.9137208220889294,0.00020115972151424355
paired_cis_count,USP18,0.9135328125442802,1.3150176865095453e-05
paired_cis_count,USP19,0.9145742954878231,0.0010546331204079884
paired_cis_count,USP20,0.913520212561672,5.50194256931924e-07
paired_cis_count,USP21,0.9135959674592388,7.630509182365852e-05
paired_cis_count,USP22,0.9136973919899841,0.0001777296225690117
paired_cis_count,USP24,0.9146171842928463,0.0010975219254312218
paired_cis_count,USP28,0.913132472390869,-0.00038718997654607623
paired_cis_count,USP3,0.9135150222903127,-4.640077102435747e-06
paired_cis_count,USP30,0.914870725207428,0.001351062840012851
paired_cis_count,USP33,0.9136287779401819,0.00010911557276682693
paired_cis_count,USP34,0.913587354223801,6.769185638588748e-05
paired_cis_count,USP35,0.9134436611470317,-7.600122038342594e-05
paired_cis_count,USP38,0.9133897909697954,-0.00012987139761966304
paired_cis_count,USP4,0.9125487473485303,-0.0009709150188847993
paired_cis_count,USP40,0.9133142225937879,-0.0002054397736271918
paired_cis_count,USP42,0.9135025795568604,-1.7082810554680528e-05
paired_cis_count,USP44,0.9135198689138769,2.0654646182283187e-07
paired_cis_count,USP45,0.9135235040371253,3.84166971023614e-06
paired_cis_count,USP46,0.9135495576679497,2.98953005345437e-05
paired_cis_count,USP47,0.9136539855440288,0.0001343231766136599
paired_cis_count,USP48,0.9126867469570406,-0.0008329154103745573
paired_cis_count,USP54,0.9134710605278458,-4.8601839569339944e-05
paired_cis_count,USP9X,0.9136729095229326,0.00015324715551745527
paired_cis_count,UTY,0.9137012096341796,0.000181547266764448
paired_cis_count,UXS1,0.9131672461717504,-0.0003524161956647287
paired_cis_count,VAC14,0.9135545526307107,3.4890263295617174e-05
paired_cis_count,VAMP1,0.9135800461542033,6.0383786788187344e-05
paired_cis_count,VAMP2,0.9134964047911245,-2.325757629062508e-05
paired_cis_count,VAMP3,0.9135283373181924,8.674950777276536e-06
paired_cis_count,VAMP4,0.9136909635320983,0.0001713011646832241
paired_cis_count,VAMP7,0.9135327115278944,1.3049160479283728e-05
paired_cis_count,VAMP8,0.9135355000728893,1.5837705474197605e-05
paired_cis_count,VANGL1,0.9135295041134758,9.841746060668122e-06
paired_cis_count,VAPA,0.9134888394466115,-3.082292080358595e-05
paired_cis_count,VAPB,0.9137755102695936,0.0002558479021784743
paired_cis_count,VASP,0.9135296341371748,9.971769759697935e-06
paired_cis_count,VAT1,0.9135029446592222,-1.6717708192892644e-05
paired_cis_count,VBP1,0.9135151924199085,-4.469947506580141e-06
paired_cis_count,VCL,0.9135176973273649,-1.9650400502335685e-06
paired_cis_count,VCPIP1,0.9137972928928424,0.00027763052542728595
paired_cis_count,VCPKMT,0.9134241750912011,-9.548727621400133e-05
paired_cis_count,VDAC2,0.9130705938324157,-0.00044906853499937505
paired_cis_count,VDAC3,0.9135390021931454,1.9339825730324556e-05
paired_cis_count,VDR,0.9135950610035523,7.539863613714726e-05
paired_cis_count,VEZF1,0.9135192422591427,-4.2010827239202797e-07
paired_cis_count,VGLL4,0.913624529752017,0.00010486738460191436
paired_cis_count,VHL,0.9135797928935767,6.013052616160586e-05
paired_cis_count,VIM,0.915664758400326,0.0021450960329109092
paired_cis_count,VIPAS39,0.9136991341740732,0.0001794718066581158
paired_cis_count,VKORC1,0.9132482238524682,-0.00027143851494693116
paired_cis_count,VKORC1L1,0.9134221517592331,-9.75106081819721e-05
paired_cis_count,VMAC,0.9135187407953127,-9.215721024080636e-07
paired_cis_count,VNN2,0.9134529345085547,-6.672785886041588e-05
paired_cis_count,VPS13A,0.9135524806451125,3.2818277697410636e-05
paired_cis_count,VPS26A,0.9142224084644142,0.0007027460969990518
paired_cis_count,VPS26C,0.9131528552815261,-0.00036680708588898714
paired_cis_count,VPS33B,0.9135321709697017,1.2508602286631643e-05
paired_cis_count,VPS37B,0.914300803184905,0.0007811408174899226
paired_cis_count,VPS39,0.9135379662153894,1.830384797429918e-05
paired_cis_count,VPS4B,0.9148583304684098,0.0013386681009947
paired_cis_count,VPS50,0.9132799910871102,-0.00023967128030488727
paired_cis_count,VPS52,0.9134261826696222,-9.347969779294196e-05
paired_cis_count,VPS8,0.9135115423466257,-8.120020789426086e-06
paired_cis_count,VPS9D1,0.9160934560968346,0.00257379372941946
paired_cis_count,VRK2,0.9134291127107609,-9.054965665422632e-05
paired_cis_count,VRK3,0.9135555859562807,3.5923588865616196e-05
paired_cis_count,VSIG1,0.913587504810326,6.784244291091479e-05
paired_cis_count,VTA1,0.9139947517572068,0.000475089389791683
paired_cis_count,VTI1A,0.9135009632204685,-1.869914694663244e-05
paired_cis_count,VWA5A,0.9135161848500014,-3.477517413696951e-06
paired_cis_count,VWA8,0.913521412625959,1.7502585438755602e-06
paired_cis_count,WAC,0.9134302043560661,-8.945801134896403e-05
paired_cis_count,WARS2,0.9132394152337618,-0.00028024713365326637
paired_cis_count,WAS,0.91357038572352,5.072335610489809e-05
paired_cis_count,WASF2,0.9125811764759562,-0.0009384858914589511
paired_cis_count,WASHC4,0.9134751588916059,-4.450347580919889e-05
paired_cis_count,WASL,0.9136859192714285,0.00016625690401339543
paired_cis_count,WBP1,0.9130204058642591,-0.0004992565031559648
paired_cis_count,WBP1L,0.9139182139040579,0.0003985515366428105
paired_cis_count,WBP2,0.9134516154557859,-6.804691162920484e-05
paired_cis_count,WDFY1,0.9142909602811149,0.0007712979136997866
paired_cis_count,WDFY2,0.9135220639571403,2.4015897251983276e-06
paired_cis_count,WDPCP,0.9135487430997467,2.9080732331543402e-05
paired_cis_count,WDR11,0.9135219348674466,2.2725000314860466e-06
paired_cis_count,WDR13,0.9134995713646973,-2.0091002717825823e-05
paired_cis_count,WDR19,0.9135018373688469,-1.7824998568172212e-05
paired_cis_count,WDR20,0.9135038915143056,-1.5770853109553506e-05
paired_cis_count,WDR27,0.91349109078084,-2.857158657509906e-05
paired_cis_count,WDR34,0.9141331923078165,0.0006135299404014249
paired_cis_count,WDR35,0.9135452582640418,2.5595896626651182e-05
paired_cis_count,WDR37,0.9133708906822566,-0.0001487716851584775
paired_cis_count,WDR41,0.9135678535262493,4.8191158834143266e-05
paired_cis_count,WDR53,0.9135350227903107,1.5360422895627224e-05
paired_cis_count,WDR54,0.9132757258491061,-0.00024393651830900698
paired_cis_count,WDR59,0.9135501962504808,3.0533883065730905e-05
paired_cis_count,WDR5B,0.9134380518961984,-8.161047121668652e-05
paired_cis_count,WDR6,0.9135707710442672,5.11086768520963e-05
paired_cis_count,WDR60,0.9137450973119862,0.00022543494457105684
paired_cis_count,WDR62,0.9134943849435594,-2.5277423855718517e-05
paired_cis_count,WDR76,0.9135266564510174,6.994083602274159e-06
paired_cis_count,WDR81,0.9138207323491344,0.0003010699817193041
paired_cis_count,WDR83,0.9135020155503928,-1.764681702232096e-05
paired_cis_count,WDR89,0.9135563102259682,3.664785855306274e-05
paired_cis_count,WDR90,0.9293825962271302,0.015862933859715045
paired_cis_count,WDR91,0.9135829808739931,6.331850657803617e-05
paired_cis_count,WDSUB1,0.9135277217920079,8.05942459281006e-06
paired_cis_count,WHAMM,0.9133031158113128,-0.00021654655610225948
paired_cis_count,WHRN,0.9136058277290104,8.616536159533617e-05
paired_cis_count,WIPF1,0.913505270809947,-1.439155746807419e-05
paired_cis_count,WIPF2,0.914709573205843,0.001189910838427899
paired_cis_count,WIPI1,0.913547165056418,2.7502689002867342e-05
paired_cis_count,WIPI2,0.9135194711331069,-1.9123430816669895e-07
paired_cis_count,WIZ,0.9143663909335349,0.000846728566119781
paired_cis_count,WNK1,0.9136293039071158,0.00010964153970072221
paired_cis_count,WRAP53,0.9125638551630741,-0.0009558072043409638
paired_cis_count,WRN,0.9139301944373346,0.0004105320699194781
paired_cis_count,WRNIP1,0.913719727634505,0.00020006526708993277
paired_cis_count,WSB1,0.9135790604842129,5.939811679778195e-05
paired_cis_count,WSB2,0.9133813188802036,-0.0001383434872115341
paired_cis_count,WTAP,0.912679236990327,-0.000840425377088061
paired_cis_count,WWOX,0.9134811838508875,-3.847851652760692e-05
paired_cis_count,WWP1,0.9136653571645467,0.00014569479713155697
paired_cis_count,WWP2,0.9136860554781447,0.00016639311072963459
paired_cis_count,XAF1,0.9135855872600794,6.592489266432633e-05
paired_cis_count,XBP1,0.9135154304444681,-4.2319229469622854e-06
paired_cis_count,XCL1,0.9132310076155561,-0.0002886547518590188
paired_cis_count,XCL2,0.9135306084084833,1.0946041068216061e-05
paired_cis_count,XIRP1,0.9135596132261872,3.995085877206428e-05
paired_cis_count,XKR6,0.9136951220098865,0.00017545964247134282
paired_cis_count,XPA,0.9135662990924216,4.663672500648808e-05
paired_cis_count,XPNPEP1,0.9135076549507105,-1.2007416704595819e-05
paired_cis_count,XPO4,0.9128402964816655,-0.0006793658857495721
paired_cis_count,XPO6,0.9134965994862957,-2.306288111941779e-05
paired_cis_count,XPO7,0.9135213740154273,1.7116480122147948e-06
paired_cis_count,XPOT,0.913760676621348,0.00024101425393285858
paired_cis_count,XPR1,0.913484416365795,-3.5246001620081735e-05
paired_cis_count,XRCC1,0.9135627520354148,4.308966799970726e-05
paired_cis_count,XRRA1,0.9132592872516829,-0.00026037511573218097
paired_cis_count,XXYLT1,0.9139836324445856,0.00046397007717047245
paired_cis_count,XYLB,0.913548017209034,2.83548416188939e-05
paired_cis_count,XYLT2,0.9142597560113563,0.0007400936439412309
paired_cis_count,YAF2,0.9135846354186515,6.497305123642771e-05
paired_cis_count,YDJC,0.9133591066494092,-0.00016055571800588364
paired_cis_count,YIF1A,0.9135362764697211,1.6614102306022893e-05
paired_cis_count,YIF1B,0.9135234444905916,3.7821231765322594e-06
paired_cis_count,YIPF3,0.9136629971028962,0.00014333473548111542
paired_cis_count,YIPF4,0.9142589870348181,0.0007393246674030074
paired_cis_count,YIPF5,0.9135323832532046,1.272088578951891e-05
paired_cis_count,YIPF6,0.9137844281849851,0.0002647658175699563
paired_cis_count,YME1L1,0.9139115563558284,0.0003918939884133277
paired_cis_count,YPEL1,0.913559190038947,3.9527671531924824e-05
paired_cis_count,YPEL2,0.9135130733607637,-6.58900665140294e-06
paired_cis_count,YPEL3,0.9135619859075963,4.2323540181188335e-05
paired_cis_count,YRDC,0.913439470462139,-8.019190527608355e-05
paired_cis_count,YTHDF2,0.9135770899564123,5.742758899718314e-05
paired_cis_count,YWHAE,0.9137324547304653,0.0002127923630501627
paired_cis_count,YWHAG,0.9134735703422552,-4.6092025159927275e-05
paired_cis_count,YWHAZ,0.9136874150997829,0.00016775273236779853
paired_cis_count,YY1,0.9125960670979956,-0.0009235952694195415
paired_cis_count,ZADH2,0.911150483455487,-0.002369178911928116
paired_cis_count,ZBED2,0.9135410976243931,2.143525697795301e-05
paired_cis_count,ZBED5,0.9138179413319172,0.00029827896450207447
paired_cis_count,ZBP1,0.913543571042154,2.39086747388928e-05
paired_cis_count,ZBTB1,0.9134586235303611,-6.103883705399493e-05
paired_cis_count,ZBTB18,0.9148537681958706,0.0013341058284555007
paired_cis_count,ZBTB21,0.9130643538979689,-0.00045530846944619174
paired_cis_count,ZBTB22,0.9136401197942949,0.00012045742687982752
paired_cis_count,ZBTB25,0.9084616833035513,-0.005057979063863849
paired_cis_count,ZBTB26,0.9135063703646448,-1.3292002770337596e-05
paired_cis_count,ZBTB3,0.9135682496190594,4.858725164424982e-05
paired_cis_count,ZBTB32,0.9134289443662403,-9.071800117477213e-05
paired_cis_count,ZBTB33,0.9132975895545172,-0.00022207281289787772
paired_cis_count,ZBTB37,0.9133668341927246,-0.00015282817469053356
paired_cis_count,ZBTB40,0.9135137207354682,-5.941631946893011e-06
paired_cis_count,ZBTB41,0.913544857587327,2.519521991184437e-05
paired_cis_count,ZBTB42,0.9133065769622792,-0.00021308540513587104
paired_cis_count,ZBTB45,0.9137386174026738,0.00021895503525870552
paired_cis_count,ZBTB48,0.9134393138976278,-8.034846978732801e-05
paired_cis_count,ZBTB49,0.9135616844193968,4.202205198167164e-05
paired_cis_count,ZBTB5,0.9135232854984117,3.6231309965550906e-06
paired_cis_count,ZBTB6,0.9135233966990296,3.7343316144911043e-06
paired_cis_count,ZBTB7A,0.9134903869959705,-2.927537144459258e-05
paired_cis_count,ZBTB7B,0.9134636251204824,-5.603724693270529e-05
paired_cis_count,ZBTB7C,0.9134730311899225,-4.663117749259538e-05
paired_cis_count,ZBTB9,0.913579461901541,5.979953412593719e-05
paired_cis_count,ZC3H10,0.9136908306249554,0.0001711682575402662
paired_cis_count,ZC3H12A,0.9134368379453986,-8.282442201645868e-05
paired_cis_count,ZC3H12D,0.9137393981325093,0.00021973576509415338
paired_cis_count,ZC3H14,0.9134136040426379,-0.00010605832477716959
paired_cis_count,ZC3H15,0.9139264575657868,0.0004067951983717233
paired_cis_count,ZC3H4,0.912456998412619,-0.0010626639547961503
paired_cis_count,ZC3H6,0.9135013994206628,-1.8262946752334308e-05
paired_cis_count,ZC3H7B,0.913509290233314,-1.037213410115534e-05
paired_cis_count,ZC3HAV1,0.9132066611271662,-0.0003130012402489113
paired_cis_count,ZC3HAV1L,0.9133781097523196,-0.0001415526150955193
paired_cis_count,ZC3HC1,0.9146456967928103,0.0011260344253951615
paired_cis_count,ZC4H2,0.9133649576484637,-0.00015470471895140392
paired_cis_count,ZCCHC10,0.9135918953099663,7.223294255120916e-05
paired_cis_count,ZCCHC14,0.9134530572266945,-6.660514072065471e-05
paired_cis_count,ZCCHC17,0.9136210026068601,0.00010134023944496917
paired_cis_count,ZCCHC2,0.9135360661288667,1.6403761451622145e-05
paired_cis_count,ZCCHC24,0.9134893239716818,-3.0338395733298107e-05
paired_cis_count,ZCCHC3,0.9136220597801901,0.00010239741277495717
paired_cis_count,ZCCHC7,0.9134800592231065,-3.9603144308619775e-05
paired_cis_count,ZDBF2,0.9135059718587636,-1.3690508651520439e-05
paired_cis_count,ZDHHC13,0.9137136269515268,0.00019396458411169437
paired_cis_count,ZDHHC14,0.9129544387536948,-0.0005652236137203559
paired_cis_count,ZDHHC16,0.9135599919611755,4.032959376043532e-05
paired_cis_count,ZDHHC17,0.9135090196902885,-1.0642677126582178e-05
paired_cis_count,ZDHHC18,0.9106550812009779,-0.0028645811664371745
paired_cis_count,ZDHHC20,0.9135006348032686,-1.9027564146512077e-05
paired_cis_count,ZDHHC21,0.913630971597956,0.00011130923054092356
paired_cis_count,ZDHHC24,0.9134742023968179,-4.545997059723916e-05
paired_cis_count,ZDHHC3,0.9092708082257898,-0.004248854141625347
paired_cis_count,ZDHHC4,0.9134738176219144,-4.584474550073381e-05
paired_cis_count,ZDHHC5,0.9134680042173501,-5.165815006502594e-05
paired_cis_count,ZDHHC6,0.9133997982045953,-0.00011986416281983825
paired_cis_count,ZDHHC8,0.913119660793341,-0.00040000157407416026
paired_cis_count,ZDHHC9,0.913549621342384,2.9958974968935514e-05
paired_cis_count,ZEB1,0.9133896417724093,-0.00013002059500577534
paired_cis_count,ZER1,0.9134793014557964,-4.0360911618742e-05
paired_cis_count,ZFAND1,0.9135545810096154,3.491864220028784e-05
paired_cis_count,ZFAND2A,0.9136591809250088,0.00013951855759364307
paired_cis_count,ZFAND4,0.9134619159112398,-5.7746456175289396e-05
paired_cis_count,ZFAND5,0.9129595484284955,-0.0005601139389196375
paired_cis_count,ZFAT,0.9128875103557466,-0.000632152011668552
paired_cis_count,ZFP1,0.913455750438569,-6.391192884613872e-05
paired_cis_count,ZFP14,0.9137265363267381,0.00020687395932295072
paired_cis_count,ZFP3,0.9135164678329291,-3.194534486050671e-06
paired_cis_count,ZFP30,0.9134812216365655,-3.8440730849576e-05
paired_cis_count,ZFP36,0.9135488573586771,2.919499126197156e-05
paired_cis_count,ZFP41,0.9135456590267232,2.5996659308136216e-05
paired_cis_count,ZFP62,0.9134535054369805,-6.615693043465765e-05
paired_cis_count,ZFP64,0.9135538995801393,3.4237212724219646e-05
paired_cis_count,ZFP69B,0.9147928765694522,0.0012732142020370762
paired_cis_count,ZFP82,0.9142047592002445,0.0006850968328293572
paired_cis_count,ZFP90,0.9135274869425775,7.824575162351799e-06
paired_cis_count,ZFY,0.913554188931761,3.452656434588253e-05
paired_cis_count,ZFYVE1,0.9151085204793367,0.001588858111921554
paired_cis_count,ZFYVE16,0.9135036208593027,-1.6041508112407676e-05
paired_cis_count,ZFYVE26,0.9143505790651798,0.0008309166977646942
paired_cis_count,ZFYVE27,0.9135956288742448,7.596650682972772e-05
paired_cis_count,ZFYVE28,0.913703140058388,0.00018347769097293298
paired_cis_count,ZGRF1,0.9135435224949595,2.386012754440614e-05
paired_cis_count,ZHX1,0.9137852834813315,0.00026562111391637
paired_cis_count,ZHX2,0.9116415975780079,-0.0018780647894072189
paired_cis_count,ZHX3,0.9137221900094572,0.00020252764204209406
paired_cis_count,ZIK1,0.9139039174925201,0.00038425512510498194
paired_cis_count,ZIM3,0.9137062094477014,0.0001865470802863145
paired_cis_count,ZKSCAN4,0.9135202171962775,5.548288624090958e-07
paired_cis_count,ZKSCAN5,0.9125389810732405,-0.0009806812941746124
paired_cis_count,ZKSCAN8,0.9151791280428547,0.0016594656754396198
paired_cis_count,ZMAT3,0.9134446595792659,-7.500278814920325e-05
paired_cis_count,ZMIZ1,0.9137309096899227,0.0002112473225075462
paired_cis_count,ZMIZ2,0.9135228787193188,3.2163519037009536e-06
paired_cis_count,ZMPSTE24,0.9135217768718198,2.1145044046821937e-06
paired_cis_count,ZMYM1,0.9136196405917713,9.997822435614534e-05
paired_cis_count,ZMYM3,0.9137006352813486,0.0001809729139334859
paired_cis_count,ZMYM5,0.9136344071127335,0.00011474474531836254
paired_cis_count,ZMYM6,0.9134512866343681,-6.837573304696587e-05
paired_cis_count,ZMYND19,0.9212678572520439,0.007748194884628745
paired_cis_count,ZMYND8,0.9135318048412545,1.2142473839404921e-05
paired_cis_count,ZNF100,0.9134730474134791,-4.6614953935986136e-05
paired_cis_count,ZNF106,0.9149222460506119,0.0014025836831967897
paired_cis_count,ZNF107,0.9137433413575478,0.00022367899013264747
paired_cis_count,ZNF121,0.9134311167721824,-8.854559523274741e-05
paired_cis_count,ZNF133,0.9133341917696383,-0.00018547059777684893
paired_cis_count,ZNF134,0.9135508520855453,3.118971813020899e-05
paired_cis_count,ZNF136,0.9137591650452344,0.00023950267781924772
paired_cis_count,ZNF138,0.9135253535511365,5.691183721401316e-06
paired_cis_count,ZNF14,0.9148224049664746,0.001302742599059492
paired_cis_count,ZNF141,0.9134732674038141,-4.639496360103745e-05
paired_cis_count,ZNF142,0.9135158821415337,-3.780225881433452e-06
paired_cis_count,ZNF146,0.9140399035365365,0.0005202411691214159
paired_cis_count,ZNF148,0.9152710465268933,0.0017513841594781754
paired_cis_count,ZNF155,0.9136712846224905,0.00015162225507536764
paired_cis_count,ZNF16,0.9144897306761788,0.0009700683087636719
paired_cis_count,ZNF160,0.9138062408391011,0.00028657847168600536
paired_cis_count,ZNF169,0.9134586581831949,-6.100418422017029e-05
paired_cis_count,ZNF17,0.9130497618053335,-0.00046990056208162656
paired_cis_count,ZNF174,0.9134111372306573,-0.00010852513675785325
paired_cis_count,ZNF18,0.9135542967996038,3.463443218865159e-05
paired_cis_count,ZNF180,0.9134442622979755,-7.540006943962396e-05
paired_cis_count,ZNF182,0.9135420670795517,2.2404712136547822e-05
paired_cis_count,ZNF184,0.9134781016092904,-4.1560758124670194e-05
paired_cis_count,ZNF189,0.9135183710729445,-1.291294470573412e-06
paired_cis_count,ZNF195,0.9146989388264786,0.0011792764590634608
paired_cis_count,ZNF200,0.913507327546652,-1.2334820763126864e-05
paired_cis_count,ZNF202,0.913369704632932,-0.00014995773448311933
paired_cis_count,ZNF211,0.9134169430189818,-0.0001027193484333111
paired_cis_count,ZNF212,0.9134231920401592,-9.647032725590421e-05
paired_cis_count,ZNF213,0.913522322148787,2.659781371927572e-06
paired_cis_count,ZNF215,0.9135236533164574,3.990949042242953e-06
paired_cis_count,ZNF22,0.9135172899270835,-2.3724403316327525e-06
paired_cis_count,ZNF224,0.9137183961856329,0.0001987338182177778
paired_cis_count,ZNF225,0.913706876916922,0.00018721454950687555
paired_cis_count,ZNF248,0.9136907685554776,0.00017110618806248645
paired_cis_count,ZNF253,0.9134954037799495,-2.425858746557541e-05
paired_cis_count,ZNF256,0.9135547596545848,3.5097287169660873e-05
paired_cis_count,ZNF26,0.9135388623211412,1.9199953726123375e-05
paired_cis_count,ZNF264,0.9135170931589291,-2.5692084859585407e-06
paired_cis_count,ZNF266,0.9136147161697327,9.505380231755733e-05
paired_cis_count,ZNF268,0.9136296871934707,0.00011002482605559916
paired_cis_count,ZNF273,0.9135140401266336,-5.622240781488763e-06
paired_cis_count,ZNF274,0.9134868684419182,-3.2793925496932275e-05
paired_cis_count,ZNF275,0.9137084011926837,0.0001887388252685973
paired_cis_count,ZNF276,0.9129068092365564,-0.0006128531308586815
paired_cis_count,ZNF277,0.9135189904007519,-6.719666632015731e-07
paired_cis_count,ZNF280C,0.9135059470053857,-1.3715362029431688e-05
paired_cis_count,ZNF280D,0.913542956002586,2.3293635170840155e-05
paired_cis_count,ZNF282,0.9126964206382335,-0.0008232417291815786
paired_cis_count,ZNF283,0.9135933903157026,7.372794828752749e-05
paired_cis_count,ZNF286A,0.9136578147557665,0.00013815238835135357
paired_cis_count,ZNF292,0.913784352396477,0.0002646900290619314
paired_cis_count,ZNF3,0.9135411681640979,2.1505796682808054e-05
paired_cis_count,ZNF304,0.9133439221035581,-0.00017574026385702712
paired_cis_count,ZNF316,0.9135352778089091,1.5615441493976867e-05
paired_cis_count,ZNF317,0.9096647315197159,-0.0038549308476991673
paired_cis_count,ZNF318,0.9134783844994387,-4.127786797636368e-05
paired_cis_count,ZNF322,0.9135797605305341,6.0098163119026715e-05
paired_cis_count,ZNF326,0.9133796809627559,-0.00013998140465920628
paired_cis_count,ZNF330,0.9134523417558664,-6.732061154868241e-05
paired_cis_count,ZNF331,0.913091816604253,-0.00042784576316212686
paired_cis_count,ZNF333,0.9135153490739177,-4.313293497371085e-06
paired_cis_count,ZNF337,0.9135222355597596,2.5731923445349025e-06
paired_cis_count,ZNF33A,0.9120614510778874,-0.0014582112895277222
paired_cis_count,ZNF343,0.9134988793635652,-2.078300384988907e-05
paired_cis_count,ZNF345,0.9135542532348315,3.459086741641748e-05
paired_cis_count,ZNF346,0.9132894051888685,-0.0002302571785466334
paired_cis_count,ZNF350,0.9135688919796615,4.922961224640421e-05
paired_cis_count,ZNF354A,0.913526211840289,6.549472873929041e-06
paired_cis_count,ZNF354C,0.9132625923410348,-0.00025707002638031273
paired_cis_count,ZNF382,0.9135360573137317,1.6394946316555803e-05
paired_cis_count,ZNF383,0.9134942732720928,-2.53890953223479e-05
paired_cis_count,ZNF384,0.913525368296995,5.7059295799355425e-06
paired_cis_count,ZNF394,0.9135278356559884,8.173288573276594e-06
paired_cis_count,ZNF397,0.9135534952038126,3.383283639746271e-05
paired_cis_count,ZNF398,0.9134516982093754,-6.796415803966838e-05
paired_cis_count,ZNF407,0.9136944830321083,0.00017482066469320934
paired_cis_count,ZNF408,0.9130141817234291,-0.0005054806439860338
paired_cis_count,ZNF410,0.9140090536622497,0.0004893912948346069
paired_cis_count,ZNF416,0.9134884724175905,-3.11899498246504e-05
paired_cis_count,ZNF420,0.9136325298776239,0.00011286751020878061
paired_cis_count,ZNF426,0.9134784152807075,-4.124708670760757e-05
paired_cis_count,ZNF428,0.9135841979329984,6.453556558327911e-05
paired_cis_count,ZNF43,0.9136622326223952,0.00014257025498010112
paired_cis_count,ZNF430,0.9135316154632199,1.1953095804817515e-05
paired_cis_count,ZNF432,0.9135221802349615,2.5178675463477518e-06
paired_cis_count,ZNF436,0.9135087569590852,-1.0905408329930921e-05
paired_cis_count,ZNF438,0.9136911463134516,0.0001714839460364992
paired_cis_count,ZNF44,0.9136555491372953,0.0001358867698801891
paired_cis_count,ZNF444,0.9146753477433034,0.0011556853758882824
paired_cis_count,ZNF445,0.9134064665540756,-0.00011319581333946171
paired_cis_count,ZNF45,0.9149994756645745,0.0014798132971594047
paired_cis_count,ZNF451,0.9135612298474627,4.1567480047577376e-05
paired_cis_count,ZNF470,0.9135528457350159,3.318336760083085e-05
paired_cis_count,ZNF473,0.913417108957619,-0.00010255340979614669
paired_cis_count,ZNF483,0.9136043214458748,8.465907845967013e-05
paired_cis_count,ZNF484,0.9135313998566307,1.1737489215568608e-05
paired_cis_count,ZNF486,0.9135512187577768,3.155639036167557e-05
paired_cis_count,ZNF490,0.9134459521033882,-7.371026402691605e-05
paired_cis_count,ZNF493,0.9135101568160107,-9.505551404442869e-06
paired_cis_count,ZNF496,0.9136111944340531,9.15320666380337e-05
paired_cis_count,ZNF507,0.9118960236903225,-0.001623638677092587
paired_cis_count,ZNF510,0.9135890632635593,6.940089614415612e-05
paired_cis_count,ZNF512,0.9135057357080113,-1.3926659403806774e-05
paired_cis_count,ZNF512B,0.9142105221364338,0.0006908597690187257
paired_cis_count,ZNF513,0.9136923746437983,0.0001727122763831579
paired_cis_count,ZNF514,0.9134825279309654,-3.7134436449703934e-05
paired_cis_count,ZNF518A,0.9139307517973485,0.0004110894299333978
paired_cis_count,ZNF519,0.9135836162447588,6.395387734370317e-05
paired_cis_count,ZNF526,0.9129744688012253,-0.0005451935661897611
paired_cis_count,ZNF527,0.9135239824276024,4.3200601872461775e-06
paired_cis_count,ZNF529,0.9134192733031584,-0.00010038906425668959
paired_cis_count,ZNF530,0.913540248601484,2.0586234068864506e-05
paired_cis_count,ZNF543,0.9134431897586609,-7.64726087542078e-05
paired_cis_count,ZNF544,0.9135124680932876,-7.194274127542144e-06
paired_cis_count,ZNF546,0.9132407047361255,-0.00027895763128960027
paired_cis_count,ZNF549,0.9132158147611905,-0.0003038476062245943
paired_cis_count,ZNF550,0.9137363104700044,0.00021664810258925637
paired_cis_count,ZNF552,0.9135822834019006,6.262103448551049e-05
paired_cis_count,ZNF558,0.9136484719557683,0.00012880958835315148
paired_cis_count,ZNF561,0.9129179054013354,-0.0006017569660796696
paired_cis_count,ZNF562,0.9133555221874771,-0.00016414017993804375
paired_cis_count,ZNF566,0.9138537990474973,0.00033413668008219766
paired_cis_count,ZNF567,0.9135067167413926,-1.2945626022498047e-05
paired_cis_count,ZNF568,0.9136792973494029,0.00015963498198778847
paired_cis_count,ZNF569,0.9136151195230591,9.545715564396318e-05
paired_cis_count,ZNF570,0.9135906041925488,7.094182513367464e-05
paired_cis_count,ZNF573,0.9135170169628553,-2.6454045598534037e-06
paired_cis_count,ZNF576,0.9134123282946329,-0.00010733407278218365
paired_cis_count,ZNF580,0.9131412994273864,-0.000378362940028687
paired_cis_count,ZNF583,0.9135647657020465,4.510333463136895e-05
paired_cis_count,ZNF584,0.9135319686616935,1.2306294278396912e-05
paired_cis_count,ZNF585A,0.9135209668080598,1.304440644722682e-06
paired_cis_count,ZNF586,0.913612161427077,9.249905966191019e-05
paired_cis_count,ZNF587B,0.914038154188317,0.0005184918209019118
paired_cis_count,ZNF589,0.9135002605827749,-1.9401784640216135e-05
paired_cis_count,ZNF593,0.913368236769212,-0.0001514255982031365
paired_cis_count,ZNF595,0.9137101279304933,0.0001904655630782237
paired_cis_count,ZNF600,0.9129870115163167,-0.0005326508510984374
paired_cis_count,ZNF605,0.9135025717033821,-1.7090664032992642e-05
paired_cis_count,ZNF606,0.9135360645202961,1.64021528810121e-05
paired_cis_count,ZNF613,0.9127647529701755,-0.0007549093972396559
paired_cis_count,ZNF614,0.9135740845594804,5.442219206530652e-05
paired_cis_count,ZNF619,0.9134149874274391,-0.00010467493997601274
paired_cis_count,ZNF620,0.9134605739235925,-5.908844382263023e-05
paired_cis_count,ZNF621,0.9137683892051284,0.00024872683771326454
paired_cis_count,ZNF623,0.913715764667586,0.00019610230017086394
paired_cis_count,ZNF626,0.9127460017286602,-0.0007736606387549472
paired_cis_count,ZNF627,0.9135222537072911,2.591339876012455e-06
paired_cis_count,ZNF644,0.9134476651390212,-7.199722839390521e-05
paired_cis_count,ZNF646,0.9133574132350969,-0.00016224913231821514
paired_cis_count,ZNF652,0.9135056993009782,-1.3963066436861737e-05
paired_cis_count,ZNF653,0.9128409549837753,-0.0006787073836398427
paired_cis_count,ZNF655,0.9133907708953974,-0.00012889147201766704
paired_cis_count,ZNF669,0.9137012819547521,0.00018161958733697858
paired_cis_count,ZNF672,0.91300974227612,-0.0005099200912951352
paired_cis_count,ZNF675,0.9135607756131139,4.111324569877617e-05
paired_cis_count,ZNF678,0.9135037558638893,-1.5906503525786597e-05
paired_cis_count,ZNF680,0.9139493373254909,0.0004296749580757764
paired_cis_count,ZNF681,0.9135338745155265,1.4212148111369949e-05
paired_cis_count,ZNF684,0.9136092052399977,8.954287258255977e-05
paired_cis_count,ZNF687,0.9136094039731667,8.974160575159207e-05
paired_cis_count,ZNF689,0.9141831754649181,0.0006635130975030101
paired_cis_count,ZNF691,0.9136526558223754,0.00013299345496031734
paired_cis_count,ZNF692,0.9133191521291425,-0.00020051023827261094
paired_cis_count,ZNF696,0.9132801583425344,-0.0002395040248807101
paired_cis_count,ZNF704,0.9135157660557378,-3.896311677298314e-06
paired_cis_count,ZNF706,0.912417388246143,-0.0011022741212720621
paired_cis_count,ZNF707,0.9133907267588748,-0.00012893560854032593
paired_cis_count,ZNF708,0.9136340718203336,0.000114409452918518
paired_cis_count,ZNF714,0.91390687686919,0.000387214501774924
paired_cis_count,ZNF736,0.9134234723725412,-9.618999487392976e-05
paired_cis_count,ZNF74,0.9135869830756863,6.732070827120129e-05
paired_cis_count,ZNF75A,0.9134555070968029,-6.415527061220949e-05
paired_cis_count,ZNF76,0.9135032317034966,-1.6430663918542976e-05
paired_cis_count,ZNF770,0.9136569802046557,0.00013731783724058033
paired_cis_count,ZNF771,0.9135222607913515,2.598423936350791e-06
paired_cis_count,ZNF777,0.9132865181065579,-0.00023314426085718765
paired_cis_count,ZNF778,0.9135100998956889,-9.562471726232147e-06
paired_cis_count,ZNF780A,0.9126589378595048,-0.0008607245079103043
paired_cis_count,ZNF784,0.9135944270564216,7.476468900646793e-05
paired_cis_count,ZNF785,0.9136905768338323,0.00017091446641714914
paired_cis_count,ZNF786,0.9131194342706509,-0.00040022809676421023
paired_cis_count,ZNF789,0.9135125063986723,-7.1559687427891205e-06
paired_cis_count,ZNF79,0.9135115531132882,-8.109254126864585e-06
paired_cis_count,ZNF790,0.9141902098714662,0.0006705475040510445
paired_cis_count,ZNF791,0.9135208108205398,1.148453124710791e-06
paired_cis_count,ZNF792,0.9136603770115982,0.000140714644183082
paired_cis_count,ZNF8,0.9131221409016975,-0.0003975214657175874
paired_cis_count,ZNF800,0.9134796794553206,-3.9982912094504997e-05
paired_cis_count,ZNF805,0.9137441453465193,0.00022448297910415693
paired_cis_count,ZNF821,0.913016442193023,-0.0005032201743920828
paired_cis_count,ZNF836,0.9134799158897747,-3.974647764037886e-05
paired_cis_count,ZNF839,0.9137455933034002,0.00022593093598510805
paired_cis_count,ZNF841,0.9135637893868146,4.412701939948693e-05
paired_cis_count,ZNF85,0.9137138561743591,0.00019419380694396526
paired_cis_count,ZNF850,0.9134923010855605,-2.736128185465425e-05
paired_cis_count,ZNF862,0.9132856591609554,-0.00023400320645972084
paired_cis_count,ZNF880,0.9136227308905446,0.00010306852312946813
paired_cis_count,ZNF90,0.9135431438830814,2.348151566633483e-05
paired_cis_count,ZNF92,0.9134372577763316,-8.240459108355136e-05
paired_cis_count,ZNRF1,0.9134597526121517,-5.9909755263376496e-05
paired_cis_count,ZRANB1,0.9140397937968732,0.0005201314294580595
paired_cis_count,ZRSR2,0.9135009571592501,-1.8705208165048504e-05
paired_cis_count,ZSCAN12,0.9133617044831541,-0.00015795788426098412
paired_cis_count,ZSCAN16,0.9135196082786797,-5.408873537948722e-08
paired_cis_count,ZSCAN21,0.9133231317431743,-0.00019653062424085377
paired_cis_count,ZSCAN25,0.9135927317073377,7.306933992257125e-05
paired_cis_count,ZSCAN26,0.9134808495422626,-3.881282515250106e-05
paired_cis_count,ZSCAN29,0.9129479748142816,-0.0005716875531335264
paired_cis_count,ZSCAN32,0.9137447916995073,0.00022512933209217767
paired_cis_count,ZSWIM1,0.9146943866315707,0.0011747242641555466
paired_cis_count,ZSWIM3,0.9135913185157131,7.165614829796052e-05
paired_cis_count,ZSWIM6,0.913413693910302,-0.00010596845711308145
paired_cis_count,ZSWIM7,0.9135651688165075,4.550644909240287e-05
paired_cis_count,ZSWIM8,0.9133929001592961,-0.0001267622081190245
paired_cis_count,ZSWIM9,0.913535288310039,1.5625942623942457e-05
paired_cis_count,ZUP1,0.913632033423687,0.00011237105627193156
paired_cis_count,ZXDC,0.9135218044111019,2.1420436867591874e-06
paired_cis_count,ZYG11B,0.9134719277938721,-4.773457354301236e-05
paired_cis_count,ZYX,0.9135369344701605,1.727210274538038e-05
paired_cis_count,ZZEF1,0.9117819638764607,-0.001737698490954398
