specification_id,minimum_cells,minimum_guides,on_target_rule,transfer_definition,model_family,covariate_set,cross_validation_seed,module_resolution,reason
961,100,3,significant,distal_gene_count_residual,ridge,minimal,20260912,,insufficient_rows_or_targets
965,100,3,significant,distal_gene_count_residual,ridge,minimal,20261119,,insufficient_rows_or_targets
969,100,3,significant,distal_gene_count_residual,ridge,observability,20261031,,insufficient_rows_or_targets
973,100,3,significant,distal_gene_count_residual,ridge,reproducibility,20261013,,insufficient_rows_or_targets
977,100,3,significant,distal_gene_count_residual,ridge,no_state,20260929,,insufficient_rows_or_targets
981,100,3,significant,distal_gene_count_residual,huber_regression,minimal,20260912,,insufficient_rows_or_targets
985,100,3,significant,distal_gene_count_residual,huber_regression,minimal,20261119,,insufficient_rows_or_targets
989,100,3,significant,distal_gene_count_residual,huber_regression,observability,20261031,,insufficient_rows_or_targets
993,100,3,significant,distal_gene_count_residual,huber_regression,reproducibility,20261013,,insufficient_rows_or_targets
997,100,3,significant,distal_gene_count_residual,huber_regression,no_state,20260929,,insufficient_rows_or_targets
1001,100,3,significant,distal_gene_count_residual,sparse_nonlinear,minimal,20260912,,insufficient_rows_or_targets
1005,100,3,significant,distal_gene_count_residual,sparse_nonlinear,minimal,20261119,,insufficient_rows_or_targets
1009,100,3,significant,distal_gene_count_residual,sparse_nonlinear,observability,20261031,,insufficient_rows_or_targets
1013,100,3,significant,distal_gene_count_residual,sparse_nonlinear,reproducibility,20261013,,insufficient_rows_or_targets
1017,100,3,significant,distal_gene_count_residual,sparse_nonlinear,no_state,20260929,,insufficient_rows_or_targets
1021,100,3,significant,distal_gene_count_residual,graph_readout,minimal,20260912,,insufficient_rows_or_targets
1025,100,3,significant,distal_gene_count_residual,graph_readout,minimal,20261119,,insufficient_rows_or_targets
1029,100,3,significant,distal_gene_count_residual,graph_readout,observability,20261031,,insufficient_rows_or_targets
1033,100,3,significant,distal_gene_count_residual,graph_readout,reproducibility,20261013,,insufficient_rows_or_targets
1037,100,3,significant,distal_gene_count_residual,graph_readout,no_state,20260929,,insufficient_rows_or_targets
1041,100,3,significant,debiased_response_l2_gain,ridge,minimal,20260912,,insufficient_rows_or_targets
1045,100,3,significant,debiased_response_l2_gain,ridge,minimal,20261119,,insufficient_rows_or_targets
1049,100,3,significant,debiased_response_l2_gain,ridge,observability,20261031,,insufficient_rows_or_targets
1053,100,3,significant,debiased_response_l2_gain,ridge,reproducibility,20261013,,insufficient_rows_or_targets
1057,100,3,significant,debiased_response_l2_gain,ridge,no_state,20260929,,insufficient_rows_or_targets
1061,100,3,significant,debiased_response_l2_gain,huber_regression,minimal,20260912,,insufficient_rows_or_targets
1065,100,3,significant,debiased_response_l2_gain,huber_regression,minimal,20261119,,insufficient_rows_or_targets
1069,100,3,significant,debiased_response_l2_gain,huber_regression,observability,20261031,,insufficient_rows_or_targets
1073,100,3,significant,debiased_response_l2_gain,huber_regression,reproducibility,20261013,,insufficient_rows_or_targets
1077,100,3,significant,debiased_response_l2_gain,huber_regression,no_state,20260929,,insufficient_rows_or_targets
1081,100,3,significant,debiased_response_l2_gain,sparse_nonlinear,minimal,20260912,,insufficient_rows_or_targets
1085,100,3,significant,debiased_response_l2_gain,sparse_nonlinear,minimal,20261119,,insufficient_rows_or_targets
1089,100,3,significant,debiased_response_l2_gain,sparse_nonlinear,observability,20261031,,insufficient_rows_or_targets
1093,100,3,significant,debiased_response_l2_gain,sparse_nonlinear,reproducibility,20261013,,insufficient_rows_or_targets
1097,100,3,significant,debiased_response_l2_gain,sparse_nonlinear,no_state,20260929,,insufficient_rows_or_targets
1101,100,3,significant,debiased_response_l2_gain,graph_readout,minimal,20260912,,insufficient_rows_or_targets
1105,100,3,significant,debiased_response_l2_gain,graph_readout,minimal,20261119,,insufficient_rows_or_targets
1109,100,3,significant,debiased_response_l2_gain,graph_readout,observability,20261031,,insufficient_rows_or_targets
1113,100,3,significant,debiased_response_l2_gain,graph_readout,reproducibility,20261013,,insufficient_rows_or_targets
1117,100,3,significant,debiased_response_l2_gain,graph_readout,no_state,20260929,,insufficient_rows_or_targets
1121,100,3,significant,significant_response_l1_gain,ridge,minimal,20260912,,insufficient_rows_or_targets
1125,100,3,significant,significant_response_l1_gain,ridge,minimal,20261119,,insufficient_rows_or_targets
1129,100,3,significant,significant_response_l1_gain,ridge,observability,20261031,,insufficient_rows_or_targets
1133,100,3,significant,significant_response_l1_gain,ridge,reproducibility,20261013,,insufficient_rows_or_targets
1137,100,3,significant,significant_response_l1_gain,ridge,no_state,20260929,,insufficient_rows_or_targets
1141,100,3,significant,significant_response_l1_gain,huber_regression,minimal,20260912,,insufficient_rows_or_targets
1145,100,3,significant,significant_response_l1_gain,huber_regression,minimal,20261119,,insufficient_rows_or_targets
1149,100,3,significant,significant_response_l1_gain,huber_regression,observability,20261031,,insufficient_rows_or_targets
1153,100,3,significant,significant_response_l1_gain,huber_regression,reproducibility,20261013,,insufficient_rows_or_targets
1157,100,3,significant,significant_response_l1_gain,huber_regression,no_state,20260929,,insufficient_rows_or_targets
1161,100,3,significant,significant_response_l1_gain,sparse_nonlinear,minimal,20260912,,insufficient_rows_or_targets
1165,100,3,significant,significant_response_l1_gain,sparse_nonlinear,minimal,20261119,,insufficient_rows_or_targets
1169,100,3,significant,significant_response_l1_gain,sparse_nonlinear,observability,20261031,,insufficient_rows_or_targets
1173,100,3,significant,significant_response_l1_gain,sparse_nonlinear,reproducibility,20261013,,insufficient_rows_or_targets
1177,100,3,significant,significant_response_l1_gain,sparse_nonlinear,no_state,20260929,,insufficient_rows_or_targets
1181,100,3,significant,significant_response_l1_gain,graph_readout,minimal,20260912,,insufficient_rows_or_targets
1185,100,3,significant,significant_response_l1_gain,graph_readout,minimal,20261119,,insufficient_rows_or_targets
1189,100,3,significant,significant_response_l1_gain,graph_readout,observability,20261031,,insufficient_rows_or_targets
1193,100,3,significant,significant_response_l1_gain,graph_readout,reproducibility,20261013,,insufficient_rows_or_targets
1197,100,3,significant,significant_response_l1_gain,graph_readout,no_state,20260929,,insufficient_rows_or_targets
1201,100,3,significant_and_absolute_z_at_least_2,distal_gene_count_residual,ridge,minimal,20260912,,insufficient_rows_or_targets
1205,100,3,significant_and_absolute_z_at_least_2,distal_gene_count_residual,ridge,minimal,20261119,,insufficient_rows_or_targets
1209,100,3,significant_and_absolute_z_at_least_2,distal_gene_count_residual,ridge,observability,20261031,,insufficient_rows_or_targets
1213,100,3,significant_and_absolute_z_at_least_2,distal_gene_count_residual,ridge,reproducibility,20261013,,insufficient_rows_or_targets
1217,100,3,significant_and_absolute_z_at_least_2,distal_gene_count_residual,ridge,no_state,20260929,,insufficient_rows_or_targets
1221,100,3,significant_and_absolute_z_at_least_2,distal_gene_count_residual,huber_regression,minimal,20260912,,insufficient_rows_or_targets
1225,100,3,significant_and_absolute_z_at_least_2,distal_gene_count_residual,huber_regression,minimal,20261119,,insufficient_rows_or_targets
1229,100,3,significant_and_absolute_z_at_least_2,distal_gene_count_residual,huber_regression,observability,20261031,,insufficient_rows_or_targets
1233,100,3,significant_and_absolute_z_at_least_2,distal_gene_count_residual,huber_regression,reproducibility,20261013,,insufficient_rows_or_targets
1237,100,3,significant_and_absolute_z_at_least_2,distal_gene_count_residual,huber_regression,no_state,20260929,,insufficient_rows_or_targets
1241,100,3,significant_and_absolute_z_at_least_2,distal_gene_count_residual,sparse_nonlinear,minimal,20260912,,insufficient_rows_or_targets
1245,100,3,significant_and_absolute_z_at_least_2,distal_gene_count_residual,sparse_nonlinear,minimal,20261119,,insufficient_rows_or_targets
1249,100,3,significant_and_absolute_z_at_least_2,distal_gene_count_residual,sparse_nonlinear,observability,20261031,,insufficient_rows_or_targets
1253,100,3,significant_and_absolute_z_at_least_2,distal_gene_count_residual,sparse_nonlinear,reproducibility,20261013,,insufficient_rows_or_targets
1257,100,3,significant_and_absolute_z_at_least_2,distal_gene_count_residual,sparse_nonlinear,no_state,20260929,,insufficient_rows_or_targets
1261,100,3,significant_and_absolute_z_at_least_2,distal_gene_count_residual,graph_readout,minimal,20260912,,insufficient_rows_or_targets
1265,100,3,significant_and_absolute_z_at_least_2,distal_gene_count_residual,graph_readout,minimal,20261119,,insufficient_rows_or_targets
1269,100,3,significant_and_absolute_z_at_least_2,distal_gene_count_residual,graph_readout,observability,20261031,,insufficient_rows_or_targets
1273,100,3,significant_and_absolute_z_at_least_2,distal_gene_count_residual,graph_readout,reproducibility,20261013,,insufficient_rows_or_targets
1277,100,3,significant_and_absolute_z_at_least_2,distal_gene_count_residual,graph_readout,no_state,20260929,,insufficient_rows_or_targets
1281,100,3,significant_and_absolute_z_at_least_2,debiased_response_l2_gain,ridge,minimal,20260912,,insufficient_rows_or_targets
1285,100,3,significant_and_absolute_z_at_least_2,debiased_response_l2_gain,ridge,minimal,20261119,,insufficient_rows_or_targets
1289,100,3,significant_and_absolute_z_at_least_2,debiased_response_l2_gain,ridge,observability,20261031,,insufficient_rows_or_targets
1293,100,3,significant_and_absolute_z_at_least_2,debiased_response_l2_gain,ridge,reproducibility,20261013,,insufficient_rows_or_targets
1297,100,3,significant_and_absolute_z_at_least_2,debiased_response_l2_gain,ridge,no_state,20260929,,insufficient_rows_or_targets
1301,100,3,significant_and_absolute_z_at_least_2,debiased_response_l2_gain,huber_regression,minimal,20260912,,insufficient_rows_or_targets
1305,100,3,significant_and_absolute_z_at_least_2,debiased_response_l2_gain,huber_regression,minimal,20261119,,insufficient_rows_or_targets
1309,100,3,significant_and_absolute_z_at_least_2,debiased_response_l2_gain,huber_regression,observability,20261031,,insufficient_rows_or_targets
1313,100,3,significant_and_absolute_z_at_least_2,debiased_response_l2_gain,huber_regression,reproducibility,20261013,,insufficient_rows_or_targets
1317,100,3,significant_and_absolute_z_at_least_2,debiased_response_l2_gain,huber_regression,no_state,20260929,,insufficient_rows_or_targets
1321,100,3,significant_and_absolute_z_at_least_2,debiased_response_l2_gain,sparse_nonlinear,minimal,20260912,,insufficient_rows_or_targets
1325,100,3,significant_and_absolute_z_at_least_2,debiased_response_l2_gain,sparse_nonlinear,minimal,20261119,,insufficient_rows_or_targets
1329,100,3,significant_and_absolute_z_at_least_2,debiased_response_l2_gain,sparse_nonlinear,observability,20261031,,insufficient_rows_or_targets
1333,100,3,significant_and_absolute_z_at_least_2,debiased_response_l2_gain,sparse_nonlinear,reproducibility,20261013,,insufficient_rows_or_targets
1337,100,3,significant_and_absolute_z_at_least_2,debiased_response_l2_gain,sparse_nonlinear,no_state,20260929,,insufficient_rows_or_targets
1341,100,3,significant_and_absolute_z_at_least_2,debiased_response_l2_gain,graph_readout,minimal,20260912,,insufficient_rows_or_targets
1345,100,3,significant_and_absolute_z_at_least_2,debiased_response_l2_gain,graph_readout,minimal,20261119,,insufficient_rows_or_targets
1349,100,3,significant_and_absolute_z_at_least_2,debiased_response_l2_gain,graph_readout,observability,20261031,,insufficient_rows_or_targets
1353,100,3,significant_and_absolute_z_at_least_2,debiased_response_l2_gain,graph_readout,reproducibility,20261013,,insufficient_rows_or_targets
1357,100,3,significant_and_absolute_z_at_least_2,debiased_response_l2_gain,graph_readout,no_state,20260929,,insufficient_rows_or_targets
1361,100,3,significant_and_absolute_z_at_least_2,significant_response_l1_gain,ridge,minimal,20260912,,insufficient_rows_or_targets
1365,100,3,significant_and_absolute_z_at_least_2,significant_response_l1_gain,ridge,minimal,20261119,,insufficient_rows_or_targets
1369,100,3,significant_and_absolute_z_at_least_2,significant_response_l1_gain,ridge,observability,20261031,,insufficient_rows_or_targets
1373,100,3,significant_and_absolute_z_at_least_2,significant_response_l1_gain,ridge,reproducibility,20261013,,insufficient_rows_or_targets
1377,100,3,significant_and_absolute_z_at_least_2,significant_response_l1_gain,ridge,no_state,20260929,,insufficient_rows_or_targets
1381,100,3,significant_and_absolute_z_at_least_2,significant_response_l1_gain,huber_regression,minimal,20260912,,insufficient_rows_or_targets
1385,100,3,significant_and_absolute_z_at_least_2,significant_response_l1_gain,huber_regression,minimal,20261119,,insufficient_rows_or_targets
1389,100,3,significant_and_absolute_z_at_least_2,significant_response_l1_gain,huber_regression,observability,20261031,,insufficient_rows_or_targets
1393,100,3,significant_and_absolute_z_at_least_2,significant_response_l1_gain,huber_regression,reproducibility,20261013,,insufficient_rows_or_targets
1397,100,3,significant_and_absolute_z_at_least_2,significant_response_l1_gain,huber_regression,no_state,20260929,,insufficient_rows_or_targets
1401,100,3,significant_and_absolute_z_at_least_2,significant_response_l1_gain,sparse_nonlinear,minimal,20260912,,insufficient_rows_or_targets
1405,100,3,significant_and_absolute_z_at_least_2,significant_response_l1_gain,sparse_nonlinear,minimal,20261119,,insufficient_rows_or_targets
1409,100,3,significant_and_absolute_z_at_least_2,significant_response_l1_gain,sparse_nonlinear,observability,20261031,,insufficient_rows_or_targets
1413,100,3,significant_and_absolute_z_at_least_2,significant_response_l1_gain,sparse_nonlinear,reproducibility,20261013,,insufficient_rows_or_targets
1417,100,3,significant_and_absolute_z_at_least_2,significant_response_l1_gain,sparse_nonlinear,no_state,20260929,,insufficient_rows_or_targets
1421,100,3,significant_and_absolute_z_at_least_2,significant_response_l1_gain,graph_readout,minimal,20260912,,insufficient_rows_or_targets
1425,100,3,significant_and_absolute_z_at_least_2,significant_response_l1_gain,graph_readout,minimal,20261119,,insufficient_rows_or_targets
1429,100,3,significant_and_absolute_z_at_least_2,significant_response_l1_gain,graph_readout,observability,20261031,,insufficient_rows_or_targets
1433,100,3,significant_and_absolute_z_at_least_2,significant_response_l1_gain,graph_readout,reproducibility,20261013,,insufficient_rows_or_targets
1437,100,3,significant_and_absolute_z_at_least_2,significant_response_l1_gain,graph_readout,no_state,20260929,,insufficient_rows_or_targets
2401,200,3,significant,distal_gene_count_residual,ridge,minimal,20260912,,insufficient_rows_or_targets
2405,200,3,significant,distal_gene_count_residual,ridge,minimal,20261119,,insufficient_rows_or_targets
2409,200,3,significant,distal_gene_count_residual,ridge,observability,20261031,,insufficient_rows_or_targets
2413,200,3,significant,distal_gene_count_residual,ridge,reproducibility,20261013,,insufficient_rows_or_targets
2417,200,3,significant,distal_gene_count_residual,ridge,no_state,20260929,,insufficient_rows_or_targets
2421,200,3,significant,distal_gene_count_residual,huber_regression,minimal,20260912,,insufficient_rows_or_targets
2425,200,3,significant,distal_gene_count_residual,huber_regression,minimal,20261119,,insufficient_rows_or_targets
2429,200,3,significant,distal_gene_count_residual,huber_regression,observability,20261031,,insufficient_rows_or_targets
2433,200,3,significant,distal_gene_count_residual,huber_regression,reproducibility,20261013,,insufficient_rows_or_targets
2437,200,3,significant,distal_gene_count_residual,huber_regression,no_state,20260929,,insufficient_rows_or_targets
2441,200,3,significant,distal_gene_count_residual,sparse_nonlinear,minimal,20260912,,insufficient_rows_or_targets
2445,200,3,significant,distal_gene_count_residual,sparse_nonlinear,minimal,20261119,,insufficient_rows_or_targets
2449,200,3,significant,distal_gene_count_residual,sparse_nonlinear,observability,20261031,,insufficient_rows_or_targets
2453,200,3,significant,distal_gene_count_residual,sparse_nonlinear,reproducibility,20261013,,insufficient_rows_or_targets
2457,200,3,significant,distal_gene_count_residual,sparse_nonlinear,no_state,20260929,,insufficient_rows_or_targets
2461,200,3,significant,distal_gene_count_residual,graph_readout,minimal,20260912,,insufficient_rows_or_targets
2465,200,3,significant,distal_gene_count_residual,graph_readout,minimal,20261119,,insufficient_rows_or_targets
2469,200,3,significant,distal_gene_count_residual,graph_readout,observability,20261031,,insufficient_rows_or_targets
2473,200,3,significant,distal_gene_count_residual,graph_readout,reproducibility,20261013,,insufficient_rows_or_targets
2477,200,3,significant,distal_gene_count_residual,graph_readout,no_state,20260929,,insufficient_rows_or_targets
2481,200,3,significant,debiased_response_l2_gain,ridge,minimal,20260912,,insufficient_rows_or_targets
2485,200,3,significant,debiased_response_l2_gain,ridge,minimal,20261119,,insufficient_rows_or_targets
2489,200,3,significant,debiased_response_l2_gain,ridge,observability,20261031,,insufficient_rows_or_targets
2493,200,3,significant,debiased_response_l2_gain,ridge,reproducibility,20261013,,insufficient_rows_or_targets
2497,200,3,significant,debiased_response_l2_gain,ridge,no_state,20260929,,insufficient_rows_or_targets
2501,200,3,significant,debiased_response_l2_gain,huber_regression,minimal,20260912,,insufficient_rows_or_targets
2505,200,3,significant,debiased_response_l2_gain,huber_regression,minimal,20261119,,insufficient_rows_or_targets
2509,200,3,significant,debiased_response_l2_gain,huber_regression,observability,20261031,,insufficient_rows_or_targets
2513,200,3,significant,debiased_response_l2_gain,huber_regression,reproducibility,20261013,,insufficient_rows_or_targets
2517,200,3,significant,debiased_response_l2_gain,huber_regression,no_state,20260929,,insufficient_rows_or_targets
2521,200,3,significant,debiased_response_l2_gain,sparse_nonlinear,minimal,20260912,,insufficient_rows_or_targets
2525,200,3,significant,debiased_response_l2_gain,sparse_nonlinear,minimal,20261119,,insufficient_rows_or_targets
2529,200,3,significant,debiased_response_l2_gain,sparse_nonlinear,observability,20261031,,insufficient_rows_or_targets
2533,200,3,significant,debiased_response_l2_gain,sparse_nonlinear,reproducibility,20261013,,insufficient_rows_or_targets
2537,200,3,significant,debiased_response_l2_gain,sparse_nonlinear,no_state,20260929,,insufficient_rows_or_targets
2541,200,3,significant,debiased_response_l2_gain,graph_readout,minimal,20260912,,insufficient_rows_or_targets
2545,200,3,significant,debiased_response_l2_gain,graph_readout,minimal,20261119,,insufficient_rows_or_targets
2549,200,3,significant,debiased_response_l2_gain,graph_readout,observability,20261031,,insufficient_rows_or_targets
2553,200,3,significant,debiased_response_l2_gain,graph_readout,reproducibility,20261013,,insufficient_rows_or_targets
2557,200,3,significant,debiased_response_l2_gain,graph_readout,no_state,20260929,,insufficient_rows_or_targets
2561,200,3,significant,significant_response_l1_gain,ridge,minimal,20260912,,insufficient_rows_or_targets
2565,200,3,significant,significant_response_l1_gain,ridge,minimal,20261119,,insufficient_rows_or_targets
2569,200,3,significant,significant_response_l1_gain,ridge,observability,20261031,,insufficient_rows_or_targets
2573,200,3,significant,significant_response_l1_gain,ridge,reproducibility,20261013,,insufficient_rows_or_targets
2577,200,3,significant,significant_response_l1_gain,ridge,no_state,20260929,,insufficient_rows_or_targets
2581,200,3,significant,significant_response_l1_gain,huber_regression,minimal,20260912,,insufficient_rows_or_targets
2585,200,3,significant,significant_response_l1_gain,huber_regression,minimal,20261119,,insufficient_rows_or_targets
2589,200,3,significant,significant_response_l1_gain,huber_regression,observability,20261031,,insufficient_rows_or_targets
2593,200,3,significant,significant_response_l1_gain,huber_regression,reproducibility,20261013,,insufficient_rows_or_targets
2597,200,3,significant,significant_response_l1_gain,huber_regression,no_state,20260929,,insufficient_rows_or_targets
2601,200,3,significant,significant_response_l1_gain,sparse_nonlinear,minimal,20260912,,insufficient_rows_or_targets
2605,200,3,significant,significant_response_l1_gain,sparse_nonlinear,minimal,20261119,,insufficient_rows_or_targets
2609,200,3,significant,significant_response_l1_gain,sparse_nonlinear,observability,20261031,,insufficient_rows_or_targets
2613,200,3,significant,significant_response_l1_gain,sparse_nonlinear,reproducibility,20261013,,insufficient_rows_or_targets
2617,200,3,significant,significant_response_l1_gain,sparse_nonlinear,no_state,20260929,,insufficient_rows_or_targets
2621,200,3,significant,significant_response_l1_gain,graph_readout,minimal,20260912,,insufficient_rows_or_targets
2625,200,3,significant,significant_response_l1_gain,graph_readout,minimal,20261119,,insufficient_rows_or_targets
2629,200,3,significant,significant_response_l1_gain,graph_readout,observability,20261031,,insufficient_rows_or_targets
2633,200,3,significant,significant_response_l1_gain,graph_readout,reproducibility,20261013,,insufficient_rows_or_targets
2637,200,3,significant,significant_response_l1_gain,graph_readout,no_state,20260929,,insufficient_rows_or_targets
2641,200,3,significant_and_absolute_z_at_least_2,distal_gene_count_residual,ridge,minimal,20260912,,insufficient_rows_or_targets
2645,200,3,significant_and_absolute_z_at_least_2,distal_gene_count_residual,ridge,minimal,20261119,,insufficient_rows_or_targets
2649,200,3,significant_and_absolute_z_at_least_2,distal_gene_count_residual,ridge,observability,20261031,,insufficient_rows_or_targets
2653,200,3,significant_and_absolute_z_at_least_2,distal_gene_count_residual,ridge,reproducibility,20261013,,insufficient_rows_or_targets
2657,200,3,significant_and_absolute_z_at_least_2,distal_gene_count_residual,ridge,no_state,20260929,,insufficient_rows_or_targets
2661,200,3,significant_and_absolute_z_at_least_2,distal_gene_count_residual,huber_regression,minimal,20260912,,insufficient_rows_or_targets
2665,200,3,significant_and_absolute_z_at_least_2,distal_gene_count_residual,huber_regression,minimal,20261119,,insufficient_rows_or_targets
2669,200,3,significant_and_absolute_z_at_least_2,distal_gene_count_residual,huber_regression,observability,20261031,,insufficient_rows_or_targets
2673,200,3,significant_and_absolute_z_at_least_2,distal_gene_count_residual,huber_regression,reproducibility,20261013,,insufficient_rows_or_targets
2677,200,3,significant_and_absolute_z_at_least_2,distal_gene_count_residual,huber_regression,no_state,20260929,,insufficient_rows_or_targets
2681,200,3,significant_and_absolute_z_at_least_2,distal_gene_count_residual,sparse_nonlinear,minimal,20260912,,insufficient_rows_or_targets
2685,200,3,significant_and_absolute_z_at_least_2,distal_gene_count_residual,sparse_nonlinear,minimal,20261119,,insufficient_rows_or_targets
2689,200,3,significant_and_absolute_z_at_least_2,distal_gene_count_residual,sparse_nonlinear,observability,20261031,,insufficient_rows_or_targets
2693,200,3,significant_and_absolute_z_at_least_2,distal_gene_count_residual,sparse_nonlinear,reproducibility,20261013,,insufficient_rows_or_targets
2697,200,3,significant_and_absolute_z_at_least_2,distal_gene_count_residual,sparse_nonlinear,no_state,20260929,,insufficient_rows_or_targets
2701,200,3,significant_and_absolute_z_at_least_2,distal_gene_count_residual,graph_readout,minimal,20260912,,insufficient_rows_or_targets
2705,200,3,significant_and_absolute_z_at_least_2,distal_gene_count_residual,graph_readout,minimal,20261119,,insufficient_rows_or_targets
2709,200,3,significant_and_absolute_z_at_least_2,distal_gene_count_residual,graph_readout,observability,20261031,,insufficient_rows_or_targets
2713,200,3,significant_and_absolute_z_at_least_2,distal_gene_count_residual,graph_readout,reproducibility,20261013,,insufficient_rows_or_targets
2717,200,3,significant_and_absolute_z_at_least_2,distal_gene_count_residual,graph_readout,no_state,20260929,,insufficient_rows_or_targets
2721,200,3,significant_and_absolute_z_at_least_2,debiased_response_l2_gain,ridge,minimal,20260912,,insufficient_rows_or_targets
2725,200,3,significant_and_absolute_z_at_least_2,debiased_response_l2_gain,ridge,minimal,20261119,,insufficient_rows_or_targets
2729,200,3,significant_and_absolute_z_at_least_2,debiased_response_l2_gain,ridge,observability,20261031,,insufficient_rows_or_targets
2733,200,3,significant_and_absolute_z_at_least_2,debiased_response_l2_gain,ridge,reproducibility,20261013,,insufficient_rows_or_targets
2737,200,3,significant_and_absolute_z_at_least_2,debiased_response_l2_gain,ridge,no_state,20260929,,insufficient_rows_or_targets
2741,200,3,significant_and_absolute_z_at_least_2,debiased_response_l2_gain,huber_regression,minimal,20260912,,insufficient_rows_or_targets
2745,200,3,significant_and_absolute_z_at_least_2,debiased_response_l2_gain,huber_regression,minimal,20261119,,insufficient_rows_or_targets
2749,200,3,significant_and_absolute_z_at_least_2,debiased_response_l2_gain,huber_regression,observability,20261031,,insufficient_rows_or_targets
2753,200,3,significant_and_absolute_z_at_least_2,debiased_response_l2_gain,huber_regression,reproducibility,20261013,,insufficient_rows_or_targets
2757,200,3,significant_and_absolute_z_at_least_2,debiased_response_l2_gain,huber_regression,no_state,20260929,,insufficient_rows_or_targets
2761,200,3,significant_and_absolute_z_at_least_2,debiased_response_l2_gain,sparse_nonlinear,minimal,20260912,,insufficient_rows_or_targets
2765,200,3,significant_and_absolute_z_at_least_2,debiased_response_l2_gain,sparse_nonlinear,minimal,20261119,,insufficient_rows_or_targets
2769,200,3,significant_and_absolute_z_at_least_2,debiased_response_l2_gain,sparse_nonlinear,observability,20261031,,insufficient_rows_or_targets
2773,200,3,significant_and_absolute_z_at_least_2,debiased_response_l2_gain,sparse_nonlinear,reproducibility,20261013,,insufficient_rows_or_targets
2777,200,3,significant_and_absolute_z_at_least_2,debiased_response_l2_gain,sparse_nonlinear,no_state,20260929,,insufficient_rows_or_targets
2781,200,3,significant_and_absolute_z_at_least_2,debiased_response_l2_gain,graph_readout,minimal,20260912,,insufficient_rows_or_targets
2785,200,3,significant_and_absolute_z_at_least_2,debiased_response_l2_gain,graph_readout,minimal,20261119,,insufficient_rows_or_targets
2789,200,3,significant_and_absolute_z_at_least_2,debiased_response_l2_gain,graph_readout,observability,20261031,,insufficient_rows_or_targets
2793,200,3,significant_and_absolute_z_at_least_2,debiased_response_l2_gain,graph_readout,reproducibility,20261013,,insufficient_rows_or_targets
2797,200,3,significant_and_absolute_z_at_least_2,debiased_response_l2_gain,graph_readout,no_state,20260929,,insufficient_rows_or_targets
2801,200,3,significant_and_absolute_z_at_least_2,significant_response_l1_gain,ridge,minimal,20260912,,insufficient_rows_or_targets
2805,200,3,significant_and_absolute_z_at_least_2,significant_response_l1_gain,ridge,minimal,20261119,,insufficient_rows_or_targets
2809,200,3,significant_and_absolute_z_at_least_2,significant_response_l1_gain,ridge,observability,20261031,,insufficient_rows_or_targets
2813,200,3,significant_and_absolute_z_at_least_2,significant_response_l1_gain,ridge,reproducibility,20261013,,insufficient_rows_or_targets
2817,200,3,significant_and_absolute_z_at_least_2,significant_response_l1_gain,ridge,no_state,20260929,,insufficient_rows_or_targets
2821,200,3,significant_and_absolute_z_at_least_2,significant_response_l1_gain,huber_regression,minimal,20260912,,insufficient_rows_or_targets
2825,200,3,significant_and_absolute_z_at_least_2,significant_response_l1_gain,huber_regression,minimal,20261119,,insufficient_rows_or_targets
2829,200,3,significant_and_absolute_z_at_least_2,significant_response_l1_gain,huber_regression,observability,20261031,,insufficient_rows_or_targets
2833,200,3,significant_and_absolute_z_at_least_2,significant_response_l1_gain,huber_regression,reproducibility,20261013,,insufficient_rows_or_targets
2837,200,3,significant_and_absolute_z_at_least_2,significant_response_l1_gain,huber_regression,no_state,20260929,,insufficient_rows_or_targets
2841,200,3,significant_and_absolute_z_at_least_2,significant_response_l1_gain,sparse_nonlinear,minimal,20260912,,insufficient_rows_or_targets
2845,200,3,significant_and_absolute_z_at_least_2,significant_response_l1_gain,sparse_nonlinear,minimal,20261119,,insufficient_rows_or_targets
2849,200,3,significant_and_absolute_z_at_least_2,significant_response_l1_gain,sparse_nonlinear,observability,20261031,,insufficient_rows_or_targets
2853,200,3,significant_and_absolute_z_at_least_2,significant_response_l1_gain,sparse_nonlinear,reproducibility,20261013,,insufficient_rows_or_targets
2857,200,3,significant_and_absolute_z_at_least_2,significant_response_l1_gain,sparse_nonlinear,no_state,20260929,,insufficient_rows_or_targets
2861,200,3,significant_and_absolute_z_at_least_2,significant_response_l1_gain,graph_readout,minimal,20260912,,insufficient_rows_or_targets
2865,200,3,significant_and_absolute_z_at_least_2,significant_response_l1_gain,graph_readout,minimal,20261119,,insufficient_rows_or_targets
2869,200,3,significant_and_absolute_z_at_least_2,significant_response_l1_gain,graph_readout,observability,20261031,,insufficient_rows_or_targets
2873,200,3,significant_and_absolute_z_at_least_2,significant_response_l1_gain,graph_readout,reproducibility,20261013,,insufficient_rows_or_targets
2877,200,3,significant_and_absolute_z_at_least_2,significant_response_l1_gain,graph_readout,no_state,20260929,,insufficient_rows_or_targets
3841,300,3,significant,distal_gene_count_residual,ridge,minimal,20260912,,insufficient_rows_or_targets
3845,300,3,significant,distal_gene_count_residual,ridge,minimal,20261119,,insufficient_rows_or_targets
3849,300,3,significant,distal_gene_count_residual,ridge,observability,20261031,,insufficient_rows_or_targets
3853,300,3,significant,distal_gene_count_residual,ridge,reproducibility,20261013,,insufficient_rows_or_targets
3857,300,3,significant,distal_gene_count_residual,ridge,no_state,20260929,,insufficient_rows_or_targets
3861,300,3,significant,distal_gene_count_residual,huber_regression,minimal,20260912,,insufficient_rows_or_targets
3865,300,3,significant,distal_gene_count_residual,huber_regression,minimal,20261119,,insufficient_rows_or_targets
3869,300,3,significant,distal_gene_count_residual,huber_regression,observability,20261031,,insufficient_rows_or_targets
3873,300,3,significant,distal_gene_count_residual,huber_regression,reproducibility,20261013,,insufficient_rows_or_targets
3877,300,3,significant,distal_gene_count_residual,huber_regression,no_state,20260929,,insufficient_rows_or_targets
3881,300,3,significant,distal_gene_count_residual,sparse_nonlinear,minimal,20260912,,insufficient_rows_or_targets
3885,300,3,significant,distal_gene_count_residual,sparse_nonlinear,minimal,20261119,,insufficient_rows_or_targets
3889,300,3,significant,distal_gene_count_residual,sparse_nonlinear,observability,20261031,,insufficient_rows_or_targets
3893,300,3,significant,distal_gene_count_residual,sparse_nonlinear,reproducibility,20261013,,insufficient_rows_or_targets
3897,300,3,significant,distal_gene_count_residual,sparse_nonlinear,no_state,20260929,,insufficient_rows_or_targets
3901,300,3,significant,distal_gene_count_residual,graph_readout,minimal,20260912,,insufficient_rows_or_targets
3905,300,3,significant,distal_gene_count_residual,graph_readout,minimal,20261119,,insufficient_rows_or_targets
3909,300,3,significant,distal_gene_count_residual,graph_readout,observability,20261031,,insufficient_rows_or_targets
3913,300,3,significant,distal_gene_count_residual,graph_readout,reproducibility,20261013,,insufficient_rows_or_targets
3917,300,3,significant,distal_gene_count_residual,graph_readout,no_state,20260929,,insufficient_rows_or_targets
3921,300,3,significant,debiased_response_l2_gain,ridge,minimal,20260912,,insufficient_rows_or_targets
3925,300,3,significant,debiased_response_l2_gain,ridge,minimal,20261119,,insufficient_rows_or_targets
3929,300,3,significant,debiased_response_l2_gain,ridge,observability,20261031,,insufficient_rows_or_targets
3933,300,3,significant,debiased_response_l2_gain,ridge,reproducibility,20261013,,insufficient_rows_or_targets
3937,300,3,significant,debiased_response_l2_gain,ridge,no_state,20260929,,insufficient_rows_or_targets
3941,300,3,significant,debiased_response_l2_gain,huber_regression,minimal,20260912,,insufficient_rows_or_targets
3945,300,3,significant,debiased_response_l2_gain,huber_regression,minimal,20261119,,insufficient_rows_or_targets
3949,300,3,significant,debiased_response_l2_gain,huber_regression,observability,20261031,,insufficient_rows_or_targets
3953,300,3,significant,debiased_response_l2_gain,huber_regression,reproducibility,20261013,,insufficient_rows_or_targets
3957,300,3,significant,debiased_response_l2_gain,huber_regression,no_state,20260929,,insufficient_rows_or_targets
3961,300,3,significant,debiased_response_l2_gain,sparse_nonlinear,minimal,20260912,,insufficient_rows_or_targets
3965,300,3,significant,debiased_response_l2_gain,sparse_nonlinear,minimal,20261119,,insufficient_rows_or_targets
3969,300,3,significant,debiased_response_l2_gain,sparse_nonlinear,observability,20261031,,insufficient_rows_or_targets
3973,300,3,significant,debiased_response_l2_gain,sparse_nonlinear,reproducibility,20261013,,insufficient_rows_or_targets
3977,300,3,significant,debiased_response_l2_gain,sparse_nonlinear,no_state,20260929,,insufficient_rows_or_targets
3981,300,3,significant,debiased_response_l2_gain,graph_readout,minimal,20260912,,insufficient_rows_or_targets
3985,300,3,significant,debiased_response_l2_gain,graph_readout,minimal,20261119,,insufficient_rows_or_targets
3989,300,3,significant,debiased_response_l2_gain,graph_readout,observability,20261031,,insufficient_rows_or_targets
3993,300,3,significant,debiased_response_l2_gain,graph_readout,reproducibility,20261013,,insufficient_rows_or_targets
3997,300,3,significant,debiased_response_l2_gain,graph_readout,no_state,20260929,,insufficient_rows_or_targets
4001,300,3,significant,significant_response_l1_gain,ridge,minimal,20260912,,insufficient_rows_or_targets
4005,300,3,significant,significant_response_l1_gain,ridge,minimal,20261119,,insufficient_rows_or_targets
4009,300,3,significant,significant_response_l1_gain,ridge,observability,20261031,,insufficient_rows_or_targets
4013,300,3,significant,significant_response_l1_gain,ridge,reproducibility,20261013,,insufficient_rows_or_targets
4017,300,3,significant,significant_response_l1_gain,ridge,no_state,20260929,,insufficient_rows_or_targets
4021,300,3,significant,significant_response_l1_gain,huber_regression,minimal,20260912,,insufficient_rows_or_targets
4025,300,3,significant,significant_response_l1_gain,huber_regression,minimal,20261119,,insufficient_rows_or_targets
4029,300,3,significant,significant_response_l1_gain,huber_regression,observability,20261031,,insufficient_rows_or_targets
4033,300,3,significant,significant_response_l1_gain,huber_regression,reproducibility,20261013,,insufficient_rows_or_targets
4037,300,3,significant,significant_response_l1_gain,huber_regression,no_state,20260929,,insufficient_rows_or_targets
4041,300,3,significant,significant_response_l1_gain,sparse_nonlinear,minimal,20260912,,insufficient_rows_or_targets
4045,300,3,significant,significant_response_l1_gain,sparse_nonlinear,minimal,20261119,,insufficient_rows_or_targets
4049,300,3,significant,significant_response_l1_gain,sparse_nonlinear,observability,20261031,,insufficient_rows_or_targets
4053,300,3,significant,significant_response_l1_gain,sparse_nonlinear,reproducibility,20261013,,insufficient_rows_or_targets
4057,300,3,significant,significant_response_l1_gain,sparse_nonlinear,no_state,20260929,,insufficient_rows_or_targets
4061,300,3,significant,significant_response_l1_gain,graph_readout,minimal,20260912,,insufficient_rows_or_targets
4065,300,3,significant,significant_response_l1_gain,graph_readout,minimal,20261119,,insufficient_rows_or_targets
4069,300,3,significant,significant_response_l1_gain,graph_readout,observability,20261031,,insufficient_rows_or_targets
4073,300,3,significant,significant_response_l1_gain,graph_readout,reproducibility,20261013,,insufficient_rows_or_targets
4077,300,3,significant,significant_response_l1_gain,graph_readout,no_state,20260929,,insufficient_rows_or_targets
4081,300,3,significant_and_absolute_z_at_least_2,distal_gene_count_residual,ridge,minimal,20260912,,insufficient_rows_or_targets
4085,300,3,significant_and_absolute_z_at_least_2,distal_gene_count_residual,ridge,minimal,20261119,,insufficient_rows_or_targets
4089,300,3,significant_and_absolute_z_at_least_2,distal_gene_count_residual,ridge,observability,20261031,,insufficient_rows_or_targets
4093,300,3,significant_and_absolute_z_at_least_2,distal_gene_count_residual,ridge,reproducibility,20261013,,insufficient_rows_or_targets
4097,300,3,significant_and_absolute_z_at_least_2,distal_gene_count_residual,ridge,no_state,20260929,,insufficient_rows_or_targets
4101,300,3,significant_and_absolute_z_at_least_2,distal_gene_count_residual,huber_regression,minimal,20260912,,insufficient_rows_or_targets
4105,300,3,significant_and_absolute_z_at_least_2,distal_gene_count_residual,huber_regression,minimal,20261119,,insufficient_rows_or_targets
4109,300,3,significant_and_absolute_z_at_least_2,distal_gene_count_residual,huber_regression,observability,20261031,,insufficient_rows_or_targets
4113,300,3,significant_and_absolute_z_at_least_2,distal_gene_count_residual,huber_regression,reproducibility,20261013,,insufficient_rows_or_targets
4117,300,3,significant_and_absolute_z_at_least_2,distal_gene_count_residual,huber_regression,no_state,20260929,,insufficient_rows_or_targets
4121,300,3,significant_and_absolute_z_at_least_2,distal_gene_count_residual,sparse_nonlinear,minimal,20260912,,insufficient_rows_or_targets
4125,300,3,significant_and_absolute_z_at_least_2,distal_gene_count_residual,sparse_nonlinear,minimal,20261119,,insufficient_rows_or_targets
4129,300,3,significant_and_absolute_z_at_least_2,distal_gene_count_residual,sparse_nonlinear,observability,20261031,,insufficient_rows_or_targets
4133,300,3,significant_and_absolute_z_at_least_2,distal_gene_count_residual,sparse_nonlinear,reproducibility,20261013,,insufficient_rows_or_targets
4137,300,3,significant_and_absolute_z_at_least_2,distal_gene_count_residual,sparse_nonlinear,no_state,20260929,,insufficient_rows_or_targets
4141,300,3,significant_and_absolute_z_at_least_2,distal_gene_count_residual,graph_readout,minimal,20260912,,insufficient_rows_or_targets
4145,300,3,significant_and_absolute_z_at_least_2,distal_gene_count_residual,graph_readout,minimal,20261119,,insufficient_rows_or_targets
4149,300,3,significant_and_absolute_z_at_least_2,distal_gene_count_residual,graph_readout,observability,20261031,,insufficient_rows_or_targets
4153,300,3,significant_and_absolute_z_at_least_2,distal_gene_count_residual,graph_readout,reproducibility,20261013,,insufficient_rows_or_targets
4157,300,3,significant_and_absolute_z_at_least_2,distal_gene_count_residual,graph_readout,no_state,20260929,,insufficient_rows_or_targets
4161,300,3,significant_and_absolute_z_at_least_2,debiased_response_l2_gain,ridge,minimal,20260912,,insufficient_rows_or_targets
4165,300,3,significant_and_absolute_z_at_least_2,debiased_response_l2_gain,ridge,minimal,20261119,,insufficient_rows_or_targets
4169,300,3,significant_and_absolute_z_at_least_2,debiased_response_l2_gain,ridge,observability,20261031,,insufficient_rows_or_targets
4173,300,3,significant_and_absolute_z_at_least_2,debiased_response_l2_gain,ridge,reproducibility,20261013,,insufficient_rows_or_targets
4177,300,3,significant_and_absolute_z_at_least_2,debiased_response_l2_gain,ridge,no_state,20260929,,insufficient_rows_or_targets
4181,300,3,significant_and_absolute_z_at_least_2,debiased_response_l2_gain,huber_regression,minimal,20260912,,insufficient_rows_or_targets
4185,300,3,significant_and_absolute_z_at_least_2,debiased_response_l2_gain,huber_regression,minimal,20261119,,insufficient_rows_or_targets
4189,300,3,significant_and_absolute_z_at_least_2,debiased_response_l2_gain,huber_regression,observability,20261031,,insufficient_rows_or_targets
4193,300,3,significant_and_absolute_z_at_least_2,debiased_response_l2_gain,huber_regression,reproducibility,20261013,,insufficient_rows_or_targets
4197,300,3,significant_and_absolute_z_at_least_2,debiased_response_l2_gain,huber_regression,no_state,20260929,,insufficient_rows_or_targets
4201,300,3,significant_and_absolute_z_at_least_2,debiased_response_l2_gain,sparse_nonlinear,minimal,20260912,,insufficient_rows_or_targets
4205,300,3,significant_and_absolute_z_at_least_2,debiased_response_l2_gain,sparse_nonlinear,minimal,20261119,,insufficient_rows_or_targets
4209,300,3,significant_and_absolute_z_at_least_2,debiased_response_l2_gain,sparse_nonlinear,observability,20261031,,insufficient_rows_or_targets
4213,300,3,significant_and_absolute_z_at_least_2,debiased_response_l2_gain,sparse_nonlinear,reproducibility,20261013,,insufficient_rows_or_targets
4217,300,3,significant_and_absolute_z_at_least_2,debiased_response_l2_gain,sparse_nonlinear,no_state,20260929,,insufficient_rows_or_targets
4221,300,3,significant_and_absolute_z_at_least_2,debiased_response_l2_gain,graph_readout,minimal,20260912,,insufficient_rows_or_targets
4225,300,3,significant_and_absolute_z_at_least_2,debiased_response_l2_gain,graph_readout,minimal,20261119,,insufficient_rows_or_targets
4229,300,3,significant_and_absolute_z_at_least_2,debiased_response_l2_gain,graph_readout,observability,20261031,,insufficient_rows_or_targets
4233,300,3,significant_and_absolute_z_at_least_2,debiased_response_l2_gain,graph_readout,reproducibility,20261013,,insufficient_rows_or_targets
4237,300,3,significant_and_absolute_z_at_least_2,debiased_response_l2_gain,graph_readout,no_state,20260929,,insufficient_rows_or_targets
4241,300,3,significant_and_absolute_z_at_least_2,significant_response_l1_gain,ridge,minimal,20260912,,insufficient_rows_or_targets
4245,300,3,significant_and_absolute_z_at_least_2,significant_response_l1_gain,ridge,minimal,20261119,,insufficient_rows_or_targets
4249,300,3,significant_and_absolute_z_at_least_2,significant_response_l1_gain,ridge,observability,20261031,,insufficient_rows_or_targets
4253,300,3,significant_and_absolute_z_at_least_2,significant_response_l1_gain,ridge,reproducibility,20261013,,insufficient_rows_or_targets
4257,300,3,significant_and_absolute_z_at_least_2,significant_response_l1_gain,ridge,no_state,20260929,,insufficient_rows_or_targets
4261,300,3,significant_and_absolute_z_at_least_2,significant_response_l1_gain,huber_regression,minimal,20260912,,insufficient_rows_or_targets
4265,300,3,significant_and_absolute_z_at_least_2,significant_response_l1_gain,huber_regression,minimal,20261119,,insufficient_rows_or_targets
4269,300,3,significant_and_absolute_z_at_least_2,significant_response_l1_gain,huber_regression,observability,20261031,,insufficient_rows_or_targets
4273,300,3,significant_and_absolute_z_at_least_2,significant_response_l1_gain,huber_regression,reproducibility,20261013,,insufficient_rows_or_targets
4277,300,3,significant_and_absolute_z_at_least_2,significant_response_l1_gain,huber_regression,no_state,20260929,,insufficient_rows_or_targets
4281,300,3,significant_and_absolute_z_at_least_2,significant_response_l1_gain,sparse_nonlinear,minimal,20260912,,insufficient_rows_or_targets
4285,300,3,significant_and_absolute_z_at_least_2,significant_response_l1_gain,sparse_nonlinear,minimal,20261119,,insufficient_rows_or_targets
4289,300,3,significant_and_absolute_z_at_least_2,significant_response_l1_gain,sparse_nonlinear,observability,20261031,,insufficient_rows_or_targets
4293,300,3,significant_and_absolute_z_at_least_2,significant_response_l1_gain,sparse_nonlinear,reproducibility,20261013,,insufficient_rows_or_targets
4297,300,3,significant_and_absolute_z_at_least_2,significant_response_l1_gain,sparse_nonlinear,no_state,20260929,,insufficient_rows_or_targets
4301,300,3,significant_and_absolute_z_at_least_2,significant_response_l1_gain,graph_readout,minimal,20260912,,insufficient_rows_or_targets
4305,300,3,significant_and_absolute_z_at_least_2,significant_response_l1_gain,graph_readout,minimal,20261119,,insufficient_rows_or_targets
4309,300,3,significant_and_absolute_z_at_least_2,significant_response_l1_gain,graph_readout,observability,20261031,,insufficient_rows_or_targets
4313,300,3,significant_and_absolute_z_at_least_2,significant_response_l1_gain,graph_readout,reproducibility,20261013,,insufficient_rows_or_targets
4317,300,3,significant_and_absolute_z_at_least_2,significant_response_l1_gain,graph_readout,no_state,20260929,,insufficient_rows_or_targets
962,100,3,significant,distal_gene_count_residual,ridge,minimal,20260929,,insufficient_rows_or_targets
966,100,3,significant,distal_gene_count_residual,ridge,observability,20260912,,insufficient_rows_or_targets
970,100,3,significant,distal_gene_count_residual,ridge,observability,20261119,,insufficient_rows_or_targets
974,100,3,significant,distal_gene_count_residual,ridge,reproducibility,20261031,,insufficient_rows_or_targets
978,100,3,significant,distal_gene_count_residual,ridge,no_state,20261013,,insufficient_rows_or_targets
982,100,3,significant,distal_gene_count_residual,huber_regression,minimal,20260929,,insufficient_rows_or_targets
986,100,3,significant,distal_gene_count_residual,huber_regression,observability,20260912,,insufficient_rows_or_targets
990,100,3,significant,distal_gene_count_residual,huber_regression,observability,20261119,,insufficient_rows_or_targets
994,100,3,significant,distal_gene_count_residual,huber_regression,reproducibility,20261031,,insufficient_rows_or_targets
998,100,3,significant,distal_gene_count_residual,huber_regression,no_state,20261013,,insufficient_rows_or_targets
1002,100,3,significant,distal_gene_count_residual,sparse_nonlinear,minimal,20260929,,insufficient_rows_or_targets
1006,100,3,significant,distal_gene_count_residual,sparse_nonlinear,observability,20260912,,insufficient_rows_or_targets
1010,100,3,significant,distal_gene_count_residual,sparse_nonlinear,observability,20261119,,insufficient_rows_or_targets
1014,100,3,significant,distal_gene_count_residual,sparse_nonlinear,reproducibility,20261031,,insufficient_rows_or_targets
1018,100,3,significant,distal_gene_count_residual,sparse_nonlinear,no_state,20261013,,insufficient_rows_or_targets
1022,100,3,significant,distal_gene_count_residual,graph_readout,minimal,20260929,,insufficient_rows_or_targets
1026,100,3,significant,distal_gene_count_residual,graph_readout,observability,20260912,,insufficient_rows_or_targets
1030,100,3,significant,distal_gene_count_residual,graph_readout,observability,20261119,,insufficient_rows_or_targets
1034,100,3,significant,distal_gene_count_residual,graph_readout,reproducibility,20261031,,insufficient_rows_or_targets
1038,100,3,significant,distal_gene_count_residual,graph_readout,no_state,20261013,,insufficient_rows_or_targets
1042,100,3,significant,debiased_response_l2_gain,ridge,minimal,20260929,,insufficient_rows_or_targets
1046,100,3,significant,debiased_response_l2_gain,ridge,observability,20260912,,insufficient_rows_or_targets
1050,100,3,significant,debiased_response_l2_gain,ridge,observability,20261119,,insufficient_rows_or_targets
1054,100,3,significant,debiased_response_l2_gain,ridge,reproducibility,20261031,,insufficient_rows_or_targets
1058,100,3,significant,debiased_response_l2_gain,ridge,no_state,20261013,,insufficient_rows_or_targets
1062,100,3,significant,debiased_response_l2_gain,huber_regression,minimal,20260929,,insufficient_rows_or_targets
1066,100,3,significant,debiased_response_l2_gain,huber_regression,observability,20260912,,insufficient_rows_or_targets
1070,100,3,significant,debiased_response_l2_gain,huber_regression,observability,20261119,,insufficient_rows_or_targets
1074,100,3,significant,debiased_response_l2_gain,huber_regression,reproducibility,20261031,,insufficient_rows_or_targets
1078,100,3,significant,debiased_response_l2_gain,huber_regression,no_state,20261013,,insufficient_rows_or_targets
1082,100,3,significant,debiased_response_l2_gain,sparse_nonlinear,minimal,20260929,,insufficient_rows_or_targets
1086,100,3,significant,debiased_response_l2_gain,sparse_nonlinear,observability,20260912,,insufficient_rows_or_targets
1090,100,3,significant,debiased_response_l2_gain,sparse_nonlinear,observability,20261119,,insufficient_rows_or_targets
1094,100,3,significant,debiased_response_l2_gain,sparse_nonlinear,reproducibility,20261031,,insufficient_rows_or_targets
1098,100,3,significant,debiased_response_l2_gain,sparse_nonlinear,no_state,20261013,,insufficient_rows_or_targets
1102,100,3,significant,debiased_response_l2_gain,graph_readout,minimal,20260929,,insufficient_rows_or_targets
1106,100,3,significant,debiased_response_l2_gain,graph_readout,observability,20260912,,insufficient_rows_or_targets
1110,100,3,significant,debiased_response_l2_gain,graph_readout,observability,20261119,,insufficient_rows_or_targets
1114,100,3,significant,debiased_response_l2_gain,graph_readout,reproducibility,20261031,,insufficient_rows_or_targets
1118,100,3,significant,debiased_response_l2_gain,graph_readout,no_state,20261013,,insufficient_rows_or_targets
1122,100,3,significant,significant_response_l1_gain,ridge,minimal,20260929,,insufficient_rows_or_targets
1126,100,3,significant,significant_response_l1_gain,ridge,observability,20260912,,insufficient_rows_or_targets
1130,100,3,significant,significant_response_l1_gain,ridge,observability,20261119,,insufficient_rows_or_targets
1134,100,3,significant,significant_response_l1_gain,ridge,reproducibility,20261031,,insufficient_rows_or_targets
1138,100,3,significant,significant_response_l1_gain,ridge,no_state,20261013,,insufficient_rows_or_targets
1142,100,3,significant,significant_response_l1_gain,huber_regression,minimal,20260929,,insufficient_rows_or_targets
1146,100,3,significant,significant_response_l1_gain,huber_regression,observability,20260912,,insufficient_rows_or_targets
1150,100,3,significant,significant_response_l1_gain,huber_regression,observability,20261119,,insufficient_rows_or_targets
1154,100,3,significant,significant_response_l1_gain,huber_regression,reproducibility,20261031,,insufficient_rows_or_targets
1158,100,3,significant,significant_response_l1_gain,huber_regression,no_state,20261013,,insufficient_rows_or_targets
1162,100,3,significant,significant_response_l1_gain,sparse_nonlinear,minimal,20260929,,insufficient_rows_or_targets
1166,100,3,significant,significant_response_l1_gain,sparse_nonlinear,observability,20260912,,insufficient_rows_or_targets
1170,100,3,significant,significant_response_l1_gain,sparse_nonlinear,observability,20261119,,insufficient_rows_or_targets
1174,100,3,significant,significant_response_l1_gain,sparse_nonlinear,reproducibility,20261031,,insufficient_rows_or_targets
1178,100,3,significant,significant_response_l1_gain,sparse_nonlinear,no_state,20261013,,insufficient_rows_or_targets
1182,100,3,significant,significant_response_l1_gain,graph_readout,minimal,20260929,,insufficient_rows_or_targets
1186,100,3,significant,significant_response_l1_gain,graph_readout,observability,20260912,,insufficient_rows_or_targets
1190,100,3,significant,significant_response_l1_gain,graph_readout,observability,20261119,,insufficient_rows_or_targets
1194,100,3,significant,significant_response_l1_gain,graph_readout,reproducibility,20261031,,insufficient_rows_or_targets
1198,100,3,significant,significant_response_l1_gain,graph_readout,no_state,20261013,,insufficient_rows_or_targets
1202,100,3,significant_and_absolute_z_at_least_2,distal_gene_count_residual,ridge,minimal,20260929,,insufficient_rows_or_targets
1206,100,3,significant_and_absolute_z_at_least_2,distal_gene_count_residual,ridge,observability,20260912,,insufficient_rows_or_targets
1210,100,3,significant_and_absolute_z_at_least_2,distal_gene_count_residual,ridge,observability,20261119,,insufficient_rows_or_targets
1214,100,3,significant_and_absolute_z_at_least_2,distal_gene_count_residual,ridge,reproducibility,20261031,,insufficient_rows_or_targets
1218,100,3,significant_and_absolute_z_at_least_2,distal_gene_count_residual,ridge,no_state,20261013,,insufficient_rows_or_targets
1222,100,3,significant_and_absolute_z_at_least_2,distal_gene_count_residual,huber_regression,minimal,20260929,,insufficient_rows_or_targets
1226,100,3,significant_and_absolute_z_at_least_2,distal_gene_count_residual,huber_regression,observability,20260912,,insufficient_rows_or_targets
1230,100,3,significant_and_absolute_z_at_least_2,distal_gene_count_residual,huber_regression,observability,20261119,,insufficient_rows_or_targets
1234,100,3,significant_and_absolute_z_at_least_2,distal_gene_count_residual,huber_regression,reproducibility,20261031,,insufficient_rows_or_targets
1238,100,3,significant_and_absolute_z_at_least_2,distal_gene_count_residual,huber_regression,no_state,20261013,,insufficient_rows_or_targets
1242,100,3,significant_and_absolute_z_at_least_2,distal_gene_count_residual,sparse_nonlinear,minimal,20260929,,insufficient_rows_or_targets
1246,100,3,significant_and_absolute_z_at_least_2,distal_gene_count_residual,sparse_nonlinear,observability,20260912,,insufficient_rows_or_targets
1250,100,3,significant_and_absolute_z_at_least_2,distal_gene_count_residual,sparse_nonlinear,observability,20261119,,insufficient_rows_or_targets
1254,100,3,significant_and_absolute_z_at_least_2,distal_gene_count_residual,sparse_nonlinear,reproducibility,20261031,,insufficient_rows_or_targets
1258,100,3,significant_and_absolute_z_at_least_2,distal_gene_count_residual,sparse_nonlinear,no_state,20261013,,insufficient_rows_or_targets
1262,100,3,significant_and_absolute_z_at_least_2,distal_gene_count_residual,graph_readout,minimal,20260929,,insufficient_rows_or_targets
1266,100,3,significant_and_absolute_z_at_least_2,distal_gene_count_residual,graph_readout,observability,20260912,,insufficient_rows_or_targets
1270,100,3,significant_and_absolute_z_at_least_2,distal_gene_count_residual,graph_readout,observability,20261119,,insufficient_rows_or_targets
1274,100,3,significant_and_absolute_z_at_least_2,distal_gene_count_residual,graph_readout,reproducibility,20261031,,insufficient_rows_or_targets
1278,100,3,significant_and_absolute_z_at_least_2,distal_gene_count_residual,graph_readout,no_state,20261013,,insufficient_rows_or_targets
1282,100,3,significant_and_absolute_z_at_least_2,debiased_response_l2_gain,ridge,minimal,20260929,,insufficient_rows_or_targets
1286,100,3,significant_and_absolute_z_at_least_2,debiased_response_l2_gain,ridge,observability,20260912,,insufficient_rows_or_targets
1290,100,3,significant_and_absolute_z_at_least_2,debiased_response_l2_gain,ridge,observability,20261119,,insufficient_rows_or_targets
1294,100,3,significant_and_absolute_z_at_least_2,debiased_response_l2_gain,ridge,reproducibility,20261031,,insufficient_rows_or_targets
1298,100,3,significant_and_absolute_z_at_least_2,debiased_response_l2_gain,ridge,no_state,20261013,,insufficient_rows_or_targets
1302,100,3,significant_and_absolute_z_at_least_2,debiased_response_l2_gain,huber_regression,minimal,20260929,,insufficient_rows_or_targets
1306,100,3,significant_and_absolute_z_at_least_2,debiased_response_l2_gain,huber_regression,observability,20260912,,insufficient_rows_or_targets
1310,100,3,significant_and_absolute_z_at_least_2,debiased_response_l2_gain,huber_regression,observability,20261119,,insufficient_rows_or_targets
1314,100,3,significant_and_absolute_z_at_least_2,debiased_response_l2_gain,huber_regression,reproducibility,20261031,,insufficient_rows_or_targets
1318,100,3,significant_and_absolute_z_at_least_2,debiased_response_l2_gain,huber_regression,no_state,20261013,,insufficient_rows_or_targets
1322,100,3,significant_and_absolute_z_at_least_2,debiased_response_l2_gain,sparse_nonlinear,minimal,20260929,,insufficient_rows_or_targets
1326,100,3,significant_and_absolute_z_at_least_2,debiased_response_l2_gain,sparse_nonlinear,observability,20260912,,insufficient_rows_or_targets
1330,100,3,significant_and_absolute_z_at_least_2,debiased_response_l2_gain,sparse_nonlinear,observability,20261119,,insufficient_rows_or_targets
1334,100,3,significant_and_absolute_z_at_least_2,debiased_response_l2_gain,sparse_nonlinear,reproducibility,20261031,,insufficient_rows_or_targets
1338,100,3,significant_and_absolute_z_at_least_2,debiased_response_l2_gain,sparse_nonlinear,no_state,20261013,,insufficient_rows_or_targets
1342,100,3,significant_and_absolute_z_at_least_2,debiased_response_l2_gain,graph_readout,minimal,20260929,,insufficient_rows_or_targets
1346,100,3,significant_and_absolute_z_at_least_2,debiased_response_l2_gain,graph_readout,observability,20260912,,insufficient_rows_or_targets
1350,100,3,significant_and_absolute_z_at_least_2,debiased_response_l2_gain,graph_readout,observability,20261119,,insufficient_rows_or_targets
1354,100,3,significant_and_absolute_z_at_least_2,debiased_response_l2_gain,graph_readout,reproducibility,20261031,,insufficient_rows_or_targets
1358,100,3,significant_and_absolute_z_at_least_2,debiased_response_l2_gain,graph_readout,no_state,20261013,,insufficient_rows_or_targets
1362,100,3,significant_and_absolute_z_at_least_2,significant_response_l1_gain,ridge,minimal,20260929,,insufficient_rows_or_targets
1366,100,3,significant_and_absolute_z_at_least_2,significant_response_l1_gain,ridge,observability,20260912,,insufficient_rows_or_targets
1370,100,3,significant_and_absolute_z_at_least_2,significant_response_l1_gain,ridge,observability,20261119,,insufficient_rows_or_targets
1374,100,3,significant_and_absolute_z_at_least_2,significant_response_l1_gain,ridge,reproducibility,20261031,,insufficient_rows_or_targets
1378,100,3,significant_and_absolute_z_at_least_2,significant_response_l1_gain,ridge,no_state,20261013,,insufficient_rows_or_targets
1382,100,3,significant_and_absolute_z_at_least_2,significant_response_l1_gain,huber_regression,minimal,20260929,,insufficient_rows_or_targets
1386,100,3,significant_and_absolute_z_at_least_2,significant_response_l1_gain,huber_regression,observability,20260912,,insufficient_rows_or_targets
1390,100,3,significant_and_absolute_z_at_least_2,significant_response_l1_gain,huber_regression,observability,20261119,,insufficient_rows_or_targets
1394,100,3,significant_and_absolute_z_at_least_2,significant_response_l1_gain,huber_regression,reproducibility,20261031,,insufficient_rows_or_targets
1398,100,3,significant_and_absolute_z_at_least_2,significant_response_l1_gain,huber_regression,no_state,20261013,,insufficient_rows_or_targets
1402,100,3,significant_and_absolute_z_at_least_2,significant_response_l1_gain,sparse_nonlinear,minimal,20260929,,insufficient_rows_or_targets
1406,100,3,significant_and_absolute_z_at_least_2,significant_response_l1_gain,sparse_nonlinear,observability,20260912,,insufficient_rows_or_targets
1410,100,3,significant_and_absolute_z_at_least_2,significant_response_l1_gain,sparse_nonlinear,observability,20261119,,insufficient_rows_or_targets
1414,100,3,significant_and_absolute_z_at_least_2,significant_response_l1_gain,sparse_nonlinear,reproducibility,20261031,,insufficient_rows_or_targets
1418,100,3,significant_and_absolute_z_at_least_2,significant_response_l1_gain,sparse_nonlinear,no_state,20261013,,insufficient_rows_or_targets
1422,100,3,significant_and_absolute_z_at_least_2,significant_response_l1_gain,graph_readout,minimal,20260929,,insufficient_rows_or_targets
1426,100,3,significant_and_absolute_z_at_least_2,significant_response_l1_gain,graph_readout,observability,20260912,,insufficient_rows_or_targets
1430,100,3,significant_and_absolute_z_at_least_2,significant_response_l1_gain,graph_readout,observability,20261119,,insufficient_rows_or_targets
1434,100,3,significant_and_absolute_z_at_least_2,significant_response_l1_gain,graph_readout,reproducibility,20261031,,insufficient_rows_or_targets
1438,100,3,significant_and_absolute_z_at_least_2,significant_response_l1_gain,graph_readout,no_state,20261013,,insufficient_rows_or_targets
2402,200,3,significant,distal_gene_count_residual,ridge,minimal,20260929,,insufficient_rows_or_targets
2406,200,3,significant,distal_gene_count_residual,ridge,observability,20260912,,insufficient_rows_or_targets
2410,200,3,significant,distal_gene_count_residual,ridge,observability,20261119,,insufficient_rows_or_targets
2414,200,3,significant,distal_gene_count_residual,ridge,reproducibility,20261031,,insufficient_rows_or_targets
2418,200,3,significant,distal_gene_count_residual,ridge,no_state,20261013,,insufficient_rows_or_targets
2422,200,3,significant,distal_gene_count_residual,huber_regression,minimal,20260929,,insufficient_rows_or_targets
2426,200,3,significant,distal_gene_count_residual,huber_regression,observability,20260912,,insufficient_rows_or_targets
2430,200,3,significant,distal_gene_count_residual,huber_regression,observability,20261119,,insufficient_rows_or_targets
2434,200,3,significant,distal_gene_count_residual,huber_regression,reproducibility,20261031,,insufficient_rows_or_targets
2438,200,3,significant,distal_gene_count_residual,huber_regression,no_state,20261013,,insufficient_rows_or_targets
2442,200,3,significant,distal_gene_count_residual,sparse_nonlinear,minimal,20260929,,insufficient_rows_or_targets
2446,200,3,significant,distal_gene_count_residual,sparse_nonlinear,observability,20260912,,insufficient_rows_or_targets
2450,200,3,significant,distal_gene_count_residual,sparse_nonlinear,observability,20261119,,insufficient_rows_or_targets
2454,200,3,significant,distal_gene_count_residual,sparse_nonlinear,reproducibility,20261031,,insufficient_rows_or_targets
2458,200,3,significant,distal_gene_count_residual,sparse_nonlinear,no_state,20261013,,insufficient_rows_or_targets
2462,200,3,significant,distal_gene_count_residual,graph_readout,minimal,20260929,,insufficient_rows_or_targets
2466,200,3,significant,distal_gene_count_residual,graph_readout,observability,20260912,,insufficient_rows_or_targets
2470,200,3,significant,distal_gene_count_residual,graph_readout,observability,20261119,,insufficient_rows_or_targets
2474,200,3,significant,distal_gene_count_residual,graph_readout,reproducibility,20261031,,insufficient_rows_or_targets
2478,200,3,significant,distal_gene_count_residual,graph_readout,no_state,20261013,,insufficient_rows_or_targets
2482,200,3,significant,debiased_response_l2_gain,ridge,minimal,20260929,,insufficient_rows_or_targets
2486,200,3,significant,debiased_response_l2_gain,ridge,observability,20260912,,insufficient_rows_or_targets
2490,200,3,significant,debiased_response_l2_gain,ridge,observability,20261119,,insufficient_rows_or_targets
2494,200,3,significant,debiased_response_l2_gain,ridge,reproducibility,20261031,,insufficient_rows_or_targets
2498,200,3,significant,debiased_response_l2_gain,ridge,no_state,20261013,,insufficient_rows_or_targets
2502,200,3,significant,debiased_response_l2_gain,huber_regression,minimal,20260929,,insufficient_rows_or_targets
2506,200,3,significant,debiased_response_l2_gain,huber_regression,observability,20260912,,insufficient_rows_or_targets
2510,200,3,significant,debiased_response_l2_gain,huber_regression,observability,20261119,,insufficient_rows_or_targets
2514,200,3,significant,debiased_response_l2_gain,huber_regression,reproducibility,20261031,,insufficient_rows_or_targets
2518,200,3,significant,debiased_response_l2_gain,huber_regression,no_state,20261013,,insufficient_rows_or_targets
2522,200,3,significant,debiased_response_l2_gain,sparse_nonlinear,minimal,20260929,,insufficient_rows_or_targets
2526,200,3,significant,debiased_response_l2_gain,sparse_nonlinear,observability,20260912,,insufficient_rows_or_targets
2530,200,3,significant,debiased_response_l2_gain,sparse_nonlinear,observability,20261119,,insufficient_rows_or_targets
2534,200,3,significant,debiased_response_l2_gain,sparse_nonlinear,reproducibility,20261031,,insufficient_rows_or_targets
2538,200,3,significant,debiased_response_l2_gain,sparse_nonlinear,no_state,20261013,,insufficient_rows_or_targets
2542,200,3,significant,debiased_response_l2_gain,graph_readout,minimal,20260929,,insufficient_rows_or_targets
2546,200,3,significant,debiased_response_l2_gain,graph_readout,observability,20260912,,insufficient_rows_or_targets
2550,200,3,significant,debiased_response_l2_gain,graph_readout,observability,20261119,,insufficient_rows_or_targets
2554,200,3,significant,debiased_response_l2_gain,graph_readout,reproducibility,20261031,,insufficient_rows_or_targets
2558,200,3,significant,debiased_response_l2_gain,graph_readout,no_state,20261013,,insufficient_rows_or_targets
2562,200,3,significant,significant_response_l1_gain,ridge,minimal,20260929,,insufficient_rows_or_targets
2566,200,3,significant,significant_response_l1_gain,ridge,observability,20260912,,insufficient_rows_or_targets
2570,200,3,significant,significant_response_l1_gain,ridge,observability,20261119,,insufficient_rows_or_targets
2574,200,3,significant,significant_response_l1_gain,ridge,reproducibility,20261031,,insufficient_rows_or_targets
2578,200,3,significant,significant_response_l1_gain,ridge,no_state,20261013,,insufficient_rows_or_targets
2582,200,3,significant,significant_response_l1_gain,huber_regression,minimal,20260929,,insufficient_rows_or_targets
2586,200,3,significant,significant_response_l1_gain,huber_regression,observability,20260912,,insufficient_rows_or_targets
2590,200,3,significant,significant_response_l1_gain,huber_regression,observability,20261119,,insufficient_rows_or_targets
2594,200,3,significant,significant_response_l1_gain,huber_regression,reproducibility,20261031,,insufficient_rows_or_targets
2598,200,3,significant,significant_response_l1_gain,huber_regression,no_state,20261013,,insufficient_rows_or_targets
2602,200,3,significant,significant_response_l1_gain,sparse_nonlinear,minimal,20260929,,insufficient_rows_or_targets
2606,200,3,significant,significant_response_l1_gain,sparse_nonlinear,observability,20260912,,insufficient_rows_or_targets
2610,200,3,significant,significant_response_l1_gain,sparse_nonlinear,observability,20261119,,insufficient_rows_or_targets
2614,200,3,significant,significant_response_l1_gain,sparse_nonlinear,reproducibility,20261031,,insufficient_rows_or_targets
2618,200,3,significant,significant_response_l1_gain,sparse_nonlinear,no_state,20261013,,insufficient_rows_or_targets
2622,200,3,significant,significant_response_l1_gain,graph_readout,minimal,20260929,,insufficient_rows_or_targets
2626,200,3,significant,significant_response_l1_gain,graph_readout,observability,20260912,,insufficient_rows_or_targets
2630,200,3,significant,significant_response_l1_gain,graph_readout,observability,20261119,,insufficient_rows_or_targets
2634,200,3,significant,significant_response_l1_gain,graph_readout,reproducibility,20261031,,insufficient_rows_or_targets
2638,200,3,significant,significant_response_l1_gain,graph_readout,no_state,20261013,,insufficient_rows_or_targets
2642,200,3,significant_and_absolute_z_at_least_2,distal_gene_count_residual,ridge,minimal,20260929,,insufficient_rows_or_targets
2646,200,3,significant_and_absolute_z_at_least_2,distal_gene_count_residual,ridge,observability,20260912,,insufficient_rows_or_targets
2650,200,3,significant_and_absolute_z_at_least_2,distal_gene_count_residual,ridge,observability,20261119,,insufficient_rows_or_targets
2654,200,3,significant_and_absolute_z_at_least_2,distal_gene_count_residual,ridge,reproducibility,20261031,,insufficient_rows_or_targets
2658,200,3,significant_and_absolute_z_at_least_2,distal_gene_count_residual,ridge,no_state,20261013,,insufficient_rows_or_targets
2662,200,3,significant_and_absolute_z_at_least_2,distal_gene_count_residual,huber_regression,minimal,20260929,,insufficient_rows_or_targets
2666,200,3,significant_and_absolute_z_at_least_2,distal_gene_count_residual,huber_regression,observability,20260912,,insufficient_rows_or_targets
2670,200,3,significant_and_absolute_z_at_least_2,distal_gene_count_residual,huber_regression,observability,20261119,,insufficient_rows_or_targets
2674,200,3,significant_and_absolute_z_at_least_2,distal_gene_count_residual,huber_regression,reproducibility,20261031,,insufficient_rows_or_targets
2678,200,3,significant_and_absolute_z_at_least_2,distal_gene_count_residual,huber_regression,no_state,20261013,,insufficient_rows_or_targets
2682,200,3,significant_and_absolute_z_at_least_2,distal_gene_count_residual,sparse_nonlinear,minimal,20260929,,insufficient_rows_or_targets
2686,200,3,significant_and_absolute_z_at_least_2,distal_gene_count_residual,sparse_nonlinear,observability,20260912,,insufficient_rows_or_targets
2690,200,3,significant_and_absolute_z_at_least_2,distal_gene_count_residual,sparse_nonlinear,observability,20261119,,insufficient_rows_or_targets
2694,200,3,significant_and_absolute_z_at_least_2,distal_gene_count_residual,sparse_nonlinear,reproducibility,20261031,,insufficient_rows_or_targets
2698,200,3,significant_and_absolute_z_at_least_2,distal_gene_count_residual,sparse_nonlinear,no_state,20261013,,insufficient_rows_or_targets
2702,200,3,significant_and_absolute_z_at_least_2,distal_gene_count_residual,graph_readout,minimal,20260929,,insufficient_rows_or_targets
2706,200,3,significant_and_absolute_z_at_least_2,distal_gene_count_residual,graph_readout,observability,20260912,,insufficient_rows_or_targets
2710,200,3,significant_and_absolute_z_at_least_2,distal_gene_count_residual,graph_readout,observability,20261119,,insufficient_rows_or_targets
2714,200,3,significant_and_absolute_z_at_least_2,distal_gene_count_residual,graph_readout,reproducibility,20261031,,insufficient_rows_or_targets
2718,200,3,significant_and_absolute_z_at_least_2,distal_gene_count_residual,graph_readout,no_state,20261013,,insufficient_rows_or_targets
2722,200,3,significant_and_absolute_z_at_least_2,debiased_response_l2_gain,ridge,minimal,20260929,,insufficient_rows_or_targets
2726,200,3,significant_and_absolute_z_at_least_2,debiased_response_l2_gain,ridge,observability,20260912,,insufficient_rows_or_targets
2730,200,3,significant_and_absolute_z_at_least_2,debiased_response_l2_gain,ridge,observability,20261119,,insufficient_rows_or_targets
2734,200,3,significant_and_absolute_z_at_least_2,debiased_response_l2_gain,ridge,reproducibility,20261031,,insufficient_rows_or_targets
2738,200,3,significant_and_absolute_z_at_least_2,debiased_response_l2_gain,ridge,no_state,20261013,,insufficient_rows_or_targets
2742,200,3,significant_and_absolute_z_at_least_2,debiased_response_l2_gain,huber_regression,minimal,20260929,,insufficient_rows_or_targets
2746,200,3,significant_and_absolute_z_at_least_2,debiased_response_l2_gain,huber_regression,observability,20260912,,insufficient_rows_or_targets
2750,200,3,significant_and_absolute_z_at_least_2,debiased_response_l2_gain,huber_regression,observability,20261119,,insufficient_rows_or_targets
2754,200,3,significant_and_absolute_z_at_least_2,debiased_response_l2_gain,huber_regression,reproducibility,20261031,,insufficient_rows_or_targets
2758,200,3,significant_and_absolute_z_at_least_2,debiased_response_l2_gain,huber_regression,no_state,20261013,,insufficient_rows_or_targets
2762,200,3,significant_and_absolute_z_at_least_2,debiased_response_l2_gain,sparse_nonlinear,minimal,20260929,,insufficient_rows_or_targets
2766,200,3,significant_and_absolute_z_at_least_2,debiased_response_l2_gain,sparse_nonlinear,observability,20260912,,insufficient_rows_or_targets
2770,200,3,significant_and_absolute_z_at_least_2,debiased_response_l2_gain,sparse_nonlinear,observability,20261119,,insufficient_rows_or_targets
2774,200,3,significant_and_absolute_z_at_least_2,debiased_response_l2_gain,sparse_nonlinear,reproducibility,20261031,,insufficient_rows_or_targets
2778,200,3,significant_and_absolute_z_at_least_2,debiased_response_l2_gain,sparse_nonlinear,no_state,20261013,,insufficient_rows_or_targets
2782,200,3,significant_and_absolute_z_at_least_2,debiased_response_l2_gain,graph_readout,minimal,20260929,,insufficient_rows_or_targets
2786,200,3,significant_and_absolute_z_at_least_2,debiased_response_l2_gain,graph_readout,observability,20260912,,insufficient_rows_or_targets
2790,200,3,significant_and_absolute_z_at_least_2,debiased_response_l2_gain,graph_readout,observability,20261119,,insufficient_rows_or_targets
2794,200,3,significant_and_absolute_z_at_least_2,debiased_response_l2_gain,graph_readout,reproducibility,20261031,,insufficient_rows_or_targets
2798,200,3,significant_and_absolute_z_at_least_2,debiased_response_l2_gain,graph_readout,no_state,20261013,,insufficient_rows_or_targets
2802,200,3,significant_and_absolute_z_at_least_2,significant_response_l1_gain,ridge,minimal,20260929,,insufficient_rows_or_targets
2806,200,3,significant_and_absolute_z_at_least_2,significant_response_l1_gain,ridge,observability,20260912,,insufficient_rows_or_targets
2810,200,3,significant_and_absolute_z_at_least_2,significant_response_l1_gain,ridge,observability,20261119,,insufficient_rows_or_targets
2814,200,3,significant_and_absolute_z_at_least_2,significant_response_l1_gain,ridge,reproducibility,20261031,,insufficient_rows_or_targets
2818,200,3,significant_and_absolute_z_at_least_2,significant_response_l1_gain,ridge,no_state,20261013,,insufficient_rows_or_targets
2822,200,3,significant_and_absolute_z_at_least_2,significant_response_l1_gain,huber_regression,minimal,20260929,,insufficient_rows_or_targets
2826,200,3,significant_and_absolute_z_at_least_2,significant_response_l1_gain,huber_regression,observability,20260912,,insufficient_rows_or_targets
2830,200,3,significant_and_absolute_z_at_least_2,significant_response_l1_gain,huber_regression,observability,20261119,,insufficient_rows_or_targets
2834,200,3,significant_and_absolute_z_at_least_2,significant_response_l1_gain,huber_regression,reproducibility,20261031,,insufficient_rows_or_targets
2838,200,3,significant_and_absolute_z_at_least_2,significant_response_l1_gain,huber_regression,no_state,20261013,,insufficient_rows_or_targets
2842,200,3,significant_and_absolute_z_at_least_2,significant_response_l1_gain,sparse_nonlinear,minimal,20260929,,insufficient_rows_or_targets
2846,200,3,significant_and_absolute_z_at_least_2,significant_response_l1_gain,sparse_nonlinear,observability,20260912,,insufficient_rows_or_targets
2850,200,3,significant_and_absolute_z_at_least_2,significant_response_l1_gain,sparse_nonlinear,observability,20261119,,insufficient_rows_or_targets
2854,200,3,significant_and_absolute_z_at_least_2,significant_response_l1_gain,sparse_nonlinear,reproducibility,20261031,,insufficient_rows_or_targets
2858,200,3,significant_and_absolute_z_at_least_2,significant_response_l1_gain,sparse_nonlinear,no_state,20261013,,insufficient_rows_or_targets
2862,200,3,significant_and_absolute_z_at_least_2,significant_response_l1_gain,graph_readout,minimal,20260929,,insufficient_rows_or_targets
2866,200,3,significant_and_absolute_z_at_least_2,significant_response_l1_gain,graph_readout,observability,20260912,,insufficient_rows_or_targets
2870,200,3,significant_and_absolute_z_at_least_2,significant_response_l1_gain,graph_readout,observability,20261119,,insufficient_rows_or_targets
2874,200,3,significant_and_absolute_z_at_least_2,significant_response_l1_gain,graph_readout,reproducibility,20261031,,insufficient_rows_or_targets
2878,200,3,significant_and_absolute_z_at_least_2,significant_response_l1_gain,graph_readout,no_state,20261013,,insufficient_rows_or_targets
3842,300,3,significant,distal_gene_count_residual,ridge,minimal,20260929,,insufficient_rows_or_targets
3846,300,3,significant,distal_gene_count_residual,ridge,observability,20260912,,insufficient_rows_or_targets
3850,300,3,significant,distal_gene_count_residual,ridge,observability,20261119,,insufficient_rows_or_targets
3854,300,3,significant,distal_gene_count_residual,ridge,reproducibility,20261031,,insufficient_rows_or_targets
3858,300,3,significant,distal_gene_count_residual,ridge,no_state,20261013,,insufficient_rows_or_targets
3862,300,3,significant,distal_gene_count_residual,huber_regression,minimal,20260929,,insufficient_rows_or_targets
3866,300,3,significant,distal_gene_count_residual,huber_regression,observability,20260912,,insufficient_rows_or_targets
3870,300,3,significant,distal_gene_count_residual,huber_regression,observability,20261119,,insufficient_rows_or_targets
3874,300,3,significant,distal_gene_count_residual,huber_regression,reproducibility,20261031,,insufficient_rows_or_targets
3878,300,3,significant,distal_gene_count_residual,huber_regression,no_state,20261013,,insufficient_rows_or_targets
3882,300,3,significant,distal_gene_count_residual,sparse_nonlinear,minimal,20260929,,insufficient_rows_or_targets
3886,300,3,significant,distal_gene_count_residual,sparse_nonlinear,observability,20260912,,insufficient_rows_or_targets
3890,300,3,significant,distal_gene_count_residual,sparse_nonlinear,observability,20261119,,insufficient_rows_or_targets
3894,300,3,significant,distal_gene_count_residual,sparse_nonlinear,reproducibility,20261031,,insufficient_rows_or_targets
3898,300,3,significant,distal_gene_count_residual,sparse_nonlinear,no_state,20261013,,insufficient_rows_or_targets
3902,300,3,significant,distal_gene_count_residual,graph_readout,minimal,20260929,,insufficient_rows_or_targets
3906,300,3,significant,distal_gene_count_residual,graph_readout,observability,20260912,,insufficient_rows_or_targets
3910,300,3,significant,distal_gene_count_residual,graph_readout,observability,20261119,,insufficient_rows_or_targets
3914,300,3,significant,distal_gene_count_residual,graph_readout,reproducibility,20261031,,insufficient_rows_or_targets
3918,300,3,significant,distal_gene_count_residual,graph_readout,no_state,20261013,,insufficient_rows_or_targets
3922,300,3,significant,debiased_response_l2_gain,ridge,minimal,20260929,,insufficient_rows_or_targets
3926,300,3,significant,debiased_response_l2_gain,ridge,observability,20260912,,insufficient_rows_or_targets
3930,300,3,significant,debiased_response_l2_gain,ridge,observability,20261119,,insufficient_rows_or_targets
3934,300,3,significant,debiased_response_l2_gain,ridge,reproducibility,20261031,,insufficient_rows_or_targets
3938,300,3,significant,debiased_response_l2_gain,ridge,no_state,20261013,,insufficient_rows_or_targets
3942,300,3,significant,debiased_response_l2_gain,huber_regression,minimal,20260929,,insufficient_rows_or_targets
3946,300,3,significant,debiased_response_l2_gain,huber_regression,observability,20260912,,insufficient_rows_or_targets
3950,300,3,significant,debiased_response_l2_gain,huber_regression,observability,20261119,,insufficient_rows_or_targets
3954,300,3,significant,debiased_response_l2_gain,huber_regression,reproducibility,20261031,,insufficient_rows_or_targets
3958,300,3,significant,debiased_response_l2_gain,huber_regression,no_state,20261013,,insufficient_rows_or_targets
3962,300,3,significant,debiased_response_l2_gain,sparse_nonlinear,minimal,20260929,,insufficient_rows_or_targets
3966,300,3,significant,debiased_response_l2_gain,sparse_nonlinear,observability,20260912,,insufficient_rows_or_targets
3970,300,3,significant,debiased_response_l2_gain,sparse_nonlinear,observability,20261119,,insufficient_rows_or_targets
3974,300,3,significant,debiased_response_l2_gain,sparse_nonlinear,reproducibility,20261031,,insufficient_rows_or_targets
3978,300,3,significant,debiased_response_l2_gain,sparse_nonlinear,no_state,20261013,,insufficient_rows_or_targets
3982,300,3,significant,debiased_response_l2_gain,graph_readout,minimal,20260929,,insufficient_rows_or_targets
3986,300,3,significant,debiased_response_l2_gain,graph_readout,observability,20260912,,insufficient_rows_or_targets
3990,300,3,significant,debiased_response_l2_gain,graph_readout,observability,20261119,,insufficient_rows_or_targets
3994,300,3,significant,debiased_response_l2_gain,graph_readout,reproducibility,20261031,,insufficient_rows_or_targets
3998,300,3,significant,debiased_response_l2_gain,graph_readout,no_state,20261013,,insufficient_rows_or_targets
4002,300,3,significant,significant_response_l1_gain,ridge,minimal,20260929,,insufficient_rows_or_targets
4006,300,3,significant,significant_response_l1_gain,ridge,observability,20260912,,insufficient_rows_or_targets
4010,300,3,significant,significant_response_l1_gain,ridge,observability,20261119,,insufficient_rows_or_targets
4014,300,3,significant,significant_response_l1_gain,ridge,reproducibility,20261031,,insufficient_rows_or_targets
4018,300,3,significant,significant_response_l1_gain,ridge,no_state,20261013,,insufficient_rows_or_targets
4022,300,3,significant,significant_response_l1_gain,huber_regression,minimal,20260929,,insufficient_rows_or_targets
4026,300,3,significant,significant_response_l1_gain,huber_regression,observability,20260912,,insufficient_rows_or_targets
4030,300,3,significant,significant_response_l1_gain,huber_regression,observability,20261119,,insufficient_rows_or_targets
4034,300,3,significant,significant_response_l1_gain,huber_regression,reproducibility,20261031,,insufficient_rows_or_targets
4038,300,3,significant,significant_response_l1_gain,huber_regression,no_state,20261013,,insufficient_rows_or_targets
4042,300,3,significant,significant_response_l1_gain,sparse_nonlinear,minimal,20260929,,insufficient_rows_or_targets
4046,300,3,significant,significant_response_l1_gain,sparse_nonlinear,observability,20260912,,insufficient_rows_or_targets
4050,300,3,significant,significant_response_l1_gain,sparse_nonlinear,observability,20261119,,insufficient_rows_or_targets
4054,300,3,significant,significant_response_l1_gain,sparse_nonlinear,reproducibility,20261031,,insufficient_rows_or_targets
4058,300,3,significant,significant_response_l1_gain,sparse_nonlinear,no_state,20261013,,insufficient_rows_or_targets
4062,300,3,significant,significant_response_l1_gain,graph_readout,minimal,20260929,,insufficient_rows_or_targets
4066,300,3,significant,significant_response_l1_gain,graph_readout,observability,20260912,,insufficient_rows_or_targets
4070,300,3,significant,significant_response_l1_gain,graph_readout,observability,20261119,,insufficient_rows_or_targets
4074,300,3,significant,significant_response_l1_gain,graph_readout,reproducibility,20261031,,insufficient_rows_or_targets
4078,300,3,significant,significant_response_l1_gain,graph_readout,no_state,20261013,,insufficient_rows_or_targets
4082,300,3,significant_and_absolute_z_at_least_2,distal_gene_count_residual,ridge,minimal,20260929,,insufficient_rows_or_targets
4086,300,3,significant_and_absolute_z_at_least_2,distal_gene_count_residual,ridge,observability,20260912,,insufficient_rows_or_targets
4090,300,3,significant_and_absolute_z_at_least_2,distal_gene_count_residual,ridge,observability,20261119,,insufficient_rows_or_targets
4094,300,3,significant_and_absolute_z_at_least_2,distal_gene_count_residual,ridge,reproducibility,20261031,,insufficient_rows_or_targets
4098,300,3,significant_and_absolute_z_at_least_2,distal_gene_count_residual,ridge,no_state,20261013,,insufficient_rows_or_targets
4102,300,3,significant_and_absolute_z_at_least_2,distal_gene_count_residual,huber_regression,minimal,20260929,,insufficient_rows_or_targets
4106,300,3,significant_and_absolute_z_at_least_2,distal_gene_count_residual,huber_regression,observability,20260912,,insufficient_rows_or_targets
4110,300,3,significant_and_absolute_z_at_least_2,distal_gene_count_residual,huber_regression,observability,20261119,,insufficient_rows_or_targets
4114,300,3,significant_and_absolute_z_at_least_2,distal_gene_count_residual,huber_regression,reproducibility,20261031,,insufficient_rows_or_targets
4118,300,3,significant_and_absolute_z_at_least_2,distal_gene_count_residual,huber_regression,no_state,20261013,,insufficient_rows_or_targets
4122,300,3,significant_and_absolute_z_at_least_2,distal_gene_count_residual,sparse_nonlinear,minimal,20260929,,insufficient_rows_or_targets
4126,300,3,significant_and_absolute_z_at_least_2,distal_gene_count_residual,sparse_nonlinear,observability,20260912,,insufficient_rows_or_targets
4130,300,3,significant_and_absolute_z_at_least_2,distal_gene_count_residual,sparse_nonlinear,observability,20261119,,insufficient_rows_or_targets
4134,300,3,significant_and_absolute_z_at_least_2,distal_gene_count_residual,sparse_nonlinear,reproducibility,20261031,,insufficient_rows_or_targets
4138,300,3,significant_and_absolute_z_at_least_2,distal_gene_count_residual,sparse_nonlinear,no_state,20261013,,insufficient_rows_or_targets
4142,300,3,significant_and_absolute_z_at_least_2,distal_gene_count_residual,graph_readout,minimal,20260929,,insufficient_rows_or_targets
4146,300,3,significant_and_absolute_z_at_least_2,distal_gene_count_residual,graph_readout,observability,20260912,,insufficient_rows_or_targets
4150,300,3,significant_and_absolute_z_at_least_2,distal_gene_count_residual,graph_readout,observability,20261119,,insufficient_rows_or_targets
4154,300,3,significant_and_absolute_z_at_least_2,distal_gene_count_residual,graph_readout,reproducibility,20261031,,insufficient_rows_or_targets
4158,300,3,significant_and_absolute_z_at_least_2,distal_gene_count_residual,graph_readout,no_state,20261013,,insufficient_rows_or_targets
4162,300,3,significant_and_absolute_z_at_least_2,debiased_response_l2_gain,ridge,minimal,20260929,,insufficient_rows_or_targets
4166,300,3,significant_and_absolute_z_at_least_2,debiased_response_l2_gain,ridge,observability,20260912,,insufficient_rows_or_targets
4170,300,3,significant_and_absolute_z_at_least_2,debiased_response_l2_gain,ridge,observability,20261119,,insufficient_rows_or_targets
4174,300,3,significant_and_absolute_z_at_least_2,debiased_response_l2_gain,ridge,reproducibility,20261031,,insufficient_rows_or_targets
4178,300,3,significant_and_absolute_z_at_least_2,debiased_response_l2_gain,ridge,no_state,20261013,,insufficient_rows_or_targets
4182,300,3,significant_and_absolute_z_at_least_2,debiased_response_l2_gain,huber_regression,minimal,20260929,,insufficient_rows_or_targets
4186,300,3,significant_and_absolute_z_at_least_2,debiased_response_l2_gain,huber_regression,observability,20260912,,insufficient_rows_or_targets
4190,300,3,significant_and_absolute_z_at_least_2,debiased_response_l2_gain,huber_regression,observability,20261119,,insufficient_rows_or_targets
4194,300,3,significant_and_absolute_z_at_least_2,debiased_response_l2_gain,huber_regression,reproducibility,20261031,,insufficient_rows_or_targets
4198,300,3,significant_and_absolute_z_at_least_2,debiased_response_l2_gain,huber_regression,no_state,20261013,,insufficient_rows_or_targets
4202,300,3,significant_and_absolute_z_at_least_2,debiased_response_l2_gain,sparse_nonlinear,minimal,20260929,,insufficient_rows_or_targets
4206,300,3,significant_and_absolute_z_at_least_2,debiased_response_l2_gain,sparse_nonlinear,observability,20260912,,insufficient_rows_or_targets
4210,300,3,significant_and_absolute_z_at_least_2,debiased_response_l2_gain,sparse_nonlinear,observability,20261119,,insufficient_rows_or_targets
4214,300,3,significant_and_absolute_z_at_least_2,debiased_response_l2_gain,sparse_nonlinear,reproducibility,20261031,,insufficient_rows_or_targets
4218,300,3,significant_and_absolute_z_at_least_2,debiased_response_l2_gain,sparse_nonlinear,no_state,20261013,,insufficient_rows_or_targets
4222,300,3,significant_and_absolute_z_at_least_2,debiased_response_l2_gain,graph_readout,minimal,20260929,,insufficient_rows_or_targets
4226,300,3,significant_and_absolute_z_at_least_2,debiased_response_l2_gain,graph_readout,observability,20260912,,insufficient_rows_or_targets
4230,300,3,significant_and_absolute_z_at_least_2,debiased_response_l2_gain,graph_readout,observability,20261119,,insufficient_rows_or_targets
4234,300,3,significant_and_absolute_z_at_least_2,debiased_response_l2_gain,graph_readout,reproducibility,20261031,,insufficient_rows_or_targets
4238,300,3,significant_and_absolute_z_at_least_2,debiased_response_l2_gain,graph_readout,no_state,20261013,,insufficient_rows_or_targets
4242,300,3,significant_and_absolute_z_at_least_2,significant_response_l1_gain,ridge,minimal,20260929,,insufficient_rows_or_targets
4246,300,3,significant_and_absolute_z_at_least_2,significant_response_l1_gain,ridge,observability,20260912,,insufficient_rows_or_targets
4250,300,3,significant_and_absolute_z_at_least_2,significant_response_l1_gain,ridge,observability,20261119,,insufficient_rows_or_targets
4254,300,3,significant_and_absolute_z_at_least_2,significant_response_l1_gain,ridge,reproducibility,20261031,,insufficient_rows_or_targets
4258,300,3,significant_and_absolute_z_at_least_2,significant_response_l1_gain,ridge,no_state,20261013,,insufficient_rows_or_targets
4262,300,3,significant_and_absolute_z_at_least_2,significant_response_l1_gain,huber_regression,minimal,20260929,,insufficient_rows_or_targets
4266,300,3,significant_and_absolute_z_at_least_2,significant_response_l1_gain,huber_regression,observability,20260912,,insufficient_rows_or_targets
4270,300,3,significant_and_absolute_z_at_least_2,significant_response_l1_gain,huber_regression,observability,20261119,,insufficient_rows_or_targets
4274,300,3,significant_and_absolute_z_at_least_2,significant_response_l1_gain,huber_regression,reproducibility,20261031,,insufficient_rows_or_targets
4278,300,3,significant_and_absolute_z_at_least_2,significant_response_l1_gain,huber_regression,no_state,20261013,,insufficient_rows_or_targets
4282,300,3,significant_and_absolute_z_at_least_2,significant_response_l1_gain,sparse_nonlinear,minimal,20260929,,insufficient_rows_or_targets
4286,300,3,significant_and_absolute_z_at_least_2,significant_response_l1_gain,sparse_nonlinear,observability,20260912,,insufficient_rows_or_targets
4290,300,3,significant_and_absolute_z_at_least_2,significant_response_l1_gain,sparse_nonlinear,observability,20261119,,insufficient_rows_or_targets
4294,300,3,significant_and_absolute_z_at_least_2,significant_response_l1_gain,sparse_nonlinear,reproducibility,20261031,,insufficient_rows_or_targets
4298,300,3,significant_and_absolute_z_at_least_2,significant_response_l1_gain,sparse_nonlinear,no_state,20261013,,insufficient_rows_or_targets
4302,300,3,significant_and_absolute_z_at_least_2,significant_response_l1_gain,graph_readout,minimal,20260929,,insufficient_rows_or_targets
4306,300,3,significant_and_absolute_z_at_least_2,significant_response_l1_gain,graph_readout,observability,20260912,,insufficient_rows_or_targets
4310,300,3,significant_and_absolute_z_at_least_2,significant_response_l1_gain,graph_readout,observability,20261119,,insufficient_rows_or_targets
4314,300,3,significant_and_absolute_z_at_least_2,significant_response_l1_gain,graph_readout,reproducibility,20261031,,insufficient_rows_or_targets
4318,300,3,significant_and_absolute_z_at_least_2,significant_response_l1_gain,graph_readout,no_state,20261013,,insufficient_rows_or_targets
963,100,3,significant,distal_gene_count_residual,ridge,minimal,20261013,,insufficient_rows_or_targets
967,100,3,significant,distal_gene_count_residual,ridge,observability,20260929,,insufficient_rows_or_targets
971,100,3,significant,distal_gene_count_residual,ridge,reproducibility,20260912,,insufficient_rows_or_targets
975,100,3,significant,distal_gene_count_residual,ridge,reproducibility,20261119,,insufficient_rows_or_targets
979,100,3,significant,distal_gene_count_residual,ridge,no_state,20261031,,insufficient_rows_or_targets
983,100,3,significant,distal_gene_count_residual,huber_regression,minimal,20261013,,insufficient_rows_or_targets
987,100,3,significant,distal_gene_count_residual,huber_regression,observability,20260929,,insufficient_rows_or_targets
991,100,3,significant,distal_gene_count_residual,huber_regression,reproducibility,20260912,,insufficient_rows_or_targets
995,100,3,significant,distal_gene_count_residual,huber_regression,reproducibility,20261119,,insufficient_rows_or_targets
999,100,3,significant,distal_gene_count_residual,huber_regression,no_state,20261031,,insufficient_rows_or_targets
1003,100,3,significant,distal_gene_count_residual,sparse_nonlinear,minimal,20261013,,insufficient_rows_or_targets
1007,100,3,significant,distal_gene_count_residual,sparse_nonlinear,observability,20260929,,insufficient_rows_or_targets
1011,100,3,significant,distal_gene_count_residual,sparse_nonlinear,reproducibility,20260912,,insufficient_rows_or_targets
1015,100,3,significant,distal_gene_count_residual,sparse_nonlinear,reproducibility,20261119,,insufficient_rows_or_targets
1019,100,3,significant,distal_gene_count_residual,sparse_nonlinear,no_state,20261031,,insufficient_rows_or_targets
1023,100,3,significant,distal_gene_count_residual,graph_readout,minimal,20261013,,insufficient_rows_or_targets
1027,100,3,significant,distal_gene_count_residual,graph_readout,observability,20260929,,insufficient_rows_or_targets
1031,100,3,significant,distal_gene_count_residual,graph_readout,reproducibility,20260912,,insufficient_rows_or_targets
1035,100,3,significant,distal_gene_count_residual,graph_readout,reproducibility,20261119,,insufficient_rows_or_targets
1039,100,3,significant,distal_gene_count_residual,graph_readout,no_state,20261031,,insufficient_rows_or_targets
1043,100,3,significant,debiased_response_l2_gain,ridge,minimal,20261013,,insufficient_rows_or_targets
1047,100,3,significant,debiased_response_l2_gain,ridge,observability,20260929,,insufficient_rows_or_targets
1051,100,3,significant,debiased_response_l2_gain,ridge,reproducibility,20260912,,insufficient_rows_or_targets
1055,100,3,significant,debiased_response_l2_gain,ridge,reproducibility,20261119,,insufficient_rows_or_targets
1059,100,3,significant,debiased_response_l2_gain,ridge,no_state,20261031,,insufficient_rows_or_targets
1063,100,3,significant,debiased_response_l2_gain,huber_regression,minimal,20261013,,insufficient_rows_or_targets
1067,100,3,significant,debiased_response_l2_gain,huber_regression,observability,20260929,,insufficient_rows_or_targets
1071,100,3,significant,debiased_response_l2_gain,huber_regression,reproducibility,20260912,,insufficient_rows_or_targets
1075,100,3,significant,debiased_response_l2_gain,huber_regression,reproducibility,20261119,,insufficient_rows_or_targets
1079,100,3,significant,debiased_response_l2_gain,huber_regression,no_state,20261031,,insufficient_rows_or_targets
1083,100,3,significant,debiased_response_l2_gain,sparse_nonlinear,minimal,20261013,,insufficient_rows_or_targets
1087,100,3,significant,debiased_response_l2_gain,sparse_nonlinear,observability,20260929,,insufficient_rows_or_targets
1091,100,3,significant,debiased_response_l2_gain,sparse_nonlinear,reproducibility,20260912,,insufficient_rows_or_targets
1095,100,3,significant,debiased_response_l2_gain,sparse_nonlinear,reproducibility,20261119,,insufficient_rows_or_targets
1099,100,3,significant,debiased_response_l2_gain,sparse_nonlinear,no_state,20261031,,insufficient_rows_or_targets
1103,100,3,significant,debiased_response_l2_gain,graph_readout,minimal,20261013,,insufficient_rows_or_targets
1107,100,3,significant,debiased_response_l2_gain,graph_readout,observability,20260929,,insufficient_rows_or_targets
1111,100,3,significant,debiased_response_l2_gain,graph_readout,reproducibility,20260912,,insufficient_rows_or_targets
1115,100,3,significant,debiased_response_l2_gain,graph_readout,reproducibility,20261119,,insufficient_rows_or_targets
1119,100,3,significant,debiased_response_l2_gain,graph_readout,no_state,20261031,,insufficient_rows_or_targets
1123,100,3,significant,significant_response_l1_gain,ridge,minimal,20261013,,insufficient_rows_or_targets
1127,100,3,significant,significant_response_l1_gain,ridge,observability,20260929,,insufficient_rows_or_targets
1131,100,3,significant,significant_response_l1_gain,ridge,reproducibility,20260912,,insufficient_rows_or_targets
1135,100,3,significant,significant_response_l1_gain,ridge,reproducibility,20261119,,insufficient_rows_or_targets
1139,100,3,significant,significant_response_l1_gain,ridge,no_state,20261031,,insufficient_rows_or_targets
1143,100,3,significant,significant_response_l1_gain,huber_regression,minimal,20261013,,insufficient_rows_or_targets
1147,100,3,significant,significant_response_l1_gain,huber_regression,observability,20260929,,insufficient_rows_or_targets
1151,100,3,significant,significant_response_l1_gain,huber_regression,reproducibility,20260912,,insufficient_rows_or_targets
1155,100,3,significant,significant_response_l1_gain,huber_regression,reproducibility,20261119,,insufficient_rows_or_targets
1159,100,3,significant,significant_response_l1_gain,huber_regression,no_state,20261031,,insufficient_rows_or_targets
1163,100,3,significant,significant_response_l1_gain,sparse_nonlinear,minimal,20261013,,insufficient_rows_or_targets
1167,100,3,significant,significant_response_l1_gain,sparse_nonlinear,observability,20260929,,insufficient_rows_or_targets
1171,100,3,significant,significant_response_l1_gain,sparse_nonlinear,reproducibility,20260912,,insufficient_rows_or_targets
1175,100,3,significant,significant_response_l1_gain,sparse_nonlinear,reproducibility,20261119,,insufficient_rows_or_targets
1179,100,3,significant,significant_response_l1_gain,sparse_nonlinear,no_state,20261031,,insufficient_rows_or_targets
1183,100,3,significant,significant_response_l1_gain,graph_readout,minimal,20261013,,insufficient_rows_or_targets
1187,100,3,significant,significant_response_l1_gain,graph_readout,observability,20260929,,insufficient_rows_or_targets
1191,100,3,significant,significant_response_l1_gain,graph_readout,reproducibility,20260912,,insufficient_rows_or_targets
1195,100,3,significant,significant_response_l1_gain,graph_readout,reproducibility,20261119,,insufficient_rows_or_targets
1199,100,3,significant,significant_response_l1_gain,graph_readout,no_state,20261031,,insufficient_rows_or_targets
1203,100,3,significant_and_absolute_z_at_least_2,distal_gene_count_residual,ridge,minimal,20261013,,insufficient_rows_or_targets
1207,100,3,significant_and_absolute_z_at_least_2,distal_gene_count_residual,ridge,observability,20260929,,insufficient_rows_or_targets
1211,100,3,significant_and_absolute_z_at_least_2,distal_gene_count_residual,ridge,reproducibility,20260912,,insufficient_rows_or_targets
1215,100,3,significant_and_absolute_z_at_least_2,distal_gene_count_residual,ridge,reproducibility,20261119,,insufficient_rows_or_targets
1219,100,3,significant_and_absolute_z_at_least_2,distal_gene_count_residual,ridge,no_state,20261031,,insufficient_rows_or_targets
1223,100,3,significant_and_absolute_z_at_least_2,distal_gene_count_residual,huber_regression,minimal,20261013,,insufficient_rows_or_targets
1227,100,3,significant_and_absolute_z_at_least_2,distal_gene_count_residual,huber_regression,observability,20260929,,insufficient_rows_or_targets
1231,100,3,significant_and_absolute_z_at_least_2,distal_gene_count_residual,huber_regression,reproducibility,20260912,,insufficient_rows_or_targets
1235,100,3,significant_and_absolute_z_at_least_2,distal_gene_count_residual,huber_regression,reproducibility,20261119,,insufficient_rows_or_targets
1239,100,3,significant_and_absolute_z_at_least_2,distal_gene_count_residual,huber_regression,no_state,20261031,,insufficient_rows_or_targets
1243,100,3,significant_and_absolute_z_at_least_2,distal_gene_count_residual,sparse_nonlinear,minimal,20261013,,insufficient_rows_or_targets
1247,100,3,significant_and_absolute_z_at_least_2,distal_gene_count_residual,sparse_nonlinear,observability,20260929,,insufficient_rows_or_targets
1251,100,3,significant_and_absolute_z_at_least_2,distal_gene_count_residual,sparse_nonlinear,reproducibility,20260912,,insufficient_rows_or_targets
1255,100,3,significant_and_absolute_z_at_least_2,distal_gene_count_residual,sparse_nonlinear,reproducibility,20261119,,insufficient_rows_or_targets
1259,100,3,significant_and_absolute_z_at_least_2,distal_gene_count_residual,sparse_nonlinear,no_state,20261031,,insufficient_rows_or_targets
1263,100,3,significant_and_absolute_z_at_least_2,distal_gene_count_residual,graph_readout,minimal,20261013,,insufficient_rows_or_targets
1267,100,3,significant_and_absolute_z_at_least_2,distal_gene_count_residual,graph_readout,observability,20260929,,insufficient_rows_or_targets
1271,100,3,significant_and_absolute_z_at_least_2,distal_gene_count_residual,graph_readout,reproducibility,20260912,,insufficient_rows_or_targets
1275,100,3,significant_and_absolute_z_at_least_2,distal_gene_count_residual,graph_readout,reproducibility,20261119,,insufficient_rows_or_targets
1279,100,3,significant_and_absolute_z_at_least_2,distal_gene_count_residual,graph_readout,no_state,20261031,,insufficient_rows_or_targets
1283,100,3,significant_and_absolute_z_at_least_2,debiased_response_l2_gain,ridge,minimal,20261013,,insufficient_rows_or_targets
1287,100,3,significant_and_absolute_z_at_least_2,debiased_response_l2_gain,ridge,observability,20260929,,insufficient_rows_or_targets
1291,100,3,significant_and_absolute_z_at_least_2,debiased_response_l2_gain,ridge,reproducibility,20260912,,insufficient_rows_or_targets
1295,100,3,significant_and_absolute_z_at_least_2,debiased_response_l2_gain,ridge,reproducibility,20261119,,insufficient_rows_or_targets
1299,100,3,significant_and_absolute_z_at_least_2,debiased_response_l2_gain,ridge,no_state,20261031,,insufficient_rows_or_targets
1303,100,3,significant_and_absolute_z_at_least_2,debiased_response_l2_gain,huber_regression,minimal,20261013,,insufficient_rows_or_targets
1307,100,3,significant_and_absolute_z_at_least_2,debiased_response_l2_gain,huber_regression,observability,20260929,,insufficient_rows_or_targets
1311,100,3,significant_and_absolute_z_at_least_2,debiased_response_l2_gain,huber_regression,reproducibility,20260912,,insufficient_rows_or_targets
1315,100,3,significant_and_absolute_z_at_least_2,debiased_response_l2_gain,huber_regression,reproducibility,20261119,,insufficient_rows_or_targets
1319,100,3,significant_and_absolute_z_at_least_2,debiased_response_l2_gain,huber_regression,no_state,20261031,,insufficient_rows_or_targets
1323,100,3,significant_and_absolute_z_at_least_2,debiased_response_l2_gain,sparse_nonlinear,minimal,20261013,,insufficient_rows_or_targets
1327,100,3,significant_and_absolute_z_at_least_2,debiased_response_l2_gain,sparse_nonlinear,observability,20260929,,insufficient_rows_or_targets
1331,100,3,significant_and_absolute_z_at_least_2,debiased_response_l2_gain,sparse_nonlinear,reproducibility,20260912,,insufficient_rows_or_targets
1335,100,3,significant_and_absolute_z_at_least_2,debiased_response_l2_gain,sparse_nonlinear,reproducibility,20261119,,insufficient_rows_or_targets
1339,100,3,significant_and_absolute_z_at_least_2,debiased_response_l2_gain,sparse_nonlinear,no_state,20261031,,insufficient_rows_or_targets
1343,100,3,significant_and_absolute_z_at_least_2,debiased_response_l2_gain,graph_readout,minimal,20261013,,insufficient_rows_or_targets
1347,100,3,significant_and_absolute_z_at_least_2,debiased_response_l2_gain,graph_readout,observability,20260929,,insufficient_rows_or_targets
1351,100,3,significant_and_absolute_z_at_least_2,debiased_response_l2_gain,graph_readout,reproducibility,20260912,,insufficient_rows_or_targets
1355,100,3,significant_and_absolute_z_at_least_2,debiased_response_l2_gain,graph_readout,reproducibility,20261119,,insufficient_rows_or_targets
1359,100,3,significant_and_absolute_z_at_least_2,debiased_response_l2_gain,graph_readout,no_state,20261031,,insufficient_rows_or_targets
1363,100,3,significant_and_absolute_z_at_least_2,significant_response_l1_gain,ridge,minimal,20261013,,insufficient_rows_or_targets
1367,100,3,significant_and_absolute_z_at_least_2,significant_response_l1_gain,ridge,observability,20260929,,insufficient_rows_or_targets
1371,100,3,significant_and_absolute_z_at_least_2,significant_response_l1_gain,ridge,reproducibility,20260912,,insufficient_rows_or_targets
1375,100,3,significant_and_absolute_z_at_least_2,significant_response_l1_gain,ridge,reproducibility,20261119,,insufficient_rows_or_targets
1379,100,3,significant_and_absolute_z_at_least_2,significant_response_l1_gain,ridge,no_state,20261031,,insufficient_rows_or_targets
1383,100,3,significant_and_absolute_z_at_least_2,significant_response_l1_gain,huber_regression,minimal,20261013,,insufficient_rows_or_targets
1387,100,3,significant_and_absolute_z_at_least_2,significant_response_l1_gain,huber_regression,observability,20260929,,insufficient_rows_or_targets
1391,100,3,significant_and_absolute_z_at_least_2,significant_response_l1_gain,huber_regression,reproducibility,20260912,,insufficient_rows_or_targets
1395,100,3,significant_and_absolute_z_at_least_2,significant_response_l1_gain,huber_regression,reproducibility,20261119,,insufficient_rows_or_targets
1399,100,3,significant_and_absolute_z_at_least_2,significant_response_l1_gain,huber_regression,no_state,20261031,,insufficient_rows_or_targets
1403,100,3,significant_and_absolute_z_at_least_2,significant_response_l1_gain,sparse_nonlinear,minimal,20261013,,insufficient_rows_or_targets
1407,100,3,significant_and_absolute_z_at_least_2,significant_response_l1_gain,sparse_nonlinear,observability,20260929,,insufficient_rows_or_targets
1411,100,3,significant_and_absolute_z_at_least_2,significant_response_l1_gain,sparse_nonlinear,reproducibility,20260912,,insufficient_rows_or_targets
1415,100,3,significant_and_absolute_z_at_least_2,significant_response_l1_gain,sparse_nonlinear,reproducibility,20261119,,insufficient_rows_or_targets
1419,100,3,significant_and_absolute_z_at_least_2,significant_response_l1_gain,sparse_nonlinear,no_state,20261031,,insufficient_rows_or_targets
1423,100,3,significant_and_absolute_z_at_least_2,significant_response_l1_gain,graph_readout,minimal,20261013,,insufficient_rows_or_targets
1427,100,3,significant_and_absolute_z_at_least_2,significant_response_l1_gain,graph_readout,observability,20260929,,insufficient_rows_or_targets
1431,100,3,significant_and_absolute_z_at_least_2,significant_response_l1_gain,graph_readout,reproducibility,20260912,,insufficient_rows_or_targets
1435,100,3,significant_and_absolute_z_at_least_2,significant_response_l1_gain,graph_readout,reproducibility,20261119,,insufficient_rows_or_targets
1439,100,3,significant_and_absolute_z_at_least_2,significant_response_l1_gain,graph_readout,no_state,20261031,,insufficient_rows_or_targets
2403,200,3,significant,distal_gene_count_residual,ridge,minimal,20261013,,insufficient_rows_or_targets
2407,200,3,significant,distal_gene_count_residual,ridge,observability,20260929,,insufficient_rows_or_targets
2411,200,3,significant,distal_gene_count_residual,ridge,reproducibility,20260912,,insufficient_rows_or_targets
2415,200,3,significant,distal_gene_count_residual,ridge,reproducibility,20261119,,insufficient_rows_or_targets
2419,200,3,significant,distal_gene_count_residual,ridge,no_state,20261031,,insufficient_rows_or_targets
2423,200,3,significant,distal_gene_count_residual,huber_regression,minimal,20261013,,insufficient_rows_or_targets
2427,200,3,significant,distal_gene_count_residual,huber_regression,observability,20260929,,insufficient_rows_or_targets
2431,200,3,significant,distal_gene_count_residual,huber_regression,reproducibility,20260912,,insufficient_rows_or_targets
2435,200,3,significant,distal_gene_count_residual,huber_regression,reproducibility,20261119,,insufficient_rows_or_targets
2439,200,3,significant,distal_gene_count_residual,huber_regression,no_state,20261031,,insufficient_rows_or_targets
2443,200,3,significant,distal_gene_count_residual,sparse_nonlinear,minimal,20261013,,insufficient_rows_or_targets
2447,200,3,significant,distal_gene_count_residual,sparse_nonlinear,observability,20260929,,insufficient_rows_or_targets
2451,200,3,significant,distal_gene_count_residual,sparse_nonlinear,reproducibility,20260912,,insufficient_rows_or_targets
2455,200,3,significant,distal_gene_count_residual,sparse_nonlinear,reproducibility,20261119,,insufficient_rows_or_targets
2459,200,3,significant,distal_gene_count_residual,sparse_nonlinear,no_state,20261031,,insufficient_rows_or_targets
2463,200,3,significant,distal_gene_count_residual,graph_readout,minimal,20261013,,insufficient_rows_or_targets
2467,200,3,significant,distal_gene_count_residual,graph_readout,observability,20260929,,insufficient_rows_or_targets
2471,200,3,significant,distal_gene_count_residual,graph_readout,reproducibility,20260912,,insufficient_rows_or_targets
2475,200,3,significant,distal_gene_count_residual,graph_readout,reproducibility,20261119,,insufficient_rows_or_targets
2479,200,3,significant,distal_gene_count_residual,graph_readout,no_state,20261031,,insufficient_rows_or_targets
2483,200,3,significant,debiased_response_l2_gain,ridge,minimal,20261013,,insufficient_rows_or_targets
2487,200,3,significant,debiased_response_l2_gain,ridge,observability,20260929,,insufficient_rows_or_targets
2491,200,3,significant,debiased_response_l2_gain,ridge,reproducibility,20260912,,insufficient_rows_or_targets
2495,200,3,significant,debiased_response_l2_gain,ridge,reproducibility,20261119,,insufficient_rows_or_targets
2499,200,3,significant,debiased_response_l2_gain,ridge,no_state,20261031,,insufficient_rows_or_targets
2503,200,3,significant,debiased_response_l2_gain,huber_regression,minimal,20261013,,insufficient_rows_or_targets
2507,200,3,significant,debiased_response_l2_gain,huber_regression,observability,20260929,,insufficient_rows_or_targets
2511,200,3,significant,debiased_response_l2_gain,huber_regression,reproducibility,20260912,,insufficient_rows_or_targets
2515,200,3,significant,debiased_response_l2_gain,huber_regression,reproducibility,20261119,,insufficient_rows_or_targets
2519,200,3,significant,debiased_response_l2_gain,huber_regression,no_state,20261031,,insufficient_rows_or_targets
2523,200,3,significant,debiased_response_l2_gain,sparse_nonlinear,minimal,20261013,,insufficient_rows_or_targets
2527,200,3,significant,debiased_response_l2_gain,sparse_nonlinear,observability,20260929,,insufficient_rows_or_targets
2531,200,3,significant,debiased_response_l2_gain,sparse_nonlinear,reproducibility,20260912,,insufficient_rows_or_targets
2535,200,3,significant,debiased_response_l2_gain,sparse_nonlinear,reproducibility,20261119,,insufficient_rows_or_targets
2539,200,3,significant,debiased_response_l2_gain,sparse_nonlinear,no_state,20261031,,insufficient_rows_or_targets
2543,200,3,significant,debiased_response_l2_gain,graph_readout,minimal,20261013,,insufficient_rows_or_targets
2547,200,3,significant,debiased_response_l2_gain,graph_readout,observability,20260929,,insufficient_rows_or_targets
2551,200,3,significant,debiased_response_l2_gain,graph_readout,reproducibility,20260912,,insufficient_rows_or_targets
2555,200,3,significant,debiased_response_l2_gain,graph_readout,reproducibility,20261119,,insufficient_rows_or_targets
2559,200,3,significant,debiased_response_l2_gain,graph_readout,no_state,20261031,,insufficient_rows_or_targets
2563,200,3,significant,significant_response_l1_gain,ridge,minimal,20261013,,insufficient_rows_or_targets
2567,200,3,significant,significant_response_l1_gain,ridge,observability,20260929,,insufficient_rows_or_targets
2571,200,3,significant,significant_response_l1_gain,ridge,reproducibility,20260912,,insufficient_rows_or_targets
2575,200,3,significant,significant_response_l1_gain,ridge,reproducibility,20261119,,insufficient_rows_or_targets
2579,200,3,significant,significant_response_l1_gain,ridge,no_state,20261031,,insufficient_rows_or_targets
2583,200,3,significant,significant_response_l1_gain,huber_regression,minimal,20261013,,insufficient_rows_or_targets
2587,200,3,significant,significant_response_l1_gain,huber_regression,observability,20260929,,insufficient_rows_or_targets
2591,200,3,significant,significant_response_l1_gain,huber_regression,reproducibility,20260912,,insufficient_rows_or_targets
2595,200,3,significant,significant_response_l1_gain,huber_regression,reproducibility,20261119,,insufficient_rows_or_targets
2599,200,3,significant,significant_response_l1_gain,huber_regression,no_state,20261031,,insufficient_rows_or_targets
2603,200,3,significant,significant_response_l1_gain,sparse_nonlinear,minimal,20261013,,insufficient_rows_or_targets
2607,200,3,significant,significant_response_l1_gain,sparse_nonlinear,observability,20260929,,insufficient_rows_or_targets
2611,200,3,significant,significant_response_l1_gain,sparse_nonlinear,reproducibility,20260912,,insufficient_rows_or_targets
2615,200,3,significant,significant_response_l1_gain,sparse_nonlinear,reproducibility,20261119,,insufficient_rows_or_targets
2619,200,3,significant,significant_response_l1_gain,sparse_nonlinear,no_state,20261031,,insufficient_rows_or_targets
2623,200,3,significant,significant_response_l1_gain,graph_readout,minimal,20261013,,insufficient_rows_or_targets
2627,200,3,significant,significant_response_l1_gain,graph_readout,observability,20260929,,insufficient_rows_or_targets
2631,200,3,significant,significant_response_l1_gain,graph_readout,reproducibility,20260912,,insufficient_rows_or_targets
2635,200,3,significant,significant_response_l1_gain,graph_readout,reproducibility,20261119,,insufficient_rows_or_targets
2639,200,3,significant,significant_response_l1_gain,graph_readout,no_state,20261031,,insufficient_rows_or_targets
2643,200,3,significant_and_absolute_z_at_least_2,distal_gene_count_residual,ridge,minimal,20261013,,insufficient_rows_or_targets
2647,200,3,significant_and_absolute_z_at_least_2,distal_gene_count_residual,ridge,observability,20260929,,insufficient_rows_or_targets
2651,200,3,significant_and_absolute_z_at_least_2,distal_gene_count_residual,ridge,reproducibility,20260912,,insufficient_rows_or_targets
2655,200,3,significant_and_absolute_z_at_least_2,distal_gene_count_residual,ridge,reproducibility,20261119,,insufficient_rows_or_targets
2659,200,3,significant_and_absolute_z_at_least_2,distal_gene_count_residual,ridge,no_state,20261031,,insufficient_rows_or_targets
2663,200,3,significant_and_absolute_z_at_least_2,distal_gene_count_residual,huber_regression,minimal,20261013,,insufficient_rows_or_targets
2667,200,3,significant_and_absolute_z_at_least_2,distal_gene_count_residual,huber_regression,observability,20260929,,insufficient_rows_or_targets
2671,200,3,significant_and_absolute_z_at_least_2,distal_gene_count_residual,huber_regression,reproducibility,20260912,,insufficient_rows_or_targets
2675,200,3,significant_and_absolute_z_at_least_2,distal_gene_count_residual,huber_regression,reproducibility,20261119,,insufficient_rows_or_targets
2679,200,3,significant_and_absolute_z_at_least_2,distal_gene_count_residual,huber_regression,no_state,20261031,,insufficient_rows_or_targets
2683,200,3,significant_and_absolute_z_at_least_2,distal_gene_count_residual,sparse_nonlinear,minimal,20261013,,insufficient_rows_or_targets
2687,200,3,significant_and_absolute_z_at_least_2,distal_gene_count_residual,sparse_nonlinear,observability,20260929,,insufficient_rows_or_targets
2691,200,3,significant_and_absolute_z_at_least_2,distal_gene_count_residual,sparse_nonlinear,reproducibility,20260912,,insufficient_rows_or_targets
2695,200,3,significant_and_absolute_z_at_least_2,distal_gene_count_residual,sparse_nonlinear,reproducibility,20261119,,insufficient_rows_or_targets
2699,200,3,significant_and_absolute_z_at_least_2,distal_gene_count_residual,sparse_nonlinear,no_state,20261031,,insufficient_rows_or_targets
2703,200,3,significant_and_absolute_z_at_least_2,distal_gene_count_residual,graph_readout,minimal,20261013,,insufficient_rows_or_targets
2707,200,3,significant_and_absolute_z_at_least_2,distal_gene_count_residual,graph_readout,observability,20260929,,insufficient_rows_or_targets
2711,200,3,significant_and_absolute_z_at_least_2,distal_gene_count_residual,graph_readout,reproducibility,20260912,,insufficient_rows_or_targets
2715,200,3,significant_and_absolute_z_at_least_2,distal_gene_count_residual,graph_readout,reproducibility,20261119,,insufficient_rows_or_targets
2719,200,3,significant_and_absolute_z_at_least_2,distal_gene_count_residual,graph_readout,no_state,20261031,,insufficient_rows_or_targets
2723,200,3,significant_and_absolute_z_at_least_2,debiased_response_l2_gain,ridge,minimal,20261013,,insufficient_rows_or_targets
2727,200,3,significant_and_absolute_z_at_least_2,debiased_response_l2_gain,ridge,observability,20260929,,insufficient_rows_or_targets
2731,200,3,significant_and_absolute_z_at_least_2,debiased_response_l2_gain,ridge,reproducibility,20260912,,insufficient_rows_or_targets
2735,200,3,significant_and_absolute_z_at_least_2,debiased_response_l2_gain,ridge,reproducibility,20261119,,insufficient_rows_or_targets
2739,200,3,significant_and_absolute_z_at_least_2,debiased_response_l2_gain,ridge,no_state,20261031,,insufficient_rows_or_targets
2743,200,3,significant_and_absolute_z_at_least_2,debiased_response_l2_gain,huber_regression,minimal,20261013,,insufficient_rows_or_targets
2747,200,3,significant_and_absolute_z_at_least_2,debiased_response_l2_gain,huber_regression,observability,20260929,,insufficient_rows_or_targets
2751,200,3,significant_and_absolute_z_at_least_2,debiased_response_l2_gain,huber_regression,reproducibility,20260912,,insufficient_rows_or_targets
2755,200,3,significant_and_absolute_z_at_least_2,debiased_response_l2_gain,huber_regression,reproducibility,20261119,,insufficient_rows_or_targets
2759,200,3,significant_and_absolute_z_at_least_2,debiased_response_l2_gain,huber_regression,no_state,20261031,,insufficient_rows_or_targets
2763,200,3,significant_and_absolute_z_at_least_2,debiased_response_l2_gain,sparse_nonlinear,minimal,20261013,,insufficient_rows_or_targets
2767,200,3,significant_and_absolute_z_at_least_2,debiased_response_l2_gain,sparse_nonlinear,observability,20260929,,insufficient_rows_or_targets
2771,200,3,significant_and_absolute_z_at_least_2,debiased_response_l2_gain,sparse_nonlinear,reproducibility,20260912,,insufficient_rows_or_targets
2775,200,3,significant_and_absolute_z_at_least_2,debiased_response_l2_gain,sparse_nonlinear,reproducibility,20261119,,insufficient_rows_or_targets
2779,200,3,significant_and_absolute_z_at_least_2,debiased_response_l2_gain,sparse_nonlinear,no_state,20261031,,insufficient_rows_or_targets
2783,200,3,significant_and_absolute_z_at_least_2,debiased_response_l2_gain,graph_readout,minimal,20261013,,insufficient_rows_or_targets
2787,200,3,significant_and_absolute_z_at_least_2,debiased_response_l2_gain,graph_readout,observability,20260929,,insufficient_rows_or_targets
2791,200,3,significant_and_absolute_z_at_least_2,debiased_response_l2_gain,graph_readout,reproducibility,20260912,,insufficient_rows_or_targets
2795,200,3,significant_and_absolute_z_at_least_2,debiased_response_l2_gain,graph_readout,reproducibility,20261119,,insufficient_rows_or_targets
2799,200,3,significant_and_absolute_z_at_least_2,debiased_response_l2_gain,graph_readout,no_state,20261031,,insufficient_rows_or_targets
2803,200,3,significant_and_absolute_z_at_least_2,significant_response_l1_gain,ridge,minimal,20261013,,insufficient_rows_or_targets
2807,200,3,significant_and_absolute_z_at_least_2,significant_response_l1_gain,ridge,observability,20260929,,insufficient_rows_or_targets
2811,200,3,significant_and_absolute_z_at_least_2,significant_response_l1_gain,ridge,reproducibility,20260912,,insufficient_rows_or_targets
2815,200,3,significant_and_absolute_z_at_least_2,significant_response_l1_gain,ridge,reproducibility,20261119,,insufficient_rows_or_targets
2819,200,3,significant_and_absolute_z_at_least_2,significant_response_l1_gain,ridge,no_state,20261031,,insufficient_rows_or_targets
2823,200,3,significant_and_absolute_z_at_least_2,significant_response_l1_gain,huber_regression,minimal,20261013,,insufficient_rows_or_targets
2827,200,3,significant_and_absolute_z_at_least_2,significant_response_l1_gain,huber_regression,observability,20260929,,insufficient_rows_or_targets
2831,200,3,significant_and_absolute_z_at_least_2,significant_response_l1_gain,huber_regression,reproducibility,20260912,,insufficient_rows_or_targets
2835,200,3,significant_and_absolute_z_at_least_2,significant_response_l1_gain,huber_regression,reproducibility,20261119,,insufficient_rows_or_targets
2839,200,3,significant_and_absolute_z_at_least_2,significant_response_l1_gain,huber_regression,no_state,20261031,,insufficient_rows_or_targets
2843,200,3,significant_and_absolute_z_at_least_2,significant_response_l1_gain,sparse_nonlinear,minimal,20261013,,insufficient_rows_or_targets
2847,200,3,significant_and_absolute_z_at_least_2,significant_response_l1_gain,sparse_nonlinear,observability,20260929,,insufficient_rows_or_targets
2851,200,3,significant_and_absolute_z_at_least_2,significant_response_l1_gain,sparse_nonlinear,reproducibility,20260912,,insufficient_rows_or_targets
2855,200,3,significant_and_absolute_z_at_least_2,significant_response_l1_gain,sparse_nonlinear,reproducibility,20261119,,insufficient_rows_or_targets
2859,200,3,significant_and_absolute_z_at_least_2,significant_response_l1_gain,sparse_nonlinear,no_state,20261031,,insufficient_rows_or_targets
2863,200,3,significant_and_absolute_z_at_least_2,significant_response_l1_gain,graph_readout,minimal,20261013,,insufficient_rows_or_targets
2867,200,3,significant_and_absolute_z_at_least_2,significant_response_l1_gain,graph_readout,observability,20260929,,insufficient_rows_or_targets
2871,200,3,significant_and_absolute_z_at_least_2,significant_response_l1_gain,graph_readout,reproducibility,20260912,,insufficient_rows_or_targets
2875,200,3,significant_and_absolute_z_at_least_2,significant_response_l1_gain,graph_readout,reproducibility,20261119,,insufficient_rows_or_targets
2879,200,3,significant_and_absolute_z_at_least_2,significant_response_l1_gain,graph_readout,no_state,20261031,,insufficient_rows_or_targets
3843,300,3,significant,distal_gene_count_residual,ridge,minimal,20261013,,insufficient_rows_or_targets
3847,300,3,significant,distal_gene_count_residual,ridge,observability,20260929,,insufficient_rows_or_targets
3851,300,3,significant,distal_gene_count_residual,ridge,reproducibility,20260912,,insufficient_rows_or_targets
3855,300,3,significant,distal_gene_count_residual,ridge,reproducibility,20261119,,insufficient_rows_or_targets
3859,300,3,significant,distal_gene_count_residual,ridge,no_state,20261031,,insufficient_rows_or_targets
3863,300,3,significant,distal_gene_count_residual,huber_regression,minimal,20261013,,insufficient_rows_or_targets
3867,300,3,significant,distal_gene_count_residual,huber_regression,observability,20260929,,insufficient_rows_or_targets
3871,300,3,significant,distal_gene_count_residual,huber_regression,reproducibility,20260912,,insufficient_rows_or_targets
3875,300,3,significant,distal_gene_count_residual,huber_regression,reproducibility,20261119,,insufficient_rows_or_targets
3879,300,3,significant,distal_gene_count_residual,huber_regression,no_state,20261031,,insufficient_rows_or_targets
3883,300,3,significant,distal_gene_count_residual,sparse_nonlinear,minimal,20261013,,insufficient_rows_or_targets
3887,300,3,significant,distal_gene_count_residual,sparse_nonlinear,observability,20260929,,insufficient_rows_or_targets
3891,300,3,significant,distal_gene_count_residual,sparse_nonlinear,reproducibility,20260912,,insufficient_rows_or_targets
3895,300,3,significant,distal_gene_count_residual,sparse_nonlinear,reproducibility,20261119,,insufficient_rows_or_targets
3899,300,3,significant,distal_gene_count_residual,sparse_nonlinear,no_state,20261031,,insufficient_rows_or_targets
3903,300,3,significant,distal_gene_count_residual,graph_readout,minimal,20261013,,insufficient_rows_or_targets
3907,300,3,significant,distal_gene_count_residual,graph_readout,observability,20260929,,insufficient_rows_or_targets
3911,300,3,significant,distal_gene_count_residual,graph_readout,reproducibility,20260912,,insufficient_rows_or_targets
3915,300,3,significant,distal_gene_count_residual,graph_readout,reproducibility,20261119,,insufficient_rows_or_targets
3919,300,3,significant,distal_gene_count_residual,graph_readout,no_state,20261031,,insufficient_rows_or_targets
3923,300,3,significant,debiased_response_l2_gain,ridge,minimal,20261013,,insufficient_rows_or_targets
3927,300,3,significant,debiased_response_l2_gain,ridge,observability,20260929,,insufficient_rows_or_targets
3931,300,3,significant,debiased_response_l2_gain,ridge,reproducibility,20260912,,insufficient_rows_or_targets
3935,300,3,significant,debiased_response_l2_gain,ridge,reproducibility,20261119,,insufficient_rows_or_targets
3939,300,3,significant,debiased_response_l2_gain,ridge,no_state,20261031,,insufficient_rows_or_targets
3943,300,3,significant,debiased_response_l2_gain,huber_regression,minimal,20261013,,insufficient_rows_or_targets
3947,300,3,significant,debiased_response_l2_gain,huber_regression,observability,20260929,,insufficient_rows_or_targets
3951,300,3,significant,debiased_response_l2_gain,huber_regression,reproducibility,20260912,,insufficient_rows_or_targets
3955,300,3,significant,debiased_response_l2_gain,huber_regression,reproducibility,20261119,,insufficient_rows_or_targets
3959,300,3,significant,debiased_response_l2_gain,huber_regression,no_state,20261031,,insufficient_rows_or_targets
3963,300,3,significant,debiased_response_l2_gain,sparse_nonlinear,minimal,20261013,,insufficient_rows_or_targets
3967,300,3,significant,debiased_response_l2_gain,sparse_nonlinear,observability,20260929,,insufficient_rows_or_targets
3971,300,3,significant,debiased_response_l2_gain,sparse_nonlinear,reproducibility,20260912,,insufficient_rows_or_targets
3975,300,3,significant,debiased_response_l2_gain,sparse_nonlinear,reproducibility,20261119,,insufficient_rows_or_targets
3979,300,3,significant,debiased_response_l2_gain,sparse_nonlinear,no_state,20261031,,insufficient_rows_or_targets
3983,300,3,significant,debiased_response_l2_gain,graph_readout,minimal,20261013,,insufficient_rows_or_targets
3987,300,3,significant,debiased_response_l2_gain,graph_readout,observability,20260929,,insufficient_rows_or_targets
3991,300,3,significant,debiased_response_l2_gain,graph_readout,reproducibility,20260912,,insufficient_rows_or_targets
3995,300,3,significant,debiased_response_l2_gain,graph_readout,reproducibility,20261119,,insufficient_rows_or_targets
3999,300,3,significant,debiased_response_l2_gain,graph_readout,no_state,20261031,,insufficient_rows_or_targets
4003,300,3,significant,significant_response_l1_gain,ridge,minimal,20261013,,insufficient_rows_or_targets
4007,300,3,significant,significant_response_l1_gain,ridge,observability,20260929,,insufficient_rows_or_targets
4011,300,3,significant,significant_response_l1_gain,ridge,reproducibility,20260912,,insufficient_rows_or_targets
4015,300,3,significant,significant_response_l1_gain,ridge,reproducibility,20261119,,insufficient_rows_or_targets
4019,300,3,significant,significant_response_l1_gain,ridge,no_state,20261031,,insufficient_rows_or_targets
4023,300,3,significant,significant_response_l1_gain,huber_regression,minimal,20261013,,insufficient_rows_or_targets
4027,300,3,significant,significant_response_l1_gain,huber_regression,observability,20260929,,insufficient_rows_or_targets
4031,300,3,significant,significant_response_l1_gain,huber_regression,reproducibility,20260912,,insufficient_rows_or_targets
4035,300,3,significant,significant_response_l1_gain,huber_regression,reproducibility,20261119,,insufficient_rows_or_targets
4039,300,3,significant,significant_response_l1_gain,huber_regression,no_state,20261031,,insufficient_rows_or_targets
4043,300,3,significant,significant_response_l1_gain,sparse_nonlinear,minimal,20261013,,insufficient_rows_or_targets
4047,300,3,significant,significant_response_l1_gain,sparse_nonlinear,observability,20260929,,insufficient_rows_or_targets
4051,300,3,significant,significant_response_l1_gain,sparse_nonlinear,reproducibility,20260912,,insufficient_rows_or_targets
4055,300,3,significant,significant_response_l1_gain,sparse_nonlinear,reproducibility,20261119,,insufficient_rows_or_targets
4059,300,3,significant,significant_response_l1_gain,sparse_nonlinear,no_state,20261031,,insufficient_rows_or_targets
4063,300,3,significant,significant_response_l1_gain,graph_readout,minimal,20261013,,insufficient_rows_or_targets
4067,300,3,significant,significant_response_l1_gain,graph_readout,observability,20260929,,insufficient_rows_or_targets
4071,300,3,significant,significant_response_l1_gain,graph_readout,reproducibility,20260912,,insufficient_rows_or_targets
4075,300,3,significant,significant_response_l1_gain,graph_readout,reproducibility,20261119,,insufficient_rows_or_targets
4079,300,3,significant,significant_response_l1_gain,graph_readout,no_state,20261031,,insufficient_rows_or_targets
4083,300,3,significant_and_absolute_z_at_least_2,distal_gene_count_residual,ridge,minimal,20261013,,insufficient_rows_or_targets
4087,300,3,significant_and_absolute_z_at_least_2,distal_gene_count_residual,ridge,observability,20260929,,insufficient_rows_or_targets
4091,300,3,significant_and_absolute_z_at_least_2,distal_gene_count_residual,ridge,reproducibility,20260912,,insufficient_rows_or_targets
4095,300,3,significant_and_absolute_z_at_least_2,distal_gene_count_residual,ridge,reproducibility,20261119,,insufficient_rows_or_targets
4099,300,3,significant_and_absolute_z_at_least_2,distal_gene_count_residual,ridge,no_state,20261031,,insufficient_rows_or_targets
4103,300,3,significant_and_absolute_z_at_least_2,distal_gene_count_residual,huber_regression,minimal,20261013,,insufficient_rows_or_targets
4107,300,3,significant_and_absolute_z_at_least_2,distal_gene_count_residual,huber_regression,observability,20260929,,insufficient_rows_or_targets
4111,300,3,significant_and_absolute_z_at_least_2,distal_gene_count_residual,huber_regression,reproducibility,20260912,,insufficient_rows_or_targets
4115,300,3,significant_and_absolute_z_at_least_2,distal_gene_count_residual,huber_regression,reproducibility,20261119,,insufficient_rows_or_targets
4119,300,3,significant_and_absolute_z_at_least_2,distal_gene_count_residual,huber_regression,no_state,20261031,,insufficient_rows_or_targets
4123,300,3,significant_and_absolute_z_at_least_2,distal_gene_count_residual,sparse_nonlinear,minimal,20261013,,insufficient_rows_or_targets
4127,300,3,significant_and_absolute_z_at_least_2,distal_gene_count_residual,sparse_nonlinear,observability,20260929,,insufficient_rows_or_targets
4131,300,3,significant_and_absolute_z_at_least_2,distal_gene_count_residual,sparse_nonlinear,reproducibility,20260912,,insufficient_rows_or_targets
4135,300,3,significant_and_absolute_z_at_least_2,distal_gene_count_residual,sparse_nonlinear,reproducibility,20261119,,insufficient_rows_or_targets
4139,300,3,significant_and_absolute_z_at_least_2,distal_gene_count_residual,sparse_nonlinear,no_state,20261031,,insufficient_rows_or_targets
4143,300,3,significant_and_absolute_z_at_least_2,distal_gene_count_residual,graph_readout,minimal,20261013,,insufficient_rows_or_targets
4147,300,3,significant_and_absolute_z_at_least_2,distal_gene_count_residual,graph_readout,observability,20260929,,insufficient_rows_or_targets
4151,300,3,significant_and_absolute_z_at_least_2,distal_gene_count_residual,graph_readout,reproducibility,20260912,,insufficient_rows_or_targets
4155,300,3,significant_and_absolute_z_at_least_2,distal_gene_count_residual,graph_readout,reproducibility,20261119,,insufficient_rows_or_targets
4159,300,3,significant_and_absolute_z_at_least_2,distal_gene_count_residual,graph_readout,no_state,20261031,,insufficient_rows_or_targets
4163,300,3,significant_and_absolute_z_at_least_2,debiased_response_l2_gain,ridge,minimal,20261013,,insufficient_rows_or_targets
4167,300,3,significant_and_absolute_z_at_least_2,debiased_response_l2_gain,ridge,observability,20260929,,insufficient_rows_or_targets
4171,300,3,significant_and_absolute_z_at_least_2,debiased_response_l2_gain,ridge,reproducibility,20260912,,insufficient_rows_or_targets
4175,300,3,significant_and_absolute_z_at_least_2,debiased_response_l2_gain,ridge,reproducibility,20261119,,insufficient_rows_or_targets
4179,300,3,significant_and_absolute_z_at_least_2,debiased_response_l2_gain,ridge,no_state,20261031,,insufficient_rows_or_targets
4183,300,3,significant_and_absolute_z_at_least_2,debiased_response_l2_gain,huber_regression,minimal,20261013,,insufficient_rows_or_targets
4187,300,3,significant_and_absolute_z_at_least_2,debiased_response_l2_gain,huber_regression,observability,20260929,,insufficient_rows_or_targets
4191,300,3,significant_and_absolute_z_at_least_2,debiased_response_l2_gain,huber_regression,reproducibility,20260912,,insufficient_rows_or_targets
4195,300,3,significant_and_absolute_z_at_least_2,debiased_response_l2_gain,huber_regression,reproducibility,20261119,,insufficient_rows_or_targets
4199,300,3,significant_and_absolute_z_at_least_2,debiased_response_l2_gain,huber_regression,no_state,20261031,,insufficient_rows_or_targets
4203,300,3,significant_and_absolute_z_at_least_2,debiased_response_l2_gain,sparse_nonlinear,minimal,20261013,,insufficient_rows_or_targets
4207,300,3,significant_and_absolute_z_at_least_2,debiased_response_l2_gain,sparse_nonlinear,observability,20260929,,insufficient_rows_or_targets
4211,300,3,significant_and_absolute_z_at_least_2,debiased_response_l2_gain,sparse_nonlinear,reproducibility,20260912,,insufficient_rows_or_targets
4215,300,3,significant_and_absolute_z_at_least_2,debiased_response_l2_gain,sparse_nonlinear,reproducibility,20261119,,insufficient_rows_or_targets
4219,300,3,significant_and_absolute_z_at_least_2,debiased_response_l2_gain,sparse_nonlinear,no_state,20261031,,insufficient_rows_or_targets
4223,300,3,significant_and_absolute_z_at_least_2,debiased_response_l2_gain,graph_readout,minimal,20261013,,insufficient_rows_or_targets
4227,300,3,significant_and_absolute_z_at_least_2,debiased_response_l2_gain,graph_readout,observability,20260929,,insufficient_rows_or_targets
4231,300,3,significant_and_absolute_z_at_least_2,debiased_response_l2_gain,graph_readout,reproducibility,20260912,,insufficient_rows_or_targets
4235,300,3,significant_and_absolute_z_at_least_2,debiased_response_l2_gain,graph_readout,reproducibility,20261119,,insufficient_rows_or_targets
4239,300,3,significant_and_absolute_z_at_least_2,debiased_response_l2_gain,graph_readout,no_state,20261031,,insufficient_rows_or_targets
4243,300,3,significant_and_absolute_z_at_least_2,significant_response_l1_gain,ridge,minimal,20261013,,insufficient_rows_or_targets
4247,300,3,significant_and_absolute_z_at_least_2,significant_response_l1_gain,ridge,observability,20260929,,insufficient_rows_or_targets
4251,300,3,significant_and_absolute_z_at_least_2,significant_response_l1_gain,ridge,reproducibility,20260912,,insufficient_rows_or_targets
4255,300,3,significant_and_absolute_z_at_least_2,significant_response_l1_gain,ridge,reproducibility,20261119,,insufficient_rows_or_targets
4259,300,3,significant_and_absolute_z_at_least_2,significant_response_l1_gain,ridge,no_state,20261031,,insufficient_rows_or_targets
4263,300,3,significant_and_absolute_z_at_least_2,significant_response_l1_gain,huber_regression,minimal,20261013,,insufficient_rows_or_targets
4267,300,3,significant_and_absolute_z_at_least_2,significant_response_l1_gain,huber_regression,observability,20260929,,insufficient_rows_or_targets
4271,300,3,significant_and_absolute_z_at_least_2,significant_response_l1_gain,huber_regression,reproducibility,20260912,,insufficient_rows_or_targets
4275,300,3,significant_and_absolute_z_at_least_2,significant_response_l1_gain,huber_regression,reproducibility,20261119,,insufficient_rows_or_targets
4279,300,3,significant_and_absolute_z_at_least_2,significant_response_l1_gain,huber_regression,no_state,20261031,,insufficient_rows_or_targets
4283,300,3,significant_and_absolute_z_at_least_2,significant_response_l1_gain,sparse_nonlinear,minimal,20261013,,insufficient_rows_or_targets
4287,300,3,significant_and_absolute_z_at_least_2,significant_response_l1_gain,sparse_nonlinear,observability,20260929,,insufficient_rows_or_targets
4291,300,3,significant_and_absolute_z_at_least_2,significant_response_l1_gain,sparse_nonlinear,reproducibility,20260912,,insufficient_rows_or_targets
4295,300,3,significant_and_absolute_z_at_least_2,significant_response_l1_gain,sparse_nonlinear,reproducibility,20261119,,insufficient_rows_or_targets
4299,300,3,significant_and_absolute_z_at_least_2,significant_response_l1_gain,sparse_nonlinear,no_state,20261031,,insufficient_rows_or_targets
4303,300,3,significant_and_absolute_z_at_least_2,significant_response_l1_gain,graph_readout,minimal,20261013,,insufficient_rows_or_targets
4307,300,3,significant_and_absolute_z_at_least_2,significant_response_l1_gain,graph_readout,observability,20260929,,insufficient_rows_or_targets
4311,300,3,significant_and_absolute_z_at_least_2,significant_response_l1_gain,graph_readout,reproducibility,20260912,,insufficient_rows_or_targets
4315,300,3,significant_and_absolute_z_at_least_2,significant_response_l1_gain,graph_readout,reproducibility,20261119,,insufficient_rows_or_targets
4319,300,3,significant_and_absolute_z_at_least_2,significant_response_l1_gain,graph_readout,no_state,20261031,,insufficient_rows_or_targets
964,100,3,significant,distal_gene_count_residual,ridge,minimal,20261031,,insufficient_rows_or_targets
968,100,3,significant,distal_gene_count_residual,ridge,observability,20261013,,insufficient_rows_or_targets
972,100,3,significant,distal_gene_count_residual,ridge,reproducibility,20260929,,insufficient_rows_or_targets
976,100,3,significant,distal_gene_count_residual,ridge,no_state,20260912,,insufficient_rows_or_targets
980,100,3,significant,distal_gene_count_residual,ridge,no_state,20261119,,insufficient_rows_or_targets
984,100,3,significant,distal_gene_count_residual,huber_regression,minimal,20261031,,insufficient_rows_or_targets
988,100,3,significant,distal_gene_count_residual,huber_regression,observability,20261013,,insufficient_rows_or_targets
992,100,3,significant,distal_gene_count_residual,huber_regression,reproducibility,20260929,,insufficient_rows_or_targets
996,100,3,significant,distal_gene_count_residual,huber_regression,no_state,20260912,,insufficient_rows_or_targets
1000,100,3,significant,distal_gene_count_residual,huber_regression,no_state,20261119,,insufficient_rows_or_targets
1004,100,3,significant,distal_gene_count_residual,sparse_nonlinear,minimal,20261031,,insufficient_rows_or_targets
1008,100,3,significant,distal_gene_count_residual,sparse_nonlinear,observability,20261013,,insufficient_rows_or_targets
1012,100,3,significant,distal_gene_count_residual,sparse_nonlinear,reproducibility,20260929,,insufficient_rows_or_targets
1016,100,3,significant,distal_gene_count_residual,sparse_nonlinear,no_state,20260912,,insufficient_rows_or_targets
1020,100,3,significant,distal_gene_count_residual,sparse_nonlinear,no_state,20261119,,insufficient_rows_or_targets
1024,100,3,significant,distal_gene_count_residual,graph_readout,minimal,20261031,,insufficient_rows_or_targets
1028,100,3,significant,distal_gene_count_residual,graph_readout,observability,20261013,,insufficient_rows_or_targets
1032,100,3,significant,distal_gene_count_residual,graph_readout,reproducibility,20260929,,insufficient_rows_or_targets
1036,100,3,significant,distal_gene_count_residual,graph_readout,no_state,20260912,,insufficient_rows_or_targets
1040,100,3,significant,distal_gene_count_residual,graph_readout,no_state,20261119,,insufficient_rows_or_targets
1044,100,3,significant,debiased_response_l2_gain,ridge,minimal,20261031,,insufficient_rows_or_targets
1048,100,3,significant,debiased_response_l2_gain,ridge,observability,20261013,,insufficient_rows_or_targets
1052,100,3,significant,debiased_response_l2_gain,ridge,reproducibility,20260929,,insufficient_rows_or_targets
1056,100,3,significant,debiased_response_l2_gain,ridge,no_state,20260912,,insufficient_rows_or_targets
1060,100,3,significant,debiased_response_l2_gain,ridge,no_state,20261119,,insufficient_rows_or_targets
1064,100,3,significant,debiased_response_l2_gain,huber_regression,minimal,20261031,,insufficient_rows_or_targets
1068,100,3,significant,debiased_response_l2_gain,huber_regression,observability,20261013,,insufficient_rows_or_targets
1072,100,3,significant,debiased_response_l2_gain,huber_regression,reproducibility,20260929,,insufficient_rows_or_targets
1076,100,3,significant,debiased_response_l2_gain,huber_regression,no_state,20260912,,insufficient_rows_or_targets
1080,100,3,significant,debiased_response_l2_gain,huber_regression,no_state,20261119,,insufficient_rows_or_targets
1084,100,3,significant,debiased_response_l2_gain,sparse_nonlinear,minimal,20261031,,insufficient_rows_or_targets
1088,100,3,significant,debiased_response_l2_gain,sparse_nonlinear,observability,20261013,,insufficient_rows_or_targets
1092,100,3,significant,debiased_response_l2_gain,sparse_nonlinear,reproducibility,20260929,,insufficient_rows_or_targets
1096,100,3,significant,debiased_response_l2_gain,sparse_nonlinear,no_state,20260912,,insufficient_rows_or_targets
1100,100,3,significant,debiased_response_l2_gain,sparse_nonlinear,no_state,20261119,,insufficient_rows_or_targets
1104,100,3,significant,debiased_response_l2_gain,graph_readout,minimal,20261031,,insufficient_rows_or_targets
1108,100,3,significant,debiased_response_l2_gain,graph_readout,observability,20261013,,insufficient_rows_or_targets
1112,100,3,significant,debiased_response_l2_gain,graph_readout,reproducibility,20260929,,insufficient_rows_or_targets
1116,100,3,significant,debiased_response_l2_gain,graph_readout,no_state,20260912,,insufficient_rows_or_targets
1120,100,3,significant,debiased_response_l2_gain,graph_readout,no_state,20261119,,insufficient_rows_or_targets
1124,100,3,significant,significant_response_l1_gain,ridge,minimal,20261031,,insufficient_rows_or_targets
1128,100,3,significant,significant_response_l1_gain,ridge,observability,20261013,,insufficient_rows_or_targets
1132,100,3,significant,significant_response_l1_gain,ridge,reproducibility,20260929,,insufficient_rows_or_targets
1136,100,3,significant,significant_response_l1_gain,ridge,no_state,20260912,,insufficient_rows_or_targets
1140,100,3,significant,significant_response_l1_gain,ridge,no_state,20261119,,insufficient_rows_or_targets
1144,100,3,significant,significant_response_l1_gain,huber_regression,minimal,20261031,,insufficient_rows_or_targets
1148,100,3,significant,significant_response_l1_gain,huber_regression,observability,20261013,,insufficient_rows_or_targets
1152,100,3,significant,significant_response_l1_gain,huber_regression,reproducibility,20260929,,insufficient_rows_or_targets
1156,100,3,significant,significant_response_l1_gain,huber_regression,no_state,20260912,,insufficient_rows_or_targets
1160,100,3,significant,significant_response_l1_gain,huber_regression,no_state,20261119,,insufficient_rows_or_targets
1164,100,3,significant,significant_response_l1_gain,sparse_nonlinear,minimal,20261031,,insufficient_rows_or_targets
1168,100,3,significant,significant_response_l1_gain,sparse_nonlinear,observability,20261013,,insufficient_rows_or_targets
1172,100,3,significant,significant_response_l1_gain,sparse_nonlinear,reproducibility,20260929,,insufficient_rows_or_targets
1176,100,3,significant,significant_response_l1_gain,sparse_nonlinear,no_state,20260912,,insufficient_rows_or_targets
1180,100,3,significant,significant_response_l1_gain,sparse_nonlinear,no_state,20261119,,insufficient_rows_or_targets
1184,100,3,significant,significant_response_l1_gain,graph_readout,minimal,20261031,,insufficient_rows_or_targets
1188,100,3,significant,significant_response_l1_gain,graph_readout,observability,20261013,,insufficient_rows_or_targets
1192,100,3,significant,significant_response_l1_gain,graph_readout,reproducibility,20260929,,insufficient_rows_or_targets
1196,100,3,significant,significant_response_l1_gain,graph_readout,no_state,20260912,,insufficient_rows_or_targets
1200,100,3,significant,significant_response_l1_gain,graph_readout,no_state,20261119,,insufficient_rows_or_targets
1204,100,3,significant_and_absolute_z_at_least_2,distal_gene_count_residual,ridge,minimal,20261031,,insufficient_rows_or_targets
1208,100,3,significant_and_absolute_z_at_least_2,distal_gene_count_residual,ridge,observability,20261013,,insufficient_rows_or_targets
1212,100,3,significant_and_absolute_z_at_least_2,distal_gene_count_residual,ridge,reproducibility,20260929,,insufficient_rows_or_targets
1216,100,3,significant_and_absolute_z_at_least_2,distal_gene_count_residual,ridge,no_state,20260912,,insufficient_rows_or_targets
1220,100,3,significant_and_absolute_z_at_least_2,distal_gene_count_residual,ridge,no_state,20261119,,insufficient_rows_or_targets
1224,100,3,significant_and_absolute_z_at_least_2,distal_gene_count_residual,huber_regression,minimal,20261031,,insufficient_rows_or_targets
1228,100,3,significant_and_absolute_z_at_least_2,distal_gene_count_residual,huber_regression,observability,20261013,,insufficient_rows_or_targets
1232,100,3,significant_and_absolute_z_at_least_2,distal_gene_count_residual,huber_regression,reproducibility,20260929,,insufficient_rows_or_targets
1236,100,3,significant_and_absolute_z_at_least_2,distal_gene_count_residual,huber_regression,no_state,20260912,,insufficient_rows_or_targets
1240,100,3,significant_and_absolute_z_at_least_2,distal_gene_count_residual,huber_regression,no_state,20261119,,insufficient_rows_or_targets
1244,100,3,significant_and_absolute_z_at_least_2,distal_gene_count_residual,sparse_nonlinear,minimal,20261031,,insufficient_rows_or_targets
1248,100,3,significant_and_absolute_z_at_least_2,distal_gene_count_residual,sparse_nonlinear,observability,20261013,,insufficient_rows_or_targets
1252,100,3,significant_and_absolute_z_at_least_2,distal_gene_count_residual,sparse_nonlinear,reproducibility,20260929,,insufficient_rows_or_targets
1256,100,3,significant_and_absolute_z_at_least_2,distal_gene_count_residual,sparse_nonlinear,no_state,20260912,,insufficient_rows_or_targets
1260,100,3,significant_and_absolute_z_at_least_2,distal_gene_count_residual,sparse_nonlinear,no_state,20261119,,insufficient_rows_or_targets
1264,100,3,significant_and_absolute_z_at_least_2,distal_gene_count_residual,graph_readout,minimal,20261031,,insufficient_rows_or_targets
1268,100,3,significant_and_absolute_z_at_least_2,distal_gene_count_residual,graph_readout,observability,20261013,,insufficient_rows_or_targets
1272,100,3,significant_and_absolute_z_at_least_2,distal_gene_count_residual,graph_readout,reproducibility,20260929,,insufficient_rows_or_targets
1276,100,3,significant_and_absolute_z_at_least_2,distal_gene_count_residual,graph_readout,no_state,20260912,,insufficient_rows_or_targets
1280,100,3,significant_and_absolute_z_at_least_2,distal_gene_count_residual,graph_readout,no_state,20261119,,insufficient_rows_or_targets
1284,100,3,significant_and_absolute_z_at_least_2,debiased_response_l2_gain,ridge,minimal,20261031,,insufficient_rows_or_targets
1288,100,3,significant_and_absolute_z_at_least_2,debiased_response_l2_gain,ridge,observability,20261013,,insufficient_rows_or_targets
1292,100,3,significant_and_absolute_z_at_least_2,debiased_response_l2_gain,ridge,reproducibility,20260929,,insufficient_rows_or_targets
1296,100,3,significant_and_absolute_z_at_least_2,debiased_response_l2_gain,ridge,no_state,20260912,,insufficient_rows_or_targets
1300,100,3,significant_and_absolute_z_at_least_2,debiased_response_l2_gain,ridge,no_state,20261119,,insufficient_rows_or_targets
1304,100,3,significant_and_absolute_z_at_least_2,debiased_response_l2_gain,huber_regression,minimal,20261031,,insufficient_rows_or_targets
1308,100,3,significant_and_absolute_z_at_least_2,debiased_response_l2_gain,huber_regression,observability,20261013,,insufficient_rows_or_targets
1312,100,3,significant_and_absolute_z_at_least_2,debiased_response_l2_gain,huber_regression,reproducibility,20260929,,insufficient_rows_or_targets
1316,100,3,significant_and_absolute_z_at_least_2,debiased_response_l2_gain,huber_regression,no_state,20260912,,insufficient_rows_or_targets
1320,100,3,significant_and_absolute_z_at_least_2,debiased_response_l2_gain,huber_regression,no_state,20261119,,insufficient_rows_or_targets
1324,100,3,significant_and_absolute_z_at_least_2,debiased_response_l2_gain,sparse_nonlinear,minimal,20261031,,insufficient_rows_or_targets
1328,100,3,significant_and_absolute_z_at_least_2,debiased_response_l2_gain,sparse_nonlinear,observability,20261013,,insufficient_rows_or_targets
1332,100,3,significant_and_absolute_z_at_least_2,debiased_response_l2_gain,sparse_nonlinear,reproducibility,20260929,,insufficient_rows_or_targets
1336,100,3,significant_and_absolute_z_at_least_2,debiased_response_l2_gain,sparse_nonlinear,no_state,20260912,,insufficient_rows_or_targets
1340,100,3,significant_and_absolute_z_at_least_2,debiased_response_l2_gain,sparse_nonlinear,no_state,20261119,,insufficient_rows_or_targets
1344,100,3,significant_and_absolute_z_at_least_2,debiased_response_l2_gain,graph_readout,minimal,20261031,,insufficient_rows_or_targets
1348,100,3,significant_and_absolute_z_at_least_2,debiased_response_l2_gain,graph_readout,observability,20261013,,insufficient_rows_or_targets
1352,100,3,significant_and_absolute_z_at_least_2,debiased_response_l2_gain,graph_readout,reproducibility,20260929,,insufficient_rows_or_targets
1356,100,3,significant_and_absolute_z_at_least_2,debiased_response_l2_gain,graph_readout,no_state,20260912,,insufficient_rows_or_targets
1360,100,3,significant_and_absolute_z_at_least_2,debiased_response_l2_gain,graph_readout,no_state,20261119,,insufficient_rows_or_targets
1364,100,3,significant_and_absolute_z_at_least_2,significant_response_l1_gain,ridge,minimal,20261031,,insufficient_rows_or_targets
1368,100,3,significant_and_absolute_z_at_least_2,significant_response_l1_gain,ridge,observability,20261013,,insufficient_rows_or_targets
1372,100,3,significant_and_absolute_z_at_least_2,significant_response_l1_gain,ridge,reproducibility,20260929,,insufficient_rows_or_targets
1376,100,3,significant_and_absolute_z_at_least_2,significant_response_l1_gain,ridge,no_state,20260912,,insufficient_rows_or_targets
1380,100,3,significant_and_absolute_z_at_least_2,significant_response_l1_gain,ridge,no_state,20261119,,insufficient_rows_or_targets
1384,100,3,significant_and_absolute_z_at_least_2,significant_response_l1_gain,huber_regression,minimal,20261031,,insufficient_rows_or_targets
1388,100,3,significant_and_absolute_z_at_least_2,significant_response_l1_gain,huber_regression,observability,20261013,,insufficient_rows_or_targets
1392,100,3,significant_and_absolute_z_at_least_2,significant_response_l1_gain,huber_regression,reproducibility,20260929,,insufficient_rows_or_targets
1396,100,3,significant_and_absolute_z_at_least_2,significant_response_l1_gain,huber_regression,no_state,20260912,,insufficient_rows_or_targets
1400,100,3,significant_and_absolute_z_at_least_2,significant_response_l1_gain,huber_regression,no_state,20261119,,insufficient_rows_or_targets
1404,100,3,significant_and_absolute_z_at_least_2,significant_response_l1_gain,sparse_nonlinear,minimal,20261031,,insufficient_rows_or_targets
1408,100,3,significant_and_absolute_z_at_least_2,significant_response_l1_gain,sparse_nonlinear,observability,20261013,,insufficient_rows_or_targets
1412,100,3,significant_and_absolute_z_at_least_2,significant_response_l1_gain,sparse_nonlinear,reproducibility,20260929,,insufficient_rows_or_targets
1416,100,3,significant_and_absolute_z_at_least_2,significant_response_l1_gain,sparse_nonlinear,no_state,20260912,,insufficient_rows_or_targets
1420,100,3,significant_and_absolute_z_at_least_2,significant_response_l1_gain,sparse_nonlinear,no_state,20261119,,insufficient_rows_or_targets
1424,100,3,significant_and_absolute_z_at_least_2,significant_response_l1_gain,graph_readout,minimal,20261031,,insufficient_rows_or_targets
1428,100,3,significant_and_absolute_z_at_least_2,significant_response_l1_gain,graph_readout,observability,20261013,,insufficient_rows_or_targets
1432,100,3,significant_and_absolute_z_at_least_2,significant_response_l1_gain,graph_readout,reproducibility,20260929,,insufficient_rows_or_targets
1436,100,3,significant_and_absolute_z_at_least_2,significant_response_l1_gain,graph_readout,no_state,20260912,,insufficient_rows_or_targets
1440,100,3,significant_and_absolute_z_at_least_2,significant_response_l1_gain,graph_readout,no_state,20261119,,insufficient_rows_or_targets
2404,200,3,significant,distal_gene_count_residual,ridge,minimal,20261031,,insufficient_rows_or_targets
2408,200,3,significant,distal_gene_count_residual,ridge,observability,20261013,,insufficient_rows_or_targets
2412,200,3,significant,distal_gene_count_residual,ridge,reproducibility,20260929,,insufficient_rows_or_targets
2416,200,3,significant,distal_gene_count_residual,ridge,no_state,20260912,,insufficient_rows_or_targets
2420,200,3,significant,distal_gene_count_residual,ridge,no_state,20261119,,insufficient_rows_or_targets
2424,200,3,significant,distal_gene_count_residual,huber_regression,minimal,20261031,,insufficient_rows_or_targets
2428,200,3,significant,distal_gene_count_residual,huber_regression,observability,20261013,,insufficient_rows_or_targets
2432,200,3,significant,distal_gene_count_residual,huber_regression,reproducibility,20260929,,insufficient_rows_or_targets
2436,200,3,significant,distal_gene_count_residual,huber_regression,no_state,20260912,,insufficient_rows_or_targets
2440,200,3,significant,distal_gene_count_residual,huber_regression,no_state,20261119,,insufficient_rows_or_targets
2444,200,3,significant,distal_gene_count_residual,sparse_nonlinear,minimal,20261031,,insufficient_rows_or_targets
2448,200,3,significant,distal_gene_count_residual,sparse_nonlinear,observability,20261013,,insufficient_rows_or_targets
2452,200,3,significant,distal_gene_count_residual,sparse_nonlinear,reproducibility,20260929,,insufficient_rows_or_targets
2456,200,3,significant,distal_gene_count_residual,sparse_nonlinear,no_state,20260912,,insufficient_rows_or_targets
2460,200,3,significant,distal_gene_count_residual,sparse_nonlinear,no_state,20261119,,insufficient_rows_or_targets
2464,200,3,significant,distal_gene_count_residual,graph_readout,minimal,20261031,,insufficient_rows_or_targets
2468,200,3,significant,distal_gene_count_residual,graph_readout,observability,20261013,,insufficient_rows_or_targets
2472,200,3,significant,distal_gene_count_residual,graph_readout,reproducibility,20260929,,insufficient_rows_or_targets
2476,200,3,significant,distal_gene_count_residual,graph_readout,no_state,20260912,,insufficient_rows_or_targets
2480,200,3,significant,distal_gene_count_residual,graph_readout,no_state,20261119,,insufficient_rows_or_targets
2484,200,3,significant,debiased_response_l2_gain,ridge,minimal,20261031,,insufficient_rows_or_targets
2488,200,3,significant,debiased_response_l2_gain,ridge,observability,20261013,,insufficient_rows_or_targets
2492,200,3,significant,debiased_response_l2_gain,ridge,reproducibility,20260929,,insufficient_rows_or_targets
2496,200,3,significant,debiased_response_l2_gain,ridge,no_state,20260912,,insufficient_rows_or_targets
2500,200,3,significant,debiased_response_l2_gain,ridge,no_state,20261119,,insufficient_rows_or_targets
2504,200,3,significant,debiased_response_l2_gain,huber_regression,minimal,20261031,,insufficient_rows_or_targets
2508,200,3,significant,debiased_response_l2_gain,huber_regression,observability,20261013,,insufficient_rows_or_targets
2512,200,3,significant,debiased_response_l2_gain,huber_regression,reproducibility,20260929,,insufficient_rows_or_targets
2516,200,3,significant,debiased_response_l2_gain,huber_regression,no_state,20260912,,insufficient_rows_or_targets
2520,200,3,significant,debiased_response_l2_gain,huber_regression,no_state,20261119,,insufficient_rows_or_targets
2524,200,3,significant,debiased_response_l2_gain,sparse_nonlinear,minimal,20261031,,insufficient_rows_or_targets
2528,200,3,significant,debiased_response_l2_gain,sparse_nonlinear,observability,20261013,,insufficient_rows_or_targets
2532,200,3,significant,debiased_response_l2_gain,sparse_nonlinear,reproducibility,20260929,,insufficient_rows_or_targets
2536,200,3,significant,debiased_response_l2_gain,sparse_nonlinear,no_state,20260912,,insufficient_rows_or_targets
2540,200,3,significant,debiased_response_l2_gain,sparse_nonlinear,no_state,20261119,,insufficient_rows_or_targets
2544,200,3,significant,debiased_response_l2_gain,graph_readout,minimal,20261031,,insufficient_rows_or_targets
2548,200,3,significant,debiased_response_l2_gain,graph_readout,observability,20261013,,insufficient_rows_or_targets
2552,200,3,significant,debiased_response_l2_gain,graph_readout,reproducibility,20260929,,insufficient_rows_or_targets
2556,200,3,significant,debiased_response_l2_gain,graph_readout,no_state,20260912,,insufficient_rows_or_targets
2560,200,3,significant,debiased_response_l2_gain,graph_readout,no_state,20261119,,insufficient_rows_or_targets
2564,200,3,significant,significant_response_l1_gain,ridge,minimal,20261031,,insufficient_rows_or_targets
2568,200,3,significant,significant_response_l1_gain,ridge,observability,20261013,,insufficient_rows_or_targets
2572,200,3,significant,significant_response_l1_gain,ridge,reproducibility,20260929,,insufficient_rows_or_targets
2576,200,3,significant,significant_response_l1_gain,ridge,no_state,20260912,,insufficient_rows_or_targets
2580,200,3,significant,significant_response_l1_gain,ridge,no_state,20261119,,insufficient_rows_or_targets
2584,200,3,significant,significant_response_l1_gain,huber_regression,minimal,20261031,,insufficient_rows_or_targets
2588,200,3,significant,significant_response_l1_gain,huber_regression,observability,20261013,,insufficient_rows_or_targets
2592,200,3,significant,significant_response_l1_gain,huber_regression,reproducibility,20260929,,insufficient_rows_or_targets
2596,200,3,significant,significant_response_l1_gain,huber_regression,no_state,20260912,,insufficient_rows_or_targets
2600,200,3,significant,significant_response_l1_gain,huber_regression,no_state,20261119,,insufficient_rows_or_targets
2604,200,3,significant,significant_response_l1_gain,sparse_nonlinear,minimal,20261031,,insufficient_rows_or_targets
2608,200,3,significant,significant_response_l1_gain,sparse_nonlinear,observability,20261013,,insufficient_rows_or_targets
2612,200,3,significant,significant_response_l1_gain,sparse_nonlinear,reproducibility,20260929,,insufficient_rows_or_targets
2616,200,3,significant,significant_response_l1_gain,sparse_nonlinear,no_state,20260912,,insufficient_rows_or_targets
2620,200,3,significant,significant_response_l1_gain,sparse_nonlinear,no_state,20261119,,insufficient_rows_or_targets
2624,200,3,significant,significant_response_l1_gain,graph_readout,minimal,20261031,,insufficient_rows_or_targets
2628,200,3,significant,significant_response_l1_gain,graph_readout,observability,20261013,,insufficient_rows_or_targets
2632,200,3,significant,significant_response_l1_gain,graph_readout,reproducibility,20260929,,insufficient_rows_or_targets
2636,200,3,significant,significant_response_l1_gain,graph_readout,no_state,20260912,,insufficient_rows_or_targets
2640,200,3,significant,significant_response_l1_gain,graph_readout,no_state,20261119,,insufficient_rows_or_targets
2644,200,3,significant_and_absolute_z_at_least_2,distal_gene_count_residual,ridge,minimal,20261031,,insufficient_rows_or_targets
2648,200,3,significant_and_absolute_z_at_least_2,distal_gene_count_residual,ridge,observability,20261013,,insufficient_rows_or_targets
2652,200,3,significant_and_absolute_z_at_least_2,distal_gene_count_residual,ridge,reproducibility,20260929,,insufficient_rows_or_targets
2656,200,3,significant_and_absolute_z_at_least_2,distal_gene_count_residual,ridge,no_state,20260912,,insufficient_rows_or_targets
2660,200,3,significant_and_absolute_z_at_least_2,distal_gene_count_residual,ridge,no_state,20261119,,insufficient_rows_or_targets
2664,200,3,significant_and_absolute_z_at_least_2,distal_gene_count_residual,huber_regression,minimal,20261031,,insufficient_rows_or_targets
2668,200,3,significant_and_absolute_z_at_least_2,distal_gene_count_residual,huber_regression,observability,20261013,,insufficient_rows_or_targets
2672,200,3,significant_and_absolute_z_at_least_2,distal_gene_count_residual,huber_regression,reproducibility,20260929,,insufficient_rows_or_targets
2676,200,3,significant_and_absolute_z_at_least_2,distal_gene_count_residual,huber_regression,no_state,20260912,,insufficient_rows_or_targets
2680,200,3,significant_and_absolute_z_at_least_2,distal_gene_count_residual,huber_regression,no_state,20261119,,insufficient_rows_or_targets
2684,200,3,significant_and_absolute_z_at_least_2,distal_gene_count_residual,sparse_nonlinear,minimal,20261031,,insufficient_rows_or_targets
2688,200,3,significant_and_absolute_z_at_least_2,distal_gene_count_residual,sparse_nonlinear,observability,20261013,,insufficient_rows_or_targets
2692,200,3,significant_and_absolute_z_at_least_2,distal_gene_count_residual,sparse_nonlinear,reproducibility,20260929,,insufficient_rows_or_targets
2696,200,3,significant_and_absolute_z_at_least_2,distal_gene_count_residual,sparse_nonlinear,no_state,20260912,,insufficient_rows_or_targets
2700,200,3,significant_and_absolute_z_at_least_2,distal_gene_count_residual,sparse_nonlinear,no_state,20261119,,insufficient_rows_or_targets
2704,200,3,significant_and_absolute_z_at_least_2,distal_gene_count_residual,graph_readout,minimal,20261031,,insufficient_rows_or_targets
2708,200,3,significant_and_absolute_z_at_least_2,distal_gene_count_residual,graph_readout,observability,20261013,,insufficient_rows_or_targets
2712,200,3,significant_and_absolute_z_at_least_2,distal_gene_count_residual,graph_readout,reproducibility,20260929,,insufficient_rows_or_targets
2716,200,3,significant_and_absolute_z_at_least_2,distal_gene_count_residual,graph_readout,no_state,20260912,,insufficient_rows_or_targets
2720,200,3,significant_and_absolute_z_at_least_2,distal_gene_count_residual,graph_readout,no_state,20261119,,insufficient_rows_or_targets
2724,200,3,significant_and_absolute_z_at_least_2,debiased_response_l2_gain,ridge,minimal,20261031,,insufficient_rows_or_targets
2728,200,3,significant_and_absolute_z_at_least_2,debiased_response_l2_gain,ridge,observability,20261013,,insufficient_rows_or_targets
2732,200,3,significant_and_absolute_z_at_least_2,debiased_response_l2_gain,ridge,reproducibility,20260929,,insufficient_rows_or_targets
2736,200,3,significant_and_absolute_z_at_least_2,debiased_response_l2_gain,ridge,no_state,20260912,,insufficient_rows_or_targets
2740,200,3,significant_and_absolute_z_at_least_2,debiased_response_l2_gain,ridge,no_state,20261119,,insufficient_rows_or_targets
2744,200,3,significant_and_absolute_z_at_least_2,debiased_response_l2_gain,huber_regression,minimal,20261031,,insufficient_rows_or_targets
2748,200,3,significant_and_absolute_z_at_least_2,debiased_response_l2_gain,huber_regression,observability,20261013,,insufficient_rows_or_targets
2752,200,3,significant_and_absolute_z_at_least_2,debiased_response_l2_gain,huber_regression,reproducibility,20260929,,insufficient_rows_or_targets
2756,200,3,significant_and_absolute_z_at_least_2,debiased_response_l2_gain,huber_regression,no_state,20260912,,insufficient_rows_or_targets
2760,200,3,significant_and_absolute_z_at_least_2,debiased_response_l2_gain,huber_regression,no_state,20261119,,insufficient_rows_or_targets
2764,200,3,significant_and_absolute_z_at_least_2,debiased_response_l2_gain,sparse_nonlinear,minimal,20261031,,insufficient_rows_or_targets
2768,200,3,significant_and_absolute_z_at_least_2,debiased_response_l2_gain,sparse_nonlinear,observability,20261013,,insufficient_rows_or_targets
2772,200,3,significant_and_absolute_z_at_least_2,debiased_response_l2_gain,sparse_nonlinear,reproducibility,20260929,,insufficient_rows_or_targets
2776,200,3,significant_and_absolute_z_at_least_2,debiased_response_l2_gain,sparse_nonlinear,no_state,20260912,,insufficient_rows_or_targets
2780,200,3,significant_and_absolute_z_at_least_2,debiased_response_l2_gain,sparse_nonlinear,no_state,20261119,,insufficient_rows_or_targets
2784,200,3,significant_and_absolute_z_at_least_2,debiased_response_l2_gain,graph_readout,minimal,20261031,,insufficient_rows_or_targets
2788,200,3,significant_and_absolute_z_at_least_2,debiased_response_l2_gain,graph_readout,observability,20261013,,insufficient_rows_or_targets
2792,200,3,significant_and_absolute_z_at_least_2,debiased_response_l2_gain,graph_readout,reproducibility,20260929,,insufficient_rows_or_targets
2796,200,3,significant_and_absolute_z_at_least_2,debiased_response_l2_gain,graph_readout,no_state,20260912,,insufficient_rows_or_targets
2800,200,3,significant_and_absolute_z_at_least_2,debiased_response_l2_gain,graph_readout,no_state,20261119,,insufficient_rows_or_targets
2804,200,3,significant_and_absolute_z_at_least_2,significant_response_l1_gain,ridge,minimal,20261031,,insufficient_rows_or_targets
2808,200,3,significant_and_absolute_z_at_least_2,significant_response_l1_gain,ridge,observability,20261013,,insufficient_rows_or_targets
2812,200,3,significant_and_absolute_z_at_least_2,significant_response_l1_gain,ridge,reproducibility,20260929,,insufficient_rows_or_targets
2816,200,3,significant_and_absolute_z_at_least_2,significant_response_l1_gain,ridge,no_state,20260912,,insufficient_rows_or_targets
2820,200,3,significant_and_absolute_z_at_least_2,significant_response_l1_gain,ridge,no_state,20261119,,insufficient_rows_or_targets
2824,200,3,significant_and_absolute_z_at_least_2,significant_response_l1_gain,huber_regression,minimal,20261031,,insufficient_rows_or_targets
2828,200,3,significant_and_absolute_z_at_least_2,significant_response_l1_gain,huber_regression,observability,20261013,,insufficient_rows_or_targets
2832,200,3,significant_and_absolute_z_at_least_2,significant_response_l1_gain,huber_regression,reproducibility,20260929,,insufficient_rows_or_targets
2836,200,3,significant_and_absolute_z_at_least_2,significant_response_l1_gain,huber_regression,no_state,20260912,,insufficient_rows_or_targets
2840,200,3,significant_and_absolute_z_at_least_2,significant_response_l1_gain,huber_regression,no_state,20261119,,insufficient_rows_or_targets
2844,200,3,significant_and_absolute_z_at_least_2,significant_response_l1_gain,sparse_nonlinear,minimal,20261031,,insufficient_rows_or_targets
2848,200,3,significant_and_absolute_z_at_least_2,significant_response_l1_gain,sparse_nonlinear,observability,20261013,,insufficient_rows_or_targets
2852,200,3,significant_and_absolute_z_at_least_2,significant_response_l1_gain,sparse_nonlinear,reproducibility,20260929,,insufficient_rows_or_targets
2856,200,3,significant_and_absolute_z_at_least_2,significant_response_l1_gain,sparse_nonlinear,no_state,20260912,,insufficient_rows_or_targets
2860,200,3,significant_and_absolute_z_at_least_2,significant_response_l1_gain,sparse_nonlinear,no_state,20261119,,insufficient_rows_or_targets
2864,200,3,significant_and_absolute_z_at_least_2,significant_response_l1_gain,graph_readout,minimal,20261031,,insufficient_rows_or_targets
2868,200,3,significant_and_absolute_z_at_least_2,significant_response_l1_gain,graph_readout,observability,20261013,,insufficient_rows_or_targets
2872,200,3,significant_and_absolute_z_at_least_2,significant_response_l1_gain,graph_readout,reproducibility,20260929,,insufficient_rows_or_targets
2876,200,3,significant_and_absolute_z_at_least_2,significant_response_l1_gain,graph_readout,no_state,20260912,,insufficient_rows_or_targets
2880,200,3,significant_and_absolute_z_at_least_2,significant_response_l1_gain,graph_readout,no_state,20261119,,insufficient_rows_or_targets
3844,300,3,significant,distal_gene_count_residual,ridge,minimal,20261031,,insufficient_rows_or_targets
3848,300,3,significant,distal_gene_count_residual,ridge,observability,20261013,,insufficient_rows_or_targets
3852,300,3,significant,distal_gene_count_residual,ridge,reproducibility,20260929,,insufficient_rows_or_targets
3856,300,3,significant,distal_gene_count_residual,ridge,no_state,20260912,,insufficient_rows_or_targets
3860,300,3,significant,distal_gene_count_residual,ridge,no_state,20261119,,insufficient_rows_or_targets
3864,300,3,significant,distal_gene_count_residual,huber_regression,minimal,20261031,,insufficient_rows_or_targets
3868,300,3,significant,distal_gene_count_residual,huber_regression,observability,20261013,,insufficient_rows_or_targets
3872,300,3,significant,distal_gene_count_residual,huber_regression,reproducibility,20260929,,insufficient_rows_or_targets
3876,300,3,significant,distal_gene_count_residual,huber_regression,no_state,20260912,,insufficient_rows_or_targets
3880,300,3,significant,distal_gene_count_residual,huber_regression,no_state,20261119,,insufficient_rows_or_targets
3884,300,3,significant,distal_gene_count_residual,sparse_nonlinear,minimal,20261031,,insufficient_rows_or_targets
3888,300,3,significant,distal_gene_count_residual,sparse_nonlinear,observability,20261013,,insufficient_rows_or_targets
3892,300,3,significant,distal_gene_count_residual,sparse_nonlinear,reproducibility,20260929,,insufficient_rows_or_targets
3896,300,3,significant,distal_gene_count_residual,sparse_nonlinear,no_state,20260912,,insufficient_rows_or_targets
3900,300,3,significant,distal_gene_count_residual,sparse_nonlinear,no_state,20261119,,insufficient_rows_or_targets
3904,300,3,significant,distal_gene_count_residual,graph_readout,minimal,20261031,,insufficient_rows_or_targets
3908,300,3,significant,distal_gene_count_residual,graph_readout,observability,20261013,,insufficient_rows_or_targets
3912,300,3,significant,distal_gene_count_residual,graph_readout,reproducibility,20260929,,insufficient_rows_or_targets
3916,300,3,significant,distal_gene_count_residual,graph_readout,no_state,20260912,,insufficient_rows_or_targets
3920,300,3,significant,distal_gene_count_residual,graph_readout,no_state,20261119,,insufficient_rows_or_targets
3924,300,3,significant,debiased_response_l2_gain,ridge,minimal,20261031,,insufficient_rows_or_targets
3928,300,3,significant,debiased_response_l2_gain,ridge,observability,20261013,,insufficient_rows_or_targets
3932,300,3,significant,debiased_response_l2_gain,ridge,reproducibility,20260929,,insufficient_rows_or_targets
3936,300,3,significant,debiased_response_l2_gain,ridge,no_state,20260912,,insufficient_rows_or_targets
3940,300,3,significant,debiased_response_l2_gain,ridge,no_state,20261119,,insufficient_rows_or_targets
3944,300,3,significant,debiased_response_l2_gain,huber_regression,minimal,20261031,,insufficient_rows_or_targets
3948,300,3,significant,debiased_response_l2_gain,huber_regression,observability,20261013,,insufficient_rows_or_targets
3952,300,3,significant,debiased_response_l2_gain,huber_regression,reproducibility,20260929,,insufficient_rows_or_targets
3956,300,3,significant,debiased_response_l2_gain,huber_regression,no_state,20260912,,insufficient_rows_or_targets
3960,300,3,significant,debiased_response_l2_gain,huber_regression,no_state,20261119,,insufficient_rows_or_targets
3964,300,3,significant,debiased_response_l2_gain,sparse_nonlinear,minimal,20261031,,insufficient_rows_or_targets
3968,300,3,significant,debiased_response_l2_gain,sparse_nonlinear,observability,20261013,,insufficient_rows_or_targets
3972,300,3,significant,debiased_response_l2_gain,sparse_nonlinear,reproducibility,20260929,,insufficient_rows_or_targets
3976,300,3,significant,debiased_response_l2_gain,sparse_nonlinear,no_state,20260912,,insufficient_rows_or_targets
3980,300,3,significant,debiased_response_l2_gain,sparse_nonlinear,no_state,20261119,,insufficient_rows_or_targets
3984,300,3,significant,debiased_response_l2_gain,graph_readout,minimal,20261031,,insufficient_rows_or_targets
3988,300,3,significant,debiased_response_l2_gain,graph_readout,observability,20261013,,insufficient_rows_or_targets
3992,300,3,significant,debiased_response_l2_gain,graph_readout,reproducibility,20260929,,insufficient_rows_or_targets
3996,300,3,significant,debiased_response_l2_gain,graph_readout,no_state,20260912,,insufficient_rows_or_targets
4000,300,3,significant,debiased_response_l2_gain,graph_readout,no_state,20261119,,insufficient_rows_or_targets
4004,300,3,significant,significant_response_l1_gain,ridge,minimal,20261031,,insufficient_rows_or_targets
4008,300,3,significant,significant_response_l1_gain,ridge,observability,20261013,,insufficient_rows_or_targets
4012,300,3,significant,significant_response_l1_gain,ridge,reproducibility,20260929,,insufficient_rows_or_targets
4016,300,3,significant,significant_response_l1_gain,ridge,no_state,20260912,,insufficient_rows_or_targets
4020,300,3,significant,significant_response_l1_gain,ridge,no_state,20261119,,insufficient_rows_or_targets
4024,300,3,significant,significant_response_l1_gain,huber_regression,minimal,20261031,,insufficient_rows_or_targets
4028,300,3,significant,significant_response_l1_gain,huber_regression,observability,20261013,,insufficient_rows_or_targets
4032,300,3,significant,significant_response_l1_gain,huber_regression,reproducibility,20260929,,insufficient_rows_or_targets
4036,300,3,significant,significant_response_l1_gain,huber_regression,no_state,20260912,,insufficient_rows_or_targets
4040,300,3,significant,significant_response_l1_gain,huber_regression,no_state,20261119,,insufficient_rows_or_targets
4044,300,3,significant,significant_response_l1_gain,sparse_nonlinear,minimal,20261031,,insufficient_rows_or_targets
4048,300,3,significant,significant_response_l1_gain,sparse_nonlinear,observability,20261013,,insufficient_rows_or_targets
4052,300,3,significant,significant_response_l1_gain,sparse_nonlinear,reproducibility,20260929,,insufficient_rows_or_targets
4056,300,3,significant,significant_response_l1_gain,sparse_nonlinear,no_state,20260912,,insufficient_rows_or_targets
4060,300,3,significant,significant_response_l1_gain,sparse_nonlinear,no_state,20261119,,insufficient_rows_or_targets
4064,300,3,significant,significant_response_l1_gain,graph_readout,minimal,20261031,,insufficient_rows_or_targets
4068,300,3,significant,significant_response_l1_gain,graph_readout,observability,20261013,,insufficient_rows_or_targets
4072,300,3,significant,significant_response_l1_gain,graph_readout,reproducibility,20260929,,insufficient_rows_or_targets
4076,300,3,significant,significant_response_l1_gain,graph_readout,no_state,20260912,,insufficient_rows_or_targets
4080,300,3,significant,significant_response_l1_gain,graph_readout,no_state,20261119,,insufficient_rows_or_targets
4084,300,3,significant_and_absolute_z_at_least_2,distal_gene_count_residual,ridge,minimal,20261031,,insufficient_rows_or_targets
4088,300,3,significant_and_absolute_z_at_least_2,distal_gene_count_residual,ridge,observability,20261013,,insufficient_rows_or_targets
4092,300,3,significant_and_absolute_z_at_least_2,distal_gene_count_residual,ridge,reproducibility,20260929,,insufficient_rows_or_targets
4096,300,3,significant_and_absolute_z_at_least_2,distal_gene_count_residual,ridge,no_state,20260912,,insufficient_rows_or_targets
4100,300,3,significant_and_absolute_z_at_least_2,distal_gene_count_residual,ridge,no_state,20261119,,insufficient_rows_or_targets
4104,300,3,significant_and_absolute_z_at_least_2,distal_gene_count_residual,huber_regression,minimal,20261031,,insufficient_rows_or_targets
4108,300,3,significant_and_absolute_z_at_least_2,distal_gene_count_residual,huber_regression,observability,20261013,,insufficient_rows_or_targets
4112,300,3,significant_and_absolute_z_at_least_2,distal_gene_count_residual,huber_regression,reproducibility,20260929,,insufficient_rows_or_targets
4116,300,3,significant_and_absolute_z_at_least_2,distal_gene_count_residual,huber_regression,no_state,20260912,,insufficient_rows_or_targets
4120,300,3,significant_and_absolute_z_at_least_2,distal_gene_count_residual,huber_regression,no_state,20261119,,insufficient_rows_or_targets
4124,300,3,significant_and_absolute_z_at_least_2,distal_gene_count_residual,sparse_nonlinear,minimal,20261031,,insufficient_rows_or_targets
4128,300,3,significant_and_absolute_z_at_least_2,distal_gene_count_residual,sparse_nonlinear,observability,20261013,,insufficient_rows_or_targets
4132,300,3,significant_and_absolute_z_at_least_2,distal_gene_count_residual,sparse_nonlinear,reproducibility,20260929,,insufficient_rows_or_targets
4136,300,3,significant_and_absolute_z_at_least_2,distal_gene_count_residual,sparse_nonlinear,no_state,20260912,,insufficient_rows_or_targets
4140,300,3,significant_and_absolute_z_at_least_2,distal_gene_count_residual,sparse_nonlinear,no_state,20261119,,insufficient_rows_or_targets
4144,300,3,significant_and_absolute_z_at_least_2,distal_gene_count_residual,graph_readout,minimal,20261031,,insufficient_rows_or_targets
4148,300,3,significant_and_absolute_z_at_least_2,distal_gene_count_residual,graph_readout,observability,20261013,,insufficient_rows_or_targets
4152,300,3,significant_and_absolute_z_at_least_2,distal_gene_count_residual,graph_readout,reproducibility,20260929,,insufficient_rows_or_targets
4156,300,3,significant_and_absolute_z_at_least_2,distal_gene_count_residual,graph_readout,no_state,20260912,,insufficient_rows_or_targets
4160,300,3,significant_and_absolute_z_at_least_2,distal_gene_count_residual,graph_readout,no_state,20261119,,insufficient_rows_or_targets
4164,300,3,significant_and_absolute_z_at_least_2,debiased_response_l2_gain,ridge,minimal,20261031,,insufficient_rows_or_targets
4168,300,3,significant_and_absolute_z_at_least_2,debiased_response_l2_gain,ridge,observability,20261013,,insufficient_rows_or_targets
4172,300,3,significant_and_absolute_z_at_least_2,debiased_response_l2_gain,ridge,reproducibility,20260929,,insufficient_rows_or_targets
4176,300,3,significant_and_absolute_z_at_least_2,debiased_response_l2_gain,ridge,no_state,20260912,,insufficient_rows_or_targets
4180,300,3,significant_and_absolute_z_at_least_2,debiased_response_l2_gain,ridge,no_state,20261119,,insufficient_rows_or_targets
4184,300,3,significant_and_absolute_z_at_least_2,debiased_response_l2_gain,huber_regression,minimal,20261031,,insufficient_rows_or_targets
4188,300,3,significant_and_absolute_z_at_least_2,debiased_response_l2_gain,huber_regression,observability,20261013,,insufficient_rows_or_targets
4192,300,3,significant_and_absolute_z_at_least_2,debiased_response_l2_gain,huber_regression,reproducibility,20260929,,insufficient_rows_or_targets
4196,300,3,significant_and_absolute_z_at_least_2,debiased_response_l2_gain,huber_regression,no_state,20260912,,insufficient_rows_or_targets
4200,300,3,significant_and_absolute_z_at_least_2,debiased_response_l2_gain,huber_regression,no_state,20261119,,insufficient_rows_or_targets
4204,300,3,significant_and_absolute_z_at_least_2,debiased_response_l2_gain,sparse_nonlinear,minimal,20261031,,insufficient_rows_or_targets
4208,300,3,significant_and_absolute_z_at_least_2,debiased_response_l2_gain,sparse_nonlinear,observability,20261013,,insufficient_rows_or_targets
4212,300,3,significant_and_absolute_z_at_least_2,debiased_response_l2_gain,sparse_nonlinear,reproducibility,20260929,,insufficient_rows_or_targets
4216,300,3,significant_and_absolute_z_at_least_2,debiased_response_l2_gain,sparse_nonlinear,no_state,20260912,,insufficient_rows_or_targets
4220,300,3,significant_and_absolute_z_at_least_2,debiased_response_l2_gain,sparse_nonlinear,no_state,20261119,,insufficient_rows_or_targets
4224,300,3,significant_and_absolute_z_at_least_2,debiased_response_l2_gain,graph_readout,minimal,20261031,,insufficient_rows_or_targets
4228,300,3,significant_and_absolute_z_at_least_2,debiased_response_l2_gain,graph_readout,observability,20261013,,insufficient_rows_or_targets
4232,300,3,significant_and_absolute_z_at_least_2,debiased_response_l2_gain,graph_readout,reproducibility,20260929,,insufficient_rows_or_targets
4236,300,3,significant_and_absolute_z_at_least_2,debiased_response_l2_gain,graph_readout,no_state,20260912,,insufficient_rows_or_targets
4240,300,3,significant_and_absolute_z_at_least_2,debiased_response_l2_gain,graph_readout,no_state,20261119,,insufficient_rows_or_targets
4244,300,3,significant_and_absolute_z_at_least_2,significant_response_l1_gain,ridge,minimal,20261031,,insufficient_rows_or_targets
4248,300,3,significant_and_absolute_z_at_least_2,significant_response_l1_gain,ridge,observability,20261013,,insufficient_rows_or_targets
4252,300,3,significant_and_absolute_z_at_least_2,significant_response_l1_gain,ridge,reproducibility,20260929,,insufficient_rows_or_targets
4256,300,3,significant_and_absolute_z_at_least_2,significant_response_l1_gain,ridge,no_state,20260912,,insufficient_rows_or_targets
4260,300,3,significant_and_absolute_z_at_least_2,significant_response_l1_gain,ridge,no_state,20261119,,insufficient_rows_or_targets
4264,300,3,significant_and_absolute_z_at_least_2,significant_response_l1_gain,huber_regression,minimal,20261031,,insufficient_rows_or_targets
4268,300,3,significant_and_absolute_z_at_least_2,significant_response_l1_gain,huber_regression,observability,20261013,,insufficient_rows_or_targets
4272,300,3,significant_and_absolute_z_at_least_2,significant_response_l1_gain,huber_regression,reproducibility,20260929,,insufficient_rows_or_targets
4276,300,3,significant_and_absolute_z_at_least_2,significant_response_l1_gain,huber_regression,no_state,20260912,,insufficient_rows_or_targets
4280,300,3,significant_and_absolute_z_at_least_2,significant_response_l1_gain,huber_regression,no_state,20261119,,insufficient_rows_or_targets
4284,300,3,significant_and_absolute_z_at_least_2,significant_response_l1_gain,sparse_nonlinear,minimal,20261031,,insufficient_rows_or_targets
4288,300,3,significant_and_absolute_z_at_least_2,significant_response_l1_gain,sparse_nonlinear,observability,20261013,,insufficient_rows_or_targets
4292,300,3,significant_and_absolute_z_at_least_2,significant_response_l1_gain,sparse_nonlinear,reproducibility,20260929,,insufficient_rows_or_targets
4296,300,3,significant_and_absolute_z_at_least_2,significant_response_l1_gain,sparse_nonlinear,no_state,20260912,,insufficient_rows_or_targets
4300,300,3,significant_and_absolute_z_at_least_2,significant_response_l1_gain,sparse_nonlinear,no_state,20261119,,insufficient_rows_or_targets
4304,300,3,significant_and_absolute_z_at_least_2,significant_response_l1_gain,graph_readout,minimal,20261031,,insufficient_rows_or_targets
4308,300,3,significant_and_absolute_z_at_least_2,significant_response_l1_gain,graph_readout,observability,20261013,,insufficient_rows_or_targets
4312,300,3,significant_and_absolute_z_at_least_2,significant_response_l1_gain,graph_readout,reproducibility,20260929,,insufficient_rows_or_targets
4316,300,3,significant_and_absolute_z_at_least_2,significant_response_l1_gain,graph_readout,no_state,20260912,,insufficient_rows_or_targets
4320,300,3,significant_and_absolute_z_at_least_2,significant_response_l1_gain,graph_readout,no_state,20261119,,insufficient_rows_or_targets
