culture_condition,model,dose,relative_log1p_downstream,knots,breakpoint,hill_exponent,hill_half
Rest,null,-0.0683184194214374,0.0,,,,
Rest,null,-0.05934095371201356,0.0,,,,
Rest,null,-0.05036348800258972,0.0,,,,
Rest,null,-0.04138602229316587,0.0,,,,
Rest,null,-0.032408556583742025,0.0,,,,
Rest,null,-0.023431090874318182,0.0,,,,
Rest,null,-0.014453625164894332,0.0,,,,
Rest,null,-0.005476159455470489,0.0,,,,
Rest,null,0.003501306253953354,0.0,,,,
Rest,null,0.012478771963377197,0.0,,,,
Rest,null,0.02145623767280104,0.0,,,,
Rest,null,0.030433703382224883,0.0,,,,
Rest,null,0.03941116909164874,0.0,,,,
Rest,null,0.04838863480107258,0.0,,,,
Rest,null,0.057366100510496426,0.0,,,,
Rest,null,0.06634356621992027,0.0,,,,
Rest,null,0.07532103192934411,0.0,,,,
Rest,null,0.08429849763876796,0.0,,,,
Rest,null,0.0932759633481918,0.0,,,,
Rest,null,0.10225342905761564,0.0,,,,
Rest,null,0.11123089476703948,0.0,,,,
Rest,null,0.12020836047646333,0.0,,,,
Rest,null,0.12918582618588717,0.0,,,,
Rest,null,0.138163291895311,0.0,,,,
Rest,null,0.14714075760473488,0.0,,,,
Rest,null,0.15611822331415873,0.0,,,,
Rest,null,0.16509568902358257,0.0,,,,
Rest,null,0.1740731547330064,0.0,,,,
Rest,null,0.18305062044243026,0.0,,,,
Rest,null,0.19202808615185407,0.0,,,,
Rest,null,0.20100555186127794,0.0,,,,
Rest,null,0.20998301757070176,0.0,,,,
Rest,null,0.21896048328012563,0.0,,,,
Rest,null,0.2279379489895495,0.0,,,,
Rest,null,0.23691541469897331,0.0,,,,
Rest,null,0.24589288040839719,0.0,,,,
Rest,null,0.254870346117821,0.0,,,,
Rest,null,0.26384781182724487,0.0,,,,
Rest,null,0.2728252775366687,0.0,,,,
Rest,null,0.28180274324609256,0.0,,,,
Rest,null,0.2907802089555164,0.0,,,,
Rest,null,0.29975767466494024,0.0,,,,
Rest,null,0.30873514037436406,0.0,,,,
Rest,null,0.31771260608378793,0.0,,,,
Rest,null,0.32669007179321174,0.0,,,,
Rest,null,0.3356675375026356,0.0,,,,
Rest,null,0.34464500321205943,0.0,,,,
Rest,null,0.3536224689214833,0.0,,,,
Rest,null,0.3625999346309072,0.0,,,,
Rest,null,0.371577400340331,0.0,,,,
Rest,null,0.38055486604975486,0.0,,,,
Rest,null,0.3895323317591787,0.0,,,,
Rest,null,0.39850979746860254,0.0,,,,
Rest,null,0.40748726317802636,0.0,,,,
Rest,null,0.41646472888745023,0.0,,,,
Rest,null,0.42544219459687405,0.0,,,,
Rest,null,0.4344196603062979,0.0,,,,
Rest,null,0.44339712601572173,0.0,,,,
Rest,null,0.45237459172514555,0.0,,,,
Rest,null,0.4613520574345695,0.0,,,,
Rest,null,0.4703295231439933,0.0,,,,
Rest,null,0.4793069888534171,0.0,,,,
Rest,null,0.4882844545628409,0.0,,,,
Rest,null,0.49726192027226485,0.0,,,,
Rest,null,0.5062393859816887,0.0,,,,
Rest,null,0.5152168516911124,0.0,,,,
Rest,null,0.5241943174005363,0.0,,,,
Rest,null,0.5331717831099603,0.0,,,,
Rest,null,0.542149248819384,0.0,,,,
Rest,null,0.5511267145288079,0.0,,,,
Rest,null,0.5601041802382318,0.0,,,,
Rest,null,0.5690816459476555,0.0,,,,
Rest,null,0.5780591116570795,0.0,,,,
Rest,null,0.5870365773665032,0.0,,,,
Rest,null,0.5960140430759271,0.0,,,,
Rest,null,0.604991508785351,0.0,,,,
Rest,null,0.6139689744947747,0.0,,,,
Rest,null,0.6229464402041986,0.0,,,,
Rest,null,0.6319239059136226,0.0,,,,
Rest,null,0.6409013716230463,0.0,,,,
Rest,null,0.6498788373324702,0.0,,,,
Rest,null,0.6588563030418941,0.0,,,,
Rest,null,0.6678337687513178,0.0,,,,
Rest,null,0.6768112344607418,0.0,,,,
Rest,null,0.6857887001701655,0.0,,,,
Rest,null,0.6947661658795894,0.0,,,,
Rest,null,0.7037436315890133,0.0,,,,
Rest,null,0.712721097298437,0.0,,,,
Rest,null,0.721698563007861,0.0,,,,
Rest,null,0.7306760287172849,0.0,,,,
Rest,null,0.7396534944267086,0.0,,,,
Rest,null,0.7486309601361325,0.0,,,,
Rest,null,0.7576084258455562,0.0,,,,
Rest,null,0.7665858915549801,0.0,,,,
Rest,null,0.7755633572644041,0.0,,,,
Rest,null,0.7845408229738278,0.0,,,,
Rest,null,0.7935182886832517,0.0,,,,
Rest,null,0.8024957543926756,0.0,,,,
Rest,null,0.8114732201020993,0.0,,,,
Rest,null,0.8204506858115233,0.0,,,,
Rest,null,0.8294281515209472,0.0,,,,
Rest,null,0.8384056172303709,0.0,,,,
Rest,null,0.8473830829397948,0.0,,,,
Rest,null,0.8563605486492185,0.0,,,,
Rest,null,0.8653380143586424,0.0,,,,
Rest,null,0.8743154800680664,0.0,,,,
Rest,null,0.8832929457774901,0.0,,,,
Rest,null,0.892270411486914,0.0,,,,
Rest,null,0.9012478771963379,0.0,,,,
Rest,null,0.9102253429057616,0.0,,,,
Rest,null,0.9192028086151856,0.0,,,,
Rest,null,0.9281802743246093,0.0,,,,
Rest,null,0.9371577400340332,0.0,,,,
Rest,null,0.9461352057434571,0.0,,,,
Rest,null,0.9551126714528808,0.0,,,,
Rest,null,0.9640901371623047,0.0,,,,
Rest,null,0.9730676028717284,0.0,,,,
Rest,null,0.9820450685811524,0.0,,,,
Rest,null,0.9910225342905763,0.0,,,,
Rest,null,1.0,0.0,,,,
Rest,linear,-0.0683184194214374,0.0,,,,
Rest,linear,-0.05934095371201356,0.005931966854212607,,,,
Rest,linear,-0.05036348800258972,0.011863933708425221,,,,
Rest,linear,-0.04138602229316587,0.017795900562637842,,,,
Rest,linear,-0.032408556583742025,0.02372786741685045,,,,
Rest,linear,-0.023431090874318182,0.029659834271063064,,,,
Rest,linear,-0.014453625164894332,0.03559180112527568,,,,
Rest,linear,-0.005476159455470489,0.041523767979488285,,,,
Rest,linear,0.003501306253953354,0.0474557348337009,,,,
Rest,linear,0.012478771963377197,0.053387701687913514,,,,
Rest,linear,0.02145623767280104,0.05931966854212613,,,,
Rest,linear,0.030433703382224883,0.06525163539633874,,,,
Rest,linear,0.03941116909164874,0.07118360225055136,,,,
Rest,linear,0.04838863480107258,0.07711556910476397,,,,
Rest,linear,0.057366100510496426,0.08304753595897657,,,,
Rest,linear,0.06634356621992027,0.0889795028131892,,,,
Rest,linear,0.07532103192934411,0.0949114696674018,,,,
Rest,linear,0.08429849763876796,0.10084343652161441,,,,
Rest,linear,0.0932759633481918,0.10677540337582703,,,,
Rest,linear,0.10225342905761564,0.11270737023003964,,,,
Rest,linear,0.11123089476703948,0.11863933708425226,,,,
Rest,linear,0.12020836047646333,0.12457130393846486,,,,
Rest,linear,0.12918582618588717,0.13050327079267746,,,,
Rest,linear,0.138163291895311,0.13643523764689008,,,,
Rest,linear,0.14714075760473488,0.1423672045011027,,,,
Rest,linear,0.15611822331415873,0.1482991713553153,,,,
Rest,linear,0.16509568902358257,0.15423113820952794,,,,
Rest,linear,0.1740731547330064,0.16016310506374054,,,,
Rest,linear,0.18305062044243026,0.16609507191795317,,,,
Rest,linear,0.19202808615185407,0.17202703877216577,,,,
Rest,linear,0.20100555186127794,0.17795900562637837,,,,
Rest,linear,0.20998301757070176,0.183890972480591,,,,
Rest,linear,0.21896048328012563,0.18982293933480363,,,,
Rest,linear,0.2279379489895495,0.19575490618901628,,,,
Rest,linear,0.23691541469897331,0.20168687304322885,,,,
Rest,linear,0.24589288040839719,0.20761883989744148,,,,
Rest,linear,0.254870346117821,0.21355080675165408,,,,
Rest,linear,0.26384781182724487,0.2194827736058667,,,,
Rest,linear,0.2728252775366687,0.2254147404600793,,,,
Rest,linear,0.28180274324609256,0.23134670731429194,,,,
Rest,linear,0.2907802089555164,0.23727867416850454,,,,
Rest,linear,0.29975767466494024,0.24321064102271717,,,,
Rest,linear,0.30873514037436406,0.24914260787692977,,,,
Rest,linear,0.31771260608378793,0.25507457473114237,,,,
Rest,linear,0.32669007179321174,0.26100654158535497,,,,
Rest,linear,0.3356675375026356,0.26693850843956757,,,,
Rest,linear,0.34464500321205943,0.27287047529378017,,,,
Rest,linear,0.3536224689214833,0.2788024421479928,,,,
Rest,linear,0.3625999346309072,0.2847344090022054,,,,
Rest,linear,0.371577400340331,0.290666375856418,,,,
Rest,linear,0.38055486604975486,0.2965983427106307,,,,
Rest,linear,0.3895323317591787,0.3025303095648433,,,,
Rest,linear,0.39850979746860254,0.3084622764190559,,,,
Rest,linear,0.40748726317802636,0.3143942432732684,,,,
Rest,linear,0.41646472888745023,0.3203262101274811,,,,
Rest,linear,0.42544219459687405,0.3262581769816937,,,,
Rest,linear,0.4344196603062979,0.3321901438359063,,,,
Rest,linear,0.44339712601572173,0.3381221106901189,,,,
Rest,linear,0.45237459172514555,0.3440540775443315,,,,
Rest,linear,0.4613520574345695,0.34998604439854414,,,,
Rest,linear,0.4703295231439933,0.35591801125275674,,,,
Rest,linear,0.4793069888534171,0.36184997810696934,,,,
Rest,linear,0.4882844545628409,0.36778194496118194,,,,
Rest,linear,0.49726192027226485,0.3737139118153946,,,,
Rest,linear,0.5062393859816887,0.37964587866960725,,,,
Rest,linear,0.5152168516911124,0.38557784552381974,,,,
Rest,linear,0.5241943174005363,0.3915098123780324,,,,
Rest,linear,0.5331717831099603,0.3974417792322451,,,,
Rest,linear,0.542149248819384,0.4033737460864576,,,,
Rest,linear,0.5511267145288079,0.40930571294067025,,,,
Rest,linear,0.5601041802382318,0.41523767979488296,,,,
Rest,linear,0.5690816459476555,0.42116964664909545,,,,
Rest,linear,0.5780591116570795,0.4271016135033081,,,,
Rest,linear,0.5870365773665032,0.43303358035752065,,,,
Rest,linear,0.5960140430759271,0.4389655472117333,,,,
Rest,linear,0.604991508785351,0.44489751406594596,,,,
Rest,linear,0.6139689744947747,0.4508294809201585,,,,
Rest,linear,0.6229464402041986,0.45676144777437117,,,,
Rest,linear,0.6319239059136226,0.4626934146285838,,,,
Rest,linear,0.6409013716230463,0.46862538148279637,,,,
Rest,linear,0.6498788373324702,0.474557348337009,,,,
Rest,linear,0.6588563030418941,0.4804893151912217,,,,
Rest,linear,0.6678337687513178,0.4864212820454342,,,,
Rest,linear,0.6768112344607418,0.4923532488996469,,,,
Rest,linear,0.6857887001701655,0.49828521575385937,,,,
Rest,linear,0.6947661658795894,0.504217182608072,,,,
Rest,linear,0.7037436315890133,0.5101491494622847,,,,
Rest,linear,0.712721097298437,0.5160811163164972,,,,
Rest,linear,0.721698563007861,0.5220130831707099,,,,
Rest,linear,0.7306760287172849,0.5279450500249225,,,,
Rest,linear,0.7396534944267086,0.533877016879135,,,,
Rest,linear,0.7486309601361325,0.5398089837333477,,,,
Rest,linear,0.7576084258455562,0.5457409505875602,,,,
Rest,linear,0.7665858915549801,0.5516729174417729,,,,
Rest,linear,0.7755633572644041,0.5576048842959855,,,,
Rest,linear,0.7845408229738278,0.5635368511501981,,,,
Rest,linear,0.7935182886832517,0.5694688180044107,,,,
Rest,linear,0.8024957543926756,0.5754007848586234,,,,
Rest,linear,0.8114732201020993,0.5813327517128359,,,,
Rest,linear,0.8204506858115233,0.5872647185670486,,,,
Rest,linear,0.8294281515209472,0.5931966854212612,,,,
Rest,linear,0.8384056172303709,0.5991286522754737,,,,
Rest,linear,0.8473830829397948,0.6050606191296865,,,,
Rest,linear,0.8563605486492185,0.6109925859838989,,,,
Rest,linear,0.8653380143586424,0.6169245528381117,,,,
Rest,linear,0.8743154800680664,0.6228565196923244,,,,
Rest,linear,0.8832929457774901,0.6287884865465369,,,,
Rest,linear,0.892270411486914,0.6347204534007495,,,,
Rest,linear,0.9012478771963379,0.6406524202549622,,,,
Rest,linear,0.9102253429057616,0.6465843871091747,,,,
Rest,linear,0.9192028086151856,0.6525163539633874,,,,
Rest,linear,0.9281802743246093,0.6584483208175999,,,,
Rest,linear,0.9371577400340332,0.6643802876718126,,,,
Rest,linear,0.9461352057434571,0.6703122545260252,,,,
Rest,linear,0.9551126714528808,0.6762442213802378,,,,
Rest,linear,0.9640901371623047,0.6821761882344504,,,,
Rest,linear,0.9730676028717284,0.688108155088663,,,,
Rest,linear,0.9820450685811524,0.6940401219428756,,,,
Rest,linear,0.9910225342905763,0.6999720887970883,,,,
Rest,linear,1.0,0.7059040556513008,,,,
Rest,spline,-0.0683184194214374,0.0,5.0,,,
Rest,spline,-0.05934095371201356,-0.010885705968839976,5.0,,,
Rest,spline,-0.05036348800258972,-0.021215659037474743,5.0,,,
Rest,spline,-0.04138602229316587,-0.030967288754650768,5.0,,,
Rest,spline,-0.032408556583742025,-0.04011802466911368,5.0,,,
Rest,spline,-0.023431090874318182,-0.048645296329609844,5.0,,,
Rest,spline,-0.014453625164894332,-0.05652653328488538,5.0,,,
Rest,spline,-0.005476159455470489,-0.06373916508368632,5.0,,,
Rest,spline,0.003501306253953354,-0.07026098788147045,5.0,,,
Rest,spline,0.012478771963377197,-0.07608492825644636,5.0,,,
Rest,spline,0.02145623767280104,-0.08122409168297301,5.0,,,
Rest,spline,0.030433703382224883,-0.08569298625005534,5.0,,,
Rest,spline,0.03941116909164874,-0.08950612004669817,5.0,,,
Rest,spline,0.04838863480107258,-0.09267800116190578,5.0,,,
Rest,spline,0.057366100510496426,-0.09522313768468355,5.0,,,
Rest,spline,0.06634356621992027,-0.09715603770403552,5.0,,,
Rest,spline,0.07532103192934411,-0.09849120930896688,5.0,,,
Rest,spline,0.08429849763876796,-0.0992431605884821,5.0,,,
Rest,spline,0.0932759633481918,-0.09942639963158612,5.0,,,
Rest,spline,0.10225342905761564,-0.09905543452728355,5.0,,,
Rest,spline,0.11123089476703948,-0.09814477336457933,5.0,,,
Rest,spline,0.12020836047646333,-0.09670892423247784,5.0,,,
Rest,spline,0.12918582618588717,-0.09476239521998403,5.0,,,
Rest,spline,0.138163291895311,-0.0923196944161025,5.0,,,
Rest,spline,0.14714075760473488,-0.08939532990983784,5.0,,,
Rest,spline,0.15611822331415873,-0.08600380979019534,5.0,,,
Rest,spline,0.16509568902358257,-0.08215964214617894,5.0,,,
Rest,spline,0.1740731547330064,-0.077877335066794,5.0,,,
Rest,spline,0.18305062044243026,-0.07317139664104505,5.0,,,
Rest,spline,0.19202808615185407,-0.06805633495793667,5.0,,,
Rest,spline,0.20100555186127794,-0.06254665810647381,5.0,,,
Rest,spline,0.20998301757070176,-0.056656874175661065,5.0,,,
Rest,spline,0.21896048328012563,-0.05040149125450316,5.0,,,
Rest,spline,0.2279379489895495,-0.04379501743200481,5.0,,,
Rest,spline,0.23691541469897331,-0.036851960797170846,5.0,,,
Rest,spline,0.24589288040839719,-0.02958682943900598,5.0,,,
Rest,spline,0.254870346117821,-0.022014131446514706,5.0,,,
Rest,spline,0.26384781182724487,-0.014148374908702022,5.0,,,
Rest,spline,0.2728252775366687,-0.006004067914572586,5.0,,,
Rest,spline,0.28180274324609256,0.002404281446868939,5.0,,,
Rest,spline,0.2907802089555164,0.011062165086617837,5.0,,,
Rest,spline,0.29975767466494024,0.019955074915669224,5.0,,,
Rest,spline,0.30873514037436406,0.029068502845018607,5.0,,,
Rest,spline,0.31771260608378793,0.038387940785661157,5.0,,,
Rest,spline,0.32669007179321174,0.047898880648591935,5.0,,,
Rest,spline,0.3356675375026356,0.057586814344806614,5.0,,,
Rest,spline,0.34464500321205943,0.06743723378530014,5.0,,,
Rest,spline,0.3536224689214833,0.07743563088106803,5.0,,,
Rest,spline,0.3625999346309072,0.08756749754310544,5.0,,,
Rest,spline,0.371577400340331,0.09781832568240756,5.0,,,
Rest,spline,0.38055486604975486,0.10817360720996977,5.0,,,
Rest,spline,0.3895323317591787,0.11861883403678736,5.0,,,
Rest,spline,0.39850979746860254,0.1291394980738556,5.0,,,
Rest,spline,0.40748726317802636,0.13972109123216975,5.0,,,
Rest,spline,0.41646472888745023,0.150349105422725,5.0,,,
Rest,spline,0.42544219459687405,0.1610090325565166,5.0,,,
Rest,spline,0.4344196603062979,0.17168636454454017,5.0,,,
Rest,spline,0.44339712601572173,0.18236659329779048,5.0,,,
Rest,spline,0.45237459172514555,0.19303521072726326,5.0,,,
Rest,spline,0.4613520574345695,0.20367770874395358,5.0,,,
Rest,spline,0.4703295231439933,0.2142795792588565,5.0,,,
Rest,spline,0.4793069888534171,0.2248263141829676,5.0,,,
Rest,spline,0.4882844545628409,0.235303405427282,5.0,,,
Rest,spline,0.49726192027226485,0.24569634490279524,5.0,,,
Rest,spline,0.5062393859816887,0.2559913254000565,5.0,,,
Rest,spline,0.5152168516911124,0.26618190317811263,5.0,,,
Rest,spline,0.5241943174005363,0.2762660374334503,5.0,,,
Rest,spline,0.5331717831099603,0.2862417465945151,5.0,,,
Rest,spline,0.542149248819384,0.29610704908975277,5.0,,,
Rest,spline,0.5511267145288079,0.30585996334760945,5.0,,,
Rest,spline,0.5601041802382318,0.3154985077965308,5.0,,,
Rest,spline,0.5690816459476555,0.3250207008649626,5.0,,,
Rest,spline,0.5780591116570795,0.334424560981351,5.0,,,
Rest,spline,0.5870365773665032,0.34370810657414147,5.0,,,
Rest,spline,0.5960140430759271,0.3528693560717803,5.0,,,
Rest,spline,0.604991508785351,0.3619063279027131,5.0,,,
Rest,spline,0.6139689744947747,0.37081704049538555,5.0,,,
Rest,spline,0.6229464402041986,0.37959951227824396,5.0,,,
Rest,spline,0.6319239059136226,0.3882517616797339,5.0,,,
Rest,spline,0.6409013716230463,0.39677180712830107,5.0,,,
Rest,spline,0.6498788373324702,0.4051576670523917,5.0,,,
Rest,spline,0.6588563030418941,0.4134073598804515,5.0,,,
Rest,spline,0.6678337687513178,0.4215189040409261,5.0,,,
Rest,spline,0.6768112344607418,0.4294903179622618,5.0,,,
Rest,spline,0.6857887001701655,0.43731962007290387,5.0,,,
Rest,spline,0.6947661658795894,0.44500482880129877,5.0,,,
Rest,spline,0.7037436315890133,0.45254396257589213,5.0,,,
Rest,spline,0.712721097298437,0.45993503982512957,5.0,,,
Rest,spline,0.721698563007861,0.4671760789774573,5.0,,,
Rest,spline,0.7306760287172849,0.47426509846132103,5.0,,,
Rest,spline,0.7396534944267086,0.48120011670516644,5.0,,,
Rest,spline,0.7486309601361325,0.4879791521374397,5.0,,,
Rest,spline,0.7576084258455562,0.49460022318658636,5.0,,,
Rest,spline,0.7665858915549801,0.5010613482810526,5.0,,,
Rest,spline,0.7755633572644041,0.5073605458492841,5.0,,,
Rest,spline,0.7845408229738278,0.5134958343197267,5.0,,,
Rest,spline,0.7935182886832517,0.5194652321208263,5.0,,,
Rest,spline,0.8024957543926756,0.5252667576810288,5.0,,,
Rest,spline,0.8114732201020993,0.5308984294287798,5.0,,,
Rest,spline,0.8204506858115233,0.5363582657925257,5.0,,,
Rest,spline,0.8294281515209472,0.5416442852007117,5.0,,,
Rest,spline,0.8384056172303709,0.546754506081784,5.0,,,
Rest,spline,0.8473830829397948,0.5516869468641886,5.0,,,
Rest,spline,0.8563605486492185,0.5564396259763711,5.0,,,
Rest,spline,0.8653380143586424,0.5610105618467774,5.0,,,
Rest,spline,0.8743154800680664,0.5653977729038535,5.0,,,
Rest,spline,0.8832929457774901,0.5695992775760451,5.0,,,
Rest,spline,0.892270411486914,0.5736130942917982,5.0,,,
Rest,spline,0.9012478771963379,0.5774372414795584,5.0,,,
Rest,spline,0.9102253429057616,0.5810697375677718,5.0,,,
Rest,spline,0.9192028086151856,0.5845086009848842,5.0,,,
Rest,spline,0.9281802743246093,0.5877518501593414,5.0,,,
Rest,spline,0.9371577400340332,0.5907975035195894,5.0,,,
Rest,spline,0.9461352057434571,0.5936435794940739,5.0,,,
Rest,spline,0.9551126714528808,0.5962880965112407,5.0,,,
Rest,spline,0.9640901371623047,0.5987290729995359,5.0,,,
Rest,spline,0.9730676028717284,0.6009645273874051,5.0,,,
Rest,spline,0.9820450685811524,0.6029924781032945,5.0,,,
Rest,spline,0.9910225342905763,0.6048109435756496,5.0,,,
Rest,spline,1.0,0.6064179422329163,5.0,,,
Rest,isotonic,-0.0683184194214374,0.0,,,,
Rest,isotonic,-0.05934095371201356,0.0,,,,
Rest,isotonic,-0.05036348800258972,0.0,,,,
Rest,isotonic,-0.04138602229316587,0.0,,,,
Rest,isotonic,-0.032408556583742025,0.0,,,,
Rest,isotonic,-0.023431090874318182,0.0,,,,
Rest,isotonic,-0.014453625164894332,0.0,,,,
Rest,isotonic,-0.005476159455470489,0.0,,,,
Rest,isotonic,0.003501306253953354,0.0,,,,
Rest,isotonic,0.012478771963377197,0.0,,,,
Rest,isotonic,0.02145623767280104,0.0,,,,
Rest,isotonic,0.030433703382224883,0.0,,,,
Rest,isotonic,0.03941116909164874,0.0,,,,
Rest,isotonic,0.04838863480107258,0.0,,,,
Rest,isotonic,0.057366100510496426,0.0,,,,
Rest,isotonic,0.06634356621992027,0.0,,,,
Rest,isotonic,0.07532103192934411,0.0,,,,
Rest,isotonic,0.08429849763876796,0.0,,,,
Rest,isotonic,0.0932759633481918,0.0,,,,
Rest,isotonic,0.10225342905761564,0.0,,,,
Rest,isotonic,0.11123089476703948,0.0,,,,
Rest,isotonic,0.12020836047646333,0.0,,,,
Rest,isotonic,0.12918582618588717,0.0,,,,
Rest,isotonic,0.138163291895311,0.0,,,,
Rest,isotonic,0.14714075760473488,0.0,,,,
Rest,isotonic,0.15611822331415873,0.0,,,,
Rest,isotonic,0.16509568902358257,0.0,,,,
Rest,isotonic,0.1740731547330064,0.0,,,,
Rest,isotonic,0.18305062044243026,0.0,,,,
Rest,isotonic,0.19202808615185407,0.0,,,,
Rest,isotonic,0.20100555186127794,0.0,,,,
Rest,isotonic,0.20998301757070176,0.0,,,,
Rest,isotonic,0.21896048328012563,0.0,,,,
Rest,isotonic,0.2279379489895495,0.0,,,,
Rest,isotonic,0.23691541469897331,0.0,,,,
Rest,isotonic,0.24589288040839719,0.0,,,,
Rest,isotonic,0.254870346117821,0.0,,,,
Rest,isotonic,0.26384781182724487,0.0,,,,
Rest,isotonic,0.2728252775366687,0.0,,,,
Rest,isotonic,0.28180274324609256,0.0,,,,
Rest,isotonic,0.2907802089555164,0.0,,,,
Rest,isotonic,0.29975767466494024,0.0,,,,
Rest,isotonic,0.30873514037436406,0.0,,,,
Rest,isotonic,0.31771260608378793,0.0,,,,
Rest,isotonic,0.32669007179321174,0.0,,,,
Rest,isotonic,0.3356675375026356,0.0,,,,
Rest,isotonic,0.34464500321205943,0.0,,,,
Rest,isotonic,0.3536224689214833,0.0,,,,
Rest,isotonic,0.3625999346309072,0.0,,,,
Rest,isotonic,0.371577400340331,0.0,,,,
Rest,isotonic,0.38055486604975486,0.0,,,,
Rest,isotonic,0.3895323317591787,0.005676911694765335,,,,
Rest,isotonic,0.39850979746860254,0.005676911694765335,,,,
Rest,isotonic,0.40748726317802636,0.005676911694765335,,,,
Rest,isotonic,0.41646472888745023,0.005676911694765335,,,,
Rest,isotonic,0.42544219459687405,0.005676911694765335,,,,
Rest,isotonic,0.4344196603062979,0.005676911694765335,,,,
Rest,isotonic,0.44339712601572173,0.005676911694765335,,,,
Rest,isotonic,0.45237459172514555,0.005676911694765335,,,,
Rest,isotonic,0.4613520574345695,0.005676911694765335,,,,
Rest,isotonic,0.4703295231439933,0.005676911694765335,,,,
Rest,isotonic,0.4793069888534171,0.10331773963747902,,,,
Rest,isotonic,0.4882844545628409,0.10635323782020331,,,,
Rest,isotonic,0.49726192027226485,0.10635323782020331,,,,
Rest,isotonic,0.5062393859816887,0.10635323782020331,,,,
Rest,isotonic,0.5152168516911124,0.10635323782020331,,,,
Rest,isotonic,0.5241943174005363,0.10635323782020331,,,,
Rest,isotonic,0.5331717831099603,0.10635323782020331,,,,
Rest,isotonic,0.542149248819384,0.10635323782020331,,,,
Rest,isotonic,0.5511267145288079,0.10635323782020331,,,,
Rest,isotonic,0.5601041802382318,0.10635323782020331,,,,
Rest,isotonic,0.5690816459476555,0.10635323782020331,,,,
Rest,isotonic,0.5780591116570795,0.10635323782020331,,,,
Rest,isotonic,0.5870365773665032,0.10635323782020331,,,,
Rest,isotonic,0.5960140430759271,0.10635323782020331,,,,
Rest,isotonic,0.604991508785351,0.10635323782020331,,,,
Rest,isotonic,0.6139689744947747,0.10635323782020331,,,,
Rest,isotonic,0.6229464402041986,0.10635323782020331,,,,
Rest,isotonic,0.6319239059136226,0.10635323782020331,,,,
Rest,isotonic,0.6409013716230463,0.10635323782020331,,,,
Rest,isotonic,0.6498788373324702,0.10635323782020331,,,,
Rest,isotonic,0.6588563030418941,0.10635323782020331,,,,
Rest,isotonic,0.6678337687513178,0.10635323782020331,,,,
Rest,isotonic,0.6768112344607418,0.10635323782020331,,,,
Rest,isotonic,0.6857887001701655,0.10635323782020331,,,,
Rest,isotonic,0.6947661658795894,0.10635323782020331,,,,
Rest,isotonic,0.7037436315890133,0.10635323782020331,,,,
Rest,isotonic,0.712721097298437,0.10635323782020331,,,,
Rest,isotonic,0.721698563007861,0.12068659929169175,,,,
Rest,isotonic,0.7306760287172849,0.12068659929169175,,,,
Rest,isotonic,0.7396534944267086,0.12068659929169175,,,,
Rest,isotonic,0.7486309601361325,0.12068659929169175,,,,
Rest,isotonic,0.7576084258455562,0.12068659929169175,,,,
Rest,isotonic,0.7665858915549801,0.12068659929169175,,,,
Rest,isotonic,0.7755633572644041,0.12068659929169175,,,,
Rest,isotonic,0.7845408229738278,0.12068659929169175,,,,
Rest,isotonic,0.7935182886832517,0.12068659929169175,,,,
Rest,isotonic,0.8024957543926756,0.12068659929169175,,,,
Rest,isotonic,0.8114732201020993,0.12068659929169175,,,,
Rest,isotonic,0.8204506858115233,0.12068659929169175,,,,
Rest,isotonic,0.8294281515209472,0.13633948540523347,,,,
Rest,isotonic,0.8384056172303709,0.13633948540523347,,,,
Rest,isotonic,0.8473830829397948,0.13633948540523347,,,,
Rest,isotonic,0.8563605486492185,0.15581123692976678,,,,
Rest,isotonic,0.8653380143586424,0.15581123692976678,,,,
Rest,isotonic,0.8743154800680664,0.15581123692976678,,,,
Rest,isotonic,0.8832929457774901,0.15581123692976678,,,,
Rest,isotonic,0.892270411486914,0.15581123692976678,,,,
Rest,isotonic,0.9012478771963379,0.15581123692976678,,,,
Rest,isotonic,0.9102253429057616,0.15581123692976678,,,,
Rest,isotonic,0.9192028086151856,0.15581123692976678,,,,
Rest,isotonic,0.9281802743246093,0.15581123692976678,,,,
Rest,isotonic,0.9371577400340332,0.15581123692976678,,,,
Rest,isotonic,0.9461352057434571,0.15581123692976678,,,,
Rest,isotonic,0.9551126714528808,0.15581123692976678,,,,
Rest,isotonic,0.9640901371623047,0.15581123692976678,,,,
Rest,isotonic,0.9730676028717284,0.15581123692976678,,,,
Rest,isotonic,0.9820450685811524,0.15581123692976678,,,,
Rest,isotonic,0.9910225342905763,0.24806660946820464,,,,
Rest,isotonic,1.0,0.24806660946820464,,,,
Rest,breakpoint,-0.0683184194214374,0.0,,0.8786684174425605,,
Rest,breakpoint,-0.05934095371201356,0.006370059663091891,,0.8786684174425605,,
Rest,breakpoint,-0.05036348800258972,0.012740119326183783,,0.8786684174425605,,
Rest,breakpoint,-0.04138602229316587,0.01911017898927568,,0.8786684174425605,,
Rest,breakpoint,-0.032408556583742025,0.025480238652367572,,0.8786684174425605,,
Rest,breakpoint,-0.023431090874318182,0.03185029831545946,,0.8786684174425605,,
Rest,breakpoint,-0.014453625164894332,0.038220357978551354,,0.8786684174425605,,
Rest,breakpoint,-0.005476159455470489,0.044590417641643246,,0.8786684174425605,,
Rest,breakpoint,0.003501306253953354,0.05096047730473514,,0.8786684174425605,,
Rest,breakpoint,0.012478771963377197,0.05733053696782703,,0.8786684174425605,,
Rest,breakpoint,0.02145623767280104,0.06370059663091893,,0.8786684174425605,,
Rest,breakpoint,0.030433703382224883,0.07007065629401081,,0.8786684174425605,,
Rest,breakpoint,0.03941116909164874,0.07644071595710272,,0.8786684174425605,,
Rest,breakpoint,0.04838863480107258,0.08281077562019461,,0.8786684174425605,,
Rest,breakpoint,0.057366100510496426,0.08918083528328649,,0.8786684174425605,,
Rest,breakpoint,0.06634356621992027,0.09555089494637839,,0.8786684174425605,,
Rest,breakpoint,0.07532103192934411,0.10192095460947029,,0.8786684174425605,,
Rest,breakpoint,0.08429849763876796,0.10829101427256217,,0.8786684174425605,,
Rest,breakpoint,0.0932759633481918,0.11466107393565407,,0.8786684174425605,,
Rest,breakpoint,0.10225342905761564,0.12103113359874597,,0.8786684174425605,,
Rest,breakpoint,0.11123089476703948,0.12740119326183785,,0.8786684174425605,,
Rest,breakpoint,0.12020836047646333,0.13377125292492975,,0.8786684174425605,,
Rest,breakpoint,0.12918582618588717,0.14014131258802165,,0.8786684174425605,,
Rest,breakpoint,0.138163291895311,0.14651137225111352,,0.8786684174425605,,
Rest,breakpoint,0.14714075760473488,0.15288143191420545,,0.8786684174425605,,
Rest,breakpoint,0.15611822331415873,0.15925149157729734,,0.8786684174425605,,
Rest,breakpoint,0.16509568902358257,0.16562155124038921,,0.8786684174425605,,
Rest,breakpoint,0.1740731547330064,0.1719916109034811,,0.8786684174425605,,
Rest,breakpoint,0.18305062044243026,0.17836167056657298,,0.8786684174425605,,
Rest,breakpoint,0.19202808615185407,0.18473173022966488,,0.8786684174425605,,
Rest,breakpoint,0.20100555186127794,0.1911017898927568,,0.8786684174425605,,
Rest,breakpoint,0.20998301757070176,0.19747184955584868,,0.8786684174425605,,
Rest,breakpoint,0.21896048328012563,0.20384190921894058,,0.8786684174425605,,
Rest,breakpoint,0.2279379489895495,0.2102119688820325,,0.8786684174425605,,
Rest,breakpoint,0.23691541469897331,0.21658202854512437,,0.8786684174425605,,
Rest,breakpoint,0.24589288040839719,0.22295208820821627,,0.8786684174425605,,
Rest,breakpoint,0.254870346117821,0.22932214787130814,,0.8786684174425605,,
Rest,breakpoint,0.26384781182724487,0.23569220753440007,,0.8786684174425605,,
Rest,breakpoint,0.2728252775366687,0.24206226719749194,,0.8786684174425605,,
Rest,breakpoint,0.28180274324609256,0.24843232686058384,,0.8786684174425605,,
Rest,breakpoint,0.2907802089555164,0.2548023865236757,,0.8786684174425605,,
Rest,breakpoint,0.29975767466494024,0.2611724461867676,,0.8786684174425605,,
Rest,breakpoint,0.30873514037436406,0.2675425058498595,,0.8786684174425605,,
Rest,breakpoint,0.31771260608378793,0.2739125655129514,,0.8786684174425605,,
Rest,breakpoint,0.32669007179321174,0.2802826251760433,,0.8786684174425605,,
Rest,breakpoint,0.3356675375026356,0.2866526848391352,,0.8786684174425605,,
Rest,breakpoint,0.34464500321205943,0.2930227445022271,,0.8786684174425605,,
Rest,breakpoint,0.3536224689214833,0.299392804165319,,0.8786684174425605,,
Rest,breakpoint,0.3625999346309072,0.3057628638284109,,0.8786684174425605,,
Rest,breakpoint,0.371577400340331,0.3121329234915027,,0.8786684174425605,,
Rest,breakpoint,0.38055486604975486,0.3185029831545947,,0.8786684174425605,,
Rest,breakpoint,0.3895323317591787,0.3248730428176865,,0.8786684174425605,,
Rest,breakpoint,0.39850979746860254,0.3312431024807784,,0.8786684174425605,,
Rest,breakpoint,0.40748726317802636,0.33761316214387027,,0.8786684174425605,,
Rest,breakpoint,0.41646472888745023,0.34398322180696217,,0.8786684174425605,,
Rest,breakpoint,0.42544219459687405,0.35035328147005407,,0.8786684174425605,,
Rest,breakpoint,0.4344196603062979,0.35672334113314597,,0.8786684174425605,,
Rest,breakpoint,0.44339712601572173,0.36309340079623786,,0.8786684174425605,,
Rest,breakpoint,0.45237459172514555,0.36946346045932976,,0.8786684174425605,,
Rest,breakpoint,0.4613520574345695,0.37583352012242166,,0.8786684174425605,,
Rest,breakpoint,0.4703295231439933,0.38220357978551356,,0.8786684174425605,,
Rest,breakpoint,0.4793069888534171,0.38857363944860546,,0.8786684174425605,,
Rest,breakpoint,0.4882844545628409,0.39494369911169724,,0.8786684174425605,,
Rest,breakpoint,0.49726192027226485,0.40131375877478925,,0.8786684174425605,,
Rest,breakpoint,0.5062393859816887,0.40768381843788115,,0.8786684174425605,,
Rest,breakpoint,0.5152168516911124,0.41405387810097294,,0.8786684174425605,,
Rest,breakpoint,0.5241943174005363,0.42042393776406495,,0.8786684174425605,,
Rest,breakpoint,0.5331717831099603,0.42679399742715685,,0.8786684174425605,,
Rest,breakpoint,0.542149248819384,0.43316405709024863,,0.8786684174425605,,
Rest,breakpoint,0.5511267145288079,0.43953411675334064,,0.8786684174425605,,
Rest,breakpoint,0.5601041802382318,0.44590417641643254,,0.8786684174425605,,
Rest,breakpoint,0.5690816459476555,0.4522742360795243,,0.8786684174425605,,
Rest,breakpoint,0.5780591116570795,0.45864429574261634,,0.8786684174425605,,
Rest,breakpoint,0.5870365773665032,0.4650143554057081,,0.8786684174425605,,
Rest,breakpoint,0.5960140430759271,0.4713844150688,,0.8786684174425605,,
Rest,breakpoint,0.604991508785351,0.47775447473189203,,0.8786684174425605,,
Rest,breakpoint,0.6139689744947747,0.4841245343949838,,0.8786684174425605,,
Rest,breakpoint,0.6229464402041986,0.4904945940580757,,0.8786684174425605,,
Rest,breakpoint,0.6319239059136226,0.4968646537211677,,0.8786684174425605,,
Rest,breakpoint,0.6409013716230463,0.5032347133842595,,0.8786684174425605,,
Rest,breakpoint,0.6498788373324702,0.5096047730473514,,0.8786684174425605,,
Rest,breakpoint,0.6588563030418941,0.5159748327104434,,0.8786684174425605,,
Rest,breakpoint,0.6678337687513178,0.5223448923735352,,0.8786684174425605,,
Rest,breakpoint,0.6768112344607418,0.5287149520366271,,0.8786684174425605,,
Rest,breakpoint,0.6857887001701655,0.5350850116997189,,0.8786684174425605,,
Rest,breakpoint,0.6947661658795894,0.5414550713628109,,0.8786684174425605,,
Rest,breakpoint,0.7037436315890133,0.5478251310259028,,0.8786684174425605,,
Rest,breakpoint,0.712721097298437,0.5541951906889946,,0.8786684174425605,,
Rest,breakpoint,0.721698563007861,0.5605652503520865,,0.8786684174425605,,
Rest,breakpoint,0.7306760287172849,0.5669353100151785,,0.8786684174425605,,
Rest,breakpoint,0.7396534944267086,0.5733053696782703,,0.8786684174425605,,
Rest,breakpoint,0.7486309601361325,0.5796754293413622,,0.8786684174425605,,
Rest,breakpoint,0.7576084258455562,0.586045489004454,,0.8786684174425605,,
Rest,breakpoint,0.7665858915549801,0.592415548667546,,0.8786684174425605,,
Rest,breakpoint,0.7755633572644041,0.5987856083306379,,0.8786684174425605,,
Rest,breakpoint,0.7845408229738278,0.6051556679937297,,0.8786684174425605,,
Rest,breakpoint,0.7935182886832517,0.6115257276568217,,0.8786684174425605,,
Rest,breakpoint,0.8024957543926756,0.6178957873199136,,0.8786684174425605,,
Rest,breakpoint,0.8114732201020993,0.6242658469830054,,0.8786684174425605,,
Rest,breakpoint,0.8204506858115233,0.6306359066460974,,0.8786684174425605,,
Rest,breakpoint,0.8294281515209472,0.6370059663091893,,0.8786684174425605,,
Rest,breakpoint,0.8384056172303709,0.643376025972281,,0.8786684174425605,,
Rest,breakpoint,0.8473830829397948,0.6497460856353731,,0.8786684174425605,,
Rest,breakpoint,0.8563605486492185,0.6561161452984648,,0.8786684174425605,,
Rest,breakpoint,0.8653380143586424,0.6624862049615567,,0.8786684174425605,,
Rest,breakpoint,0.8743154800680664,0.6688562646246488,,0.8786684174425605,,
Rest,breakpoint,0.8832929457774901,0.6715173804433403,,0.8786684174425605,,
Rest,breakpoint,0.892270411486914,0.6706873726033775,,0.8786684174425605,,
Rest,breakpoint,0.9012478771963379,0.6698573647634147,,0.8786684174425605,,
Rest,breakpoint,0.9102253429057616,0.669027356923452,,0.8786684174425605,,
Rest,breakpoint,0.9192028086151856,0.6681973490834893,,0.8786684174425605,,
Rest,breakpoint,0.9281802743246093,0.6673673412435265,,0.8786684174425605,,
Rest,breakpoint,0.9371577400340332,0.6665373334035638,,0.8786684174425605,,
Rest,breakpoint,0.9461352057434571,0.665707325563601,,0.8786684174425605,,
Rest,breakpoint,0.9551126714528808,0.6648773177236383,,0.8786684174425605,,
Rest,breakpoint,0.9640901371623047,0.6640473098836757,,0.8786684174425605,,
Rest,breakpoint,0.9730676028717284,0.6632173020437129,,0.8786684174425605,,
Rest,breakpoint,0.9820450685811524,0.6623872942037501,,0.8786684174425605,,
Rest,breakpoint,0.9910225342905763,0.6615572863637874,,0.8786684174425605,,
Rest,breakpoint,1.0,0.6607272785238246,,0.8786684174425605,,
Rest,hill,-0.0683184194214374,0.0,,,2.0,0.7269947138581863
Rest,hill,-0.05934095371201356,0.0,,,2.0,0.7269947138581863
Rest,hill,-0.05036348800258972,0.0,,,2.0,0.7269947138581863
Rest,hill,-0.04138602229316587,0.0,,,2.0,0.7269947138581863
Rest,hill,-0.032408556583742025,0.0,,,2.0,0.7269947138581863
Rest,hill,-0.023431090874318182,0.0,,,2.0,0.7269947138581863
Rest,hill,-0.014453625164894332,0.0,,,2.0,0.7269947138581863
Rest,hill,-0.005476159455470489,0.0,,,2.0,0.7269947138581863
Rest,hill,0.003501306253953354,2.4972885073335643e-05,,,2.0,0.7269947138581863
Rest,hill,0.012478771963377197,0.00031712782674145,,,2.0,0.7269947138581863
Rest,hill,0.02145623767280104,0.0009370172941176799,,,2.0,0.7269947138581863
Rest,hill,0.030433703382224883,0.0018835093659749277,,,2.0,0.7269947138581863
Rest,hill,0.03941116909164874,0.0031548795143626403,,,2.0,0.7269947138581863
Rest,hill,0.04838863480107258,0.004748818441025369,,,2.0,0.7269947138581863
Rest,hill,0.057366100510496426,0.006662442524127109,,,2.0,0.7269947138581863
Rest,hill,0.06634356621992027,0.008892306787427749,,,2.0,0.7269947138581863
Rest,hill,0.07532103192934411,0.01143442028367734,,,2.0,0.7269947138581863
Rest,hill,0.08429849763876796,0.014284263765055566,,,2.0,0.7269947138581863
Rest,hill,0.0932759633481918,0.017436809496220534,,,2.0,0.7269947138581863
Rest,hill,0.10225342905761564,0.020886543050142793,,,2.0,0.7269947138581863
Rest,hill,0.11123089476703948,0.024627486913552588,,,2.0,0.7269947138581863
Rest,hill,0.12020836047646333,0.028653225717648386,,,2.0,0.7269947138581863
Rest,hill,0.12918582618588717,0.03295693290079067,,,2.0,0.7269947138581863
Rest,hill,0.138163291895311,0.037531398603287025,,,2.0,0.7269947138581863
Rest,hill,0.14714075760473488,0.042369058590071715,,,2.0,0.7269947138581863
Rest,hill,0.15611822331415873,0.047462023995069616,,,2.0,0.7269947138581863
Rest,hill,0.16509568902358257,0.05280211168124629,,,2.0,0.7269947138581863
Rest,hill,0.1740731547330064,0.05838087501268908,,,2.0,0.7269947138581863
Rest,hill,0.18305062044243026,0.0641896348394141,,,2.0,0.7269947138581863
Rest,hill,0.19202808615185407,0.07021951050180049,,,2.0,0.7269947138581863
Rest,hill,0.20100555186127794,0.07646145066944667,,,2.0,0.7269947138581863
Rest,hill,0.20998301757070176,0.082906263838635,,,2.0,0.7269947138581863
Rest,hill,0.21896048328012563,0.08954464832328456,,,2.0,0.7269947138581863
Rest,hill,0.2279379489895495,0.0963672215860539,,,2.0,0.7269947138581863
Rest,hill,0.23691541469897331,0.10336454876892434,,,2.0,0.7269947138581863
Rest,hill,0.24589288040839719,0.11052717029593054,,,2.0,0.7269947138581863
Rest,hill,0.254870346117821,0.11784562843450941,,,2.0,0.7269947138581863
Rest,hill,0.26384781182724487,0.12531049271601266,,,2.0,0.7269947138581863
Rest,hill,0.2728252775366687,0.13291238413007694,,,2.0,0.7269947138581863
Rest,hill,0.28180274324609256,0.1406419980216096,,,2.0,0.7269947138581863
Rest,hill,0.2907802089555164,0.14849012563294897,,,2.0,0.7269947138581863
Rest,hill,0.29975767466494024,0.1564476742471693,,,2.0,0.7269947138581863
Rest,hill,0.30873514037436406,0.16450568590138598,,,2.0,0.7269947138581863
Rest,hill,0.31771260608378793,0.1726553546511735,,,2.0,0.7269947138581863
Rest,hill,0.32669007179321174,0.18088804237874226,,,2.0,0.7269947138581863
Rest,hill,0.3356675375026356,0.18919529314826833,,,2.0,0.7269947138581863
Rest,hill,0.34464500321205943,0.1975688461216629,,,2.0,0.7269947138581863
Rest,hill,0.3536224689214833,0.20600064705708676,,,2.0,0.7269947138581863
Rest,hill,0.3625999346309072,0.2144828584206163,,,2.0,0.7269947138581863
Rest,hill,0.371577400340331,0.22300786814866042,,,2.0,0.7269947138581863
Rest,hill,0.38055486604975486,0.23156829710500848,,,2.0,0.7269947138581863
Rest,hill,0.3895323317591787,0.24015700528176975,,,2.0,0.7269947138581863
Rest,hill,0.39850979746860254,0.24876709679798473,,,2.0,0.7269947138581863
Rest,hill,0.40748726317802636,0.2573919237533649,,,2.0,0.7269947138581863
Rest,hill,0.41646472888745023,0.26602508899750754,,,2.0,0.7269947138581863
Rest,hill,0.42544219459687405,0.2746604478770694,,,2.0,0.7269947138581863
Rest,hill,0.4344196603062979,0.2832921090248288,,,2.0,0.7269947138581863
Rest,hill,0.44339712601572173,0.29191443425537034,,,2.0,0.7269947138581863
Rest,hill,0.45237459172514555,0.30052203763234,,,2.0,0.7269947138581863
Rest,hill,0.4613520574345695,0.3091097837719134,,,2.0,0.7269947138581863
Rest,hill,0.4703295231439933,0.3176727854463332,,,2.0,0.7269947138581863
Rest,hill,0.4793069888534171,0.3262064005501776,,,2.0,0.7269947138581863
Rest,hill,0.4882844545628409,0.33470622849046056,,,2.0,0.7269947138581863
Rest,hill,0.49726192027226485,0.3431681060597984,,,2.0,0.7269947138581863
Rest,hill,0.5062393859816887,0.35158810284975145,,,2.0,0.7269947138581863
Rest,hill,0.5152168516911124,0.35996251625911024,,,2.0,0.7269947138581863
Rest,hill,0.5241943174005363,0.36828786614939085,,,2.0,0.7269947138581863
Rest,hill,0.5331717831099603,0.3765608891971671,,,2.0,0.7269947138581863
Rest,hill,0.542149248819384,0.3847785329901487,,,2.0,0.7269947138581863
Rest,hill,0.5511267145288079,0.39293794991112735,,,2.0,0.7269947138581863
Rest,hill,0.5601041802382318,0.4010364908511067,,,2.0,0.7269947138581863
Rest,hill,0.5690816459476555,0.40907169879012756,,,2.0,0.7269947138581863
Rest,hill,0.5780591116570795,0.4170413022815112,,,2.0,0.7269947138581863
Rest,hill,0.5870365773665032,0.4249432088725048,,,2.0,0.7269947138581863
Rest,hill,0.5960140430759271,0.43277549849163943,,,2.0,0.7269947138581863
Rest,hill,0.604991508785351,0.44053641683050104,,,2.0,0.7269947138581863
Rest,hill,0.6139689744947747,0.44822436874511273,,,2.0,0.7269947138581863
Rest,hill,0.6229464402041986,0.4558379116997023,,,2.0,0.7269947138581863
Rest,hill,0.6319239059136226,0.46337574927332714,,,2.0,0.7269947138581863
Rest,hill,0.6409013716230463,0.47083672474763266,,,2.0,0.7269947138581863
Rest,hill,0.6498788373324702,0.47821981479193715,,,2.0,0.7269947138581863
Rest,hill,0.6588563030418941,0.48552412325987543,,,2.0,0.7269947138581863
Rest,hill,0.6678337687513178,0.49274887510999404,,,2.0,0.7269947138581863
Rest,hill,0.6768112344607418,0.49989341046096486,,,2.0,0.7269947138581863
Rest,hill,0.6857887001701655,0.5069571787904762,,,2.0,0.7269947138581863
Rest,hill,0.6947661658795894,0.5139397332853795,,,2.0,0.7269947138581863
Rest,hill,0.7037436315890133,0.5208407253492827,,,2.0,0.7269947138581863
Rest,hill,0.712721097298437,0.5276598992725242,,,2.0,0.7269947138581863
Rest,hill,0.721698563007861,0.5343970870682937,,,2.0,0.7269947138581863
Rest,hill,0.7306760287172849,0.5410522034776074,,,2.0,0.7269947138581863
Rest,hill,0.7396534944267086,0.547625241144887,,,2.0,0.7269947138581863
Rest,hill,0.7486309601361325,0.554116265965013,,,2.0,0.7269947138581863
Rest,hill,0.7576084258455562,0.560525412601945,,,2.0,0.7269947138581863
Rest,hill,0.7665858915549801,0.5668528801782958,,,2.0,0.7269947138581863
Rest,hill,0.7755633572644041,0.5730989281346225,,,2.0,0.7269947138581863
Rest,hill,0.7845408229738278,0.5792638722566427,,,2.0,0.7269947138581863
Rest,hill,0.7935182886832517,0.5853480808681039,,,2.0,0.7269947138581863
Rest,hill,0.8024957543926756,0.5913519711865971,,,2.0,0.7269947138581863
Rest,hill,0.8114732201020993,0.5972760058392574,,,2.0,0.7269947138581863
Rest,hill,0.8204506858115233,0.6031206895349659,,,2.0,0.7269947138581863
Rest,hill,0.8294281515209472,0.6088865658894097,,,2.0,0.7269947138581863
Rest,hill,0.8384056172303709,0.6145742143991417,,,2.0,0.7269947138581863
Rest,hill,0.8473830829397948,0.6201842475605941,,,2.0,0.7269947138581863
Rest,hill,0.8563605486492185,0.6257173081298649,,,2.0,0.7269947138581863
Rest,hill,0.8653380143586424,0.6311740665189928,,,2.0,0.7269947138581863
Rest,hill,0.8743154800680664,0.6365552183243445,,,2.0,0.7269947138581863
Rest,hill,0.8832929457774901,0.6418614819827084,,,2.0,0.7269947138581863
Rest,hill,0.892270411486914,0.6470935965506492,,,2.0,0.7269947138581863
Rest,hill,0.9012478771963379,0.6522523196026772,,,2.0,0.7269947138581863
Rest,hill,0.9102253429057616,0.657338425243809,,,2.0,0.7269947138581863
Rest,hill,0.9192028086151856,0.6623527022321226,,,2.0,0.7269947138581863
Rest,hill,0.9281802743246093,0.6672959522069583,,,2.0,0.7269947138581863
Rest,hill,0.9371577400340332,0.6721689880184838,,,2.0,0.7269947138581863
Rest,hill,0.9461352057434571,0.6769726321544056,,,2.0,0.7269947138581863
Rest,hill,0.9551126714528808,0.6817077152596975,,,2.0,0.7269947138581863
Rest,hill,0.9640901371623047,0.6863750747453059,,,2.0,0.7269947138581863
Rest,hill,0.9730676028717284,0.6909755534818813,,,2.0,0.7269947138581863
Rest,hill,0.9820450685811524,0.6955099985747005,,,2.0,0.7269947138581863
Rest,hill,0.9910225342905763,0.699979260216034,,,2.0,0.7269947138581863
Rest,hill,1.0,0.7043841906113405,,,2.0,0.7269947138581863
Stim48hr,null,-0.09353489030955775,0.0,,,,
Stim48hr,null,-0.08434552148342701,0.0,,,,
Stim48hr,null,-0.07515615265729628,0.0,,,,
Stim48hr,null,-0.06596678383116554,0.0,,,,
Stim48hr,null,-0.056777415005034804,0.0,,,,
Stim48hr,null,-0.04758804617890407,0.0,,,,
Stim48hr,null,-0.03839867735277333,0.0,,,,
Stim48hr,null,-0.029209308526642594,0.0,,,,
Stim48hr,null,-0.020019939700511857,0.0,,,,
Stim48hr,null,-0.01083057087438112,0.0,,,,
Stim48hr,null,-0.0016412020482503842,0.0,,,,
Stim48hr,null,0.007548166777880352,0.0,,,,
Stim48hr,null,0.01673753560401109,0.0,,,,
Stim48hr,null,0.025926904430141826,0.0,,,,
Stim48hr,null,0.03511627325627256,0.0,,,,
Stim48hr,null,0.044305642082403285,0.0,,,,
Stim48hr,null,0.053495010908534035,0.0,,,,
Stim48hr,null,0.06268437973466479,0.0,,,,
Stim48hr,null,0.07187374856079551,0.0,,,,
Stim48hr,null,0.08106311738692623,0.0,,,,
Stim48hr,null,0.09025248621305698,0.0,,,,
Stim48hr,null,0.09944185503918773,0.0,,,,
Stim48hr,null,0.10863122386531845,0.0,,,,
Stim48hr,null,0.11782059269144918,0.0,,,,
Stim48hr,null,0.12700996151757993,0.0,,,,
Stim48hr,null,0.13619933034371068,0.0,,,,
Stim48hr,null,0.1453886991698414,0.0,,,,
Stim48hr,null,0.15457806799597212,0.0,,,,
Stim48hr,null,0.16376743682210287,0.0,,,,
Stim48hr,null,0.17295680564823362,0.0,,,,
Stim48hr,null,0.18214617447436432,0.0,,,,
Stim48hr,null,0.19133554330049507,0.0,,,,
Stim48hr,null,0.20052491212662582,0.0,,,,
Stim48hr,null,0.20971428095275657,0.0,,,,
Stim48hr,null,0.21890364977888732,0.0,,,,
Stim48hr,null,0.22809301860501802,0.0,,,,
Stim48hr,null,0.23728238743114877,0.0,,,,
Stim48hr,null,0.24647175625727952,0.0,,,,
Stim48hr,null,0.2556611250834102,0.0,,,,
Stim48hr,null,0.26485049390954096,0.0,,,,
Stim48hr,null,0.2740398627356717,0.0,,,,
Stim48hr,null,0.28322923156180246,0.0,,,,
Stim48hr,null,0.2924186003879332,0.0,,,,
Stim48hr,null,0.3016079692140639,0.0,,,,
Stim48hr,null,0.31079733804019466,0.0,,,,
Stim48hr,null,0.3199867068663254,0.0,,,,
Stim48hr,null,0.3291760756924561,0.0,,,,
Stim48hr,null,0.33836544451858686,0.0,,,,
Stim48hr,null,0.3475548133447176,0.0,,,,
Stim48hr,null,0.35674418217084836,0.0,,,,
Stim48hr,null,0.3659335509969791,0.0,,,,
Stim48hr,null,0.3751229198231098,0.0,,,,
Stim48hr,null,0.38431228864924055,0.0,,,,
Stim48hr,null,0.3935016574753713,0.0,,,,
Stim48hr,null,0.402691026301502,0.0,,,,
Stim48hr,null,0.41188039512763275,0.0,,,,
Stim48hr,null,0.4210697639537635,0.0,,,,
Stim48hr,null,0.43025913277989425,0.0,,,,
Stim48hr,null,0.439448501606025,0.0,,,,
Stim48hr,null,0.44863787043215575,0.0,,,,
Stim48hr,null,0.4578272392582864,0.0,,,,
Stim48hr,null,0.46701660808441714,0.0,,,,
Stim48hr,null,0.4762059769105479,0.0,,,,
Stim48hr,null,0.48539534573667864,0.0,,,,
Stim48hr,null,0.4945847145628094,0.0,,,,
Stim48hr,null,0.5037740833889401,0.0,,,,
Stim48hr,null,0.5129634522150709,0.0,,,,
Stim48hr,null,0.5221528210412016,0.0,,,,
Stim48hr,null,0.5313421898673324,0.0,,,,
Stim48hr,null,0.540531558693463,0.0,,,,
Stim48hr,null,0.5497209275195938,0.0,,,,
Stim48hr,null,0.5589102963457245,0.0,,,,
Stim48hr,null,0.5680996651718553,0.0,,,,
Stim48hr,null,0.577289033997986,0.0,,,,
Stim48hr,null,0.5864784028241168,0.0,,,,
Stim48hr,null,0.5956677716502475,0.0,,,,
Stim48hr,null,0.6048571404763782,0.0,,,,
Stim48hr,null,0.6140465093025089,0.0,,,,
Stim48hr,null,0.6232358781286397,0.0,,,,
Stim48hr,null,0.6324252469547704,0.0,,,,
Stim48hr,null,0.6416146157809012,0.0,,,,
Stim48hr,null,0.6508039846070319,0.0,,,,
Stim48hr,null,0.6599933534331627,0.0,,,,
Stim48hr,null,0.6691827222592934,0.0,,,,
Stim48hr,null,0.6783720910854242,0.0,,,,
Stim48hr,null,0.6875614599115548,0.0,,,,
Stim48hr,null,0.6967508287376856,0.0,,,,
Stim48hr,null,0.7059401975638163,0.0,,,,
Stim48hr,null,0.7151295663899471,0.0,,,,
Stim48hr,null,0.7243189352160778,0.0,,,,
Stim48hr,null,0.7335083040422086,0.0,,,,
Stim48hr,null,0.7426976728683393,0.0,,,,
Stim48hr,null,0.75188704169447,0.0,,,,
Stim48hr,null,0.7610764105206007,0.0,,,,
Stim48hr,null,0.7702657793467315,0.0,,,,
Stim48hr,null,0.7794551481728622,0.0,,,,
Stim48hr,null,0.788644516998993,0.0,,,,
Stim48hr,null,0.7978338858251237,0.0,,,,
Stim48hr,null,0.8070232546512545,0.0,,,,
Stim48hr,null,0.8162126234773852,0.0,,,,
Stim48hr,null,0.825401992303516,0.0,,,,
Stim48hr,null,0.8345913611296466,0.0,,,,
Stim48hr,null,0.8437807299557774,0.0,,,,
Stim48hr,null,0.8529700987819081,0.0,,,,
Stim48hr,null,0.8621594676080389,0.0,,,,
Stim48hr,null,0.8713488364341696,0.0,,,,
Stim48hr,null,0.8805382052603004,0.0,,,,
Stim48hr,null,0.8897275740864311,0.0,,,,
Stim48hr,null,0.8989169429125617,0.0,,,,
Stim48hr,null,0.9081063117386926,0.0,,,,
Stim48hr,null,0.9172956805648232,0.0,,,,
Stim48hr,null,0.9264850493909541,0.0,,,,
Stim48hr,null,0.9356744182170847,0.0,,,,
Stim48hr,null,0.9448637870432154,0.0,,,,
Stim48hr,null,0.9540531558693462,0.0,,,,
Stim48hr,null,0.9632425246954769,0.0,,,,
Stim48hr,null,0.9724318935216077,0.0,,,,
Stim48hr,null,0.9816212623477384,0.0,,,,
Stim48hr,null,0.9908106311738692,0.0,,,,
Stim48hr,null,1.0,0.0,,,,
Stim48hr,linear,-0.09353489030955775,0.0,,,,
Stim48hr,linear,-0.08434552148342701,0.009563880333679192,,,,
Stim48hr,linear,-0.07515615265729628,0.019127760667358384,,,,
Stim48hr,linear,-0.06596678383116554,0.028691641001037577,,,,
Stim48hr,linear,-0.056777415005034804,0.03825552133471677,,,,
Stim48hr,linear,-0.04758804617890407,0.04781940166839599,,,,
Stim48hr,linear,-0.03839867735277333,0.05738328200207515,,,,
Stim48hr,linear,-0.029209308526642594,0.06694716233575437,,,,
Stim48hr,linear,-0.020019939700511857,0.07651104266943357,,,,
Stim48hr,linear,-0.01083057087438112,0.08607492300311277,,,,
Stim48hr,linear,-0.0016412020482503842,0.09563880333679196,,,,
Stim48hr,linear,0.007548166777880352,0.10520268367047116,,,,
Stim48hr,linear,0.01673753560401109,0.11476656400415035,,,,
Stim48hr,linear,0.025926904430141826,0.12433044433782955,,,,
Stim48hr,linear,0.03511627325627256,0.13389432467150875,,,,
Stim48hr,linear,0.044305642082403285,0.1434582050051879,,,,
Stim48hr,linear,0.053495010908534035,0.15302208533886713,,,,
Stim48hr,linear,0.06268437973466479,0.16258596567254635,,,,
Stim48hr,linear,0.07187374856079551,0.17214984600622552,,,,
Stim48hr,linear,0.08106311738692623,0.1817137263399047,,,,
Stim48hr,linear,0.09025248621305698,0.19127760667358393,,,,
Stim48hr,linear,0.09944185503918773,0.20084148700726312,,,,
Stim48hr,linear,0.10863122386531845,0.2104053673409423,,,,
Stim48hr,linear,0.11782059269144918,0.2199692476746215,,,,
Stim48hr,linear,0.12700996151757993,0.2295331280083007,,,,
Stim48hr,linear,0.13619933034371068,0.23909700834197992,,,,
Stim48hr,linear,0.1453886991698414,0.24866088867565908,,,,
Stim48hr,linear,0.15457806799597212,0.2582247690093383,,,,
Stim48hr,linear,0.16376743682210287,0.2677886493430175,,,,
Stim48hr,linear,0.17295680564823362,0.27735252967669666,,,,
Stim48hr,linear,0.18214617447436432,0.2869164100103758,,,,
Stim48hr,linear,0.19133554330049507,0.29648029034405504,,,,
Stim48hr,linear,0.20052491212662582,0.30604417067773426,,,,
Stim48hr,linear,0.20971428095275657,0.3156080510114135,,,,
Stim48hr,linear,0.21890364977888732,0.3251719313450927,,,,
Stim48hr,linear,0.22809301860501802,0.3347358116787718,,,,
Stim48hr,linear,0.23728238743114877,0.34429969201245103,,,,
Stim48hr,linear,0.24647175625727952,0.35386357234613025,,,,
Stim48hr,linear,0.2556611250834102,0.3634274526798094,,,,
Stim48hr,linear,0.26485049390954096,0.37299133301348864,,,,
Stim48hr,linear,0.2740398627356717,0.3825552133471678,,,,
Stim48hr,linear,0.28322923156180246,0.392119093680847,,,,
Stim48hr,linear,0.2924186003879332,0.40168297401452624,,,,
Stim48hr,linear,0.3016079692140639,0.4112468543482054,,,,
Stim48hr,linear,0.31079733804019466,0.4208107346818846,,,,
Stim48hr,linear,0.3199867068663254,0.43037461501556384,,,,
Stim48hr,linear,0.3291760756924561,0.43993849534924295,,,,
Stim48hr,linear,0.33836544451858686,0.4495023756829222,,,,
Stim48hr,linear,0.3475548133447176,0.4590662560166014,,,,
Stim48hr,linear,0.35674418217084836,0.4686301363502806,,,,
Stim48hr,linear,0.3659335509969791,0.47819401668395983,,,,
Stim48hr,linear,0.3751229198231098,0.48775789701763894,,,,
Stim48hr,linear,0.38431228864924055,0.49732177735131816,,,,
Stim48hr,linear,0.3935016574753713,0.5068856576849974,,,,
Stim48hr,linear,0.402691026301502,0.5164495380186765,,,,
Stim48hr,linear,0.41188039512763275,0.5260134183523557,,,,
Stim48hr,linear,0.4210697639537635,0.535577298686035,,,,
Stim48hr,linear,0.43025913277989425,0.5451411790197142,,,,
Stim48hr,linear,0.439448501606025,0.5547050593533933,,,,
Stim48hr,linear,0.44863787043215575,0.5642689396870726,,,,
Stim48hr,linear,0.4578272392582864,0.5738328200207516,,,,
Stim48hr,linear,0.46701660808441714,0.5833967003544309,,,,
Stim48hr,linear,0.4762059769105479,0.5929605806881101,,,,
Stim48hr,linear,0.48539534573667864,0.6025244610217892,,,,
Stim48hr,linear,0.4945847145628094,0.6120883413554685,,,,
Stim48hr,linear,0.5037740833889401,0.6216522216891477,,,,
Stim48hr,linear,0.5129634522150709,0.6312161020228269,,,,
Stim48hr,linear,0.5221528210412016,0.6407799823565061,,,,
Stim48hr,linear,0.5313421898673324,0.6503438626901853,,,,
Stim48hr,linear,0.540531558693463,0.6599077430238645,,,,
Stim48hr,linear,0.5497209275195938,0.6694716233575436,,,,
Stim48hr,linear,0.5589102963457245,0.6790355036912228,,,,
Stim48hr,linear,0.5680996651718553,0.6885993840249021,,,,
Stim48hr,linear,0.577289033997986,0.6981632643585812,,,,
Stim48hr,linear,0.5864784028241168,0.7077271446922606,,,,
Stim48hr,linear,0.5956677716502475,0.7172910250259397,,,,
Stim48hr,linear,0.6048571404763782,0.7268549053596187,,,,
Stim48hr,linear,0.6140465093025089,0.736418785693298,,,,
Stim48hr,linear,0.6232358781286397,0.7459826660269773,,,,
Stim48hr,linear,0.6324252469547704,0.7555465463606565,,,,
Stim48hr,linear,0.6416146157809012,0.7651104266943356,,,,
Stim48hr,linear,0.6508039846070319,0.7746743070280149,,,,
Stim48hr,linear,0.6599933534331627,0.7842381873616942,,,,
Stim48hr,linear,0.6691827222592934,0.7938020676953732,,,,
Stim48hr,linear,0.6783720910854242,0.8033659480290525,,,,
Stim48hr,linear,0.6875614599115548,0.8129298283627315,,,,
Stim48hr,linear,0.6967508287376856,0.8224937086964108,,,,
Stim48hr,linear,0.7059401975638163,0.8320575890300901,,,,
Stim48hr,linear,0.7151295663899471,0.8416214693637691,,,,
Stim48hr,linear,0.7243189352160778,0.8511853496974484,,,,
Stim48hr,linear,0.7335083040422086,0.8607492300311277,,,,
Stim48hr,linear,0.7426976728683393,0.870313110364807,,,,
Stim48hr,linear,0.75188704169447,0.879876990698486,,,,
Stim48hr,linear,0.7610764105206007,0.8894408710321651,,,,
Stim48hr,linear,0.7702657793467315,0.8990047513658443,,,,
Stim48hr,linear,0.7794551481728622,0.9085686316995236,,,,
Stim48hr,linear,0.788644516998993,0.9181325120332029,,,,
Stim48hr,linear,0.7978338858251237,0.927696392366882,,,,
Stim48hr,linear,0.8070232546512545,0.9372602727005612,,,,
Stim48hr,linear,0.8162126234773852,0.9468241530342405,,,,
Stim48hr,linear,0.825401992303516,0.9563880333679196,,,,
Stim48hr,linear,0.8345913611296466,0.9659519137015988,,,,
Stim48hr,linear,0.8437807299557774,0.9755157940352779,,,,
Stim48hr,linear,0.8529700987819081,0.9850796743689572,,,,
Stim48hr,linear,0.8621594676080389,0.9946435547026364,,,,
Stim48hr,linear,0.8713488364341696,1.0042074350363155,,,,
Stim48hr,linear,0.8805382052603004,1.0137713153699948,,,,
Stim48hr,linear,0.8897275740864311,1.023335195703674,,,,
Stim48hr,linear,0.8989169429125617,1.032899076037353,,,,
Stim48hr,linear,0.9081063117386926,1.0424629563710324,,,,
Stim48hr,linear,0.9172956805648232,1.0520268367047114,,,,
Stim48hr,linear,0.9264850493909541,1.061590717038391,,,,
Stim48hr,linear,0.9356744182170847,1.07115459737207,,,,
Stim48hr,linear,0.9448637870432154,1.080718477705749,,,,
Stim48hr,linear,0.9540531558693462,1.0902823580394283,,,,
Stim48hr,linear,0.9632425246954769,1.0998462383731076,,,,
Stim48hr,linear,0.9724318935216077,1.1094101187067869,,,,
Stim48hr,linear,0.9816212623477384,1.118973999040466,,,,
Stim48hr,linear,0.9908106311738692,1.1285378793741452,,,,
Stim48hr,linear,1.0,1.1381017597078245,,,,
Stim48hr,spline,-0.09353489030955775,0.0,5.0,,,
Stim48hr,spline,-0.08434552148342701,0.0015308957343843632,5.0,,,
Stim48hr,spline,-0.07515615265729628,0.0033686028966669612,5.0,,,
Stim48hr,spline,-0.06596678383116554,0.005518063651670735,5.0,,,
Stim48hr,spline,-0.056777415005034804,0.00798422016421807,5.0,,,
Stim48hr,spline,-0.04758804617890407,0.01077201459913213,5.0,,,
Stim48hr,spline,-0.03839867735277333,0.013886389121235632,5.0,,,
Stim48hr,spline,-0.029209308526642594,0.017332285895351407,5.0,,,
Stim48hr,spline,-0.020019939700511857,0.021114647086302174,5.0,,,
Stim48hr,spline,-0.01083057087438112,0.02523841485891054,5.0,,,
Stim48hr,spline,-0.0016412020482503842,0.02970853137799989,5.0,,,
Stim48hr,spline,0.007548166777880352,0.03452875152778334,5.0,,,
Stim48hr,spline,0.01673753560401109,0.03969463427319675,5.0,,,
Stim48hr,spline,0.025926904430141826,0.04519828001551052,5.0,,,
Stim48hr,spline,0.03511627325627256,0.05103177695163319,5.0,,,
Stim48hr,spline,0.044305642082403285,0.057187213278474314,5.0,,,
Stim48hr,spline,0.053495010908534035,0.06365667719294243,5.0,,,
Stim48hr,spline,0.06268437973466479,0.07043225689194654,5.0,,,
Stim48hr,spline,0.07187374856079551,0.07750604057239574,5.0,,,
Stim48hr,spline,0.08106311738692623,0.08487011643119846,5.0,,,
Stim48hr,spline,0.09025248621305698,0.09251657266526425,5.0,,,
Stim48hr,spline,0.09944185503918773,0.10043749747150155,5.0,,,
Stim48hr,spline,0.10863122386531845,0.10862497904681967,5.0,,,
Stim48hr,spline,0.11782059269144918,0.11707110558812728,5.0,,,
Stim48hr,spline,0.12700996151757993,0.12576796529233325,5.0,,,
Stim48hr,spline,0.13619933034371068,0.1347076463563468,5.0,,,
Stim48hr,spline,0.1453886991698414,0.1438822369770768,5.0,,,
Stim48hr,spline,0.15457806799597212,0.1532838253514317,5.0,,,
Stim48hr,spline,0.16376743682210287,0.1629044996763208,5.0,,,
Stim48hr,spline,0.17295680564823362,0.17273634814865346,5.0,,,
Stim48hr,spline,0.18214617447436432,0.18277145896533775,5.0,,,
Stim48hr,spline,0.19133554330049507,0.19300192032328323,5.0,,,
Stim48hr,spline,0.20052491212662582,0.20341982041939843,5.0,,,
Stim48hr,spline,0.20971428095275657,0.21401724745059258,5.0,,,
Stim48hr,spline,0.21890364977888732,0.22478628961377434,5.0,,,
Stim48hr,spline,0.22809301860501802,0.2357190351058529,5.0,,,
Stim48hr,spline,0.23728238743114877,0.24680757212373694,5.0,,,
Stim48hr,spline,0.24647175625727952,0.25804398886433555,5.0,,,
Stim48hr,spline,0.2556611250834102,0.2694203735245575,5.0,,,
Stim48hr,spline,0.26485049390954096,0.280928814301312,5.0,,,
Stim48hr,spline,0.2740398627356717,0.2925613993915077,5.0,,,
Stim48hr,spline,0.28322923156180246,0.30431021699205374,5.0,,,
Stim48hr,spline,0.2924186003879332,0.3161673552998586,5.0,,,
Stim48hr,spline,0.3016079692140639,0.3281249025118317,5.0,,,
Stim48hr,spline,0.31079733804019466,0.34017494682488203,5.0,,,
Stim48hr,spline,0.3199867068663254,0.352309576435918,5.0,,,
Stim48hr,spline,0.3291760756924561,0.36452087954184864,5.0,,,
Stim48hr,spline,0.33836544451858686,0.37680094433958333,5.0,,,
Stim48hr,spline,0.3475548133447176,0.3891418590260307,5.0,,,
Stim48hr,spline,0.35674418217084836,0.40153571179809977,5.0,,,
Stim48hr,spline,0.3659335509969791,0.41397459085269916,5.0,,,
Stim48hr,spline,0.3751229198231098,0.4264505843867381,5.0,,,
Stim48hr,spline,0.38431228864924055,0.43895578059712537,5.0,,,
Stim48hr,spline,0.3935016574753713,0.45148226768077027,5.0,,,
Stim48hr,spline,0.402691026301502,0.464022133834581,5.0,,,
Stim48hr,spline,0.41188039512763275,0.47656746725546717,5.0,,,
Stim48hr,spline,0.4210697639537635,0.48911035614033727,5.0,,,
Stim48hr,spline,0.43025913277989425,0.5016428886861004,5.0,,,
Stim48hr,spline,0.439448501606025,0.5141571530896657,5.0,,,
Stim48hr,spline,0.44863787043215575,0.5266452375479418,5.0,,,
Stim48hr,spline,0.4578272392582864,0.5390992302578375,5.0,,,
Stim48hr,spline,0.46701660808441714,0.5515112194162619,5.0,,,
Stim48hr,spline,0.4762059769105479,0.5638732932201241,5.0,,,
Stim48hr,spline,0.48539534573667864,0.5761775398663329,5.0,,,
Stim48hr,spline,0.4945847145628094,0.5884160475517972,5.0,,,
Stim48hr,spline,0.5037740833889401,0.6005809526201606,5.0,,,
Stim48hr,spline,0.5129634522150709,0.6126661499948375,5.0,,,
Stim48hr,spline,0.5221528210412016,0.6246677556852727,5.0,,,
Stim48hr,spline,0.5313421898673324,0.6365820279326186,5.0,,,
Stim48hr,spline,0.540531558693463,0.6484052249780281,5.0,,,
Stim48hr,spline,0.5497209275195938,0.6601336050626533,5.0,,,
Stim48hr,spline,0.5589102963457245,0.6717634264276467,5.0,,,
Stim48hr,spline,0.5680996651718553,0.6832909473141608,5.0,,,
Stim48hr,spline,0.577289033997986,0.6947124259633479,5.0,,,
Stim48hr,spline,0.5864784028241168,0.7060241206163607,5.0,,,
Stim48hr,spline,0.5956677716502475,0.7172222895143514,5.0,,,
Stim48hr,spline,0.6048571404763782,0.7283031908984725,5.0,,,
Stim48hr,spline,0.6140465093025089,0.7392630830098765,5.0,,,
Stim48hr,spline,0.6232358781286397,0.7500982240897158,5.0,,,
Stim48hr,spline,0.6324252469547704,0.760804872379143,5.0,,,
Stim48hr,spline,0.6416146157809012,0.7713792861193101,5.0,,,
Stim48hr,spline,0.6508039846070319,0.7818177235513701,5.0,,,
Stim48hr,spline,0.6599933534331627,0.7921164429164751,5.0,,,
Stim48hr,spline,0.6691827222592934,0.8022717024557775,5.0,,,
Stim48hr,spline,0.6783720910854242,0.81227976041043,5.0,,,
Stim48hr,spline,0.6875614599115548,0.8221368750215847,5.0,,,
Stim48hr,spline,0.6967508287376856,0.8318393045303945,5.0,,,
Stim48hr,spline,0.7059401975638163,0.8413833071780115,5.0,,,
Stim48hr,spline,0.7151295663899471,0.8507651412055881,5.0,,,
Stim48hr,spline,0.7243189352160778,0.8599810648542769,5.0,,,
Stim48hr,spline,0.7335083040422086,0.8690273363652303,5.0,,,
Stim48hr,spline,0.7426976728683393,0.8779002139796009,5.0,,,
Stim48hr,spline,0.75188704169447,0.8865959559385408,5.0,,,
Stim48hr,spline,0.7610764105206007,0.8951108204832028,5.0,,,
Stim48hr,spline,0.7702657793467315,0.903441065854739,5.0,,,
Stim48hr,spline,0.7794551481728622,0.9115829502943021,5.0,,,
Stim48hr,spline,0.788644516998993,0.9195327320430445,5.0,,,
Stim48hr,spline,0.7978338858251237,0.9272866693421186,5.0,,,
Stim48hr,spline,0.8070232546512545,0.9348410204326768,5.0,,,
Stim48hr,spline,0.8162126234773852,0.9421920435558715,5.0,,,
Stim48hr,spline,0.825401992303516,0.9493359969528553,5.0,,,
Stim48hr,spline,0.8345913611296466,0.9562691388647805,5.0,,,
Stim48hr,spline,0.8437807299557774,0.9629877275327996,5.0,,,
Stim48hr,spline,0.8529700987819081,0.9694880211980652,5.0,,,
Stim48hr,spline,0.8621594676080389,0.9757662781017294,5.0,,,
Stim48hr,spline,0.8713488364341696,0.9818187564849449,5.0,,,
Stim48hr,spline,0.8805382052603004,0.9876417145888641,5.0,,,
Stim48hr,spline,0.8897275740864311,0.9932314106546394,5.0,,,
Stim48hr,spline,0.8989169429125617,0.9985841029234231,5.0,,,
Stim48hr,spline,0.9081063117386926,1.003696049636368,5.0,,,
Stim48hr,spline,0.9172956805648232,1.0085635090346263,5.0,,,
Stim48hr,spline,0.9264850493909541,1.0131827393593504,5.0,,,
Stim48hr,spline,0.9356744182170847,1.0175499988516927,5.0,,,
Stim48hr,spline,0.9448637870432154,1.021661545752806,5.0,,,
Stim48hr,spline,0.9540531558693462,1.0255136383038423,5.0,,,
Stim48hr,spline,0.9632425246954769,1.0291025347459544,5.0,,,
Stim48hr,spline,0.9724318935216077,1.0324244933202946,5.0,,,
Stim48hr,spline,0.9816212623477384,1.0354757722680152,5.0,,,
Stim48hr,spline,0.9908106311738692,1.0382526298302688,5.0,,,
Stim48hr,spline,1.0,1.0407513242482078,5.0,,,
Stim48hr,isotonic,-0.09353489030955775,0.0,,,,
Stim48hr,isotonic,-0.08434552148342701,0.0,,,,
Stim48hr,isotonic,-0.07515615265729628,0.0,,,,
Stim48hr,isotonic,-0.06596678383116554,0.0,,,,
Stim48hr,isotonic,-0.056777415005034804,0.0,,,,
Stim48hr,isotonic,-0.04758804617890407,0.0,,,,
Stim48hr,isotonic,-0.03839867735277333,0.0,,,,
Stim48hr,isotonic,-0.029209308526642594,0.0,,,,
Stim48hr,isotonic,-0.020019939700511857,0.0,,,,
Stim48hr,isotonic,-0.01083057087438112,0.0,,,,
Stim48hr,isotonic,-0.0016412020482503842,0.0,,,,
Stim48hr,isotonic,0.007548166777880352,0.0,,,,
Stim48hr,isotonic,0.01673753560401109,0.0,,,,
Stim48hr,isotonic,0.025926904430141826,0.0,,,,
Stim48hr,isotonic,0.03511627325627256,0.0,,,,
Stim48hr,isotonic,0.044305642082403285,0.0,,,,
Stim48hr,isotonic,0.053495010908534035,0.0,,,,
Stim48hr,isotonic,0.06268437973466479,0.0,,,,
Stim48hr,isotonic,0.07187374856079551,0.0,,,,
Stim48hr,isotonic,0.08106311738692623,0.0,,,,
Stim48hr,isotonic,0.09025248621305698,0.0,,,,
Stim48hr,isotonic,0.09944185503918773,0.0,,,,
Stim48hr,isotonic,0.10863122386531845,0.0,,,,
Stim48hr,isotonic,0.11782059269144918,0.0,,,,
Stim48hr,isotonic,0.12700996151757993,0.0,,,,
Stim48hr,isotonic,0.13619933034371068,0.0,,,,
Stim48hr,isotonic,0.1453886991698414,0.0,,,,
Stim48hr,isotonic,0.15457806799597212,0.0,,,,
Stim48hr,isotonic,0.16376743682210287,0.0,,,,
Stim48hr,isotonic,0.17295680564823362,0.05096156402735785,,,,
Stim48hr,isotonic,0.18214617447436432,0.05096156402735785,,,,
Stim48hr,isotonic,0.19133554330049507,0.05096156402735785,,,,
Stim48hr,isotonic,0.20052491212662582,0.05129594378087304,,,,
Stim48hr,isotonic,0.20971428095275657,0.05129594378087304,,,,
Stim48hr,isotonic,0.21890364977888732,0.05129594378087304,,,,
Stim48hr,isotonic,0.22809301860501802,0.08353719109442531,,,,
Stim48hr,isotonic,0.23728238743114877,0.08353719109442531,,,,
Stim48hr,isotonic,0.24647175625727952,0.08353719109442531,,,,
Stim48hr,isotonic,0.2556611250834102,0.08353719109442531,,,,
Stim48hr,isotonic,0.26485049390954096,0.08353719109442531,,,,
Stim48hr,isotonic,0.2740398627356717,0.08353719109442531,,,,
Stim48hr,isotonic,0.28322923156180246,0.08353719109442531,,,,
Stim48hr,isotonic,0.2924186003879332,0.08353719109442531,,,,
Stim48hr,isotonic,0.3016079692140639,0.08353719109442531,,,,
Stim48hr,isotonic,0.31079733804019466,0.08353719109442531,,,,
Stim48hr,isotonic,0.3199867068663254,0.08353719109442531,,,,
Stim48hr,isotonic,0.3291760756924561,0.08353719109442531,,,,
Stim48hr,isotonic,0.33836544451858686,0.08353719109442531,,,,
Stim48hr,isotonic,0.3475548133447176,0.08353719109442531,,,,
Stim48hr,isotonic,0.35674418217084836,0.08353719109442531,,,,
Stim48hr,isotonic,0.3659335509969791,0.08353719109442531,,,,
Stim48hr,isotonic,0.3751229198231098,0.08353719109442531,,,,
Stim48hr,isotonic,0.38431228864924055,0.08353719109442531,,,,
Stim48hr,isotonic,0.3935016574753713,0.08353719109442531,,,,
Stim48hr,isotonic,0.402691026301502,0.08353719109442531,,,,
Stim48hr,isotonic,0.41188039512763275,0.14117781630772602,,,,
Stim48hr,isotonic,0.4210697639537635,0.14117781630772602,,,,
Stim48hr,isotonic,0.43025913277989425,0.14117781630772602,,,,
Stim48hr,isotonic,0.439448501606025,0.14117781630772602,,,,
Stim48hr,isotonic,0.44863787043215575,0.14117781630772602,,,,
Stim48hr,isotonic,0.4578272392582864,0.14117781630772602,,,,
Stim48hr,isotonic,0.46701660808441714,0.14117781630772602,,,,
Stim48hr,isotonic,0.4762059769105479,0.14962197327866414,,,,
Stim48hr,isotonic,0.48539534573667864,0.17300070812368074,,,,
Stim48hr,isotonic,0.4945847145628094,0.17300070812368074,,,,
Stim48hr,isotonic,0.5037740833889401,0.17300070812368074,,,,
Stim48hr,isotonic,0.5129634522150709,0.17300070812368074,,,,
Stim48hr,isotonic,0.5221528210412016,0.17300070812368074,,,,
Stim48hr,isotonic,0.5313421898673324,0.17300070812368074,,,,
Stim48hr,isotonic,0.540531558693463,0.17300070812368074,,,,
Stim48hr,isotonic,0.5497209275195938,0.17300070812368074,,,,
Stim48hr,isotonic,0.5589102963457245,0.17300070812368074,,,,
Stim48hr,isotonic,0.5680996651718553,0.17300070812368074,,,,
Stim48hr,isotonic,0.577289033997986,0.17300070812368074,,,,
Stim48hr,isotonic,0.5864784028241168,0.17300070812368074,,,,
Stim48hr,isotonic,0.5956677716502475,0.17300070812368074,,,,
Stim48hr,isotonic,0.6048571404763782,0.19880043943715378,,,,
Stim48hr,isotonic,0.6140465093025089,0.20737067146183205,,,,
Stim48hr,isotonic,0.6232358781286397,0.20737067146183205,,,,
Stim48hr,isotonic,0.6324252469547704,0.20737067146183205,,,,
Stim48hr,isotonic,0.6416146157809012,0.20737067146183205,,,,
Stim48hr,isotonic,0.6508039846070319,0.20737067146183205,,,,
Stim48hr,isotonic,0.6599933534331627,0.20737067146183205,,,,
Stim48hr,isotonic,0.6691827222592934,0.20737067146183205,,,,
Stim48hr,isotonic,0.6783720910854242,0.20977735367619538,,,,
Stim48hr,isotonic,0.6875614599115548,0.20977735367619538,,,,
Stim48hr,isotonic,0.6967508287376856,0.20977735367619538,,,,
Stim48hr,isotonic,0.7059401975638163,0.20977735367619538,,,,
Stim48hr,isotonic,0.7151295663899471,0.20977735367619538,,,,
Stim48hr,isotonic,0.7243189352160778,0.20977735367619538,,,,
Stim48hr,isotonic,0.7335083040422086,0.20977735367619538,,,,
Stim48hr,isotonic,0.7426976728683393,0.20977735367619538,,,,
Stim48hr,isotonic,0.75188704169447,0.20977735367619538,,,,
Stim48hr,isotonic,0.7610764105206007,0.20977735367619538,,,,
Stim48hr,isotonic,0.7702657793467315,0.22319339707303953,,,,
Stim48hr,isotonic,0.7794551481728622,0.22319339707303953,,,,
Stim48hr,isotonic,0.788644516998993,0.22319339707303953,,,,
Stim48hr,isotonic,0.7978338858251237,0.22319339707303953,,,,
Stim48hr,isotonic,0.8070232546512545,0.22319339707303953,,,,
Stim48hr,isotonic,0.8162126234773852,0.22319339707303953,,,,
Stim48hr,isotonic,0.825401992303516,0.22319339707303953,,,,
Stim48hr,isotonic,0.8345913611296466,0.2254387801445886,,,,
Stim48hr,isotonic,0.8437807299557774,0.2254387801445886,,,,
Stim48hr,isotonic,0.8529700987819081,0.2254387801445886,,,,
Stim48hr,isotonic,0.8621594676080389,0.23107266614418553,,,,
Stim48hr,isotonic,0.8713488364341696,0.23107266614418553,,,,
Stim48hr,isotonic,0.8805382052603004,0.23107266614418553,,,,
Stim48hr,isotonic,0.8897275740864311,0.2390604024833887,,,,
Stim48hr,isotonic,0.8989169429125617,0.23941449153115382,,,,
Stim48hr,isotonic,0.9081063117386926,0.23941449153115382,,,,
Stim48hr,isotonic,0.9172956805648232,0.23941449153115382,,,,
Stim48hr,isotonic,0.9264850493909541,0.2426331911337033,,,,
Stim48hr,isotonic,0.9356744182170847,0.26693927988691435,,,,
Stim48hr,isotonic,0.9448637870432154,0.26693927988691435,,,,
Stim48hr,isotonic,0.9540531558693462,0.26693927988691435,,,,
Stim48hr,isotonic,0.9632425246954769,0.26693927988691435,,,,
Stim48hr,isotonic,0.9724318935216077,0.26693927988691435,,,,
Stim48hr,isotonic,0.9816212623477384,0.26693927988691435,,,,
Stim48hr,isotonic,0.9908106311738692,0.26693927988691435,,,,
Stim48hr,isotonic,1.0,0.26693927988691435,,,,
Stim48hr,breakpoint,-0.09353489030955775,0.0,,0.8497436669796045,,
Stim48hr,breakpoint,-0.08434552148342701,0.009531800644200839,,0.8497436669796045,,
Stim48hr,breakpoint,-0.07515615265729628,0.019063601288401705,,0.8497436669796045,,
Stim48hr,breakpoint,-0.06596678383116554,0.02859540193260257,,0.8497436669796045,,
Stim48hr,breakpoint,-0.056777415005034804,0.03812720257680341,,0.8497436669796045,,
Stim48hr,breakpoint,-0.04758804617890407,0.047659003221004276,,0.8497436669796045,,
Stim48hr,breakpoint,-0.03839867735277333,0.05719080386520514,,0.8497436669796045,,
Stim48hr,breakpoint,-0.029209308526642594,0.06672260450940598,,0.8497436669796045,,
Stim48hr,breakpoint,-0.020019939700511857,0.07625440515360685,,0.8497436669796045,,
Stim48hr,breakpoint,-0.01083057087438112,0.08578620579780771,,0.8497436669796045,,
Stim48hr,breakpoint,-0.0016412020482503842,0.09531800644200857,,0.8497436669796045,,
Stim48hr,breakpoint,0.007548166777880352,0.10484980708620943,,0.8497436669796045,,
Stim48hr,breakpoint,0.01673753560401109,0.11438160773041028,,0.8497436669796045,,
Stim48hr,breakpoint,0.025926904430141826,0.12391340837461115,,0.8497436669796045,,
Stim48hr,breakpoint,0.03511627325627256,0.13344520901881202,,0.8497436669796045,,
Stim48hr,breakpoint,0.044305642082403285,0.14297700966301286,,0.8497436669796045,,
Stim48hr,breakpoint,0.053495010908534035,0.15250881030721372,,0.8497436669796045,,
Stim48hr,breakpoint,0.06268437973466479,0.1620406109514146,,0.8497436669796045,,
Stim48hr,breakpoint,0.07187374856079551,0.17157241159561543,,0.8497436669796045,,
Stim48hr,breakpoint,0.08106311738692623,0.1811042122398163,,0.8497436669796045,,
Stim48hr,breakpoint,0.09025248621305698,0.19063601288401716,,0.8497436669796045,,
Stim48hr,breakpoint,0.09944185503918773,0.20016781352821805,,0.8497436669796045,,
Stim48hr,breakpoint,0.10863122386531845,0.2096996141724189,,0.8497436669796045,,
Stim48hr,breakpoint,0.11782059269144918,0.21923141481661973,,0.8497436669796045,,
Stim48hr,breakpoint,0.12700996151757993,0.22876321546082062,,0.8497436669796045,,
Stim48hr,breakpoint,0.13619933034371068,0.23829501610502146,,0.8497436669796045,,
Stim48hr,breakpoint,0.1453886991698414,0.2478268167492223,,0.8497436669796045,,
Stim48hr,breakpoint,0.15457806799597212,0.25735861739342314,,0.8497436669796045,,
Stim48hr,breakpoint,0.16376743682210287,0.26689041803762403,,0.8497436669796045,,
Stim48hr,breakpoint,0.17295680564823362,0.2764222186818249,,0.8497436669796045,,
Stim48hr,breakpoint,0.18214617447436432,0.2859540193260257,,0.8497436669796045,,
Stim48hr,breakpoint,0.19133554330049507,0.2954858199702266,,0.8497436669796045,,
Stim48hr,breakpoint,0.20052491212662582,0.30501762061442744,,0.8497436669796045,,
Stim48hr,breakpoint,0.20971428095275657,0.31454942125862834,,0.8497436669796045,,
Stim48hr,breakpoint,0.21890364977888732,0.3240812219028292,,0.8497436669796045,,
Stim48hr,breakpoint,0.22809301860501802,0.33361302254703,,0.8497436669796045,,
Stim48hr,breakpoint,0.23728238743114877,0.34314482319123085,,0.8497436669796045,,
Stim48hr,breakpoint,0.24647175625727952,0.35267662383543175,,0.8497436669796045,,
Stim48hr,breakpoint,0.2556611250834102,0.36220842447963264,,0.8497436669796045,,
Stim48hr,breakpoint,0.26485049390954096,0.37174022512383353,,0.8497436669796045,,
Stim48hr,breakpoint,0.2740398627356717,0.3812720257680343,,0.8497436669796045,,
Stim48hr,breakpoint,0.28322923156180246,0.3908038264122352,,0.8497436669796045,,
Stim48hr,breakpoint,0.2924186003879332,0.4003356270564361,,0.8497436669796045,,
Stim48hr,breakpoint,0.3016079692140639,0.4098674277006369,,0.8497436669796045,,
Stim48hr,breakpoint,0.31079733804019466,0.4193992283448378,,0.8497436669796045,,
Stim48hr,breakpoint,0.3199867068663254,0.4289310289890387,,0.8497436669796045,,
Stim48hr,breakpoint,0.3291760756924561,0.43846282963323946,,0.8497436669796045,,
Stim48hr,breakpoint,0.33836544451858686,0.44799463027744035,,0.8497436669796045,,
Stim48hr,breakpoint,0.3475548133447176,0.4575264309216412,,0.8497436669796045,,
Stim48hr,breakpoint,0.35674418217084836,0.4670582315658421,,0.8497436669796045,,
Stim48hr,breakpoint,0.3659335509969791,0.476590032210043,,0.8497436669796045,,
Stim48hr,breakpoint,0.3751229198231098,0.48612183285424376,,0.8497436669796045,,
Stim48hr,breakpoint,0.38431228864924055,0.49565363349844466,,0.8497436669796045,,
Stim48hr,breakpoint,0.3935016574753713,0.5051854341426456,,0.8497436669796045,,
Stim48hr,breakpoint,0.402691026301502,0.5147172347868463,,0.8497436669796045,,
Stim48hr,breakpoint,0.41188039512763275,0.5242490354310472,,0.8497436669796045,,
Stim48hr,breakpoint,0.4210697639537635,0.5337808360752481,,0.8497436669796045,,
Stim48hr,breakpoint,0.43025913277989425,0.543312636719449,,0.8497436669796045,,
Stim48hr,breakpoint,0.439448501606025,0.5528444373636499,,0.8497436669796045,,
Stim48hr,breakpoint,0.44863787043215575,0.5623762380078507,,0.8497436669796045,,
Stim48hr,breakpoint,0.4578272392582864,0.5719080386520514,,0.8497436669796045,,
Stim48hr,breakpoint,0.46701660808441714,0.5814398392962523,,0.8497436669796045,,
Stim48hr,breakpoint,0.4762059769105479,0.5909716399404532,,0.8497436669796045,,
Stim48hr,breakpoint,0.48539534573667864,0.6005034405846541,,0.8497436669796045,,
Stim48hr,breakpoint,0.4945847145628094,0.610035241228855,,0.8497436669796045,,
Stim48hr,breakpoint,0.5037740833889401,0.6195670418730559,,0.8497436669796045,,
Stim48hr,breakpoint,0.5129634522150709,0.6290988425172568,,0.8497436669796045,,
Stim48hr,breakpoint,0.5221528210412016,0.6386306431614577,,0.8497436669796045,,
Stim48hr,breakpoint,0.5313421898673324,0.6481624438056586,,0.8497436669796045,,
Stim48hr,breakpoint,0.540531558693463,0.6576942444498592,,0.8497436669796045,,
Stim48hr,breakpoint,0.5497209275195938,0.6672260450940601,,0.8497436669796045,,
Stim48hr,breakpoint,0.5589102963457245,0.676757845738261,,0.8497436669796045,,
Stim48hr,breakpoint,0.5680996651718553,0.6862896463824619,,0.8497436669796045,,
Stim48hr,breakpoint,0.577289033997986,0.6958214470266628,,0.8497436669796045,,
Stim48hr,breakpoint,0.5864784028241168,0.7053532476708637,,0.8497436669796045,,
Stim48hr,breakpoint,0.5956677716502475,0.7148850483150644,,0.8497436669796045,,
Stim48hr,breakpoint,0.6048571404763782,0.7244168489592653,,0.8497436669796045,,
Stim48hr,breakpoint,0.6140465093025089,0.7339486496034662,,0.8497436669796045,,
Stim48hr,breakpoint,0.6232358781286397,0.7434804502476671,,0.8497436669796045,,
Stim48hr,breakpoint,0.6324252469547704,0.753012250891868,,0.8497436669796045,,
Stim48hr,breakpoint,0.6416146157809012,0.7625440515360686,,0.8497436669796045,,
Stim48hr,breakpoint,0.6508039846070319,0.7720758521802695,,0.8497436669796045,,
Stim48hr,breakpoint,0.6599933534331627,0.7816076528244704,,0.8497436669796045,,
Stim48hr,breakpoint,0.6691827222592934,0.7911394534686713,,0.8497436669796045,,
Stim48hr,breakpoint,0.6783720910854242,0.8006712541128722,,0.8497436669796045,,
Stim48hr,breakpoint,0.6875614599115548,0.8102030547570729,,0.8497436669796045,,
Stim48hr,breakpoint,0.6967508287376856,0.8197348554012738,,0.8497436669796045,,
Stim48hr,breakpoint,0.7059401975638163,0.8292666560454747,,0.8497436669796045,,
Stim48hr,breakpoint,0.7151295663899471,0.8387984566896756,,0.8497436669796045,,
Stim48hr,breakpoint,0.7243189352160778,0.8483302573338765,,0.8497436669796045,,
Stim48hr,breakpoint,0.7335083040422086,0.8578620579780774,,0.8497436669796045,,
Stim48hr,breakpoint,0.7426976728683393,0.8673938586222782,,0.8497436669796045,,
Stim48hr,breakpoint,0.75188704169447,0.8769256592664789,,0.8497436669796045,,
Stim48hr,breakpoint,0.7610764105206007,0.8864574599106798,,0.8497436669796045,,
Stim48hr,breakpoint,0.7702657793467315,0.8959892605548807,,0.8497436669796045,,
Stim48hr,breakpoint,0.7794551481728622,0.9055210611990816,,0.8497436669796045,,
Stim48hr,breakpoint,0.788644516998993,0.9150528618432825,,0.8497436669796045,,
Stim48hr,breakpoint,0.7978338858251237,0.9245846624874834,,0.8497436669796045,,
Stim48hr,breakpoint,0.8070232546512545,0.9341164631316843,,0.8497436669796045,,
Stim48hr,breakpoint,0.8162126234773852,0.9436482637758852,,0.8497436669796045,,
Stim48hr,breakpoint,0.825401992303516,0.9531800644200861,,0.8497436669796045,,
Stim48hr,breakpoint,0.8345913611296466,0.9627118650642867,,0.8497436669796045,,
Stim48hr,breakpoint,0.8437807299557774,0.9722436657084876,,0.8497436669796045,,
Stim48hr,breakpoint,0.8529700987819081,0.9819093901153262,,0.8497436669796045,,
Stim48hr,breakpoint,0.8621594676080389,0.9918226260183114,,0.8497436669796045,,
Stim48hr,breakpoint,0.8713488364341696,1.0017358619212964,,0.8497436669796045,,
Stim48hr,breakpoint,0.8805382052603004,1.0116490978242816,,0.8497436669796045,,
Stim48hr,breakpoint,0.8897275740864311,1.0215623337272666,,0.8497436669796045,,
Stim48hr,breakpoint,0.8989169429125617,1.0314755696302518,,0.8497436669796045,,
Stim48hr,breakpoint,0.9081063117386926,1.041388805533237,,0.8497436669796045,,
Stim48hr,breakpoint,0.9172956805648232,1.051302041436222,,0.8497436669796045,,
Stim48hr,breakpoint,0.9264850493909541,1.0612152773392072,,0.8497436669796045,,
Stim48hr,breakpoint,0.9356744182170847,1.0711285132421922,,0.8497436669796045,,
Stim48hr,breakpoint,0.9448637870432154,1.0810417491451771,,0.8497436669796045,,
Stim48hr,breakpoint,0.9540531558693462,1.0909549850481626,,0.8497436669796045,,
Stim48hr,breakpoint,0.9632425246954769,1.1008682209511476,,0.8497436669796045,,
Stim48hr,breakpoint,0.9724318935216077,1.1107814568541328,,0.8497436669796045,,
Stim48hr,breakpoint,0.9816212623477384,1.120694692757118,,0.8497436669796045,,
Stim48hr,breakpoint,0.9908106311738692,1.1306079286601032,,0.8497436669796045,,
Stim48hr,breakpoint,1.0,1.1405211645630882,,0.8497436669796045,,
Stim48hr,hill,-0.09353489030955775,0.0,,,2.0,0.6616181214802146
Stim48hr,hill,-0.08434552148342701,0.0,,,2.0,0.6616181214802146
Stim48hr,hill,-0.07515615265729628,0.0,,,2.0,0.6616181214802146
Stim48hr,hill,-0.06596678383116554,0.0,,,2.0,0.6616181214802146
Stim48hr,hill,-0.056777415005034804,0.0,,,2.0,0.6616181214802146
Stim48hr,hill,-0.04758804617890407,0.0,,,2.0,0.6616181214802146
Stim48hr,hill,-0.03839867735277333,0.0,,,2.0,0.6616181214802146
Stim48hr,hill,-0.029209308526642594,0.0,,,2.0,0.6616181214802146
Stim48hr,hill,-0.020019939700511857,0.0,,,2.0,0.6616181214802146
Stim48hr,hill,-0.01083057087438112,0.0,,,2.0,0.6616181214802146
Stim48hr,hill,-0.0016412020482503842,0.0,,,2.0,0.6616181214802146
Stim48hr,hill,0.007548166777880352,0.00018981650486014912,,,2.0,0.6616181214802146
Stim48hr,hill,0.01673753560401109,0.0009328518906486089,,,2.0,0.6616181214802146
Stim48hr,hill,0.025926904430141826,0.002236363781042125,,,2.0,0.6616181214802146
Stim48hr,hill,0.03511627325627256,0.0040973459081717345,,,2.0,0.6616181214802146
Stim48hr,hill,0.044305642082403285,0.006511520292535225,,,2.0,0.6616181214802146
Stim48hr,hill,0.053495010908534035,0.00947336173653493,,,2.0,0.6616181214802146
Stim48hr,hill,0.06268437973466479,0.01297612925710638,,,2.0,0.6616181214802146
Stim48hr,hill,0.07187374856079551,0.017011904125691535,,,2.0,0.6616181214802146
Stim48hr,hill,0.08106311738692623,0.02157163411835017,,,2.0,0.6616181214802146
Stim48hr,hill,0.09025248621305698,0.02664518351994781,,,2.0,0.6616181214802146
Stim48hr,hill,0.09944185503918773,0.032221388374959845,,,2.0,0.6616181214802146
Stim48hr,hill,0.10863122386531845,0.03828811643417018,,,2.0,0.6616181214802146
Stim48hr,hill,0.11782059269144918,0.044832331211905434,,,2.0,0.6616181214802146
Stim48hr,hill,0.12700996151757993,0.05184015954273295,,,2.0,0.6616181214802146
Stim48hr,hill,0.13619933034371068,0.05929696200986286,,,2.0,0.6616181214802146
Stim48hr,hill,0.1453886991698414,0.06718740560975162,,,2.0,0.6616181214802146
Stim48hr,hill,0.15457806799597212,0.07549553801834431,,,2.0,0.6616181214802146
Stim48hr,hill,0.16376743682210287,0.08420486283359781,,,2.0,0.6616181214802146
Stim48hr,hill,0.17295680564823362,0.0932984151858328,,,2.0,0.6616181214802146
Stim48hr,hill,0.18214617447436432,0.10275883713138947,,,2.0,0.6616181214802146
Stim48hr,hill,0.19133554330049507,0.11256845227522813,,,2.0,0.6616181214802146
Stim48hr,hill,0.20052491212662582,0.12270933910367213,,,2.0,0.6616181214802146
Stim48hr,hill,0.20971428095275657,0.13316340254854245,,,2.0,0.6616181214802146
Stim48hr,hill,0.21890364977888732,0.14391244334755224,,,2.0,0.6616181214802146
Stim48hr,hill,0.22809301860501802,0.1549382248121022,,,2.0,0.6616181214802146
Stim48hr,hill,0.23728238743114877,0.16622253666164138,,,2.0,0.6616181214802146
Stim48hr,hill,0.24647175625727952,0.1777472556326652,,,2.0,0.6616181214802146
Stim48hr,hill,0.2556611250834102,0.18949440261941916,,,2.0,0.6616181214802146
Stim48hr,hill,0.26485049390954096,0.20144619615170817,,,2.0,0.6616181214802146
Stim48hr,hill,0.2740398627356717,0.21358510206222547,,,2.0,0.6616181214802146
Stim48hr,hill,0.28322923156180246,0.22589387924093315,,,2.0,0.6616181214802146
Stim48hr,hill,0.2924186003879332,0.23835562141674752,,,2.0,0.6616181214802146
Stim48hr,hill,0.3016079692140639,0.2509537949467182,,,2.0,0.6616181214802146
Stim48hr,hill,0.31079733804019466,0.2636722726297174,,,2.0,0.6616181214802146
Stim48hr,hill,0.3199867068663254,0.2764953635951478,,,2.0,0.6616181214802146
Stim48hr,hill,0.3291760756924561,0.28940783934719394,,,2.0,0.6616181214802146
Stim48hr,hill,0.33836544451858686,0.30239495607159017,,,2.0,0.6616181214802146
Stim48hr,hill,0.3475548133447176,0.31544247333477504,,,2.0,0.6616181214802146
Stim48hr,hill,0.35674418217084836,0.3285366693246812,,,2.0,0.6616181214802146
Stim48hr,hill,0.3659335509969791,0.3416643527983809,,,2.0,0.6616181214802146
Stim48hr,hill,0.3751229198231098,0.3548128719145222,,,2.0,0.6616181214802146
Stim48hr,hill,0.38431228864924055,0.36797012013811825,,,2.0,0.6616181214802146
Stim48hr,hill,0.3935016574753713,0.3811245394120191,,,2.0,0.6616181214802146
Stim48hr,hill,0.402691026301502,0.3942651207935059,,,2.0,0.6616181214802146
Stim48hr,hill,0.41188039512763275,0.40738140275617185,,,2.0,0.6616181214802146
Stim48hr,hill,0.4210697639537635,0.4204634673568061,,,2.0,0.6616181214802146
Stim48hr,hill,0.43025913277989425,0.43350193446466345,,,2.0,0.6616181214802146
Stim48hr,hill,0.439448501606025,0.44648795424649657,,,2.0,0.6616181214802146
Stim48hr,hill,0.44863787043215575,0.45941319809531167,,,2.0,0.6616181214802146
Stim48hr,hill,0.4578272392582864,0.4722698481842006,,,2.0,0.6616181214802146
Stim48hr,hill,0.46701660808441714,0.48505058581902327,,,2.0,0.6616181214802146
Stim48hr,hill,0.4762059769105479,0.4977485787553655,,,2.0,0.6616181214802146
Stim48hr,hill,0.48539534573667864,0.5103574676362663,,,2.0,0.6616181214802146
Stim48hr,hill,0.4945847145628094,0.5228713516978625,,,2.0,0.6616181214802146
Stim48hr,hill,0.5037740833889401,0.5352847738804963,,,2.0,0.6616181214802146
Stim48hr,hill,0.5129634522150709,0.5475927054730979,,,2.0,0.6616181214802146
Stim48hr,hill,0.5221528210412016,0.5597905304089255,,,2.0,0.6616181214802146
Stim48hr,hill,0.5313421898673324,0.5718740293211092,,,2.0,0.6616181214802146
Stim48hr,hill,0.540531558693463,0.5838393634569926,,,2.0,0.6616181214802146
Stim48hr,hill,0.5497209275195938,0.5956830585410859,,,2.0,0.6616181214802146
Stim48hr,hill,0.5589102963457245,0.6074019886675641,,,2.0,0.6616181214802146
Stim48hr,hill,0.5680996651718553,0.6189933602947605,,,2.0,0.6616181214802146
Stim48hr,hill,0.577289033997986,0.6304546964059997,,,2.0,0.6616181214802146
Stim48hr,hill,0.5864784028241168,0.6417838208934609,,,2.0,0.6616181214802146
Stim48hr,hill,0.5956677716502475,0.6529788432145527,,,2.0,0.6616181214802146
Stim48hr,hill,0.6048571404763782,0.6640381433635346,,,2.0,0.6616181214802146
Stim48hr,hill,0.6140465093025089,0.6749603571948355,,,2.0,0.6616181214802146
Stim48hr,hill,0.6232358781286397,0.6857443621287055,,,2.0,0.6616181214802146
Stim48hr,hill,0.6324252469547704,0.6963892632644754,,,2.0,0.6616181214802146
Stim48hr,hill,0.6416146157809012,0.7068943799217811,,,2.0,0.6616181214802146
Stim48hr,hill,0.6508039846070319,0.7172592326256283,,,2.0,0.6616181214802146
Stim48hr,hill,0.6599933534331627,0.7274835305471025,,,2.0,0.6616181214802146
Stim48hr,hill,0.6691827222592934,0.7375671594078572,,,2.0,0.6616181214802146
Stim48hr,hill,0.6783720910854242,0.7475101698532165,,,2.0,0.6616181214802146
Stim48hr,hill,0.6875614599115548,0.7573127662957864,,,2.0,0.6616181214802146
Stim48hr,hill,0.6967508287376856,0.7669752962288584,,,2.0,0.6616181214802146
Stim48hr,hill,0.7059401975638163,0.7764982400065911,,,2.0,0.6616181214802146
Stim48hr,hill,0.7151295663899471,0.7858822010859513,,,2.0,0.6616181214802146
Stim48hr,hill,0.7243189352160778,0.795127896723645,,,2.0,0.6616181214802146
Stim48hr,hill,0.7335083040422086,0.8042361491197855,,,2.0,0.6616181214802146
Stim48hr,hill,0.7426976728683393,0.8132078769987661,,,2.0,0.6616181214802146
Stim48hr,hill,0.75188704169447,0.8220440876167521,,,2.0,0.6616181214802146
Stim48hr,hill,0.7610764105206007,0.8307458691843207,,,2.0,0.6616181214802146
Stim48hr,hill,0.7702657793467315,0.839314383692087,,,2.0,0.6616181214802146
Stim48hr,hill,0.7794551481728622,0.8477508601265893,,,2.0,0.6616181214802146
Stim48hr,hill,0.788644516998993,0.8560565880632978,,,2.0,0.6616181214802146
Stim48hr,hill,0.7978338858251237,0.864232911623323,,,2.0,0.6616181214802146
Stim48hr,hill,0.8070232546512545,0.8722812237802093,,,2.0,0.6616181214802146
Stim48hr,hill,0.8162126234773852,0.8802029610031188,,,2.0,0.6616181214802146
Stim48hr,hill,0.825401992303516,0.8879995982227039,,,2.0,0.6616181214802146
Stim48hr,hill,0.8345913611296466,0.895672644106044,,,2.0,0.6616181214802146
Stim48hr,hill,0.8437807299557774,0.9032236366271487,,,2.0,0.6616181214802146
Stim48hr,hill,0.8529700987819081,0.9106541389197298,,,2.0,0.6616181214802146
Stim48hr,hill,0.8621594676080389,0.9179657353991741,,,2.0,0.6616181214802146
Stim48hr,hill,0.8713488364341696,0.9251600281409252,,,2.0,0.6616181214802146
Stim48hr,hill,0.8805382052603004,0.9322386335027955,,,2.0,0.6616181214802146
Stim48hr,hill,0.8897275740864311,0.9392031789790607,,,2.0,0.6616181214802146
Stim48hr,hill,0.8989169429125617,0.9460553002745481,,,2.0,0.6616181214802146
Stim48hr,hill,0.9081063117386926,0.9527966385872965,,,2.0,0.6616181214802146
Stim48hr,hill,0.9172956805648232,0.9594288380887598,,,2.0,0.6616181214802146
Stim48hr,hill,0.9264850493909541,0.9659535435909087,,,2.0,0.6616181214802146
Stim48hr,hill,0.9356744182170847,0.9723723983899928,,,2.0,0.6616181214802146
Stim48hr,hill,0.9448637870432154,0.9786870422771151,,,2.0,0.6616181214802146
Stim48hr,hill,0.9540531558693462,0.9848991097061817,,,2.0,0.6616181214802146
Stim48hr,hill,0.9632425246954769,0.9910102281101746,,,2.0,0.6616181214802146
Stim48hr,hill,0.9724318935216077,0.9970220163570997,,,2.0,0.6616181214802146
Stim48hr,hill,0.9816212623477384,1.002936083337338,,,2.0,0.6616181214802146
Stim48hr,hill,0.9908106311738692,1.0087540266745172,,,2.0,0.6616181214802146
Stim48hr,hill,1.0,1.0144774315523823,,,2.0,0.6616181214802146
Stim8hr,null,-0.060957385248873175,0.0,,,,
Stim8hr,null,-0.052041776969470877,0.0,,,,
Stim8hr,null,-0.043126168690068585,0.0,,,,
Stim8hr,null,-0.034210560410666294,0.0,,,,
Stim8hr,null,-0.025294952131263995,0.0,,,,
Stim8hr,null,-0.016379343851861697,0.0,,,,
Stim8hr,null,-0.007463735572459405,0.0,,,,
Stim8hr,null,0.001451872706942886,0.0,,,,
Stim8hr,null,0.010367480986345184,0.0,,,,
Stim8hr,null,0.019283089265747483,0.0,,,,
Stim8hr,null,0.02819869754514978,0.0,,,,
Stim8hr,null,0.037114305824552066,0.0,,,,
Stim8hr,null,0.046029914103954364,0.0,,,,
Stim8hr,null,0.05494552238335666,0.0,,,,
Stim8hr,null,0.06386113066275895,0.0,,,,
Stim8hr,null,0.07277673894216125,0.0,,,,
Stim8hr,null,0.08169234722156354,0.0,,,,
Stim8hr,null,0.09060795550096584,0.0,,,,
Stim8hr,null,0.09952356378036814,0.0,,,,
Stim8hr,null,0.10843917205977044,0.0,,,,
Stim8hr,null,0.11735478033917274,0.0,,,,
Stim8hr,null,0.126270388618575,0.0,,,,
Stim8hr,null,0.1351859968979773,0.0,,,,
Stim8hr,null,0.1441016051773796,0.0,,,,
Stim8hr,null,0.1530172134567819,0.0,,,,
Stim8hr,null,0.1619328217361842,0.0,,,,
Stim8hr,null,0.1708484300155865,0.0,,,,
Stim8hr,null,0.1797640382949888,0.0,,,,
Stim8hr,null,0.18867964657439107,0.0,,,,
Stim8hr,null,0.19759525485379337,0.0,,,,
Stim8hr,null,0.20651086313319567,0.0,,,,
Stim8hr,null,0.21542647141259796,0.0,,,,
Stim8hr,null,0.22434207969200026,0.0,,,,
Stim8hr,null,0.23325768797140256,0.0,,,,
Stim8hr,null,0.24217329625080486,0.0,,,,
Stim8hr,null,0.25108890453020716,0.0,,,,
Stim8hr,null,0.26000451280960946,0.0,,,,
Stim8hr,null,0.26892012108901175,0.0,,,,
Stim8hr,null,0.27783572936841405,0.0,,,,
Stim8hr,null,0.28675133764781635,0.0,,,,
Stim8hr,null,0.29566694592721865,0.0,,,,
Stim8hr,null,0.3045825542066209,0.0,,,,
Stim8hr,null,0.3134981624860232,0.0,,,,
Stim8hr,null,0.3224137707654255,0.0,,,,
Stim8hr,null,0.3313293790448278,0.0,,,,
Stim8hr,null,0.3402449873242301,0.0,,,,
Stim8hr,null,0.3491605956036324,0.0,,,,
Stim8hr,null,0.3580762038830347,0.0,,,,
Stim8hr,null,0.366991812162437,0.0,,,,
Stim8hr,null,0.3759074204418393,0.0,,,,
Stim8hr,null,0.3848230287212416,0.0,,,,
Stim8hr,null,0.3937386370006439,0.0,,,,
Stim8hr,null,0.4026542452800462,0.0,,,,
Stim8hr,null,0.4115698535594485,0.0,,,,
Stim8hr,null,0.42048546183885077,0.0,,,,
Stim8hr,null,0.42940107011825307,0.0,,,,
Stim8hr,null,0.4383166783976553,0.0,,,,
Stim8hr,null,0.4472322866770576,0.0,,,,
Stim8hr,null,0.4561478949564599,0.0,,,,
Stim8hr,null,0.4650635032358622,0.0,,,,
Stim8hr,null,0.4739791115152645,0.0,,,,
Stim8hr,null,0.4828947197946668,0.0,,,,
Stim8hr,null,0.4918103280740691,0.0,,,,
Stim8hr,null,0.5007259363534714,0.0,,,,
Stim8hr,null,0.5096415446328737,0.0,,,,
Stim8hr,null,0.518557152912276,0.0,,,,
Stim8hr,null,0.5274727611916783,0.0,,,,
Stim8hr,null,0.5363883694710806,0.0,,,,
Stim8hr,null,0.5453039777504829,0.0,,,,
Stim8hr,null,0.5542195860298852,0.0,,,,
Stim8hr,null,0.5631351943092875,0.0,,,,
Stim8hr,null,0.5720508025886898,0.0,,,,
Stim8hr,null,0.5809664108680921,0.0,,,,
Stim8hr,null,0.5898820191474944,0.0,,,,
Stim8hr,null,0.5987976274268967,0.0,,,,
Stim8hr,null,0.607713235706299,0.0,,,,
Stim8hr,null,0.6166288439857013,0.0,,,,
Stim8hr,null,0.6255444522651036,0.0,,,,
Stim8hr,null,0.6344600605445059,0.0,,,,
Stim8hr,null,0.6433756688239082,0.0,,,,
Stim8hr,null,0.6522912771033105,0.0,,,,
Stim8hr,null,0.6612068853827127,0.0,,,,
Stim8hr,null,0.670122493662115,0.0,,,,
Stim8hr,null,0.6790381019415173,0.0,,,,
Stim8hr,null,0.6879537102209196,0.0,,,,
Stim8hr,null,0.6968693185003219,0.0,,,,
Stim8hr,null,0.7057849267797242,0.0,,,,
Stim8hr,null,0.7147005350591265,0.0,,,,
Stim8hr,null,0.7236161433385288,0.0,,,,
Stim8hr,null,0.732531751617931,0.0,,,,
Stim8hr,null,0.7414473598973333,0.0,,,,
Stim8hr,null,0.7503629681767356,0.0,,,,
Stim8hr,null,0.7592785764561379,0.0,,,,
Stim8hr,null,0.7681941847355402,0.0,,,,
Stim8hr,null,0.7771097930149425,0.0,,,,
Stim8hr,null,0.7860254012943448,0.0,,,,
Stim8hr,null,0.7949410095737471,0.0,,,,
Stim8hr,null,0.8038566178531494,0.0,,,,
Stim8hr,null,0.8127722261325517,0.0,,,,
Stim8hr,null,0.821687834411954,0.0,,,,
Stim8hr,null,0.8306034426913563,0.0,,,,
Stim8hr,null,0.8395190509707586,0.0,,,,
Stim8hr,null,0.8484346592501609,0.0,,,,
Stim8hr,null,0.8573502675295632,0.0,,,,
Stim8hr,null,0.8662658758089655,0.0,,,,
Stim8hr,null,0.8751814840883678,0.0,,,,
Stim8hr,null,0.8840970923677701,0.0,,,,
Stim8hr,null,0.8930127006471724,0.0,,,,
Stim8hr,null,0.9019283089265747,0.0,,,,
Stim8hr,null,0.910843917205977,0.0,,,,
Stim8hr,null,0.9197595254853793,0.0,,,,
Stim8hr,null,0.9286751337647816,0.0,,,,
Stim8hr,null,0.9375907420441838,0.0,,,,
Stim8hr,null,0.9465063503235862,0.0,,,,
Stim8hr,null,0.9554219586029884,0.0,,,,
Stim8hr,null,0.9643375668823908,0.0,,,,
Stim8hr,null,0.973253175161793,0.0,,,,
Stim8hr,null,0.9821687834411954,0.0,,,,
Stim8hr,null,0.9910843917205976,0.0,,,,
Stim8hr,null,1.0,0.0,,,,
Stim8hr,linear,-0.060957385248873175,0.0,,,,
Stim8hr,linear,-0.052041776969470877,0.008447914081955235,,,,
Stim8hr,linear,-0.043126168690068585,0.016895828163910442,,,,
Stim8hr,linear,-0.034210560410666294,0.025343742245865664,,,,
Stim8hr,linear,-0.025294952131263995,0.033791656327820885,,,,
Stim8hr,linear,-0.016379343851861697,0.042239570409776106,,,,
Stim8hr,linear,-0.007463735572459405,0.05068748449173133,,,,
Stim8hr,linear,0.001451872706942886,0.05913539857368654,,,,
Stim8hr,linear,0.010367480986345184,0.06758331265564177,,,,
Stim8hr,linear,0.019283089265747483,0.07603122673759699,,,,
Stim8hr,linear,0.02819869754514978,0.08447914081955221,,,,
Stim8hr,linear,0.037114305824552066,0.09292705490150743,,,,
Stim8hr,linear,0.046029914103954364,0.10137496898346265,,,,
Stim8hr,linear,0.05494552238335666,0.10982288306541788,,,,
Stim8hr,linear,0.06386113066275895,0.1182707971473731,,,,
Stim8hr,linear,0.07277673894216125,0.12671871122932832,,,,
Stim8hr,linear,0.08169234722156354,0.13516662531128354,,,,
Stim8hr,linear,0.09060795550096584,0.14361453939323876,,,,
Stim8hr,linear,0.09952356378036814,0.15206245347519398,,,,
Stim8hr,linear,0.10843917205977044,0.1605103675571492,,,,
Stim8hr,linear,0.11735478033917274,0.16895828163910442,,,,
Stim8hr,linear,0.126270388618575,0.17740619572105965,,,,
Stim8hr,linear,0.1351859968979773,0.18585410980301487,,,,
Stim8hr,linear,0.1441016051773796,0.1943020238849701,,,,
Stim8hr,linear,0.1530172134567819,0.2027499379669253,,,,
Stim8hr,linear,0.1619328217361842,0.21119785204888053,,,,
Stim8hr,linear,0.1708484300155865,0.21964576613083575,,,,
Stim8hr,linear,0.1797640382949888,0.22809368021279097,,,,
Stim8hr,linear,0.18867964657439107,0.2365415942947462,,,,
Stim8hr,linear,0.19759525485379337,0.24498950837670141,,,,
Stim8hr,linear,0.20651086313319567,0.25343742245865664,,,,
Stim8hr,linear,0.21542647141259796,0.26188533654061186,,,,
Stim8hr,linear,0.22434207969200026,0.2703332506225671,,,,
Stim8hr,linear,0.23325768797140256,0.2787811647045223,,,,
Stim8hr,linear,0.24217329625080486,0.2872290787864775,,,,
Stim8hr,linear,0.25108890453020716,0.29567699286843274,,,,
Stim8hr,linear,0.26000451280960946,0.30412490695038796,,,,
Stim8hr,linear,0.26892012108901175,0.3125728210323432,,,,
Stim8hr,linear,0.27783572936841405,0.3210207351142984,,,,
Stim8hr,linear,0.28675133764781635,0.3294686491962537,,,,
Stim8hr,linear,0.29566694592721865,0.33791656327820885,,,,
Stim8hr,linear,0.3045825542066209,0.34636447736016407,,,,
Stim8hr,linear,0.3134981624860232,0.3548123914421193,,,,
Stim8hr,linear,0.3224137707654255,0.3632603055240745,,,,
Stim8hr,linear,0.3313293790448278,0.37170821960602973,,,,
Stim8hr,linear,0.3402449873242301,0.38015613368798495,,,,
Stim8hr,linear,0.3491605956036324,0.3886040477699402,,,,
Stim8hr,linear,0.3580762038830347,0.3970519618518954,,,,
Stim8hr,linear,0.366991812162437,0.4054998759338506,,,,
Stim8hr,linear,0.3759074204418393,0.41394779001580584,,,,
Stim8hr,linear,0.3848230287212416,0.42239570409776106,,,,
Stim8hr,linear,0.3937386370006439,0.4308436181797163,,,,
Stim8hr,linear,0.4026542452800462,0.4392915322616715,,,,
Stim8hr,linear,0.4115698535594485,0.4477394463436267,,,,
Stim8hr,linear,0.42048546183885077,0.45618736042558194,,,,
Stim8hr,linear,0.42940107011825307,0.46463527450753717,,,,
Stim8hr,linear,0.4383166783976553,0.4730831885894924,,,,
Stim8hr,linear,0.4472322866770576,0.4815311026714476,,,,
Stim8hr,linear,0.4561478949564599,0.48997901675340283,,,,
Stim8hr,linear,0.4650635032358622,0.49842693083535805,,,,
Stim8hr,linear,0.4739791115152645,0.5068748449173133,,,,
Stim8hr,linear,0.4828947197946668,0.5153227589992685,,,,
Stim8hr,linear,0.4918103280740691,0.5237706730812237,,,,
Stim8hr,linear,0.5007259363534714,0.5322185871631789,,,,
Stim8hr,linear,0.5096415446328737,0.5406665012451342,,,,
Stim8hr,linear,0.518557152912276,0.5491144153270894,,,,
Stim8hr,linear,0.5274727611916783,0.5575623294090446,,,,
Stim8hr,linear,0.5363883694710806,0.5660102434909998,,,,
Stim8hr,linear,0.5453039777504829,0.574458157572955,,,,
Stim8hr,linear,0.5542195860298852,0.5829060716549103,,,,
Stim8hr,linear,0.5631351943092875,0.5913539857368655,,,,
Stim8hr,linear,0.5720508025886898,0.5998018998188207,,,,
Stim8hr,linear,0.5809664108680921,0.6082498139007759,,,,
Stim8hr,linear,0.5898820191474944,0.6166977279827311,,,,
Stim8hr,linear,0.5987976274268967,0.6251456420646864,,,,
Stim8hr,linear,0.607713235706299,0.6335935561466417,,,,
Stim8hr,linear,0.6166288439857013,0.6420414702285969,,,,
Stim8hr,linear,0.6255444522651036,0.6504893843105521,,,,
Stim8hr,linear,0.6344600605445059,0.6589372983925074,,,,
Stim8hr,linear,0.6433756688239082,0.6673852124744626,,,,
Stim8hr,linear,0.6522912771033105,0.6758331265564178,,,,
Stim8hr,linear,0.6612068853827127,0.6842810406383729,,,,
Stim8hr,linear,0.670122493662115,0.6927289547203281,,,,
Stim8hr,linear,0.6790381019415173,0.7011768688022834,,,,
Stim8hr,linear,0.6879537102209196,0.7096247828842386,,,,
Stim8hr,linear,0.6968693185003219,0.7180726969661938,,,,
Stim8hr,linear,0.7057849267797242,0.726520611048149,,,,
Stim8hr,linear,0.7147005350591265,0.7349685251301042,,,,
Stim8hr,linear,0.7236161433385288,0.7434164392120595,,,,
Stim8hr,linear,0.732531751617931,0.7518643532940147,,,,
Stim8hr,linear,0.7414473598973333,0.7603122673759699,,,,
Stim8hr,linear,0.7503629681767356,0.7687601814579251,,,,
Stim8hr,linear,0.7592785764561379,0.7772080955398804,,,,
Stim8hr,linear,0.7681941847355402,0.7856560096218356,,,,
Stim8hr,linear,0.7771097930149425,0.7941039237037908,,,,
Stim8hr,linear,0.7860254012943448,0.802551837785746,,,,
Stim8hr,linear,0.7949410095737471,0.8109997518677012,,,,
Stim8hr,linear,0.8038566178531494,0.8194476659496565,,,,
Stim8hr,linear,0.8127722261325517,0.8278955800316117,,,,
Stim8hr,linear,0.821687834411954,0.8363434941135669,,,,
Stim8hr,linear,0.8306034426913563,0.8447914081955221,,,,
Stim8hr,linear,0.8395190509707586,0.8532393222774773,,,,
Stim8hr,linear,0.8484346592501609,0.8616872363594326,,,,
Stim8hr,linear,0.8573502675295632,0.8701351504413878,,,,
Stim8hr,linear,0.8662658758089655,0.8785830645233431,,,,
Stim8hr,linear,0.8751814840883678,0.8870309786052983,,,,
Stim8hr,linear,0.8840970923677701,0.8954788926872536,,,,
Stim8hr,linear,0.8930127006471724,0.9039268067692088,,,,
Stim8hr,linear,0.9019283089265747,0.912374720851164,,,,
Stim8hr,linear,0.910843917205977,0.9208226349331192,,,,
Stim8hr,linear,0.9197595254853793,0.9292705490150744,,,,
Stim8hr,linear,0.9286751337647816,0.9377184630970297,,,,
Stim8hr,linear,0.9375907420441838,0.9461663771789848,,,,
Stim8hr,linear,0.9465063503235862,0.9546142912609401,,,,
Stim8hr,linear,0.9554219586029884,0.9630622053428952,,,,
Stim8hr,linear,0.9643375668823908,0.9715101194248505,,,,
Stim8hr,linear,0.973253175161793,0.9799580335068057,,,,
Stim8hr,linear,0.9821687834411954,0.988405947588761,,,,
Stim8hr,linear,0.9910843917205976,0.9968538616707161,,,,
Stim8hr,linear,1.0,1.0053017757526714,,,,
Stim8hr,spline,-0.060957385248873175,0.0,5.0,,,
Stim8hr,spline,-0.052041776969470877,-0.0015041357138603217,5.0,,,
Stim8hr,spline,-0.043126168690068585,-0.0025927840069163155,5.0,,,
Stim8hr,spline,-0.034210560410666294,-0.00325441393338477,5.0,,,
Stim8hr,spline,-0.025294952131263995,-0.0034774945474819186,5.0,,,
Stim8hr,spline,-0.016379343851861697,-0.00325049490342455,5.0,,,
Stim8hr,spline,-0.007463735572459405,-0.002561884055429342,5.0,,,
Stim8hr,spline,0.001451872706942886,-0.0014001469166240454,5.0,,,
Stim8hr,spline,0.010367480986345184,0.0002405206271125504,5.0,,,
Stim8hr,spline,0.019283089265747483,0.0023517701423829696,5.0,,,
Stim8hr,spline,0.02819869754514978,0.004923098646233304,5.0,,,
Stim8hr,spline,0.037114305824552066,0.007944003155709645,5.0,,,
Stim8hr,spline,0.046029914103954364,0.01140398068785864,5.0,,,
Stim8hr,spline,0.05494552238335666,0.015292528259725935,5.0,,,
Stim8hr,spline,0.06386113066275895,0.019599142888358068,5.0,,,
Stim8hr,spline,0.07277673894216125,0.02431332159080113,5.0,,,
Stim8hr,spline,0.08169234722156354,0.02942456138410099,5.0,,,
Stim8hr,spline,0.09060795550096584,0.034922359285304294,5.0,,,
Stim8hr,spline,0.09952356378036814,0.040796212311457025,5.0,,,
Stim8hr,spline,0.10843917205977044,0.04703561747960516,5.0,,,
Stim8hr,spline,0.11735478033917274,0.05363007180679513,5.0,,,
Stim8hr,spline,0.126270388618575,0.060569072310073024,5.0,,,
Stim8hr,spline,0.1351859968979773,0.06784211600648482,5.0,,,
Stim8hr,spline,0.1441016051773796,0.07543869991307706,5.0,,,
Stim8hr,spline,0.1530172134567819,0.08334832104689571,5.0,,,
Stim8hr,spline,0.1619328217361842,0.0915604764249871,5.0,,,
Stim8hr,spline,0.1708484300155865,0.10006466306439743,5.0,,,
Stim8hr,spline,0.1797640382949888,0.10885037798217267,5.0,,,
Stim8hr,spline,0.18867964657439107,0.11790711819535893,5.0,,,
Stim8hr,spline,0.19759525485379337,0.1272243807210025,5.0,,,
Stim8hr,spline,0.20651086313319567,0.13679166257614972,5.0,,,
Stim8hr,spline,0.21542647141259796,0.14659846077784655,5.0,,,
Stim8hr,spline,0.22434207969200026,0.1566342723431392,5.0,,,
Stim8hr,spline,0.23325768797140256,0.166888594289074,5.0,,,
Stim8hr,spline,0.24217329625080486,0.177350923632697,5.0,,,
Stim8hr,spline,0.25108890453020716,0.18801075739105444,5.0,,,
Stim8hr,spline,0.26000451280960946,0.1988575925811923,5.0,,,
Stim8hr,spline,0.26892012108901175,0.20988092622015703,5.0,,,
Stim8hr,spline,0.27783572936841405,0.22107025532499464,5.0,,,
Stim8hr,spline,0.28675133764781635,0.23241507691275137,5.0,,,
Stim8hr,spline,0.29566694592721865,0.24390488800047333,5.0,,,
Stim8hr,spline,0.3045825542066209,0.25552918560520677,5.0,,,
Stim8hr,spline,0.3134981624860232,0.2672774667439978,5.0,,,
Stim8hr,spline,0.3224137707654255,0.27913922843389266,5.0,,,
Stim8hr,spline,0.3313293790448278,0.2911039676919374,5.0,,,
Stim8hr,spline,0.3402449873242301,0.30316118153517846,5.0,,,
Stim8hr,spline,0.3491605956036324,0.31530036698066183,5.0,,,
Stim8hr,spline,0.3580762038830347,0.3275110210454337,5.0,,,
Stim8hr,spline,0.366991812162437,0.3397826407465402,5.0,,,
Stim8hr,spline,0.3759074204418393,0.3521047231010276,5.0,,,
Stim8hr,spline,0.3848230287212416,0.36446676512594195,5.0,,,
Stim8hr,spline,0.3937386370006439,0.3768582638383297,5.0,,,
Stim8hr,spline,0.4026542452800462,0.3892687162552367,5.0,,,
Stim8hr,spline,0.4115698535594485,0.4016876193937093,5.0,,,
Stim8hr,spline,0.42048546183885077,0.41410447027079356,5.0,,,
Stim8hr,spline,0.42940107011825307,0.4265087659035359,5.0,,,
Stim8hr,spline,0.4383166783976553,0.43889000330898215,5.0,,,
Stim8hr,spline,0.4472322866770576,0.4512376795041787,5.0,,,
Stim8hr,spline,0.4561478949564599,0.4635412915061718,5.0,,,
Stim8hr,spline,0.4650635032358622,0.4757903363320075,5.0,,,
Stim8hr,spline,0.4739791115152645,0.48797431099873195,5.0,,,
Stim8hr,spline,0.4828947197946668,0.5000827125233914,5.0,,,
Stim8hr,spline,0.4918103280740691,0.5121050379230321,5.0,,,
Stim8hr,spline,0.5007259363534714,0.5240307848747656,5.0,,,
Stim8hr,spline,0.5096415446328737,0.535850994849273,5.0,,,
Stim8hr,spline,0.518557152912276,0.5475615537338625,5.0,,,
Stim8hr,spline,0.5274727611916783,0.5591592951597638,5.0,,,
Stim8hr,spline,0.5363883694710806,0.5706410527582066,5.0,,,
Stim8hr,spline,0.5453039777504829,0.5820036601604204,5.0,,,
Stim8hr,spline,0.5542195860298852,0.5932439509976349,5.0,,,
Stim8hr,spline,0.5631351943092875,0.60435875890108,5.0,,,
Stim8hr,spline,0.5720508025886898,0.6153449175019851,5.0,,,
Stim8hr,spline,0.5809664108680921,0.6261992604315798,5.0,,,
Stim8hr,spline,0.5898820191474944,0.6369186213210939,5.0,,,
Stim8hr,spline,0.5987976274268967,0.6474998338017571,5.0,,,
Stim8hr,spline,0.607713235706299,0.657939731504799,5.0,,,
Stim8hr,spline,0.6166288439857013,0.6682351480614491,5.0,,,
Stim8hr,spline,0.6255444522651036,0.6783829171029374,5.0,,,
Stim8hr,spline,0.6344600605445059,0.6883798722604932,5.0,,,
Stim8hr,spline,0.6433756688239082,0.6982228471653463,5.0,,,
Stim8hr,spline,0.6522912771033105,0.7079086754487265,5.0,,,
Stim8hr,spline,0.6612068853827127,0.7174341907418632,5.0,,,
Stim8hr,spline,0.670122493662115,0.7267962266759862,5.0,,,
Stim8hr,spline,0.6790381019415173,0.7359916168823252,5.0,,,
Stim8hr,spline,0.6879537102209196,0.7450171949921098,5.0,,,
Stim8hr,spline,0.6968693185003219,0.7538697946365697,5.0,,,
Stim8hr,spline,0.7057849267797242,0.7625462494469344,5.0,,,
Stim8hr,spline,0.7147005350591265,0.7710433930544338,5.0,,,
Stim8hr,spline,0.7236161433385288,0.7793580590902973,5.0,,,
Stim8hr,spline,0.732531751617931,0.7874870811857547,5.0,,,
Stim8hr,spline,0.7414473598973333,0.7954272929720356,5.0,,,
Stim8hr,spline,0.7503629681767356,0.8031755280803697,5.0,,,
Stim8hr,spline,0.7592785764561379,0.8107286201419868,5.0,,,
Stim8hr,spline,0.7681941847355402,0.8180834027881163,5.0,,,
Stim8hr,spline,0.7771097930149425,0.825236709649988,5.0,,,
Stim8hr,spline,0.7860254012943448,0.8321853743588314,5.0,,,
Stim8hr,spline,0.7949410095737471,0.8389262305458765,5.0,,,
Stim8hr,spline,0.8038566178531494,0.8454561118423525,5.0,,,
Stim8hr,spline,0.8127722261325517,0.8517718518794893,5.0,,,
Stim8hr,spline,0.821687834411954,0.8578702842885167,5.0,,,
Stim8hr,spline,0.8306034426913563,0.8637482427006642,5.0,,,
Stim8hr,spline,0.8395190509707586,0.8694025607471614,5.0,,,
Stim8hr,spline,0.8484346592501609,0.8748300720592379,5.0,,,
Stim8hr,spline,0.8573502675295632,0.8800276102681236,5.0,,,
Stim8hr,spline,0.8662658758089655,0.8849920090050479,5.0,,,
Stim8hr,spline,0.8751814840883678,0.8897201019012407,5.0,,,
Stim8hr,spline,0.8840970923677701,0.8942087225879315,5.0,,,
Stim8hr,spline,0.8930127006471724,0.89845470469635,5.0,,,
Stim8hr,spline,0.9019283089265747,0.9024548818577259,5.0,,,
Stim8hr,spline,0.910843917205977,0.9062060877032887,5.0,,,
Stim8hr,spline,0.9197595254853793,0.9097051558642684,5.0,,,
Stim8hr,spline,0.9286751337647816,0.9129489199718942,5.0,,,
Stim8hr,spline,0.9375907420441838,0.915934213657396,5.0,,,
Stim8hr,spline,0.9465063503235862,0.9186578705520035,5.0,,,
Stim8hr,spline,0.9554219586029884,0.9211167242869462,5.0,,,
Stim8hr,spline,0.9643375668823908,0.923307608493454,5.0,,,
Stim8hr,spline,0.973253175161793,0.9252273568027563,5.0,,,
Stim8hr,spline,0.9821687834411954,0.9268728028460829,5.0,,,
Stim8hr,spline,0.9910843917205976,0.9282407802546634,5.0,,,
Stim8hr,spline,1.0,0.9293281226597274,5.0,,,
Stim8hr,isotonic,-0.060957385248873175,0.0,,,,
Stim8hr,isotonic,-0.052041776969470877,0.0,,,,
Stim8hr,isotonic,-0.043126168690068585,0.0,,,,
Stim8hr,isotonic,-0.034210560410666294,0.0,,,,
Stim8hr,isotonic,-0.025294952131263995,0.0,,,,
Stim8hr,isotonic,-0.016379343851861697,0.0,,,,
Stim8hr,isotonic,-0.007463735572459405,0.0,,,,
Stim8hr,isotonic,0.001451872706942886,0.0,,,,
Stim8hr,isotonic,0.010367480986345184,0.0,,,,
Stim8hr,isotonic,0.019283089265747483,0.0,,,,
Stim8hr,isotonic,0.02819869754514978,0.0,,,,
Stim8hr,isotonic,0.037114305824552066,0.0,,,,
Stim8hr,isotonic,0.046029914103954364,0.0,,,,
Stim8hr,isotonic,0.05494552238335666,0.0,,,,
Stim8hr,isotonic,0.06386113066275895,0.0,,,,
Stim8hr,isotonic,0.07277673894216125,0.0,,,,
Stim8hr,isotonic,0.08169234722156354,0.0,,,,
Stim8hr,isotonic,0.09060795550096584,0.0,,,,
Stim8hr,isotonic,0.09952356378036814,0.0,,,,
Stim8hr,isotonic,0.10843917205977044,0.0,,,,
Stim8hr,isotonic,0.11735478033917274,0.01441301219455432,,,,
Stim8hr,isotonic,0.126270388618575,0.01441301219455432,,,,
Stim8hr,isotonic,0.1351859968979773,0.01441301219455432,,,,
Stim8hr,isotonic,0.1441016051773796,0.01441301219455432,,,,
Stim8hr,isotonic,0.1530172134567819,0.01441301219455432,,,,
Stim8hr,isotonic,0.1619328217361842,0.01441301219455432,,,,
Stim8hr,isotonic,0.1708484300155865,0.01441301219455432,,,,
Stim8hr,isotonic,0.1797640382949888,0.07745611929563728,,,,
Stim8hr,isotonic,0.18867964657439107,0.07745611929563728,,,,
Stim8hr,isotonic,0.19759525485379337,0.07745611929563728,,,,
Stim8hr,isotonic,0.20651086313319567,0.07745611929563728,,,,
Stim8hr,isotonic,0.21542647141259796,0.07745611929563728,,,,
Stim8hr,isotonic,0.22434207969200026,0.07745611929563728,,,,
Stim8hr,isotonic,0.23325768797140256,0.07745611929563728,,,,
Stim8hr,isotonic,0.24217329625080486,0.07745611929563728,,,,
Stim8hr,isotonic,0.25108890453020716,0.07745611929563728,,,,
Stim8hr,isotonic,0.26000451280960946,0.07745611929563728,,,,
Stim8hr,isotonic,0.26892012108901175,0.07745611929563728,,,,
Stim8hr,isotonic,0.27783572936841405,0.07745611929563728,,,,
Stim8hr,isotonic,0.28675133764781635,0.07745611929563728,,,,
Stim8hr,isotonic,0.29566694592721865,0.07745611929563728,,,,
Stim8hr,isotonic,0.3045825542066209,0.07745611929563728,,,,
Stim8hr,isotonic,0.3134981624860232,0.07925419923202415,,,,
Stim8hr,isotonic,0.3224137707654255,0.07925419923202415,,,,
Stim8hr,isotonic,0.3313293790448278,0.07925419923202415,,,,
Stim8hr,isotonic,0.3402449873242301,0.07925419923202415,,,,
Stim8hr,isotonic,0.3491605956036324,0.07925419923202415,,,,
Stim8hr,isotonic,0.3580762038830347,0.1563521842376493,,,,
Stim8hr,isotonic,0.366991812162437,0.16009301090275757,,,,
Stim8hr,isotonic,0.3759074204418393,0.16009301090275757,,,,
Stim8hr,isotonic,0.3848230287212416,0.16009301090275757,,,,
Stim8hr,isotonic,0.3937386370006439,0.16009301090275757,,,,
Stim8hr,isotonic,0.4026542452800462,0.16009301090275757,,,,
Stim8hr,isotonic,0.4115698535594485,0.16009301090275757,,,,
Stim8hr,isotonic,0.42048546183885077,0.16009301090275757,,,,
Stim8hr,isotonic,0.42940107011825307,0.16009301090275757,,,,
Stim8hr,isotonic,0.4383166783976553,0.16009301090275757,,,,
Stim8hr,isotonic,0.4472322866770576,0.16009301090275757,,,,
Stim8hr,isotonic,0.4561478949564599,0.16009301090275757,,,,
Stim8hr,isotonic,0.4650635032358622,0.16009301090275757,,,,
Stim8hr,isotonic,0.4739791115152645,0.16009301090275757,,,,
Stim8hr,isotonic,0.4828947197946668,0.16009301090275757,,,,
Stim8hr,isotonic,0.4918103280740691,0.17142594022951174,,,,
Stim8hr,isotonic,0.5007259363534714,0.17142594022951174,,,,
Stim8hr,isotonic,0.5096415446328737,0.17142594022951174,,,,
Stim8hr,isotonic,0.518557152912276,0.17142594022951174,,,,
Stim8hr,isotonic,0.5274727611916783,0.17142594022951174,,,,
Stim8hr,isotonic,0.5363883694710806,0.17142594022951174,,,,
Stim8hr,isotonic,0.5453039777504829,0.17142594022951174,,,,
Stim8hr,isotonic,0.5542195860298852,0.17142594022951174,,,,
Stim8hr,isotonic,0.5631351943092875,0.17142594022951174,,,,
Stim8hr,isotonic,0.5720508025886898,0.17142594022951174,,,,
Stim8hr,isotonic,0.5809664108680921,0.17142594022951174,,,,
Stim8hr,isotonic,0.5898820191474944,0.18124908430039519,,,,
Stim8hr,isotonic,0.5987976274268967,0.18786453622074534,,,,
Stim8hr,isotonic,0.607713235706299,0.18786453622074534,,,,
Stim8hr,isotonic,0.6166288439857013,0.18786453622074534,,,,
Stim8hr,isotonic,0.6255444522651036,0.18786453622074534,,,,
Stim8hr,isotonic,0.6344600605445059,0.18786453622074534,,,,
Stim8hr,isotonic,0.6433756688239082,0.18973772672168837,,,,
Stim8hr,isotonic,0.6522912771033105,0.18973772672168837,,,,
Stim8hr,isotonic,0.6612068853827127,0.18973772672168837,,,,
Stim8hr,isotonic,0.670122493662115,0.2247552269440274,,,,
Stim8hr,isotonic,0.6790381019415173,0.2247552269440274,,,,
Stim8hr,isotonic,0.6879537102209196,0.2247552269440274,,,,
Stim8hr,isotonic,0.6968693185003219,0.2247552269440274,,,,
Stim8hr,isotonic,0.7057849267797242,0.2247552269440274,,,,
Stim8hr,isotonic,0.7147005350591265,0.2247552269440274,,,,
Stim8hr,isotonic,0.7236161433385288,0.2247552269440274,,,,
Stim8hr,isotonic,0.732531751617931,0.2338051056065803,,,,
Stim8hr,isotonic,0.7414473598973333,0.2338051056065803,,,,
Stim8hr,isotonic,0.7503629681767356,0.2338051056065803,,,,
Stim8hr,isotonic,0.7592785764561379,0.2338051056065803,,,,
Stim8hr,isotonic,0.7681941847355402,0.2338051056065803,,,,
Stim8hr,isotonic,0.7771097930149425,0.2338051056065803,,,,
Stim8hr,isotonic,0.7860254012943448,0.2338051056065803,,,,
Stim8hr,isotonic,0.7949410095737471,0.2338051056065803,,,,
Stim8hr,isotonic,0.8038566178531494,0.2338051056065803,,,,
Stim8hr,isotonic,0.8127722261325517,0.2338051056065803,,,,
Stim8hr,isotonic,0.821687834411954,0.2338051056065803,,,,
Stim8hr,isotonic,0.8306034426913563,0.2338051056065803,,,,
Stim8hr,isotonic,0.8395190509707586,0.2338051056065803,,,,
Stim8hr,isotonic,0.8484346592501609,0.2338051056065803,,,,
Stim8hr,isotonic,0.8573502675295632,0.2338051056065803,,,,
Stim8hr,isotonic,0.8662658758089655,0.2541684897032144,,,,
Stim8hr,isotonic,0.8751814840883678,0.2541684897032144,,,,
Stim8hr,isotonic,0.8840970923677701,0.2541684897032144,,,,
Stim8hr,isotonic,0.8930127006471724,0.2541684897032144,,,,
Stim8hr,isotonic,0.9019283089265747,0.2541684897032144,,,,
Stim8hr,isotonic,0.910843917205977,0.2541684897032144,,,,
Stim8hr,isotonic,0.9197595254853793,0.2541684897032144,,,,
Stim8hr,isotonic,0.9286751337647816,0.2541684897032144,,,,
Stim8hr,isotonic,0.9375907420441838,0.2541684897032144,,,,
Stim8hr,isotonic,0.9465063503235862,0.2541684897032144,,,,
Stim8hr,isotonic,0.9554219586029884,0.2654139274015237,,,,
Stim8hr,isotonic,0.9643375668823908,0.2654139274015237,,,,
Stim8hr,isotonic,0.973253175161793,0.2820404188632072,,,,
Stim8hr,isotonic,0.9821687834411954,0.2820404188632072,,,,
Stim8hr,isotonic,0.9910843917205976,0.2820404188632072,,,,
Stim8hr,isotonic,1.0,0.2820404188632072,,,,
Stim8hr,breakpoint,-0.060957385248873175,0.0,,0.8788364760278877,,
Stim8hr,breakpoint,-0.052041776969470877,0.008780886418075673,,0.8788364760278877,,
Stim8hr,breakpoint,-0.043126168690068585,0.017561772836151346,,0.8788364760278877,,
Stim8hr,breakpoint,-0.034210560410666294,0.02634265925422702,,0.8788364760278877,,
Stim8hr,breakpoint,-0.025294952131263995,0.0351235456723027,,0.8788364760278877,,
Stim8hr,breakpoint,-0.016379343851861697,0.04390443209037838,,0.8788364760278877,,
Stim8hr,breakpoint,-0.007463735572459405,0.05268531850845405,,0.8788364760278877,,
Stim8hr,breakpoint,0.001451872706942886,0.061466204926529724,,0.8788364760278877,,
Stim8hr,breakpoint,0.010367480986345184,0.07024709134460541,,0.8788364760278877,,
Stim8hr,breakpoint,0.019283089265747483,0.07902797776268108,,0.8788364760278877,,
Stim8hr,breakpoint,0.02819869754514978,0.08780886418075677,,0.8788364760278877,,
Stim8hr,breakpoint,0.037114305824552066,0.09658975059883243,,0.8788364760278877,,
Stim8hr,breakpoint,0.046029914103954364,0.10537063701690812,,0.8788364760278877,,
Stim8hr,breakpoint,0.05494552238335666,0.1141515234349838,,0.8788364760278877,,
Stim8hr,breakpoint,0.06386113066275895,0.12293240985305945,,0.8788364760278877,,
Stim8hr,breakpoint,0.07277673894216125,0.13171329627113515,,0.8788364760278877,,
Stim8hr,breakpoint,0.08169234722156354,0.14049418268921082,,0.8788364760278877,,
Stim8hr,breakpoint,0.09060795550096584,0.1492750691072865,,0.8788364760278877,,
Stim8hr,breakpoint,0.09952356378036814,0.1580559555253622,,0.8788364760278877,,
Stim8hr,breakpoint,0.10843917205977044,0.16683684194343787,,0.8788364760278877,,
Stim8hr,breakpoint,0.11735478033917274,0.17561772836151357,,0.8788364760278877,,
Stim8hr,breakpoint,0.126270388618575,0.1843986147795892,,0.8788364760278877,,
Stim8hr,breakpoint,0.1351859968979773,0.1931795011976649,,0.8788364760278877,,
Stim8hr,breakpoint,0.1441016051773796,0.20196038761574053,,0.8788364760278877,,
Stim8hr,breakpoint,0.1530172134567819,0.2107412740338162,,0.8788364760278877,,
Stim8hr,breakpoint,0.1619328217361842,0.21952216045189193,,0.8788364760278877,,
Stim8hr,breakpoint,0.1708484300155865,0.2283030468699676,,0.8788364760278877,,
Stim8hr,breakpoint,0.1797640382949888,0.23708393328804328,,0.8788364760278877,,
Stim8hr,breakpoint,0.18867964657439107,0.2458648197061189,,0.8788364760278877,,
Stim8hr,breakpoint,0.19759525485379337,0.2546457061241946,,0.8788364760278877,,
Stim8hr,breakpoint,0.20651086313319567,0.2634265925422703,,0.8788364760278877,,
Stim8hr,breakpoint,0.21542647141259796,0.27220747896034597,,0.8788364760278877,,
Stim8hr,breakpoint,0.22434207969200026,0.28098836537842165,,0.8788364760278877,,
Stim8hr,breakpoint,0.23325768797140256,0.2897692517964973,,0.8788364760278877,,
Stim8hr,breakpoint,0.24217329625080486,0.298550138214573,,0.8788364760278877,,
Stim8hr,breakpoint,0.25108890453020716,0.30733102463264866,,0.8788364760278877,,
Stim8hr,breakpoint,0.26000451280960946,0.3161119110507244,,0.8788364760278877,,
Stim8hr,breakpoint,0.26892012108901175,0.32489279746880007,,0.8788364760278877,,
Stim8hr,breakpoint,0.27783572936841405,0.33367368388687574,,0.8788364760278877,,
Stim8hr,breakpoint,0.28675133764781635,0.34245457030495147,,0.8788364760278877,,
Stim8hr,breakpoint,0.29566694592721865,0.35123545672302714,,0.8788364760278877,,
Stim8hr,breakpoint,0.3045825542066209,0.36001634314110276,,0.8788364760278877,,
Stim8hr,breakpoint,0.3134981624860232,0.3687972295591785,,0.8788364760278877,,
Stim8hr,breakpoint,0.3224137707654255,0.37757811597725416,,0.8788364760278877,,
Stim8hr,breakpoint,0.3313293790448278,0.38635900239532983,,0.8788364760278877,,
Stim8hr,breakpoint,0.3402449873242301,0.3951398888134055,,0.8788364760278877,,
Stim8hr,breakpoint,0.3491605956036324,0.4039207752314812,,0.8788364760278877,,
Stim8hr,breakpoint,0.3580762038830347,0.41270166164955685,,0.8788364760278877,,
Stim8hr,breakpoint,0.366991812162437,0.4214825480676325,,0.8788364760278877,,
Stim8hr,breakpoint,0.3759074204418393,0.43026343448570825,,0.8788364760278877,,
Stim8hr,breakpoint,0.3848230287212416,0.4390443209037839,,0.8788364760278877,,
Stim8hr,breakpoint,0.3937386370006439,0.4478252073218596,,0.8788364760278877,,
Stim8hr,breakpoint,0.4026542452800462,0.45660609373993527,,0.8788364760278877,,
Stim8hr,breakpoint,0.4115698535594485,0.46538698015801094,,0.8788364760278877,,
Stim8hr,breakpoint,0.42048546183885077,0.4741678665760866,,0.8788364760278877,,
Stim8hr,breakpoint,0.42940107011825307,0.4829487529941623,,0.8788364760278877,,
Stim8hr,breakpoint,0.4383166783976553,0.49172963941223796,,0.8788364760278877,,
Stim8hr,breakpoint,0.4472322866770576,0.5005105258303136,,0.8788364760278877,,
Stim8hr,breakpoint,0.4561478949564599,0.5092914122483893,,0.8788364760278877,,
Stim8hr,breakpoint,0.4650635032358622,0.518072298666465,,0.8788364760278877,,
Stim8hr,breakpoint,0.4739791115152645,0.5268531850845406,,0.8788364760278877,,
Stim8hr,breakpoint,0.4828947197946668,0.5356340715026163,,0.8788364760278877,,
Stim8hr,breakpoint,0.4918103280740691,0.5444149579206919,,0.8788364760278877,,
Stim8hr,breakpoint,0.5007259363534714,0.5531958443387677,,0.8788364760278877,,
Stim8hr,breakpoint,0.5096415446328737,0.5619767307568434,,0.8788364760278877,,
Stim8hr,breakpoint,0.518557152912276,0.570757617174919,,0.8788364760278877,,
Stim8hr,breakpoint,0.5274727611916783,0.5795385035929946,,0.8788364760278877,,
Stim8hr,breakpoint,0.5363883694710806,0.5883193900110703,,0.8788364760278877,,
Stim8hr,breakpoint,0.5453039777504829,0.597100276429146,,0.8788364760278877,,
Stim8hr,breakpoint,0.5542195860298852,0.6058811628472217,,0.8788364760278877,,
Stim8hr,breakpoint,0.5631351943092875,0.6146620492652973,,0.8788364760278877,,
Stim8hr,breakpoint,0.5720508025886898,0.6234429356833731,,0.8788364760278877,,
Stim8hr,breakpoint,0.5809664108680921,0.6322238221014487,,0.8788364760278877,,
Stim8hr,breakpoint,0.5898820191474944,0.6410047085195244,,0.8788364760278877,,
Stim8hr,breakpoint,0.5987976274268967,0.6497855949376,,0.8788364760278877,,
Stim8hr,breakpoint,0.607713235706299,0.6585664813556757,,0.8788364760278877,,
Stim8hr,breakpoint,0.6166288439857013,0.6673473677737515,,0.8788364760278877,,
Stim8hr,breakpoint,0.6255444522651036,0.6761282541918271,,0.8788364760278877,,
Stim8hr,breakpoint,0.6344600605445059,0.6849091406099028,,0.8788364760278877,,
Stim8hr,breakpoint,0.6433756688239082,0.6936900270279784,,0.8788364760278877,,
Stim8hr,breakpoint,0.6522912771033105,0.7024709134460542,,0.8788364760278877,,
Stim8hr,breakpoint,0.6612068853827127,0.7112517998641297,,0.8788364760278877,,
Stim8hr,breakpoint,0.670122493662115,0.7200326862822054,,0.8788364760278877,,
Stim8hr,breakpoint,0.6790381019415173,0.7288135727002811,,0.8788364760278877,,
Stim8hr,breakpoint,0.6879537102209196,0.7375944591183567,,0.8788364760278877,,
Stim8hr,breakpoint,0.6968693185003219,0.7463753455364325,,0.8788364760278877,,
Stim8hr,breakpoint,0.7057849267797242,0.7551562319545081,,0.8788364760278877,,
Stim8hr,breakpoint,0.7147005350591265,0.7639371183725838,,0.8788364760278877,,
Stim8hr,breakpoint,0.7236161433385288,0.7727180047906594,,0.8788364760278877,,
Stim8hr,breakpoint,0.732531751617931,0.7814988912087352,,0.8788364760278877,,
Stim8hr,breakpoint,0.7414473598973333,0.7902797776268109,,0.8788364760278877,,
Stim8hr,breakpoint,0.7503629681767356,0.7990606640448865,,0.8788364760278877,,
Stim8hr,breakpoint,0.7592785764561379,0.8078415504629622,,0.8788364760278877,,
Stim8hr,breakpoint,0.7681941847355402,0.8166224368810379,,0.8788364760278877,,
Stim8hr,breakpoint,0.7771097930149425,0.8254033232991136,,0.8788364760278877,,
Stim8hr,breakpoint,0.7860254012943448,0.8341842097171892,,0.8788364760278877,,
Stim8hr,breakpoint,0.7949410095737471,0.8429650961352649,,0.8788364760278877,,
Stim8hr,breakpoint,0.8038566178531494,0.8517459825533407,,0.8788364760278877,,
Stim8hr,breakpoint,0.8127722261325517,0.8605268689714163,,0.8788364760278877,,
Stim8hr,breakpoint,0.821687834411954,0.869307755389492,,0.8788364760278877,,
Stim8hr,breakpoint,0.8306034426913563,0.8780886418075676,,0.8788364760278877,,
Stim8hr,breakpoint,0.8395190509707586,0.8868695282256434,,0.8788364760278877,,
Stim8hr,breakpoint,0.8484346592501609,0.895650414643719,,0.8788364760278877,,
Stim8hr,breakpoint,0.8573502675295632,0.9044313010617947,,0.8788364760278877,,
Stim8hr,breakpoint,0.8662658758089655,0.9132121874798703,,0.8788364760278877,,
Stim8hr,breakpoint,0.8751814840883678,0.921993073897946,,0.8788364760278877,,
Stim8hr,breakpoint,0.8840970923677701,0.9277596748481135,,0.8788364760278877,,
Stim8hr,breakpoint,0.8930127006471724,0.9314319985545496,,0.8788364760278877,,
Stim8hr,breakpoint,0.9019283089265747,0.9351043222609858,,0.8788364760278877,,
Stim8hr,breakpoint,0.910843917205977,0.9387766459674219,,0.8788364760278877,,
Stim8hr,breakpoint,0.9197595254853793,0.942448969673858,,0.8788364760278877,,
Stim8hr,breakpoint,0.9286751337647816,0.9461212933802942,,0.8788364760278877,,
Stim8hr,breakpoint,0.9375907420441838,0.9497936170867304,,0.8788364760278877,,
Stim8hr,breakpoint,0.9465063503235862,0.9534659407931666,,0.8788364760278877,,
Stim8hr,breakpoint,0.9554219586029884,0.9571382644996026,,0.8788364760278877,,
Stim8hr,breakpoint,0.9643375668823908,0.9608105882060388,,0.8788364760278877,,
Stim8hr,breakpoint,0.973253175161793,0.9644829119124749,,0.8788364760278877,,
Stim8hr,breakpoint,0.9821687834411954,0.9681552356189111,,0.8788364760278877,,
Stim8hr,breakpoint,0.9910843917205976,0.9718275593253473,,0.8788364760278877,,
Stim8hr,breakpoint,1.0,0.9754998830317835,,0.8788364760278877,,
Stim8hr,hill,-0.060957385248873175,0.0,,,2.0,0.7178525194912072
Stim8hr,hill,-0.052041776969470877,0.0,,,2.0,0.7178525194912072
Stim8hr,hill,-0.043126168690068585,0.0,,,2.0,0.7178525194912072
Stim8hr,hill,-0.034210560410666294,0.0,,,2.0,0.7178525194912072
Stim8hr,hill,-0.025294952131263995,0.0,,,2.0,0.7178525194912072
Stim8hr,hill,-0.016379343851861697,0.0,,,2.0,0.7178525194912072
Stim8hr,hill,-0.007463735572459405,0.0,,,2.0,0.7178525194912072
Stim8hr,hill,0.001451872706942886,5.802796291927426e-06,,,2.0,0.7178525194912072
Stim8hr,hill,0.010367480986345184,0.00029582708738548624,,,2.0,0.7178525194912072
Stim8hr,hill,0.019283089265747483,0.0010228736202417613,,,2.0,0.7178525194912072
Stim8hr,hill,0.02819869754514978,0.00218559900509116,,,2.0,0.7178525194912072
Stim8hr,hill,0.037114305824552066,0.0037818591247653355,,,2.0,0.7178525194912072
Stim8hr,hill,0.046029914103954364,0.00580871899782974,,,2.0,0.7178525194912072
Stim8hr,hill,0.05494552238335666,0.008262466222769969,,,2.0,0.7178525194912072
Stim8hr,hill,0.06386113066275895,0.011138627888712713,,,2.0,0.7178525194912072
Stim8hr,hill,0.07277673894216125,0.014431990809686754,,,2.0,0.7178525194912072
Stim8hr,hill,0.08169234722156354,0.018136624912886153,,,2.0,0.7178525194912072
Stim8hr,hill,0.09060795550096584,0.022245909587118706,,,2.0,0.7178525194912072
Stim8hr,hill,0.09952356378036814,0.02675256277589616,,,2.0,0.7178525194912072
Stim8hr,hill,0.10843917205977044,0.031648672580688465,,,2.0,0.7178525194912072
Stim8hr,hill,0.11735478033917274,0.03692573112391035,,,2.0,0.7178525194912072
Stim8hr,hill,0.126270388618575,0.04257467040836724,,,2.0,0.7178525194912072
Stim8hr,hill,0.1351859968979773,0.048585899900237435,,,2.0,0.7178525194912072
Stim8hr,hill,0.1441016051773796,0.054949345556231086,,,2.0,0.7178525194912072
Stim8hr,hill,0.1530172134567819,0.06165449001231538,,,2.0,0.7178525194912072
Stim8hr,hill,0.1619328217361842,0.06869041365124666,,,2.0,0.7178525194912072
Stim8hr,hill,0.1708484300155865,0.07604583626898094,,,2.0,0.7178525194912072
Stim8hr,hill,0.1797640382949888,0.08370915906567361,,,2.0,0.7178525194912072
Stim8hr,hill,0.18867964657439107,0.09166850669522411,,,2.0,0.7178525194912072
Stim8hr,hill,0.19759525485379337,0.09991176911793742,,,2.0,0.7178525194912072
Stim8hr,hill,0.20651086313319567,0.10842664301360144,,,2.0,0.7178525194912072
Stim8hr,hill,0.21542647141259796,0.11720067252684319,,,2.0,0.7178525194912072
Stim8hr,hill,0.22434207969200026,0.12622128913273606,,,2.0,0.7178525194912072
Stim8hr,hill,0.23325768797140256,0.13547585042799487,,,2.0,0.7178525194912072
Stim8hr,hill,0.24217329625080486,0.14495167767141823,,,2.0,0.7178525194912072
Stim8hr,hill,0.25108890453020716,0.15463609191623512,,,2.0,0.7178525194912072
Stim8hr,hill,0.26000451280960946,0.1645164485964022,,,2.0,0.7178525194912072
Stim8hr,hill,0.26892012108901175,0.17458017044842206,,,2.0,0.7178525194912072
Stim8hr,hill,0.27783572936841405,0.1848147786696625,,,2.0,0.7178525194912072
Stim8hr,hill,0.28675133764781635,0.195207922233229,,,2.0,0.7178525194912072
Stim8hr,hill,0.29566694592721865,0.20574740529797658,,,2.0,0.7178525194912072
Stim8hr,hill,0.3045825542066209,0.21642121267006695,,,2.0,0.7178525194912072
Stim8hr,hill,0.3134981624860232,0.22721753328942526,,,2.0,0.7178525194912072
Stim8hr,hill,0.3224137707654255,0.23812478173041096,,,2.0,0.7178525194912072
Stim8hr,hill,0.3313293790448278,0.2491316177208767,,,2.0,0.7178525194912072
Stim8hr,hill,0.3402449873242301,0.2602269636974817,,,2.0,0.7178525194912072
Stim8hr,hill,0.3491605956036324,0.2714000204275868,,,2.0,0.7178525194912072
Stim8hr,hill,0.3580762038830347,0.2826402807392678,,,2.0,0.7178525194912072
Stim8hr,hill,0.366991812162437,0.2939375414109167,,,2.0,0.7178525194912072
Stim8hr,hill,0.3759074204418393,0.30528191328057497,,,2.0,0.7178525194912072
Stim8hr,hill,0.3848230287212416,0.3166638296425691,,,2.0,0.7178525194912072
Stim8hr,hill,0.3937386370006439,0.3280740530052478,,,2.0,0.7178525194912072
Stim8hr,hill,0.4026542452800462,0.33950368028868155,,,2.0,0.7178525194912072
Stim8hr,hill,0.4115698535594485,0.3509441465451536,,,2.0,0.7178525194912072
Stim8hr,hill,0.42048546183885077,0.3623872272882019,,,2.0,0.7178525194912072
Stim8hr,hill,0.42940107011825307,0.3738250395179393,,,2.0,0.7178525194912072
Stim8hr,hill,0.4383166783976553,0.38525004153146003,,,2.0,0.7178525194912072
Stim8hr,hill,0.4472322866770576,0.3966550316074121,,,2.0,0.7178525194912072
Stim8hr,hill,0.4561478949564599,0.4080331456533553,,,2.0,0.7178525194912072
Stim8hr,hill,0.4650635032358622,0.41937785390341753,,,2.0,0.7178525194912072
Stim8hr,hill,0.4739791115152645,0.43068295675207874,,,2.0,0.7178525194912072
Stim8hr,hill,0.4828947197946668,0.4419425798077348,,,2.0,0.7178525194912072
Stim8hr,hill,0.4918103280740691,0.4531511682470912,,,2.0,0.7178525194912072
Stim8hr,hill,0.5007259363534714,0.46430348054847925,,,2.0,0.7178525194912072
Stim8hr,hill,0.5096415446328737,0.4753945816789452,,,2.0,0.7178525194912072
Stim8hr,hill,0.518557152912276,0.48641983580648235,,,2.0,0.7178525194912072
Stim8hr,hill,0.5274727611916783,0.49737489860513734,,,2.0,0.7178525194912072
Stim8hr,hill,0.5363883694710806,0.5082557092169475,,,2.0,0.7178525194912072
Stim8hr,hill,0.5453039777504829,0.5190584819308288,,,2.0,0.7178525194912072
Stim8hr,hill,0.5542195860298852,0.5297796976346568,,,2.0,0.7178525194912072
Stim8hr,hill,0.5631351943092875,0.5404160950929112,,,2.0,0.7178525194912072
Stim8hr,hill,0.5720508025886898,0.5509646620984244,,,2.0,0.7178525194912072
Stim8hr,hill,0.5809664108680921,0.561422626542996,,,2.0,0.7178525194912072
Stim8hr,hill,0.5898820191474944,0.5717874474479658,,,2.0,0.7178525194912072
Stim8hr,hill,0.5987976274268967,0.5820568059922517,,,2.0,0.7178525194912072
Stim8hr,hill,0.607713235706299,0.5922285965719231,,,2.0,0.7178525194912072
Stim8hr,hill,0.6166288439857013,0.6023009179220613,,,2.0,0.7178525194912072
Stim8hr,hill,0.6255444522651036,0.6122720643285076,,,2.0,0.7178525194912072
Stim8hr,hill,0.6344600605445059,0.6221405169540852,,,2.0,0.7178525194912072
Stim8hr,hill,0.6433756688239082,0.6319049353010486,,,2.0,0.7178525194912072
Stim8hr,hill,0.6522912771033105,0.6415641488288296,,,2.0,0.7178525194912072
Stim8hr,hill,0.6612068853827127,0.6511171487436372,,,2.0,0.7178525194912072
Stim8hr,hill,0.670122493662115,0.6605630799741268,,,2.0,0.7178525194912072
Stim8hr,hill,0.6790381019415173,0.6699012333451603,,,2.0,0.7178525194912072
Stim8hr,hill,0.6879537102209196,0.679131037959667,,,2.0,0.7178525194912072
Stim8hr,hill,0.6968693185003219,0.6882520537967353,,,2.0,0.7178525194912072
Stim8hr,hill,0.7057849267797242,0.6972639645323547,,,2.0,0.7178525194912072
Stim8hr,hill,0.7147005350591265,0.7061665705876582,,,2.0,0.7178525194912072
Stim8hr,hill,0.7236161433385288,0.7149597824080717,,,2.0,0.7178525194912072
Stim8hr,hill,0.732531751617931,0.7236436139754925,,,2.0,0.7178525194912072
Stim8hr,hill,0.7414473598973333,0.7322181765544307,,,2.0,0.7178525194912072
Stim8hr,hill,0.7503629681767356,0.7406836726720036,,,2.0,0.7178525194912072
Stim8hr,hill,0.7592785764561379,0.7490403903307254,,,2.0,0.7178525194912072
Stim8hr,hill,0.7681941847355402,0.7572886974521934,,,2.0,0.7178525194912072
Stim8hr,hill,0.7771097930149425,0.7654290365490451,,,2.0,0.7178525194912072
Stim8hr,hill,0.7860254012943448,0.7734619196218966,,,2.0,0.7178525194912072
Stim8hr,hill,0.7949410095737471,0.7813879232774233,,,2.0,0.7178525194912072
Stim8hr,hill,0.8038566178531494,0.7892076840632487,,,2.0,0.7178525194912072
Stim8hr,hill,0.8127722261325517,0.7969218940149038,,,2.0,0.7178525194912072
Stim8hr,hill,0.821687834411954,0.8045312964097652,,,2.0,0.7178525194912072
Stim8hr,hill,0.8306034426913563,0.8120366817225986,,,2.0,0.7178525194912072
Stim8hr,hill,0.8395190509707586,0.8194388837771052,,,2.0,0.7178525194912072
Stim8hr,hill,0.8484346592501609,0.8267387760876834,,,2.0,0.7178525194912072
Stim8hr,hill,0.8573502675295632,0.8339372683854869,,,2.0,0.7178525194912072
Stim8hr,hill,0.8662658758089655,0.8410353033227669,,,2.0,0.7178525194912072
Stim8hr,hill,0.8751814840883678,0.8480338533494256,,,2.0,0.7178525194912072
Stim8hr,hill,0.8840970923677701,0.8549339177556883,,,2.0,0.7178525194912072
Stim8hr,hill,0.8930127006471724,0.8617365198747967,,,2.0,0.7178525194912072
Stim8hr,hill,0.9019283089265747,0.8684427044396722,,,2.0,0.7178525194912072
Stim8hr,hill,0.910843917205977,0.8750535350875338,,,2.0,0.7178525194912072
Stim8hr,hill,0.9197595254853793,0.8815700920065401,,,2.0,0.7178525194912072
Stim8hr,hill,0.9286751337647816,0.8879934697186075,,,2.0,0.7178525194912072
Stim8hr,hill,0.9375907420441838,0.8943247749926683,,,2.0,0.7178525194912072
Stim8hr,hill,0.9465063503235862,0.9005651248827415,,,2.0,0.7178525194912072
Stim8hr,hill,0.9554219586029884,0.9067156448853211,,,2.0,0.7178525194912072
Stim8hr,hill,0.9643375668823908,0.912777467210727,,,2.0,0.7178525194912072
Stim8hr,hill,0.973253175161793,0.9187517291631948,,,2.0,0.7178525194912072
Stim8hr,hill,0.9821687834411954,0.9246395716246446,,,2.0,0.7178525194912072
Stim8hr,hill,0.9910843917205976,0.9304421376372093,,,2.0,0.7178525194912072
Stim8hr,hill,1.0,0.9361605710797664,,,2.0,0.7178525194912072
