target,leave_one_target_estimate,change_from_full
ENSG00000184207,-1.2863371463908049,-0.004914176649757129
ENSG00000119004,-1.2765092819753332,0.004913687765714547
ENSG00000170759,-1.276998852727818,0.004424117013229756
ENSG00000240972,-1.2771233860207516,0.004299583720296152
ENSG00000155380,-1.285706049653734,-0.004283079912686283
ENSG00000166747,-1.2772265433651042,0.004196426375943529
ENSG00000115762,-1.2772416325239824,0.004181337217065373
ENSG00000104983,-1.2773857259158645,0.004037243825183223
ENSG00000065911,-1.2854395094584954,-0.0040165397174476425
ENSG00000050393,-1.2854225195932694,-0.003999549852221618
ENSG00000162517,-1.2774851983996465,0.003937771341401275
ENSG00000150995,-1.285290323336822,-0.003867353595774281
ENSG00000196821,-1.2775988163466794,0.003824153394368368
ENSG00000164548,-1.2776460794111026,0.003776890329945104
ENSG00000101928,-1.2851725594110883,-0.003749589670040576
ENSG00000100749,-1.2776879899622355,0.0037349797788122086
ENSG00000130414,-1.2851282111962539,-0.003705241455206121
ENSG00000107643,-1.2777377959882497,0.0036851737527980877
ENSG00000170540,-1.28502233527385,-0.0035993655328021568
ENSG00000072042,-1.277871133894055,0.0035518358469928124
ENSG00000138381,-1.2779019401308198,0.0035210296102279326
ENSG00000136156,-1.2849423221141223,-0.003519352373074547
ENSG00000175324,-1.2779554469387122,0.003467522802335532
ENSG00000086232,-1.284867310926782,-0.0034443411857343342
ENSG00000123353,-1.2848303009422224,-0.003407331201174646
ENSG00000161904,-1.2780259820451176,0.0033969876959301093
ENSG00000247596,-1.2780812965836579,0.0033416731573898684
ENSG00000198055,-1.2847463286828642,-0.0033233589418164566
ENSG00000161813,-1.2847437144533616,-0.0033207447123138056
ENSG00000125970,-1.2781395642178737,0.0032834055231740766
ENSG00000111716,-1.2781819158206689,0.003241053920378878
ENSG00000137288,-1.2782107561703424,0.0032122135707053356
ENSG00000046651,-1.2782258340492172,0.003197135691830555
ENSG00000156599,-1.2782313290359266,0.0031916407051211237
ENSG00000130764,-1.2783624537186584,0.0030605160223893257
ENSG00000100523,-1.2784195059288603,0.0030034638121874124
ENSG00000184371,-1.278434665691832,0.0029883040492157953
ENSG00000175416,-1.27845624352276,0.002966726218287752
ENSG00000119396,-1.2843059742295582,-0.002883004488510421
ENSG00000154889,-1.2785578761866245,0.002865093554423215
ENSG00000118600,-1.2785848090696113,0.002838160671436496
ENSG00000148484,-1.2785918946225054,0.0028310751185423033
ENSG00000096063,-1.2842447915411608,-0.0028218218001130335
ENSG00000171612,-1.2786168190353109,0.002806150705736865
ENSG00000145715,-1.278637073463326,0.0027858962777218554
ENSG00000167815,-1.2786390234534744,0.002783946287573391
ENSG00000128585,-1.278645926221786,0.0027770435192617793
ENSG00000165704,-1.2841770458628468,-0.0027540761217990095
ENSG00000198517,-1.2786973619532553,0.0027256077877924056
ENSG00000103187,-1.2787141994686368,0.0027087702724108986
ENSG00000076513,-1.278721916451181,0.002701053289866806
ENSG00000138398,-1.2787336407024474,0.0026893290386003077
ENSG00000134686,-1.2787338145122504,0.002689155228797313
ENSG00000138134,-1.2787394860189962,0.002683483722051516
ENSG00000198931,-1.2787537879806807,0.002669181760367012
ENSG00000242616,-1.2787593890995368,0.002663580641510954
ENSG00000104856,-1.278783195909667,0.0026397738313808095
ENSG00000112146,-1.2788071570929165,0.002615812648131266
ENSG00000221914,-1.2840299508900601,-0.002606981149012366
ENSG00000149932,-1.2788206843777057,0.0026022853633420606
ENSG00000172354,-1.2788243368341103,0.0025986329069374037
ENSG00000107854,-1.278839947742416,0.002583021998631807
ENSG00000122359,-1.2788517194133122,0.0025712503277355303
ENSG00000126214,-1.2788901696051667,0.002532800135881086
ENSG00000123728,-1.2788961384321131,0.0025268313089346073
ENSG00000133056,-1.2839361787831223,-0.0025132090420745268
ENSG00000169718,-1.2789224294974737,0.0025005402435740454
ENSG00000127824,-1.2789270274734565,0.0024959422675912
ENSG00000157823,-1.2789319224681117,0.002491047272936031
ENSG00000066027,-1.2789486565396952,0.002474313201352496
ENSG00000170248,-1.2789735789518721,0.0024493907891756095
ENSG00000243317,-1.278990985812476,0.0024319839285718015
ENSG00000117450,-1.278992759016149,0.002430210724898796
ENSG00000147164,-1.2789951553842047,0.0024278143568430277
ENSG00000095380,-1.2790172311246792,0.0024057386163685024
ENSG00000166598,-1.2838181309995242,-0.002395161258476497
ENSG00000159840,-1.2790483206093874,0.0023746491316603002
ENSG00000126602,-1.2790499752039854,0.0023729945370623007
ENSG00000109466,-1.2790624933611439,0.0023604763799038864
ENSG00000158161,-1.2790663777690365,0.0023565919720112127
ENSG00000135002,-1.2790686880045747,0.0023542817364730073
ENSG00000131981,-1.2790697082062379,0.0023532615348098584
ENSG00000154978,-1.2790778809839538,0.0023450887570939383
ENSG00000079459,-1.28375646418759,-0.0023334944465422947
ENSG00000107771,-1.2790901096385128,0.0023328601025349727
ENSG00000059804,-1.279091717652579,0.0023312520884688492
ENSG00000160551,-1.279107521410705,0.0023154483303426954
ENSG00000019582,-1.2791142988591044,0.002308670881943309
ENSG00000138061,-1.2791167591970733,0.0023062105439743963
ENSG00000076043,-1.2791314619166527,0.0022915078243950227
ENSG00000123395,-1.2837106134466911,-0.002287643705643383
ENSG00000170906,-1.283710054727132,-0.00228708498608432
ENSG00000170832,-1.2791475549837499,0.0022754147572978667
ENSG00000099385,-1.2791543017609932,0.0022686679800545395
ENSG00000164574,-1.2791558070649551,0.0022671626760926156
ENSG00000102931,-1.2791628764580436,0.0022600932830041387
ENSG00000107874,-1.28368061290197,-0.0022576431609222514
ENSG00000051523,-1.2791678089543708,0.0022551607866769796
ENSG00000106635,-1.2791678299374918,0.002255139803555961
ENSG00000104388,-1.279170107663703,0.002252862077344764
ENSG00000111328,-1.2791838548935717,0.002239114847476076
ENSG00000119820,-1.2791901357243425,0.002232834016705265
ENSG00000133393,-1.279192062357651,0.0022309073833968185
ENSG00000173273,-1.2791968754311944,0.0022260943098533215
ENSG00000064601,-1.2792100822918078,0.0022128874492399753
ENSG00000224877,-1.2792414218635237,0.002181547877524004
ENSG00000196470,-1.2792531835088188,0.002169786232228965
ENSG00000168887,-1.2792567996004274,0.0021661701406203715
ENSG00000120802,-1.2792605409214217,0.0021624288196260277
ENSG00000075711,-1.2792611942301315,0.0021617755109162307
ENSG00000143815,-1.2792847475299178,0.0021382222111299143
ENSG00000102218,-1.279288695853029,0.0021342738880187895
ENSG00000169499,-1.279302998090284,0.00211997165076383
ENSG00000114544,-1.2793111748176298,0.0021117949234179534
ENSG00000123124,-1.279315646185328,0.0021073235557198533
ENSG00000104823,-1.279318774468846,0.0021041952722018475
ENSG00000088682,-1.2793197559142557,0.0021032138267920164
ENSG00000123989,-1.2793226495841417,0.002100320156906088
ENSG00000172578,-1.2793314475663418,0.0020915221747059842
ENSG00000010610,-1.2793347411025662,0.0020882286384815707
ENSG00000163870,-1.2793465144280285,0.0020764553130192542
ENSG00000131779,-1.283495810331265,-0.002072840590217284
ENSG00000196839,-1.2793549775521937,0.0020679921888540065
ENSG00000198087,-1.279356446694139,0.002066523046908797
ENSG00000023902,-1.2793585648035002,0.0020644049375475593
ENSG00000170315,-1.2793702041067558,0.0020527656342919087
ENSG00000092964,-1.2793716354108766,0.0020513343301711284
ENSG00000198876,-1.2793796257715258,0.0020433439695219935
ENSG00000197006,-1.2793806514887107,0.0020423182523370276
ENSG00000160310,-1.279384656727329,0.0020383130137187067
ENSG00000138594,-1.2793884150556245,0.00203455468542324
ENSG00000013306,-1.2793891305611647,0.00203383917988309
ENSG00000051108,-1.2793911670048546,0.002031802736193189
ENSG00000066583,-1.2793917768225114,0.002031192918536373
ENSG00000174943,-1.2793941395086872,0.0020288302323605567
ENSG00000101447,-1.279412949257387,0.002010020483660835
ENSG00000145817,-1.2794168168437414,0.0020061528973063236
ENSG00000164045,-1.2794169327243359,0.00200603701671187
ENSG00000167637,-1.2794191923299811,0.0020037774110666096
ENSG00000115204,-1.2794330134322522,0.001989956308795504
ENSG00000008517,-1.279434982314043,0.0019879874270047893
ENSG00000100461,-1.2834037585445746,-0.0019807888035268117
ENSG00000117153,-1.2794428690706057,0.0019801006704420754
ENSG00000141560,-1.279447542222711,0.001975427518336792
ENSG00000131171,-1.2794542524992996,0.0019687172417481857
ENSG00000141446,-1.2833827118347902,-0.0019597420937425003
ENSG00000136490,-1.279467245771124,0.0019557239699237172
ENSG00000156858,-1.2794686266852018,0.001954343055845964
ENSG00000154642,-1.2794704765242264,0.0019524932168213383
ENSG00000175931,-1.279470485432308,0.0019524843087397326
ENSG00000125753,-1.2794837822626521,0.0019391874783956098
ENSG00000183283,-1.279486081182109,0.0019368885589388096
ENSG00000158669,-1.2794864331284994,0.001936536612548334
ENSG00000143353,-1.2794888278064573,0.0019341419345904054
ENSG00000107829,-1.279490447088966,0.0019325226520816585
ENSG00000161021,-1.2795035191620965,0.001919450578951265
ENSG00000136141,-1.2795037600023558,0.0019192097386919738
ENSG00000138617,-1.2795056910345821,0.0019172787064656305
ENSG00000106560,-1.2795080849979763,0.0019148847430714433
ENSG00000168010,-1.2795105098198647,0.0019124599211830517
ENSG00000144749,-1.2833346103137462,-0.0019116405726984365
ENSG00000180096,-1.2795125746697305,0.0019103950713172946
ENSG00000160194,-1.2795241212590576,0.0018988484819901785
ENSG00000144635,-1.2795267079660593,0.0018962617749884725
ENSG00000187118,-1.2795279933456143,0.0018949763954334564
ENSG00000057252,-1.2795299389029273,0.0018930308381204242
ENSG00000167196,-1.2795392381565551,0.0018837315844926206
ENSG00000140280,-1.279543518664513,0.001879451076534755
ENSG00000009844,-1.2795657626109056,0.0018572071301421467
ENSG00000160932,-1.279572260995602,0.0018507087454457949
ENSG00000076944,-1.2795769477641499,0.0018460219768978714
ENSG00000166199,-1.279582945186419,0.0018400245546288385
ENSG00000181827,-1.2795928319181897,0.0018301378228580134
ENSG00000162511,-1.2795941534652127,0.0018288162758350879
ENSG00000134375,-1.2832490544481678,-0.0018260847071200903
ENSG00000140464,-1.2796020937762926,0.0018208759647551087
ENSG00000104219,-1.27960220392497,0.0018207658160778184
ENSG00000106638,-1.2796060281506543,0.0018169415903934727
ENSG00000154001,-1.2796065976541382,0.0018163720869095457
ENSG00000169641,-1.2796080730541335,0.001814896686914258
ENSG00000075539,-1.279610089256696,0.0018128804843517976
ENSG00000175463,-1.2832273189882182,-0.0018043492471704337
ENSG00000168297,-1.2796281611688476,0.0017948085722001572
ENSG00000181826,-1.283215130947025,-0.0017921612059772496
ENSG00000137074,-1.279635605086282,0.0017873646547656996
ENSG00000196968,-1.2796356552470323,0.0017873144940154795
ENSG00000183891,-1.2796382166952978,0.0017847530457499872
ENSG00000160593,-1.2796383590160838,0.001784610724963942
ENSG00000123562,-1.2832070799535111,-0.0017841102124633856
ENSG00000133818,-1.2796452317619533,0.001777737979094418
ENSG00000091039,-1.2796463409338936,0.0017766288071541236
ENSG00000141698,-1.2796528713209545,0.0017700984200932357
ENSG00000182196,-1.2796708954957006,0.0017520742453471794
ENSG00000140497,-1.279671615768521,0.0017513539725266813
ENSG00000122068,-1.2796732624199663,0.001749707321081484
ENSG00000177731,-1.2796785445301673,0.0017444252108804736
ENSG00000162654,-1.2796902743896976,0.001732695351350122
ENSG00000135148,-1.2796925546822802,0.001730415058767587
ENSG00000068650,-1.2797064574835793,0.0017165122574684943
ENSG00000156802,-1.279721089102655,0.0017018806383928275
ENSG00000164096,-1.2797222926030427,0.0017006771380050356
ENSG00000135390,-1.2797230951546328,0.0016998745864149623
ENSG00000137996,-1.2797298281693323,0.0016931415717154064
ENSG00000142875,-1.2797310661534016,0.0016919035876461486
ENSG00000183020,-1.2797337279709462,0.001689241770101546
ENSG00000067113,-1.2797361959011169,0.0016867738399308774
ENSG00000163754,-1.2797531226792016,0.0016698470618461414
ENSG00000176624,-1.279757443435401,0.0016655263056466474
ENSG00000147224,-1.283079267419729,-0.0016562976786813621
ENSG00000189043,-1.283067646696003,-0.001644676954955182
ENSG00000100342,-1.279781713856215,0.0016412558848326597
ENSG00000007392,-1.2797913322284225,0.0016316375126252947
ENSG00000171202,-1.2797943373327287,0.0016286324083190085
ENSG00000076928,-1.2797984519473775,0.0016245177936702326
ENSG00000186020,-1.2798002705781293,0.0016226991629184617
ENSG00000164040,-1.2798166598630858,0.0016063098779619533
ENSG00000110917,-1.2830084091777205,-0.0015854394366727753
ENSG00000125868,-1.2798381673444439,0.0015848023966038571
ENSG00000135272,-1.2798423121940072,0.0015806575470405093
ENSG00000138032,-1.2798437577649266,0.0015792119761210976
ENSG00000122591,-1.2798453726566037,0.001577597084444049
ENSG00000121851,-1.2829999852882024,-0.0015770155471546143
ENSG00000167996,-1.2798491745071119,0.0015737952339358596
ENSG00000221829,-1.2798505908789515,0.0015723788620962686
ENSG00000167553,-1.2798526895395725,0.0015702802014752049
ENSG00000072864,-1.279854654951451,0.0015683147895968474
ENSG00000119632,-1.279856235785072,0.0015667339559757298
ENSG00000243279,-1.2798652440277307,0.0015577257133170264
ENSG00000177556,-1.282980522556639,-0.0015575528155913343
ENSG00000143401,-1.2798736657567447,0.0015493039843030854
ENSG00000166946,-1.2798751432499087,0.0015478264911390482
ENSG00000071189,-1.2798812273116058,0.001541742429441939
ENSG00000215788,-1.2798851512342786,0.0015378185067691508
ENSG00000160014,-1.279885599460966,0.001537370280081829
ENSG00000152700,-1.2798887756240729,0.001534194116974863
ENSG00000171033,-1.2798899894822147,0.0015329802588330832
ENSG00000160013,-1.2798939960879063,0.0015289736531414189
ENSG00000146386,-1.279894786338676,0.0015281834023717078
ENSG00000168092,-1.2829509930387972,-0.0015280232977494812
ENSG00000120008,-1.2798961330739476,0.0015268366671001843
ENSG00000188647,-1.2799042009319332,0.0015187688091145013
ENSG00000170448,-1.2799053956260547,0.0015175741149930921
ENSG00000093144,-1.2799085937249528,0.0015143760160949427
ENSG00000025772,-1.2799115133662426,0.001511456374805098
ENSG00000137078,-1.2799124558136907,0.0015105139273570156
ENSG00000025708,-1.279914050405959,0.0015089193350887875
ENSG00000134602,-1.2799156940781904,0.0015072756628573547
ENSG00000166734,-1.2799168591784815,0.0015061105625662208
ENSG00000107742,-1.279917217253314,0.0015057524877337691
ENSG00000166562,-1.2799173346916077,0.0015056350494400128
ENSG00000156587,-1.2799173586589734,0.0015056110820743651
ENSG00000122705,-1.279918216264999,0.0015047534760488368
ENSG00000100614,-1.2799185632026462,0.0015044065384015592
ENSG00000040341,-1.2799194075770033,0.0015035621640444585
ENSG00000116406,-1.2799205103417786,0.0015024593992691848
ENSG00000070047,-1.2799228857805143,0.0015000839605334715
ENSG00000143862,-1.282921866563345,-0.0014988968222973131
ENSG00000188404,-1.2799242349638265,0.001498734777221289
ENSG00000065485,-1.2799245310216394,0.001498438719408357
ENSG00000108840,-1.282921076560557,-0.0014981068195092373
ENSG00000238227,-1.2799260807259978,0.0014968890150499625
ENSG00000100883,-1.2799263169183912,0.0014966528226565412
ENSG00000174032,-1.279926543699857,0.0014964260411907127
ENSG00000196352,-1.279927256682604,0.0014957130584436484
ENSG00000115234,-1.2799312077325773,0.0014917620084704541
ENSG00000185236,-1.279937909715095,0.0014850600259528335
ENSG00000024048,-1.2799405371205634,0.0014824326204843086
ENSG00000101104,-1.2799427095799731,0.0014802601610746091
ENSG00000124486,-1.2799437350155793,0.0014792347254684035
ENSG00000164209,-1.279951231809288,0.001471737931759698
ENSG00000138378,-1.2799517700291776,0.0014711997118701525
ENSG00000178719,-1.2828925025104043,-0.001469532769356574
ENSG00000135823,-1.2799539538870903,0.0014690158539574227
ENSG00000167595,-1.2799540636303004,0.0014689061107473478
ENSG00000167900,-1.2799553987859151,0.0014675709551326133
ENSG00000090487,-1.2799563549989017,0.001466614742146044
ENSG00000143321,-1.279957062644673,0.00146590709637473
ENSG00000136986,-1.2828881967139318,-0.0014652269728840928
ENSG00000142039,-1.2799639823014217,0.001458987439626025
ENSG00000160588,-1.2799640791379947,0.0014588906030530424
ENSG00000080845,-1.279965424409076,0.0014575453319718434
ENSG00000069424,-1.2799665644571234,0.0014564052839243224
ENSG00000102699,-1.2799679171470921,0.0014550525939556191
ENSG00000142945,-1.2799702050205994,0.0014527647204483074
ENSG00000136861,-1.2799709869598266,0.0014519827812211616
ENSG00000244187,-1.279977851168632,0.0014451185724158044
ENSG00000135916,-1.2799841059835262,0.001438863757521558
ENSG00000111371,-1.282860163193896,-0.0014371934528483177
ENSG00000255302,-1.282859340856455,-0.0014363711154072867
ENSG00000064115,-1.282856950214866,-0.0014339804738181527
ENSG00000130254,-1.2828526489681673,-0.0014296792271195624
ENSG00000150712,-1.279994731505653,0.0014282382353947298
ENSG00000153140,-1.279997036873003,0.0014259328680448213
ENSG00000196262,-1.27999974431266,0.0014232254283876866
ENSG00000127311,-1.2800013034948543,0.0014216662461934426
ENSG00000177156,-1.2800030225469265,0.001419947194121196
ENSG00000130770,-1.280005130931911,0.0014178388091368177
ENSG00000153395,-1.280005249852225,0.001417719888822777
ENSG00000116815,-1.2800102362661594,0.0014127334748883502
ENSG00000135046,-1.2828265609991263,-0.0014035912580785403
ENSG00000177169,-1.2828221367514956,-0.0013991670104478438
ENSG00000181929,-1.2800242909975992,0.001398678743448567
ENSG00000050748,-1.2800266358984032,0.0013963338426445926
ENSG00000134453,-1.2800269709337229,0.001395998807324883
ENSG00000141522,-1.2800282873395803,0.0013946824014674508
ENSG00000186660,-1.2800328657623081,0.0013901039787396208
ENSG00000048140,-1.282805520676997,-0.0013825509359493005
ENSG00000123329,-1.280040668920072,0.0013823008209756793
ENSG00000183172,-1.282798502859126,-0.0013755331180782537
ENSG00000137692,-1.2800503585705294,0.0013726111705183452
ENSG00000166181,-1.2800576226378049,0.0013653471032428754
ENSG00000128284,-1.2800692522003256,0.0013537175407221103
ENSG00000086300,-1.282765378731944,-0.0013424089908962156
ENSG00000100348,-1.280083738214322,0.0013392315267257704
ENSG00000015133,-1.282760124289076,-0.0013371545480282965
ENSG00000078142,-1.2827597385815328,-0.0013367688404850586
ENSG00000162645,-1.2800879887720242,0.0013349809690235137
ENSG00000157303,-1.2800931659152583,0.0013298038257893996
ENSG00000101558,-1.282751188959427,-0.001328219218379223
ENSG00000136878,-1.2801038893644394,0.0013190803766083281
ENSG00000101391,-1.2801065950249497,0.0013163747160980233
ENSG00000145780,-1.2801170465530514,0.0013059231879963829
ENSG00000197008,-1.280117977179186,0.0013049925618617841
ENSG00000114353,-1.2801219150800096,0.0013010546610381368
ENSG00000132965,-1.2801222889569253,0.0013006807841224877
ENSG00000160695,-1.2827160112556721,-0.0012930415146243934
ENSG00000119013,-1.2827156455815842,-0.0012926758405364946
ENSG00000164258,-1.2801311689200434,0.0012918008210043297
ENSG00000157045,-1.2801325925691838,0.0012903771718639767
ENSG00000133321,-1.2827097815554445,-0.0012868118143967155
ENSG00000160209,-1.2801398613480168,0.0012831083930309184
ENSG00000143811,-1.2827033625682525,-0.0012803928272047127
ENSG00000065491,-1.2801436890247233,0.001279280716324438
ENSG00000033050,-1.2827002575087458,-0.0012772877676980876
ENSG00000146066,-1.2801521371458535,0.0012708325951942268
ENSG00000160746,-1.280152376300528,0.0012705934405197183
ENSG00000119397,-1.282692720168802,-0.0012697504277543459
ENSG00000102781,-1.280159902204284,0.0012630675367637512
ENSG00000117650,-1.280162324029463,0.0012606457115846847
ENSG00000169919,-1.2801638326906417,0.001259137050406034
ENSG00000176619,-1.280166330425781,0.00125663931526665
ENSG00000115241,-1.2826759402037942,-0.0012529704627464167
ENSG00000168300,-1.280171807640401,0.0012511621006467966
ENSG00000136754,-1.2801782077272363,0.0012447620138114068
ENSG00000054654,-1.280182100817076,0.001240868923971794
ENSG00000138814,-1.2801848626597652,0.00123810708128258
ENSG00000121879,-1.2801858846393126,0.001237085101735147
ENSG00000108582,-1.2801909472947663,0.0012320224462814
ENSG00000079263,-1.2826549784841252,-0.001232008743077495
ENSG00000107968,-1.2801920598216812,0.0012309099193665851
ENSG00000176209,-1.2801926794450076,0.0012302902960401596
ENSG00000154124,-1.2801936156065623,0.0012293541344854386
ENSG00000113621,-1.2801966008717758,0.0012263688692719654
ENSG00000076382,-1.2801996547245662,0.001223315016481541
ENSG00000171302,-1.2801999302247677,0.00122303951628
ENSG00000087095,-1.2826317016876079,-0.0012087319465601265
ENSG00000064012,-1.282628476969137,-0.0012055072280892087
ENSG00000117036,-1.2826228644286513,-0.0011998946876035088
ENSG00000141293,-1.2802237658453623,0.0011992038956853968
ENSG00000078902,-1.280226859444076,0.001196110296971753
ENSG00000117308,-1.2826176739687194,-0.0011947042276716502
ENSG00000135457,-1.280236284272833,0.0011866854682147654
ENSG00000112078,-1.2802385244001702,0.0011844453408775824
ENSG00000159176,-1.28024132831907,0.0011816414219778526
ENSG00000123146,-1.2802430999687364,0.001179869772311326
ENSG00000177105,-1.280248166575679,0.0011748031653686652
ENSG00000167969,-1.2802485712004,0.0011743985406478252
ENSG00000022840,-1.2802562790909078,0.0011666906501399676
ENSG00000109180,-1.2802569324042774,0.0011660373367703425
ENSG00000182378,-1.2802572746605378,0.0011656950805098987
ENSG00000147955,-1.2802574272975666,0.0011655424434811046
ENSG00000132549,-1.2802581672041582,0.0011648025368895532
ENSG00000165714,-1.2802595699759352,0.0011633997651125938
ENSG00000151233,-1.2825859682401188,-0.0011629984990710884
ENSG00000050426,-1.2802601722937963,0.0011627974472514513
ENSG00000068305,-1.2825857447153877,-0.0011627749743399196
ENSG00000173114,-1.2825794385221985,-0.0011564687811507213
ENSG00000204564,-1.2802677578255115,0.0011552119155362472
ENSG00000026297,-1.2802697994367993,0.001153170304248441
ENSG00000101745,-1.2825739608751339,-0.0011509911340861212
ENSG00000197448,-1.2802757818840595,0.0011471878569881966
ENSG00000102119,-1.2802757818840595,0.0011471878569881966
ENSG00000143537,-1.2825699981258194,-0.0011470283847716534
ENSG00000105677,-1.2825686338011866,-0.001145664060138829
ENSG00000185825,-1.2802821062941625,0.001140863446885243
ENSG00000101109,-1.2802893969673692,0.0011335727736785373
ENSG00000171159,-1.2802915633248624,0.0011314064161853654
ENSG00000104518,-1.2825542038669806,-0.0011312341259328562
ENSG00000206053,-1.2802927613345543,0.0011302084064934714
ENSG00000120899,-1.280294498957303,0.0011284707837446728
ENSG00000102245,-1.2825500600400237,-0.0011270902989759524
ENSG00000198721,-1.2825474276082607,-0.0011244578672129357
ENSG00000111832,-1.2825412528040518,-0.0011182830630040996
ENSG00000118418,-1.280308466114883,0.0011145036261648311
ENSG00000265808,-1.2803118505863635,0.0011111191546842036
ENSG00000124155,-1.2803131742344727,0.0011097955065750842
ENSG00000094631,-1.282527412594536,-0.0011044428534883188
ENSG00000095209,-1.282524668176507,-0.001101698435459264
ENSG00000162384,-1.2825222765353697,-0.0010993067943219081
ENSG00000118246,-1.2803242904357788,0.001098679305268968
ENSG00000167461,-1.2803244427449885,0.0010985269960592792
ENSG00000139668,-1.280324977330928,0.0010979924101197636
ENSG00000159231,-1.2803252642347411,0.0010977055063066121
ENSG00000138138,-1.2825173316795164,-0.0010943619384686798
ENSG00000164111,-1.2825168203513782,-0.0010938506103304046
ENSG00000171067,-1.2825146228336743,-0.0010916530926265988
ENSG00000122515,-1.2803322763472866,0.0010906933937611107
ENSG00000173846,-1.2803357840730172,0.0010871856680305658
ENSG00000141002,-1.2803390210335885,0.0010839487074592036
ENSG00000184992,-1.2825052430000135,-0.0010822732589657047
ENSG00000160785,-1.2825028310710564,-0.0010798613300087023
ENSG00000126882,-1.2803444995500612,0.0010784701909865024
ENSG00000156795,-1.280345236320556,0.0010777334204916666
ENSG00000132824,-1.2803466766081042,0.001076293132943551
ENSG00000163719,-1.282495277392196,-0.0010723076511482965
ENSG00000178980,-1.2803558831165298,0.0010670866245179322
ENSG00000121594,-1.2824837083507752,-0.0010607386097274407
ENSG00000131446,-1.2803645823892202,0.0010583873518275055
ENSG00000101150,-1.2824802354299425,-0.0010572656888947485
ENSG00000146067,-1.2824802082841604,-0.0010572385431126818
ENSG00000186130,-1.280367486305552,0.0010554834354956633
ENSG00000164430,-1.282477499470363,-0.00105452972931519
ENSG00000169018,-1.2824755108552643,-0.0010525411142165986
ENSG00000113384,-1.2803710498583585,0.0010519198826892673
ENSG00000166803,-1.28247368212191,-0.0010507123808622953
ENSG00000095485,-1.280373226766339,0.0010497429747087228
ENSG00000140743,-1.2803735559818985,0.0010494137591492425
ENSG00000221963,-1.2803759199224831,0.001047049818564627
ENSG00000131238,-1.2824698764058236,-0.001046906664775804
ENSG00000090686,-1.2803781575152842,0.0010448122257635806
ENSG00000069493,-1.2824669539876439,-0.0010439842465961302
ENSG00000120656,-1.2824665588692825,-0.0010435891282347676
ENSG00000119684,-1.282463856119292,-0.0010408863782442879
ENSG00000087470,-1.280383964582433,0.0010390051586146587
ENSG00000029153,-1.2803845827054943,0.0010383870355534786
ENSG00000196683,-1.280386676390234,0.0010362933508136773
ENSG00000179021,-1.2803888244862085,0.0010341452548392471
ENSG00000117724,-1.2824548623762133,-0.0010318926351655655
ENSG00000198692,-1.2824541524106101,-0.0010311826695623694
ENSG00000164691,-1.2803939975582042,0.0010289721828435905
ENSG00000108587,-1.2824497519829905,-0.0010267822419427475
ENSG00000174004,-1.2803981566096798,0.0010248131313679298
ENSG00000072210,-1.2824427967247165,-0.001019826983668759
ENSG00000130382,-1.282442182491728,-0.0010192127506802873
ENSG00000117335,-1.2804111158572862,0.001011853883761571
ENSG00000107201,-1.2804119266931415,0.0010110430479062238
ENSG00000117419,-1.2824314662419254,-0.0010084965008776425
ENSG00000108639,-1.2824309251267074,-0.0010079553856596757
ENSG00000213445,-1.282430617277394,-0.0010076475363463011
ENSG00000162734,-1.2824299990464665,-0.0010070293054187385
ENSG00000115839,-1.280418779940127,0.0010041898009207628
ENSG00000113441,-1.280424835831841,0.0009981339092066666
ENSG00000136280,-1.280426858662569,0.0009961110784788563
ENSG00000164172,-1.2804270918363507,0.0009958779046970179
ENSG00000144791,-1.2804356845944878,0.0009872851465599908
ENSG00000138744,-1.2824097553129927,-0.0009867855719449814
ENSG00000198951,-1.2824056422223882,-0.0009826724813404297
ENSG00000197275,-1.280444494013785,0.0009784757272628397
ENSG00000162909,-1.2804500251570803,0.0009729445839674611
ENSG00000106780,-1.2804513060833103,0.0009716636577374871
ENSG00000047346,-1.2804549517422563,0.0009680179987914261
ENSG00000154059,-1.282390745243177,-0.0009677755021293422
ENSG00000101347,-1.282390014926624,-0.0009670451855763318
ENSG00000011485,-1.2804575208759803,0.000965448865067442
ENSG00000275052,-1.2823843982392036,-0.0009614284981558363
ENSG00000165512,-1.2823826078860814,-0.0009596381450336366
ENSG00000163412,-1.28238235553627,-0.0009593857952221452
ENSG00000104643,-1.282375988591437,-0.0009530188503892312
ENSG00000142684,-1.282357262207675,-0.0009342924666273511
ENSG00000114956,-1.2804922063887278,0.0009307633523198966
ENSG00000186891,-1.2823510768120756,-0.0009281070710278616
ENSG00000186810,-1.2804996542606297,0.0009233154804180188
ENSG00000119912,-1.282340219332132,-0.0009172495910843015
ENSG00000018510,-1.2823389483407377,-0.0009159785996899483
ENSG00000159202,-1.2805117398659305,0.0009112298751172698
ENSG00000180776,-1.2823297047948492,-0.0009067350538014551
ENSG00000169967,-1.2823283384690267,-0.0009053687279789724
ENSG00000204264,-1.2823179245563414,-0.0008949548152936693
ENSG00000111860,-1.2823153192715582,-0.0008923495305104279
ENSG00000134899,-1.2805363673084569,0.0008866024325908661
ENSG00000009780,-1.2823068960581026,-0.0008839263170548062
ENSG00000144118,-1.2805397255532993,0.0008832441877484332
ENSG00000155508,-1.28054105855643,0.0008819111846176675
ENSG00000111843,-1.280541340591094,0.000881629149953822
ENSG00000198937,-1.2823042974421794,-0.0008813277011316956
ENSG00000104231,-1.2823033318455859,-0.0008803621045381238
ENSG00000163956,-1.2805445306732401,0.0008784390678076015
ENSG00000093167,-1.2822981859523108,-0.0008752162112630746
ENSG00000087086,-1.2805524958573438,0.0008704738837039816
ENSG00000125817,-1.2805535044087684,0.0008694653322793844
ENSG00000075151,-1.2822921861871923,-0.0008692164461445717
ENSG00000038002,-1.2805545763609085,0.0008683933801392207
ENSG00000135926,-1.2822879162576168,-0.0008649465165690984
ENSG00000124177,-1.2805637720315333,0.0008591977095144809
ENSG00000140262,-1.282279998302315,-0.0008570285612672368
ENSG00000143258,-1.2805732660597169,0.00084970368133086
ENSG00000197894,-1.2805734098507071,0.0008495598903406343
ENSG00000114331,-1.280575762213164,0.0008472075278838087
ENSG00000108100,-1.2805767304975795,0.000846239243468272
ENSG00000149187,-1.2805776892247667,0.0008452805162810773
ENSG00000026508,-1.2805778997990478,0.0008450699419999541
ENSG00000169567,-1.2805788919970083,0.0008440777440394953
ENSG00000107566,-1.2822662314775815,-0.000843261736533707
ENSG00000102390,-1.2822642796412218,-0.0008413099001740587
ENSG00000165516,-1.2805822633224728,0.0008407064185749213
ENSG00000113916,-1.2822635955106991,-0.0008406257696513819
ENSG00000131871,-1.2822625081193646,-0.0008395383783168509
ENSG00000158850,-1.2822621345861633,-0.000839164845115592
ENSG00000205581,-1.2805841945000842,0.0008387752409635407
ENSG00000164062,-1.2805883609426514,0.0008346087983963635
ENSG00000106608,-1.282257506531236,-0.0008345367901883005
ENSG00000137628,-1.2822560948367845,-0.000833125095736742
ENSG00000196655,-1.2822532132773672,-0.0008302435363194416
ENSG00000167775,-1.2822530300588784,-0.0008300603178306165
ENSG00000131634,-1.280593868798685,0.0008291009423626594
ENSG00000163866,-1.2805941952351336,0.0008287745059141205
ENSG00000105355,-1.2805944166733525,0.000828553067695248
ENSG00000108039,-1.2805959419870454,0.0008270277540023407
ENSG00000184922,-1.2805996795969152,0.0008232901441325158
ENSG00000105700,-1.2822413806376547,-0.000818410896606947
ENSG00000100629,-1.2806067518881683,0.0008162178528794417
ENSG00000090863,-1.282237531770491,-0.0008145620294432998
ENSG00000148730,-1.2806194228589234,0.0008035468821243619
ENSG00000051341,-1.282224558343816,-0.000801588602768355
ENSG00000111725,-1.2822239092329244,-0.000800939491876651
ENSG00000198815,-1.2822230054708814,-0.0008000357298336702
ENSG00000112312,-1.2806255270746274,0.0007974426664203449
ENSG00000116918,-1.2822190259366253,-0.0007960561955775436
ENSG00000102054,-1.2806269826474732,0.000795987093574535
ENSG00000101265,-1.280628442079099,0.0007945276619487629
ENSG00000133835,-1.2806305197787688,0.0007924499622788961
ENSG00000145494,-1.2806322135609545,0.0007907561800932772
ENSG00000171475,-1.280633012553983,0.0007899571870646493
ENSG00000186635,-1.2822077517377184,-0.0007847819966706471
ENSG00000196704,-1.2806383801252688,0.0007845896157789856
ENSG00000108561,-1.2822069585046558,-0.0007839887636080789
ENSG00000139505,-1.2806394590095345,0.0007835107315132817
ENSG00000134352,-1.2822060441648175,-0.0007830744237697917
ENSG00000121039,-1.2822057126535888,-0.0007827429125411012
ENSG00000139679,-1.2822055670996304,-0.0007825973585826596
ENSG00000141627,-1.2822046542337386,-0.0007816844926908928
ENSG00000108395,-1.2822014263294332,-0.0007784565883854899
ENSG00000163568,-1.2821993502141789,-0.0007763804731311108
ENSG00000132718,-1.280646963536617,0.0007760062044308569
ENSG00000104783,-1.2821978119042585,-0.000774842163210776
ENSG00000144589,-1.2821972500246186,-0.0007742802835708495
ENSG00000196642,-1.2821971355262325,-0.0007741657851847439
ENSG00000125821,-1.2806499297840237,0.0007730399570240465
ENSG00000126091,-1.2821959042969997,-0.000772934555951954
ENSG00000139193,-1.280650745907354,0.000772223833693797
ENSG00000120675,-1.2806543117707914,0.0007686579702563812
ENSG00000091127,-1.2821847621085112,-0.0007617923674634319
ENSG00000213145,-1.2806627528180976,0.000760216922950141
ENSG00000030110,-1.2806630536529755,0.0007599160880722433
ENSG00000196776,-1.2806656519293098,0.0007573178117379342
ENSG00000184897,-1.2821784004173498,-0.0007554306763020158
ENSG00000033178,-1.282177865140912,-0.000754895399864175
ENSG00000139644,-1.2821761435070742,-0.0007531737660264604
ENSG00000110852,-1.2806712567332388,0.0007517130078089629
ENSG00000101294,-1.282174635707248,-0.0007516659662003544
ENSG00000172586,-1.2806722410854834,0.0007507286555643589
ENSG00000115966,-1.2821693160009315,-0.00074634625988379
ENSG00000010404,-1.2821665115854644,-0.0007435418444166064
ENSG00000197142,-1.2821628981977073,-0.0007399284566595998
ENSG00000198771,-1.2821627058693779,-0.0007397361283301152
ENSG00000103769,-1.2806834010213537,0.0007395687196940504
ENSG00000149150,-1.2821624232140203,-0.000739453472972551
ENSG00000069974,-1.282161405323084,-0.0007384355820363453
ENSG00000035499,-1.2821605983030953,-0.0007376285620475098
ENSG00000078061,-1.2806871851202928,0.0007357846207549645
ENSG00000115840,-1.2821578164711838,-0.0007348467301360184
ENSG00000091490,-1.2821548764578317,-0.0007319067167839144
ENSG00000140575,-1.2821544645075242,-0.0007314947664764926
ENSG00000131378,-1.2821537072773515,-0.000730737536303705
ENSG00000132329,-1.2821521584197293,-0.0007291886786815471
ENSG00000163348,-1.2821514119424509,-0.0007284422014031122
ENSG00000197635,-1.2821505822388284,-0.0007276124977806386
ENSG00000275713,-1.2806975814828616,0.0007253882581861326
ENSG00000163162,-1.2821446398200265,-0.00072167007897872
ENSG00000114480,-1.2807035056146772,0.0007194641263705837
ENSG00000185728,-1.282139681907378,-0.0007167121663302911
ENSG00000082701,-1.2807066711117032,0.000716298629344525
ENSG00000198898,-1.2821375739392986,-0.0007146041982508677
ENSG00000138107,-1.2821375739392986,-0.0007146041982508677
ENSG00000023191,-1.2821344230184022,-0.0007114532773544457
ENSG00000100372,-1.2821327527620685,-0.0007097830210207601
ENSG00000111775,-1.2821284549872982,-0.0007054852462504702
ENSG00000103507,-1.2807232475753867,0.0006997221656610542
ENSG00000147471,-1.2821176970853767,-0.0006947273443289603
ENSG00000186575,-1.2821163747757451,-0.0006934050346973919
ENSG00000066557,-1.2807310955267401,0.0006918742143076084
ENSG00000121966,-1.282114208886199,-0.0006912391451512345
ENSG00000097033,-1.2821137215965237,-0.0006907518554759573
ENSG00000155189,-1.2821060143480323,-0.0006830446069845397
ENSG00000132109,-1.2821027737956525,-0.0006798040546047712
ENSG00000138802,-1.2821008465541737,-0.0006778768131259216
ENSG00000072736,-1.2820996466770493,-0.0006766769360015967
ENSG00000112667,-1.2820991280228775,-0.000676158281829764
ENSG00000186104,-1.2807505278914366,0.0006724418496111273
ENSG00000089220,-1.282089512462571,-0.0006665427215233333
ENSG00000140750,-1.2820825313172246,-0.0006595615761768592
ENSG00000169241,-1.2807673558154224,0.000655613925625298
ENSG00000005893,-1.2820770348848172,-0.0006540651437694223
ENSG00000155313,-1.2807710032932687,0.0006519664477790954
ENSG00000175348,-1.2807711541197102,0.000651815621337537
ENSG00000188486,-1.2807741358973386,0.0006488338437091734
ENSG00000129103,-1.2820713357738083,-0.0006483660327605278
ENSG00000071073,-1.2820703433671778,-0.0006473736261300989
ENSG00000168282,-1.2820668491477762,-0.0006438794067284981
ENSG00000141994,-1.2820604226010246,-0.0006374528599768503
ENSG00000159228,-1.282060345597417,-0.0006373758563693599
ENSG00000186470,-1.282058674934865,-0.000635705193817282
ENSG00000014216,-1.2820584724725312,-0.0006355027314834949
ENSG00000111652,-1.2820582186258758,-0.0006352488848280213
ENSG00000134242,-1.282055914677062,-0.0006329449360142902
ENSG00000057757,-1.2807905423497197,0.000632427391328072
ENSG00000143933,-1.2820551682062997,-0.0006321984652519763
ENSG00000134294,-1.282053868009004,-0.0006308982679561481
ENSG00000163104,-1.2820530816602702,-0.0006301119192224647
ENSG00000178307,-1.2820524905413584,-0.0006295208003106456
ENSG00000139687,-1.2820464748262634,-0.000623505085215692
ENSG00000189067,-1.282046263736897,-0.0006232939958492612
ENSG00000135185,-1.282044799056607,-0.0006218293155593191
ENSG00000140374,-1.2820437950332513,-0.0006208252922035307
ENSG00000141568,-1.282043670544294,-0.0006207008032461658
ENSG00000059588,-1.282043215864505,-0.0006202461234572354
ENSG00000103111,-1.282042778975393,-0.0006198092343452366
ENSG00000075884,-1.2820424363001899,-0.0006194665591421344
ENSG00000112699,-1.282039107762129,-0.0006161380210811807
ENSG00000166971,-1.2820387399576667,-0.0006157702166189605
ENSG00000169905,-1.2820373026968774,-0.0006143329558296884
ENSG00000182162,-1.282028039939861,-0.0006050701988131735
ENSG00000188428,-1.282021928189736,-0.0005989584486882915
ENSG00000138182,-1.2820216950429353,-0.0005987253018875371
ENSG00000115687,-1.2808303471999671,0.0005926225410806119
ENSG00000162642,-1.2820141090946935,-0.0005911393536457421
ENSG00000162607,-1.2808422036152485,0.0005807661257992702
ENSG00000263528,-1.2820018562931417,-0.0005788865520939268
ENSG00000076604,-1.281993375269734,-0.0005704055286861465
ENSG00000145649,-1.2819930729292324,-0.000570103188184623
ENSG00000173821,-1.281992944295718,-0.0005699745546703383
ENSG00000102760,-1.2819918193288382,-0.0005688495877904653
ENSG00000167202,-1.280856415193223,0.0005665545478248379
ENSG00000010270,-1.281980541179962,-0.0005575714389143283
ENSG00000132676,-1.2819804237476695,-0.0005574540066217715
ENSG00000023697,-1.2819752061758278,-0.0005522364347800846
ENSG00000138399,-1.281974086385611,-0.0005511166445633098
ENSG00000155304,-1.281972038029872,-0.0005490682888242837
ENSG00000102225,-1.2819709621652513,-0.0005479924242035583
ENSG00000137504,-1.2819698240935034,-0.0005468543524556058
ENSG00000144320,-1.2819678411625826,-0.0005448714215348094
ENSG00000244687,-1.2819666509333794,-0.0005436811923316132
ENSG00000154845,-1.2808836818077007,0.0005392879333470102
ENSG00000075239,-1.2819595925327643,-0.0005366227917165123
ENSG00000017260,-1.281958973684762,-0.000536003943714336
ENSG00000049656,-1.2819587545390627,-0.000535784798014971
ENSG00000012822,-1.2808994015968713,0.0005235681441764228
ENSG00000167395,-1.2819462386863876,-0.0005232689453398276
ENSG00000092470,-1.2819375066179104,-0.0005145368768626479
ENSG00000164687,-1.2819328568665118,-0.0005098871254640702
ENSG00000124767,-1.2809148996135618,0.0005080701274859933
ENSG00000153310,-1.2819301201354936,-0.0005071503944458211
ENSG00000132356,-1.2819127754704724,-0.0004898057294246971
ENSG00000108799,-1.2819117534994038,-0.0004887837583560373
ENSG00000106367,-1.2819081773877938,-0.00048520764674608863
ENSG00000123179,-1.2819074232203762,-0.0004844534793284616
ENSG00000065357,-1.2818992602129107,-0.00047629047186292794
ENSG00000111906,-1.2818988574370833,-0.0004758876960355707
ENSG00000089916,-1.281898498731339,-0.00047552899029135176
ENSG00000087502,-1.2818903352364397,-0.00046736549539194705
ENSG00000143514,-1.2818870405652327,-0.00046407082418498113
ENSG00000177125,-1.2818868228351012,-0.0004638530940535013
ENSG00000117616,-1.2818814040838766,-0.00045843434282888396
ENSG00000100815,-1.281874037011186,-0.0004510672701383278
ENSG00000183918,-1.2818692175396804,-0.0004462477986326707
ENSG00000051620,-1.2818624572285038,-0.00043948748745603616
ENSG00000116771,-1.2818609501537497,-0.00043798041270193266
ENSG00000119318,-1.2818584887310545,-0.00043551899000671135
ENSG00000100403,-1.2818568035734468,-0.00043383383239903317
ENSG00000133030,-1.2818546668133919,-0.00043169707234413934
ENSG00000119541,-1.2818545964248407,-0.00043162668379292946
ENSG00000148481,-1.2818523765602194,-0.000429406819171696
ENSG00000134324,-1.2809979945982908,0.000424975142756967
ENSG00000104442,-1.2818476822159388,-0.0004247124748910647
ENSG00000160633,-1.2818384886274863,-0.0004155188864385373
ENSG00000006652,-1.2818348451833792,-0.00041187544233145523
ENSG00000095794,-1.281830606534112,-0.00040763679306432543
ENSG00000099904,-1.2818270333291566,-0.00040406358810884946
ENSG00000154429,-1.281824597298974,-0.0004016275579261652
ENSG00000113328,-1.2810216701957142,0.0004012995453335222
ENSG00000115944,-1.2818136608352309,-0.0003906910941831043
ENSG00000013374,-1.2818053855800038,-0.0003824158389560406
ENSG00000243449,-1.2818052584310164,-0.0003822886899687017
ENSG00000156110,-1.2817819696466004,-0.00035899990555265937
ENSG00000152484,-1.2817819522628384,-0.0003589825217906739
ENSG00000100060,-1.281778564546337,-0.00035559480528934984
ENSG00000054148,-1.2817709757461233,-0.0003480060050755629
ENSG00000196154,-1.2817652761054297,-0.00034230636438192796
ENSG00000204435,-1.2817622004652809,-0.0003392307242331416
ENSG00000167491,-1.281754176664865,-0.00033120692381727324
ENSG00000166439,-1.2817439388502396,-0.00032096910919188204
ENSG00000239264,-1.281731915029561,-0.00030894528851321823
ENSG00000124762,-1.2817302041093723,-0.0003072343683245826
ENSG00000163131,-1.2817236380058845,-0.00030066826483676756
ENSG00000118640,-1.2817209845883573,-0.00029801484730951344
ENSG00000176340,-1.2817159483099254,-0.0002929785688776665
ENSG00000006625,-1.2817128352784777,-0.00028986553742993415
ENSG00000100422,-1.2817095393857645,-0.00028656964471673874
ENSG00000140931,-1.2817052139737959,-0.00028224423274814114
ENSG00000176407,-1.2817051779523165,-0.00028220821126878626
ENSG00000180694,-1.281695472764737,-0.00027250302368919677
ENSG00000077684,-1.2816886152616949,-0.00026564552064711755
ENSG00000137161,-1.2811709723497258,0.0002519973913219786
ENSG00000163519,-1.2811844991349413,0.00023847060610648896
ENSG00000151014,-1.281660585018266,-0.0002376152772183282
ENSG00000213015,-1.2816485791177745,-0.0002256093767267764
ENSG00000131437,-1.2816459640897588,-0.00022299434871109192
ENSG00000168268,-1.2816405069959116,-0.00021753725486384212
ENSG00000257727,-1.2812248447389802,0.00019812500206750627
ENSG00000177034,-1.2816131447576313,-0.0001901750165835825
ENSG00000156711,-1.2816099522953355,-0.00018698255428772903
ENSG00000063601,-1.2816064068705741,-0.00018343712952639812
ENSG00000100300,-1.281592273007418,-0.00016930326637032422
ENSG00000152061,-1.281266743417428,0.00015622632361966815
ENSG00000136811,-1.281575661776459,-0.00015269203541135035
ENSG00000115604,-1.2815704882659753,-0.00014751852492755901
ENSG00000136783,-1.2812815021657558,0.00014146757529198695
ENSG00000170027,-1.2815471019613731,-0.00012413222032536808
ENSG00000198856,-1.281536898325207,-0.00011392858415915086
ENSG00000139684,-1.2813181831209342,0.00010478662011359496
ENSG00000107789,-1.2815263267554349,-0.00010335701438712874
ENSG00000120137,-1.2815222545825697,-9.928484152199601e-05
ENSG00000117139,-1.2814705867389227,-4.761699787492191e-05
ENSG00000135720,-1.2814413354414511,-1.8365700403366603e-05
ENSG00000114999,-1.2814298525492935,-6.882808245789462e-06
ENSG00000079462,-1.2814229697410477,0.0
ENSG00000079616,-1.2814229697410477,0.0
ENSG00000079739,-1.2814229697410477,0.0
ENSG00000079819,-1.2814229697410477,0.0
ENSG00000080345,-1.2814229697410477,0.0
ENSG00000080371,-1.2814229697410477,0.0
ENSG00000080802,-1.2814229697410477,0.0
ENSG00000080815,-1.2814229697410477,0.0
ENSG00000080819,-1.2814229697410477,0.0
ENSG00000080822,-1.2814229697410477,0.0
ENSG00000080854,-1.2814229697410477,0.0
ENSG00000081087,-1.2814229697410477,0.0
ENSG00000081177,-1.2814229697410477,0.0
ENSG00000081237,-1.2814229697410477,0.0
ENSG00000081760,-1.2814229697410477,0.0
ENSG00000081791,-1.2814229697410477,0.0
ENSG00000081913,-1.2814229697410477,0.0
ENSG00000081985,-1.2814229697410477,0.0
ENSG00000082153,-1.2814229697410477,0.0
ENSG00000082212,-1.2814229697410477,0.0
ENSG00000082258,-1.2814229697410477,0.0
ENSG00000082458,-1.2814229697410477,0.0
ENSG00000082512,-1.2814229697410477,0.0
ENSG00000082996,-1.2814229697410477,0.0
ENSG00000083099,-1.2814229697410477,0.0
ENSG00000083123,-1.2814229697410477,0.0
ENSG00000083168,-1.2814229697410477,0.0
ENSG00000083290,-1.2814229697410477,0.0
ENSG00000083312,-1.2814229697410477,0.0
ENSG00000083444,-1.2814229697410477,0.0
ENSG00000083454,-1.2814229697410477,0.0
ENSG00000083544,-1.2814229697410477,0.0
ENSG00000083642,-1.2814229697410477,0.0
ENSG00000083720,-1.2814229697410477,0.0
ENSG00000083799,-1.2814229697410477,0.0
ENSG00000083807,-1.2814229697410477,0.0
ENSG00000083814,-1.2814229697410477,0.0
ENSG00000083828,-1.2814229697410477,0.0
ENSG00000083844,-1.2814229697410477,0.0
ENSG00000083937,-1.2814229697410477,0.0
ENSG00000084070,-1.2814229697410477,0.0
ENSG00000084073,-1.2814229697410477,0.0
ENSG00000084090,-1.2814229697410477,0.0
ENSG00000084112,-1.2814229697410477,0.0
ENSG00000084234,-1.2814229697410477,0.0
ENSG00000084652,-1.2814229697410477,0.0
ENSG00000084676,-1.2814229697410477,0.0
ENSG00000084731,-1.2814229697410477,0.0
ENSG00000085224,-1.2814229697410477,0.0
ENSG00000085274,-1.2814229697410477,0.0
ENSG00000085365,-1.2814229697410477,0.0
ENSG00000085377,-1.2814229697410477,0.0
ENSG00000085382,-1.2814229697410477,0.0
ENSG00000085449,-1.2814229697410477,0.0
ENSG00000085491,-1.2814229697410477,0.0
ENSG00000085644,-1.2814229697410477,0.0
ENSG00000085662,-1.2814229697410477,0.0
ENSG00000085760,-1.2814229697410477,0.0
ENSG00000085788,-1.2814229697410477,0.0
ENSG00000085832,-1.2814229697410477,0.0
ENSG00000085871,-1.2814229697410477,0.0
ENSG00000085982,-1.2814229697410477,0.0
ENSG00000085999,-1.2814229697410477,0.0
ENSG00000086015,-1.2814229697410477,0.0
ENSG00000086061,-1.2814229697410477,0.0
ENSG00000086102,-1.2814229697410477,0.0
ENSG00000086598,-1.2814229697410477,0.0
ENSG00000086619,-1.2814229697410477,0.0
ENSG00000086712,-1.2814229697410477,0.0
ENSG00000086730,-1.2814229697410477,0.0
ENSG00000086758,-1.2814229697410477,0.0
ENSG00000086848,-1.2814229697410477,0.0
ENSG00000087074,-1.2814229697410477,0.0
ENSG00000087152,-1.2814229697410477,0.0
ENSG00000087206,-1.2814229697410477,0.0
ENSG00000087274,-1.2814229697410477,0.0
ENSG00000087299,-1.2814229697410477,0.0
ENSG00000087301,-1.2814229697410477,0.0
ENSG00000087338,-1.2814229697410477,0.0
ENSG00000087842,-1.2814229697410477,0.0
ENSG00000087903,-1.2814229697410477,0.0
ENSG00000088035,-1.2814229697410477,0.0
ENSG00000088298,-1.2814229697410477,0.0
ENSG00000088766,-1.2814229697410477,0.0
ENSG00000088812,-1.2814229697410477,0.0
ENSG00000088876,-1.2814229697410477,0.0
ENSG00000088888,-1.2814229697410477,0.0
ENSG00000088970,-1.2814229697410477,0.0
ENSG00000088992,-1.2814229697410477,0.0
ENSG00000089022,-1.2814229697410477,0.0
ENSG00000089041,-1.2814229697410477,0.0
ENSG00000089060,-1.2814229697410477,0.0
ENSG00000089123,-1.2814229697410477,0.0
ENSG00000089127,-1.2814229697410477,0.0
ENSG00000089154,-1.2814229697410477,0.0
ENSG00000089159,-1.2814229697410477,0.0
ENSG00000089177,-1.2814229697410477,0.0
ENSG00000089234,-1.2814229697410477,0.0
ENSG00000089327,-1.2814229697410477,0.0
ENSG00000089335,-1.2814229697410477,0.0
ENSG00000089486,-1.2814229697410477,0.0
ENSG00000089876,-1.2814229697410477,0.0
ENSG00000089902,-1.2814229697410477,0.0
ENSG00000090006,-1.2814229697410477,0.0
ENSG00000090020,-1.2814229697410477,0.0
ENSG00000090054,-1.2814229697410477,0.0
ENSG00000090060,-1.2814229697410477,0.0
ENSG00000090097,-1.2814229697410477,0.0
ENSG00000090238,-1.2814229697410477,0.0
ENSG00000090266,-1.2814229697410477,0.0
ENSG00000090316,-1.2814229697410477,0.0
ENSG00000090339,-1.2814229697410477,0.0
ENSG00000090432,-1.2814229697410477,0.0
ENSG00000090447,-1.2814229697410477,0.0
ENSG00000090554,-1.2814229697410477,0.0
ENSG00000090612,-1.2814229697410477,0.0
ENSG00000090661,-1.2814229697410477,0.0
ENSG00000090674,-1.2814229697410477,0.0
ENSG00000090776,-1.2814229697410477,0.0
ENSG00000090857,-1.2814229697410477,0.0
ENSG00000090905,-1.2814229697410477,0.0
ENSG00000090924,-1.2814229697410477,0.0
ENSG00000091164,-1.2814229697410477,0.0
ENSG00000091317,-1.2814229697410477,0.0
ENSG00000091527,-1.2814229697410477,0.0
ENSG00000091542,-1.2814229697410477,0.0
ENSG00000091592,-1.2814229697410477,0.0
ENSG00000091732,-1.2814229697410477,0.0
ENSG00000092010,-1.2814229697410477,0.0
ENSG00000092140,-1.2814229697410477,0.0
ENSG00000092148,-1.2814229697410477,0.0
ENSG00000092531,-1.2814229697410477,0.0
ENSG00000092621,-1.2814229697410477,0.0
ENSG00000092841,-1.2814229697410477,0.0
ENSG00000092847,-1.2814229697410477,0.0
ENSG00000092871,-1.2814229697410477,0.0
ENSG00000092929,-1.2814229697410477,0.0
ENSG00000092931,-1.2814229697410477,0.0
ENSG00000092978,-1.2814229697410477,0.0
ENSG00000093183,-1.2814229697410477,0.0
ENSG00000093217,-1.2814229697410477,0.0
ENSG00000094841,-1.2814229697410477,0.0
ENSG00000094916,-1.2814229697410477,0.0
ENSG00000095002,-1.2814229697410477,0.0
ENSG00000095015,-1.2814229697410477,0.0
ENSG00000095261,-1.2814229697410477,0.0
ENSG00000095564,-1.2814229697410477,0.0
ENSG00000095787,-1.2814229697410477,0.0
ENSG00000096060,-1.2814229697410477,0.0
ENSG00000096092,-1.2814229697410477,0.0
ENSG00000096384,-1.2814229697410477,0.0
ENSG00000096433,-1.2814229697410477,0.0
ENSG00000096654,-1.2814229697410477,0.0
ENSG00000096746,-1.2814229697410477,0.0
ENSG00000096968,-1.2814229697410477,0.0
ENSG00000096996,-1.2814229697410477,0.0
ENSG00000099203,-1.2814229697410477,0.0
ENSG00000099219,-1.2814229697410477,0.0
ENSG00000099330,-1.2814229697410477,0.0
ENSG00000099622,-1.2814229697410477,0.0
ENSG00000099624,-1.2814229697410477,0.0
ENSG00000099804,-1.2814229697410477,0.0
ENSG00000099810,-1.2814229697410477,0.0
ENSG00000099849,-1.2814229697410477,0.0
ENSG00000099860,-1.2814229697410477,0.0
ENSG00000099875,-1.2814229697410477,0.0
ENSG00000099910,-1.2814229697410477,0.0
ENSG00000099917,-1.2814229697410477,0.0
ENSG00000099942,-1.2814229697410477,0.0
ENSG00000099985,-1.2814229697410477,0.0
ENSG00000099992,-1.2814229697410477,0.0
ENSG00000100003,-1.2814229697410477,0.0
ENSG00000100014,-1.2814229697410477,0.0
ENSG00000100030,-1.2814229697410477,0.0
ENSG00000100034,-1.2814229697410477,0.0
ENSG00000100038,-1.2814229697410477,0.0
ENSG00000100075,-1.2814229697410477,0.0
ENSG00000100083,-1.2814229697410477,0.0
ENSG00000100097,-1.2814229697410477,0.0
ENSG00000100105,-1.2814229697410477,0.0
ENSG00000100129,-1.2814229697410477,0.0
ENSG00000100147,-1.2814229697410477,0.0
ENSG00000100151,-1.2814229697410477,0.0
ENSG00000100201,-1.2814229697410477,0.0
ENSG00000100206,-1.2814229697410477,0.0
ENSG00000100211,-1.2814229697410477,0.0
ENSG00000100219,-1.2814229697410477,0.0
ENSG00000100221,-1.2814229697410477,0.0
ENSG00000100225,-1.2814229697410477,0.0
ENSG00000100239,-1.2814229697410477,0.0
ENSG00000100241,-1.2814229697410477,0.0
ENSG00000100242,-1.2814229697410477,0.0
ENSG00000100246,-1.2814229697410477,0.0
ENSG00000100271,-1.2814229697410477,0.0
ENSG00000100280,-1.2814229697410477,0.0
ENSG00000100281,-1.2814229697410477,0.0
ENSG00000100284,-1.2814229697410477,0.0
ENSG00000100288,-1.2814229697410477,0.0
ENSG00000100294,-1.2814229697410477,0.0
ENSG00000100298,-1.2814229697410477,0.0
ENSG00000100299,-1.2814229697410477,0.0
ENSG00000100304,-1.2814229697410477,0.0
ENSG00000100324,-1.2814229697410477,0.0
ENSG00000100325,-1.2814229697410477,0.0
ENSG00000100335,-1.2814229697410477,0.0
ENSG00000100345,-1.2814229697410477,0.0
ENSG00000100350,-1.2814229697410477,0.0
ENSG00000100359,-1.2814229697410477,0.0
ENSG00000100360,-1.2814229697410477,0.0
ENSG00000100364,-1.2814229697410477,0.0
ENSG00000100365,-1.2814229697410477,0.0
ENSG00000100379,-1.2814229697410477,0.0
ENSG00000100380,-1.2814229697410477,0.0
ENSG00000100393,-1.2814229697410477,0.0
ENSG00000100395,-1.2814229697410477,0.0
ENSG00000100416,-1.2814229697410477,0.0
ENSG00000100417,-1.2814229697410477,0.0
ENSG00000100439,-1.2814229697410477,0.0
ENSG00000100445,-1.2814229697410477,0.0
ENSG00000100483,-1.2814229697410477,0.0
ENSG00000100503,-1.2814229697410477,0.0
ENSG00000100526,-1.2814229697410477,0.0
ENSG00000100528,-1.2814229697410477,0.0
ENSG00000100532,-1.2814229697410477,0.0
ENSG00000100580,-1.2814229697410477,0.0
ENSG00000100592,-1.2814229697410477,0.0
ENSG00000100644,-1.2814229697410477,0.0
ENSG00000100650,-1.2814229697410477,0.0
ENSG00000100722,-1.2814229697410477,0.0
ENSG00000100731,-1.2814229697410477,0.0
ENSG00000100796,-1.2814229697410477,0.0
ENSG00000100802,-1.2814229697410477,0.0
ENSG00000100804,-1.2814229697410477,0.0
ENSG00000100811,-1.2814229697410477,0.0
ENSG00000100852,-1.2814229697410477,0.0
ENSG00000100889,-1.2814229697410477,0.0
ENSG00000100890,-1.2814229697410477,0.0
ENSG00000100897,-1.2814229697410477,0.0
ENSG00000100906,-1.2814229697410477,0.0
ENSG00000100911,-1.2814229697410477,0.0
ENSG00000100916,-1.2814229697410477,0.0
ENSG00000100934,-1.2814229697410477,0.0
ENSG00000100982,-1.2814229697410477,0.0
ENSG00000100991,-1.2814229697410477,0.0
ENSG00000100994,-1.2814229697410477,0.0
ENSG00000100997,-1.2814229697410477,0.0
ENSG00000101040,-1.2814229697410477,0.0
ENSG00000101052,-1.2814229697410477,0.0
ENSG00000101084,-1.2814229697410477,0.0
ENSG00000101126,-1.2814229697410477,0.0
ENSG00000101152,-1.2814229697410477,0.0
ENSG00000101181,-1.2814229697410477,0.0
ENSG00000101190,-1.2814229697410477,0.0
ENSG00000101191,-1.2814229697410477,0.0
ENSG00000101199,-1.2814229697410477,0.0
ENSG00000101236,-1.2814229697410477,0.0
ENSG00000101255,-1.2814229697410477,0.0
ENSG00000101266,-1.2814229697410477,0.0
ENSG00000101310,-1.2814229697410477,0.0
ENSG00000101346,-1.2814229697410477,0.0
ENSG00000101363,-1.2814229697410477,0.0
ENSG00000101365,-1.2814229697410477,0.0
ENSG00000101367,-1.2814229697410477,0.0
ENSG00000101400,-1.2814229697410477,0.0
ENSG00000101417,-1.2814229697410477,0.0
ENSG00000101421,-1.2814229697410477,0.0
ENSG00000101442,-1.2814229697410477,0.0
ENSG00000101445,-1.2814229697410477,0.0
ENSG00000101457,-1.2814229697410477,0.0
ENSG00000101474,-1.2814229697410477,0.0
ENSG00000101544,-1.2814229697410477,0.0
ENSG00000101557,-1.2814229697410477,0.0
ENSG00000101596,-1.2814229697410477,0.0
ENSG00000101608,-1.2814229697410477,0.0
ENSG00000101695,-1.2814229697410477,0.0
ENSG00000101752,-1.2814229697410477,0.0
ENSG00000101782,-1.2814229697410477,0.0
ENSG00000101856,-1.2814229697410477,0.0
ENSG00000101888,-1.2814229697410477,0.0
ENSG00000101901,-1.2814229697410477,0.0
ENSG00000101940,-1.2814229697410477,0.0
ENSG00000101945,-1.2814229697410477,0.0
ENSG00000101972,-1.2814229697410477,0.0
ENSG00000101997,-1.2814229697410477,0.0
ENSG00000102007,-1.2814229697410477,0.0
ENSG00000102032,-1.2814229697410477,0.0
ENSG00000102034,-1.2814229697410477,0.0
ENSG00000102078,-1.2814229697410477,0.0
ENSG00000102172,-1.2814229697410477,0.0
ENSG00000102178,-1.2814229697410477,0.0
ENSG00000102189,-1.2814229697410477,0.0
ENSG00000102226,-1.2814229697410477,0.0
ENSG00000102241,-1.2814229697410477,0.0
ENSG00000102309,-1.2814229697410477,0.0
ENSG00000102316,-1.2814229697410477,0.0
ENSG00000102401,-1.2814229697410477,0.0
ENSG00000102409,-1.2814229697410477,0.0
ENSG00000102471,-1.2814229697410477,0.0
ENSG00000102531,-1.2814229697410477,0.0
ENSG00000102543,-1.2814229697410477,0.0
ENSG00000102580,-1.2814229697410477,0.0
ENSG00000102710,-1.2814229697410477,0.0
ENSG00000102743,-1.2814229697410477,0.0
ENSG00000102753,-1.2814229697410477,0.0
ENSG00000102763,-1.2814229697410477,0.0
ENSG00000102786,-1.2814229697410477,0.0
ENSG00000102805,-1.2814229697410477,0.0
ENSG00000102858,-1.2814229697410477,0.0
ENSG00000102879,-1.2814229697410477,0.0
ENSG00000102882,-1.2814229697410477,0.0
ENSG00000102908,-1.2814229697410477,0.0
ENSG00000102910,-1.2814229697410477,0.0
ENSG00000102921,-1.2814229697410477,0.0
ENSG00000102981,-1.2814229697410477,0.0
ENSG00000103005,-1.2814229697410477,0.0
ENSG00000103018,-1.2814229697410477,0.0
ENSG00000103024,-1.2814229697410477,0.0
ENSG00000103037,-1.2814229697410477,0.0
ENSG00000103043,-1.2814229697410477,0.0
ENSG00000103091,-1.2814229697410477,0.0
ENSG00000103121,-1.2814229697410477,0.0
ENSG00000103160,-1.2814229697410477,0.0
ENSG00000103174,-1.2814229697410477,0.0
ENSG00000103194,-1.2814229697410477,0.0
ENSG00000103202,-1.2814229697410477,0.0
ENSG00000103222,-1.2814229697410477,0.0
ENSG00000103248,-1.2814229697410477,0.0
ENSG00000103257,-1.2814229697410477,0.0
ENSG00000103319,-1.2814229697410477,0.0
ENSG00000103351,-1.2814229697410477,0.0
ENSG00000103356,-1.2814229697410477,0.0
ENSG00000103363,-1.2814229697410477,0.0
ENSG00000103365,-1.2814229697410477,0.0
ENSG00000103381,-1.2814229697410477,0.0
ENSG00000103479,-1.2814229697410477,0.0
ENSG00000103502,-1.2814229697410477,0.0
ENSG00000103512,-1.2814229697410477,0.0
ENSG00000103550,-1.2814229697410477,0.0
ENSG00000103591,-1.2814229697410477,0.0
ENSG00000103642,-1.2814229697410477,0.0
ENSG00000103811,-1.2814229697410477,0.0
ENSG00000103876,-1.2814229697410477,0.0
ENSG00000103942,-1.2814229697410477,0.0
ENSG00000103966,-1.2814229697410477,0.0
ENSG00000103994,-1.2814229697410477,0.0
ENSG00000104043,-1.2814229697410477,0.0
ENSG00000104081,-1.2814229697410477,0.0
ENSG00000104133,-1.2814229697410477,0.0
ENSG00000104164,-1.2814229697410477,0.0
ENSG00000104228,-1.2814229697410477,0.0
ENSG00000104290,-1.2814229697410477,0.0
ENSG00000104341,-1.2814229697410477,0.0
ENSG00000104343,-1.2814229697410477,0.0
ENSG00000104365,-1.2814229697410477,0.0
ENSG00000104381,-1.2814229697410477,0.0
ENSG00000104419,-1.2814229697410477,0.0
ENSG00000104447,-1.2814229697410477,0.0
ENSG00000104472,-1.2814229697410477,0.0
ENSG00000104497,-1.2814229697410477,0.0
ENSG00000104517,-1.2814229697410477,0.0
ENSG00000104522,-1.2814229697410477,0.0
ENSG00000104613,-1.2814229697410477,0.0
ENSG00000104635,-1.2814229697410477,0.0
ENSG00000104679,-1.2814229697410477,0.0
ENSG00000104689,-1.2814229697410477,0.0
ENSG00000104691,-1.2814229697410477,0.0
ENSG00000104714,-1.2814229697410477,0.0
ENSG00000104731,-1.2814229697410477,0.0
ENSG00000104763,-1.2814229697410477,0.0
ENSG00000104765,-1.2814229697410477,0.0
ENSG00000104814,-1.2814229697410477,0.0
ENSG00000104835,-1.2814229697410477,0.0
ENSG00000104853,-1.2814229697410477,0.0
ENSG00000104866,-1.2814229697410477,0.0
ENSG00000104881,-1.2814229697410477,0.0
ENSG00000104894,-1.2814229697410477,0.0
ENSG00000104904,-1.2814229697410477,0.0
ENSG00000104915,-1.2814229697410477,0.0
ENSG00000104960,-1.2814229697410477,0.0
ENSG00000104964,-1.2814229697410477,0.0
ENSG00000104979,-1.2814229697410477,0.0
ENSG00000105063,-1.2814229697410477,0.0
ENSG00000105122,-1.2814229697410477,0.0
ENSG00000105135,-1.2814229697410477,0.0
ENSG00000105173,-1.2814229697410477,0.0
ENSG00000105185,-1.2814229697410477,0.0
ENSG00000105186,-1.2814229697410477,0.0
ENSG00000105204,-1.2814229697410477,0.0
ENSG00000105220,-1.2814229697410477,0.0
ENSG00000105221,-1.2814229697410477,0.0
ENSG00000105287,-1.2814229697410477,0.0
ENSG00000105321,-1.2814229697410477,0.0
ENSG00000105323,-1.2814229697410477,0.0
ENSG00000105327,-1.2814229697410477,0.0
ENSG00000105329,-1.2814229697410477,0.0
ENSG00000105393,-1.2814229697410477,0.0
ENSG00000105404,-1.2814229697410477,0.0
ENSG00000105438,-1.2814229697410477,0.0
ENSG00000105497,-1.2814229697410477,0.0
ENSG00000105518,-1.2814229697410477,0.0
ENSG00000105576,-1.2814229697410477,0.0
ENSG00000105583,-1.2814229697410477,0.0
ENSG00000105612,-1.2814229697410477,0.0
ENSG00000105647,-1.2814229697410477,0.0
ENSG00000105708,-1.2814229697410477,0.0
ENSG00000105717,-1.2814229697410477,0.0
ENSG00000105723,-1.2814229697410477,0.0
ENSG00000105726,-1.2814229697410477,0.0
ENSG00000105738,-1.2814229697410477,0.0
ENSG00000105750,-1.2814229697410477,0.0
ENSG00000105755,-1.2814229697410477,0.0
ENSG00000105771,-1.2814229697410477,0.0
ENSG00000105793,-1.2814229697410477,0.0
ENSG00000105851,-1.2814229697410477,0.0
ENSG00000105856,-1.2814229697410477,0.0
ENSG00000105866,-1.2814229697410477,0.0
ENSG00000105875,-1.2814229697410477,0.0
ENSG00000105879,-1.2814229697410477,0.0
ENSG00000105887,-1.2814229697410477,0.0
ENSG00000105926,-1.2814229697410477,0.0
ENSG00000105983,-1.2814229697410477,0.0
ENSG00000105993,-1.2814229697410477,0.0
ENSG00000106003,-1.2814229697410477,0.0
ENSG00000106009,-1.2814229697410477,0.0
ENSG00000106049,-1.2814229697410477,0.0
ENSG00000106052,-1.2814229697410477,0.0
ENSG00000106100,-1.2814229697410477,0.0
ENSG00000106211,-1.2814229697410477,0.0
ENSG00000106266,-1.2814229697410477,0.0
ENSG00000106268,-1.2814229697410477,0.0
ENSG00000106299,-1.2814229697410477,0.0
ENSG00000106330,-1.2814229697410477,0.0
ENSG00000106346,-1.2814229697410477,0.0
ENSG00000106351,-1.2814229697410477,0.0
ENSG00000106392,-1.2814229697410477,0.0
ENSG00000106443,-1.2814229697410477,0.0
ENSG00000106460,-1.2814229697410477,0.0
ENSG00000106477,-1.2814229697410477,0.0
ENSG00000106479,-1.2814229697410477,0.0
ENSG00000106546,-1.2814229697410477,0.0
ENSG00000106605,-1.2814229697410477,0.0
ENSG00000106609,-1.2814229697410477,0.0
ENSG00000106615,-1.2814229697410477,0.0
ENSG00000106682,-1.2814229697410477,0.0
ENSG00000106683,-1.2814229697410477,0.0
ENSG00000106692,-1.2814229697410477,0.0
ENSG00000106733,-1.2814229697410477,0.0
ENSG00000106771,-1.2814229697410477,0.0
ENSG00000106829,-1.2814229697410477,0.0
ENSG00000106952,-1.2814229697410477,0.0
ENSG00000106991,-1.2814229697410477,0.0
ENSG00000106993,-1.2814229697410477,0.0
ENSG00000107020,-1.2814229697410477,0.0
ENSG00000107021,-1.2814229697410477,0.0
ENSG00000107077,-1.2814229697410477,0.0
ENSG00000107140,-1.2814229697410477,0.0
ENSG00000107223,-1.2814229697410477,0.0
ENSG00000107341,-1.2814229697410477,0.0
ENSG00000107443,-1.2814229697410477,0.0
ENSG00000107485,-1.2814229697410477,0.0
ENSG00000107537,-1.2814229697410477,0.0
ENSG00000107560,-1.2814229697410477,0.0
ENSG00000107614,-1.2814229697410477,0.0
ENSG00000107651,-1.2814229697410477,0.0
ENSG00000107669,-1.2814229697410477,0.0
ENSG00000107679,-1.2814229697410477,0.0
ENSG00000107738,-1.2814229697410477,0.0
ENSG00000107745,-1.2814229697410477,0.0
ENSG00000107758,-1.2814229697410477,0.0
ENSG00000107779,-1.2814229697410477,0.0
ENSG00000107798,-1.2814229697410477,0.0
ENSG00000107815,-1.2814229697410477,0.0
ENSG00000107816,-1.2814229697410477,0.0
ENSG00000107819,-1.2814229697410477,0.0
ENSG00000107833,-1.2814229697410477,0.0
ENSG00000107863,-1.2814229697410477,0.0
ENSG00000107864,-1.2814229697410477,0.0
ENSG00000107872,-1.2814229697410477,0.0
ENSG00000107882,-1.2814229697410477,0.0
ENSG00000107890,-1.2814229697410477,0.0
ENSG00000107897,-1.2814229697410477,0.0
ENSG00000107902,-1.2814229697410477,0.0
ENSG00000107929,-1.2814229697410477,0.0
ENSG00000108064,-1.2814229697410477,0.0
ENSG00000108106,-1.2814229697410477,0.0
ENSG00000108256,-1.2814229697410477,0.0
ENSG00000108349,-1.2814229697410477,0.0
ENSG00000108389,-1.2814229697410477,0.0
ENSG00000108439,-1.2814229697410477,0.0
ENSG00000108468,-1.2814229697410477,0.0
ENSG00000108510,-1.2814229697410477,0.0
ENSG00000108557,-1.2814229697410477,0.0
ENSG00000108591,-1.2814229697410477,0.0
ENSG00000108599,-1.2814229697410477,0.0
ENSG00000108604,-1.2814229697410477,0.0
ENSG00000108666,-1.2814229697410477,0.0
ENSG00000108679,-1.2814229697410477,0.0
ENSG00000108771,-1.2814229697410477,0.0
ENSG00000108774,-1.2814229697410477,0.0
ENSG00000108819,-1.2814229697410477,0.0
ENSG00000108828,-1.2814229697410477,0.0
ENSG00000108854,-1.2814229697410477,0.0
ENSG00000108953,-1.2814229697410477,0.0
ENSG00000109016,-1.2814229697410477,0.0
ENSG00000109046,-1.2814229697410477,0.0
ENSG00000109062,-1.2814229697410477,0.0
ENSG00000109084,-1.2814229697410477,0.0
ENSG00000109103,-1.2814229697410477,0.0
ENSG00000109107,-1.2814229697410477,0.0
ENSG00000109118,-1.2814229697410477,0.0
ENSG00000109133,-1.2814229697410477,0.0
ENSG00000109171,-1.2814229697410477,0.0
ENSG00000109184,-1.2814229697410477,0.0
ENSG00000109189,-1.2814229697410477,0.0
ENSG00000109220,-1.2814229697410477,0.0
ENSG00000109320,-1.2814229697410477,0.0
ENSG00000109323,-1.2814229697410477,0.0
ENSG00000109332,-1.2814229697410477,0.0
ENSG00000109390,-1.2814229697410477,0.0
ENSG00000109445,-1.2814229697410477,0.0
ENSG00000109536,-1.2814229697410477,0.0
ENSG00000109572,-1.2814229697410477,0.0
ENSG00000109586,-1.2814229697410477,0.0
ENSG00000109670,-1.2814229697410477,0.0
ENSG00000109674,-1.2814229697410477,0.0
ENSG00000109689,-1.2814229697410477,0.0
ENSG00000109814,-1.2814229697410477,0.0
ENSG00000109854,-1.2814229697410477,0.0
ENSG00000109861,-1.2814229697410477,0.0
ENSG00000109881,-1.2814229697410477,0.0
ENSG00000109919,-1.2814229697410477,0.0
ENSG00000110002,-1.2814229697410477,0.0
ENSG00000110013,-1.2814229697410477,0.0
ENSG00000110031,-1.2814229697410477,0.0
ENSG00000110046,-1.2814229697410477,0.0
ENSG00000110047,-1.2814229697410477,0.0
ENSG00000110057,-1.2814229697410477,0.0
ENSG00000110060,-1.2814229697410477,0.0
ENSG00000110066,-1.2814229697410477,0.0
ENSG00000110075,-1.2814229697410477,0.0
ENSG00000110080,-1.2814229697410477,0.0
ENSG00000110090,-1.2814229697410477,0.0
ENSG00000110108,-1.2814229697410477,0.0
ENSG00000110200,-1.2814229697410477,0.0
ENSG00000110274,-1.2814229697410477,0.0
ENSG00000110315,-1.2814229697410477,0.0
ENSG00000110321,-1.2814229697410477,0.0
ENSG00000110324,-1.2814229697410477,0.0
ENSG00000110330,-1.2814229697410477,0.0
ENSG00000110344,-1.2814229697410477,0.0
ENSG00000110395,-1.2814229697410477,0.0
ENSG00000110422,-1.2814229697410477,0.0
ENSG00000110442,-1.2814229697410477,0.0
ENSG00000110448,-1.2814229697410477,0.0
ENSG00000110497,-1.2814229697410477,0.0
ENSG00000110514,-1.2814229697410477,0.0
ENSG00000110583,-1.2814229697410477,0.0
ENSG00000110651,-1.2814229697410477,0.0
ENSG00000110660,-1.2814229697410477,0.0
ENSG00000110696,-1.2814229697410477,0.0
ENSG00000110711,-1.2814229697410477,0.0
ENSG00000110717,-1.2814229697410477,0.0
ENSG00000110719,-1.2814229697410477,0.0
ENSG00000110848,-1.2814229697410477,0.0
ENSG00000110876,-1.2814229697410477,0.0
ENSG00000110880,-1.2814229697410477,0.0
ENSG00000110911,-1.2814229697410477,0.0
ENSG00000110925,-1.2814229697410477,0.0
ENSG00000110934,-1.2814229697410477,0.0
ENSG00000110944,-1.2814229697410477,0.0
ENSG00000110987,-1.2814229697410477,0.0
ENSG00000111011,-1.2814229697410477,0.0
ENSG00000111144,-1.2814229697410477,0.0
ENSG00000111145,-1.2814229697410477,0.0
ENSG00000111196,-1.2814229697410477,0.0
ENSG00000111224,-1.2814229697410477,0.0
ENSG00000111252,-1.2814229697410477,0.0
ENSG00000111266,-1.2814229697410477,0.0
ENSG00000111269,-1.2814229697410477,0.0
ENSG00000111325,-1.2814229697410477,0.0
ENSG00000111331,-1.2814229697410477,0.0
ENSG00000111335,-1.2814229697410477,0.0
ENSG00000111348,-1.2814229697410477,0.0
ENSG00000111424,-1.2814229697410477,0.0
ENSG00000111450,-1.2814229697410477,0.0
ENSG00000111530,-1.2814229697410477,0.0
ENSG00000111540,-1.2814229697410477,0.0
ENSG00000111554,-1.2814229697410477,0.0
ENSG00000111642,-1.2814229697410477,0.0
ENSG00000111647,-1.2814229697410477,0.0
ENSG00000111665,-1.2814229697410477,0.0
ENSG00000111670,-1.2814229697410477,0.0
ENSG00000111671,-1.2814229697410477,0.0
ENSG00000111674,-1.2814229697410477,0.0
ENSG00000111676,-1.2814229697410477,0.0
ENSG00000111678,-1.2814229697410477,0.0
ENSG00000111679,-1.2814229697410477,0.0
ENSG00000111696,-1.2814229697410477,0.0
ENSG00000111727,-1.2814229697410477,0.0
ENSG00000111731,-1.2814229697410477,0.0
ENSG00000111737,-1.2814229697410477,0.0
ENSG00000111752,-1.2814229697410477,0.0
ENSG00000111785,-1.2814229697410477,0.0
ENSG00000111786,-1.2814229697410477,0.0
ENSG00000111875,-1.2814229697410477,0.0
ENSG00000111879,-1.2814229697410477,0.0
ENSG00000111885,-1.2814229697410477,0.0
ENSG00000111897,-1.2814229697410477,0.0
ENSG00000111911,-1.2814229697410477,0.0
ENSG00000112031,-1.2814229697410477,0.0
ENSG00000112033,-1.2814229697410477,0.0
ENSG00000112039,-1.2814229697410477,0.0
ENSG00000112079,-1.2814229697410477,0.0
ENSG00000112130,-1.2814229697410477,0.0
ENSG00000112149,-1.2814229697410477,0.0
ENSG00000112167,-1.2814229697410477,0.0
ENSG00000112200,-1.2814229697410477,0.0
ENSG00000112210,-1.2814229697410477,0.0
ENSG00000112234,-1.2814229697410477,0.0
ENSG00000112237,-1.2814229697410477,0.0
ENSG00000112282,-1.2814229697410477,0.0
ENSG00000112305,-1.2814229697410477,0.0
ENSG00000112335,-1.2814229697410477,0.0
ENSG00000112343,-1.2814229697410477,0.0
ENSG00000112357,-1.2814229697410477,0.0
ENSG00000112378,-1.2814229697410477,0.0
ENSG00000112406,-1.2814229697410477,0.0
ENSG00000112531,-1.2814229697410477,0.0
ENSG00000112561,-1.2814229697410477,0.0
ENSG00000112584,-1.2814229697410477,0.0
ENSG00000112640,-1.2814229697410477,0.0
ENSG00000112659,-1.2814229697410477,0.0
ENSG00000112697,-1.2814229697410477,0.0
ENSG00000112763,-1.2814229697410477,0.0
ENSG00000112782,-1.2814229697410477,0.0
ENSG00000112851,-1.2814229697410477,0.0
ENSG00000112877,-1.2814229697410477,0.0
ENSG00000112893,-1.2814229697410477,0.0
ENSG00000112941,-1.2814229697410477,0.0
ENSG00000112992,-1.2814229697410477,0.0
ENSG00000113068,-1.2814229697410477,0.0
ENSG00000113070,-1.2814229697410477,0.0
ENSG00000113108,-1.2814229697410477,0.0
ENSG00000113119,-1.2814229697410477,0.0
ENSG00000113240,-1.2814229697410477,0.0
ENSG00000113263,-1.2814229697410477,0.0
ENSG00000113282,-1.2814229697410477,0.0
ENSG00000113300,-1.2814229697410477,0.0
ENSG00000113368,-1.2814229697410477,0.0
ENSG00000113369,-1.2814229697410477,0.0
ENSG00000113387,-1.2814229697410477,0.0
ENSG00000113391,-1.2814229697410477,0.0
ENSG00000113532,-1.2814229697410477,0.0
ENSG00000113552,-1.2814229697410477,0.0
ENSG00000113580,-1.2814229697410477,0.0
ENSG00000113583,-1.2814229697410477,0.0
ENSG00000113597,-1.2814229697410477,0.0
ENSG00000113638,-1.2814229697410477,0.0
ENSG00000113648,-1.2814229697410477,0.0
ENSG00000113658,-1.2814229697410477,0.0
ENSG00000113732,-1.2814229697410477,0.0
ENSG00000113742,-1.2814229697410477,0.0
ENSG00000113761,-1.2814229697410477,0.0
ENSG00000113811,-1.2814229697410477,0.0
ENSG00000113845,-1.2814229697410477,0.0
ENSG00000113851,-1.2814229697410477,0.0
ENSG00000113971,-1.2814229697410477,0.0
ENSG00000114026,-1.2814229697410477,0.0
ENSG00000114054,-1.2814229697410477,0.0
ENSG00000114062,-1.2814229697410477,0.0
ENSG00000114127,-1.2814229697410477,0.0
ENSG00000114166,-1.2814229697410477,0.0
ENSG00000114209,-1.2814229697410477,0.0
ENSG00000114302,-1.2814229697410477,0.0
ENSG00000114316,-1.2814229697410477,0.0
ENSG00000114354,-1.2814229697410477,0.0
ENSG00000114383,-1.2814229697410477,0.0
ENSG00000114395,-1.2814229697410477,0.0
ENSG00000114405,-1.2814229697410477,0.0
ENSG00000114416,-1.2814229697410477,0.0
ENSG00000114423,-1.2814229697410477,0.0
ENSG00000114439,-1.2814229697410477,0.0
ENSG00000114446,-1.2814229697410477,0.0
ENSG00000114450,-1.2814229697410477,0.0
ENSG00000114529,-1.2814229697410477,0.0
ENSG00000114626,-1.2814229697410477,0.0
ENSG00000114648,-1.2814229697410477,0.0
ENSG00000114737,-1.2814229697410477,0.0
ENSG00000114744,-1.2814229697410477,0.0
ENSG00000114770,-1.2814229697410477,0.0
ENSG00000114796,-1.2814229697410477,0.0
ENSG00000114850,-1.2814229697410477,0.0
ENSG00000114857,-1.2814229697410477,0.0
ENSG00000114978,-1.2814229697410477,0.0
ENSG00000114988,-1.2814229697410477,0.0
ENSG00000115073,-1.2814229697410477,0.0
ENSG00000115091,-1.2814229697410477,0.0
ENSG00000115137,-1.2814229697410477,0.0
ENSG00000115145,-1.2814229697410477,0.0
ENSG00000115159,-1.2814229697410477,0.0
ENSG00000115165,-1.2814229697410477,0.0
ENSG00000115232,-1.2814229697410477,0.0
ENSG00000115271,-1.2814229697410477,0.0
ENSG00000115275,-1.2814229697410477,0.0
ENSG00000115282,-1.2814229697410477,0.0
ENSG00000115286,-1.2814229697410477,0.0
ENSG00000115289,-1.2814229697410477,0.0
ENSG00000115295,-1.2814229697410477,0.0
ENSG00000115325,-1.2814229697410477,0.0
ENSG00000115350,-1.2814229697410477,0.0
ENSG00000115415,-1.2814229697410477,0.0
ENSG00000115419,-1.2814229697410477,0.0
ENSG00000115464,-1.2814229697410477,0.0
ENSG00000115504,-1.2814229697410477,0.0
ENSG00000115520,-1.2814229697410477,0.0
ENSG00000115523,-1.2814229697410477,0.0
ENSG00000115525,-1.2814229697410477,0.0
ENSG00000115526,-1.2814229697410477,0.0
ENSG00000115548,-1.2814229697410477,0.0
ENSG00000115607,-1.2814229697410477,0.0
ENSG00000115652,-1.2814229697410477,0.0
ENSG00000115661,-1.2814229697410477,0.0
ENSG00000115694,-1.2814229697410477,0.0
ENSG00000115756,-1.2814229697410477,0.0
ENSG00000115758,-1.2814229697410477,0.0
ENSG00000115808,-1.2814229697410477,0.0
ENSG00000115825,-1.2814229697410477,0.0
ENSG00000115902,-1.2814229697410477,0.0
ENSG00000115904,-1.2814229697410477,0.0
ENSG00000115970,-1.2814229697410477,0.0
ENSG00000115977,-1.2814229697410477,0.0
ENSG00000116001,-1.2814229697410477,0.0
ENSG00000116005,-1.2814229697410477,0.0
ENSG00000116062,-1.2814229697410477,0.0
ENSG00000116127,-1.2814229697410477,0.0
ENSG00000116133,-1.2814229697410477,0.0
ENSG00000116171,-1.2814229697410477,0.0
ENSG00000116199,-1.2814229697410477,0.0
ENSG00000116260,-1.2814229697410477,0.0
ENSG00000116266,-1.2814229697410477,0.0
ENSG00000116273,-1.2814229697410477,0.0
ENSG00000116288,-1.2814229697410477,0.0
ENSG00000116337,-1.2814229697410477,0.0
ENSG00000116350,-1.2814229697410477,0.0
ENSG00000116353,-1.2814229697410477,0.0
ENSG00000116478,-1.2814229697410477,0.0
ENSG00000116521,-1.2814229697410477,0.0
ENSG00000116539,-1.2814229697410477,0.0
ENSG00000116584,-1.2814229697410477,0.0
ENSG00000116604,-1.2814229697410477,0.0
ENSG00000116649,-1.2814229697410477,0.0
ENSG00000116663,-1.2814229697410477,0.0
ENSG00000116667,-1.2814229697410477,0.0
ENSG00000116678,-1.2814229697410477,0.0
ENSG00000116679,-1.2814229697410477,0.0
ENSG00000116685,-1.2814229697410477,0.0
ENSG00000116691,-1.2814229697410477,0.0
ENSG00000116704,-1.2814229697410477,0.0
ENSG00000116717,-1.2814229697410477,0.0
ENSG00000116741,-1.2814229697410477,0.0
ENSG00000116793,-1.2814229697410477,0.0
ENSG00000116824,-1.2814229697410477,0.0
ENSG00000116857,-1.2814229697410477,0.0
ENSG00000116863,-1.2814229697410477,0.0
ENSG00000116871,-1.2814229697410477,0.0
ENSG00000116874,-1.2814229697410477,0.0
ENSG00000116954,-1.2814229697410477,0.0
ENSG00000116977,-1.2814229697410477,0.0
ENSG00000117000,-1.2814229697410477,0.0
ENSG00000117010,-1.2814229697410477,0.0
ENSG00000117020,-1.2814229697410477,0.0
ENSG00000117054,-1.2814229697410477,0.0
ENSG00000117090,-1.2814229697410477,0.0
ENSG00000117091,-1.2814229697410477,0.0
ENSG00000117143,-1.2814229697410477,0.0
ENSG00000117151,-1.2814229697410477,0.0
ENSG00000117226,-1.2814229697410477,0.0
ENSG00000117228,-1.2814229697410477,0.0
ENSG00000117280,-1.2814229697410477,0.0
ENSG00000117385,-1.2814229697410477,0.0
ENSG00000117394,-1.2814229697410477,0.0
ENSG00000117479,-1.2814229697410477,0.0
ENSG00000117481,-1.2814229697410477,0.0
ENSG00000117505,-1.2814229697410477,0.0
ENSG00000117523,-1.2814229697410477,0.0
ENSG00000117528,-1.2814229697410477,0.0
ENSG00000117533,-1.2814229697410477,0.0
ENSG00000117569,-1.2814229697410477,0.0
ENSG00000117592,-1.2814229697410477,0.0
ENSG00000117602,-1.2814229697410477,0.0
ENSG00000117620,-1.2814229697410477,0.0
ENSG00000117625,-1.2814229697410477,0.0
ENSG00000117640,-1.2814229697410477,0.0
ENSG00000117899,-1.2814229697410477,0.0
ENSG00000117906,-1.2814229697410477,0.0
ENSG00000117984,-1.2814229697410477,0.0
ENSG00000118007,-1.2814229697410477,0.0
ENSG00000118096,-1.2814229697410477,0.0
ENSG00000118193,-1.2814229697410477,0.0
ENSG00000118217,-1.2814229697410477,0.0
ENSG00000118242,-1.2814229697410477,0.0
ENSG00000118260,-1.2814229697410477,0.0
ENSG00000118263,-1.2814229697410477,0.0
ENSG00000118308,-1.2814229697410477,0.0
ENSG00000118482,-1.2814229697410477,0.0
ENSG00000118496,-1.2814229697410477,0.0
ENSG00000118513,-1.2814229697410477,0.0
ENSG00000118515,-1.2814229697410477,0.0
ENSG00000118518,-1.2814229697410477,0.0
ENSG00000118564,-1.2814229697410477,0.0
ENSG00000118596,-1.2814229697410477,0.0
ENSG00000118620,-1.2814229697410477,0.0
ENSG00000118707,-1.2814229697410477,0.0
ENSG00000118762,-1.2814229697410477,0.0
ENSG00000118855,-1.2814229697410477,0.0
ENSG00000118873,-1.2814229697410477,0.0
ENSG00000118922,-1.2814229697410477,0.0
ENSG00000118960,-1.2814229697410477,0.0
ENSG00000118961,-1.2814229697410477,0.0
ENSG00000118971,-1.2814229697410477,0.0
ENSG00000119138,-1.2814229697410477,0.0
ENSG00000119314,-1.2814229697410477,0.0
ENSG00000119333,-1.2814229697410477,0.0
ENSG00000119335,-1.2814229697410477,0.0
ENSG00000119414,-1.2814229697410477,0.0
ENSG00000119421,-1.2814229697410477,0.0
ENSG00000119431,-1.2814229697410477,0.0
ENSG00000119471,-1.2814229697410477,0.0
ENSG00000119487,-1.2814229697410477,0.0
ENSG00000119537,-1.2814229697410477,0.0
ENSG00000119574,-1.2814229697410477,0.0
ENSG00000119599,-1.2814229697410477,0.0
ENSG00000119638,-1.2814229697410477,0.0
ENSG00000119640,-1.2814229697410477,0.0
ENSG00000119650,-1.2814229697410477,0.0
ENSG00000119661,-1.2814229697410477,0.0
ENSG00000119669,-1.2814229697410477,0.0
ENSG00000119714,-1.2814229697410477,0.0
ENSG00000119723,-1.2814229697410477,0.0
ENSG00000119725,-1.2814229697410477,0.0
ENSG00000119778,-1.2814229697410477,0.0
ENSG00000119801,-1.2814229697410477,0.0
ENSG00000119812,-1.2814229697410477,0.0
ENSG00000119844,-1.2814229697410477,0.0
ENSG00000119899,-1.2814229697410477,0.0
ENSG00000119927,-1.2814229697410477,0.0
ENSG00000119929,-1.2814229697410477,0.0
ENSG00000119965,-1.2814229697410477,0.0
ENSG00000119969,-1.2814229697410477,0.0
ENSG00000119977,-1.2814229697410477,0.0
ENSG00000119979,-1.2814229697410477,0.0
ENSG00000120029,-1.2814229697410477,0.0
ENSG00000120053,-1.2814229697410477,0.0
ENSG00000120129,-1.2814229697410477,0.0
ENSG00000120159,-1.2814229697410477,0.0
ENSG00000120217,-1.2814229697410477,0.0
ENSG00000120254,-1.2814229697410477,0.0
ENSG00000120256,-1.2814229697410477,0.0
ENSG00000120280,-1.2814229697410477,0.0
ENSG00000120370,-1.2814229697410477,0.0
ENSG00000120437,-1.2814229697410477,0.0
ENSG00000120451,-1.2814229697410477,0.0
ENSG00000120458,-1.2814229697410477,0.0
ENSG00000120616,-1.2814229697410477,0.0
ENSG00000120662,-1.2814229697410477,0.0
ENSG00000120686,-1.2814229697410477,0.0
ENSG00000120709,-1.2814229697410477,0.0
ENSG00000120727,-1.2814229697410477,0.0
ENSG00000120733,-1.2814229697410477,0.0
ENSG00000120784,-1.2814229697410477,0.0
ENSG00000120832,-1.2814229697410477,0.0
ENSG00000120833,-1.2814229697410477,0.0
ENSG00000120875,-1.2814229697410477,0.0
ENSG00000120885,-1.2814229697410477,0.0
ENSG00000120889,-1.2814229697410477,0.0
ENSG00000120910,-1.2814229697410477,0.0
ENSG00000120913,-1.2814229697410477,0.0
ENSG00000120915,-1.2814229697410477,0.0
ENSG00000120942,-1.2814229697410477,0.0
ENSG00000120963,-1.2814229697410477,0.0
ENSG00000121057,-1.2814229697410477,0.0
ENSG00000121058,-1.2814229697410477,0.0
ENSG00000121060,-1.2814229697410477,0.0
ENSG00000121064,-1.2814229697410477,0.0
ENSG00000121067,-1.2814229697410477,0.0
ENSG00000121104,-1.2814229697410477,0.0
ENSG00000121211,-1.2814229697410477,0.0
ENSG00000121281,-1.2814229697410477,0.0
ENSG00000121310,-1.2814229697410477,0.0
ENSG00000121390,-1.2814229697410477,0.0
ENSG00000121406,-1.2814229697410477,0.0
ENSG00000121417,-1.2814229697410477,0.0
ENSG00000121481,-1.2814229697410477,0.0
ENSG00000121486,-1.2814229697410477,0.0
ENSG00000121542,-1.2814229697410477,0.0
ENSG00000121644,-1.2814229697410477,0.0
ENSG00000121671,-1.2814229697410477,0.0
ENSG00000121680,-1.2814229697410477,0.0
ENSG00000121691,-1.2814229697410477,0.0
ENSG00000121716,-1.2814229697410477,0.0
ENSG00000121749,-1.2814229697410477,0.0
ENSG00000121775,-1.2814229697410477,0.0
ENSG00000121807,-1.2814229697410477,0.0
ENSG00000121895,-1.2814229697410477,0.0
ENSG00000121931,-1.2814229697410477,0.0
ENSG00000121940,-1.2814229697410477,0.0
ENSG00000122034,-1.2814229697410477,0.0
ENSG00000122042,-1.2814229697410477,0.0
ENSG00000122085,-1.2814229697410477,0.0
ENSG00000122122,-1.2814229697410477,0.0
ENSG00000122188,-1.2814229697410477,0.0
ENSG00000122299,-1.2814229697410477,0.0
ENSG00000122378,-1.2814229697410477,0.0
ENSG00000122390,-1.2814229697410477,0.0
ENSG00000122481,-1.2814229697410477,0.0
ENSG00000122482,-1.2814229697410477,0.0
ENSG00000122490,-1.2814229697410477,0.0
ENSG00000122507,-1.2814229697410477,0.0
ENSG00000122550,-1.2814229697410477,0.0
ENSG00000122557,-1.2814229697410477,0.0
ENSG00000122566,-1.2814229697410477,0.0
ENSG00000122644,-1.2814229697410477,0.0
ENSG00000122678,-1.2814229697410477,0.0
ENSG00000122687,-1.2814229697410477,0.0
ENSG00000122694,-1.2814229697410477,0.0
ENSG00000122696,-1.2814229697410477,0.0
ENSG00000122729,-1.2814229697410477,0.0
ENSG00000122783,-1.2814229697410477,0.0
ENSG00000122862,-1.2814229697410477,0.0
ENSG00000122884,-1.2814229697410477,0.0
ENSG00000122912,-1.2814229697410477,0.0
ENSG00000122958,-1.2814229697410477,0.0
ENSG00000122966,-1.2814229697410477,0.0
ENSG00000122971,-1.2814229697410477,0.0
ENSG00000122986,-1.2814229697410477,0.0
ENSG00000123080,-1.2814229697410477,0.0
ENSG00000123091,-1.2814229697410477,0.0
ENSG00000123104,-1.2814229697410477,0.0
ENSG00000123106,-1.2814229697410477,0.0
ENSG00000123130,-1.2814229697410477,0.0
ENSG00000123159,-1.2814229697410477,0.0
ENSG00000123178,-1.2814229697410477,0.0
ENSG00000123268,-1.2814229697410477,0.0
ENSG00000123297,-1.2814229697410477,0.0
ENSG00000123338,-1.2814229697410477,0.0
ENSG00000123360,-1.2814229697410477,0.0
ENSG00000123374,-1.2814229697410477,0.0
ENSG00000123415,-1.2814229697410477,0.0
ENSG00000123472,-1.2814229697410477,0.0
ENSG00000123505,-1.2814229697410477,0.0
ENSG00000123545,-1.2814229697410477,0.0
ENSG00000123552,-1.2814229697410477,0.0
ENSG00000123575,-1.2814229697410477,0.0
ENSG00000123595,-1.2814229697410477,0.0
ENSG00000123609,-1.2814229697410477,0.0
ENSG00000123643,-1.2814229697410477,0.0
ENSG00000123685,-1.2814229697410477,0.0
ENSG00000123689,-1.2814229697410477,0.0
ENSG00000123933,-1.2814229697410477,0.0
ENSG00000123983,-1.2814229697410477,0.0
ENSG00000123992,-1.2814229697410477,0.0
ENSG00000124067,-1.2814229697410477,0.0
ENSG00000124098,-1.2814229697410477,0.0
ENSG00000124120,-1.2814229697410477,0.0
ENSG00000124164,-1.2814229697410477,0.0
ENSG00000124172,-1.2814229697410477,0.0
ENSG00000124181,-1.2814229697410477,0.0
ENSG00000124193,-1.2814229697410477,0.0
ENSG00000124201,-1.2814229697410477,0.0
ENSG00000124214,-1.2814229697410477,0.0
ENSG00000124222,-1.2814229697410477,0.0
ENSG00000124226,-1.2814229697410477,0.0
ENSG00000124243,-1.2814229697410477,0.0
ENSG00000124275,-1.2814229697410477,0.0
ENSG00000124299,-1.2814229697410477,0.0
ENSG00000124356,-1.2814229697410477,0.0
ENSG00000124357,-1.2814229697410477,0.0
ENSG00000124406,-1.2814229697410477,0.0
ENSG00000124422,-1.2814229697410477,0.0
ENSG00000124444,-1.2814229697410477,0.0
ENSG00000124523,-1.2814229697410477,0.0
ENSG00000124532,-1.2814229697410477,0.0
ENSG00000124535,-1.2814229697410477,0.0
ENSG00000124575,-1.2814229697410477,0.0
ENSG00000124587,-1.2814229697410477,0.0
ENSG00000124588,-1.2814229697410477,0.0
ENSG00000124596,-1.2814229697410477,0.0
ENSG00000124641,-1.2814229697410477,0.0
ENSG00000124782,-1.2814229697410477,0.0
ENSG00000124783,-1.2814229697410477,0.0
ENSG00000124786,-1.2814229697410477,0.0
ENSG00000124795,-1.2814229697410477,0.0
ENSG00000124802,-1.2814229697410477,0.0
ENSG00000125089,-1.2814229697410477,0.0
ENSG00000125124,-1.2814229697410477,0.0
ENSG00000125148,-1.2814229697410477,0.0
ENSG00000125149,-1.2814229697410477,0.0
ENSG00000125166,-1.2814229697410477,0.0
ENSG00000125170,-1.2814229697410477,0.0
ENSG00000125245,-1.2814229697410477,0.0
ENSG00000125246,-1.2814229697410477,0.0
ENSG00000125247,-1.2814229697410477,0.0
ENSG00000125304,-1.2814229697410477,0.0
ENSG00000125430,-1.2814229697410477,0.0
ENSG00000125454,-1.2814229697410477,0.0
ENSG00000125457,-1.2814229697410477,0.0
ENSG00000125458,-1.2814229697410477,0.0
ENSG00000125503,-1.2814229697410477,0.0
ENSG00000125520,-1.2814229697410477,0.0
ENSG00000125534,-1.2814229697410477,0.0
ENSG00000125611,-1.2814229697410477,0.0
ENSG00000125629,-1.2814229697410477,0.0
ENSG00000125633,-1.2814229697410477,0.0
ENSG00000125637,-1.2814229697410477,0.0
ENSG00000125648,-1.2814229697410477,0.0
ENSG00000125652,-1.2814229697410477,0.0
ENSG00000125656,-1.2814229697410477,0.0
ENSG00000125703,-1.2814229697410477,0.0
ENSG00000125726,-1.2814229697410477,0.0
ENSG00000125731,-1.2814229697410477,0.0
ENSG00000125735,-1.2814229697410477,0.0
ENSG00000125741,-1.2814229697410477,0.0
ENSG00000125746,-1.2814229697410477,0.0
ENSG00000125772,-1.2814229697410477,0.0
ENSG00000125779,-1.2814229697410477,0.0
ENSG00000125814,-1.2814229697410477,0.0
ENSG00000125818,-1.2814229697410477,0.0
ENSG00000125827,-1.2814229697410477,0.0
ENSG00000125834,-1.2814229697410477,0.0
ENSG00000125843,-1.2814229697410477,0.0
ENSG00000125844,-1.2814229697410477,0.0
ENSG00000125846,-1.2814229697410477,0.0
ENSG00000125863,-1.2814229697410477,0.0
ENSG00000125870,-1.2814229697410477,0.0
ENSG00000125875,-1.2814229697410477,0.0
ENSG00000125885,-1.2814229697410477,0.0
ENSG00000125912,-1.2814229697410477,0.0
ENSG00000125944,-1.2814229697410477,0.0
ENSG00000125945,-1.2814229697410477,0.0
ENSG00000125952,-1.2814229697410477,0.0
ENSG00000125962,-1.2814229697410477,0.0
ENSG00000125967,-1.2814229697410477,0.0
ENSG00000125991,-1.2814229697410477,0.0
ENSG00000126062,-1.2814229697410477,0.0
ENSG00000126070,-1.2814229697410477,0.0
ENSG00000126243,-1.2814229697410477,0.0
ENSG00000126247,-1.2814229697410477,0.0
ENSG00000126249,-1.2814229697410477,0.0
ENSG00000126267,-1.2814229697410477,0.0
ENSG00000126353,-1.2814229697410477,0.0
ENSG00000126432,-1.2814229697410477,0.0
ENSG00000126464,-1.2814229697410477,0.0
ENSG00000126522,-1.2814229697410477,0.0
ENSG00000126561,-1.2814229697410477,0.0
ENSG00000126705,-1.2814229697410477,0.0
ENSG00000126709,-1.2814229697410477,0.0
ENSG00000126746,-1.2814229697410477,0.0
ENSG00000126767,-1.2814229697410477,0.0
ENSG00000126773,-1.2814229697410477,0.0
ENSG00000126775,-1.2814229697410477,0.0
ENSG00000126777,-1.2814229697410477,0.0
ENSG00000126787,-1.2814229697410477,0.0
ENSG00000126821,-1.2814229697410477,0.0
ENSG00000126860,-1.2814229697410477,0.0
ENSG00000126870,-1.2814229697410477,0.0
ENSG00000126934,-1.2814229697410477,0.0
ENSG00000126953,-1.2814229697410477,0.0
ENSG00000127022,-1.2814229697410477,0.0
ENSG00000127081,-1.2814229697410477,0.0
ENSG00000127084,-1.2814229697410477,0.0
ENSG00000127184,-1.2814229697410477,0.0
ENSG00000127191,-1.2814229697410477,0.0
ENSG00000127334,-1.2814229697410477,0.0
ENSG00000127452,-1.2814229697410477,0.0
ENSG00000127511,-1.2814229697410477,0.0
ENSG00000127526,-1.2814229697410477,0.0
ENSG00000127540,-1.2814229697410477,0.0
ENSG00000127586,-1.2814229697410477,0.0
ENSG00000127663,-1.2814229697410477,0.0
ENSG00000127666,-1.2814229697410477,0.0
ENSG00000127884,-1.2814229697410477,0.0
ENSG00000127914,-1.2814229697410477,0.0
ENSG00000127947,-1.2814229697410477,0.0
ENSG00000127948,-1.2814229697410477,0.0
ENSG00000127951,-1.2814229697410477,0.0
ENSG00000127989,-1.2814229697410477,0.0
ENSG00000128016,-1.2814229697410477,0.0
ENSG00000128039,-1.2814229697410477,0.0
ENSG00000128203,-1.2814229697410477,0.0
ENSG00000128228,-1.2814229697410477,0.0
ENSG00000128335,-1.2814229697410477,0.0
ENSG00000128340,-1.2814229697410477,0.0
ENSG00000128463,-1.2814229697410477,0.0
ENSG00000128578,-1.2814229697410477,0.0
ENSG00000128581,-1.2814229697410477,0.0
ENSG00000128595,-1.2814229697410477,0.0
ENSG00000128607,-1.2814229697410477,0.0
ENSG00000128708,-1.2814229697410477,0.0
ENSG00000128791,-1.2814229697410477,0.0
ENSG00000128829,-1.2814229697410477,0.0
ENSG00000128881,-1.2814229697410477,0.0
ENSG00000128891,-1.2814229697410477,0.0
ENSG00000128915,-1.2814229697410477,0.0
ENSG00000128923,-1.2814229697410477,0.0
ENSG00000128928,-1.2814229697410477,0.0
ENSG00000128944,-1.2814229697410477,0.0
ENSG00000129158,-1.2814229697410477,0.0
ENSG00000129187,-1.2814229697410477,0.0
ENSG00000129250,-1.2814229697410477,0.0
ENSG00000129292,-1.2814229697410477,0.0
ENSG00000129353,-1.2814229697410477,0.0
ENSG00000129465,-1.2814229697410477,0.0
ENSG00000129472,-1.2814229697410477,0.0
ENSG00000129480,-1.2814229697410477,0.0
ENSG00000129625,-1.2814229697410477,0.0
ENSG00000129667,-1.2814229697410477,0.0
ENSG00000129675,-1.2814229697410477,0.0
ENSG00000129680,-1.2814229697410477,0.0
ENSG00000129932,-1.2814229697410477,0.0
ENSG00000130005,-1.2814229697410477,0.0
ENSG00000130038,-1.2814229697410477,0.0
ENSG00000130066,-1.2814229697410477,0.0
ENSG00000130175,-1.2814229697410477,0.0
ENSG00000130193,-1.2814229697410477,0.0
ENSG00000130227,-1.2814229697410477,0.0
ENSG00000130305,-1.2814229697410477,0.0
ENSG00000130309,-1.2814229697410477,0.0
ENSG00000130340,-1.2814229697410477,0.0
ENSG00000130363,-1.2814229697410477,0.0
ENSG00000130396,-1.2814229697410477,0.0
ENSG00000130402,-1.2814229697410477,0.0
ENSG00000130429,-1.2814229697410477,0.0
ENSG00000130449,-1.2814229697410477,0.0
ENSG00000130475,-1.2814229697410477,0.0
ENSG00000130487,-1.2814229697410477,0.0
ENSG00000130511,-1.2814229697410477,0.0
ENSG00000130522,-1.2814229697410477,0.0
ENSG00000130544,-1.2814229697410477,0.0
ENSG00000130560,-1.2814229697410477,0.0
ENSG00000130590,-1.2814229697410477,0.0
ENSG00000130669,-1.2814229697410477,0.0
ENSG00000130684,-1.2814229697410477,0.0
ENSG00000130706,-1.2814229697410477,0.0
ENSG00000130714,-1.2814229697410477,0.0
ENSG00000130717,-1.2814229697410477,0.0
ENSG00000130731,-1.2814229697410477,0.0
ENSG00000130734,-1.2814229697410477,0.0
ENSG00000130749,-1.2814229697410477,0.0
ENSG00000130755,-1.2814229697410477,0.0
ENSG00000130758,-1.2814229697410477,0.0
ENSG00000130766,-1.2814229697410477,0.0
ENSG00000130775,-1.2814229697410477,0.0
ENSG00000130779,-1.2814229697410477,0.0
ENSG00000130787,-1.2814229697410477,0.0
ENSG00000130803,-1.2814229697410477,0.0
ENSG00000130813,-1.2814229697410477,0.0
ENSG00000130818,-1.2814229697410477,0.0
ENSG00000130827,-1.2814229697410477,0.0
ENSG00000130830,-1.2814229697410477,0.0
ENSG00000130844,-1.2814229697410477,0.0
ENSG00000130939,-1.2814229697410477,0.0
ENSG00000131023,-1.2814229697410477,0.0
ENSG00000131089,-1.2814229697410477,0.0
ENSG00000131115,-1.2814229697410477,0.0
ENSG00000131116,-1.2814229697410477,0.0
ENSG00000131127,-1.2814229697410477,0.0
ENSG00000131236,-1.2814229697410477,0.0
ENSG00000131263,-1.2814229697410477,0.0
ENSG00000131323,-1.2814229697410477,0.0
ENSG00000131374,-1.2814229697410477,0.0
ENSG00000131375,-1.2814229697410477,0.0
ENSG00000131389,-1.2814229697410477,0.0
ENSG00000131408,-1.2814229697410477,0.0
ENSG00000131473,-1.2814229697410477,0.0
ENSG00000131504,-1.2814229697410477,0.0
ENSG00000131507,-1.2814229697410477,0.0
ENSG00000131508,-1.2814229697410477,0.0
ENSG00000131584,-1.2814229697410477,0.0
ENSG00000131591,-1.2814229697410477,0.0
ENSG00000131759,-1.2814229697410477,0.0
ENSG00000131791,-1.2814229697410477,0.0
ENSG00000131844,-1.2814229697410477,0.0
ENSG00000131845,-1.2814229697410477,0.0
ENSG00000131943,-1.2814229697410477,0.0
ENSG00000132002,-1.2814229697410477,0.0
ENSG00000132003,-1.2814229697410477,0.0
ENSG00000132005,-1.2814229697410477,0.0
ENSG00000132017,-1.2814229697410477,0.0
ENSG00000132153,-1.2814229697410477,0.0
ENSG00000132199,-1.2814229697410477,0.0
ENSG00000132254,-1.2814229697410477,0.0
ENSG00000132256,-1.2814229697410477,0.0
ENSG00000132274,-1.2814229697410477,0.0
ENSG00000132286,-1.2814229697410477,0.0
ENSG00000132326,-1.2814229697410477,0.0
ENSG00000132330,-1.2814229697410477,0.0
ENSG00000132357,-1.2814229697410477,0.0
ENSG00000132361,-1.2814229697410477,0.0
ENSG00000132388,-1.2814229697410477,0.0
ENSG00000132406,-1.2814229697410477,0.0
ENSG00000132434,-1.2814229697410477,0.0
ENSG00000132436,-1.2814229697410477,0.0
ENSG00000132463,-1.2814229697410477,0.0
ENSG00000132466,-1.2814229697410477,0.0
ENSG00000132471,-1.2814229697410477,0.0
ENSG00000132475,-1.2814229697410477,0.0
ENSG00000132481,-1.2814229697410477,0.0
ENSG00000132485,-1.2814229697410477,0.0
ENSG00000132522,-1.2814229697410477,0.0
ENSG00000132530,-1.2814229697410477,0.0
ENSG00000132612,-1.2814229697410477,0.0
ENSG00000132623,-1.2814229697410477,0.0
ENSG00000132670,-1.2814229697410477,0.0
ENSG00000132680,-1.2814229697410477,0.0
ENSG00000132768,-1.2814229697410477,0.0
ENSG00000132823,-1.2814229697410477,0.0
ENSG00000132849,-1.2814229697410477,0.0
ENSG00000132879,-1.2814229697410477,0.0
ENSG00000132906,-1.2814229697410477,0.0
ENSG00000132950,-1.2814229697410477,0.0
ENSG00000132953,-1.2814229697410477,0.0
ENSG00000132964,-1.2814229697410477,0.0
ENSG00000133027,-1.2814229697410477,0.0
ENSG00000133059,-1.2814229697410477,0.0
ENSG00000133065,-1.2814229697410477,0.0
ENSG00000133104,-1.2814229697410477,0.0
ENSG00000133106,-1.2814229697410477,0.0
ENSG00000133111,-1.2814229697410477,0.0
ENSG00000133195,-1.2814229697410477,0.0
ENSG00000133247,-1.2814229697410477,0.0
ENSG00000133265,-1.2814229697410477,0.0
ENSG00000133275,-1.2814229697410477,0.0
ENSG00000133313,-1.2814229697410477,0.0
ENSG00000133315,-1.2814229697410477,0.0
ENSG00000133318,-1.2814229697410477,0.0
ENSG00000133460,-1.2814229697410477,0.0
ENSG00000133561,-1.2814229697410477,0.0
ENSG00000133574,-1.2814229697410477,0.0
ENSG00000133597,-1.2814229697410477,0.0
ENSG00000133612,-1.2814229697410477,0.0
ENSG00000133641,-1.2814229697410477,0.0
ENSG00000133657,-1.2814229697410477,0.0
ENSG00000133678,-1.2814229697410477,0.0
ENSG00000133703,-1.2814229697410477,0.0
ENSG00000133704,-1.2814229697410477,0.0
ENSG00000133794,-1.2814229697410477,0.0
ENSG00000133805,-1.2814229697410477,0.0
ENSG00000133943,-1.2814229697410477,0.0
ENSG00000133961,-1.2814229697410477,0.0
ENSG00000133983,-1.2814229697410477,0.0
ENSG00000133985,-1.2814229697410477,0.0
ENSG00000134014,-1.2814229697410477,0.0
ENSG00000134049,-1.2814229697410477,0.0
ENSG00000134057,-1.2814229697410477,0.0
ENSG00000134077,-1.2814229697410477,0.0
ENSG00000134086,-1.2814229697410477,0.0
ENSG00000134107,-1.2814229697410477,0.0
ENSG00000134108,-1.2814229697410477,0.0
ENSG00000134109,-1.2814229697410477,0.0
ENSG00000134146,-1.2814229697410477,0.0
ENSG00000134202,-1.2814229697410477,0.0
ENSG00000134250,-1.2814229697410477,0.0
ENSG00000134265,-1.2814229697410477,0.0
ENSG00000134285,-1.2814229697410477,0.0
ENSG00000134287,-1.2814229697410477,0.0
ENSG00000134291,-1.2814229697410477,0.0
ENSG00000134308,-1.2814229697410477,0.0
ENSG00000134318,-1.2814229697410477,0.0
ENSG00000134326,-1.2814229697410477,0.0
ENSG00000134330,-1.2814229697410477,0.0
ENSG00000134460,-1.2814229697410477,0.0
ENSG00000134490,-1.2814229697410477,0.0
ENSG00000134516,-1.2814229697410477,0.0
ENSG00000134574,-1.2814229697410477,0.0
ENSG00000134590,-1.2814229697410477,0.0
ENSG00000134594,-1.2814229697410477,0.0
ENSG00000134644,-1.2814229697410477,0.0
ENSG00000134802,-1.2814229697410477,0.0
ENSG00000134815,-1.2814229697410477,0.0
ENSG00000134852,-1.2814229697410477,0.0
ENSG00000134884,-1.2814229697410477,0.0
ENSG00000134897,-1.2814229697410477,0.0
ENSG00000134901,-1.2814229697410477,0.0
ENSG00000134910,-1.2814229697410477,0.0
ENSG00000134970,-1.2814229697410477,0.0
ENSG00000134986,-1.2814229697410477,0.0
ENSG00000135018,-1.2814229697410477,0.0
ENSG00000135040,-1.2814229697410477,0.0
ENSG00000135048,-1.2814229697410477,0.0
ENSG00000135049,-1.2814229697410477,0.0
ENSG00000135069,-1.2814229697410477,0.0
ENSG00000135090,-1.2814229697410477,0.0
ENSG00000135108,-1.2814229697410477,0.0
ENSG00000135114,-1.2814229697410477,0.0
ENSG00000135124,-1.2814229697410477,0.0
ENSG00000135127,-1.2814229697410477,0.0
ENSG00000135164,-1.2814229697410477,0.0
ENSG00000135241,-1.2814229697410477,0.0
ENSG00000135245,-1.2814229697410477,0.0
ENSG00000135250,-1.2814229697410477,0.0
ENSG00000135269,-1.2814229697410477,0.0
ENSG00000135297,-1.2814229697410477,0.0
ENSG00000135315,-1.2814229697410477,0.0
ENSG00000135317,-1.2814229697410477,0.0
ENSG00000135318,-1.2814229697410477,0.0
ENSG00000135392,-1.2814229697410477,0.0
ENSG00000135404,-1.2814229697410477,0.0
ENSG00000135441,-1.2814229697410477,0.0
ENSG00000135451,-1.2814229697410477,0.0
ENSG00000135452,-1.2814229697410477,0.0
ENSG00000135469,-1.2814229697410477,0.0
ENSG00000135506,-1.2814229697410477,0.0
ENSG00000135535,-1.2814229697410477,0.0
ENSG00000135541,-1.2814229697410477,0.0
ENSG00000135587,-1.2814229697410477,0.0
ENSG00000135596,-1.2814229697410477,0.0
ENSG00000135604,-1.2814229697410477,0.0
ENSG00000135631,-1.2814229697410477,0.0
ENSG00000135655,-1.2814229697410477,0.0
ENSG00000135686,-1.2814229697410477,0.0
ENSG00000135709,-1.2814229697410477,0.0
ENSG00000135723,-1.2814229697410477,0.0
ENSG00000135736,-1.2814229697410477,0.0
ENSG00000135749,-1.2814229697410477,0.0
ENSG00000135766,-1.2814229697410477,0.0
ENSG00000135828,-1.2814229697410477,0.0
ENSG00000135842,-1.2814229697410477,0.0
ENSG00000135845,-1.2814229697410477,0.0
ENSG00000135870,-1.2814229697410477,0.0
ENSG00000135912,-1.2814229697410477,0.0
ENSG00000135924,-1.2814229697410477,0.0
ENSG00000135930,-1.2814229697410477,0.0
ENSG00000135932,-1.2814229697410477,0.0
ENSG00000135966,-1.2814229697410477,0.0
ENSG00000135968,-1.2814229697410477,0.0
ENSG00000135974,-1.2814229697410477,0.0
ENSG00000135976,-1.2814229697410477,0.0
ENSG00000135999,-1.2814229697410477,0.0
ENSG00000136014,-1.2814229697410477,0.0
ENSG00000136021,-1.2814229697410477,0.0
ENSG00000136026,-1.2814229697410477,0.0
ENSG00000136048,-1.2814229697410477,0.0
ENSG00000136051,-1.2814229697410477,0.0
ENSG00000136068,-1.2814229697410477,0.0
ENSG00000136144,-1.2814229697410477,0.0
ENSG00000136147,-1.2814229697410477,0.0
ENSG00000136159,-1.2814229697410477,0.0
ENSG00000136161,-1.2814229697410477,0.0
ENSG00000136167,-1.2814229697410477,0.0
ENSG00000136213,-1.2814229697410477,0.0
ENSG00000136238,-1.2814229697410477,0.0
ENSG00000136240,-1.2814229697410477,0.0
ENSG00000136243,-1.2814229697410477,0.0
ENSG00000136247,-1.2814229697410477,0.0
ENSG00000136279,-1.2814229697410477,0.0
ENSG00000136286,-1.2814229697410477,0.0
ENSG00000136319,-1.2814229697410477,0.0
ENSG00000136404,-1.2814229697410477,0.0
ENSG00000136451,-1.2814229697410477,0.0
ENSG00000136478,-1.2814229697410477,0.0
ENSG00000136521,-1.2814229697410477,0.0
ENSG00000136560,-1.2814229697410477,0.0
ENSG00000136603,-1.2814229697410477,0.0
ENSG00000136731,-1.2814229697410477,0.0
ENSG00000136732,-1.2814229697410477,0.0
ENSG00000136738,-1.2814229697410477,0.0
ENSG00000136758,-1.2814229697410477,0.0
ENSG00000136770,-1.2814229697410477,0.0
ENSG00000136802,-1.2814229697410477,0.0
ENSG00000136813,-1.2814229697410477,0.0
ENSG00000136816,-1.2814229697410477,0.0
ENSG00000136827,-1.2814229697410477,0.0
ENSG00000136840,-1.2814229697410477,0.0
ENSG00000136854,-1.2814229697410477,0.0
ENSG00000136867,-1.2814229697410477,0.0
ENSG00000136870,-1.2814229697410477,0.0
ENSG00000136874,-1.2814229697410477,0.0
ENSG00000136877,-1.2814229697410477,0.0
ENSG00000136908,-1.2814229697410477,0.0
ENSG00000136933,-1.2814229697410477,0.0
ENSG00000136935,-1.2814229697410477,0.0
ENSG00000136936,-1.2814229697410477,0.0
ENSG00000136940,-1.2814229697410477,0.0
ENSG00000136950,-1.2814229697410477,0.0
ENSG00000136982,-1.2814229697410477,0.0
ENSG00000137040,-1.2814229697410477,0.0
ENSG00000137055,-1.2814229697410477,0.0
ENSG00000137073,-1.2814229697410477,0.0
ENSG00000137106,-1.2814229697410477,0.0
ENSG00000137124,-1.2814229697410477,0.0
ENSG00000137135,-1.2814229697410477,0.0
ENSG00000137145,-1.2814229697410477,0.0
ENSG00000137166,-1.2814229697410477,0.0
ENSG00000137200,-1.2814229697410477,0.0
ENSG00000137207,-1.2814229697410477,0.0
ENSG00000137210,-1.2814229697410477,0.0
ENSG00000137218,-1.2814229697410477,0.0
ENSG00000137274,-1.2814229697410477,0.0
ENSG00000137275,-1.2814229697410477,0.0
ENSG00000137343,-1.2814229697410477,0.0
ENSG00000137404,-1.2814229697410477,0.0
ENSG00000137409,-1.2814229697410477,0.0
ENSG00000137449,-1.2814229697410477,0.0
ENSG00000137478,-1.2814229697410477,0.0
ENSG00000137486,-1.2814229697410477,0.0
ENSG00000137500,-1.2814229697410477,0.0
ENSG00000137501,-1.2814229697410477,0.0
ENSG00000137502,-1.2814229697410477,0.0
ENSG00000137513,-1.2814229697410477,0.0
ENSG00000137522,-1.2814229697410477,0.0
ENSG00000137563,-1.2814229697410477,0.0
ENSG00000137575,-1.2814229697410477,0.0
ENSG00000137601,-1.2814229697410477,0.0
ENSG00000137642,-1.2814229697410477,0.0
ENSG00000137700,-1.2814229697410477,0.0
ENSG00000137713,-1.2814229697410477,0.0
ENSG00000137720,-1.2814229697410477,0.0
ENSG00000137760,-1.2814229697410477,0.0
ENSG00000137767,-1.2814229697410477,0.0
ENSG00000137770,-1.2814229697410477,0.0
ENSG00000137776,-1.2814229697410477,0.0
ENSG00000137802,-1.2814229697410477,0.0
ENSG00000137806,-1.2814229697410477,0.0
ENSG00000137817,-1.2814229697410477,0.0
ENSG00000137824,-1.2814229697410477,0.0
ENSG00000137841,-1.2814229697410477,0.0
ENSG00000137842,-1.2814229697410477,0.0
ENSG00000137871,-1.2814229697410477,0.0
ENSG00000137880,-1.2814229697410477,0.0
ENSG00000137959,-1.2814229697410477,0.0
ENSG00000137965,-1.2814229697410477,0.0
ENSG00000137992,-1.2814229697410477,0.0
ENSG00000138002,-1.2814229697410477,0.0
ENSG00000138018,-1.2814229697410477,0.0
ENSG00000138030,-1.2814229697410477,0.0
ENSG00000138031,-1.2814229697410477,0.0
ENSG00000138036,-1.2814229697410477,0.0
ENSG00000138050,-1.2814229697410477,0.0
ENSG00000138081,-1.2814229697410477,0.0
ENSG00000138111,-1.2814229697410477,0.0
ENSG00000138190,-1.2814229697410477,0.0
ENSG00000138246,-1.2814229697410477,0.0
ENSG00000138386,-1.2814229697410477,0.0
ENSG00000138413,-1.2814229697410477,0.0
ENSG00000138434,-1.2814229697410477,0.0
ENSG00000138448,-1.2814229697410477,0.0
ENSG00000138468,-1.2814229697410477,0.0
ENSG00000138495,-1.2814229697410477,0.0
ENSG00000138593,-1.2814229697410477,0.0
ENSG00000138600,-1.2814229697410477,0.0
ENSG00000138604,-1.2814229697410477,0.0
ENSG00000138629,-1.2814229697410477,0.0
ENSG00000138641,-1.2814229697410477,0.0
ENSG00000138642,-1.2814229697410477,0.0
ENSG00000138646,-1.2814229697410477,0.0
ENSG00000138668,-1.2814229697410477,0.0
ENSG00000138674,-1.2814229697410477,0.0
ENSG00000138678,-1.2814229697410477,0.0
ENSG00000138686,-1.2814229697410477,0.0
ENSG00000138688,-1.2814229697410477,0.0
ENSG00000138698,-1.2814229697410477,0.0
ENSG00000138709,-1.2814229697410477,0.0
ENSG00000138756,-1.2814229697410477,0.0
ENSG00000138757,-1.2814229697410477,0.0
ENSG00000138758,-1.2814229697410477,0.0
ENSG00000138760,-1.2814229697410477,0.0
ENSG00000138767,-1.2814229697410477,0.0
ENSG00000138794,-1.2814229697410477,0.0
ENSG00000138796,-1.2814229697410477,0.0
ENSG00000138801,-1.2814229697410477,0.0
ENSG00000273559,-1.2814229697410477,0.0
ENSG00000004866,-1.2814229697410477,0.0
ENSG00000138821,-1.2814229697410477,0.0
ENSG00000138834,-1.2814229697410477,0.0
ENSG00000138942,-1.2814229697410477,0.0
ENSG00000138964,-1.2814229697410477,0.0
ENSG00000139116,-1.2814229697410477,0.0
ENSG00000139131,-1.2814229697410477,0.0
ENSG00000139146,-1.2814229697410477,0.0
ENSG00000139154,-1.2814229697410477,0.0
ENSG00000139163,-1.2814229697410477,0.0
ENSG00000139180,-1.2814229697410477,0.0
ENSG00000139182,-1.2814229697410477,0.0
ENSG00000139190,-1.2814229697410477,0.0
ENSG00000139192,-1.2814229697410477,0.0
ENSG00000291237,-1.2814229697410477,0.0
ENSG00000139211,-1.2814229697410477,0.0
ENSG00000139233,-1.2814229697410477,0.0
ENSG00000139278,-1.2814229697410477,0.0
ENSG00000139291,-1.2814229697410477,0.0
ENSG00000139323,-1.2814229697410477,0.0
ENSG00000139370,-1.2814229697410477,0.0
ENSG00000139372,-1.2814229697410477,0.0
ENSG00000139428,-1.2814229697410477,0.0
ENSG00000139433,-1.2814229697410477,0.0
ENSG00000139437,-1.2814229697410477,0.0
ENSG00000001036,-1.2814229697410477,0.0
ENSG00000139597,-1.2814229697410477,0.0
ENSG00000139626,-1.2814229697410477,0.0
ENSG00000139629,-1.2814229697410477,0.0
ENSG00000139636,-1.2814229697410477,0.0
ENSG00000139637,-1.2814229697410477,0.0
ENSG00000001561,-1.2814229697410477,0.0
ENSG00000139651,-1.2814229697410477,0.0
ENSG00000002549,-1.2814229697410477,0.0
ENSG00000002586,-1.2814229697410477,0.0
ENSG00000002834,-1.2814229697410477,0.0
ENSG00000002919,-1.2814229697410477,0.0
ENSG00000139722,-1.2814229697410477,0.0
ENSG00000139725,-1.2814229697410477,0.0
ENSG00000139726,-1.2814229697410477,0.0
ENSG00000139734,-1.2814229697410477,0.0
ENSG00000139842,-1.2814229697410477,0.0
ENSG00000139921,-1.2814229697410477,0.0
ENSG00000139926,-1.2814229697410477,0.0
ENSG00000139990,-1.2814229697410477,0.0
ENSG00000140006,-1.2814229697410477,0.0
ENSG00000140030,-1.2814229697410477,0.0
ENSG00000140153,-1.2814229697410477,0.0
ENSG00000140157,-1.2814229697410477,0.0
ENSG00000003056,-1.2814229697410477,0.0
ENSG00000140264,-1.2814229697410477,0.0
ENSG00000003393,-1.2814229697410477,0.0
ENSG00000140284,-1.2814229697410477,0.0
ENSG00000140299,-1.2814229697410477,0.0
ENSG00000140320,-1.2814229697410477,0.0
ENSG00000140350,-1.2814229697410477,0.0
ENSG00000140365,-1.2814229697410477,0.0
ENSG00000140367,-1.2814229697410477,0.0
ENSG00000140368,-1.2814229697410477,0.0
ENSG00000003400,-1.2814229697410477,0.0
ENSG00000140386,-1.2814229697410477,0.0
ENSG00000140391,-1.2814229697410477,0.0
ENSG00000140396,-1.2814229697410477,0.0
ENSG00000140406,-1.2814229697410477,0.0
ENSG00000140443,-1.2814229697410477,0.0
ENSG00000140451,-1.2814229697410477,0.0
ENSG00000140455,-1.2814229697410477,0.0
ENSG00000003756,-1.2814229697410477,0.0
ENSG00000004468,-1.2814229697410477,0.0
ENSG00000140511,-1.2814229697410477,0.0
ENSG00000140521,-1.2814229697410477,0.0
ENSG00000140526,-1.2814229697410477,0.0
ENSG00000140545,-1.2814229697410477,0.0
ENSG00000140563,-1.2814229697410477,0.0
ENSG00000004487,-1.2814229697410477,0.0
ENSG00000140688,-1.2814229697410477,0.0
ENSG00000005884,-1.2814229697410477,0.0
ENSG00000004975,-1.2814229697410477,0.0
ENSG00000140853,-1.2814229697410477,0.0
ENSG00000140876,-1.2814229697410477,0.0
ENSG00000005022,-1.2814229697410477,0.0
ENSG00000140983,-1.2814229697410477,0.0
ENSG00000005059,-1.2814229697410477,0.0
ENSG00000141034,-1.2814229697410477,0.0
ENSG00000141068,-1.2814229697410477,0.0
ENSG00000141084,-1.2814229697410477,0.0
ENSG00000141098,-1.2814229697410477,0.0
ENSG00000141127,-1.2814229697410477,0.0
ENSG00000141258,-1.2814229697410477,0.0
ENSG00000005156,-1.2814229697410477,0.0
ENSG00000141295,-1.2814229697410477,0.0
ENSG00000141376,-1.2814229697410477,0.0
ENSG00000141380,-1.2814229697410477,0.0
ENSG00000141401,-1.2814229697410477,0.0
ENSG00000005339,-1.2814229697410477,0.0
ENSG00000141452,-1.2814229697410477,0.0
ENSG00000141504,-1.2814229697410477,0.0
ENSG00000005436,-1.2814229697410477,0.0
ENSG00000141551,-1.2814229697410477,0.0
ENSG00000005448,-1.2814229697410477,0.0
ENSG00000005469,-1.2814229697410477,0.0
ENSG00000141569,-1.2814229697410477,0.0
ENSG00000141576,-1.2814229697410477,0.0
ENSG00000141577,-1.2814229697410477,0.0
ENSG00000005483,-1.2814229697410477,0.0
ENSG00000141646,-1.2814229697410477,0.0
ENSG00000141664,-1.2814229697410477,0.0
ENSG00000141682,-1.2814229697410477,0.0
ENSG00000005486,-1.2814229697410477,0.0
ENSG00000141858,-1.2814229697410477,0.0
ENSG00000141873,-1.2814229697410477,0.0
ENSG00000141933,-1.2814229697410477,0.0
ENSG00000141956,-1.2814229697410477,0.0
ENSG00000141965,-1.2814229697410477,0.0
ENSG00000141968,-1.2814229697410477,0.0
ENSG00000141971,-1.2814229697410477,0.0
ENSG00000005700,-1.2814229697410477,0.0
ENSG00000005812,-1.2814229697410477,0.0
ENSG00000142065,-1.2814229697410477,0.0
ENSG00000142082,-1.2814229697410477,0.0
ENSG00000142089,-1.2814229697410477,0.0
ENSG00000142102,-1.2814229697410477,0.0
ENSG00000142166,-1.2814229697410477,0.0
ENSG00000142188,-1.2814229697410477,0.0
ENSG00000142192,-1.2814229697410477,0.0
ENSG00000142197,-1.2814229697410477,0.0
ENSG00000142208,-1.2814229697410477,0.0
ENSG00000142327,-1.2814229697410477,0.0
ENSG00000142347,-1.2814229697410477,0.0
ENSG00000142453,-1.2814229697410477,0.0
ENSG00000142556,-1.2814229697410477,0.0
ENSG00000005844,-1.2814229697410477,0.0
ENSG00000142694,-1.2814229697410477,0.0
ENSG00000142765,-1.2814229697410477,0.0
ENSG00000005882,-1.2814229697410477,0.0
ENSG00000142892,-1.2814229697410477,0.0
ENSG00000004766,-1.2814229697410477,0.0
ENSG00000143033,-1.2814229697410477,0.0
ENSG00000143093,-1.2814229697410477,0.0
ENSG00000143119,-1.2814229697410477,0.0
ENSG00000143149,-1.2814229697410477,0.0
ENSG00000143153,-1.2814229697410477,0.0
ENSG00000143155,-1.2814229697410477,0.0
ENSG00000143157,-1.2814229697410477,0.0
ENSG00000143162,-1.2814229697410477,0.0
ENSG00000143179,-1.2814229697410477,0.0
ENSG00000143183,-1.2814229697410477,0.0
ENSG00000143198,-1.2814229697410477,0.0
ENSG00000143207,-1.2814229697410477,0.0
ENSG00000143222,-1.2814229697410477,0.0
ENSG00000006007,-1.2814229697410477,0.0
ENSG00000143315,-1.2814229697410477,0.0
ENSG00000006125,-1.2814229697410477,0.0
ENSG00000143322,-1.2814229697410477,0.0
ENSG00000143324,-1.2814229697410477,0.0
ENSG00000143337,-1.2814229697410477,0.0
ENSG00000006432,-1.2814229697410477,0.0
ENSG00000143373,-1.2814229697410477,0.0
ENSG00000143376,-1.2814229697410477,0.0
ENSG00000143379,-1.2814229697410477,0.0
ENSG00000143390,-1.2814229697410477,0.0
ENSG00000143398,-1.2814229697410477,0.0
ENSG00000006459,-1.2814229697410477,0.0
ENSG00000143418,-1.2814229697410477,0.0
ENSG00000143420,-1.2814229697410477,0.0
ENSG00000143437,-1.2814229697410477,0.0
ENSG00000143457,-1.2814229697410477,0.0
ENSG00000143479,-1.2814229697410477,0.0
ENSG00000143499,-1.2814229697410477,0.0
ENSG00000143507,-1.2814229697410477,0.0
ENSG00000006530,-1.2814229697410477,0.0
ENSG00000006607,-1.2814229697410477,0.0
ENSG00000143553,-1.2814229697410477,0.0
ENSG00000143570,-1.2814229697410477,0.0
ENSG00000143614,-1.2814229697410477,0.0
ENSG00000143622,-1.2814229697410477,0.0
ENSG00000143641,-1.2814229697410477,0.0
ENSG00000143653,-1.2814229697410477,0.0
ENSG00000143669,-1.2814229697410477,0.0
ENSG00000143761,-1.2814229697410477,0.0
ENSG00000006757,-1.2814229697410477,0.0
ENSG00000007080,-1.2814229697410477,0.0
ENSG00000143851,-1.2814229697410477,0.0
ENSG00000007129,-1.2814229697410477,0.0
ENSG00000143870,-1.2814229697410477,0.0
ENSG00000143889,-1.2814229697410477,0.0
ENSG00000143891,-1.2814229697410477,0.0
ENSG00000143924,-1.2814229697410477,0.0
ENSG00000007312,-1.2814229697410477,0.0
ENSG00000143942,-1.2814229697410477,0.0
ENSG00000143971,-1.2814229697410477,0.0
ENSG00000144021,-1.2814229697410477,0.0
ENSG00000144036,-1.2814229697410477,0.0
ENSG00000144040,-1.2814229697410477,0.0
ENSG00000144043,-1.2814229697410477,0.0
ENSG00000144048,-1.2814229697410477,0.0
ENSG00000007541,-1.2814229697410477,0.0
ENSG00000144136,-1.2814229697410477,0.0
ENSG00000144199,-1.2814229697410477,0.0
ENSG00000144283,-1.2814229697410477,0.0
ENSG00000007944,-1.2814229697410477,0.0
ENSG00000144354,-1.2814229697410477,0.0
ENSG00000144395,-1.2814229697410477,0.0
ENSG00000144451,-1.2814229697410477,0.0
ENSG00000144455,-1.2814229697410477,0.0
ENSG00000144468,-1.2814229697410477,0.0
ENSG00000144504,-1.2814229697410477,0.0
ENSG00000144524,-1.2814229697410477,0.0
ENSG00000144535,-1.2814229697410477,0.0
ENSG00000144554,-1.2814229697410477,0.0
ENSG00000144560,-1.2814229697410477,0.0
ENSG00000144566,-1.2814229697410477,0.0
ENSG00000144579,-1.2814229697410477,0.0
ENSG00000008282,-1.2814229697410477,0.0
ENSG00000144591,-1.2814229697410477,0.0
ENSG00000144597,-1.2814229697410477,0.0
ENSG00000008294,-1.2814229697410477,0.0
ENSG00000144647,-1.2814229697410477,0.0
ENSG00000144655,-1.2814229697410477,0.0
ENSG00000144746,-1.2814229697410477,0.0
ENSG00000008324,-1.2814229697410477,0.0
ENSG00000008405,-1.2814229697410477,0.0
ENSG00000144802,-1.2814229697410477,0.0
ENSG00000144815,-1.2814229697410477,0.0
ENSG00000144827,-1.2814229697410477,0.0
ENSG00000144843,-1.2814229697410477,0.0
ENSG00000144909,-1.2814229697410477,0.0
ENSG00000144959,-1.2814229697410477,0.0
ENSG00000145022,-1.2814229697410477,0.0
ENSG00000145050,-1.2814229697410477,0.0
ENSG00000145214,-1.2814229697410477,0.0
ENSG00000145287,-1.2814229697410477,0.0
ENSG00000145293,-1.2814229697410477,0.0
ENSG00000145331,-1.2814229697410477,0.0
ENSG00000145332,-1.2814229697410477,0.0
ENSG00000145349,-1.2814229697410477,0.0
ENSG00000145354,-1.2814229697410477,0.0
ENSG00000145390,-1.2814229697410477,0.0
ENSG00000145439,-1.2814229697410477,0.0
ENSG00000008710,-1.2814229697410477,0.0
ENSG00000145569,-1.2814229697410477,0.0
ENSG00000008952,-1.2814229697410477,0.0
ENSG00000145687,-1.2814229697410477,0.0
ENSG00000009307,-1.2814229697410477,0.0
ENSG00000145740,-1.2814229697410477,0.0
ENSG00000145743,-1.2814229697410477,0.0
ENSG00000009335,-1.2814229697410477,0.0
ENSG00000145781,-1.2814229697410477,0.0
ENSG00000009954,-1.2814229697410477,0.0
ENSG00000145860,-1.2814229697410477,0.0
ENSG00000145868,-1.2814229697410477,0.0
ENSG00000145882,-1.2814229697410477,0.0
ENSG00000145901,-1.2814229697410477,0.0
ENSG00000145911,-1.2814229697410477,0.0
ENSG00000145916,-1.2814229697410477,0.0
ENSG00000145919,-1.2814229697410477,0.0
ENSG00000145945,-1.2814229697410477,0.0
ENSG00000145979,-1.2814229697410477,0.0
ENSG00000146063,-1.2814229697410477,0.0
ENSG00000010165,-1.2814229697410477,0.0
ENSG00000010219,-1.2814229697410477,0.0
ENSG00000146083,-1.2814229697410477,0.0
ENSG00000146247,-1.2814229697410477,0.0
ENSG00000146278,-1.2814229697410477,0.0
ENSG00000146281,-1.2814229697410477,0.0
ENSG00000146376,-1.2814229697410477,0.0
ENSG00000010361,-1.2814229697410477,0.0
ENSG00000146409,-1.2814229697410477,0.0
ENSG00000146414,-1.2814229697410477,0.0
ENSG00000146416,-1.2814229697410477,0.0
ENSG00000146425,-1.2814229697410477,0.0
ENSG00000146587,-1.2814229697410477,0.0
ENSG00000146676,-1.2814229697410477,0.0
ENSG00000146729,-1.2814229697410477,0.0
ENSG00000146757,-1.2814229697410477,0.0
ENSG00000146802,-1.2814229697410477,0.0
ENSG00000146834,-1.2814229697410477,0.0
ENSG00000146842,-1.2814229697410477,0.0
ENSG00000146858,-1.2814229697410477,0.0
ENSG00000146859,-1.2814229697410477,0.0
ENSG00000146918,-1.2814229697410477,0.0
ENSG00000147010,-1.2814229697410477,0.0
ENSG00000147050,-1.2814229697410477,0.0
ENSG00000147065,-1.2814229697410477,0.0
ENSG00000147099,-1.2814229697410477,0.0
ENSG00000147118,-1.2814229697410477,0.0
ENSG00000147121,-1.2814229697410477,0.0
ENSG00000147124,-1.2814229697410477,0.0
ENSG00000147130,-1.2814229697410477,0.0
ENSG00000147140,-1.2814229697410477,0.0
ENSG00000147155,-1.2814229697410477,0.0
ENSG00000010539,-1.2814229697410477,0.0
ENSG00000147202,-1.2814229697410477,0.0
ENSG00000011007,-1.2814229697410477,0.0
ENSG00000147231,-1.2814229697410477,0.0
ENSG00000147251,-1.2814229697410477,0.0
ENSG00000147316,-1.2814229697410477,0.0
ENSG00000147364,-1.2814229697410477,0.0
ENSG00000147439,-1.2814229697410477,0.0
ENSG00000147443,-1.2814229697410477,0.0
ENSG00000147454,-1.2814229697410477,0.0
ENSG00000011143,-1.2814229697410477,0.0
ENSG00000147533,-1.2814229697410477,0.0
ENSG00000147535,-1.2814229697410477,0.0
ENSG00000147592,-1.2814229697410477,0.0
ENSG00000147601,-1.2814229697410477,0.0
ENSG00000147649,-1.2814229697410477,0.0
ENSG00000147813,-1.2814229697410477,0.0
ENSG00000147853,-1.2814229697410477,0.0
ENSG00000147889,-1.2814229697410477,0.0
ENSG00000147894,-1.2814229697410477,0.0
ENSG00000147905,-1.2814229697410477,0.0
ENSG00000011198,-1.2814229697410477,0.0
ENSG00000148019,-1.2814229697410477,0.0
ENSG00000148057,-1.2814229697410477,0.0
ENSG00000148090,-1.2814229697410477,0.0
ENSG00000148154,-1.2814229697410477,0.0
ENSG00000148158,-1.2814229697410477,0.0
ENSG00000148175,-1.2814229697410477,0.0
ENSG00000148229,-1.2814229697410477,0.0
ENSG00000148334,-1.2814229697410477,0.0
ENSG00000148335,-1.2814229697410477,0.0
ENSG00000148337,-1.2814229697410477,0.0
ENSG00000148343,-1.2814229697410477,0.0
ENSG00000148384,-1.2814229697410477,0.0
ENSG00000148396,-1.2814229697410477,0.0
ENSG00000148400,-1.2814229697410477,0.0
ENSG00000148459,-1.2814229697410477,0.0
ENSG00000011243,-1.2814229697410477,0.0
ENSG00000011275,-1.2814229697410477,0.0
ENSG00000148516,-1.2814229697410477,0.0
ENSG00000148572,-1.2814229697410477,0.0
ENSG00000148660,-1.2814229697410477,0.0
ENSG00000148690,-1.2814229697410477,0.0
ENSG00000148719,-1.2814229697410477,0.0
ENSG00000011422,-1.2814229697410477,0.0
ENSG00000148803,-1.2814229697410477,0.0
ENSG00000148824,-1.2814229697410477,0.0
ENSG00000148834,-1.2814229697410477,0.0
ENSG00000148840,-1.2814229697410477,0.0
ENSG00000148841,-1.2814229697410477,0.0
ENSG00000148842,-1.2814229697410477,0.0
ENSG00000148908,-1.2814229697410477,0.0
ENSG00000148925,-1.2814229697410477,0.0
ENSG00000148943,-1.2814229697410477,0.0
ENSG00000011451,-1.2814229697410477,0.0
ENSG00000149179,-1.2814229697410477,0.0
ENSG00000011454,-1.2814229697410477,0.0
ENSG00000149196,-1.2814229697410477,0.0
ENSG00000149212,-1.2814229697410477,0.0
ENSG00000149218,-1.2814229697410477,0.0
ENSG00000149257,-1.2814229697410477,0.0
ENSG00000149311,-1.2814229697410477,0.0
ENSG00000149541,-1.2814229697410477,0.0
ENSG00000149548,-1.2814229697410477,0.0
ENSG00000149582,-1.2814229697410477,0.0
ENSG00000149600,-1.2814229697410477,0.0
ENSG00000149657,-1.2814229697410477,0.0
ENSG00000149658,-1.2814229697410477,0.0
ENSG00000149679,-1.2814229697410477,0.0
ENSG00000149781,-1.2814229697410477,0.0
ENSG00000149782,-1.2814229697410477,0.0
ENSG00000149809,-1.2814229697410477,0.0
ENSG00000011523,-1.2814229697410477,0.0
ENSG00000149970,-1.2814229697410477,0.0
ENSG00000150433,-1.2814229697410477,0.0
ENSG00000150455,-1.2814229697410477,0.0
ENSG00000150456,-1.2814229697410477,0.0
ENSG00000150527,-1.2814229697410477,0.0
ENSG00000150593,-1.2814229697410477,0.0
ENSG00000011566,-1.2814229697410477,0.0
ENSG00000150768,-1.2814229697410477,0.0
ENSG00000150787,-1.2814229697410477,0.0
ENSG00000150907,-1.2814229697410477,0.0
ENSG00000150961,-1.2814229697410477,0.0
ENSG00000012061,-1.2814229697410477,0.0
ENSG00000012211,-1.2814229697410477,0.0
ENSG00000151065,-1.2814229697410477,0.0
ENSG00000151116,-1.2814229697410477,0.0
ENSG00000151135,-1.2814229697410477,0.0
ENSG00000151136,-1.2814229697410477,0.0
ENSG00000151176,-1.2814229697410477,0.0
ENSG00000012660,-1.2814229697410477,0.0
ENSG00000151239,-1.2814229697410477,0.0
ENSG00000151287,-1.2814229697410477,0.0
ENSG00000151332,-1.2814229697410477,0.0
ENSG00000151348,-1.2814229697410477,0.0
ENSG00000151353,-1.2814229697410477,0.0
ENSG00000151413,-1.2814229697410477,0.0
ENSG00000151414,-1.2814229697410477,0.0
ENSG00000151422,-1.2814229697410477,0.0
ENSG00000151553,-1.2814229697410477,0.0
ENSG00000151576,-1.2814229697410477,0.0
ENSG00000151611,-1.2814229697410477,0.0
ENSG00000151612,-1.2814229697410477,0.0
ENSG00000151651,-1.2814229697410477,0.0
ENSG00000151692,-1.2814229697410477,0.0
ENSG00000151694,-1.2814229697410477,0.0
ENSG00000151702,-1.2814229697410477,0.0
ENSG00000151729,-1.2814229697410477,0.0
ENSG00000151743,-1.2814229697410477,0.0
ENSG00000151746,-1.2814229697410477,0.0
ENSG00000151748,-1.2814229697410477,0.0
ENSG00000151806,-1.2814229697410477,0.0
ENSG00000151876,-1.2814229697410477,0.0
ENSG00000151881,-1.2814229697410477,0.0
ENSG00000151882,-1.2814229697410477,0.0
ENSG00000151883,-1.2814229697410477,0.0
ENSG00000151893,-1.2814229697410477,0.0
ENSG00000151923,-1.2814229697410477,0.0
ENSG00000151929,-1.2814229697410477,0.0
ENSG00000152056,-1.2814229697410477,0.0
ENSG00000012817,-1.2814229697410477,0.0
ENSG00000152102,-1.2814229697410477,0.0
ENSG00000152127,-1.2814229697410477,0.0
ENSG00000152193,-1.2814229697410477,0.0
ENSG00000152219,-1.2814229697410477,0.0
ENSG00000152223,-1.2814229697410477,0.0
ENSG00000152234,-1.2814229697410477,0.0
ENSG00000152242,-1.2814229697410477,0.0
ENSG00000152291,-1.2814229697410477,0.0
ENSG00000152332,-1.2814229697410477,0.0
ENSG00000152359,-1.2814229697410477,0.0
ENSG00000152382,-1.2814229697410477,0.0
ENSG00000152409,-1.2814229697410477,0.0
ENSG00000152454,-1.2814229697410477,0.0
ENSG00000152455,-1.2814229697410477,0.0
ENSG00000152457,-1.2814229697410477,0.0
ENSG00000012983,-1.2814229697410477,0.0
ENSG00000152495,-1.2814229697410477,0.0
ENSG00000152520,-1.2814229697410477,0.0
ENSG00000152556,-1.2814229697410477,0.0
ENSG00000152558,-1.2814229697410477,0.0
ENSG00000152683,-1.2814229697410477,0.0
ENSG00000152689,-1.2814229697410477,0.0
ENSG00000013288,-1.2814229697410477,0.0
ENSG00000152749,-1.2814229697410477,0.0
ENSG00000152782,-1.2814229697410477,0.0
ENSG00000153048,-1.2814229697410477,0.0
ENSG00000153066,-1.2814229697410477,0.0
ENSG00000153130,-1.2814229697410477,0.0
ENSG00000013364,-1.2814229697410477,0.0
ENSG00000153214,-1.2814229697410477,0.0
ENSG00000153283,-1.2814229697410477,0.0
ENSG00000013523,-1.2814229697410477,0.0
ENSG00000153391,-1.2814229697410477,0.0
ENSG00000013561,-1.2814229697410477,0.0
ENSG00000153485,-1.2814229697410477,0.0
ENSG00000153551,-1.2814229697410477,0.0
ENSG00000153561,-1.2814229697410477,0.0
ENSG00000153933,-1.2814229697410477,0.0
ENSG00000153944,-1.2814229697410477,0.0
ENSG00000153975,-1.2814229697410477,0.0
ENSG00000013583,-1.2814229697410477,0.0
ENSG00000154016,-1.2814229697410477,0.0
ENSG00000013619,-1.2814229697410477,0.0
ENSG00000154079,-1.2814229697410477,0.0
ENSG00000154114,-1.2814229697410477,0.0
ENSG00000154122,-1.2814229697410477,0.0
ENSG00000013725,-1.2814229697410477,0.0
ENSG00000154127,-1.2814229697410477,0.0
ENSG00000154144,-1.2814229697410477,0.0
ENSG00000154165,-1.2814229697410477,0.0
ENSG00000154217,-1.2814229697410477,0.0
ENSG00000154222,-1.2814229697410477,0.0
ENSG00000154265,-1.2814229697410477,0.0
ENSG00000154310,-1.2814229697410477,0.0
ENSG00000014824,-1.2814229697410477,0.0
ENSG00000154451,-1.2814229697410477,0.0
ENSG00000154511,-1.2814229697410477,0.0
ENSG00000154518,-1.2814229697410477,0.0
ENSG00000154582,-1.2814229697410477,0.0
ENSG00000154589,-1.2814229697410477,0.0
ENSG00000154640,-1.2814229697410477,0.0
ENSG00000014919,-1.2814229697410477,0.0
ENSG00000154710,-1.2814229697410477,0.0
ENSG00000154803,-1.2814229697410477,0.0
ENSG00000154813,-1.2814229697410477,0.0
ENSG00000154822,-1.2814229697410477,0.0
ENSG00000154839,-1.2814229697410477,0.0
ENSG00000015153,-1.2814229697410477,0.0
ENSG00000015171,-1.2814229697410477,0.0
ENSG00000154930,-1.2814229697410477,0.0
ENSG00000154945,-1.2814229697410477,0.0
ENSG00000154957,-1.2814229697410477,0.0
ENSG00000015285,-1.2814229697410477,0.0
ENSG00000155008,-1.2814229697410477,0.0
ENSG00000155090,-1.2814229697410477,0.0
ENSG00000155096,-1.2814229697410477,0.0
ENSG00000155111,-1.2814229697410477,0.0
ENSG00000155158,-1.2814229697410477,0.0
ENSG00000015532,-1.2814229697410477,0.0
ENSG00000155256,-1.2814229697410477,0.0
ENSG00000155287,-1.2814229697410477,0.0
ENSG00000017483,-1.2814229697410477,0.0
ENSG00000017797,-1.2814229697410477,0.0
ENSG00000155324,-1.2814229697410477,0.0
ENSG00000155329,-1.2814229697410477,0.0
ENSG00000155330,-1.2814229697410477,0.0
ENSG00000155363,-1.2814229697410477,0.0
ENSG00000018610,-1.2814229697410477,0.0
ENSG00000155463,-1.2814229697410477,0.0
ENSG00000020256,-1.2814229697410477,0.0
ENSG00000155545,-1.2814229697410477,0.0
ENSG00000155636,-1.2814229697410477,0.0
ENSG00000155660,-1.2814229697410477,0.0
ENSG00000155755,-1.2814229697410477,0.0
ENSG00000155850,-1.2814229697410477,0.0
ENSG00000155893,-1.2814229697410477,0.0
ENSG00000155903,-1.2814229697410477,0.0
ENSG00000155959,-1.2814229697410477,0.0
ENSG00000155961,-1.2814229697410477,0.0
ENSG00000156017,-1.2814229697410477,0.0
ENSG00000021574,-1.2814229697410477,0.0
ENSG00000156162,-1.2814229697410477,0.0
ENSG00000156170,-1.2814229697410477,0.0
ENSG00000156232,-1.2814229697410477,0.0
ENSG00000156253,-1.2814229697410477,0.0
ENSG00000156256,-1.2814229697410477,0.0
ENSG00000156304,-1.2814229697410477,0.0
ENSG00000156313,-1.2814229697410477,0.0
ENSG00000156374,-1.2814229697410477,0.0
ENSG00000156500,-1.2814229697410477,0.0
ENSG00000156509,-1.2814229697410477,0.0
ENSG00000156515,-1.2814229697410477,0.0
ENSG00000156521,-1.2814229697410477,0.0
ENSG00000156535,-1.2814229697410477,0.0
ENSG00000022556,-1.2814229697410477,0.0
ENSG00000022976,-1.2814229697410477,0.0
ENSG00000156642,-1.2814229697410477,0.0
ENSG00000156650,-1.2814229697410477,0.0
ENSG00000156671,-1.2814229697410477,0.0
ENSG00000156675,-1.2814229697410477,0.0
ENSG00000023287,-1.2814229697410477,0.0
ENSG00000156787,-1.2814229697410477,0.0
ENSG00000023445,-1.2814229697410477,0.0
ENSG00000023572,-1.2814229697410477,0.0
ENSG00000156853,-1.2814229697410477,0.0
ENSG00000023892,-1.2814229697410477,0.0
ENSG00000156860,-1.2814229697410477,0.0
ENSG00000156873,-1.2814229697410477,0.0
ENSG00000156875,-1.2814229697410477,0.0
ENSG00000156931,-1.2814229697410477,0.0
ENSG00000156983,-1.2814229697410477,0.0
ENSG00000156990,-1.2814229697410477,0.0
ENSG00000157014,-1.2814229697410477,0.0
ENSG00000023909,-1.2814229697410477,0.0
ENSG00000157184,-1.2814229697410477,0.0
ENSG00000157191,-1.2814229697410477,0.0
ENSG00000157212,-1.2814229697410477,0.0
ENSG00000157216,-1.2814229697410477,0.0
ENSG00000024526,-1.2814229697410477,0.0
ENSG00000157350,-1.2814229697410477,0.0
ENSG00000157353,-1.2814229697410477,0.0
ENSG00000157426,-1.2814229697410477,0.0
ENSG00000157456,-1.2814229697410477,0.0
ENSG00000157483,-1.2814229697410477,0.0
ENSG00000157538,-1.2814229697410477,0.0
ENSG00000157557,-1.2814229697410477,0.0
ENSG00000157593,-1.2814229697410477,0.0
ENSG00000157601,-1.2814229697410477,0.0
ENSG00000157625,-1.2814229697410477,0.0
ENSG00000157637,-1.2814229697410477,0.0
ENSG00000157693,-1.2814229697410477,0.0
ENSG00000157741,-1.2814229697410477,0.0
ENSG00000157764,-1.2814229697410477,0.0
ENSG00000025156,-1.2814229697410477,0.0
ENSG00000157837,-1.2814229697410477,0.0
ENSG00000157869,-1.2814229697410477,0.0
ENSG00000157870,-1.2814229697410477,0.0
ENSG00000157873,-1.2814229697410477,0.0
ENSG00000157895,-1.2814229697410477,0.0
ENSG00000157911,-1.2814229697410477,0.0
ENSG00000157954,-1.2814229697410477,0.0
ENSG00000158050,-1.2814229697410477,0.0
ENSG00000158062,-1.2814229697410477,0.0
ENSG00000158092,-1.2814229697410477,0.0
ENSG00000158109,-1.2814229697410477,0.0
ENSG00000158122,-1.2814229697410477,0.0
ENSG00000158156,-1.2814229697410477,0.0
ENSG00000158158,-1.2814229697410477,0.0
ENSG00000025293,-1.2814229697410477,0.0
ENSG00000158169,-1.2814229697410477,0.0
ENSG00000158195,-1.2814229697410477,0.0
ENSG00000158201,-1.2814229697410477,0.0
ENSG00000158234,-1.2814229697410477,0.0
ENSG00000158402,-1.2814229697410477,0.0
ENSG00000158411,-1.2814229697410477,0.0
ENSG00000158470,-1.2814229697410477,0.0
ENSG00000158480,-1.2814229697410477,0.0
ENSG00000158604,-1.2814229697410477,0.0
ENSG00000158623,-1.2814229697410477,0.0
ENSG00000025796,-1.2814229697410477,0.0
ENSG00000158691,-1.2814229697410477,0.0
ENSG00000158711,-1.2814229697410477,0.0
ENSG00000158716,-1.2814229697410477,0.0
ENSG00000158747,-1.2814229697410477,0.0
ENSG00000158773,-1.2814229697410477,0.0
ENSG00000158796,-1.2814229697410477,0.0
ENSG00000158828,-1.2814229697410477,0.0
ENSG00000026025,-1.2814229697410477,0.0
ENSG00000158863,-1.2814229697410477,0.0
ENSG00000158864,-1.2814229697410477,0.0
ENSG00000158882,-1.2814229697410477,0.0
ENSG00000158985,-1.2814229697410477,0.0
ENSG00000159063,-1.2814229697410477,0.0
ENSG00000159082,-1.2814229697410477,0.0
ENSG00000159110,-1.2814229697410477,0.0
ENSG00000026751,-1.2814229697410477,0.0
ENSG00000159199,-1.2814229697410477,0.0
ENSG00000027001,-1.2814229697410477,0.0
ENSG00000027075,-1.2814229697410477,0.0
ENSG00000027697,-1.2814229697410477,0.0
ENSG00000159256,-1.2814229697410477,0.0
ENSG00000159267,-1.2814229697410477,0.0
ENSG00000159335,-1.2814229697410477,0.0
ENSG00000159346,-1.2814229697410477,0.0
ENSG00000159348,-1.2814229697410477,0.0
ENSG00000159363,-1.2814229697410477,0.0
ENSG00000159388,-1.2814229697410477,0.0
ENSG00000159399,-1.2814229697410477,0.0
ENSG00000159445,-1.2814229697410477,0.0
ENSG00000159461,-1.2814229697410477,0.0
ENSG00000159792,-1.2814229697410477,0.0
ENSG00000027847,-1.2814229697410477,0.0
ENSG00000159917,-1.2814229697410477,0.0
ENSG00000159921,-1.2814229697410477,0.0
ENSG00000028277,-1.2814229697410477,0.0
ENSG00000028839,-1.2814229697410477,0.0
ENSG00000160049,-1.2814229697410477,0.0
ENSG00000160051,-1.2814229697410477,0.0
ENSG00000160058,-1.2814229697410477,0.0
ENSG00000160087,-1.2814229697410477,0.0
ENSG00000160094,-1.2814229697410477,0.0
ENSG00000160185,-1.2814229697410477,0.0
ENSG00000029363,-1.2814229697410477,0.0
ENSG00000160199,-1.2814229697410477,0.0
ENSG00000160208,-1.2814229697410477,0.0
ENSG00000029639,-1.2814229697410477,0.0
ENSG00000160211,-1.2814229697410477,0.0
ENSG00000160213,-1.2814229697410477,0.0
ENSG00000160219,-1.2814229697410477,0.0
ENSG00000160255,-1.2814229697410477,0.0
ENSG00000160305,-1.2814229697410477,0.0
ENSG00000029725,-1.2814229697410477,0.0
ENSG00000160352,-1.2814229697410477,0.0
ENSG00000160410,-1.2814229697410477,0.0
ENSG00000160445,-1.2814229697410477,0.0
ENSG00000160447,-1.2814229697410477,0.0
ENSG00000029993,-1.2814229697410477,0.0
ENSG00000160570,-1.2814229697410477,0.0
ENSG00000160584,-1.2814229697410477,0.0
ENSG00000032219,-1.2814229697410477,0.0
ENSG00000032742,-1.2814229697410477,0.0
ENSG00000033100,-1.2814229697410477,0.0
ENSG00000160685,-1.2814229697410477,0.0
ENSG00000033170,-1.2814229697410477,0.0
ENSG00000160703,-1.2814229697410477,0.0
ENSG00000160714,-1.2814229697410477,0.0
ENSG00000033327,-1.2814229697410477,0.0
ENSG00000160767,-1.2814229697410477,0.0
ENSG00000033627,-1.2814229697410477,0.0
ENSG00000160789,-1.2814229697410477,0.0
ENSG00000160791,-1.2814229697410477,0.0
ENSG00000160796,-1.2814229697410477,0.0
ENSG00000160818,-1.2814229697410477,0.0
ENSG00000160908,-1.2814229697410477,0.0
ENSG00000033867,-1.2814229697410477,0.0
ENSG00000160991,-1.2814229697410477,0.0
ENSG00000160993,-1.2814229697410477,0.0
ENSG00000161010,-1.2814229697410477,0.0
ENSG00000034152,-1.2814229697410477,0.0
ENSG00000161048,-1.2814229697410477,0.0
ENSG00000161091,-1.2814229697410477,0.0
ENSG00000161179,-1.2814229697410477,0.0
ENSG00000161202,-1.2814229697410477,0.0
ENSG00000161265,-1.2814229697410477,0.0
ENSG00000161267,-1.2814229697410477,0.0
ENSG00000161395,-1.2814229697410477,0.0
ENSG00000161513,-1.2814229697410477,0.0
ENSG00000161542,-1.2814229697410477,0.0
ENSG00000161558,-1.2814229697410477,0.0
ENSG00000161618,-1.2814229697410477,0.0
ENSG00000161638,-1.2814229697410477,0.0
ENSG00000161671,-1.2814229697410477,0.0
ENSG00000161692,-1.2814229697410477,0.0
ENSG00000034533,-1.2814229697410477,0.0
ENSG00000034677,-1.2814229697410477,0.0
ENSG00000161914,-1.2814229697410477,0.0
ENSG00000162063,-1.2814229697410477,0.0
ENSG00000162065,-1.2814229697410477,0.0
ENSG00000162073,-1.2814229697410477,0.0
ENSG00000162076,-1.2814229697410477,0.0
ENSG00000162104,-1.2814229697410477,0.0
ENSG00000162129,-1.2814229697410477,0.0
ENSG00000162139,-1.2814229697410477,0.0
ENSG00000162191,-1.2814229697410477,0.0
ENSG00000162227,-1.2814229697410477,0.0
ENSG00000162241,-1.2814229697410477,0.0
ENSG00000162377,-1.2814229697410477,0.0
ENSG00000162378,-1.2814229697410477,0.0
ENSG00000035403,-1.2814229697410477,0.0
ENSG00000162402,-1.2814229697410477,0.0
ENSG00000162413,-1.2814229697410477,0.0
ENSG00000162419,-1.2814229697410477,0.0
ENSG00000162430,-1.2814229697410477,0.0
ENSG00000162433,-1.2814229697410477,0.0
ENSG00000036054,-1.2814229697410477,0.0
ENSG00000036257,-1.2814229697410477,0.0
ENSG00000162600,-1.2814229697410477,0.0
ENSG00000162601,-1.2814229697410477,0.0
ENSG00000162604,-1.2814229697410477,0.0
ENSG00000037757,-1.2814229697410477,0.0
ENSG00000162613,-1.2814229697410477,0.0
ENSG00000162639,-1.2814229697410477,0.0
ENSG00000038210,-1.2814229697410477,0.0
ENSG00000038358,-1.2814229697410477,0.0
ENSG00000039319,-1.2814229697410477,0.0
ENSG00000162664,-1.2814229697410477,0.0
ENSG00000162688,-1.2814229697410477,0.0
ENSG00000162704,-1.2814229697410477,0.0
ENSG00000162714,-1.2814229697410477,0.0
ENSG00000162729,-1.2814229697410477,0.0
ENSG00000040199,-1.2814229697410477,0.0
ENSG00000162735,-1.2814229697410477,0.0
ENSG00000162769,-1.2814229697410477,0.0
ENSG00000162777,-1.2814229697410477,0.0
ENSG00000162783,-1.2814229697410477,0.0
ENSG00000162836,-1.2814229697410477,0.0
ENSG00000162869,-1.2814229697410477,0.0
ENSG00000162885,-1.2814229697410477,0.0
ENSG00000162889,-1.2814229697410477,0.0
ENSG00000040933,-1.2814229697410477,0.0
ENSG00000162924,-1.2814229697410477,0.0
ENSG00000162976,-1.2814229697410477,0.0
ENSG00000162980,-1.2814229697410477,0.0
ENSG00000163001,-1.2814229697410477,0.0
ENSG00000163002,-1.2814229697410477,0.0
ENSG00000163013,-1.2814229697410477,0.0
ENSG00000163041,-1.2814229697410477,0.0
ENSG00000163050,-1.2814229697410477,0.0
ENSG00000163069,-1.2814229697410477,0.0
ENSG00000041988,-1.2814229697410477,0.0
ENSG00000163125,-1.2814229697410477,0.0
ENSG00000042286,-1.2814229697410477,0.0
ENSG00000163138,-1.2814229697410477,0.0
ENSG00000163156,-1.2814229697410477,0.0
ENSG00000043093,-1.2814229697410477,0.0
ENSG00000163166,-1.2814229697410477,0.0
ENSG00000163170,-1.2814229697410477,0.0
ENSG00000163191,-1.2814229697410477,0.0
ENSG00000163249,-1.2814229697410477,0.0
ENSG00000163281,-1.2814229697410477,0.0
ENSG00000163291,-1.2814229697410477,0.0
ENSG00000163297,-1.2814229697410477,0.0
ENSG00000163322,-1.2814229697410477,0.0
ENSG00000163328,-1.2814229697410477,0.0
ENSG00000163344,-1.2814229697410477,0.0
ENSG00000043514,-1.2814229697410477,0.0
ENSG00000163376,-1.2814229697410477,0.0
ENSG00000163378,-1.2814229697410477,0.0
ENSG00000163382,-1.2814229697410477,0.0
ENSG00000163389,-1.2814229697410477,0.0
ENSG00000047056,-1.2814229697410477,0.0
ENSG00000163462,-1.2814229697410477,0.0
ENSG00000163472,-1.2814229697410477,0.0
ENSG00000163479,-1.2814229697410477,0.0
ENSG00000163513,-1.2814229697410477,0.0
ENSG00000047230,-1.2814229697410477,0.0
ENSG00000163535,-1.2814229697410477,0.0
ENSG00000163539,-1.2814229697410477,0.0
ENSG00000163541,-1.2814229697410477,0.0
ENSG00000163558,-1.2814229697410477,0.0
ENSG00000163565,-1.2814229697410477,0.0
ENSG00000047579,-1.2814229697410477,0.0
ENSG00000163577,-1.2814229697410477,0.0
ENSG00000163600,-1.2814229697410477,0.0
ENSG00000163605,-1.2814229697410477,0.0
ENSG00000163606,-1.2814229697410477,0.0
ENSG00000163607,-1.2814229697410477,0.0
ENSG00000163611,-1.2814229697410477,0.0
ENSG00000163626,-1.2814229697410477,0.0
ENSG00000163659,-1.2814229697410477,0.0
ENSG00000163660,-1.2814229697410477,0.0
ENSG00000163681,-1.2814229697410477,0.0
ENSG00000163686,-1.2814229697410477,0.0
ENSG00000163703,-1.2814229697410477,0.0
ENSG00000047932,-1.2814229697410477,0.0
ENSG00000163728,-1.2814229697410477,0.0
ENSG00000163738,-1.2814229697410477,0.0
ENSG00000048028,-1.2814229697410477,0.0
ENSG00000163755,-1.2814229697410477,0.0
ENSG00000163785,-1.2814229697410477,0.0
ENSG00000163788,-1.2814229697410477,0.0
ENSG00000163795,-1.2814229697410477,0.0
ENSG00000163832,-1.2814229697410477,0.0
ENSG00000163848,-1.2814229697410477,0.0
ENSG00000048392,-1.2814229697410477,0.0
ENSG00000163867,-1.2814229697410477,0.0
ENSG00000048405,-1.2814229697410477,0.0
ENSG00000163900,-1.2814229697410477,0.0
ENSG00000163932,-1.2814229697410477,0.0
ENSG00000163939,-1.2814229697410477,0.0
ENSG00000163946,-1.2814229697410477,0.0
ENSG00000048740,-1.2814229697410477,0.0
ENSG00000163960,-1.2814229697410477,0.0
ENSG00000163961,-1.2814229697410477,0.0
ENSG00000163993,-1.2814229697410477,0.0
ENSG00000164002,-1.2814229697410477,0.0
ENSG00000164011,-1.2814229697410477,0.0
ENSG00000164039,-1.2814229697410477,0.0
ENSG00000049245,-1.2814229697410477,0.0
ENSG00000049768,-1.2814229697410477,0.0
ENSG00000164048,-1.2814229697410477,0.0
ENSG00000164054,-1.2814229697410477,0.0
ENSG00000049769,-1.2814229697410477,0.0
ENSG00000164077,-1.2814229697410477,0.0
ENSG00000164081,-1.2814229697410477,0.0
ENSG00000164087,-1.2814229697410477,0.0
ENSG00000164091,-1.2814229697410477,0.0
ENSG00000049860,-1.2814229697410477,0.0
ENSG00000164104,-1.2814229697410477,0.0
ENSG00000164105,-1.2814229697410477,0.0
ENSG00000050344,-1.2814229697410477,0.0
ENSG00000164114,-1.2814229697410477,0.0
ENSG00000164120,-1.2814229697410477,0.0
ENSG00000164144,-1.2814229697410477,0.0
ENSG00000164168,-1.2814229697410477,0.0
ENSG00000164169,-1.2814229697410477,0.0
ENSG00000164171,-1.2814229697410477,0.0
ENSG00000050405,-1.2814229697410477,0.0
ENSG00000164180,-1.2814229697410477,0.0
ENSG00000164190,-1.2814229697410477,0.0
ENSG00000051009,-1.2814229697410477,0.0
ENSG00000164211,-1.2814229697410477,0.0
ENSG00000164244,-1.2814229697410477,0.0
ENSG00000164252,-1.2814229697410477,0.0
ENSG00000164253,-1.2814229697410477,0.0
ENSG00000051382,-1.2814229697410477,0.0
ENSG00000164300,-1.2814229697410477,0.0
ENSG00000164307,-1.2814229697410477,0.0
ENSG00000164308,-1.2814229697410477,0.0
ENSG00000164323,-1.2814229697410477,0.0
ENSG00000164327,-1.2814229697410477,0.0
ENSG00000164329,-1.2814229697410477,0.0
ENSG00000164332,-1.2814229697410477,0.0
ENSG00000164366,-1.2814229697410477,0.0
ENSG00000164402,-1.2814229697410477,0.0
ENSG00000164414,-1.2814229697410477,0.0
ENSG00000052723,-1.2814229697410477,0.0
ENSG00000164442,-1.2814229697410477,0.0
ENSG00000164463,-1.2814229697410477,0.0
ENSG00000164466,-1.2814229697410477,0.0
ENSG00000164483,-1.2814229697410477,0.0
ENSG00000164484,-1.2814229697410477,0.0
ENSG00000164543,-1.2814229697410477,0.0
ENSG00000052841,-1.2814229697410477,0.0
ENSG00000054118,-1.2814229697410477,0.0
ENSG00000164603,-1.2814229697410477,0.0
ENSG00000164649,-1.2814229697410477,0.0
ENSG00000164674,-1.2814229697410477,0.0
ENSG00000054219,-1.2814229697410477,0.0
ENSG00000054267,-1.2814229697410477,0.0
ENSG00000164715,-1.2814229697410477,0.0
ENSG00000164733,-1.2814229697410477,0.0
ENSG00000164758,-1.2814229697410477,0.0
ENSG00000164823,-1.2814229697410477,0.0
ENSG00000164830,-1.2814229697410477,0.0
ENSG00000164916,-1.2814229697410477,0.0
ENSG00000164924,-1.2814229697410477,0.0
ENSG00000164933,-1.2814229697410477,0.0
ENSG00000164951,-1.2814229697410477,0.0
ENSG00000164967,-1.2814229697410477,0.0
ENSG00000164970,-1.2814229697410477,0.0
ENSG00000164978,-1.2814229697410477,0.0
ENSG00000164983,-1.2814229697410477,0.0
ENSG00000164985,-1.2814229697410477,0.0
ENSG00000165071,-1.2814229697410477,0.0
ENSG00000165156,-1.2814229697410477,0.0
ENSG00000165169,-1.2814229697410477,0.0
ENSG00000165175,-1.2814229697410477,0.0
ENSG00000165219,-1.2814229697410477,0.0
ENSG00000165233,-1.2814229697410477,0.0
ENSG00000165240,-1.2814229697410477,0.0
ENSG00000165264,-1.2814229697410477,0.0
ENSG00000165275,-1.2814229697410477,0.0
ENSG00000165282,-1.2814229697410477,0.0
ENSG00000165288,-1.2814229697410477,0.0
ENSG00000165304,-1.2814229697410477,0.0
ENSG00000165312,-1.2814229697410477,0.0
ENSG00000165322,-1.2814229697410477,0.0
ENSG00000165359,-1.2814229697410477,0.0
ENSG00000165392,-1.2814229697410477,0.0
ENSG00000165406,-1.2814229697410477,0.0
ENSG00000165410,-1.2814229697410477,0.0
ENSG00000165417,-1.2814229697410477,0.0
ENSG00000165475,-1.2814229697410477,0.0
ENSG00000165487,-1.2814229697410477,0.0
ENSG00000054523,-1.2814229697410477,0.0
ENSG00000054611,-1.2814229697410477,0.0
ENSG00000165525,-1.2814229697410477,0.0
ENSG00000165527,-1.2814229697410477,0.0
ENSG00000165572,-1.2814229697410477,0.0
ENSG00000165637,-1.2814229697410477,0.0
ENSG00000165650,-1.2814229697410477,0.0
ENSG00000165660,-1.2814229697410477,0.0
ENSG00000165661,-1.2814229697410477,0.0
ENSG00000165671,-1.2814229697410477,0.0
ENSG00000165672,-1.2814229697410477,0.0
ENSG00000165675,-1.2814229697410477,0.0
ENSG00000165678,-1.2814229697410477,0.0
ENSG00000165699,-1.2814229697410477,0.0
ENSG00000054965,-1.2814229697410477,0.0
ENSG00000054967,-1.2814229697410477,0.0
ENSG00000165724,-1.2814229697410477,0.0
ENSG00000165792,-1.2814229697410477,0.0
ENSG00000165802,-1.2814229697410477,0.0
ENSG00000165806,-1.2814229697410477,0.0
ENSG00000165813,-1.2814229697410477,0.0
ENSG00000165832,-1.2814229697410477,0.0
ENSG00000165861,-1.2814229697410477,0.0
ENSG00000165891,-1.2814229697410477,0.0
ENSG00000165929,-1.2814229697410477,0.0
ENSG00000165983,-1.2814229697410477,0.0
ENSG00000166002,-1.2814229697410477,0.0
ENSG00000166024,-1.2814229697410477,0.0
ENSG00000166105,-1.2814229697410477,0.0
ENSG00000166128,-1.2814229697410477,0.0
ENSG00000166164,-1.2814229697410477,0.0
ENSG00000054983,-1.2814229697410477,0.0
ENSG00000166189,-1.2814229697410477,0.0
ENSG00000055070,-1.2814229697410477,0.0
ENSG00000166224,-1.2814229697410477,0.0
ENSG00000166225,-1.2814229697410477,0.0
ENSG00000166228,-1.2814229697410477,0.0
ENSG00000166233,-1.2814229697410477,0.0
ENSG00000166261,-1.2814229697410477,0.0
ENSG00000166272,-1.2814229697410477,0.0
ENSG00000166275,-1.2814229697410477,0.0
ENSG00000166289,-1.2814229697410477,0.0
ENSG00000166311,-1.2814229697410477,0.0
ENSG00000166326,-1.2814229697410477,0.0
ENSG00000166340,-1.2814229697410477,0.0
ENSG00000166347,-1.2814229697410477,0.0
ENSG00000166377,-1.2814229697410477,0.0
ENSG00000166401,-1.2814229697410477,0.0
ENSG00000055163,-1.2814229697410477,0.0
ENSG00000166446,-1.2814229697410477,0.0
ENSG00000166454,-1.2814229697410477,0.0
ENSG00000166471,-1.2814229697410477,0.0
ENSG00000166479,-1.2814229697410477,0.0
ENSG00000166501,-1.2814229697410477,0.0
ENSG00000166503,-1.2814229697410477,0.0
ENSG00000166507,-1.2814229697410477,0.0
ENSG00000166526,-1.2814229697410477,0.0
ENSG00000166529,-1.2814229697410477,0.0
ENSG00000166557,-1.2814229697410477,0.0
ENSG00000055332,-1.2814229697410477,0.0
ENSG00000166575,-1.2814229697410477,0.0
ENSG00000166582,-1.2814229697410477,0.0
ENSG00000055609,-1.2814229697410477,0.0
ENSG00000166619,-1.2814229697410477,0.0
ENSG00000166681,-1.2814229697410477,0.0
ENSG00000166704,-1.2814229697410477,0.0
ENSG00000055732,-1.2814229697410477,0.0
ENSG00000055917,-1.2814229697410477,0.0
ENSG00000166750,-1.2814229697410477,0.0
ENSG00000166788,-1.2814229697410477,0.0
ENSG00000166794,-1.2814229697410477,0.0
ENSG00000166801,-1.2814229697410477,0.0
ENSG00000056050,-1.2814229697410477,0.0
ENSG00000166822,-1.2814229697410477,0.0
ENSG00000166845,-1.2814229697410477,0.0
ENSG00000166848,-1.2814229697410477,0.0
ENSG00000166855,-1.2814229697410477,0.0
ENSG00000166881,-1.2814229697410477,0.0
ENSG00000166887,-1.2814229697410477,0.0
ENSG00000166888,-1.2814229697410477,0.0
ENSG00000166896,-1.2814229697410477,0.0
ENSG00000166913,-1.2814229697410477,0.0
ENSG00000166925,-1.2814229697410477,0.0
ENSG00000166938,-1.2814229697410477,0.0
ENSG00000056277,-1.2814229697410477,0.0
ENSG00000166965,-1.2814229697410477,0.0
ENSG00000056558,-1.2814229697410477,0.0
ENSG00000166974,-1.2814229697410477,0.0
ENSG00000166987,-1.2814229697410477,0.0
ENSG00000167065,-1.2814229697410477,0.0
ENSG00000167081,-1.2814229697410477,0.0
ENSG00000167106,-1.2814229697410477,0.0
ENSG00000167114,-1.2814229697410477,0.0
ENSG00000167118,-1.2814229697410477,0.0
ENSG00000167130,-1.2814229697410477,0.0
ENSG00000167136,-1.2814229697410477,0.0
ENSG00000167173,-1.2814229697410477,0.0
ENSG00000167182,-1.2814229697410477,0.0
ENSG00000056586,-1.2814229697410477,0.0
ENSG00000056972,-1.2814229697410477,0.0
ENSG00000167208,-1.2814229697410477,0.0
ENSG00000167280,-1.2814229697410477,0.0
ENSG00000167283,-1.2814229697410477,0.0
ENSG00000167315,-1.2814229697410477,0.0
ENSG00000167384,-1.2814229697410477,0.0
ENSG00000167393,-1.2814229697410477,0.0
ENSG00000057608,-1.2814229697410477,0.0
ENSG00000167397,-1.2814229697410477,0.0
ENSG00000167447,-1.2814229697410477,0.0
ENSG00000167460,-1.2814229697410477,0.0
ENSG00000058056,-1.2814229697410477,0.0
ENSG00000167470,-1.2814229697410477,0.0
ENSG00000167487,-1.2814229697410477,0.0
ENSG00000058272,-1.2814229697410477,0.0
ENSG00000167522,-1.2814229697410477,0.0
ENSG00000167536,-1.2814229697410477,0.0
ENSG00000167543,-1.2814229697410477,0.0
ENSG00000167550,-1.2814229697410477,0.0
ENSG00000167552,-1.2814229697410477,0.0
ENSG00000058668,-1.2814229697410477,0.0
ENSG00000167565,-1.2814229697410477,0.0
ENSG00000058799,-1.2814229697410477,0.0
ENSG00000167613,-1.2814229697410477,0.0
ENSG00000167625,-1.2814229697410477,0.0
ENSG00000167632,-1.2814229697410477,0.0
ENSG00000167635,-1.2814229697410477,0.0
ENSG00000059377,-1.2814229697410477,0.0
ENSG00000167657,-1.2814229697410477,0.0
ENSG00000167671,-1.2814229697410477,0.0
ENSG00000167674,-1.2814229697410477,0.0
ENSG00000167685,-1.2814229697410477,0.0
ENSG00000167720,-1.2814229697410477,0.0
ENSG00000167740,-1.2814229697410477,0.0
ENSG00000167770,-1.2814229697410477,0.0
ENSG00000059378,-1.2814229697410477,0.0
ENSG00000167778,-1.2814229697410477,0.0
ENSG00000167785,-1.2814229697410477,0.0
ENSG00000167792,-1.2814229697410477,0.0
ENSG00000059573,-1.2814229697410477,0.0
ENSG00000167840,-1.2814229697410477,0.0
ENSG00000059728,-1.2814229697410477,0.0
ENSG00000167904,-1.2814229697410477,0.0
ENSG00000167925,-1.2814229697410477,0.0
ENSG00000167965,-1.2814229697410477,0.0
ENSG00000059758,-1.2814229697410477,0.0
ENSG00000167985,-1.2814229697410477,0.0
ENSG00000060237,-1.2814229697410477,0.0
ENSG00000060491,-1.2814229697410477,0.0
ENSG00000168038,-1.2814229697410477,0.0
ENSG00000168056,-1.2814229697410477,0.0
ENSG00000168078,-1.2814229697410477,0.0
ENSG00000060642,-1.2814229697410477,0.0
ENSG00000168101,-1.2814229697410477,0.0
ENSG00000168116,-1.2814229697410477,0.0
ENSG00000168118,-1.2814229697410477,0.0
ENSG00000168137,-1.2814229697410477,0.0
ENSG00000168175,-1.2814229697410477,0.0
ENSG00000168209,-1.2814229697410477,0.0
ENSG00000168214,-1.2814229697410477,0.0
ENSG00000168234,-1.2814229697410477,0.0
ENSG00000168237,-1.2814229697410477,0.0
ENSG00000060749,-1.2814229697410477,0.0
ENSG00000168275,-1.2814229697410477,0.0
ENSG00000060762,-1.2814229697410477,0.0
ENSG00000168286,-1.2814229697410477,0.0
ENSG00000168291,-1.2814229697410477,0.0
ENSG00000061337,-1.2814229697410477,0.0
ENSG00000168298,-1.2814229697410477,0.0
ENSG00000062194,-1.2814229697410477,0.0
ENSG00000168301,-1.2814229697410477,0.0
ENSG00000168303,-1.2814229697410477,0.0
ENSG00000168404,-1.2814229697410477,0.0
ENSG00000168439,-1.2814229697410477,0.0
ENSG00000168476,-1.2814229697410477,0.0
ENSG00000168488,-1.2814229697410477,0.0
ENSG00000168564,-1.2814229697410477,0.0
ENSG00000168569,-1.2814229697410477,0.0
ENSG00000168610,-1.2814229697410477,0.0
ENSG00000168653,-1.2814229697410477,0.0
ENSG00000168710,-1.2814229697410477,0.0
ENSG00000168763,-1.2814229697410477,0.0
ENSG00000168769,-1.2814229697410477,0.0
ENSG00000168785,-1.2814229697410477,0.0
ENSG00000168795,-1.2814229697410477,0.0
ENSG00000168807,-1.2814229697410477,0.0
ENSG00000168813,-1.2814229697410477,0.0
ENSG00000168827,-1.2814229697410477,0.0
ENSG00000168872,-1.2814229697410477,0.0
ENSG00000168884,-1.2814229697410477,0.0
ENSG00000062725,-1.2814229697410477,0.0
ENSG00000168918,-1.2814229697410477,0.0
ENSG00000168958,-1.2814229697410477,0.0
ENSG00000169016,-1.2814229697410477,0.0
ENSG00000063046,-1.2814229697410477,0.0
ENSG00000169019,-1.2814229697410477,0.0
ENSG00000169032,-1.2814229697410477,0.0
ENSG00000169062,-1.2814229697410477,0.0
ENSG00000169093,-1.2814229697410477,0.0
ENSG00000169118,-1.2814229697410477,0.0
ENSG00000169131,-1.2814229697410477,0.0
ENSG00000169139,-1.2814229697410477,0.0
ENSG00000169180,-1.2814229697410477,0.0
ENSG00000169188,-1.2814229697410477,0.0
ENSG00000169193,-1.2814229697410477,0.0
ENSG00000169220,-1.2814229697410477,0.0
ENSG00000063169,-1.2814229697410477,0.0
ENSG00000169359,-1.2814229697410477,0.0
ENSG00000169372,-1.2814229697410477,0.0
ENSG00000169375,-1.2814229697410477,0.0
ENSG00000169379,-1.2814229697410477,0.0
ENSG00000169410,-1.2814229697410477,0.0
ENSG00000169442,-1.2814229697410477,0.0
ENSG00000063241,-1.2814229697410477,0.0
ENSG00000169504,-1.2814229697410477,0.0
ENSG00000169508,-1.2814229697410477,0.0
ENSG00000169519,-1.2814229697410477,0.0
ENSG00000063587,-1.2814229697410477,0.0
ENSG00000169599,-1.2814229697410477,0.0
ENSG00000169607,-1.2814229697410477,0.0
ENSG00000169609,-1.2814229697410477,0.0
ENSG00000063660,-1.2814229697410477,0.0
ENSG00000169682,-1.2814229697410477,0.0
ENSG00000169696,-1.2814229697410477,0.0
ENSG00000169714,-1.2814229697410477,0.0
ENSG00000169715,-1.2814229697410477,0.0
ENSG00000064393,-1.2814229697410477,0.0
ENSG00000169738,-1.2814229697410477,0.0
ENSG00000169740,-1.2814229697410477,0.0
ENSG00000169762,-1.2814229697410477,0.0
ENSG00000169764,-1.2814229697410477,0.0
ENSG00000169857,-1.2814229697410477,0.0
ENSG00000169871,-1.2814229697410477,0.0
ENSG00000064490,-1.2814229697410477,0.0
ENSG00000169914,-1.2814229697410477,0.0
ENSG00000064545,-1.2814229697410477,0.0
ENSG00000169925,-1.2814229697410477,0.0
ENSG00000064651,-1.2814229697410477,0.0
ENSG00000169991,-1.2814229697410477,0.0
ENSG00000170006,-1.2814229697410477,0.0
ENSG00000170017,-1.2814229697410477,0.0
ENSG00000064666,-1.2814229697410477,0.0
ENSG00000170035,-1.2814229697410477,0.0
ENSG00000170100,-1.2814229697410477,0.0
ENSG00000170113,-1.2814229697410477,0.0
ENSG00000170142,-1.2814229697410477,0.0
ENSG00000170185,-1.2814229697410477,0.0
ENSG00000170191,-1.2814229697410477,0.0
ENSG00000170234,-1.2814229697410477,0.0
ENSG00000170242,-1.2814229697410477,0.0
ENSG00000064703,-1.2814229697410477,0.0
ENSG00000170260,-1.2814229697410477,0.0
ENSG00000170264,-1.2814229697410477,0.0
ENSG00000170265,-1.2814229697410477,0.0
ENSG00000170275,-1.2814229697410477,0.0
ENSG00000170291,-1.2814229697410477,0.0
ENSG00000170293,-1.2814229697410477,0.0
ENSG00000170310,-1.2814229697410477,0.0
ENSG00000064726,-1.2814229697410477,0.0
ENSG00000170322,-1.2814229697410477,0.0
ENSG00000170340,-1.2814229697410477,0.0
ENSG00000170348,-1.2814229697410477,0.0
ENSG00000170385,-1.2814229697410477,0.0
ENSG00000170430,-1.2814229697410477,0.0
ENSG00000064961,-1.2814229697410477,0.0
ENSG00000170464,-1.2814229697410477,0.0
ENSG00000170468,-1.2814229697410477,0.0
ENSG00000170471,-1.2814229697410477,0.0
ENSG00000170476,-1.2814229697410477,0.0
ENSG00000170502,-1.2814229697410477,0.0
ENSG00000065000,-1.2814229697410477,0.0
ENSG00000170542,-1.2814229697410477,0.0
ENSG00000170571,-1.2814229697410477,0.0
ENSG00000170581,-1.2814229697410477,0.0
ENSG00000170604,-1.2814229697410477,0.0
ENSG00000170606,-1.2814229697410477,0.0
ENSG00000170632,-1.2814229697410477,0.0
ENSG00000170633,-1.2814229697410477,0.0
ENSG00000170634,-1.2814229697410477,0.0
ENSG00000170638,-1.2814229697410477,0.0
ENSG00000170653,-1.2814229697410477,0.0
ENSG00000170684,-1.2814229697410477,0.0
ENSG00000065029,-1.2814229697410477,0.0
ENSG00000170802,-1.2814229697410477,0.0
ENSG00000065060,-1.2814229697410477,0.0
ENSG00000170836,-1.2814229697410477,0.0
ENSG00000170852,-1.2814229697410477,0.0
ENSG00000170876,-1.2814229697410477,0.0
ENSG00000170881,-1.2814229697410477,0.0
ENSG00000065135,-1.2814229697410477,0.0
ENSG00000170946,-1.2814229697410477,0.0
ENSG00000170949,-1.2814229697410477,0.0
ENSG00000170989,-1.2814229697410477,0.0
ENSG00000065154,-1.2814229697410477,0.0
ENSG00000171044,-1.2814229697410477,0.0
ENSG00000171045,-1.2814229697410477,0.0
ENSG00000171055,-1.2814229697410477,0.0
ENSG00000065243,-1.2814229697410477,0.0
ENSG00000171100,-1.2814229697410477,0.0
ENSG00000171103,-1.2814229697410477,0.0
ENSG00000171109,-1.2814229697410477,0.0
ENSG00000171115,-1.2814229697410477,0.0
ENSG00000171135,-1.2814229697410477,0.0
ENSG00000171155,-1.2814229697410477,0.0
ENSG00000065457,-1.2814229697410477,0.0
ENSG00000171161,-1.2814229697410477,0.0
ENSG00000171163,-1.2814229697410477,0.0
ENSG00000065518,-1.2814229697410477,0.0
ENSG00000171204,-1.2814229697410477,0.0
ENSG00000171208,-1.2814229697410477,0.0
ENSG00000171222,-1.2814229697410477,0.0
ENSG00000171223,-1.2814229697410477,0.0
ENSG00000171241,-1.2814229697410477,0.0
ENSG00000171246,-1.2814229697410477,0.0
ENSG00000171262,-1.2814229697410477,0.0
ENSG00000065526,-1.2814229697410477,0.0
ENSG00000171428,-1.2814229697410477,0.0
ENSG00000171448,-1.2814229697410477,0.0
ENSG00000171456,-1.2814229697410477,0.0
ENSG00000171466,-1.2814229697410477,0.0
ENSG00000171467,-1.2814229697410477,0.0
ENSG00000171469,-1.2814229697410477,0.0
ENSG00000065548,-1.2814229697410477,0.0
ENSG00000171488,-1.2814229697410477,0.0
ENSG00000171497,-1.2814229697410477,0.0
ENSG00000171606,-1.2814229697410477,0.0
ENSG00000171608,-1.2814229697410477,0.0
ENSG00000065559,-1.2814229697410477,0.0
ENSG00000171649,-1.2814229697410477,0.0
ENSG00000171681,-1.2814229697410477,0.0
ENSG00000171700,-1.2814229697410477,0.0
ENSG00000171723,-1.2814229697410477,0.0
ENSG00000171735,-1.2814229697410477,0.0
ENSG00000171791,-1.2814229697410477,0.0
ENSG00000171862,-1.2814229697410477,0.0
ENSG00000171865,-1.2814229697410477,0.0
ENSG00000171867,-1.2814229697410477,0.0
ENSG00000171960,-1.2814229697410477,0.0
ENSG00000171984,-1.2814229697410477,0.0
ENSG00000171988,-1.2814229697410477,0.0
ENSG00000172005,-1.2814229697410477,0.0
ENSG00000172007,-1.2814229697410477,0.0
ENSG00000172046,-1.2814229697410477,0.0
ENSG00000172059,-1.2814229697410477,0.0
ENSG00000172071,-1.2814229697410477,0.0
ENSG00000172086,-1.2814229697410477,0.0
ENSG00000172113,-1.2814229697410477,0.0
ENSG00000172171,-1.2814229697410477,0.0
ENSG00000172175,-1.2814229697410477,0.0
ENSG00000172183,-1.2814229697410477,0.0
ENSG00000172197,-1.2814229697410477,0.0
ENSG00000172216,-1.2814229697410477,0.0
ENSG00000172244,-1.2814229697410477,0.0
ENSG00000172292,-1.2814229697410477,0.0
ENSG00000172301,-1.2814229697410477,0.0
ENSG00000172331,-1.2814229697410477,0.0
ENSG00000172345,-1.2814229697410477,0.0
ENSG00000065600,-1.2814229697410477,0.0
ENSG00000172428,-1.2814229697410477,0.0
ENSG00000172465,-1.2814229697410477,0.0
ENSG00000172469,-1.2814229697410477,0.0
ENSG00000172543,-1.2814229697410477,0.0
ENSG00000172575,-1.2814229697410477,0.0
ENSG00000065802,-1.2814229697410477,0.0
ENSG00000065882,-1.2814229697410477,0.0
ENSG00000172663,-1.2814229697410477,0.0
ENSG00000172667,-1.2814229697410477,0.0
ENSG00000172671,-1.2814229697410477,0.0
ENSG00000172673,-1.2814229697410477,0.0
ENSG00000172716,-1.2814229697410477,0.0
ENSG00000172731,-1.2814229697410477,0.0
ENSG00000172765,-1.2814229697410477,0.0
ENSG00000172766,-1.2814229697410477,0.0
ENSG00000172819,-1.2814229697410477,0.0
ENSG00000172824,-1.2814229697410477,0.0
ENSG00000172840,-1.2814229697410477,0.0
ENSG00000172845,-1.2814229697410477,0.0
ENSG00000172869,-1.2814229697410477,0.0
ENSG00000172888,-1.2814229697410477,0.0
ENSG00000172893,-1.2814229697410477,0.0
ENSG00000172939,-1.2814229697410477,0.0
ENSG00000172943,-1.2814229697410477,0.0
ENSG00000172954,-1.2814229697410477,0.0
ENSG00000173020,-1.2814229697410477,0.0
ENSG00000173039,-1.2814229697410477,0.0
ENSG00000173041,-1.2814229697410477,0.0
ENSG00000173065,-1.2814229697410477,0.0
ENSG00000173083,-1.2814229697410477,0.0
ENSG00000065883,-1.2814229697410477,0.0
ENSG00000173120,-1.2814229697410477,0.0
ENSG00000173137,-1.2814229697410477,0.0
ENSG00000173153,-1.2814229697410477,0.0
ENSG00000173163,-1.2814229697410477,0.0
ENSG00000173193,-1.2814229697410477,0.0
ENSG00000173198,-1.2814229697410477,0.0
ENSG00000173200,-1.2814229697410477,0.0
ENSG00000173214,-1.2814229697410477,0.0
ENSG00000173218,-1.2814229697410477,0.0
ENSG00000173221,-1.2814229697410477,0.0
ENSG00000173230,-1.2814229697410477,0.0
ENSG00000065970,-1.2814229697410477,0.0
ENSG00000173276,-1.2814229697410477,0.0
ENSG00000173281,-1.2814229697410477,0.0
ENSG00000173327,-1.2814229697410477,0.0
ENSG00000173349,-1.2814229697410477,0.0
ENSG00000173402,-1.2814229697410477,0.0
ENSG00000173456,-1.2814229697410477,0.0
ENSG00000173545,-1.2814229697410477,0.0
ENSG00000173559,-1.2814229697410477,0.0
ENSG00000173581,-1.2814229697410477,0.0
ENSG00000173588,-1.2814229697410477,0.0
ENSG00000173611,-1.2814229697410477,0.0
ENSG00000173621,-1.2814229697410477,0.0
ENSG00000173638,-1.2814229697410477,0.0
ENSG00000173715,-1.2814229697410477,0.0
ENSG00000173762,-1.2814229697410477,0.0
ENSG00000173812,-1.2814229697410477,0.0
ENSG00000173818,-1.2814229697410477,0.0
ENSG00000066044,-1.2814229697410477,0.0
ENSG00000066084,-1.2814229697410477,0.0
ENSG00000173905,-1.2814229697410477,0.0
ENSG00000173914,-1.2814229697410477,0.0
ENSG00000173917,-1.2814229697410477,0.0
ENSG00000173928,-1.2814229697410477,0.0
ENSG00000173950,-1.2814229697410477,0.0
ENSG00000173960,-1.2814229697410477,0.0
ENSG00000066117,-1.2814229697410477,0.0
ENSG00000066135,-1.2814229697410477,0.0
ENSG00000174106,-1.2814229697410477,0.0
ENSG00000174109,-1.2814229697410477,0.0
ENSG00000174151,-1.2814229697410477,0.0
ENSG00000174165,-1.2814229697410477,0.0
ENSG00000174173,-1.2814229697410477,0.0
ENSG00000174197,-1.2814229697410477,0.0
ENSG00000174227,-1.2814229697410477,0.0
ENSG00000174238,-1.2814229697410477,0.0
ENSG00000174306,-1.2814229697410477,0.0
ENSG00000174327,-1.2814229697410477,0.0
ENSG00000174373,-1.2814229697410477,0.0
ENSG00000174405,-1.2814229697410477,0.0
ENSG00000174456,-1.2814229697410477,0.0
ENSG00000174483,-1.2814229697410477,0.0
ENSG00000174485,-1.2814229697410477,0.0
ENSG00000174574,-1.2814229697410477,0.0
ENSG00000174579,-1.2814229697410477,0.0
ENSG00000174606,-1.2814229697410477,0.0
ENSG00000174652,-1.2814229697410477,0.0
ENSG00000174684,-1.2814229697410477,0.0
ENSG00000174718,-1.2814229697410477,0.0
ENSG00000174749,-1.2814229697410477,0.0
ENSG00000174775,-1.2814229697410477,0.0
ENSG00000174799,-1.2814229697410477,0.0
ENSG00000174840,-1.2814229697410477,0.0
ENSG00000174851,-1.2814229697410477,0.0
ENSG00000174886,-1.2814229697410477,0.0
ENSG00000174891,-1.2814229697410477,0.0
ENSG00000174903,-1.2814229697410477,0.0
ENSG00000066279,-1.2814229697410477,0.0
ENSG00000174946,-1.2814229697410477,0.0
ENSG00000174989,-1.2814229697410477,0.0
ENSG00000174996,-1.2814229697410477,0.0
ENSG00000175048,-1.2814229697410477,0.0
ENSG00000175073,-1.2814229697410477,0.0
ENSG00000175115,-1.2814229697410477,0.0
ENSG00000175130,-1.2814229697410477,0.0
ENSG00000175137,-1.2814229697410477,0.0
ENSG00000175193,-1.2814229697410477,0.0
ENSG00000175198,-1.2814229697410477,0.0
ENSG00000175279,-1.2814229697410477,0.0
ENSG00000175309,-1.2814229697410477,0.0
ENSG00000175322,-1.2814229697410477,0.0
ENSG00000066294,-1.2814229697410477,0.0
ENSG00000066322,-1.2814229697410477,0.0
ENSG00000175354,-1.2814229697410477,0.0
ENSG00000066427,-1.2814229697410477,0.0
ENSG00000175455,-1.2814229697410477,0.0
ENSG00000066651,-1.2814229697410477,0.0
ENSG00000175482,-1.2814229697410477,0.0
ENSG00000175602,-1.2814229697410477,0.0
ENSG00000175756,-1.2814229697410477,0.0
ENSG00000175768,-1.2814229697410477,0.0
ENSG00000175782,-1.2814229697410477,0.0
ENSG00000175806,-1.2814229697410477,0.0
ENSG00000175866,-1.2814229697410477,0.0
ENSG00000175893,-1.2814229697410477,0.0
ENSG00000175895,-1.2814229697410477,0.0
ENSG00000066697,-1.2814229697410477,0.0
ENSG00000175970,-1.2814229697410477,0.0
ENSG00000176018,-1.2814229697410477,0.0
ENSG00000176024,-1.2814229697410477,0.0
ENSG00000176087,-1.2814229697410477,0.0
ENSG00000176101,-1.2814229697410477,0.0
ENSG00000176208,-1.2814229697410477,0.0
ENSG00000066777,-1.2814229697410477,0.0
ENSG00000176273,-1.2814229697410477,0.0
ENSG00000066827,-1.2814229697410477,0.0
ENSG00000176371,-1.2814229697410477,0.0
ENSG00000176390,-1.2814229697410477,0.0
ENSG00000176396,-1.2814229697410477,0.0
ENSG00000066855,-1.2814229697410477,0.0
ENSG00000176422,-1.2814229697410477,0.0
ENSG00000176444,-1.2814229697410477,0.0
ENSG00000176454,-1.2814229697410477,0.0
ENSG00000176463,-1.2814229697410477,0.0
ENSG00000176476,-1.2814229697410477,0.0
ENSG00000176542,-1.2814229697410477,0.0
ENSG00000066933,-1.2814229697410477,0.0
ENSG00000176623,-1.2814229697410477,0.0
ENSG00000067048,-1.2814229697410477,0.0
ENSG00000176715,-1.2814229697410477,0.0
ENSG00000176783,-1.2814229697410477,0.0
ENSG00000176853,-1.2814229697410477,0.0
ENSG00000176871,-1.2814229697410477,0.0
ENSG00000176903,-1.2814229697410477,0.0
ENSG00000176953,-1.2814229697410477,0.0
ENSG00000176974,-1.2814229697410477,0.0
ENSG00000176994,-1.2814229697410477,0.0
ENSG00000067057,-1.2814229697410477,0.0
ENSG00000177051,-1.2814229697410477,0.0
ENSG00000177054,-1.2814229697410477,0.0
ENSG00000177058,-1.2814229697410477,0.0
ENSG00000067167,-1.2814229697410477,0.0
ENSG00000177119,-1.2814229697410477,0.0
ENSG00000067182,-1.2814229697410477,0.0
ENSG00000067191,-1.2814229697410477,0.0
ENSG00000067225,-1.2814229697410477,0.0
ENSG00000177192,-1.2814229697410477,0.0
ENSG00000177225,-1.2814229697410477,0.0
ENSG00000177239,-1.2814229697410477,0.0
ENSG00000177272,-1.2814229697410477,0.0
ENSG00000177311,-1.2814229697410477,0.0
ENSG00000177352,-1.2814229697410477,0.0
ENSG00000177383,-1.2814229697410477,0.0
ENSG00000177409,-1.2814229697410477,0.0
ENSG00000177426,-1.2814229697410477,0.0
ENSG00000177432,-1.2814229697410477,0.0
ENSG00000177463,-1.2814229697410477,0.0
ENSG00000177485,-1.2814229697410477,0.0
ENSG00000177548,-1.2814229697410477,0.0
ENSG00000067365,-1.2814229697410477,0.0
ENSG00000177565,-1.2814229697410477,0.0
ENSG00000177602,-1.2814229697410477,0.0
ENSG00000177606,-1.2814229697410477,0.0
ENSG00000177613,-1.2814229697410477,0.0
ENSG00000177646,-1.2814229697410477,0.0
ENSG00000177663,-1.2814229697410477,0.0
ENSG00000177666,-1.2814229697410477,0.0
ENSG00000177674,-1.2814229697410477,0.0
ENSG00000177683,-1.2814229697410477,0.0
ENSG00000177697,-1.2814229697410477,0.0
ENSG00000177707,-1.2814229697410477,0.0
ENSG00000177728,-1.2814229697410477,0.0
ENSG00000067369,-1.2814229697410477,0.0
ENSG00000177733,-1.2814229697410477,0.0
ENSG00000177830,-1.2814229697410477,0.0
ENSG00000177842,-1.2814229697410477,0.0
ENSG00000177854,-1.2814229697410477,0.0
ENSG00000177873,-1.2814229697410477,0.0
ENSG00000177885,-1.2814229697410477,0.0
ENSG00000177888,-1.2814229697410477,0.0
ENSG00000177917,-1.2814229697410477,0.0
ENSG00000177932,-1.2814229697410477,0.0
ENSG00000177981,-1.2814229697410477,0.0
ENSG00000178057,-1.2814229697410477,0.0
ENSG00000178074,-1.2814229697410477,0.0
ENSG00000178096,-1.2814229697410477,0.0
ENSG00000178127,-1.2814229697410477,0.0
ENSG00000178163,-1.2814229697410477,0.0
ENSG00000178177,-1.2814229697410477,0.0
ENSG00000178188,-1.2814229697410477,0.0
ENSG00000178199,-1.2814229697410477,0.0
ENSG00000178209,-1.2814229697410477,0.0
ENSG00000178229,-1.2814229697410477,0.0
ENSG00000178252,-1.2814229697410477,0.0
ENSG00000067646,-1.2814229697410477,0.0
ENSG00000178338,-1.2814229697410477,0.0
ENSG00000178381,-1.2814229697410477,0.0
ENSG00000178385,-1.2814229697410477,0.0
ENSG00000178425,-1.2814229697410477,0.0
ENSG00000178467,-1.2814229697410477,0.0
ENSG00000178502,-1.2814229697410477,0.0
ENSG00000178537,-1.2814229697410477,0.0
ENSG00000178562,-1.2814229697410477,0.0
ENSG00000178585,-1.2814229697410477,0.0
ENSG00000178695,-1.2814229697410477,0.0
ENSG00000067992,-1.2814229697410477,0.0
ENSG00000178761,-1.2814229697410477,0.0
ENSG00000178927,-1.2814229697410477,0.0
ENSG00000178935,-1.2814229697410477,0.0
ENSG00000178951,-1.2814229697410477,0.0
ENSG00000178966,-1.2814229697410477,0.0
ENSG00000068024,-1.2814229697410477,0.0
ENSG00000068028,-1.2814229697410477,0.0
ENSG00000179051,-1.2814229697410477,0.0
ENSG00000179119,-1.2814229697410477,0.0
ENSG00000179151,-1.2814229697410477,0.0
ENSG00000179152,-1.2814229697410477,0.0
ENSG00000179163,-1.2814229697410477,0.0
ENSG00000179271,-1.2814229697410477,0.0
ENSG00000179295,-1.2814229697410477,0.0
ENSG00000179361,-1.2814229697410477,0.0
ENSG00000179364,-1.2814229697410477,0.0
ENSG00000179387,-1.2814229697410477,0.0
ENSG00000179583,-1.2814229697410477,0.0
ENSG00000179598,-1.2814229697410477,0.0
ENSG00000179750,-1.2814229697410477,0.0
ENSG00000179862,-1.2814229697410477,0.0
ENSG00000179922,-1.2814229697410477,0.0
ENSG00000179941,-1.2814229697410477,0.0
ENSG00000179965,-1.2814229697410477,0.0
ENSG00000068079,-1.2814229697410477,0.0
ENSG00000180304,-1.2814229697410477,0.0
ENSG00000180329,-1.2814229697410477,0.0
ENSG00000180353,-1.2814229697410477,0.0
ENSG00000180370,-1.2814229697410477,0.0
ENSG00000180376,-1.2814229697410477,0.0
ENSG00000180448,-1.2814229697410477,0.0
ENSG00000180488,-1.2814229697410477,0.0
ENSG00000180611,-1.2814229697410477,0.0
ENSG00000180644,-1.2814229697410477,0.0
ENSG00000180667,-1.2814229697410477,0.0
ENSG00000068097,-1.2814229697410477,0.0
ENSG00000180773,-1.2814229697410477,0.0
ENSG00000068308,-1.2814229697410477,0.0
ENSG00000180884,-1.2814229697410477,0.0
ENSG00000180953,-1.2814229697410477,0.0
ENSG00000180964,-1.2814229697410477,0.0
ENSG00000180979,-1.2814229697410477,0.0
ENSG00000181007,-1.2814229697410477,0.0
ENSG00000181019,-1.2814229697410477,0.0
ENSG00000181026,-1.2814229697410477,0.0
ENSG00000181104,-1.2814229697410477,0.0
ENSG00000181135,-1.2814229697410477,0.0
ENSG00000181192,-1.2814229697410477,0.0
ENSG00000181218,-1.2814229697410477,0.0
ENSG00000181274,-1.2814229697410477,0.0
ENSG00000181315,-1.2814229697410477,0.0
ENSG00000181467,-1.2814229697410477,0.0
ENSG00000181638,-1.2814229697410477,0.0
ENSG00000181704,-1.2814229697410477,0.0
ENSG00000181751,-1.2814229697410477,0.0
ENSG00000068354,-1.2814229697410477,0.0
ENSG00000068366,-1.2814229697410477,0.0
ENSG00000181830,-1.2814229697410477,0.0
ENSG00000181873,-1.2814229697410477,0.0
ENSG00000068383,-1.2814229697410477,0.0
ENSG00000182054,-1.2814229697410477,0.0
ENSG00000182108,-1.2814229697410477,0.0
ENSG00000182118,-1.2814229697410477,0.0
ENSG00000182134,-1.2814229697410477,0.0
ENSG00000182141,-1.2814229697410477,0.0
ENSG00000182149,-1.2814229697410477,0.0
ENSG00000068438,-1.2814229697410477,0.0
ENSG00000182179,-1.2814229697410477,0.0
ENSG00000182185,-1.2814229697410477,0.0
ENSG00000068697,-1.2814229697410477,0.0
ENSG00000182197,-1.2814229697410477,0.0
ENSG00000182199,-1.2814229697410477,0.0
ENSG00000182287,-1.2814229697410477,0.0
ENSG00000182307,-1.2814229697410477,0.0
ENSG00000182318,-1.2814229697410477,0.0
ENSG00000182372,-1.2814229697410477,0.0
ENSG00000068796,-1.2814229697410477,0.0
ENSG00000182400,-1.2814229697410477,0.0
ENSG00000182481,-1.2814229697410477,0.0
ENSG00000182504,-1.2814229697410477,0.0
ENSG00000182512,-1.2814229697410477,0.0
ENSG00000182518,-1.2814229697410477,0.0
ENSG00000182541,-1.2814229697410477,0.0
ENSG00000182544,-1.2814229697410477,0.0
ENSG00000182551,-1.2814229697410477,0.0
ENSG00000182768,-1.2814229697410477,0.0
ENSG00000182827,-1.2814229697410477,0.0
ENSG00000182831,-1.2814229697410477,0.0
ENSG00000182952,-1.2814229697410477,0.0
ENSG00000182973,-1.2814229697410477,0.0
ENSG00000182979,-1.2814229697410477,0.0
ENSG00000069275,-1.2814229697410477,0.0
ENSG00000183060,-1.2814229697410477,0.0
ENSG00000183137,-1.2814229697410477,0.0
ENSG00000183155,-1.2814229697410477,0.0
ENSG00000183161,-1.2814229697410477,0.0
ENSG00000069345,-1.2814229697410477,0.0
ENSG00000183255,-1.2814229697410477,0.0
ENSG00000069849,-1.2814229697410477,0.0
ENSG00000183309,-1.2814229697410477,0.0
ENSG00000183323,-1.2814229697410477,0.0
ENSG00000183337,-1.2814229697410477,0.0
ENSG00000183386,-1.2814229697410477,0.0
ENSG00000183484,-1.2814229697410477,0.0
ENSG00000183597,-1.2814229697410477,0.0
ENSG00000183605,-1.2814229697410477,0.0
ENSG00000183647,-1.2814229697410477,0.0
ENSG00000183696,-1.2814229697410477,0.0
ENSG00000183718,-1.2814229697410477,0.0
ENSG00000183726,-1.2814229697410477,0.0
ENSG00000183735,-1.2814229697410477,0.0
ENSG00000183741,-1.2814229697410477,0.0
ENSG00000183808,-1.2814229697410477,0.0
ENSG00000183813,-1.2814229697410477,0.0
ENSG00000183864,-1.2814229697410477,0.0
ENSG00000069956,-1.2814229697410477,0.0
ENSG00000069966,-1.2814229697410477,0.0
ENSG00000183963,-1.2814229697410477,0.0
ENSG00000184014,-1.2814229697410477,0.0
ENSG00000184056,-1.2814229697410477,0.0
ENSG00000184117,-1.2814229697410477,0.0
ENSG00000184178,-1.2814229697410477,0.0
ENSG00000184182,-1.2814229697410477,0.0
ENSG00000184205,-1.2814229697410477,0.0
ENSG00000069998,-1.2814229697410477,0.0
ENSG00000184216,-1.2814229697410477,0.0
ENSG00000184220,-1.2814229697410477,0.0
ENSG00000184277,-1.2814229697410477,0.0
ENSG00000184281,-1.2814229697410477,0.0
ENSG00000184357,-1.2814229697410477,0.0
ENSG00000070081,-1.2814229697410477,0.0
ENSG00000184381,-1.2814229697410477,0.0
ENSG00000184384,-1.2814229697410477,0.0
ENSG00000184428,-1.2814229697410477,0.0
ENSG00000184436,-1.2814229697410477,0.0
ENSG00000184465,-1.2814229697410477,0.0
ENSG00000184481,-1.2814229697410477,0.0
ENSG00000184517,-1.2814229697410477,0.0
ENSG00000184575,-1.2814229697410477,0.0
ENSG00000184584,-1.2814229697410477,0.0
ENSG00000184588,-1.2814229697410477,0.0
ENSG00000184619,-1.2814229697410477,0.0
ENSG00000184675,-1.2814229697410477,0.0
ENSG00000184677,-1.2814229697410477,0.0
ENSG00000184678,-1.2814229697410477,0.0
ENSG00000184743,-1.2814229697410477,0.0
ENSG00000184752,-1.2814229697410477,0.0
ENSG00000184787,-1.2814229697410477,0.0
ENSG00000184831,-1.2814229697410477,0.0
ENSG00000184887,-1.2814229697410477,0.0
ENSG00000070269,-1.2814229697410477,0.0
ENSG00000184898,-1.2814229697410477,0.0
ENSG00000070413,-1.2814229697410477,0.0
ENSG00000184939,-1.2814229697410477,0.0
ENSG00000184979,-1.2814229697410477,0.0
ENSG00000184988,-1.2814229697410477,0.0
ENSG00000184990,-1.2814229697410477,0.0
ENSG00000070423,-1.2814229697410477,0.0
ENSG00000185000,-1.2814229697410477,0.0
ENSG00000185009,-1.2814229697410477,0.0
ENSG00000185129,-1.2814229697410477,0.0
ENSG00000185201,-1.2814229697410477,0.0
ENSG00000185219,-1.2814229697410477,0.0
ENSG00000070476,-1.2814229697410477,0.0
ENSG00000185238,-1.2814229697410477,0.0
ENSG00000185246,-1.2814229697410477,0.0
ENSG00000185278,-1.2814229697410477,0.0
ENSG00000185305,-1.2814229697410477,0.0
ENSG00000185361,-1.2814229697410477,0.0
ENSG00000185404,-1.2814229697410477,0.0
ENSG00000185418,-1.2814229697410477,0.0
ENSG00000185420,-1.2814229697410477,0.0
ENSG00000185499,-1.2814229697410477,0.0
ENSG00000185507,-1.2814229697410477,0.0
ENSG00000185591,-1.2814229697410477,0.0
ENSG00000185624,-1.2814229697410477,0.0
ENSG00000185650,-1.2814229697410477,0.0
ENSG00000185651,-1.2814229697410477,0.0
ENSG00000185670,-1.2814229697410477,0.0
ENSG00000185722,-1.2814229697410477,0.0
ENSG00000070501,-1.2814229697410477,0.0
ENSG00000185730,-1.2814229697410477,0.0
ENSG00000185753,-1.2814229697410477,0.0
ENSG00000185787,-1.2814229697410477,0.0
ENSG00000185813,-1.2814229697410477,0.0
ENSG00000070540,-1.2814229697410477,0.0
ENSG00000185875,-1.2814229697410477,0.0
ENSG00000185896,-1.2814229697410477,0.0
ENSG00000185950,-1.2814229697410477,0.0
ENSG00000185963,-1.2814229697410477,0.0
ENSG00000185973,-1.2814229697410477,0.0
ENSG00000185989,-1.2814229697410477,0.0
ENSG00000186001,-1.2814229697410477,0.0
ENSG00000186010,-1.2814229697410477,0.0
ENSG00000186017,-1.2814229697410477,0.0
ENSG00000070718,-1.2814229697410477,0.0
ENSG00000186026,-1.2814229697410477,0.0
ENSG00000070759,-1.2814229697410477,0.0
ENSG00000186106,-1.2814229697410477,0.0
ENSG00000186111,-1.2814229697410477,0.0
ENSG00000070770,-1.2814229697410477,0.0
ENSG00000186153,-1.2814229697410477,0.0
ENSG00000186174,-1.2814229697410477,0.0
ENSG00000186187,-1.2814229697410477,0.0
ENSG00000186193,-1.2814229697410477,0.0
ENSG00000186222,-1.2814229697410477,0.0
ENSG00000186265,-1.2814229697410477,0.0
ENSG00000186272,-1.2814229697410477,0.0
ENSG00000186283,-1.2814229697410477,0.0
ENSG00000186416,-1.2814229697410477,0.0
ENSG00000186432,-1.2814229697410477,0.0
ENSG00000186448,-1.2814229697410477,0.0
ENSG00000186469,-1.2814229697410477,0.0
ENSG00000070950,-1.2814229697410477,0.0
ENSG00000186501,-1.2814229697410477,0.0
ENSG00000186517,-1.2814229697410477,0.0
ENSG00000186566,-1.2814229697410477,0.0
ENSG00000071054,-1.2814229697410477,0.0
ENSG00000186577,-1.2814229697410477,0.0
ENSG00000186591,-1.2814229697410477,0.0
ENSG00000186625,-1.2814229697410477,0.0
ENSG00000071205,-1.2814229697410477,0.0
ENSG00000071564,-1.2814229697410477,0.0
ENSG00000186666,-1.2814229697410477,0.0
ENSG00000186687,-1.2814229697410477,0.0
ENSG00000186716,-1.2814229697410477,0.0
ENSG00000186767,-1.2814229697410477,0.0
ENSG00000071655,-1.2814229697410477,0.0
ENSG00000186812,-1.2814229697410477,0.0
ENSG00000186815,-1.2814229697410477,0.0
ENSG00000186827,-1.2814229697410477,0.0
ENSG00000186854,-1.2814229697410477,0.0
ENSG00000186866,-1.2814229697410477,0.0
ENSG00000071794,-1.2814229697410477,0.0
ENSG00000186908,-1.2814229697410477,0.0
ENSG00000186951,-1.2814229697410477,0.0
ENSG00000187049,-1.2814229697410477,0.0
ENSG00000187097,-1.2814229697410477,0.0
ENSG00000072062,-1.2814229697410477,0.0
ENSG00000187187,-1.2814229697410477,0.0
ENSG00000187189,-1.2814229697410477,0.0
ENSG00000187193,-1.2814229697410477,0.0
ENSG00000187210,-1.2814229697410477,0.0
ENSG00000187239,-1.2814229697410477,0.0
ENSG00000187257,-1.2814229697410477,0.0
ENSG00000187325,-1.2814229697410477,0.0
ENSG00000187446,-1.2814229697410477,0.0
ENSG00000187531,-1.2814229697410477,0.0
ENSG00000187601,-1.2814229697410477,0.0
ENSG00000187607,-1.2814229697410477,0.0
ENSG00000187608,-1.2814229697410477,0.0
ENSG00000187626,-1.2814229697410477,0.0
ENSG00000187688,-1.2814229697410477,0.0
ENSG00000187736,-1.2814229697410477,0.0
ENSG00000187741,-1.2814229697410477,0.0
ENSG00000187792,-1.2814229697410477,0.0
ENSG00000187840,-1.2814229697410477,0.0
ENSG00000187954,-1.2814229697410477,0.0
ENSG00000187961,-1.2814229697410477,0.0
ENSG00000187994,-1.2814229697410477,0.0
ENSG00000188021,-1.2814229697410477,0.0
ENSG00000188042,-1.2814229697410477,0.0
ENSG00000188171,-1.2814229697410477,0.0
ENSG00000188177,-1.2814229697410477,0.0
ENSG00000188186,-1.2814229697410477,0.0
ENSG00000188215,-1.2814229697410477,0.0
ENSG00000188229,-1.2814229697410477,0.0
ENSG00000188243,-1.2814229697410477,0.0
ENSG00000188295,-1.2814229697410477,0.0
ENSG00000188313,-1.2814229697410477,0.0
ENSG00000072135,-1.2814229697410477,0.0
ENSG00000188419,-1.2814229697410477,0.0
ENSG00000072364,-1.2814229697410477,0.0
ENSG00000072415,-1.2814229697410477,0.0
ENSG00000188529,-1.2814229697410477,0.0
ENSG00000188559,-1.2814229697410477,0.0
ENSG00000188641,-1.2814229697410477,0.0
ENSG00000072506,-1.2814229697410477,0.0
ENSG00000188725,-1.2814229697410477,0.0
ENSG00000188732,-1.2814229697410477,0.0
ENSG00000188785,-1.2814229697410477,0.0
ENSG00000188807,-1.2814229697410477,0.0
ENSG00000188820,-1.2814229697410477,0.0
ENSG00000188917,-1.2814229697410477,0.0
ENSG00000189042,-1.2814229697410477,0.0
ENSG00000072609,-1.2814229697410477,0.0
ENSG00000189050,-1.2814229697410477,0.0
ENSG00000189057,-1.2814229697410477,0.0
ENSG00000072778,-1.2814229697410477,0.0
ENSG00000189077,-1.2814229697410477,0.0
ENSG00000189079,-1.2814229697410477,0.0
ENSG00000189159,-1.2814229697410477,0.0
ENSG00000189164,-1.2814229697410477,0.0
ENSG00000189180,-1.2814229697410477,0.0
ENSG00000189190,-1.2814229697410477,0.0
ENSG00000189227,-1.2814229697410477,0.0
ENSG00000189241,-1.2814229697410477,0.0
ENSG00000189266,-1.2814229697410477,0.0
ENSG00000189319,-1.2814229697410477,0.0
ENSG00000189362,-1.2814229697410477,0.0
ENSG00000189369,-1.2814229697410477,0.0
ENSG00000189376,-1.2814229697410477,0.0
ENSG00000196072,-1.2814229697410477,0.0
ENSG00000196083,-1.2814229697410477,0.0
ENSG00000196151,-1.2814229697410477,0.0
ENSG00000072786,-1.2814229697410477,0.0
ENSG00000196172,-1.2814229697410477,0.0
ENSG00000196247,-1.2814229697410477,0.0
ENSG00000072818,-1.2814229697410477,0.0
ENSG00000196268,-1.2814229697410477,0.0
ENSG00000196284,-1.2814229697410477,0.0
ENSG00000196329,-1.2814229697410477,0.0
ENSG00000072858,-1.2814229697410477,0.0
ENSG00000196367,-1.2814229697410477,0.0
ENSG00000196405,-1.2814229697410477,0.0
ENSG00000196453,-1.2814229697410477,0.0
ENSG00000196455,-1.2814229697410477,0.0
ENSG00000196458,-1.2814229697410477,0.0
ENSG00000196465,-1.2814229697410477,0.0
ENSG00000073050,-1.2814229697410477,0.0
ENSG00000196476,-1.2814229697410477,0.0
ENSG00000196510,-1.2814229697410477,0.0
ENSG00000196547,-1.2814229697410477,0.0
ENSG00000196591,-1.2814229697410477,0.0
ENSG00000073060,-1.2814229697410477,0.0
ENSG00000073169,-1.2814229697410477,0.0
ENSG00000196670,-1.2814229697410477,0.0
ENSG00000073614,-1.2814229697410477,0.0
ENSG00000196684,-1.2814229697410477,0.0
ENSG00000073849,-1.2814229697410477,0.0
ENSG00000196712,-1.2814229697410477,0.0
ENSG00000196715,-1.2814229697410477,0.0
ENSG00000073861,-1.2814229697410477,0.0
ENSG00000196812,-1.2814229697410477,0.0
ENSG00000074054,-1.2814229697410477,0.0
ENSG00000074356,-1.2814229697410477,0.0
ENSG00000196843,-1.2814229697410477,0.0
ENSG00000196850,-1.2814229697410477,0.0
ENSG00000196911,-1.2814229697410477,0.0
ENSG00000196914,-1.2814229697410477,0.0
ENSG00000196924,-1.2814229697410477,0.0
ENSG00000196950,-1.2814229697410477,0.0
ENSG00000196954,-1.2814229697410477,0.0
ENSG00000074370,-1.2814229697410477,0.0
ENSG00000196975,-1.2814229697410477,0.0
ENSG00000196981,-1.2814229697410477,0.0
ENSG00000074603,-1.2814229697410477,0.0
ENSG00000074696,-1.2814229697410477,0.0
ENSG00000197016,-1.2814229697410477,0.0
ENSG00000197019,-1.2814229697410477,0.0
ENSG00000197020,-1.2814229697410477,0.0
ENSG00000197024,-1.2814229697410477,0.0
ENSG00000197037,-1.2814229697410477,0.0
ENSG00000197045,-1.2814229697410477,0.0
ENSG00000197050,-1.2814229697410477,0.0
ENSG00000197061,-1.2814229697410477,0.0
ENSG00000197062,-1.2814229697410477,0.0
ENSG00000197063,-1.2814229697410477,0.0
ENSG00000197070,-1.2814229697410477,0.0
ENSG00000197081,-1.2814229697410477,0.0
ENSG00000197136,-1.2814229697410477,0.0
ENSG00000074842,-1.2814229697410477,0.0
ENSG00000197150,-1.2814229697410477,0.0
ENSG00000197157,-1.2814229697410477,0.0
ENSG00000197162,-1.2814229697410477,0.0
ENSG00000197217,-1.2814229697410477,0.0
ENSG00000197226,-1.2814229697410477,0.0
ENSG00000074935,-1.2814229697410477,0.0
ENSG00000197312,-1.2814229697410477,0.0
ENSG00000197323,-1.2814229697410477,0.0
ENSG00000197324,-1.2814229697410477,0.0
ENSG00000197329,-1.2814229697410477,0.0
ENSG00000197355,-1.2814229697410477,0.0
ENSG00000197362,-1.2814229697410477,0.0
ENSG00000197372,-1.2814229697410477,0.0
ENSG00000197381,-1.2814229697410477,0.0
ENSG00000197386,-1.2814229697410477,0.0
ENSG00000197417,-1.2814229697410477,0.0
ENSG00000074966,-1.2814229697410477,0.0
ENSG00000197451,-1.2814229697410477,0.0
ENSG00000197535,-1.2814229697410477,0.0
ENSG00000197540,-1.2814229697410477,0.0
ENSG00000197562,-1.2814229697410477,0.0
ENSG00000197601,-1.2814229697410477,0.0
ENSG00000197608,-1.2814229697410477,0.0
ENSG00000197620,-1.2814229697410477,0.0
ENSG00000075218,-1.2814229697410477,0.0
ENSG00000197694,-1.2814229697410477,0.0
ENSG00000197696,-1.2814229697410477,0.0
ENSG00000197713,-1.2814229697410477,0.0
ENSG00000197724,-1.2814229697410477,0.0
ENSG00000197746,-1.2814229697410477,0.0
ENSG00000197747,-1.2814229697410477,0.0
ENSG00000197780,-1.2814229697410477,0.0
ENSG00000197782,-1.2814229697410477,0.0
ENSG00000197818,-1.2814229697410477,0.0
ENSG00000197857,-1.2814229697410477,0.0
ENSG00000197858,-1.2814229697410477,0.0
ENSG00000197879,-1.2814229697410477,0.0
ENSG00000197892,-1.2814229697410477,0.0
ENSG00000075336,-1.2814229697410477,0.0
ENSG00000197930,-1.2814229697410477,0.0
ENSG00000197948,-1.2814229697410477,0.0
ENSG00000197961,-1.2814229697410477,0.0
ENSG00000197965,-1.2814229697410477,0.0
ENSG00000197969,-1.2814229697410477,0.0
ENSG00000197976,-1.2814229697410477,0.0
ENSG00000198018,-1.2814229697410477,0.0
ENSG00000075413,-1.2814229697410477,0.0
ENSG00000075415,-1.2814229697410477,0.0
ENSG00000198089,-1.2814229697410477,0.0
ENSG00000198105,-1.2814229697410477,0.0
ENSG00000198130,-1.2814229697410477,0.0
ENSG00000198131,-1.2814229697410477,0.0
ENSG00000198146,-1.2814229697410477,0.0
ENSG00000198168,-1.2814229697410477,0.0
ENSG00000198169,-1.2814229697410477,0.0
ENSG00000198189,-1.2814229697410477,0.0
ENSG00000198218,-1.2814229697410477,0.0
ENSG00000198252,-1.2814229697410477,0.0
ENSG00000198265,-1.2814229697410477,0.0
ENSG00000198276,-1.2814229697410477,0.0
ENSG00000198331,-1.2814229697410477,0.0
ENSG00000198363,-1.2814229697410477,0.0
ENSG00000198373,-1.2814229697410477,0.0
ENSG00000198393,-1.2814229697410477,0.0
ENSG00000198440,-1.2814229697410477,0.0
ENSG00000198464,-1.2814229697410477,0.0
ENSG00000198492,-1.2814229697410477,0.0
ENSG00000075426,-1.2814229697410477,0.0
ENSG00000198521,-1.2814229697410477,0.0
ENSG00000198551,-1.2814229697410477,0.0
ENSG00000198585,-1.2814229697410477,0.0
ENSG00000198646,-1.2814229697410477,0.0
ENSG00000198648,-1.2814229697410477,0.0
ENSG00000198663,-1.2814229697410477,0.0
ENSG00000198668,-1.2814229697410477,0.0
ENSG00000198689,-1.2814229697410477,0.0
ENSG00000198690,-1.2814229697410477,0.0
ENSG00000075568,-1.2814229697410477,0.0
ENSG00000198720,-1.2814229697410477,0.0
ENSG00000075785,-1.2814229697410477,0.0
ENSG00000198728,-1.2814229697410477,0.0
ENSG00000198734,-1.2814229697410477,0.0
ENSG00000198736,-1.2814229697410477,0.0
ENSG00000198740,-1.2814229697410477,0.0
ENSG00000198742,-1.2814229697410477,0.0
ENSG00000198743,-1.2814229697410477,0.0
ENSG00000198746,-1.2814229697410477,0.0
ENSG00000075790,-1.2814229697410477,0.0
ENSG00000198792,-1.2814229697410477,0.0
ENSG00000198799,-1.2814229697410477,0.0
ENSG00000198805,-1.2814229697410477,0.0
ENSG00000075975,-1.2814229697410477,0.0
ENSG00000198818,-1.2814229697410477,0.0
ENSG00000198821,-1.2814229697410477,0.0
ENSG00000198824,-1.2814229697410477,0.0
ENSG00000198825,-1.2814229697410477,0.0
ENSG00000198826,-1.2814229697410477,0.0
ENSG00000198833,-1.2814229697410477,0.0
ENSG00000198837,-1.2814229697410477,0.0
ENSG00000198839,-1.2814229697410477,0.0
ENSG00000198841,-1.2814229697410477,0.0
ENSG00000076108,-1.2814229697410477,0.0
ENSG00000198858,-1.2814229697410477,0.0
ENSG00000198860,-1.2814229697410477,0.0
ENSG00000198862,-1.2814229697410477,0.0
ENSG00000198863,-1.2814229697410477,0.0
ENSG00000198865,-1.2814229697410477,0.0
ENSG00000198873,-1.2814229697410477,0.0
ENSG00000076662,-1.2814229697410477,0.0
ENSG00000198879,-1.2814229697410477,0.0
ENSG00000198885,-1.2814229697410477,0.0
ENSG00000076685,-1.2814229697410477,0.0
ENSG00000198909,-1.2814229697410477,0.0
ENSG00000198911,-1.2814229697410477,0.0
ENSG00000198912,-1.2814229697410477,0.0
ENSG00000198920,-1.2814229697410477,0.0
ENSG00000077044,-1.2814229697410477,0.0
ENSG00000077097,-1.2814229697410477,0.0
ENSG00000198945,-1.2814229697410477,0.0
ENSG00000077147,-1.2814229697410477,0.0
ENSG00000198954,-1.2814229697410477,0.0
ENSG00000198961,-1.2814229697410477,0.0
ENSG00000203791,-1.2814229697410477,0.0
ENSG00000203879,-1.2814229697410477,0.0
ENSG00000203880,-1.2814229697410477,0.0
ENSG00000204104,-1.2814229697410477,0.0
ENSG00000204116,-1.2814229697410477,0.0
ENSG00000204120,-1.2814229697410477,0.0
ENSG00000204130,-1.2814229697410477,0.0
ENSG00000204138,-1.2814229697410477,0.0
ENSG00000204160,-1.2814229697410477,0.0
ENSG00000204161,-1.2814229697410477,0.0
ENSG00000204165,-1.2814229697410477,0.0
ENSG00000204186,-1.2814229697410477,0.0
ENSG00000204209,-1.2814229697410477,0.0
ENSG00000204228,-1.2814229697410477,0.0
ENSG00000204256,-1.2814229697410477,0.0
ENSG00000077150,-1.2814229697410477,0.0
ENSG00000204267,-1.2814229697410477,0.0
ENSG00000204371,-1.2814229697410477,0.0
ENSG00000204387,-1.2814229697410477,0.0
ENSG00000204388,-1.2814229697410477,0.0
ENSG00000204390,-1.2814229697410477,0.0
ENSG00000204427,-1.2814229697410477,0.0
ENSG00000077157,-1.2814229697410477,0.0
ENSG00000204439,-1.2814229697410477,0.0
ENSG00000204469,-1.2814229697410477,0.0
ENSG00000204472,-1.2814229697410477,0.0
ENSG00000204475,-1.2814229697410477,0.0
ENSG00000204498,-1.2814229697410477,0.0
ENSG00000204520,-1.2814229697410477,0.0
ENSG00000077232,-1.2814229697410477,0.0
ENSG00000204599,-1.2814229697410477,0.0
ENSG00000204713,-1.2814229697410477,0.0
ENSG00000204859,-1.2814229697410477,0.0
ENSG00000204920,-1.2814229697410477,0.0
ENSG00000204923,-1.2814229697410477,0.0
ENSG00000204946,-1.2814229697410477,0.0
ENSG00000204954,-1.2814229697410477,0.0
ENSG00000204977,-1.2814229697410477,0.0
ENSG00000205045,-1.2814229697410477,0.0
ENSG00000205060,-1.2814229697410477,0.0
ENSG00000205089,-1.2814229697410477,0.0
ENSG00000205138,-1.2814229697410477,0.0
ENSG00000205155,-1.2814229697410477,0.0
ENSG00000205220,-1.2814229697410477,0.0
ENSG00000205268,-1.2814229697410477,0.0
ENSG00000205302,-1.2814229697410477,0.0
ENSG00000205336,-1.2814229697410477,0.0
ENSG00000205356,-1.2814229697410477,0.0
ENSG00000205413,-1.2814229697410477,0.0
ENSG00000205423,-1.2814229697410477,0.0
ENSG00000205476,-1.2814229697410477,0.0
ENSG00000205531,-1.2814229697410477,0.0
ENSG00000205544,-1.2814229697410477,0.0
ENSG00000077238,-1.2814229697410477,0.0
ENSG00000205629,-1.2814229697410477,0.0
ENSG00000205643,-1.2814229697410477,0.0
ENSG00000205730,-1.2814229697410477,0.0
ENSG00000205744,-1.2814229697410477,0.0
ENSG00000205765,-1.2814229697410477,0.0
ENSG00000205903,-1.2814229697410477,0.0
ENSG00000205981,-1.2814229697410477,0.0
ENSG00000077254,-1.2814229697410477,0.0
ENSG00000206190,-1.2814229697410477,0.0
ENSG00000206418,-1.2814229697410477,0.0
ENSG00000206527,-1.2814229697410477,0.0
ENSG00000206560,-1.2814229697410477,0.0
ENSG00000211455,-1.2814229697410477,0.0
ENSG00000211460,-1.2814229697410477,0.0
ENSG00000211584,-1.2814229697410477,0.0
ENSG00000077420,-1.2814229697410477,0.0
ENSG00000213047,-1.2814229697410477,0.0
ENSG00000213064,-1.2814229697410477,0.0
ENSG00000213079,-1.2814229697410477,0.0
ENSG00000213123,-1.2814229697410477,0.0
ENSG00000077463,-1.2814229697410477,0.0
ENSG00000213185,-1.2814229697410477,0.0
ENSG00000213186,-1.2814229697410477,0.0
ENSG00000213281,-1.2814229697410477,0.0
ENSG00000213390,-1.2814229697410477,0.0
ENSG00000077713,-1.2814229697410477,0.0
ENSG00000213585,-1.2814229697410477,0.0
ENSG00000213614,-1.2814229697410477,0.0
ENSG00000213619,-1.2814229697410477,0.0
ENSG00000213639,-1.2814229697410477,0.0
ENSG00000213699,-1.2814229697410477,0.0
ENSG00000213762,-1.2814229697410477,0.0
ENSG00000213923,-1.2814229697410477,0.0
ENSG00000213930,-1.2814229697410477,0.0
ENSG00000213983,-1.2814229697410477,0.0
ENSG00000214022,-1.2814229697410477,0.0
ENSG00000214029,-1.2814229697410477,0.0
ENSG00000214160,-1.2814229697410477,0.0
ENSG00000214338,-1.2814229697410477,0.0
ENSG00000214655,-1.2814229697410477,0.0
ENSG00000214706,-1.2814229697410477,0.0
ENSG00000214736,-1.2814229697410477,0.0
ENSG00000214753,-1.2814229697410477,0.0
ENSG00000215041,-1.2814229697410477,0.0
ENSG00000215114,-1.2814229697410477,0.0
ENSG00000215193,-1.2814229697410477,0.0
ENSG00000215252,-1.2814229697410477,0.0
ENSG00000215440,-1.2814229697410477,0.0
ENSG00000077984,-1.2814229697410477,0.0
ENSG00000215845,-1.2814229697410477,0.0
ENSG00000215883,-1.2814229697410477,0.0
ENSG00000216490,-1.2814229697410477,0.0
ENSG00000217128,-1.2814229697410477,0.0
ENSG00000220205,-1.2814229697410477,0.0
ENSG00000221821,-1.2814229697410477,0.0
ENSG00000221823,-1.2814229697410477,0.0
ENSG00000078043,-1.2814229697410477,0.0
ENSG00000221909,-1.2814229697410477,0.0
ENSG00000078070,-1.2814229697410477,0.0
ENSG00000221923,-1.2814229697410477,0.0
ENSG00000078081,-1.2814229697410477,0.0
ENSG00000222011,-1.2814229697410477,0.0
ENSG00000224531,-1.2814229697410477,0.0
ENSG00000078124,-1.2814229697410477,0.0
ENSG00000225697,-1.2814229697410477,0.0
ENSG00000228300,-1.2814229697410477,0.0
ENSG00000228474,-1.2814229697410477,0.0
ENSG00000228594,-1.2814229697410477,0.0
ENSG00000230124,-1.2814229697410477,0.0
ENSG00000234444,-1.2814229697410477,0.0
ENSG00000235173,-1.2814229697410477,0.0
ENSG00000235750,-1.2814229697410477,0.0
ENSG00000236104,-1.2814229697410477,0.0
ENSG00000237190,-1.2814229697410477,0.0
ENSG00000237441,-1.2814229697410477,0.0
ENSG00000237649,-1.2814229697410477,0.0
ENSG00000237651,-1.2814229697410477,0.0
ENSG00000237765,-1.2814229697410477,0.0
ENSG00000078140,-1.2814229697410477,0.0
ENSG00000078177,-1.2814229697410477,0.0
ENSG00000239305,-1.2814229697410477,0.0
ENSG00000239672,-1.2814229697410477,0.0
ENSG00000239713,-1.2814229697410477,0.0
ENSG00000240849,-1.2814229697410477,0.0
ENSG00000240857,-1.2814229697410477,0.0
ENSG00000240891,-1.2814229697410477,0.0
ENSG00000078237,-1.2814229697410477,0.0
ENSG00000241058,-1.2814229697410477,0.0
ENSG00000241360,-1.2814229697410477,0.0
ENSG00000241685,-1.2814229697410477,0.0
ENSG00000241837,-1.2814229697410477,0.0
ENSG00000241839,-1.2814229697410477,0.0
ENSG00000242114,-1.2814229697410477,0.0
ENSG00000242247,-1.2814229697410477,0.0
ENSG00000078269,-1.2814229697410477,0.0
ENSG00000242802,-1.2814229697410477,0.0
ENSG00000243156,-1.2814229697410477,0.0
ENSG00000078369,-1.2814229697410477,0.0
ENSG00000078589,-1.2814229697410477,0.0
ENSG00000078596,-1.2814229697410477,0.0
ENSG00000243646,-1.2814229697410477,0.0
ENSG00000243749,-1.2814229697410477,0.0
ENSG00000243943,-1.2814229697410477,0.0
ENSG00000243989,-1.2814229697410477,0.0
ENSG00000078618,-1.2814229697410477,0.0
ENSG00000078668,-1.2814229697410477,0.0
ENSG00000244754,-1.2814229697410477,0.0
ENSG00000247315,-1.2814229697410477,0.0
ENSG00000078699,-1.2814229697410477,0.0
ENSG00000248099,-1.2814229697410477,0.0
ENSG00000248487,-1.2814229697410477,0.0
ENSG00000250312,-1.2814229697410477,0.0
ENSG00000250317,-1.2814229697410477,0.0
ENSG00000251247,-1.2814229697410477,0.0
ENSG00000251369,-1.2814229697410477,0.0
ENSG00000253276,-1.2814229697410477,0.0
ENSG00000253719,-1.2814229697410477,0.0
ENSG00000254685,-1.2814229697410477,0.0
ENSG00000254858,-1.2814229697410477,0.0
ENSG00000254901,-1.2814229697410477,0.0
ENSG00000254999,-1.2814229697410477,0.0
ENSG00000255112,-1.2814229697410477,0.0
ENSG00000078747,-1.2814229697410477,0.0
ENSG00000256229,-1.2814229697410477,0.0
ENSG00000256235,-1.2814229697410477,0.0
ENSG00000256269,-1.2814229697410477,0.0
ENSG00000256537,-1.2814229697410477,0.0
ENSG00000256683,-1.2814229697410477,0.0
ENSG00000256771,-1.2814229697410477,0.0
ENSG00000257103,-1.2814229697410477,0.0
ENSG00000257704,-1.2814229697410477,0.0
ENSG00000079257,-1.2814229697410477,0.0
ENSG00000257923,-1.2814229697410477,0.0
ENSG00000258659,-1.2814229697410477,0.0
ENSG00000259956,-1.2814229697410477,0.0
ENSG00000260916,-1.2814229697410477,0.0
ENSG00000262246,-1.2814229697410477,0.0
ENSG00000263001,-1.2814229697410477,0.0
ENSG00000263465,-1.2814229697410477,0.0
ENSG00000079277,-1.2814229697410477,0.0
ENSG00000004534,-1.2814229697410477,0.0
ENSG00000079313,-1.2814229697410477,0.0
ENSG00000265972,-1.2814229697410477,0.0
ENSG00000266173,-1.2814229697410477,0.0
ENSG00000266412,-1.2814229697410477,0.0
ENSG00000267041,-1.2814229697410477,0.0
ENSG00000267534,-1.2814229697410477,0.0
ENSG00000267680,-1.2814229697410477,0.0
ENSG00000267796,-1.2814229697410477,0.0
ENSG00000269556,-1.2814229697410477,0.0
ENSG00000270647,-1.2814229697410477,0.0
ENSG00000271303,-1.2814229697410477,0.0
ENSG00000271601,-1.2814229697410477,0.0
ENSG00000272602,-1.2814229697410477,0.0
ENSG00000272886,-1.2814229697410477,0.0
ENSG00000264522,-1.2814229697410477,0.0
ENSG00000004864,-1.2814229697410477,0.0
ENSG00000273983,-1.2814229697410477,0.0
ENSG00000274180,-1.2814229697410477,0.0
ENSG00000274211,-1.2814229697410477,0.0
ENSG00000274523,-1.2814229697410477,0.0
ENSG00000079335,-1.2814229697410477,0.0
ENSG00000079432,-1.2814229697410477,0.0
ENSG00000276045,-1.2814229697410477,0.0
ENSG00000276180,-1.2814229697410477,0.0
ENSG00000276234,-1.2814229697410477,0.0
ENSG00000278540,-1.2814229697410477,0.0
ENSG00000278828,-1.2814229697410477,0.0
ENSG00000280789,-1.2814229697410477,0.0
ENSG00000285077,-1.2814229697410477,0.0
ENSG00000290292,-1.2814229697410477,0.0
ENSG00000273749,-1.2814229697410477,0.0
