target,max_cooks_distance,max_leverage
ENSG00000163249,0.010721931311033899,0.12547522644940454
ENSG00000131323,0.010589657407187286,0.011322867628683378
ENSG00000050327,0.00990803309065433,0.12585703604375384
ENSG00000105122,0.009233252388961612,0.005398972103187903
ENSG00000143379,0.0055357242830442,0.010965186770577166
ENSG00000008441,0.004270531307193027,0.003955498832875411
ENSG00000101247,0.004223396525602043,0.002682280166424919
ENSG00000171681,0.003822297121755235,0.004311502070533346
ENSG00000175104,0.003719929327820293,0.002767478260992356
ENSG00000113916,0.0036972181293569105,0.004643883476605435
ENSG00000100453,0.002963322925999441,0.007331412692802283
ENSG00000109320,0.002872547468312765,0.018209388052911415
ENSG00000136997,0.0028477199911799604,0.024282006628776286
ENSG00000162191,0.0027749192624977616,0.0025736056780955225
ENSG00000078900,0.0026909684287718554,0.004558991823185908
ENSG00000086730,0.0024905849773394335,0.006282783381951303
ENSG00000115415,0.0024455079545600963,0.014136041620354905
ENSG00000185811,0.0023156025771947416,0.003457802513642336
ENSG00000176024,0.0022406473364750814,0.0026828554827367118
ENSG00000172992,0.0021673743868358777,0.0021237489459975953
ENSG00000186517,0.002141559109304066,0.0059083987933203335
ENSG00000172575,0.002110663456364306,0.002749706031258777
ENSG00000156973,0.0020818762334253037,0.0014892092623598596
ENSG00000008256,0.0020756155869655147,0.001711068646129538
ENSG00000179151,0.002073425347851792,0.003550333447127605
ENSG00000163848,0.0020581221933301864,0.003198358426885964
ENSG00000165424,0.0020540338013629155,0.0015976580577687996
ENSG00000196367,0.0020417300128065348,0.0042448162711522155
ENSG00000173039,0.0020367020442482618,0.017976427049358982
ENSG00000100796,0.0020173420785467846,0.12616845968671672
ENSG00000101181,0.0019814022048602236,0.002097221397648965
ENSG00000172845,0.0018913958250346588,0.008632368043767293
ENSG00000100908,0.0018874633704277705,0.0015257685993736135
ENSG00000178573,0.00187716324607306,0.0029524952307481136
ENSG00000090447,0.0017408609753509707,0.0028793549371426397
ENSG00000224470,0.0017311825042006558,0.0033876432042102126
ENSG00000142544,0.0017164237938342808,0.0017933482419260805
ENSG00000185621,0.0016995253509114125,0.0017475192100222942
ENSG00000065526,0.0015860606192535573,0.0038963338875682265
ENSG00000114473,0.0015496196434020473,0.0013515492318859398
ENSG00000130021,0.001543038377292451,0.0035676433311775642
ENSG00000033800,0.0015322157234030822,0.0034001514815388493
ENSG00000171984,0.0015283048243441616,0.004971395633172778
ENSG00000164849,0.0014711971395539546,0.0020746036176415047
ENSG00000113263,0.0014694280633059515,0.006960925608441933
ENSG00000197530,0.0014634507528025374,0.0017857940341244182
ENSG00000125534,0.0014436042225656571,0.0028659691059846715
ENSG00000205758,0.0014428615619341944,0.00161254584804381
ENSG00000121060,0.0014408997403455672,0.004065840117310135
ENSG00000179388,0.0014287088835985536,0.0028732629635375316
ENSG00000165417,0.001424128406275154,0.004303703730211144
ENSG00000100811,0.0014162171182194871,0.010747313715341001
ENSG00000169375,0.001401472414690105,0.004745514825452232
ENSG00000135677,0.0014012188071289252,0.0014656878143070083
ENSG00000104881,0.0013949616693876485,0.001658471781036775
ENSG00000100003,0.001380929956320373,0.004088016366780071
ENSG00000041353,0.0013753984217498758,0.0022587997469923136
ENSG00000116661,0.0013688962468455844,0.0015177819301962672
ENSG00000196511,0.0013548447848565387,0.0014023575240092827
ENSG00000164104,0.0013384074227652247,0.0038755359435059394
ENSG00000155666,0.0013326661221233793,0.001921293867229927
ENSG00000169992,0.0012902282625310234,0.0017513395711680631
ENSG00000134460,0.0012721934630415476,0.004214573196485018
ENSG00000162604,0.0012608543735579778,0.0015526874748282994
ENSG00000100376,0.0012495273515806618,0.0015657235487882132
ENSG00000130522,0.0012349880188655738,0.005877160855119933
ENSG00000165671,0.0012337882546601014,0.005753567868695268
ENSG00000126767,0.0012087468507122382,0.0033754780033129804
ENSG00000124181,0.0012064420155936046,0.011139519249663273
ENSG00000213588,0.0012015898146687041,0.0017440346721811985
ENSG00000085449,0.0011962240172992064,0.0053395841448212016
ENSG00000198689,0.00119344875043111,0.004093174742691159
ENSG00000224420,0.0011920697034769404,0.0022448385851488494
ENSG00000119004,0.0011907897751127338,0.0019256794107542134
ENSG00000101190,0.0011849824994922527,0.003562503321269519
ENSG00000240972,0.0011840302626272893,0.0037315474755546915
ENSG00000185591,0.001174427109988241,0.02137257576942876
ENSG00000162396,0.0011663688244713374,0.0013563840471327961
ENSG00000132405,0.0011594165828639862,0.0031300300906190134
ENSG00000100393,0.0011376720094667557,0.0068266066104392216
ENSG00000172548,0.0011299991497213386,0.0014318246562355621
ENSG00000107872,0.0011291976815915531,0.001962015463552341
ENSG00000198521,0.0011270627847513354,0.00132212528704821
ENSG00000136451,0.0011256027269691553,0.0035254503319546732
ENSG00000157933,0.0011224730586365894,0.00634163292510981
ENSG00000096384,0.001110156992519571,0.002708453917986931
ENSG00000028839,0.0011095265753229698,0.003952621967672121
ENSG00000012779,0.0011087106380766655,0.0010950783160634473
ENSG00000140398,0.0011055537759302562,0.0015494802557355373
ENSG00000154134,0.0010998851705381581,0.0019576853537417315
ENSG00000164466,0.0010853807617998415,0.003472888868096545
ENSG00000163349,0.0010824693934868225,0.0018104562491595925
ENSG00000119508,0.001068723854857413,0.0037823433505745083
ENSG00000155363,0.0010682257717955707,0.0015591839540558881
ENSG00000164329,0.0010654625977044253,0.00200717925848404
ENSG00000152558,0.0010530690353119023,0.0019004551046415434
ENSG00000049883,0.0010450422622926827,0.0013485327820317204
ENSG00000160318,0.0010401786538925181,0.0013167987037174293
ENSG00000141646,0.0010218212563517595,0.0036358382934142857
ENSG00000111716,0.0010181247259287137,0.004521590673626902
ENSG00000196591,0.0010179424041790617,0.003786712112457628
ENSG00000158773,0.0010163799126976538,0.007852522375625736
ENSG00000104205,0.00101095477041044,0.001591090396249701
ENSG00000127528,0.0010080928347531778,0.005027045418568305
ENSG00000124193,0.0009926969571406711,0.0015886668003973093
ENSG00000087088,0.0009896778086343852,0.0018309508482291204
ENSG00000134809,0.0009856546819798433,0.002682349480775604
ENSG00000177606,0.0009839496265776821,0.011537315643962456
ENSG00000106028,0.000979840939498105,0.0013464562661468123
ENSG00000183354,0.00097868286639896,0.0017984416547330692
ENSG00000162694,0.0009763355065625168,0.0015251967050939992
ENSG00000130244,0.0009737012626639958,0.0014594975265735655
ENSG00000167136,0.0009718661951815452,0.0022302793172146655
ENSG00000125991,0.0009678427087973056,0.004320848448248244
ENSG00000167685,0.000960077316470069,0.0031883697917648563
ENSG00000205726,0.000959764713786431,0.002099260598286669
ENSG00000187792,0.0009312988888454447,0.0020561710887067155
ENSG00000067369,0.0009311577021911044,0.003378672159849495
ENSG00000104835,0.0009226266153167785,0.001169116954333813
ENSG00000124222,0.0009221569883762278,0.0014721570886786037
ENSG00000026025,0.0009207783174524316,0.0075193891159975185
ENSG00000162227,0.000919493142780117,0.007238870701030623
ENSG00000198093,0.0009137778876965626,0.0018056121223059946
ENSG00000129911,0.0009028965167550197,0.004213711262102836
ENSG00000116016,0.0008962759991489377,0.0028071288601104073
ENSG00000173193,0.0008953450879674827,0.0020809574298876403
ENSG00000257923,0.0008944849594586039,0.001990211846244158
ENSG00000166123,0.0008850341252961874,0.001762960374024586
ENSG00000125952,0.0008792035815715452,0.0029578177757514958
ENSG00000131759,0.0008750864121518948,0.003906153522558522
ENSG00000099917,0.0008721535151894741,0.004540447241626124
ENSG00000126249,0.0008703023021610005,0.0012518002112149075
ENSG00000114166,0.000865200651825069,0.002976218014882016
ENSG00000106615,0.0008616769553790585,0.001665996115917206
ENSG00000183048,0.0008573744842603351,0.0013977069200520461
ENSG00000172216,0.0008569743087763026,0.00632756722095249
ENSG00000168610,0.0008556642546529323,0.014092484260603007
ENSG00000142197,0.0008446681363244805,0.002264353847437233
ENSG00000188157,0.0008334551818885312,0.0017464636973758003
ENSG00000198646,0.0008251753506470742,0.002488896602321868
ENSG00000170581,0.0008206738390880811,0.003057128218822259
ENSG00000136240,0.0008167085331489433,0.0013362407189056005
ENSG00000185651,0.0008137024050750234,0.002081158123543135
ENSG00000186951,0.0008100257301997628,0.004557430182058145
ENSG00000184357,0.0008080356111140625,0.003217940221633564
ENSG00000171793,0.0007985414309050483,0.0020920467529378615
ENSG00000164754,0.0007875976230706016,0.002115433265865443
ENSG00000169981,0.0007844016893926685,0.0014088513719650367
ENSG00000163659,0.0007726455410765324,0.0014417767844414455
ENSG00000116478,0.0007697762323809014,0.007899222975931063
ENSG00000141968,0.0007676377076862056,0.00919123512582388
ENSG00000171223,0.000764394655576817,0.003271897353383807
ENSG00000274180,0.0007635858809213997,0.0025151705097317643
ENSG00000142453,0.0007619357712227951,0.0023008587019783013
ENSG00000106682,0.0007616048792347179,0.002132983117086645
ENSG00000029993,0.0007602870389749105,0.0013173514517100231
ENSG00000125485,0.0007589377290869241,0.0012457034885284904
ENSG00000173153,0.0007516389710975557,0.0018853866537349507
ENSG00000165312,0.0007481958883628018,0.0018029914907680567
ENSG00000156253,0.0007440816281891831,0.0013279528205130567
ENSG00000122694,0.0007371844665966414,0.0015399904301524737
ENSG00000147140,0.0007302542241691937,0.003344375287143211
ENSG00000112039,0.000727212297126286,0.0019955749648482165
ENSG00000172466,0.0007263344597773476,0.0026916487430511545
ENSG00000198945,0.0007031528727781127,0.0012731850382797147
ENSG00000136783,0.000700669835683671,0.0012415879838489805
ENSG00000084676,0.0006885125559748702,0.003158939417435749
ENSG00000129933,0.0006861749395833671,0.0012585834207242028
ENSG00000170515,0.0006758406556886225,0.003968507036210216
ENSG00000107815,0.0006718726041241004,0.0019487322199696403
ENSG00000156675,0.0006717944158349287,0.002250987578391736
ENSG00000213096,0.0006710908823765239,0.001966555407287872
ENSG00000156471,0.0006690950066458654,0.0015591866692699831
ENSG00000108961,0.0006665468482968844,0.001113316176923558
ENSG00000204498,0.0006586018162083288,0.0028607617124373434
ENSG00000114030,0.0006531131391805119,0.0020159714713922266
ENSG00000139726,0.0006530533683256862,0.0019312743624774135
ENSG00000120738,0.0006528152782328373,0.008983312106866278
ENSG00000124587,0.0006525661109005775,0.0014792841167291595
ENSG00000115966,0.0006503071036170172,0.005982075536393087
ENSG00000111642,0.0006495011499302143,0.005103981312644748
ENSG00000203667,0.0006379658189609524,0.0014261649300992033
ENSG00000166261,0.0006310145589604101,0.003533421646651206
ENSG00000188612,0.0006302182974191149,0.0016094101964320457
ENSG00000213281,0.0006265640944311899,0.0033609551106164653
ENSG00000108788,0.0006242902276583493,0.004179796829689727
ENSG00000139687,0.000623751214997242,0.004568639160524037
ENSG00000188895,0.0006236592170328216,0.0014273628281257188
ENSG00000103363,0.0006235088484060212,0.004625778978415542
ENSG00000119471,0.0006211386276665745,0.0037491372158820467
ENSG00000263001,0.00062103289262554,0.0033084383104258867
ENSG00000116711,0.0006161018171132987,0.0016395077066102726
ENSG00000162298,0.0006160590870669043,0.0012762616834048604
ENSG00000166507,0.0006143220460106482,0.0014813914725210747
ENSG00000116667,0.0006093633625641774,0.0013921196994806696
ENSG00000152620,0.0006065171474040599,0.0012043963749999167
ENSG00000166166,0.0006020234229524043,0.0011562854481128031
ENSG00000023287,0.0006002081195236591,0.0032666670179577685
ENSG00000186834,0.0005980360376987559,0.003589441803537259
ENSG00000170634,0.0005961292446254079,0.0015774015598125643
ENSG00000204256,0.0005945972609957498,0.0024016731383503923
ENSG00000138684,0.0005936484370588194,0.0016044093119473015
ENSG00000146918,0.0005924551455245115,0.0023186275852722722
ENSG00000143761,0.0005892390727296492,0.0016421080298777058
ENSG00000066044,0.000579779719479081,0.0053851850114423295
ENSG00000118689,0.0005769520645504491,0.004586975465922162
ENSG00000197442,0.0005763725033499405,0.001297452090247071
ENSG00000104856,0.0005718959475710524,0.0037608165666121796
ENSG00000205581,0.0005696220817960564,0.0038401374750090503
ENSG00000165724,0.0005690652428832979,0.0012403697479263674
ENSG00000198517,0.0005684173432711751,0.003525391612867191
ENSG00000170684,0.0005670687744927529,0.0009998532076236466
ENSG00000105866,0.0005648805026906397,0.0019028105864879615
ENSG00000156050,0.000564417735390632,0.0020057460617307244
ENSG00000185650,0.0005615109375465018,0.0035155829689160157
ENSG00000123338,0.000554491998713715,0.00306732063190661
ENSG00000187231,0.0005526544325688958,0.00146913103780845
ENSG00000151687,0.0005502656540509,0.0021955772175216892
ENSG00000184634,0.0005429705434593534,0.009721371657678073
ENSG00000107643,0.000539897275652567,0.0011657248420233325
ENSG00000141564,0.000538871547498112,0.001825625090022999
ENSG00000247596,0.0005351107347566019,0.002033833557679753
ENSG00000144535,0.0005299565646138184,0.0016761701399029543
ENSG00000049249,0.0005297725168547553,0.0014457513029698507
ENSG00000162517,0.0005275037159312776,0.001696303658049688
ENSG00000139146,0.0005263035826306796,0.0013008101833784117
ENSG00000114125,0.0005235493237847886,0.0012207754269778263
ENSG00000088986,0.0005234682053478377,0.0011925721899336684
ENSG00000100425,0.0005233472351173523,0.001901022786796932
ENSG00000138629,0.0005221841651380341,0.0020771897718709323
ENSG00000185340,0.0005218938734129848,0.002001166685255824
ENSG00000100219,0.0005196807274542485,0.0035118903950851774
ENSG00000105185,0.0005177285957620855,0.004729356334313388
ENSG00000168036,0.000516180646735391,0.0036205849869275575
ENSG00000120694,0.0005156202742731884,0.0025741513663472284
ENSG00000107175,0.0005154442021363116,0.0035164941439933227
ENSG00000112182,0.0005134198215674364,0.0029790270909536257
ENSG00000152382,0.0005115186063450609,0.005109951026381337
ENSG00000169016,0.0005110230334619624,0.002402735167771026
ENSG00000027001,0.0005104106187995242,0.0017823268658925247
ENSG00000095794,0.0005099392983442276,0.004942092099790832
ENSG00000163125,0.0005059154374401023,0.0026065604239787336
ENSG00000183337,0.0005028460751193406,0.00272750072494419
ENSG00000130749,0.000500735433107838,0.0024087083626051667
ENSG00000072736,0.000495346512094446,0.004125798685609854
ENSG00000162613,0.0004930383508393865,0.0031659888287738957
ENSG00000132170,0.00048687035940120956,0.007204599049223078
ENSG00000173588,0.0004865832586307634,0.001313353531953863
ENSG00000140464,0.00048556706296004365,0.0030889017817578124
ENSG00000176476,0.00048459656594094293,0.007897003426425938
ENSG00000147324,0.0004844224361882241,0.002234257713835505
ENSG00000161021,0.00048199953310579653,0.0029645225968952483
ENSG00000166598,0.00047861278881066225,0.002054664355224419
ENSG00000166432,0.00047801022416039523,0.0029666205501581154
ENSG00000126561,0.00047770038838190493,0.0026074537769443535
ENSG00000180448,0.00047712436056699395,0.001848277426031219
ENSG00000141956,0.0004734324866920924,0.0011338781757355223
ENSG00000178127,0.00047201382610427686,0.0011939849653242727
ENSG00000121741,0.00046967825344625233,0.002044996587711931
ENSG00000182831,0.0004683314989566475,0.0018079763609740028
ENSG00000177426,0.0004676212294952938,0.003899280362866109
ENSG00000185896,0.0004672409888663395,0.0021066800016891277
ENSG00000232119,0.00046413283568386875,0.0012334052300636493
ENSG00000005339,0.000461783915181228,0.00574684231174562
ENSG00000143033,0.0004613052002999855,0.0012583959800124454
ENSG00000029153,0.00046108339142597886,0.0046204126072660525
ENSG00000145220,0.0004608288486023895,0.0013341774400987758
ENSG00000120686,0.00045941812334239447,0.0020750490001146113
ENSG00000095564,0.0004589967034603436,0.0033978037366236198
ENSG00000213658,0.00045845371109103387,0.011935383762831632
ENSG00000067082,0.0004582895415927724,0.0033910722712423764
ENSG00000197798,0.0004569012348172504,0.0013926169316661836
ENSG00000129932,0.0004565711497901551,0.00211004011255742
ENSG00000152217,0.00045496542028562867,0.0023134883544607067
ENSG00000065029,0.00045357843700525636,0.0027012789085501445
ENSG00000156983,0.00045354222530834157,0.004535430235954351
ENSG00000164190,0.00045338991005528325,0.0018837063864272237
ENSG00000118260,0.0004504551485075824,0.007934117659565348
ENSG00000184481,0.000449314268317927,0.0023485176020855963
ENSG00000132463,0.0004483959661746377,0.0017125949474512713
ENSG00000138668,0.00044391333527891015,0.005017415866864337
ENSG00000101189,0.00044319374126271124,0.0015035500784959944
ENSG00000110696,0.0004426840658711608,0.0026069653532021456
ENSG00000149187,0.00044266182472785985,0.0037097212549753707
ENSG00000137218,0.0004418382813989858,0.001616342649587344
ENSG00000198492,0.0004413196360054401,0.0024100086142608114
ENSG00000143450,0.00044111868388734096,0.0016996172114538313
ENSG00000114978,0.00044111677399459836,0.001694008695209388
ENSG00000173559,0.0004404524232565516,0.001459469060914212
ENSG00000102710,0.00043928976639359755,0.004230946106607594
ENSG00000172943,0.00043831754688555493,0.0033972418828359667
ENSG00000127616,0.00043660431045689586,0.0024845984878911036
ENSG00000188266,0.0004365214467435281,0.001316688821869215
ENSG00000167182,0.0004356812102395806,0.0032365289452246848
ENSG00000164045,0.0004342491028853074,0.0014779471644236764
ENSG00000184675,0.0004297349731849188,0.0017183720913435871
ENSG00000005469,0.0004257573800652327,0.005679777139834594
ENSG00000156239,0.00042300970819336193,0.0016386270602317227
ENSG00000132768,0.0004228623212701899,0.0014633642443893475
ENSG00000196476,0.00042065083473487704,0.0015970415105125975
ENSG00000100395,0.0004206266430720989,0.0035177254896726464
ENSG00000150527,0.0004204257395648889,0.0012183447439769646
ENSG00000111530,0.00041863084055764993,0.0022307885765370144
ENSG00000136167,0.0004185853913816405,0.0013103649551813345
ENSG00000107485,0.00041678162105254687,0.00902702263887565
ENSG00000135334,0.00041622211786366517,0.0015771234053435612
ENSG00000119899,0.00041550064320983827,0.0016385984608361867
ENSG00000265972,0.00041457185993482417,0.0013525413933861685
ENSG00000073861,0.0004132579286723342,0.0036097650814155514
ENSG00000127483,0.000412083141643434,0.0017035562842498888
ENSG00000049656,0.0004114863938781051,0.0023027629070683057
ENSG00000135070,0.0004109502719552444,0.0012730438815757737
ENSG00000048740,0.0004105521711947132,0.0011989608124230032
ENSG00000025156,0.0004104867248832662,0.0021389924960604077
ENSG00000177728,0.0004094508602283015,0.0009417858294691933
ENSG00000167283,0.0004091775591755391,0.0017767050020646876
ENSG00000104904,0.00040751052352136876,0.004430231288924379
ENSG00000059804,0.0004072007731523171,0.0026199709327941025
ENSG00000135932,0.00040715422541334165,0.0016811505080697943
ENSG00000058799,0.0004047063783054062,0.002312404343357544
ENSG00000131845,0.00040423992415770097,0.0011930085461652655
ENSG00000167522,0.0004037552678950391,0.0012556179477308726
ENSG00000119048,0.0004036360273966448,0.0020351213698348346
ENSG00000179750,0.0004014969538466824,0.0023290048768756094
ENSG00000170759,0.0003995443100026761,0.0011418910098645505
ENSG00000108840,0.0003994063163198138,0.0024254609262471
ENSG00000038358,0.0003989275004791053,0.0009669282592364532
ENSG00000134107,0.00039745587648364473,0.005075331964870854
ENSG00000139679,0.000395530016602639,0.002281048662632271
ENSG00000113838,0.00039526904816394995,0.001058961681054272
ENSG00000143179,0.0003939929940946368,0.0008313063880418473
ENSG00000188229,0.00039143505560147897,0.002000142942093827
ENSG00000137265,0.00038998751992536335,0.005288939073325452
ENSG00000173917,0.0003898861070541722,0.0013091837283748234
ENSG00000068305,0.00038952298755137434,0.002239898213935038
ENSG00000129625,0.0003880082071089914,0.0009393267694924119
ENSG00000104419,0.0003877840209987635,0.0030666714597792142
ENSG00000095787,0.00038744140701039764,0.0031098406218273747
ENSG00000122122,0.000386518398844326,0.0010311077723648542
ENSG00000114650,0.00038647780411564476,0.0010510019140741729
ENSG00000134574,0.00038588702152967557,0.0024532510409784295
ENSG00000080822,0.00038465198390969017,0.001780851223198482
ENSG00000121940,0.00038347846722449925,0.0011885502944660646
ENSG00000143418,0.0003814569673018152,0.0013549875735187217
ENSG00000185730,0.0003810223750472354,0.0011080177649526117
ENSG00000124782,0.0003797813788549403,0.00359557900335663
ENSG00000081237,0.00037944248712313666,0.007203815566051359
ENSG00000154642,0.0003768032248231151,0.004337330071646531
ENSG00000154229,0.0003758857511622122,0.0018177095693375999
ENSG00000046651,0.0003751818070438537,0.0010244409511998092
ENSG00000148690,0.00037349997241750894,0.0012068105380919167
ENSG00000122566,0.0003734811959194533,0.004492962544708946
ENSG00000108406,0.0003733351934369673,0.0006607443839691267
ENSG00000174437,0.0003724131095372658,0.007140537445751575
ENSG00000269556,0.00037180662414838307,0.0011182432941043772
ENSG00000162909,0.0003704460050526326,0.0021015324359896976
ENSG00000116906,0.00037036167542671276,0.0028883007429429354
ENSG00000083312,0.00036992464620216853,0.0020278365426824605
ENSG00000118513,0.0003698550729675926,0.005519382021916065
ENSG00000100749,0.0003694314667052846,0.0011190008846208132
ENSG00000109685,0.0003690971623238747,0.00405509449312571
ENSG00000184992,0.0003686270627201016,0.00105936897588138
ENSG00000109971,0.00036454362683512016,0.0024737697748245103
ENSG00000127511,0.00036414135450339046,0.0017408643955203872
ENSG00000163600,0.0003602796524686553,0.003311699441846535
ENSG00000164091,0.0003601665461525188,0.0057495610039425
ENSG00000113615,0.00035892879892864243,0.0016149555391965391
ENSG00000156599,0.000358371355487716,0.0015439258608785655
ENSG00000159884,0.0003579789280453093,0.0009338024579619341
ENSG00000136731,0.0003579186539275839,0.0015441350343482106
ENSG00000077150,0.0003571852607872414,0.0028865840443725132
ENSG00000164400,0.0003567015522401727,0.0029013302835193154
ENSG00000048392,0.0003560058471038504,0.003032188712217076
ENSG00000169139,0.0003556764128721818,0.003836075713518785
ENSG00000009307,0.0003555192547312754,0.0018644861284894878
ENSG00000130706,0.00035491190309340016,0.0010922594268760126
ENSG00000205060,0.00035307041126695726,0.0012667455938310107
ENSG00000163472,0.00035215552638802984,0.0014518091557185208
ENSG00000113580,0.00035187198503166216,0.0044867076149117105
ENSG00000141401,0.00035151994292948764,0.0008664756984483382
ENSG00000104047,0.0003510654882994992,0.00137714671870365
ENSG00000189043,0.0003510262433735727,0.00263319733090863
ENSG00000117036,0.00035079964409356836,0.00239429911699489
ENSG00000162772,0.00035000080797169855,0.0028974061960805706
ENSG00000178057,0.00034739407484001933,0.001712159778306813
ENSG00000104983,0.00034552872875175095,0.0008085663316824743
ENSG00000164494,0.0003438890286327085,0.0017018226286539088
ENSG00000108963,0.00034372781398560467,0.0013947578457922593
ENSG00000136802,0.0003415567375384766,0.0015713863025245362
ENSG00000267796,0.00034119301870774016,0.0012067808970033136
ENSG00000134516,0.0003408603359355292,0.0016784747039762671
ENSG00000147853,0.00034035300112106163,0.0015357002540743016
ENSG00000164442,0.00034009364382178297,0.0012252054375109995
ENSG00000085274,0.0003395667361969909,0.0008449572319966464
ENSG00000139428,0.00033945682812983453,0.0011093873787894736
ENSG00000128340,0.00033912604715313603,0.0012901366119433843
ENSG00000132003,0.000338309885055198,0.001492947124135472
ENSG00000101082,0.00033798024357721367,0.0037180839212871183
ENSG00000105771,0.0003376466969359928,0.0008642449936311942
ENSG00000185716,0.00033553910836564945,0.0008251693829451079
ENSG00000197111,0.0003350119822283785,0.0013192448082297954
ENSG00000166888,0.0003349568163159769,0.005076881781998614
ENSG00000119965,0.0003323540455015308,0.0006557873512808938
ENSG00000105220,0.0003319242788743018,0.0018488311304780747
ENSG00000151702,0.0003315149602995289,0.0036514937742620954
ENSG00000109332,0.00033129411919155896,0.0015606191700844347
ENSG00000187531,0.00033045640700615216,0.0017850410270070104
ENSG00000116874,0.0003297544213689336,0.0011864534710197224
ENSG00000146757,0.0003294526467257109,0.001338880919278245
ENSG00000125304,0.0003294432958460059,0.0010406368125356104
ENSG00000196712,0.00032718033479436996,0.00268765464147167
ENSG00000123395,0.00032652385032635854,0.0009606523458485105
ENSG00000169180,0.0003263497552784171,0.001027767909558801
ENSG00000160785,0.00032563314584065236,0.0036759871957461293
ENSG00000089063,0.0003252395118815354,0.0015395096940085896
ENSG00000256269,0.00032521368760103343,0.0010292702969487753
ENSG00000072415,0.00032476447213105556,0.00225520763593586
ENSG00000183813,0.0003234104114772081,0.0021036992999822106
ENSG00000072401,0.00032261307497886835,0.0007508039568015827
ENSG00000148229,0.0003219812369453532,0.001122893823658771
ENSG00000156515,0.00032177939224408423,0.0009492991340915236
ENSG00000011478,0.00032155575384871447,0.001209695312033469
ENSG00000167618,0.00032053648892640285,0.001746649911954636
ENSG00000130560,0.00031946199030843643,0.0010266229461526769
ENSG00000165699,0.00031903273270712855,0.0022775754354657832
ENSG00000198826,0.00031801320251069486,0.001751247328363133
ENSG00000075415,0.0003175837123399773,0.000979170118009523
ENSG00000070495,0.0003171581711794812,0.000929227016069467
ENSG00000102034,0.00031669198065791216,0.002414136039190438
ENSG00000147454,0.00031650805252894437,0.0007268858682365342
ENSG00000168286,0.00031607178684999463,0.0010765472516960878
ENSG00000155959,0.0003158346635455054,0.00106820812608417
ENSG00000028277,0.0003158085217417065,0.002198662450668239
ENSG00000122971,0.00031467412821576063,0.0011465749528528609
ENSG00000135040,0.0003144691466012282,0.0009890208145689181
ENSG00000147526,0.00031404231282706433,0.0011915100816819045
ENSG00000124201,0.00031276136530965134,0.0006685007495019369
ENSG00000119402,0.00031261425742786636,0.0010410840311685494
ENSG00000102172,0.0003119413907421624,0.001452731102073378
ENSG00000176371,0.0003113608221409232,0.001326805012958308
ENSG00000128567,0.00031110467114492656,0.0018556418496320762
ENSG00000111537,0.00030935110420023993,0.004380886310173515
ENSG00000139921,0.0003089641723894217,0.002245705719653828
ENSG00000077420,0.000308202797451387,0.0015344743884690138
ENSG00000156500,0.0003076576610551878,0.0007756813120259193
ENSG00000100644,0.00030729819878041445,0.011322368836248323
ENSG00000172301,0.0003070071259714164,0.0015461965720613901
ENSG00000175324,0.00030691352639729947,0.0008992844025042842
ENSG00000163344,0.00030599464979527805,0.006911246065011837
ENSG00000138621,0.0003055242297817074,0.0009029410875094786
ENSG00000168404,0.0003051819410316112,0.0025635710460581965
ENSG00000185619,0.0003047404167939963,0.001104917150579145
ENSG00000101811,0.0003044059481745899,0.0007729333092723214
ENSG00000172171,0.00030348696380744434,0.0011591739249655175
ENSG00000123124,0.00030275908122340235,0.0022917274781305216
ENSG00000092148,0.00030247270338683665,0.0010309365496961583
ENSG00000174718,0.0003018803562661916,0.0016197519701110627
ENSG00000145675,0.000301550135595657,0.0020253302187294483
ENSG00000104613,0.00030147721420359456,0.0018594171130164759
ENSG00000090905,0.0003011392489569376,0.0016060569575062345
ENSG00000131591,0.0003004270500740747,0.0008898956927098461
ENSG00000187257,0.0003003827206514366,0.0014574590107572574
ENSG00000155380,0.00029948009604810873,0.000974271354531907
ENSG00000135002,0.0002984597848650691,0.0014341651440774952
ENSG00000128596,0.00029834077191770827,0.0014041341865479687
ENSG00000186480,0.0002981962246726784,0.0017359470046823134
ENSG00000124496,0.0002981734471781915,0.0020360815405815113
ENSG00000198860,0.0002979986267996488,0.0006759436640729832
ENSG00000126775,0.0002977416184473128,0.0012901170639539642
ENSG00000124783,0.0002972014480605311,0.0012393651091884214
ENSG00000091732,0.00029696550788250184,0.0018331218491636687
ENSG00000169926,0.00029648230371943864,0.0033824378002905186
ENSG00000172086,0.0002961931788693528,0.0015563519200656464
ENSG00000148343,0.0002960783050500046,0.0011236945041394992
ENSG00000118971,0.00029502530618436186,0.0010036408877316261
ENSG00000100591,0.0002948513519678643,0.0010563193868063608
ENSG00000160584,0.0002942524302147511,0.002478959552435986
ENSG00000178562,0.00029295464414445295,0.0025139866290851383
ENSG00000167671,0.0002928393868267806,0.0017776069878045401
ENSG00000170836,0.0002922233760948068,0.0011536614523229606
ENSG00000101160,0.0002919103341378541,0.0011822832047318867
ENSG00000169032,0.0002914927917034281,0.0017670951912546133
ENSG00000278540,0.0002910338837006396,0.000759224115701668
ENSG00000179364,0.00029058065477909886,0.0013236137037163913
ENSG00000082641,0.0002901034635703287,0.00284334188822628
ENSG00000153561,0.00029003286884498323,0.0017506567001042725
ENSG00000188186,0.00028894735611655,0.0011840251091032135
ENSG00000139505,0.0002878679757087209,0.000983665083547743
ENSG00000148824,0.00028783071909641017,0.0013646972349215267
ENSG00000100325,0.00028720830348296316,0.0008022933670697866
ENSG00000132718,0.0002870343044996841,0.0014876145514698576
ENSG00000163191,0.0002859637066362491,0.0010567314748646602
ENSG00000172765,0.0002853751197650812,0.0008461384707815587
ENSG00000160679,0.0002852754939182866,0.0011488321982625106
ENSG00000080824,0.00028522566106913217,0.002568180720199202
ENSG00000119725,0.00028475455483824183,0.001658085841127269
ENSG00000147408,0.00028419365163689936,0.0007420105228235592
ENSG00000143119,0.000283902478584877,0.0014894899990327668
ENSG00000104447,0.00028334912170737737,0.0031146039952322916
ENSG00000146457,0.00028213482114818685,0.0022245466920314382
ENSG00000143363,0.0002819421578069133,0.0016965271364146814
ENSG00000079313,0.00028135519350396405,0.0016669642493369753
ENSG00000172465,0.00028077742363226356,0.0015057986479196795
ENSG00000124571,0.0002803584398278298,0.00101678323601772
ENSG00000074695,0.0002794507561726748,0.0010972930078756008
ENSG00000100612,0.00027912907193955997,0.0014045980744162784
ENSG00000116199,0.00027857378004258424,0.0010297183489599271
ENSG00000150995,0.00027826426390682637,0.0013757669795619748
ENSG00000150907,0.00027806992314543166,0.006680722144035798
ENSG00000130787,0.00027798610649314756,0.0016855957121927894
ENSG00000221823,0.000277080434690109,0.0017312614936801805
ENSG00000166503,0.0002765628826409419,0.0015051628531723192
ENSG00000173281,0.00027643239793058693,0.0015940505554540097
ENSG00000115289,0.00027543706018379204,0.004930176545389313
ENSG00000140521,0.0002753373889871648,0.0014899922112836838
ENSG00000167130,0.00027433676597366196,0.0021253046079564037
ENSG00000109220,0.0002738665762809896,0.0027382503406419524
ENSG00000143753,0.0002730763696279752,0.0011322686675905697
ENSG00000218891,0.0002729707328953844,0.000903755605265897
ENSG00000126602,0.00027227001708334843,0.001462394914569888
ENSG00000165392,0.00027194364329321673,0.0018220300305960629
ENSG00000019582,0.0002717267880071327,0.0020901360999686382
ENSG00000166886,0.00027172517093068286,0.0036279923658546344
ENSG00000015171,0.0002712006240983296,0.0033498513765395804
ENSG00000078596,0.00027111766833960683,0.0011405823715562315
ENSG00000160803,0.0002709823648794832,0.0006432966123805335
ENSG00000023892,0.00026930817698210454,0.0011635858754931684
ENSG00000198746,0.00026896910423477395,0.0018771889221513907
ENSG00000102879,0.0002688444640993994,0.002432511055721042
ENSG00000178951,0.0002684944602019068,0.0030538137140556556
ENSG00000066827,0.00026733360488469916,0.0012435401549783771
ENSG00000107341,0.0002671808985149809,0.001262048970316151
ENSG00000162636,0.0002663955262558988,0.0005980047803851163
ENSG00000111412,0.00026632020778356733,0.0008203984877382048
ENSG00000136319,0.0002662210520882882,0.0014978075391581457
ENSG00000186591,0.00026615800160010303,0.002481763459174866
ENSG00000164543,0.00026610277964751294,0.0014699296878602362
ENSG00000184182,0.0002646638677117923,0.001312937834592499
ENSG00000206527,0.0002643882361791304,0.0007916404505702746
ENSG00000197323,0.00026428298611035837,0.0010886363711155266
ENSG00000132274,0.0002641969488092053,0.0029096862778466184
ENSG00000172270,0.0002637636344821558,0.0011520958838299002
ENSG00000104517,0.0002636948687909665,0.0015476293340230172
ENSG00000134326,0.00026344429612360843,0.0016278484780469908
ENSG00000136560,0.0002626847609974862,0.0015443062014584407
ENSG00000108064,0.0002625260327357287,0.004453383309322654
ENSG00000137076,0.00026228623272066823,0.0013219108542858267
ENSG00000112146,0.0002622154484135293,0.0013495350065705067
ENSG00000068308,0.00026221448581311845,0.0012847402024060545
ENSG00000009335,0.00026217850897715156,0.0012437806784812717
ENSG00000166681,0.000261905871680532,0.0010680273331189773
ENSG00000119723,0.0002598542680144673,0.001163982162460016
ENSG00000183323,0.0002589827592032341,0.0007446511473498717
ENSG00000204356,0.00025851649713831107,0.0006807149746533725
ENSG00000185989,0.00025836427446344597,0.0016365261946889574
ENSG00000126464,0.0002581522214293518,0.0010760732425217539
ENSG00000101224,0.000258033540255573,0.0018976033651963394
ENSG00000136982,0.00025799471517890275,0.0007567740824279557
ENSG00000156990,0.00025758170874053506,0.0006826973069822003
ENSG00000105708,0.00025754822726733166,0.0007697691725860399
ENSG00000065518,0.00025749662537171537,0.0010647185395148276
ENSG00000124126,0.00025721174206160344,0.0009367458168247473
ENSG00000171135,0.0002571782110542241,0.0016557678248975008
ENSG00000204231,0.00025702055007934525,0.001321011645897196
ENSG00000176953,0.0002570008258202407,0.001251197647346811
ENSG00000066117,0.00025692344021362087,0.0011547962030893204
ENSG00000184619,0.00025683369524950633,0.0013918361379111884
ENSG00000164548,0.0002566112728178016,0.0012423989073139091
ENSG00000101126,0.0002561655974230791,0.0011966247750991564
ENSG00000121864,0.0002560771332005589,0.0006465130745342939
ENSG00000139637,0.0002558357926186599,0.0011093353169975885
ENSG00000167447,0.0002558024287050619,0.0009113602212414369
ENSG00000135119,0.00025571769595141404,0.001008116411637508
ENSG00000048028,0.0002552868738442759,0.002381256068094485
ENSG00000198841,0.0002549992215748576,0.0013751666730430583
ENSG00000164323,0.0002543519011100304,0.001080728355308458
ENSG00000075426,0.0002542964695505403,0.0031870236129210067
ENSG00000054967,0.0002541769722907869,0.0011332252951637267
ENSG00000090097,0.00025387694426570647,0.001992003871347934
ENSG00000132153,0.0002538360277482089,0.0009757579966422912
ENSG00000008517,0.00025383532600513575,0.0028877984767210537
ENSG00000198252,0.0002538316435749526,0.00137789419212498
ENSG00000100348,0.0002536675366671803,0.0007450169922347733
ENSG00000111727,0.00025333763580074817,0.000749721093682777
ENSG00000136827,0.0002529560285599586,0.0012120328410612292
ENSG00000101457,0.000252369167376764,0.00224761556594035
ENSG00000136940,0.0002516466872094321,0.002405223033560087
ENSG00000154589,0.00025060392260915554,0.0009111954135377432
ENSG00000116353,0.0002504910966342271,0.0004785924088567481
ENSG00000166949,0.00025029352974371,0.006194377193888106
ENSG00000175155,0.0002496564899069076,0.0012763304940340682
ENSG00000172005,0.00024944679318120947,0.005031944607585739
ENSG00000197780,0.000249334942767054,0.004346808771312094
ENSG00000144560,0.0002491600458668926,0.0006323308962225673
ENSG00000116001,0.00024910965943246704,0.002617657361790419
ENSG00000110917,0.0002480966917948658,0.0019725504350350488
ENSG00000003756,0.0002478424894587012,0.0006977681942401579
ENSG00000147316,0.0002476371571439154,0.0010981973309449418
ENSG00000134294,0.00024730501034842797,0.0014843627061451898
ENSG00000166164,0.0002469672630184109,0.002481199814213448
ENSG00000116698,0.0002466039321883638,0.0023235505085293776
ENSG00000160551,0.00024606261961996847,0.0013249345337320358
ENSG00000115216,0.00024604741964851976,0.0012573313627286867
ENSG00000158470,0.00024534195843834507,0.002724402061847923
ENSG00000104951,0.00024527874168261336,0.0021629494579535648
ENSG00000149091,0.00024502483150450223,0.0014549096563193054
ENSG00000152778,0.0002449697769854277,0.0006451220561956043
ENSG00000108312,0.0002441842339351201,0.0045179289233729936
ENSG00000120860,0.0002436927115779576,0.0009404058685565372
ENSG00000180644,0.00024333970728274525,0.002105489023328532
ENSG00000125944,0.00024318114785169413,0.0007780189817726457
ENSG00000119522,0.00024310182683544838,0.0006832449346929816
ENSG00000153551,0.00024292124665800874,0.0030970188348129566
ENSG00000101040,0.0002427667424597666,0.0010654888867579738
ENSG00000154511,0.00024141401571282022,0.0017944583273849255
ENSG00000158062,0.00024102236955343023,0.000996582332834327
ENSG00000149480,0.00024051029445803598,0.004530427786215564
ENSG00000112282,0.000239972101102503,0.003794589413489829
ENSG00000167118,0.00023943038366607583,0.0018907027743441834
ENSG00000089177,0.0002394257875238783,0.0011071030671557939
ENSG00000189079,0.00023920013996312224,0.0012961615365486097
ENSG00000084652,0.00023916047581493696,0.0015120012322272548
ENSG00000168439,0.00023845294285690022,0.0017084276833906683
ENSG00000033327,0.00023841139024911187,0.0008074317424994575
ENSG00000204388,0.00023834025657141366,0.0009232648973324698
ENSG00000138081,0.00023755741916892567,0.0017758181894429036
ENSG00000104964,0.00023738070766580755,0.0036703859237417246
ENSG00000140386,0.00023630751467516002,0.0009878186688080388
ENSG00000068024,0.00023624941707259755,0.0037781489888210696
ENSG00000198162,0.00023562522172876303,0.0017774036224414982
ENSG00000171988,0.00023534790964539694,0.001059058979012877
ENSG00000157823,0.00023533006909645389,0.0007128273682362064
ENSG00000139154,0.0002350118162584986,0.001538308269807895
ENSG00000185875,0.00023493491397518453,0.0009899210806695918
ENSG00000136243,0.0002345916140262565,0.0010372617016284201
ENSG00000136717,0.00023446709144189136,0.004288722472634199
ENSG00000138378,0.0002342625634738626,0.0024011776220453883
ENSG00000174574,0.00023401081749647415,0.0008826557034804482
ENSG00000077238,0.00023360285684660925,0.0012100324636102413
ENSG00000120733,0.0002334555542164228,0.001286815844877372
ENSG00000143374,0.0002331980000254481,0.0012053565743907447
ENSG00000081760,0.00023289902093485444,0.0007213999818517825
ENSG00000105221,0.0002327027316912781,0.0007188476788530592
ENSG00000102908,0.00023232367522236014,0.004268756112066076
ENSG00000164022,0.0002318475655194893,0.0009410056622463927
ENSG00000197020,0.00023181767300510994,0.0006372435259999761
ENSG00000189241,0.00023176086888324526,0.0013466924143598967
ENSG00000107929,0.00023147728919351457,0.0009616328893901029
ENSG00000140044,0.00023137528803774223,0.0029008734889101823
ENSG00000122359,0.000230844755788639,0.001980466352893463
ENSG00000143437,0.00023084013077367277,0.009195872982050402
ENSG00000166471,0.0002304510318577686,0.0010142050694234503
ENSG00000138381,0.00023039448982699584,0.0009769040263700437
ENSG00000177051,0.00023002906193139749,0.0010447159534208307
ENSG00000140968,0.00022995645336941538,0.0033861915912555473
ENSG00000139323,0.00022988239452934346,0.0007676360865671765
ENSG00000155090,0.0002297247406572244,0.0033874938665898074
ENSG00000169714,0.0002290485443120671,0.005025636636370009
ENSG00000164300,0.0002285405627055341,0.0010324412041798584
ENSG00000122966,0.00022827739101910935,0.0011049426493691438
ENSG00000100294,0.00022771326744736858,0.0008231923793648674
ENSG00000164603,0.0002275129426003628,0.0007448381290118029
ENSG00000156787,0.0002275091581667439,0.0010698470619684359
ENSG00000076067,0.00022750369591026032,0.000800260706231689
ENSG00000012822,0.0002271854679226346,0.0014144252909446364
ENSG00000167613,0.00022678165506513122,0.0019906330213555214
ENSG00000120254,0.0002267216175632154,0.0012564894413289892
ENSG00000065882,0.00022636538820617347,0.0010748277565593093
ENSG00000114737,0.00022634601235062157,0.002467326814533299
ENSG00000254505,0.00022578391041147962,0.0018571642599145906
ENSG00000175782,0.00022563714478761549,0.0012021998305162384
ENSG00000084070,0.0002255123663021909,0.0011381100730703665
ENSG00000241058,0.00022549988834100475,0.0015823229787100515
ENSG00000100030,0.00022547544850013505,0.0015650055207841556
ENSG00000105835,0.00022546403842679558,0.0010244804555363605
ENSG00000119812,0.00022473472076529465,0.0007044929497407875
ENSG00000169715,0.00022446903173740012,0.001355979692522349
ENSG00000115275,0.00022405370559663905,0.0010845389150164401
ENSG00000148396,0.00022403426667223387,0.0015883347746051414
ENSG00000067057,0.0002236827474973505,0.0012366909255977184
ENSG00000119231,0.00022315534948012957,0.008909549827352741
ENSG00000115419,0.00022282776250668096,0.0013034767080163507
ENSG00000100650,0.00022248127948267446,0.0007684321951907113
ENSG00000172354,0.00022246465390824517,0.0016292686690977482
ENSG00000275052,0.0002223249854203289,0.0011653639073102718
ENSG00000128829,0.00022229812877231787,0.0010762283140947535
ENSG00000168890,0.00022218591656058957,0.000851644915481549
ENSG00000160087,0.00022211001867411764,0.0006809096668591579
ENSG00000164164,0.00022197100986037183,0.0014193057715036113
ENSG00000152242,0.0002218934104876413,0.0010447873086159934
ENSG00000125814,0.0002217590271761051,0.0009227327975256663
ENSG00000147121,0.00022159227777155885,0.0008682945922718285
ENSG00000168056,0.0002215353399891538,0.0009229303310901737
ENSG00000111832,0.00022136406558306815,0.000845780896562126
ENSG00000131504,0.00022123041255333554,0.0009877808048576622
ENSG00000167740,0.00022064442000613833,0.0007830118775050019
ENSG00000008838,0.00022047782582036685,0.001851827884913223
ENSG00000122008,0.00022046515302796943,0.0011513231037813259
ENSG00000119777,0.00022030016824473766,0.0011606158770423878
ENSG00000138071,0.0002195980465768547,0.0014389802948505544
ENSG00000116017,0.0002194941407584038,0.0021727296611121962
ENSG00000149532,0.0002188531038801002,0.0009610658138179777
ENSG00000132357,0.00021818731019113914,0.0013607833028100437
ENSG00000196821,0.00021793601754942053,0.0008180762447276679
ENSG00000171612,0.00021749774685855187,0.0012784516624127797
ENSG00000197157,0.0002173398904377058,0.0012905182721994275
ENSG00000214338,0.00021727518911504164,0.0009733920266787345
ENSG00000115762,0.00021684894835938842,0.0007664382038895499
ENSG00000074356,0.0002167071597105056,0.001249747762385734
ENSG00000111684,0.00021670302623328798,0.00204155702308585
ENSG00000165476,0.00021650332636328768,0.0008568979350824573
ENSG00000100897,0.00021599419040807676,0.0010923441289136001
ENSG00000112697,0.00021528737748457524,0.0013764735650300876
ENSG00000110321,0.00021514155890177934,0.003106957214035601
ENSG00000117505,0.0002151343819077474,0.0025086628356394843
ENSG00000074842,0.00021501577517083707,0.0010593428701785622
ENSG00000115091,0.00021498989841982113,0.0016935681708532193
ENSG00000028116,0.00021461779364666692,0.0006846614885249489
ENSG00000197747,0.0002145191864309598,0.0014073773809173565
ENSG00000144791,0.00021412074268848286,0.003107957415893121
ENSG00000096968,0.00021358405377716038,0.0017657009101443603
ENSG00000204475,0.00021339809613007797,0.0011908130505312784
ENSG00000139914,0.00021320065066443762,0.002263721904208723
ENSG00000197016,0.0002130217888388794,0.0019506968893228378
ENSG00000160194,0.00021273895278143212,0.0015731943743390146
ENSG00000011275,0.00021255705137847693,0.0006536763638791015
ENSG00000275302,0.00021248195466895515,0.004134899215170929
ENSG00000108179,0.00021225852357678135,0.0006880368001769501
ENSG00000094916,0.0002121672981351832,0.0014827560878648198
ENSG00000107077,0.00021183203440463776,0.003427649364836814
ENSG00000109133,0.0002117943217650437,0.0010207181737320278
ENSG00000114120,0.0002116977783666801,0.0007847427081272081
ENSG00000156502,0.000211536692161731,0.000910027127599358
ENSG00000133678,0.00021134228739540876,0.0010444031207412945
ENSG00000168813,0.0002111046579820225,0.0010807146483424487
ENSG00000170296,0.00021073531761284443,0.0008763253589865369
ENSG00000198951,0.0002106471603965545,0.0008830519425170802
ENSG00000205302,0.00021061050771883347,0.0006254414812587223
ENSG00000116679,0.00020977104967824205,0.0015176022320470696
ENSG00000090316,0.0002090631556248381,0.0009072807844218514
ENSG00000173214,0.00020880994535720643,0.0008503527702130985
ENSG00000153944,0.00020861329023863102,0.0006095793628356897
ENSG00000116678,0.00020840789279321373,0.0008588327338227416
ENSG00000134910,0.00020829053755841228,0.0012061283499868545
ENSG00000105793,0.00020817060243582926,0.0007968067710428159
ENSG00000213619,0.00020812840587855228,0.0006754220318345661
ENSG00000145649,0.00020788134220305887,0.002459502828396947
ENSG00000054267,0.0002074320589802101,0.0011341816023205718
ENSG00000179933,0.00020729371005664756,0.0007635420695573068
ENSG00000175768,0.000207178974659564,0.0011095722423943763
ENSG00000164284,0.00020714103633494397,0.000809414924551334
ENSG00000110871,0.00020708008076086867,0.0008233561091351949
ENSG00000170955,0.00020692888171207485,0.0005120186317882851
ENSG00000135457,0.00020681812485603968,0.002017038725849715
ENSG00000156709,0.00020678684186972154,0.0016374349951418334
ENSG00000134884,0.0002062306871196376,0.001229793940782638
ENSG00000183172,0.00020617988259436372,0.0011499452201534021
ENSG00000138002,0.0002057264914615349,0.001154995688947993
ENSG00000185920,0.00020534116376861103,0.0019194294538376496
ENSG00000101608,0.0002051816140520701,0.0009168700374735837
ENSG00000181830,0.0002046363621778282,0.0008139600335500375
ENSG00000172244,0.00020440628819013096,0.0008873436632050582
ENSG00000132906,0.00020434550964102712,0.0007753467313828231
ENSG00000130748,0.0002043107659919345,0.0006883353186031704
ENSG00000169019,0.0002042952969508121,0.0012410749308527868
ENSG00000149483,0.00020414729203133475,0.000729934908063591
ENSG00000197296,0.00020407252494920758,0.0005099486188053877
ENSG00000157557,0.00020395722977803826,0.003955802444729416
ENSG00000132481,0.0002039488234320708,0.0007942502195994075
ENSG00000115806,0.00020338521839450852,0.001839067781598081
ENSG00000049192,0.00020291376741749198,0.0012981958959762997
ENSG00000134108,0.00020268167390316964,0.0008873314245633728
ENSG00000125249,0.0002026810369743155,0.001056678566535289
ENSG00000054118,0.00020262145754604998,0.0013212875179580345
ENSG00000104388,0.00020247594365791895,0.0008750882146732211
ENSG00000151612,0.00020169364056370654,0.0008485061832876396
ENSG00000138190,0.00020150550409984332,0.00063929652388668
ENSG00000058272,0.00020144685930651143,0.001129279612682352
ENSG00000163214,0.0002012626841421353,0.0008934207639788805
ENSG00000103194,0.0002012618272068472,0.001319281251654188
ENSG00000170871,0.0002010247573635491,0.0005594562974632561
ENSG00000110057,0.00020091400305969104,0.0007551255081849526
ENSG00000013725,0.0002007873771598651,0.0005944356794666753
ENSG00000136279,0.00020051956871066683,0.0013024916177139462
ENSG00000083642,0.00020034206456757793,0.0008747174780477183
ENSG00000141568,0.00020025019834408659,0.002299895268821566
ENSG00000154889,0.00020024004959199934,0.0007475011475893175
ENSG00000148840,0.00020021179204807787,0.0013977511692116792
ENSG00000153310,0.00020020219049217414,0.0029777446224724985
ENSG00000189164,0.00019991558813091728,0.0009488686616282145
ENSG00000081985,0.00019973373235777136,0.0015063630725289951
ENSG00000061273,0.0001997273228635312,0.002750785748212246
ENSG00000170906,0.00019972442979568667,0.0011395951221722853
ENSG00000197312,0.0001996274218762861,0.0005120695388315323
ENSG00000152234,0.00019951130269298914,0.0010731123330143283
ENSG00000155957,0.00019939613846878295,0.0007419204623505141
ENSG00000072786,0.0001993686842539655,0.0005715153343723821
ENSG00000154930,0.00019909669957758787,0.0011730685302457709
ENSG00000031823,0.0001985044316485943,0.001251023787032332
ENSG00000158711,0.00019845573570701088,0.0025385743219184403
ENSG00000274523,0.00019829412061409828,0.0008104276314907079
ENSG00000198792,0.0001981099647193847,0.002910677500973597
ENSG00000125753,0.00019800244729443925,0.0015823095672898302
ENSG00000166452,0.00019785057456829882,0.0007530524941155764
ENSG00000154127,0.0001976230558666976,0.0013029028110710884
ENSG00000159388,0.00019747683307051175,0.0023859294927804017
ENSG00000117091,0.00019743182513806885,0.0008868478575113646
ENSG00000088543,0.0001972602422013961,0.0007774515345813479
ENSG00000116649,0.00019715339861742137,0.002075470276696093
ENSG00000143933,0.00019689081385474558,0.0022260585206291222
ENSG00000100461,0.00019659462210776525,0.0007250303430228629
ENSG00000118007,0.00019640122902439327,0.001131532886138634
ENSG00000114850,0.00019607767702166834,0.0016549267690993427
ENSG00000067066,0.000196025235595857,0.003867539348885341
ENSG00000119969,0.00019595096459721386,0.0014297524470787693
ENSG00000176853,0.0001955258045242512,0.0008940247523174052
ENSG00000121807,0.00019541545080187293,0.0008406033291250466
ENSG00000079459,0.00019540033368957053,0.0006676184600346712
ENSG00000066135,0.00019538772951917054,0.0019489038497709304
ENSG00000101945,0.0001951598871850619,0.001255179009984575
ENSG00000111237,0.00019495521292032882,0.0016400762025896604
ENSG00000119321,0.00019493753461674468,0.000783394160181324
ENSG00000137776,0.00019492464270350074,0.0016482441710037273
ENSG00000007080,0.00019478292354607645,0.0011585817842158697
ENSG00000120899,0.00019474658150765681,0.001668647953355035
ENSG00000132356,0.00019471250126443967,0.0007798739683429561
ENSG00000130475,0.0001937070658872696,0.0012756316653173537
ENSG00000254685,0.00019310690488765598,0.0010457564562475407
ENSG00000111424,0.00019308858610748693,0.005030985934143658
ENSG00000114209,0.00019221828767956783,0.0038983709780336636
ENSG00000138134,0.00019215960981328517,0.0011406943758262048
ENSG00000159063,0.00019210183112526583,0.0011619295401138127
ENSG00000137078,0.000192016386222365,0.0008366940877106228
ENSG00000170264,0.00019188221063065353,0.0022693628213699673
ENSG00000164169,0.00019141129080952365,0.0010286306248652776
ENSG00000077147,0.00019128722414795334,0.0010774223226024267
ENSG00000105173,0.00019100646097190173,0.0010682679410622762
ENSG00000102805,0.0001908558173019241,0.0004928688869014508
ENSG00000129353,0.0001907084593399227,0.000587769544569125
ENSG00000163508,0.00019067227536231573,0.0032731926950060317
ENSG00000166747,0.00019062428297222283,0.0008010859307589196
ENSG00000168214,0.0001904740876522887,0.0019952460351904825
ENSG00000163686,0.00019024914456642768,0.000756774627522853
ENSG00000065613,0.0001901709061087934,0.0008491354232830033
ENSG00000113522,0.00019011264795701314,0.002671814414446996
ENSG00000196139,0.0001900215852135304,0.0008758846736642681
ENSG00000112242,0.00018946512517184456,0.0033003817133718948
ENSG00000130758,0.0001891071344718529,0.0007082906701250224
ENSG00000203485,0.00018888068630040422,0.0007615732007898937
ENSG00000107223,0.0001888235182305031,0.001917347475993971
ENSG00000139725,0.00018873201350455145,0.0011201517412502745
ENSG00000071655,0.0001882507528883112,0.0011672607859616534
ENSG00000062725,0.00018814445959751739,0.0006439595514533094
ENSG00000204859,0.00018811457531453657,0.0009475138970071509
ENSG00000110448,0.00018769935479664917,0.001647821456145695
ENSG00000254999,0.00018748839696158557,0.0014681447326570641
ENSG00000127191,0.00018732715038401282,0.000578711103564829
ENSG00000266412,0.000187205042312275,0.0012130464453426618
ENSG00000162377,0.0001865512350017636,0.0012842043208213497
ENSG00000135272,0.00018645288207566943,0.0015158292111000671
ENSG00000186265,0.00018615758539476966,0.0008602089648085548
ENSG00000171456,0.00018589963759178701,0.001535750611206495
ENSG00000160703,0.00018576278275166499,0.0012462079863551137
ENSG00000134086,0.00018555527258617868,0.003672710475312389
ENSG00000131697,0.00018535003619853053,0.0014862313001332917
ENSG00000100906,0.00018521763478049122,0.004078628720700122
ENSG00000143614,0.00018483322153229085,0.001298287594234078
ENSG00000123352,0.00018428459692525488,0.0008444619660148763
ENSG00000074935,0.00018427039933305875,0.000880900910206688
ENSG00000177556,0.0001841272266582666,0.001385970363679676
ENSG00000161904,0.00018407735176142348,0.0007964374409150821
ENSG00000063169,0.00018402993553268265,0.0005670073518360332
ENSG00000117523,0.00018399227027616108,0.001227168300873245
ENSG00000136026,0.00018377641175598808,0.0013056121598718719
ENSG00000066777,0.00018351726190730212,0.001202641332297465
ENSG00000121542,0.0001833696035034749,0.0015930342411732395
ENSG00000108604,0.00018327967277090987,0.0009692100051084042
ENSG00000112130,0.0001831984593469056,0.0011262836585644415
ENSG00000177082,0.00018309362995949576,0.0007614857558728399
ENSG00000108510,0.00018297592665092444,0.0015037092330639989
ENSG00000168884,0.00018277413260586856,0.0007445656639017447
ENSG00000197563,0.0001825397932099358,0.0006222940613234403
ENSG00000141540,0.00018233341021587165,0.0008301635466093815
ENSG00000104472,0.00018223558047937796,0.0005430174712740867
ENSG00000133250,0.00018194075763263394,0.0007639217940592776
ENSG00000179941,0.00018185814130484035,0.002021631702303521
ENSG00000189227,0.00018163420490669344,0.0006983114733624139
ENSG00000064012,0.00018125165468779188,0.0009017022514899498
ENSG00000119950,0.0001812403401914753,0.004818562552591749
ENSG00000176105,0.0001812256048319127,0.0010522559144966683
ENSG00000109854,0.00018095845648884022,0.0026564984593482194
ENSG00000198399,0.00018060292964294764,0.0016142426597608142
ENSG00000105722,0.0001805548908765369,0.003997227087367642
ENSG00000157350,0.00018054729992127892,0.0007263359435820201
ENSG00000183943,0.0001801954602203766,0.0008570503447289891
ENSG00000061337,0.00018004576885549724,0.0021046652646458212
ENSG00000138398,0.00017982933198250296,0.0007914575360063303
ENSG00000155287,0.00017979441841874336,0.0010067047448281872
ENSG00000156374,0.00017964010156648938,0.0009693793691893634
ENSG00000198677,0.00017943165444608752,0.0008084037868883262
ENSG00000160813,0.00017912476289678935,0.0010245641691999797
ENSG00000127586,0.00017891820525762705,0.001261374383710475
ENSG00000116539,0.0001788200264161833,0.002510704134455113
ENSG00000085185,0.00017855297487335767,0.0012767590520487257
ENSG00000164758,0.00017845887535871804,0.0009367549210809919
ENSG00000162777,0.0001783166094113847,0.0011526666106526622
ENSG00000101298,0.00017827845786405519,0.0016881285843956123
ENSG00000083544,0.00017780827833781696,0.0007110900879118639
ENSG00000005156,0.00017762471969736082,0.0011904919492970222
ENSG00000156273,0.00017718629046560558,0.003970003500189802
ENSG00000066455,0.00017693393563165608,0.0006369892403563764
ENSG00000078369,0.00017686136363970098,0.001118287671961733
ENSG00000152465,0.0001767712870680948,0.0011527061974469569
ENSG00000165102,0.00017657988599072965,0.0008479048985498804
ENSG00000138061,0.0001761966388247846,0.0011520826937824278
ENSG00000134324,0.00017614244697788524,0.0007571250854402939
ENSG00000169499,0.0001758536289183041,0.0007641198846192555
ENSG00000100201,0.00017545381352898062,0.0010306447699626302
ENSG00000083123,0.0001752167287519788,0.0009270228496845629
ENSG00000087842,0.000175145087282918,0.003219621461020254
ENSG00000186104,0.00017507959633264827,0.0006067257454485386
ENSG00000131473,0.00017507236721209975,0.002780461659626376
ENSG00000076513,0.00017488605318272924,0.0007206689624809106
ENSG00000137038,0.0001748225859551644,0.001078675047521672
ENSG00000123349,0.0001747085767022769,0.001400803910760423
ENSG00000077157,0.00017449449140995654,0.000634226262722915
ENSG00000176542,0.0001744036801472455,0.0007187261089444931
ENSG00000196526,0.0001740274836187908,0.0006867998444334248
ENSG00000184897,0.00017360438276306422,0.0016751889316867791
ENSG00000005020,0.00017354013310870217,0.00045506748989601587
ENSG00000181873,0.00017352949520015653,0.0021620021495466863
ENSG00000172869,0.00017322891205721343,0.0008968068708316469
ENSG00000198585,0.00017316811167570232,0.0005185706926876042
ENSG00000100221,0.00017305578883737124,0.0008085035913873933
ENSG00000135631,0.00017301959495065851,0.00045306854246632804
ENSG00000101191,0.0001727059412687821,0.0015503411958882806
ENSG00000182287,0.00017252839750937795,0.0019451100841437962
ENSG00000157693,0.00017225849836060233,0.0006973661442498824
ENSG00000105229,0.00017222497284993948,0.0025493867631652765
ENSG00000164077,0.00017160038027294166,0.00048002571154724227
ENSG00000148803,0.0001715579023220879,0.000672012447737643
ENSG00000114395,0.000171482188253609,0.0008549650965140507
ENSG00000198911,0.00017134703306223882,0.002630580886418035
ENSG00000115350,0.00017124039723549468,0.0006899106785338375
ENSG00000196843,0.0001711589799292694,0.0010894563215489356
ENSG00000167625,0.00017104675868804674,0.0006597541815944127
ENSG00000099942,0.00017074939387384826,0.0011498297675837034
ENSG00000177565,0.00017053787475007732,0.001802103805843324
ENSG00000198933,0.00017028093187726042,0.0007299410163254492
ENSG00000187049,0.0001701128380759335,0.0006264647391147292
ENSG00000116954,0.00017000044512624913,0.0009959089087097684
ENSG00000166582,0.00016989117641859927,0.0006428397830710638
ENSG00000149311,0.000169695059162571,0.004320577517667069
ENSG00000116128,0.00016940195472315547,0.002299033198220728
ENSG00000101544,0.00016937606451273462,0.0012726499461367948
ENSG00000164715,0.00016932123479921252,0.0008663440402896824
ENSG00000033867,0.00016916008527233795,0.0015589531574732884
ENSG00000104381,0.00016912596724984942,0.0013496470104767569
ENSG00000172175,0.00016906879858371443,0.0018468651547069892
ENSG00000167637,0.00016906363145546014,0.0008550519989972204
ENSG00000170191,0.00016885153876579004,0.0009772067208977258
ENSG00000188820,0.0001686670456644425,0.0010787136984760747
ENSG00000197930,0.00016866594123190145,0.0015025802659299286
ENSG00000125970,0.00016855148385240486,0.0009093143770150798
ENSG00000136603,0.00016853142073492314,0.003108972322971654
ENSG00000172578,0.0001683083613352317,0.0010062907169527343
ENSG00000271503,0.00016803187160876565,0.0030592265400286524
ENSG00000198551,0.00016785795455391035,0.003092085261840719
ENSG00000185201,0.00016779563259315336,0.0010462484161424435
ENSG00000150687,0.00016778414670399355,0.0007734619705864104
ENSG00000196284,0.00016766671145168502,0.004265664454539307
ENSG00000162734,0.00016764606044353044,0.0008951970351551797
ENSG00000116824,0.00016761075129826967,0.003422848366226298
ENSG00000182185,0.00016761039063282375,0.0011740935245184256
ENSG00000059573,0.00016750733965291393,0.0008914358495446648
ENSG00000173889,0.00016730695665283265,0.0007586553615655898
ENSG00000112893,0.00016726565363173803,0.001441405626596318
ENSG00000136381,0.0001669290295549844,0.0012544446762216724
ENSG00000141753,0.00016689082049478385,0.000575354392979738
ENSG00000188486,0.00016683655975396514,0.001032748532901295
ENSG00000027075,0.00016681827645177274,0.001028352655063724
ENSG00000146281,0.00016658934162084918,0.0006921931068919091
ENSG00000132849,0.0001659535237387562,0.0005288420640852396
ENSG00000124256,0.00016594452354797817,0.0005556441077074341
ENSG00000130803,0.00016593950569812786,0.0008058320016280517
ENSG00000120992,0.00016586048529890855,0.0006281171497320168
ENSG00000104814,0.000165798436637783,0.0009248688355036241
ENSG00000108039,0.00016578118679754243,0.0011484442715406552
ENSG00000174749,0.0001657356026619712,0.0007241308024540664
ENSG00000012061,0.00016562715690856405,0.0009899663562899397
ENSG00000106266,0.00016558411781389076,0.000420843146702661
ENSG00000056586,0.00016547419585434496,0.0006135442149857999
ENSG00000196233,0.0001654429294203739,0.0034207147409941463
ENSG00000139626,0.00016529963156121852,0.0019343867716533774
ENSG00000124098,0.00016528215839734366,0.0005512519647662209
ENSG00000100060,0.00016526784882084415,0.0011247337000448309
ENSG00000117394,0.00016521608154844398,0.0004397915646388999
ENSG00000120832,0.00016515687408203116,0.0014138073698567834
ENSG00000124610,0.000165155049361866,0.0007820855866100684
ENSG00000182541,0.0001650825508947217,0.0004638771004828682
ENSG00000165525,0.00016507637123410878,0.0014313989048146728
ENSG00000143155,0.00016485297963100753,0.001431045353525984
ENSG00000169429,0.00016483159474416773,0.0034794997434401723
ENSG00000119383,0.00016457453462793411,0.0008851449899509878
ENSG00000086758,0.00016453415489691724,0.0013794781252569007
ENSG00000058056,0.00016438481530270523,0.0014604351078050003
ENSG00000165046,0.00016413059790806344,0.0014215856273859355
ENSG00000063046,0.00016409725836732632,0.0018438918810513968
ENSG00000182307,0.00016360201111856516,0.0012043851507794947
ENSG00000198668,0.00016358536537227513,0.0009895050143456383
ENSG00000158195,0.00016338044894326285,0.0015769359251269672
ENSG00000234616,0.000163363042616947,0.0008227799758054957
ENSG00000020256,0.00016312553297174906,0.0005316078329103198
ENSG00000114857,0.00016239863009416474,0.0007528979937367164
ENSG00000134072,0.00016233424165156,0.0010850248946591826
ENSG00000107771,0.00016231934966736956,0.000951094685616928
ENSG00000078142,0.00016211521709084034,0.0007460505827933119
ENSG00000101400,0.00016202132683474366,0.001566736752486992
ENSG00000128039,0.00016189660280488662,0.0014163506863967693
ENSG00000148399,0.0001614832958234377,0.0008795102288020798
ENSG00000197785,0.0001614151101552749,0.0011456660045296042
ENSG00000163166,0.00016121773959867477,0.002846495356088054
ENSG00000108854,0.00016109432591119387,0.0030689854627564865
ENSG00000136758,0.00016087989778472387,0.0007983852998602361
ENSG00000197061,0.00016054229372899984,0.002714313481231571
ENSG00000005059,0.0001605206853348995,0.0007991964558580688
ENSG00000229676,0.000160515854940861,0.0011083493570366938
ENSG00000154165,0.00016028696597357553,0.0022364427288285044
ENSG00000154114,0.00016013206911143037,0.0007411292788889811
ENSG00000101310,0.00016008649702095896,0.0007487595581689533
ENSG00000159199,0.00016004728016084482,0.0013484467061836286
ENSG00000121210,0.00016000225571893246,0.002569082223467455
ENSG00000137871,0.000159689488463757,0.0018849102688463578
ENSG00000140320,0.00015966799157866323,0.0017301812696219074
ENSG00000087086,0.00015938299844702776,0.001721478979375182
ENSG00000064393,0.00015935156011408135,0.0020677636672281913
ENSG00000124422,0.00015920737243119715,0.0028138844109820327
ENSG00000196455,0.000159164243033019,0.001667588080928937
ENSG00000167528,0.0001586918778526025,0.002076280207392063
ENSG00000169188,0.00015855731462895901,0.0007352663876458047
ENSG00000114127,0.00015854038880882794,0.0015524431115811863
ENSG00000198931,0.0001583788879897387,0.000931357097168157
ENSG00000102103,0.0001583141309013119,0.0015677714802984266
ENSG00000005812,0.0001582051570339055,0.001074722112131506
ENSG00000183864,0.00015772298390172513,0.0008163853296091787
ENSG00000151413,0.00015765352657782733,0.0012901877842660572
ENSG00000148516,0.0001576073588401008,0.003322727122425705
ENSG00000057757,0.00015740871371537887,0.0008950562965817586
ENSG00000187239,0.00015736428506397994,0.001845739623990683
ENSG00000198055,0.0001571076363950463,0.0012831640922962451
ENSG00000170385,0.00015696257239246052,0.0005266942497382918
ENSG00000123933,0.00015668096286564618,0.00337989105393455
ENSG00000276180,0.0001566463456285736,0.001621923506317447
ENSG00000007264,0.00015644148059160986,0.0004297049843985305
ENSG00000159110,0.00015628925912005958,0.0006434044257972205
ENSG00000064687,0.0001561000100160434,0.0009076637895823824
ENSG00000119431,0.00015608335191729235,0.0017443786977544395
ENSG00000135930,0.00015599150017909868,0.0018415233251885264
ENSG00000161677,0.00015594159423459736,0.0009113736120504289
ENSG00000107864,0.00015587066479124686,0.0009526104010906649
ENSG00000171720,0.00015585774735401905,0.0039049800141325755
ENSG00000075539,0.00015584094238831902,0.0010062408194537005
ENSG00000177374,0.000155697128969221,0.0023488200757554845
ENSG00000067225,0.00015566823348144143,0.0022594943964029555
ENSG00000178467,0.00015547607387034882,0.0006684217237998308
ENSG00000213079,0.00015546101007458079,0.0012434727050152881
ENSG00000127022,0.00015508685827506893,0.0011425249999782847
ENSG00000178966,0.00015505395066444904,0.0008846311772903719
ENSG00000138101,0.00015504443049232475,0.0007539166140073716
ENSG00000168118,0.00015501067279590693,0.0006454245069466763
ENSG00000083799,0.00015499285674880944,0.0021624463814210472
ENSG00000089234,0.0001549669974341222,0.0007734968847877121
ENSG00000011376,0.00015496479780660518,0.0009428542422372007
ENSG00000173258,0.00015486410759260645,0.0015219624404990426
ENSG00000108639,0.00015454187768812718,0.0012755490522430698
ENSG00000205629,0.000154218941841356,0.0007186310742847887
ENSG00000144848,0.0001539404935148115,0.000845020199340848
ENSG00000118600,0.00015390193489265303,0.0006080706056636874
ENSG00000162735,0.00015384937497922861,0.0010379504044057786
ENSG00000183648,0.00015378921490803225,0.0010995257968831728
ENSG00000111145,0.00015377149518817324,0.003446442789836221
ENSG00000162642,0.00015371779144220235,0.001168542499922543
ENSG00000136877,0.0001537122191149396,0.0016475436850299271
ENSG00000178860,0.00015365130462051873,0.0025451404341786314
ENSG00000092841,0.0001534149535390298,0.0009773024670298774
ENSG00000152270,0.00015334754553617902,0.001135274512531011
ENSG00000124802,0.00015330391515521157,0.0006998635529937944
ENSG00000103257,0.00015326104390763165,0.0012540112431743747
ENSG00000228300,0.00015293382121122094,0.0007723868427665502
ENSG00000134815,0.0001528880675461539,0.00044382076673435926
ENSG00000103502,0.00015241883089254382,0.001224246563582381
ENSG00000006282,0.0001522285629542,0.0009137670344870656
ENSG00000110497,0.00015203065710399244,0.0009436766531248843
ENSG00000137513,0.00015189919174368608,0.0010820497853396695
ENSG00000275713,0.00015153200548737784,0.0020037583103119138
ENSG00000169813,0.000151316871745994,0.0024597396566159698
ENSG00000158480,0.00015117435481952295,0.0010479723790319893
ENSG00000072042,0.00015099740531675156,0.0008249045044699379
ENSG00000166938,0.00015098475979240432,0.0011227178531795536
ENSG00000065883,0.00015071702687688922,0.0012504251776930945
ENSG00000145391,0.00015052897447247844,0.0019170061093982398
ENSG00000197142,0.0001503868511180382,0.0013731829063003793
ENSG00000198218,0.0001502892909944514,0.0013178486643189598
ENSG00000087152,0.00015010272558921484,0.0023202945254787756
ENSG00000104365,0.00014999394274057298,0.0027013242559459655
ENSG00000173404,0.00014994933183714633,0.0006329992818014073
ENSG00000137409,0.00014991384079662728,0.00043238372099225586
ENSG00000168303,0.00014988867060378858,0.000524447526554613
ENSG00000119772,0.00014971087961928464,0.0030210686189687244
ENSG00000079819,0.00014963153325350974,0.0007501925413603864
ENSG00000129472,0.0001496215405873177,0.0011063485761036893
ENSG00000180900,0.00014953554349307364,0.0003259331582342044
ENSG00000157014,0.00014951933780705138,0.0008613377692270953
ENSG00000103512,0.0001492789500242962,0.000915551782418263
ENSG00000143184,0.00014925475599536817,0.000789526938085545
ENSG00000070961,0.00014916263853555293,0.001787830534804759
ENSG00000142082,0.00014905222525546133,0.0032437565087684067
ENSG00000125844,0.0001490287691374344,0.0005812084362074087
ENSG00000162063,0.00014896771371884296,0.0010583468870883595
ENSG00000163006,0.0001489390052611728,0.0009928110593373073
ENSG00000189266,0.00014886524943083076,0.0009192591597261367
ENSG00000119487,0.0001488123724406209,0.0012280447573834359
ENSG00000137642,0.00014878542109341504,0.0005963694808399706
ENSG00000152061,0.00014868135500448548,0.0007724685956976094
ENSG00000184979,0.00014859762380057553,0.0005462160827532036
ENSG00000108349,0.00014853772693469095,0.002002832778780598
ENSG00000010270,0.0001481618961217764,0.0006170430687054814
ENSG00000159618,0.0001481596866741058,0.001079986851622572
ENSG00000137288,0.00014815497127468162,0.0010502177966156528
ENSG00000143479,0.00014797382341520432,0.0008924133388462348
ENSG00000080345,0.0001479462809379913,0.0007073388204644968
ENSG00000025293,0.00014735903409187107,0.000969164268822123
ENSG00000065548,0.00014720464007042376,0.0008166922583357692
ENSG00000237649,0.0001470661889557809,0.0005748593349938167
ENSG00000165775,0.0001468743157964331,0.0004742033246579134
ENSG00000166266,0.0001467898307775948,0.000850496967990125
ENSG00000137200,0.00014664913351869073,0.001235112526465348
ENSG00000165891,0.00014637055534646456,0.0026220293592789617
ENSG00000011485,0.0001460695494811522,0.000749331761548762
ENSG00000156256,0.00014538482005653364,0.0016607094278591004
ENSG00000176407,0.00014532246366733294,0.0010665421009573883
ENSG00000172331,0.00014505537045355246,0.0006735256068091146
ENSG00000100225,0.00014501204651190931,0.001661743865361272
ENSG00000138767,0.00014478976014524808,0.001186926155148842
ENSG00000071054,0.00014470448580157846,0.0008741611424546948
ENSG00000141506,0.00014469663428597564,0.0008219958004897904
ENSG00000089123,0.00014459318842607383,0.0008654205108826923
ENSG00000156860,0.0001445382151340074,0.0012040916943892362
ENSG00000196072,0.00014431522769004542,0.0011636089260664761
ENSG00000177425,0.00014399794108614042,0.003486940527976803
ENSG00000116918,0.0001436247046098858,0.0007011107408169037
ENSG00000186174,0.0001434604286097797,0.0005373177627517498
ENSG00000198624,0.0001433644259197683,0.0005747693716129643
ENSG00000197019,0.00014333031890635846,0.00308873116452484
ENSG00000102218,0.0001433048745040884,0.0007917877263999872
ENSG00000171262,0.0001431441625320866,0.0017801755136371512
ENSG00000133794,0.00014310691626656736,0.0022213897782346922
ENSG00000122958,0.00014291174850687545,0.0007859299596367061
ENSG00000101255,0.00014269945867538395,0.002554693230660263
ENSG00000184371,0.0001426470567826259,0.0010771374336245758
ENSG00000107874,0.00014258736557716263,0.001871693209377269
ENSG00000143162,0.00014229857566680674,0.003302860477455345
ENSG00000119138,0.00014223154759494328,0.0023989604479173164
ENSG00000072210,0.0001421577400776835,0.0006345906922076906
ENSG00000153234,0.0001420781944507838,0.002342024990769946
ENSG00000175197,0.00014188154590642516,0.002791361233351171
ENSG00000114999,0.00014171719336735674,0.0017058439029157936
ENSG00000166669,0.00014165796131014182,0.0028350141062867796
ENSG00000157637,0.00014155371780730211,0.00046342152221831714
ENSG00000170322,0.00014144073280854497,0.007061218012270998
ENSG00000111678,0.00014138048329622287,0.0012133860916450367
ENSG00000100647,0.00014121888103555221,0.0009190143511780105
ENSG00000128050,0.00014121015073266882,0.0014353536393575173
ENSG00000111860,0.0001412060135326281,0.001584150648498204
ENSG00000174500,0.00014110120465267223,0.000767696101074835
ENSG00000148484,0.0001408524404469788,0.0007701993778499877
ENSG00000126368,0.0001403920452724561,0.003592154772535139
ENSG00000186469,0.0001401006382498817,0.0009507885210464046
ENSG00000173020,0.00013995381387557098,0.0017821487907439615
ENSG00000011143,0.0001398764495146569,0.0007948792870738934
ENSG00000110066,0.00013980036961824802,0.001329652790779492
ENSG00000148154,0.00013972531957676213,0.0007170290656487535
ENSG00000086200,0.00013970473301565915,0.0009500769895425067
ENSG00000164306,0.00013970377521388048,0.0011208483484819191
ENSG00000156795,0.00013966580331867596,0.0009585193034369948
ENSG00000179119,0.0001396631399342963,0.0006419203582548378
ENSG00000073169,0.00013954499805211097,0.001806185298654524
ENSG00000130175,0.00013946370217757885,0.0009390405554715469
ENSG00000132466,0.00013941994105326117,0.001689391137610342
ENSG00000099624,0.000139389093510361,0.0007807637563114141
ENSG00000137207,0.00013930722532150928,0.0007615772975581488
ENSG00000185507,0.00013918917159157833,0.0021397570478105554
ENSG00000177432,0.00013885656699540717,0.0013230445338636104
ENSG00000224877,0.00013864949113530928,0.0013189234419163764
ENSG00000144597,0.0001386244447928099,0.0036328016981166506
ENSG00000241837,0.00013849185469425444,0.002175875651000942
ENSG00000069849,0.00013846678343163674,0.0015896309654211884
ENSG00000188735,0.00013817036047987857,0.0008492307780211173
ENSG00000175416,0.00013796422645089454,0.0007999388128103529
ENSG00000109062,0.00013794229840804716,0.0011173161236093557
ENSG00000104863,0.0001378780201577405,0.000755489584028439
ENSG00000182149,0.00013782794647380304,0.0012619396178405002
ENSG00000197162,0.00013779931490209507,0.0010258675302639729
ENSG00000124762,0.00013756079084806,0.0008916215472193532
ENSG00000120217,0.00013739025072536268,0.0018795356451624468
ENSG00000132326,0.00013737693707296171,0.003535064003161273
ENSG00000012232,0.00013731589655590406,0.000779839759047126
ENSG00000139436,0.0001371558342934247,0.00040449802780981347
ENSG00000116489,0.00013684534476228707,0.0013329325944057603
ENSG00000198961,0.00013683817642980766,0.0008918014058988605
ENSG00000059691,0.00013675662201500038,0.000705915417777902
ENSG00000103326,0.00013634453878310957,0.0007950787029801121
ENSG00000168827,0.00013620923389228728,0.0015789709073344735
ENSG00000101997,0.0001361886470992833,0.0008070911240478367
ENSG00000150776,0.00013618279526743805,0.0010373533607034515
ENSG00000173846,0.0001361189224800532,0.0006724108630081558
ENSG00000171310,0.00013604264990247785,0.0014408182852778265
ENSG00000100804,0.00013604112239429546,0.0007073244064313366
ENSG00000108819,0.00013600962322976159,0.000946525661190498
ENSG00000204160,0.00013600689723655416,0.0005593606116077697
ENSG00000171608,0.0001356837199818343,0.002154453538658045
ENSG00000158985,0.0001356245975696347,0.0022584656290264636
ENSG00000143772,0.00013556962802192696,0.0006647451402517332
ENSG00000122034,0.00013539141005046006,0.0029953264603646
ENSG00000135766,0.00013527006458718374,0.0007766759691485029
ENSG00000214087,0.00013510741727465036,0.0010817549828995936
ENSG00000064601,0.00013466561554603557,0.0010706398602444453
ENSG00000064666,0.00013448245942065243,0.001042360394467419
ENSG00000166128,0.00013440494325721962,0.0007962261234805079
ENSG00000137124,0.00013429944863527164,0.0009249549698548276
ENSG00000141428,0.00013424672735367005,0.0007679450000711898
ENSG00000102878,0.00013424044533738138,0.0023388501888704652
ENSG00000141965,0.0001338923905108635,0.0015840599127879352
ENSG00000198298,0.00013378149340574524,0.0009131822529683754
ENSG00000115365,0.00013353047331842523,0.0007307611988804
ENSG00000072506,0.00013351245754888235,0.0010895143596197075
ENSG00000104866,0.00013344382346005924,0.0006393340280171415
ENSG00000154016,0.00013339113004827256,0.0015284804285971318
ENSG00000197713,0.00013333075041101674,0.0015179658955762625
ENSG00000147789,0.0001331646351617996,0.0007564104633458822
ENSG00000139211,0.00013315607584654223,0.0007461139131238349
ENSG00000171960,0.00013301574285896352,0.0013117227116534226
ENSG00000120063,0.00013294651909025325,0.0017134854339812642
ENSG00000158161,0.00013289357058756003,0.0008054554297825495
ENSG00000138095,0.0001328854815605433,0.0015971064894442436
ENSG00000153214,0.00013269956351933833,0.002738249579609614
ENSG00000104643,0.00013265538428647173,0.0005863085543924484
ENSG00000242616,0.00013258232710657762,0.0007651903122035771
ENSG00000131981,0.00013245616667105175,0.0009213847269093211
ENSG00000139163,0.00013242968457370918,0.0007773267432268252
ENSG00000166477,0.00013241490232528214,0.004673642042572506
ENSG00000066027,0.0001324048460335007,0.0009451409990609371
ENSG00000127663,0.00013230840413047193,0.0020370202307222795
ENSG00000143324,0.00013217006067360772,0.0008727592086345277
ENSG00000123689,0.00013192690117786406,0.003178753455085559
ENSG00000272886,0.00013186166496013306,0.00044119985336593995
ENSG00000170471,0.00013184861182917185,0.0007726245916862585
ENSG00000111786,0.00013183853375864178,0.0008661974773571206
ENSG00000188725,0.00013177635959241586,0.0013241938435596845
ENSG00000105135,0.00013165521581348769,0.001834567225689279
ENSG00000125257,0.000131532621105833,0.0007239118265556356
ENSG00000137692,0.00013152360217448596,0.0009648296601675135
ENSG00000119574,0.00013150777756347907,0.0004012361054859452
ENSG00000189362,0.00013141100815359716,0.0016709564115037407
ENSG00000198740,0.00013134679350642898,0.00033030107962752026
ENSG00000150768,0.00013070887032446302,0.0007945424210768199
ENSG00000148842,0.00013055130156999862,0.00043598555197434677
ENSG00000088448,0.00013023763420548206,0.0009873165651117246
ENSG00000163519,0.00013023348501892517,0.0009514083911202956
ENSG00000160789,0.00013019564611579373,0.0014668810851883815
ENSG00000101347,0.00013004415905002681,0.0014480933238291713
ENSG00000032219,0.0001299851747745453,0.0007011839643419013
ENSG00000017797,0.00012972099694526844,0.0007447029331531163
ENSG00000276045,0.000129616250848564,0.001633628448153113
ENSG00000145715,0.00012959333210111235,0.0007062115311339837
ENSG00000121481,0.0001295720968396249,0.0008669111526491027
ENSG00000203879,0.00012951723904678722,0.0007778680487730178
ENSG00000163960,0.00012942487242782486,0.0006343819237158905
ENSG00000171204,0.00012930293252954716,0.001445088133797542
ENSG00000214029,0.00012925795690386382,0.0008807221018802766
ENSG00000100997,0.00012924659891858382,0.0008487140744602674
ENSG00000166228,0.00012921107674641644,0.0033797671665157115
ENSG00000148943,0.00012910025517977013,0.0004881681391068509
ENSG00000121774,0.00012906978914036148,0.0018340560113888056
ENSG00000216490,0.00012906264870852683,0.0022031554753427236
ENSG00000167074,0.00012904008836689412,0.003524174609895779
ENSG00000066933,0.00012877033523726934,0.0009393747014928326
ENSG00000254901,0.00012867943035189936,0.0008802985946555651
ENSG00000145494,0.00012856945065922774,0.0016868813455191954
ENSG00000082397,0.0001285609532728718,0.0013236849835338122
ENSG00000172197,0.0001284875909859816,0.0003995362749342282
ENSG00000157212,0.0001284184479864988,0.0034968148391634904
ENSG00000160410,0.00012841690913715522,0.0013473903545969147
ENSG00000105321,0.00012838117475354074,0.0012476942430136636
ENSG00000078237,0.00012828434351928918,0.000835566886324122
ENSG00000132436,0.00012800032115639759,0.0009855045335813869
ENSG00000119684,0.0001278571860384373,0.0005449736063817506
ENSG00000166971,0.00012781350790741895,0.000772157202195472
ENSG00000140006,0.00012777210923474577,0.0005537513120901153
ENSG00000175895,0.00012769234060839923,0.0006969923168818597
ENSG00000126264,0.00012758716314132559,0.0006822520669656117
ENSG00000169062,0.00012742122878813014,0.0007844516020163877
ENSG00000140853,0.00012741424889572994,0.00044670810966429764
ENSG00000174327,0.00012737731694585966,0.0007892972956583489
ENSG00000172345,0.00012702883493442003,0.001423575133609319
ENSG00000089902,0.00012702294696440578,0.0016151027113606232
ENSG00000110852,0.000126778752732146,0.0011675430805329293
ENSG00000070540,0.00012672014390166078,0.0004661277436546564
ENSG00000215712,0.00012667581379574455,0.0007183153054136618
ENSG00000196547,0.00012651541424690135,0.0012814824646010259
ENSG00000197976,0.0001264078766127633,0.0010310417782259504
ENSG00000188994,0.0001263448848784238,0.0004628001573446525
ENSG00000054654,0.00012634317272895647,0.0014015430576048912
ENSG00000177646,0.00012626469501790343,0.0007572022526816136
ENSG00000139684,0.00012622643424969396,0.0006632947812450905
ENSG00000101442,0.000126009376356118,0.0012601303515502233
ENSG00000141002,0.000125970610356405,0.0007558161593315513
ENSG00000204130,0.00012595088059576723,0.0006978940799484572
ENSG00000196776,0.00012594964850141387,0.0017121127409117324
ENSG00000142347,0.00012594749628108717,0.00063129177891531
ENSG00000136870,0.0001259067483128193,0.0008559121651905561
ENSG00000162073,0.00012584399465431342,0.0008321422429919771
ENSG00000113441,0.0001257366574683807,0.0006810876603621524
ENSG00000133460,0.00012567033983784087,0.0009236759041176144
ENSG00000120697,0.00012566330079463262,0.0009013456042836757
ENSG00000167792,0.00012516127802601848,0.001519506033151272
ENSG00000115652,0.00012490695906942456,0.0007680365102796336
ENSG00000185787,0.00012485678793866512,0.0011389972140298874
ENSG00000160213,0.00012485240562013799,0.0007670301883200171
ENSG00000147099,0.00012483051484102908,0.0005967183503918227
ENSG00000159256,0.0001248292563106939,0.0003237293377542723
ENSG00000129292,0.00012469615428264651,0.0008767962549364185
ENSG00000111906,0.00012454693776078296,0.0007998623358012218
ENSG00000167635,0.0001245381638187485,0.0009667379566557601
ENSG00000083099,0.0001243475234105961,0.0013585319821339638
ENSG00000013364,0.00012433307533028616,0.00035846581613724674
ENSG00000125089,0.0001242741181294992,0.0014281620248640307
ENSG00000185513,0.00012414560985119297,0.00278440722369682
ENSG00000187790,0.00012395852031622448,0.0005451735169453827
ENSG00000125746,0.00012394014261537766,0.0014382638342277652
ENSG00000136286,0.00012391152239914379,0.0016154425521510405
ENSG00000189180,0.00012386731161475597,0.0008110130047857119
ENSG00000070770,0.00012384258410309384,0.0008544971993451962
ENSG00000115504,0.00012382964618151026,0.0010480911225567795
ENSG00000105583,0.00012382781524513555,0.0012662039484115303
ENSG00000115758,0.00012382380452180937,0.0014082801842264724
ENSG00000080371,0.0001236899964633073,0.0010390233263790354
ENSG00000106052,0.0001235753399637189,0.0006566068528652467
ENSG00000158156,0.00012346192842043176,0.0007878866770564705
ENSG00000096063,0.00012344712147937381,0.0008372931147951118
ENSG00000162894,0.00012337830971105346,0.0008719712952941942
ENSG00000114423,0.0001231300845313966,0.0019940988699689677
ENSG00000122068,0.00012302064139884639,0.0009764593456931868
ENSG00000119421,0.00012290948120270416,0.0009363331651010977
ENSG00000170142,0.0001228457106408249,0.0009349786372887452
ENSG00000267680,0.00012284271235981321,0.003124312713598058
ENSG00000171224,0.00012273879727025058,0.0007415867948895864
ENSG00000116604,0.00012264031742713092,0.0022944716265577854
ENSG00000182952,0.00012242613188716335,0.0003296375967428634
ENSG00000129173,0.00012228456381902617,0.0034131949636880586
ENSG00000123268,0.00012227952992493546,0.003063760232763902
ENSG00000091317,0.0001222050687768745,0.0008104098549305796
ENSG00000169359,0.0001220574502789742,0.0016067975658403558
ENSG00000163993,0.00012202144456781982,0.0008588594313654423
ENSG00000033170,0.00012195891083705691,0.0018143864153885047
ENSG00000278619,0.0001217989166564892,0.0007434237346055948
ENSG00000136867,0.00012175815030240214,0.0014078060954257688
ENSG00000213593,0.00012167661465721338,0.0015487480961619558
ENSG00000214706,0.00012163023569322866,0.0008213274517934613
ENSG00000117450,0.00012162728793852573,0.0008387652403162088
ENSG00000171603,0.0001215378266080895,0.0004658481175420838
ENSG00000185753,0.00012149262825456862,0.0009218058819193568
ENSG00000198825,0.0001214567048365837,0.002095070994827715
ENSG00000164574,0.00012143391165271704,0.0007793254096195308
ENSG00000158555,0.00012136828045561886,0.0006635946215748565
ENSG00000123728,0.0001213349928767192,0.000565897623071664
ENSG00000141380,0.00012127373799614896,0.001516479915808189
ENSG00000107020,0.00012126904903875206,0.0007979790791546319
ENSG00000090060,0.0001212690233998211,0.0013902474419417443
ENSG00000132434,0.00012116325041707951,0.0007226649855128272
ENSG00000110031,0.00012109128249424425,0.001870579123593565
ENSG00000149781,0.00012091506904407187,0.0006374619976318403
ENSG00000075884,0.0001209095229754358,0.0017727537700842502
ENSG00000131899,0.00012088662110830592,0.0017331688666057487
ENSG00000111540,0.00012081605953545185,0.0006364569043063416
ENSG00000135045,0.00012079424769413599,0.0010286859307956564
ENSG00000094841,0.0001207593561562203,0.0003494980843130723
ENSG00000132388,0.00012066254037531134,0.0009347928024772325
ENSG00000183010,0.00012053549748078204,0.0009422096050806552
ENSG00000187446,0.00012030793248087192,0.0003181456885913221
ENSG00000171621,0.00012030123545433428,0.0008738288457647606
ENSG00000111605,0.00012028948460005849,0.006084279136746961
ENSG00000116786,0.00012022154935709016,0.0006955149682873102
ENSG00000140280,0.00012017244367481585,0.0009472115052120821
ENSG00000163605,0.00012016089550518819,0.0006636736892959758
ENSG00000101596,0.00012011730730465477,0.0014562448168940968
ENSG00000132109,0.00011990662352309202,0.0013152305061540383
ENSG00000204520,0.00011979643555003609,0.0009236639780550089
ENSG00000106479,0.00011977198626073385,0.0007451137525194433
ENSG00000168778,0.0001197413465608403,0.0007606937350367059
ENSG00000127561,0.00011968681341231192,0.0008458900931716154
ENSG00000189319,0.0001196321792410114,0.0008849023225329571
ENSG00000145050,0.00011961643907897887,0.0012173331835382893
ENSG00000140526,0.00011958382244097516,0.0006721497334302563
ENSG00000164062,0.00011956598043978985,0.0009009655772810577
ENSG00000188739,0.00011956393379092109,0.0007302066707244364
ENSG00000174886,0.00011942270332445237,0.0008983202452222971
ENSG00000130764,0.00011940371637668641,0.000915017075627981
ENSG00000185404,0.00011940196312511329,0.0010804078042816788
ENSG00000136816,0.00011936483601393766,0.0007717116984725087
ENSG00000068400,0.00011930027848502432,0.0006847683021925572
ENSG00000163728,0.0001191394635421875,0.0013094807360177479
ENSG00000198176,0.00011907654534273782,0.003475181565912744
ENSG00000136144,0.00011888413781037418,0.0019739592165500196
ENSG00000173545,0.0001188614559195255,0.0010643811888529343
ENSG00000167186,0.00011881426467908786,0.0006987500762485523
ENSG00000087074,0.00011881335610457128,0.0009922758264080825
ENSG00000112210,0.00011873357522830243,0.0009254080445021306
ENSG00000115421,0.00011867856737643047,0.0010289136740593192
ENSG00000138035,0.00011867530225009676,0.0014917398141647588
ENSG00000127184,0.0001185406710231534,0.0015003953360069374
ENSG00000080802,0.00011832797228233228,0.0011236823548975814
ENSG00000102245,0.00011830867776490071,0.0014564519132179098
ENSG00000100281,0.00011820680106158229,0.0007722633891435063
ENSG00000110848,0.00011810270280304137,0.0009264352959123186
ENSG00000197548,0.00011797141074348367,0.0008323945607455147
ENSG00000139433,0.00011794517487491142,0.0010786254278462109
ENSG00000002586,0.00011780152350894838,0.000743564789747444
ENSG00000154945,0.00011774151840408361,0.0009008147632531391
ENSG00000173530,0.00011770753854771234,0.0007986669219682248
ENSG00000168228,0.00011739025018510263,0.0006968843704568652
ENSG00000235162,0.00011727136524838306,0.0023406469214210736
ENSG00000143373,0.00011720346979923174,0.0006726335825434178
ENSG00000160209,0.00011713537279601127,0.0007787645848099347
ENSG00000177494,0.00011706568021421562,0.0009370334031423072
ENSG00000106771,0.00011703694223593764,0.0013616618266521655
ENSG00000124172,0.0001170231996788688,0.0011100500817835112
ENSG00000166233,0.00011701422725754408,0.0009015092781195265
ENSG00000189190,0.00011688463643035506,0.0008586327321262405
ENSG00000164967,0.00011683994702146618,0.0007661371082454173
ENSG00000178307,0.00011683585813791767,0.000585011667014858
ENSG00000139629,0.00011683412881510326,0.0011743002460542886
ENSG00000163513,0.00011678659633828475,0.000501578287602889
ENSG00000178502,0.0001167030430957782,0.0009019548158171076
ENSG00000162601,0.00011659736490844669,0.0007748168271418453
ENSG00000171302,0.00011656520536993774,0.0006653008165943923
ENSG00000111348,0.00011648782590201645,0.004157245313783335
ENSG00000182372,0.00011640893162120183,0.0007630399205971923
ENSG00000180035,0.00011633655954674115,0.0011008157010802839
ENSG00000184381,0.00011632892294926956,0.0009063287691583956
ENSG00000145386,0.00011628696721493192,0.0023450300705406386
ENSG00000121067,0.00011619059698193604,0.0011974347196416011
ENSG00000114544,0.00011618324224441074,0.00045114763273938313
ENSG00000138185,0.00011616275847725574,0.0014857656795708902
ENSG00000132361,0.00011611721509749655,0.0011584380525009287
ENSG00000138764,0.00011593376371734436,0.0007826583041813609
ENSG00000151348,0.00011567403528578729,0.000982213362246162
ENSG00000035681,0.00011551742070840808,0.0007622213443431304
ENSG00000163719,0.00011551184952675812,0.0008965520634688724
ENSG00000243449,0.00011541569754423004,0.0012031082278236593
ENSG00000123505,0.00011534949268834188,0.0011507415731424734
ENSG00000196588,0.00011520895583752813,0.0025200766094862904
ENSG00000159079,0.00011517743099831947,0.0032604032926307007
ENSG00000092531,0.0001149904340780633,0.0008447723422913651
ENSG00000197147,0.0001147956729520705,0.0009238383823113566
ENSG00000164405,0.00011449199652344464,0.00180263690992646
ENSG00000119782,0.0001144896568093103,0.0007917111575887313
ENSG00000178719,0.00011433555788200293,0.0006194631153674635
ENSG00000087470,0.00011424538676915246,0.0013561647734407717
ENSG00000121851,0.00011415363067285112,0.0008194242546564659
ENSG00000167815,0.00011412172152324085,0.0016182246036015838
ENSG00000100722,0.00011375138019161342,0.0010799850133972424
ENSG00000165240,0.0001136544312094537,0.0006655220930480935
ENSG00000104731,0.00011364188768047191,0.0007957536423847521
ENSG00000165527,0.00011352464537554132,0.0027947346398053442
ENSG00000112144,0.00011348063795407541,0.0013619273271281496
ENSG00000160746,0.00011346465530103308,0.0008730158469328461
ENSG00000006652,0.00011342780565628464,0.0008568920416369255
ENSG00000076043,0.00011328537286344755,0.0010933043063677916
ENSG00000143222,0.00011315095750310034,0.0009861320660974695
ENSG00000140455,0.00011307397259888807,0.0006110692852313661
ENSG00000214160,0.00011306546312244982,0.0007802264652673587
ENSG00000143390,0.00011304424513467365,0.0036983198991205
ENSG00000174177,0.00011297824469578409,0.0003368523160894347
ENSG00000184677,0.00011296275041783176,0.0004889166819268317
ENSG00000143771,0.00011294217705049875,0.0012851846018458938
ENSG00000101193,0.00011293397527445916,0.0007751160473741482
ENSG00000122482,0.00011281835266701816,0.001212032135577472
ENSG00000126858,0.0001127469845548914,0.00070746940424797
ENSG00000182544,0.0001127245489053298,0.0007203949795265434
ENSG00000139117,0.00011255628219000828,0.0008798927207753149
ENSG00000164172,0.00011239892195273095,0.001464338993445349
ENSG00000122783,0.00011238659037318792,0.0005233388033684511
ENSG00000138674,0.00011225115099598674,0.0017460616353258988
ENSG00000134852,0.00011220385060272351,0.0025076182212059005
ENSG00000132478,0.0001121464467353506,0.0007076804129106639
ENSG00000186827,0.00011198308318119735,0.0008502352509127031
ENSG00000130159,0.00011182830163064325,0.0007939859577423413
ENSG00000167202,0.00011162721975559921,0.0008185355215275705
ENSG00000162511,0.00011162577124489748,0.0013262253594345933
ENSG00000085733,0.00011146637876345523,0.0006176365680894168
ENSG00000168894,0.00011135621848101713,0.0008945532767733926
ENSG00000198734,0.00011113623929405582,0.0007091719583635411
ENSG00000120805,0.00011102097621951285,0.0011330216356777527
ENSG00000140379,0.00011101821827752319,0.0009508373676075829
ENSG00000064545,0.00011086199654749361,0.00039276248551318115
ENSG00000173163,0.00011084486177391869,0.0006545106961884197
ENSG00000070759,0.00011071083414891494,0.0012287667906585775
ENSG00000105339,0.00011048260749079284,0.0008474220557007513
ENSG00000117528,0.00011046999410675993,0.0009325164400267099
ENSG00000128271,0.00011039229878001875,0.0008547083814607809
ENSG00000155016,0.00011035182117310322,0.0009247244687175577
ENSG00000144843,0.0001101851579183894,0.0007791863927341914
ENSG00000101557,0.00011018157113743153,0.0008242466249741669
ENSG00000188215,0.000110166941387026,0.00044132200943924595
ENSG00000085982,0.00011010537748498575,0.0004999337865913045
ENSG00000167470,0.00011005321586662771,0.0011608180892988462
ENSG00000100523,0.00011002434370372596,0.0008946390003003228
ENSG00000135506,0.00011001166252332268,0.0009469331554349612
ENSG00000157954,0.0001098047696600326,0.0013458434508519797
ENSG00000136938,0.00010974396921058501,0.0008906343233391971
ENSG00000033050,0.00010973135232736493,0.0007267129156751208
ENSG00000137486,0.00010951456612385943,0.0005078847576703813
ENSG00000128463,0.00010939372293537651,0.0012175508450979588
ENSG00000106948,0.00010939302884089398,0.002561949839120055
ENSG00000083807,0.00010928783140526043,0.0005382353340068945
ENSG00000117625,0.00010915007406814207,0.0013857442174196126
ENSG00000151748,0.00010912089054137193,0.001013572325816802
ENSG00000166887,0.00010911360623654126,0.0007736559131893712
ENSG00000105186,0.00010887638300454157,0.00033890905436625193
ENSG00000250312,0.00010886900560122001,0.0009756090428765548
ENSG00000154144,0.00010883059005559447,0.0008159928533454808
ENSG00000121931,0.0001087738826470402,0.00043297106780781187
ENSG00000111371,0.0001086685724139554,0.0012546965722132102
ENSG00000136950,0.00010866408123520274,0.0017658688219720788
ENSG00000161298,0.00010861045236221262,0.0023316566609396026
ENSG00000147130,0.00010854369685648447,0.00035722306916197383
ENSG00000196154,0.00010844398961598588,0.001266076337268393
ENSG00000160741,0.00010827742818350962,0.001219493828047425
ENSG00000023902,0.0001082539447301414,0.001104692303654557
ENSG00000131374,0.00010810836384078706,0.00033131659167099666
ENSG00000273802,0.00010792250075485407,0.001454926076617972
ENSG00000125870,0.00010791947985437423,0.0012200822889017395
ENSG00000122877,0.00010774036090670579,0.0028062192432443643
ENSG00000130813,0.00010771115236731444,0.0006044647555433401
ENSG00000142186,0.00010763307122458658,0.0007082091938596339
ENSG00000075142,0.00010754713575460498,0.0010896006036548692
ENSG00000010810,0.00010754129739901047,0.00213489800534333
ENSG00000106546,0.00010735098591929471,0.007695338265869303
ENSG00000170571,0.00010734669675616425,0.0017654719067716703
ENSG00000113328,0.00010725080394577398,0.0006363477290169261
ENSG00000156026,0.00010709121171483689,0.000911842944218894
ENSG00000015285,0.00010702347480250833,0.0009797558733366143
ENSG00000153130,0.00010686643922573458,0.000816323117172878
ENSG00000005844,0.00010683148716500335,0.0009472328802395734
ENSG00000157514,0.00010668554781869117,0.0017350647060282987
ENSG00000116127,0.00010647434773305955,0.00036746587908801726
ENSG00000009780,0.0001064294378900958,0.0005588945045780509
ENSG00000102409,0.00010641069753560674,0.0010440176804186552
ENSG00000243317,0.00010626311177494688,0.0009136339369254197
ENSG00000186193,0.00010625250085941826,0.0007269290881183767
ENSG00000132205,0.00010588221247930643,0.0005117427259500755
ENSG00000092820,0.0001058429647714428,0.0018639306695630122
ENSG00000119929,0.00010571834639781024,0.0012094987064344745
ENSG00000166199,0.00010567027733860379,0.0009568643501828616
ENSG00000173905,0.0001056023960059187,0.0009632763275319262
ENSG00000146066,0.00010554515814729038,0.0010154675457826577
ENSG00000111877,0.00010554394938982959,0.0009009874772957655
ENSG00000159208,0.00010540604306410819,0.001258857205415412
ENSG00000071073,0.00010536129585902953,0.0011810127628581286
ENSG00000115286,0.00010529512232806645,0.002066532122455693
ENSG00000100288,0.00010529136721035935,0.0003190596372370897
ENSG00000203950,0.00010520379327425873,0.0009219409163114209
ENSG00000135124,0.0001050398300347394,0.0008804358098077948
ENSG00000184436,0.00010494172207847608,0.00037120246938614036
ENSG00000101447,0.00010479107249080045,0.0005294484843870158
ENSG00000135074,0.00010476085967192571,0.002259818960761731
ENSG00000128585,0.00010471753551566163,0.0007783521845186207
ENSG00000103495,0.00010469688704469974,0.0023565918845779485
ENSG00000256683,0.0001045990325867092,0.002267053682838023
ENSG00000196730,0.00010453149361995237,0.00044094478179942725
ENSG00000125885,0.00010449080715215583,0.0011592833173522203
ENSG00000142669,0.00010448492690716292,0.0017739317701390858
ENSG00000115808,0.00010442751524428167,0.0004888711745738188
ENSG00000163681,0.00010440610804426062,0.0006542058892175289
ENSG00000158669,0.00010403006935917704,0.0006846959088601508
ENSG00000226479,0.00010400003219273862,0.0007865056394564954
ENSG00000132591,0.00010394905600892501,0.0008469090823507999
ENSG00000102349,0.00010387915838592854,0.00198281337899222
ENSG00000128604,0.00010386967695472378,0.002592733118672428
ENSG00000020633,0.00010381175730018377,0.004711030592687347
ENSG00000197275,0.00010375123230302861,0.0009155667037566484
ENSG00000163512,0.0001037491150639356,0.0007613452833091441
ENSG00000088035,0.00010374443714352502,0.000926191215711491
ENSG00000033030,0.00010372411431225766,0.001138559686554718
ENSG00000116771,0.00010352461115829367,0.0005209698937176253
ENSG00000196391,0.00010348399326012019,0.0009470662283395567
ENSG00000178199,0.00010337147182926866,0.0005889420842401635
ENSG00000143224,0.00010331336945279604,0.0007806219449049082
ENSG00000114902,0.00010328909871385074,0.0007465307946057019
ENSG00000198087,0.00010327972621160472,0.0008505879658586244
ENSG00000083828,0.00010317915083586387,0.0004367526843514864
ENSG00000119820,0.00010313968014592716,0.0006756470172199186
ENSG00000164114,0.00010301797825915087,0.0007885756023439854
ENSG00000182199,0.00010267535104161525,0.0007816980836698918
ENSG00000181007,0.00010267329723640545,0.0011169818690118613
ENSG00000165272,0.00010265322430974413,0.0018497804734421291
ENSG00000141994,0.000102635688347048,0.0012555689504847817
ENSG00000013374,0.00010258838486608354,0.0007360884363821249
ENSG00000185347,0.0001025585138546807,0.0008343225237345727
ENSG00000178974,0.0001024436740382968,0.0007853238696121615
ENSG00000198721,0.00010241964535894778,0.0012701287082997176
ENSG00000081320,0.00010217524957214927,0.0029177882069759617
ENSG00000117153,0.00010213131379607683,0.0011981290228155232
ENSG00000141682,0.00010199278176223688,0.0029642301264462944
ENSG00000076108,0.00010184298742097598,0.0017494868151848703
ENSG00000167384,0.00010180903380273078,0.0007575744711440102
ENSG00000163104,0.00010175696379099851,0.0012170917162729858
ENSG00000168137,0.0001016024559635429,0.0008874572687373006
ENSG00000240065,0.0001014644795167325,0.0013833549253658628
ENSG00000149932,0.00010136925857927725,0.0007242237335454472
ENSG00000104611,0.00010128403630376047,0.0006369765001487673
ENSG00000120616,0.00010127346862617181,0.0014935585931735577
ENSG00000101084,0.00010122954726403346,0.0006787521301945595
ENSG00000158828,0.00010114092832773033,0.0007876106764620862
ENSG00000127328,0.00010112719298524093,0.00048204280878662536
ENSG00000171469,0.00010108668834251091,0.000690329370319487
ENSG00000103642,0.00010088343156139985,0.0005671333217230121
ENSG00000008405,0.00010080052125671718,0.00126882634022919
ENSG00000134686,0.00010073958041761532,0.0006974792025768742
ENSG00000102931,0.00010072846232396022,0.000803598838961411
ENSG00000111679,0.0001006883653955033,0.0005845160952012544
ENSG00000139613,0.0001006550020751463,0.00087012743456697
ENSG00000137575,0.00010044962987109983,0.0007248623223072962
ENSG00000132965,0.00010029092221010525,0.001019535772233725
ENSG00000110422,0.00010023477409696542,0.0004348354449964921
ENSG00000100335,0.00010021574740076328,0.0007070268081707731
ENSG00000188529,9.994984889075878e-05,0.0012492706465068767
ENSG00000133657,9.990138112780844e-05,0.0007616493262842261
ENSG00000129158,9.982581527837953e-05,0.000974043092287517
ENSG00000196116,9.981603113168938e-05,0.0006801396194172833
ENSG00000146802,9.980355249784276e-05,0.00038577669568117505
ENSG00000185813,9.978528855806262e-05,0.0022178868209605847
ENSG00000110911,9.97497600694574e-05,0.0006930936331769743
ENSG00000170776,9.964492947693526e-05,0.0018577780617309808
ENSG00000155313,9.954338559533982e-05,0.0007808789644940803
ENSG00000091640,9.953138758395036e-05,0.0016601217406785641
ENSG00000129103,9.953077221211786e-05,0.0009162324711818009
ENSG00000173548,9.947990102255182e-05,0.0011581098192775538
ENSG00000169217,9.920879849405484e-05,0.0008602239951111177
ENSG00000112033,9.905848626765457e-05,0.002342957804663038
ENSG00000136048,9.902888068596219e-05,0.0004199463596778644
ENSG00000144224,9.898097270165469e-05,0.001240385943519308
ENSG00000173171,9.874581312317554e-05,0.000666436246120499
ENSG00000123989,9.874252444318583e-05,0.0008897436453471834
ENSG00000115464,9.867400736980427e-05,0.001761058650337303
ENSG00000182979,9.86516754913943e-05,0.0033723004068190814
ENSG00000011590,9.849467047686829e-05,0.0006502821022173462
ENSG00000139370,9.822806761035404e-05,0.0006944846535684762
ENSG00000118482,9.821204601359939e-05,0.0018633232410256225
ENSG00000163812,9.820300175138531e-05,0.001097166344512431
ENSG00000215883,9.813332047841475e-05,0.0008701446573495561
ENSG00000103187,9.781501510353267e-05,0.001174376281776316
ENSG00000110442,9.76166751163463e-05,0.0003769006948239344
ENSG00000079739,9.759060492162475e-05,0.0009451016516639629
ENSG00000160072,9.752993260383557e-05,0.0008483888623349316
ENSG00000113648,9.747582408889895e-05,0.0012732307713609681
ENSG00000147050,9.744943843531492e-05,0.001128570183984424
ENSG00000257727,9.74207331242718e-05,0.0011945147738682568
ENSG00000175643,9.733256723541297e-05,0.0007760662504359905
ENSG00000044446,9.714214117445289e-05,0.0008285803289007616
ENSG00000111785,9.713782475885594e-05,0.001118048606040563
ENSG00000145911,9.713630281674676e-05,0.0007947925922943164
ENSG00000090020,9.711075273253717e-05,0.0006606825242453715
ENSG00000172164,9.705504987873942e-05,0.0007403489164546331
ENSG00000155463,9.705045747624574e-05,0.001979913149000451
ENSG00000107164,9.704206604298918e-05,0.0007153676858318656
ENSG00000179134,9.70321676586458e-05,0.0007427404404714617
ENSG00000152683,9.695519731002504e-05,0.00031510000146200994
ENSG00000025796,9.690771429665454e-05,0.00113372544147774
ENSG00000204209,9.686371385560982e-05,0.0017801716306276331
ENSG00000123159,9.6780592654446e-05,0.0006877434013508339
ENSG00000167840,9.677198599035676e-05,0.000857528426180437
ENSG00000151883,9.673922040718583e-05,0.00033560138386763206
ENSG00000119397,9.664526873633713e-05,0.0009568245556456188
ENSG00000123545,9.655352352360192e-05,0.0007357415835189634
ENSG00000111328,9.653696336881037e-05,0.001002208845804066
ENSG00000151553,9.650409068386281e-05,0.0008240775280770661
ENSG00000158941,9.64971674737684e-05,0.0017283952880691445
ENSG00000126773,9.646776466944134e-05,0.0008798096842269039
ENSG00000118965,9.64288881005032e-05,0.00044802021979516317
ENSG00000183395,9.636539184511055e-05,0.0004305542509114652
ENSG00000134330,9.62758554882624e-05,0.001499711828238746
ENSG00000145868,9.59958300372651e-05,0.0014246529193260797
ENSG00000182512,9.597514086341599e-05,0.001348832407041809
ENSG00000142166,9.597184335177327e-05,0.0015014118065784833
ENSG00000106330,9.593545454777489e-05,0.0012084728558995354
ENSG00000101546,9.589897304727402e-05,0.00137887997518298
ENSG00000076382,9.589688769895669e-05,0.0008216382212538724
ENSG00000145901,9.576151435918309e-05,0.001563050257185866
ENSG00000154710,9.575081212348766e-05,0.0017613362695361235
ENSG00000103319,9.570580854654855e-05,0.000692334013400398
ENSG00000135655,9.565179392917534e-05,0.0005737948513858175
ENSG00000105281,9.563559407757675e-05,0.0017559067262934932
ENSG00000119844,9.558642471036054e-05,0.0008784710746357356
ENSG00000100034,9.55773672778482e-05,0.0006952289733989127
ENSG00000131375,9.557558032564147e-05,0.0013248297736947977
ENSG00000157895,9.539151647576813e-05,0.0012293710214895726
ENSG00000089351,9.52495224378343e-05,0.0008997530930606038
ENSG00000075975,9.520634382667119e-05,0.0010389569744362534
ENSG00000092931,9.519861473966635e-05,0.0006750128069331271
ENSG00000181826,9.519574131450375e-05,0.0006824453896423035
ENSG00000175354,9.516647892727276e-05,0.002103563422035181
ENSG00000107201,9.513085655357574e-05,0.0009456288410615267
ENSG00000056277,9.511812150225859e-05,0.0005091970339274725
ENSG00000232859,9.50726398122847e-05,0.0015874569081049902
ENSG00000125912,9.492734829039508e-05,0.0008637097814594647
ENSG00000123595,9.4882111541474e-05,0.00040612124417582004
ENSG00000173273,9.47845733712632e-05,0.0007913855880781586
ENSG00000198331,9.472528577505813e-05,0.0018805885568219556
ENSG00000174151,9.471304976164435e-05,0.0009254856154223343
ENSG00000177125,9.470924131317268e-05,0.0009504284861011734
ENSG00000136521,9.47065398184279e-05,0.0006036373700179273
ENSG00000004961,9.469011941617744e-05,0.0015947152514072065
ENSG00000105438,9.463398435970524e-05,0.0004358870713879375
ENSG00000112308,9.460754522455279e-05,0.0009396267884990964
ENSG00000138757,9.458783145747737e-05,0.0013368039372978625
ENSG00000162757,9.437707287165167e-05,0.0007669957534840832
ENSG00000138617,9.433014054039973e-05,0.0007330181381288829
ENSG00000137161,9.41813560375423e-05,0.0008814398840620768
ENSG00000119318,9.416441162564008e-05,0.0008460641772969184
ENSG00000102543,9.416265178804755e-05,0.001568543942152028
ENSG00000085760,9.403644929163847e-05,0.0010892804037408261
ENSG00000137502,9.400511046057719e-05,0.001300469827980443
ENSG00000131069,9.397279649575263e-05,0.0004698290740336863
ENSG00000160439,9.384331794638487e-05,0.0013072790702147036
ENSG00000174197,9.370584548768538e-05,0.0016888090997161538
ENSG00000186666,9.366327696271883e-05,0.0006581014176408997
ENSG00000070047,9.366073118685037e-05,0.0007675556440152127
ENSG00000135362,9.355627802087513e-05,0.00035824464759824464
ENSG00000152455,9.349851778544597e-05,0.000662707755303324
ENSG00000131844,9.347304332402845e-05,0.00034369103634718993
ENSG00000075413,9.337155718022441e-05,0.0006389562016190861
ENSG00000043093,9.326912812030053e-05,0.0008332723932902794
ENSG00000170145,9.323759625131766e-05,0.002062367520053856
ENSG00000171246,9.318855834740056e-05,0.0014745830462721354
ENSG00000164610,9.317514110599622e-05,0.001263916356464182
ENSG00000064961,9.316950146912599e-05,0.0032695592860850966
ENSG00000158079,9.301144165073665e-05,0.0011893867522185621
ENSG00000010072,9.298486969462422e-05,0.000758208130776594
ENSG00000076604,9.294889024376623e-05,0.0007924595966901787
ENSG00000123983,9.27762430565553e-05,0.0010272815271602552
ENSG00000156931,9.272111963135712e-05,0.0007312884200663138
ENSG00000170832,9.26421023309546e-05,0.000792982701045516
ENSG00000204469,9.258481252751556e-05,0.0009450896627326605
ENSG00000004468,9.251695647779079e-05,0.0006353024687708319
ENSG00000198648,9.247905104323146e-05,0.0011003719475490106
ENSG00000087095,9.244625623153378e-05,0.0006820255086569002
ENSG00000141642,9.237557356502075e-05,0.0007767495457736953
ENSG00000006125,9.233332211958933e-05,0.0007798413257110175
ENSG00000184207,9.218592991617392e-05,0.0007363885025992313
ENSG00000090612,9.188676823246998e-05,0.00043177077293126987
ENSG00000116350,9.182071099106713e-05,0.0008363022520295984
ENSG00000127220,9.180586476524218e-05,0.0008919905017847346
ENSG00000160991,9.1740672205351e-05,0.001283276253849952
ENSG00000126953,9.173298797933096e-05,0.0003738702351852574
ENSG00000186891,9.17274228800775e-05,0.0008491039010025158
ENSG00000151746,9.17243591095209e-05,0.0003502178035976035
ENSG00000156642,9.168869404244342e-05,0.000639823597813276
ENSG00000127526,9.153529582313312e-05,0.0006547121295314332
ENSG00000108932,9.152552597727534e-05,0.0007272580689916272
ENSG00000164924,9.148436969298743e-05,0.001891081525513891
ENSG00000167173,9.143435207479871e-05,0.0007003905495716785
ENSG00000065615,9.139447435062346e-05,0.002453117238261049
ENSG00000018510,9.13141158393688e-05,0.0012500187795225388
ENSG00000196371,9.12778788251965e-05,0.00045000831507355086
ENSG00000156639,9.124008137760884e-05,0.0007435844013855661
ENSG00000110395,9.112733559474168e-05,0.0006231501462792933
ENSG00000197959,9.109193110514619e-05,0.0011872695722357045
ENSG00000152219,9.10810844631538e-05,0.0012647822849367483
ENSG00000060237,9.106228194687319e-05,0.0010417347022630102
ENSG00000197226,9.09538621005626e-05,0.0016929257557037978
ENSG00000112659,9.083529285601869e-05,0.0005719695798756904
ENSG00000051523,9.0802226144368e-05,0.0008801238433736424
ENSG00000127884,9.071424871250376e-05,0.0013138630952291648
ENSG00000164484,9.069735954495792e-05,0.0012921738898920817
ENSG00000184445,9.060939880050352e-05,0.0006451577985873904
ENSG00000101417,9.059419696400088e-05,0.0012314264882130165
ENSG00000164916,9.056021253004603e-05,0.0016607976671072235
ENSG00000132329,9.052318766603431e-05,0.0006028092914325358
ENSG00000119314,9.043741048345086e-05,0.0010764095922708356
ENSG00000174173,9.040197902317944e-05,0.001842207883193617
ENSG00000172939,9.039495711146397e-05,0.0006286003165545442
ENSG00000164649,9.036126468287338e-05,0.00047640690377485104
ENSG00000164933,9.033018457516704e-05,0.0012275422549543908
ENSG00000120913,9.021371641859678e-05,0.0017377865410294888
ENSG00000060642,9.01692977327677e-05,0.0004396676546588644
ENSG00000167107,9.003225751690901e-05,0.0009958625261563907
ENSG00000173812,9.000455195553888e-05,0.00266213790065253
ENSG00000133393,8.997241435734252e-05,0.001032923500408122
ENSG00000178761,8.996049131013335e-05,0.0003216125227104475
ENSG00000204264,8.992917082606553e-05,0.0013737399620489192
ENSG00000130731,8.990542489995761e-05,0.0010644924505771292
ENSG00000131584,8.979301534334642e-05,0.0007094127063860627
ENSG00000106009,8.976932663965787e-05,0.0011033467778256167
ENSG00000075218,8.974018339245703e-05,0.0008985935286233691
ENSG00000121858,8.973286749576493e-05,0.0016468393910103918
ENSG00000143321,8.97143438089261e-05,0.0023053905702881588
ENSG00000144199,8.957966037623062e-05,0.0009814366873127488
ENSG00000147124,8.956098183889953e-05,0.0007680452485503699
ENSG00000167720,8.951867510379431e-05,0.0015292286907462988
ENSG00000101577,8.943440094939086e-05,0.002170653202212366
ENSG00000158716,8.938948594723584e-05,0.0006407899383479336
ENSG00000170542,8.929564578081256e-05,0.001350102372725429
ENSG00000197776,8.918050575133812e-05,0.0012048675017138062
ENSG00000161217,8.912228134416574e-05,0.0009318006103588017
ENSG00000178718,8.909012604709182e-05,0.0007510847495461694
ENSG00000116514,8.902565878484838e-05,0.0006960775449160535
ENSG00000169607,8.891618459240684e-05,0.0009316386808565853
ENSG00000148834,8.885074774621058e-05,0.0006686156175744945
ENSG00000256525,8.879040298164512e-05,0.0006926482382126498
ENSG00000262919,8.862471205604914e-05,0.0012858526100855091
ENSG00000102471,8.858432525960573e-05,0.0019058826593623991
ENSG00000197063,8.857512057630176e-05,0.0026145350512387566
ENSG00000100994,8.850590554981898e-05,0.000640077089206748
ENSG00000133835,8.845741679147159e-05,0.0006789341377494933
ENSG00000133321,8.840434874398688e-05,0.0008811424367547579
ENSG00000056050,8.839444524846007e-05,0.0008856428347587518
ENSG00000171103,8.817119404409998e-05,0.0006523030318287543
ENSG00000168060,8.816407953015898e-05,0.0008200430403925453
ENSG00000177485,8.813992869463148e-05,0.001077835549665151
ENSG00000120656,8.812038821844757e-05,0.0017454382293136715
ENSG00000164105,8.809971045915838e-05,0.0008264593205719052
ENSG00000160570,8.806579241283654e-05,0.00047015240117194066
ENSG00000099992,8.803168348621208e-05,0.00150690715399039
ENSG00000154328,8.799280174593107e-05,0.00048827034596628986
ENSG00000176658,8.796196342535452e-05,0.0005857402805867891
ENSG00000169018,8.795447306335248e-05,0.0006641506494911428
ENSG00000103091,8.794887479420038e-05,0.0019324739285048792
ENSG00000034677,8.787351180074918e-05,0.0010273192038266399
ENSG00000179965,8.784745983511997e-05,0.0014425037340149124
ENSG00000114316,8.775288949604152e-05,0.0012275824138560099
ENSG00000154978,8.76675922835824e-05,0.0006791976234252705
ENSG00000153179,8.76407321998966e-05,0.001587394626042673
ENSG00000113732,8.754749303286946e-05,0.000863380072743997
ENSG00000120306,8.750906427242338e-05,0.000749509756538449
ENSG00000073921,8.741837281588332e-05,0.0006899964414434107
ENSG00000103479,8.732308789662256e-05,0.002259296318185828
ENSG00000179361,8.730455329235326e-05,0.000633402637179767
ENSG00000155508,8.72294613358206e-05,0.0008563511822503028
ENSG00000140694,8.715165912450153e-05,0.0007904164189392942
ENSG00000089163,8.713940678788064e-05,0.0012620639039553337
ENSG00000154582,8.710447503116616e-05,0.0014307734807731723
ENSG00000106605,8.70983081841954e-05,0.0006033918233264806
ENSG00000103202,8.703325221265148e-05,0.0008644007790991354
ENSG00000157379,8.691284520772282e-05,0.0008349011929462276
ENSG00000101109,8.681776433395472e-05,0.0010935258148343442
ENSG00000137168,8.671825206827732e-05,0.0011060126377079476
ENSG00000172671,8.670788253710165e-05,0.0006761266653224726
ENSG00000227124,8.662402851928412e-05,0.0009093387850828304
ENSG00000133111,8.654798291535811e-05,0.00036030280786000915
ENSG00000004766,8.650626178316131e-05,0.0007317794973596128
ENSG00000011422,8.64276396051344e-05,0.001247943946477119
ENSG00000092010,8.638896489819262e-05,0.0010018841907907796
ENSG00000100934,8.63152748505481e-05,0.0005356235782714308
ENSG00000160791,8.629153975674819e-05,0.0008682247043892922
ENSG00000158864,8.626444024806638e-05,0.0011268220894158213
ENSG00000168010,8.611330690751964e-05,0.0007677414116488068
ENSG00000196470,8.607227182877684e-05,0.0005393370117358347
ENSG00000164048,8.594442306472742e-05,0.0011235680891067668
ENSG00000112941,8.588789010592057e-05,0.0009722389853024555
ENSG00000149179,8.583626128231498e-05,0.0007632230868025547
ENSG00000079263,8.579893378921657e-05,0.001325438285123899
ENSG00000117481,8.568488968763799e-05,0.0010955940825831821
ENSG00000106268,8.566239127528894e-05,0.0003583992683377143
ENSG00000143878,8.561545190292337e-05,0.0006629301412765296
ENSG00000176749,8.561292327141474e-05,0.0006706733311351885
ENSG00000126107,8.559958887626628e-05,0.001261677213129431
ENSG00000123739,8.533753826717375e-05,0.0002807353272403177
ENSG00000072958,8.526096389438549e-05,0.000977215812934316
ENSG00000176208,8.524383108229253e-05,0.009077405949882161
ENSG00000117602,8.517118921799494e-05,0.00046798947608222793
ENSG00000165264,8.514691473779404e-05,0.001044753654343856
ENSG00000112312,8.513029195134435e-05,0.0012740492901672988
ENSG00000152256,8.511449987450938e-05,0.0006871660513305575
ENSG00000173120,8.506708543916772e-05,0.0031057025556164106
ENSG00000183283,8.500274850309765e-05,0.0010981263352363314
ENSG00000101266,8.498355998311292e-05,0.000966536573225575
ENSG00000095380,8.490814520663302e-05,0.0008433179190654044
ENSG00000162607,8.487098465937794e-05,0.0013443892010099206
ENSG00000187866,8.433202410416547e-05,0.0011937343950313224
ENSG00000125817,8.431449720091399e-05,0.000721970747038727
ENSG00000113384,8.427998327275994e-05,0.0007749014605418758
ENSG00000115661,8.420815130320795e-05,0.0006182528519006988
ENSG00000213639,8.419817412291962e-05,0.0009655500526877754
ENSG00000256229,8.418174040495051e-05,0.0010270921357063193
ENSG00000150991,8.412578735659724e-05,0.00230849875111687
ENSG00000100345,8.410010413331304e-05,0.0019569981397435025
ENSG00000125834,8.406375895059425e-05,0.0008689633202582073
ENSG00000168769,8.402739164664701e-05,0.0012615520144275668
ENSG00000247315,8.396816389918973e-05,0.0003968786770221146
ENSG00000197324,8.385276995268109e-05,0.0007079678321635872
ENSG00000078043,8.365856947207791e-05,0.0022505510784652212
ENSG00000171862,8.356120853577904e-05,0.007254261437190245
ENSG00000101104,8.350518728266744e-05,0.0005493386609422694
ENSG00000029363,8.334383428199987e-05,0.0008471933946795289
ENSG00000140374,8.325485885877086e-05,0.002100089846353136
ENSG00000105879,8.322431905451698e-05,0.0016997430110512
ENSG00000065000,8.319109173879685e-05,0.0014134712512357947
ENSG00000197136,8.314253915376369e-05,0.0012095274579582089
ENSG00000100075,8.31336595094333e-05,0.0007368870764070958
ENSG00000010278,8.303275467403107e-05,0.0006675685089031981
ENSG00000156381,8.301750460967927e-05,0.0005350097157749488
ENSG00000145743,8.29923913020284e-05,0.00040458914967207976
ENSG00000204564,8.286066477784077e-05,0.0008627665888822191
ENSG00000103018,8.28374962783225e-05,0.0014441340073635435
ENSG00000102897,8.271232087098437e-05,0.0003517346089120239
ENSG00000173762,8.26626726186611e-05,0.0008065907531623006
ENSG00000172794,8.260155949774404e-05,0.0007985385462891419
ENSG00000114956,8.251169250343415e-05,0.0007820578449611755
ENSG00000197008,8.246615173607234e-05,0.0005272767665889405
ENSG00000166181,8.24430645926197e-05,0.0008479047135563323
ENSG00000102119,8.239642192940262e-05,0.0007502739109137061
ENSG00000101134,8.230652961561157e-05,0.001845864587848429
ENSG00000187741,8.222317863429243e-05,0.0010405612733022686
ENSG00000137509,8.2193528160357e-05,0.0012993987490088742
ENSG00000108091,8.206821628169945e-05,0.0012666989218305764
ENSG00000158050,8.199337421432027e-05,0.0005140731454916939
ENSG00000136732,8.19106915379568e-05,0.0019505297840968583
ENSG00000171552,8.186198304289709e-05,0.0009833941747942128
ENSG00000146834,8.185877941676338e-05,0.0012389269095198362
ENSG00000184575,8.181410511105595e-05,0.0008825511647901318
ENSG00000106299,8.181005438952151e-05,0.0012771392824656746
ENSG00000152229,8.17302424164365e-05,0.0007122684299923135
ENSG00000166024,8.167387540383108e-05,0.0008083557019099613
ENSG00000134644,8.151149577287624e-05,0.001022058762065123
ENSG00000141279,8.149830569834946e-05,0.0008838136895661876
ENSG00000111665,8.149503225228234e-05,0.0011621152317270909
ENSG00000011007,8.147919232876569e-05,0.0006558585309409473
ENSG00000066697,8.126524193293875e-05,0.000633104639351745
ENSG00000198837,8.123218479164727e-05,0.0011044061113467186
ENSG00000117308,8.114991638868392e-05,0.000819563201432271
ENSG00000006530,8.112502137469325e-05,0.0008192769016528297
ENSG00000095321,8.099238139343749e-05,0.0004699769510522649
ENSG00000099899,8.09756796393062e-05,0.001156575994546351
ENSG00000173542,8.072317342134695e-05,0.0005887890911201621
ENSG00000136014,8.060742050236936e-05,0.0008594153269299565
ENSG00000164414,8.058831003347678e-05,0.0006274202046692246
ENSG00000126267,8.057566036037208e-05,0.0012074934947803222
ENSG00000140941,8.052132255067749e-05,0.00028414728423760427
ENSG00000148450,8.036512285070676e-05,0.0007144792442961482
ENSG00000147164,8.034078148459484e-05,0.0007603899306260513
ENSG00000186187,8.021914693761293e-05,0.00047458595155591964
ENSG00000156858,8.017606128309374e-05,0.0006667115163681549
ENSG00000125877,8.008524932903756e-05,0.0013125471311467307
ENSG00000169241,8.008390833092806e-05,0.0007127111750293941
ENSG00000158169,8.005598048162725e-05,0.0013570022958384006
ENSG00000155275,7.992132806261403e-05,0.0007467205268417766
ENSG00000221914,7.98767848922869e-05,0.000993684961571471
ENSG00000213920,7.984931381708179e-05,0.0006815317015777573
ENSG00000070190,7.976511786417081e-05,0.0010631407386713428
ENSG00000121966,7.972195402457756e-05,0.0012259647257709468
ENSG00000101972,7.970532559173861e-05,0.0012538373297570668
ENSG00000156873,7.96601161486613e-05,0.0005818243725893106
ENSG00000257103,7.959213696761525e-05,0.0011043238948407323
ENSG00000188878,7.955176805774173e-05,0.000825496116831102
ENSG00000144021,7.954885999266284e-05,0.0008863394289758601
ENSG00000175866,7.948878210665756e-05,0.0011185284294400065
ENSG00000096996,7.938616751834837e-05,0.0007481780052856462
ENSG00000111224,7.937341097509483e-05,0.003961062090479061
ENSG00000168275,7.929861678616302e-05,0.0011890307898897406
ENSG00000163257,7.927325689685643e-05,0.001929178720155815
ENSG00000102981,7.925243007500319e-05,0.0010970380342136816
ENSG00000059728,7.909613725284398e-05,0.0023482312027194086
ENSG00000113319,7.890856310513355e-05,0.0007071444228785345
ENSG00000186026,7.890339799859532e-05,0.0016867473444392347
ENSG00000123360,7.890243296775961e-05,0.0010854509586941538
ENSG00000104679,7.88997371793156e-05,0.0007049316287676943
ENSG00000071564,7.888128807242408e-05,0.002177405315396018
ENSG00000141293,7.881296417160333e-05,0.0008582474983409112
ENSG00000175348,7.880529388153929e-05,0.0007101925426624064
ENSG00000151135,7.876541555412954e-05,0.0008279711384240732
ENSG00000121406,7.866399544194319e-05,0.0013320049974764599
ENSG00000168724,7.854418356603016e-05,0.0007820381184708324
ENSG00000006432,7.835406211356432e-05,0.001105866552486269
ENSG00000206560,7.834179157545735e-05,0.0013843527021963691
ENSG00000126870,7.830511822936447e-05,0.0008189090678652898
ENSG00000137331,7.828354651634997e-05,0.0007208161271402358
ENSG00000091490,7.828011120211272e-05,0.00071376144220954
ENSG00000114439,7.819583547701974e-05,0.0006951978940729606
ENSG00000109466,7.817456091598884e-05,0.0008797439037775477
ENSG00000204390,7.809152519456966e-05,0.000807755369445494
ENSG00000092964,7.802798032887426e-05,0.0005220706848897283
ENSG00000204271,7.799270192065964e-05,0.0010883419408711976
ENSG00000107331,7.79488232765484e-05,0.000798050800854225
ENSG00000171475,7.783110719669767e-05,0.0011848915237469922
ENSG00000187118,7.775451020961844e-05,0.00046258145764731685
ENSG00000134146,7.775007574715267e-05,0.0010813686536653377
ENSG00000129480,7.773907152373809e-05,0.0007702544515111199
ENSG00000167543,7.759808642361254e-05,0.0009217570119312978
ENSG00000185825,7.756273651860865e-05,0.0008208919050052727
ENSG00000166557,7.753105146849623e-05,0.0013225578003340083
ENSG00000178295,7.752336069520013e-05,0.0006394326905272128
ENSG00000088766,7.74029795004655e-05,0.001166215993914795
ENSG00000161914,7.730864743315238e-05,0.0010724591234721201
ENSG00000075711,7.730502473222147e-05,0.0006593921796497603
ENSG00000135974,7.7287644069614e-05,0.0008716594650193454
ENSG00000069493,7.716187520135907e-05,0.001405413393602176
ENSG00000061676,7.713732059744893e-05,0.00032168135692552243
ENSG00000179021,7.708114650476222e-05,0.00065212659673088
ENSG00000171241,7.706244702209958e-05,0.0007260187123690877
ENSG00000113108,7.702442461080118e-05,0.0005729257980768372
ENSG00000251247,7.695272448438416e-05,0.000905253526656867
ENSG00000118193,7.667099003629791e-05,0.000984853262042345
ENSG00000182162,7.665950344864672e-05,0.0004929125305088749
ENSG00000139832,7.662289609397024e-05,0.0006655157645504866
ENSG00000131023,7.659018681536907e-05,0.0014120752584213425
ENSG00000084733,7.658210789030615e-05,0.0011794031760970236
ENSG00000143353,7.647785136315222e-05,0.0005770069387688681
ENSG00000119335,7.647626147532624e-05,0.0012069628765172308
ENSG00000104894,7.64609619269414e-05,0.0007138309323554775
ENSG00000136490,7.641263965536871e-05,0.0010064418779725218
ENSG00000163001,7.640184168227825e-05,0.0007139744421930127
ENSG00000125447,7.637238699442393e-05,0.0017869927228767429
ENSG00000132676,7.636452025800926e-05,0.0008162771272458478
ENSG00000165209,7.630247010000562e-05,0.0006519013158094209
ENSG00000175463,7.627713495352884e-05,0.0015625488718649934
ENSG00000091164,7.625734453981443e-05,0.0012493576394246827
ENSG00000174943,7.61483076980694e-05,0.00046685745428856325
ENSG00000143499,7.60855207749592e-05,0.0006708431322712488
ENSG00000117228,7.594197378327434e-05,0.0016093323121447406
ENSG00000102743,7.593504518354207e-05,0.0006267892556631268
ENSG00000155545,7.577533675980336e-05,0.00033525181926978684
ENSG00000165406,7.576746670477302e-05,0.0006288107341461129
ENSG00000100372,7.576604814984658e-05,0.0007197199071013777
ENSG00000204410,7.575407717015196e-05,0.0008464325625565694
ENSG00000141560,7.573166317284148e-05,0.0005174838222104564
ENSG00000010626,7.572877941903547e-05,0.0009602647147160097
ENSG00000033178,7.567295391110572e-05,0.0014821666955986896
ENSG00000119801,7.564377135798539e-05,0.0022804019852882577
ENSG00000205423,7.56007836927097e-05,0.0005026588459060585
ENSG00000125818,7.551208581363371e-05,0.0021111510993335266
ENSG00000111229,7.548080815762517e-05,0.0010746758557555749
ENSG00000131389,7.547670983132907e-05,0.0004263945610477573
ENSG00000167377,7.542317363170344e-05,0.0008630599548338911
ENSG00000159840,7.542221632712619e-05,0.0005558834872259665
ENSG00000115520,7.539071958876132e-05,0.000914610125689312
ENSG00000138758,7.538168332814936e-05,0.0006966425396887699
ENSG00000263465,7.527552597450995e-05,0.0003958118262202695
ENSG00000173276,7.524302539861108e-05,0.0008523586847023266
ENSG00000165861,7.519623257571238e-05,0.000751974341708906
ENSG00000086015,7.512450057445234e-05,0.0007938669986650335
ENSG00000157538,7.511111373841977e-05,0.0012770711940834323
ENSG00000197635,7.504882887458913e-05,0.0005871918748977889
ENSG00000065485,7.504509255312669e-05,0.0006583692288941823
ENSG00000131238,7.502328274523877e-05,0.0014098662182435008
ENSG00000166965,7.497470556862416e-05,0.0003254353114533076
ENSG00000121039,7.494913826932168e-05,0.001696053872066745
ENSG00000139746,7.488384465383562e-05,0.001014848391393135
ENSG00000124486,7.482816442617489e-05,0.0018380140093343727
ENSG00000234444,7.472986482313367e-05,0.0005968044144264656
ENSG00000164096,7.460739968399036e-05,0.001131840275518549
ENSG00000171865,7.460226365164987e-05,0.001291930911291924
ENSG00000185246,7.455467485982451e-05,0.0010826535668063367
ENSG00000116273,7.453950662134682e-05,0.0007682002885966018
ENSG00000174109,7.449611436150685e-05,0.0012328875674933574
ENSG00000130703,7.447914744567923e-05,0.0009128364464922481
ENSG00000124155,7.447701399349832e-05,0.0006466120763024114
ENSG00000171791,7.445898663012361e-05,0.0018140073702128299
ENSG00000169599,7.441428289639931e-05,0.0011825688177950868
ENSG00000168646,7.439598132112891e-05,0.0016196625443741176
ENSG00000166855,7.435727684641612e-05,0.0006398058865002275
ENSG00000132485,7.430693643202418e-05,0.0015071026351225114
ENSG00000155330,7.429173476011549e-05,0.0016642229310620004
ENSG00000136280,7.424698040432343e-05,0.0016514265601017476
ENSG00000112640,7.41624567155417e-05,0.0008803877757073224
ENSG00000162836,7.408957128330009e-05,0.0005941260149597182
ENSG00000104164,7.404369594906066e-05,0.0005323059901978272
ENSG00000152601,7.404108641142652e-05,0.0020491336320634054
ENSG00000227507,7.40157809591824e-05,0.0014456991700081412
ENSG00000113621,7.400908594489081e-05,0.0008254940650394215
ENSG00000177169,7.394631317897128e-05,0.0005191967571978675
ENSG00000158290,7.390955640321388e-05,0.0015837467074479026
ENSG00000100883,7.389016118352978e-05,0.0012895468341869072
ENSG00000144554,7.38449362106009e-05,0.0009871107129230125
ENSG00000148153,7.377547242691895e-05,0.0012520042141291262
ENSG00000187024,7.37202017838891e-05,0.0008180495068399962
ENSG00000175115,7.371613482905262e-05,0.003335170250258483
ENSG00000146859,7.368851340664819e-05,0.0008812971106424103
ENSG00000111885,7.363925202966521e-05,0.0006013763770906465
ENSG00000092847,7.363002738364913e-05,0.0007000204549866168
ENSG00000157593,7.362969938760284e-05,0.00047534631399865897
ENSG00000160932,7.351335028875587e-05,0.0010380678556508327
ENSG00000177917,7.347692785204811e-05,0.0010256802677002445
ENSG00000180758,7.346850370653699e-05,0.0011988796094161967
ENSG00000204856,7.325763353234415e-05,0.0008254558551731868
ENSG00000129219,7.324226649477547e-05,0.0008246359762548118
ENSG00000087274,7.320055853710603e-05,0.0008742592771978651
ENSG00000147224,7.319730004287241e-05,0.0008190071139587498
ENSG00000168297,7.307768909004286e-05,0.0006866433741607295
ENSG00000173674,7.305199347882491e-05,0.0015295294583068234
ENSG00000100629,7.299445659479386e-05,0.00045986910391756857
ENSG00000057252,7.29887159876513e-05,0.0006561015851847206
ENSG00000255302,7.298267002571553e-05,0.0009665454938889619
ENSG00000198715,7.28469052210031e-05,0.0010283784173518605
ENSG00000125430,7.281995122882656e-05,0.0009068144248849921
ENSG00000125637,7.275457321069775e-05,0.0016353476000715954
ENSG00000067992,7.269904533163332e-05,0.00046151277171917177
ENSG00000197858,7.264713734651861e-05,0.0010382318552190988
ENSG00000133961,7.264612982047595e-05,0.0006250668572157223
ENSG00000048405,7.263328371435361e-05,0.0007814280527657775
ENSG00000100241,7.255651141200457e-05,0.001342513106528327
ENSG00000165704,7.252237228723207e-05,0.0010387765339413895
ENSG00000101346,7.245805299892121e-05,0.000703699942662977
ENSG00000118046,7.242034738349354e-05,0.0029280343843399175
ENSG00000126214,7.239331668479306e-05,0.0006959115616329552
ENSG00000133985,7.233511505825546e-05,0.00046528948591187814
ENSG00000117362,7.229753557673097e-05,0.0006402343859395804
ENSG00000075239,7.227698056523416e-05,0.0012813986045971503
ENSG00000117000,7.223269959787759e-05,0.00043880858088333753
ENSG00000131171,7.22219801651835e-05,0.0007032556431790299
ENSG00000115204,7.213982396892949e-05,0.0008143804197926004
ENSG00000119541,7.206748680086844e-05,0.0007993210448028364
ENSG00000071794,7.205496735272692e-05,0.003285861896126075
ENSG00000256235,7.203599975235638e-05,0.00070547932562237
ENSG00000132522,7.196825087466474e-05,0.001180618238271672
ENSG00000050426,7.19634466661125e-05,0.00045058547315922327
ENSG00000114098,7.191726925301386e-05,0.001798155769188941
ENSG00000156671,7.176580955676337e-05,0.000618336484717939
ENSG00000147065,7.165631210067249e-05,0.0018344028514160388
ENSG00000123353,7.158943003292331e-05,0.001279292075087562
ENSG00000197782,7.158004934508527e-05,0.0005141476923133561
ENSG00000065809,7.157191798186279e-05,0.002880262931342422
ENSG00000186017,7.156368632484703e-05,0.0009381980536510007
ENSG00000136634,7.15586655745147e-05,0.0008466437411922556
ENSG00000090006,7.141660781054066e-05,0.001164557046259214
ENSG00000160633,7.137486444147913e-05,0.0010736601214589101
ENSG00000099875,7.135975329153834e-05,0.0006468388751414842
ENSG00000110717,7.130652072129051e-05,0.0012774300538703235
ENSG00000105705,7.129180135807151e-05,0.0015927096012096895
ENSG00000186470,7.126044720930873e-05,0.0006068319735745887
ENSG00000187676,7.124775477639943e-05,0.0008709014021977956
ENSG00000065911,7.120099354541052e-05,0.0016674784266696606
ENSG00000159202,7.118391005828612e-05,0.0008125477474735241
ENSG00000160593,7.111547620180325e-05,0.0009867531266210786
ENSG00000114933,7.105781093725759e-05,0.0006540828495317588
ENSG00000136159,7.104501066867204e-05,0.0005826799309067431
ENSG00000145860,7.101470929704716e-05,0.0007914909297601215
ENSG00000120802,7.100473818570368e-05,0.0007078979681772111
ENSG00000095485,7.097080387779547e-05,0.0006455338589356356
ENSG00000151332,7.086347646614311e-05,0.0010377574665426032
ENSG00000131400,7.084784811397985e-05,0.0006280021644276452
ENSG00000177576,7.08336224509949e-05,0.0012659740823325037
ENSG00000203896,7.067366370040845e-05,0.0006209579906425008
ENSG00000100664,7.066361726112055e-05,0.0019479431288204892
ENSG00000163069,7.066108625118116e-05,0.0011892158074317649
ENSG00000167550,7.050601429406061e-05,0.000669415366746735
ENSG00000186866,7.04777586400474e-05,0.00046139235296377423
ENSG00000167196,7.04758857223303e-05,0.0005772168355862588
ENSG00000115677,7.035278070286169e-05,0.0019942715592181455
ENSG00000110583,7.030897652645664e-05,0.0014772705157949095
ENSG00000141446,7.029233580299729e-05,0.00033571040792479016
ENSG00000181191,7.022015865388903e-05,0.0007583729925433155
ENSG00000135404,7.02133025193632e-05,0.0012438369402994844
ENSG00000273604,7.019267510827871e-05,0.0006539817198032333
ENSG00000004777,7.015360800727169e-05,0.0004937185116179615
ENSG00000075790,7.014941801060868e-05,0.0011188315997831997
ENSG00000105323,7.013485855124185e-05,0.0018518819945143555
ENSG00000135090,7.006038097270089e-05,0.0019428459511945538
ENSG00000164211,6.998365179592066e-05,0.0004125465021691199
ENSG00000123297,6.994588331858776e-05,0.0007070800982533204
ENSG00000137824,6.994534546131749e-05,0.0008310225608156601
ENSG00000124767,6.989252235499117e-05,0.0007766116792657768
ENSG00000134453,6.988999324039875e-05,0.0010969378876179406
ENSG00000143322,6.986612430769674e-05,0.000442688277765761
ENSG00000174891,6.976683270450592e-05,0.0005620305086125654
ENSG00000023445,6.976551879047267e-05,0.0009967839008444915
ENSG00000130939,6.974763691064981e-05,0.0009099099828131376
ENSG00000087299,6.974691168856278e-05,0.0011722433788303864
ENSG00000112343,6.973525158497351e-05,0.0004081775719094099
ENSG00000134986,6.971357512586817e-05,0.0008981558215438994
ENSG00000015133,6.964755984959716e-05,0.0009145452601655527
ENSG00000108468,6.947817927230672e-05,0.0010546450004517572
ENSG00000014919,6.939831988859864e-05,0.0006379380101902236
ENSG00000010610,6.930416786292474e-05,0.0011021981581316427
ENSG00000214021,6.929078971037565e-05,0.0013316434629070304
ENSG00000126091,6.924071293497556e-05,0.0007981798291435689
ENSG00000112531,6.921346655002397e-05,0.0007793124417972911
ENSG00000125457,6.906734660422638e-05,0.0008475408332712568
ENSG00000120942,6.905543634200635e-05,0.0011020846425819654
ENSG00000172840,6.894286039688004e-05,0.0006224211435312477
ENSG00000157077,6.891584836720242e-05,0.0008393116271901884
ENSG00000118960,6.889342359671397e-05,0.0009789287447867776
ENSG00000140365,6.871096078390741e-05,0.001953634893987872
ENSG00000198728,6.870686582135117e-05,0.0031505410118501127
ENSG00000185658,6.857636130463615e-05,0.00033329508689502714
ENSG00000115295,6.852125520023813e-05,0.00032945200997528567
ENSG00000180964,6.842124400046922e-05,0.0004161156953525948
ENSG00000110046,6.841136192717334e-05,0.0008308648835644195
ENSG00000124212,6.834428812408138e-05,0.0010207375717956244
ENSG00000185043,6.826883731742319e-05,0.0004227100507587018
ENSG00000256053,6.826407172908159e-05,0.0008416461795265096
ENSG00000090857,6.820835533933137e-05,0.0009674720289656838
ENSG00000096060,6.807328544853147e-05,0.000401760079512659
ENSG00000107104,6.801179807662929e-05,0.0008676724517877705
ENSG00000113583,6.775033312204919e-05,0.0006376278302545422
ENSG00000163870,6.754431865365914e-05,0.0004088082533869952
ENSG00000108306,6.740234079160085e-05,0.000616307272410357
ENSG00000176390,6.736595112803728e-05,0.00030835488874669846
ENSG00000103152,6.731681801377814e-05,0.0014108754876531533
ENSG00000276234,6.719755055706707e-05,0.0009617926245150813
ENSG00000108439,6.719153392711675e-05,0.0007880335791092242
ENSG00000125910,6.716577384445119e-05,0.001271239781800092
ENSG00000109680,6.706475299586329e-05,0.0008121929963965014
ENSG00000143486,6.697832786805165e-05,0.0007767375007931141
ENSG00000183891,6.697326023598197e-05,0.0008870228193973372
ENSG00000130382,6.69667342809134e-05,0.0007597994760418067
ENSG00000164691,6.696239969111213e-05,0.003191568082594052
ENSG00000164830,6.69031614129335e-05,0.000714615461174991
ENSG00000136147,6.683555275394255e-05,0.00048001920156107093
ENSG00000154451,6.680398485196457e-05,0.0012190896104421268
ENSG00000166788,6.680263939386027e-05,0.0011069475422180322
ENSG00000213145,6.680199559852856e-05,0.0017780266530507405
ENSG00000132002,6.671937917489402e-05,0.0008376825478545471
ENSG00000196655,6.669362797995922e-05,0.0011896684223118125
ENSG00000146676,6.665896267144813e-05,0.0007961047476316165
ENSG00000116863,6.665825689966456e-05,0.0008125101540341661
ENSG00000103005,6.663034565223674e-05,0.0003280358745793254
ENSG00000182973,6.661174175580388e-05,0.0013650329955449826
ENSG00000176974,6.660255655593626e-05,0.0011338694889950908
ENSG00000183020,6.659807121655444e-05,0.0006950558717051074
ENSG00000105700,6.652177605652529e-05,0.0009797010039416065
ENSG00000130309,6.649531946494483e-05,0.0008526399722890997
ENSG00000113456,6.648738777387078e-05,0.0007365235177881202
ENSG00000137133,6.648435515777669e-05,0.0005520257187681973
ENSG00000161654,6.64843486907197e-05,0.0007386702168532757
ENSG00000204439,6.64639472304412e-05,0.0007049272174542159
ENSG00000122862,6.643284650811834e-05,0.0016111077180041846
ENSG00000174799,6.640288832943301e-05,0.0010982609375033362
ENSG00000143157,6.633325240792626e-05,0.001208082927123078
ENSG00000185291,6.631053678311e-05,0.0007831448470629097
ENSG00000162639,6.630166794969256e-05,0.0005063941931337549
ENSG00000213015,6.629003879338454e-05,0.000850422317131339
ENSG00000143537,6.627714065941377e-05,0.0005148369278663377
ENSG00000100814,6.62157043891787e-05,0.0007419040369770455
ENSG00000043514,6.619882705192673e-05,0.0016339473111379992
ENSG00000164983,6.609805616050417e-05,0.0014495878999672576
ENSG00000175931,6.608133949292241e-05,0.0007298730844013451
ENSG00000184922,6.607774638439275e-05,0.0016045660457302809
ENSG00000196839,6.605994164191e-05,0.000618391631184033
ENSG00000228474,6.602947793747203e-05,0.001662194698292855
ENSG00000069424,6.590904122962094e-05,0.0012399661278718179
ENSG00000106333,6.588748012301716e-05,0.0005607365829589026
ENSG00000176973,6.5761364075318e-05,0.0006555186963974055
ENSG00000136754,6.570556376008429e-05,0.0007509778646525723
ENSG00000187601,6.566413575019048e-05,0.0010906245376403397
ENSG00000204599,6.564922728645765e-05,0.001571935899855431
ENSG00000100097,6.562954043045378e-05,0.0025335089502322365
ENSG00000117614,6.552877358473795e-05,0.0010783033530909446
ENSG00000134014,6.552296512388068e-05,0.0015910413236174595
ENSG00000151366,6.550338372031073e-05,0.0007723315701482364
ENSG00000156531,6.545837753124795e-05,0.0007178012095353245
ENSG00000007944,6.545036705866422e-05,0.0005253498698124659
ENSG00000075151,6.544892684288818e-05,0.0009928394476386322
ENSG00000143641,6.530889839935464e-05,0.0008974669688991068
ENSG00000106780,6.530815663821204e-05,0.0008126837891463225
ENSG00000173715,6.52009923563666e-05,0.0006896055197946169
ENSG00000172348,6.51810870181727e-05,0.0007984513491645894
ENSG00000009844,6.515728791550207e-05,0.0006357667273689924
ENSG00000177731,6.50755548037976e-05,0.000613217271804246
ENSG00000047346,6.505241553319379e-05,0.0007307011168663175
ENSG00000155189,6.501996683191539e-05,0.0006514200025695145
ENSG00000265808,6.501010280073482e-05,0.0008872272297723645
ENSG00000159023,6.488286652375824e-05,0.001325027932024889
ENSG00000126746,6.483252161178872e-05,0.0008246089537182217
ENSG00000115232,6.482363355271307e-05,0.0016281587234212647
ENSG00000114416,6.477305470008409e-05,0.00044940841597441105
ENSG00000110711,6.460441589311192e-05,0.0024566311890779576
ENSG00000074706,6.457942717632696e-05,0.000692731503779326
ENSG00000055070,6.455256693867685e-05,0.0015475067085731719
ENSG00000177192,6.446236376314819e-05,0.0007106112546657879
ENSG00000168672,6.441713795627167e-05,0.000743209652210663
ENSG00000183255,6.440118041230139e-05,0.0006439543214746234
ENSG00000137411,6.439979820927597e-05,0.0014458043471748156
ENSG00000108582,6.439869721368071e-05,0.0006231704786623125
ENSG00000206053,6.427754073867082e-05,0.0006542628211514303
ENSG00000175193,6.412218712141589e-05,0.0007894938564613534
ENSG00000130222,6.404704594767587e-05,0.0008232499429972674
ENSG00000162337,6.404261705415558e-05,0.0008697667063357683
ENSG00000107968,6.402083312393208e-05,0.0008601727597812577
ENSG00000204371,6.39585201497074e-05,0.004967358904881906
ENSG00000185252,6.39312750317459e-05,0.0009497966814549045
ENSG00000127084,6.386218675314255e-05,0.0009787705370479336
ENSG00000112406,6.37967759373049e-05,0.0011048864117139225
ENSG00000140367,6.36823046919984e-05,0.0016319005549688963
ENSG00000006007,6.365062498358831e-05,0.0003972467155233132
ENSG00000066855,6.360977618104125e-05,0.0003640734737512762
ENSG00000143924,6.35916994594976e-05,0.0005240298005355624
ENSG00000096654,6.352928748327577e-05,0.0006247010257777869
ENSG00000128342,6.352496142709895e-05,0.0010984598331192864
ENSG00000167315,6.348642474895806e-05,0.0007664697359521382
ENSG00000086712,6.337100354621074e-05,0.0005536063323411081
ENSG00000103121,6.322734660344973e-05,0.0010769404213826271
ENSG00000062194,6.322712354171092e-05,0.0017636636907597937
ENSG00000156017,6.32268381798129e-05,0.000884411987564298
ENSG00000103994,6.321647187392447e-05,0.0009894582906575444
ENSG00000172738,6.321260714747402e-05,0.0014889320423480837
ENSG00000173114,6.320963567961097e-05,0.001224458920097934
ENSG00000108587,6.318392294240397e-05,0.0007055850054866692
ENSG00000171867,6.310208528810319e-05,0.0007860249689075065
ENSG00000197006,6.307414768822267e-05,0.0008107815666318823
ENSG00000198742,6.295723494465626e-05,0.0005732854561450635
ENSG00000228594,6.29150705185756e-05,0.0009440736490728879
ENSG00000140876,6.283073381086191e-05,0.0011537776143666387
ENSG00000183726,6.278281830594268e-05,0.001319190704041921
ENSG00000198692,6.277518077237817e-05,0.0006730995463961433
ENSG00000221923,6.277127970365721e-05,0.001031424449455845
ENSG00000090686,6.274738297789511e-05,0.001263254250819187
ENSG00000103769,6.272781920510864e-05,0.0008276854301002533
ENSG00000139180,6.272525454992738e-05,0.0010443765708168173
ENSG00000164002,6.27102471257849e-05,0.0007224155157166186
ENSG00000124942,6.267925710583852e-05,0.0010628314281851854
ENSG00000108100,6.266183855679062e-05,0.0006255223411997194
ENSG00000189050,6.263748746753284e-05,0.0013664914415377186
ENSG00000274211,6.255109048618741e-05,0.0007317755316265607
ENSG00000135127,6.252055576550337e-05,0.001635245531783146
ENSG00000198833,6.24863666900164e-05,0.0008424215496221025
ENSG00000184216,6.247666129665137e-05,0.0009932905114536019
ENSG00000198920,6.241954111862568e-05,0.0004579010565621802
ENSG00000134265,6.239941787792738e-05,0.0003231293847360769
ENSG00000106367,6.238474656264338e-05,0.0007648809742026061
ENSG00000140943,6.238219021698268e-05,0.001374538781319474
ENSG00000139842,6.232650494480022e-05,0.0007886302349346067
ENSG00000069275,6.230682675755158e-05,0.0017538201779752425
ENSG00000143815,6.224146252724189e-05,0.0011510088082749054
ENSG00000198743,6.222986168391503e-05,0.00136583746172331
ENSG00000127824,6.217818321148786e-05,0.0013163461583236933
ENSG00000156587,6.215175691578581e-05,0.0016834840035354131
ENSG00000087903,6.212633161420312e-05,0.0012272601160143277
ENSG00000067182,6.212116159642523e-05,0.0007842316011950107
ENSG00000175938,6.210128674802869e-05,0.0007553916779617783
ENSG00000107854,6.198594135915051e-05,0.0006595565295571778
ENSG00000139651,6.197980856060937e-05,0.0009209047018392065
ENSG00000131378,6.181519677634033e-05,0.0005818503986637365
ENSG00000169738,6.181479635939112e-05,0.0009076801984328844
ENSG00000176396,6.176303234068312e-05,0.0014062403152049197
ENSG00000178209,6.17449396341174e-05,0.0021420587865183106
ENSG00000095209,6.170700945813378e-05,0.0008390968114558076
ENSG00000145817,6.164777584004428e-05,0.0005550956787074028
ENSG00000188042,6.164243404725211e-05,0.0017615506717346416
ENSG00000148300,6.159643069512595e-05,0.0006465523496741777
ENSG00000154845,6.158330704989995e-05,0.0005879486211105638
ENSG00000105127,6.155284643365085e-05,0.0015970980108023596
ENSG00000197024,6.154809176719538e-05,0.0003962285209140196
ENSG00000135482,6.15364613662607e-05,0.0008698615149044462
ENSG00000005448,6.151976038997246e-05,0.001896145543789986
ENSG00000152495,6.151871065322804e-05,0.0006803646116970716
ENSG00000130733,6.14977476331438e-05,0.0006762463580255565
ENSG00000184056,6.143289916583274e-05,0.000671180205736092
ENSG00000088682,6.13082077543678e-05,0.0007249925906399049
ENSG00000186352,6.129849264537281e-05,0.0009655723561543557
ENSG00000116871,6.1253730240106e-05,0.0012708166521527892
ENSG00000186810,6.121210374087763e-05,0.0008328491270053718
ENSG00000081014,6.11637968443491e-05,0.0007049709534217326
ENSG00000013561,6.114440277126169e-05,0.00035214425988094975
ENSG00000011523,6.0999839249307734e-05,0.000547953849437837
ENSG00000151239,6.095379759286838e-05,0.0011322413061875282
ENSG00000128272,6.0953268246180914e-05,0.0048821102577981485
ENSG00000072110,6.092402749854083e-05,0.0006811077326620275
ENSG00000129255,6.076798783956235e-05,0.0006764004133782062
ENSG00000178927,6.0762428826071805e-05,0.0008825178139613572
ENSG00000176619,6.058813608667444e-05,0.0009112117168128204
ENSG00000205531,6.0579599038092145e-05,0.0008972748455861227
ENSG00000185722,6.054990640922976e-05,0.0004101582694902789
ENSG00000176087,6.049404611170324e-05,0.0016498775871338215
ENSG00000169194,6.0293972190517455e-05,0.002856679922717832
ENSG00000133315,6.028104800352088e-05,0.0005099154079844259
ENSG00000152484,6.0189840041787144e-05,0.0008267318876374261
ENSG00000066926,6.016612170601325e-05,0.0008062582312134252
ENSG00000087589,6.015494139498004e-05,0.0010694772274662575
ENSG00000156162,6.011737717027522e-05,0.00039045719441418406
ENSG00000159921,6.011707308977985e-05,0.0008153030003948731
ENSG00000163428,6.006782436613302e-05,0.00048694173465779457
ENSG00000196968,6.006491492444561e-05,0.001175492687148889
ENSG00000114796,6.004283555526154e-05,0.0005415205430127086
ENSG00000135245,5.988016797802471e-05,0.001384160106656948
ENSG00000173890,5.9864016906396186e-05,0.000679531976926347
ENSG00000143674,5.981655496192255e-05,0.0005037706107739474
ENSG00000241468,5.981165051188336e-05,0.0011646861133562533
ENSG00000089154,5.970975088717016e-05,0.0014689594799505335
ENSG00000166321,5.9706357301090964e-05,0.0016261773540026116
ENSG00000118985,5.9684600636048466e-05,0.0018920290801487292
ENSG00000105851,5.961071052543133e-05,0.0006554646895359458
ENSG00000197451,5.9540001562343065e-05,0.0015384474109854023
ENSG00000238227,5.9466185388378425e-05,0.001030608142449468
ENSG00000154518,5.9446161770574624e-05,0.0010769928394866923
ENSG00000116741,5.943903517579017e-05,0.0012279765727096488
ENSG00000259956,5.943750202284398e-05,0.0006390316199589132
ENSG00000154429,5.9405879534761426e-05,0.0011139497886040214
ENSG00000175567,5.939213528360991e-05,0.0014702693934461187
ENSG00000160352,5.9308917638954395e-05,0.0004599078464467893
ENSG00000173581,5.922280877913061e-05,0.0009105446402962022
ENSG00000064703,5.91572450786097e-05,0.0011646415785164991
ENSG00000162222,5.911842522207369e-05,0.0009243929363416711
ENSG00000156304,5.90606758716424e-05,0.00231392377194321
ENSG00000182378,5.8959576612906066e-05,0.0007407929520672126
ENSG00000063241,5.895091742872018e-05,0.000496323716732845
ENSG00000111752,5.892204955121597e-05,0.0008158470071682267
ENSG00000108599,5.889553718099774e-05,0.0017575604511558848
ENSG00000141551,5.884435443960183e-05,0.00038642865053305415
ENSG00000248099,5.883794306580978e-05,0.0009515050286648819
ENSG00000176209,5.880844626908241e-05,0.0006286568039825933
ENSG00000156875,5.87912754272733e-05,0.0008444841200035616
ENSG00000184465,5.872603533500499e-05,0.0007337883339185241
ENSG00000100300,5.869610612958467e-05,0.0013617287479004605
ENSG00000156535,5.8673600142824805e-05,0.0006671918903992571
ENSG00000104231,5.866016509430482e-05,0.0005353848946206871
ENSG00000186812,5.862111231691767e-05,0.0007104609894493282
ENSG00000142227,5.855908831565063e-05,0.0017771356552952803
ENSG00000197343,5.8536974987219097e-05,0.0011830203703249262
ENSG00000159596,5.847809228211607e-05,0.0004824252870557501
ENSG00000099385,5.847021759979108e-05,0.0008916040070843627
ENSG00000102401,5.844538176513817e-05,0.0004013382043095373
ENSG00000003393,5.842875991058842e-05,0.0010962297263587637
ENSG00000133606,5.8402592999203216e-05,0.0008310792163262011
ENSG00000154813,5.83823295841035e-05,0.0007167419116094312
ENSG00000180667,5.833650940608115e-05,0.0008338339902363573
ENSG00000167491,5.8300233983237686e-05,0.0013469528879717673
ENSG00000163328,5.829814098832812e-05,0.0011477232564350622
ENSG00000109920,5.820498134569542e-05,0.0010699437102482375
ENSG00000186660,5.817944299762856e-05,0.0017277177013515805
ENSG00000129925,5.8164585195402716e-05,0.0007792439018017383
ENSG00000006194,5.8124561567751645e-05,0.0006958726198625139
ENSG00000109536,5.812227368473977e-05,0.0006094054001963205
ENSG00000089335,5.809770213112829e-05,0.001040197258611838
ENSG00000180096,5.807550072121052e-05,0.0010100586169594396
ENSG00000131779,5.807153143031112e-05,0.0007013460905496934
ENSG00000090054,5.8016610357969226e-05,0.00040010043221427107
ENSG00000161638,5.7911066712391764e-05,0.0010248754383386377
ENSG00000169567,5.780369499969241e-05,0.0025371818992458613
ENSG00000116288,5.766465287395363e-05,0.003021976586675606
ENSG00000186020,5.765348328245869e-05,0.0008286223443581948
ENSG00000164308,5.760759225810643e-05,0.0004147078530659279
ENSG00000128973,5.756662724290073e-05,0.0008575559709190534
ENSG00000168216,5.755102753074374e-05,0.0009068246124934821
ENSG00000213390,5.750845460535556e-05,0.0016243951897605272
ENSG00000148400,5.733696618328709e-05,0.0005632528538576959
ENSG00000133739,5.7312741569851664e-05,0.0007140794504516547
ENSG00000171467,5.729875175505278e-05,0.0008723626014861649
ENSG00000144468,5.7293443987773394e-05,0.00043921150456215714
ENSG00000141664,5.723295689061989e-05,0.0009885287427598948
ENSG00000186130,5.7229611437429934e-05,0.00046295969304138864
ENSG00000072364,5.719867983654183e-05,0.0004120175857748302
ENSG00000143207,5.7194941226583715e-05,0.001211706593391903
ENSG00000124275,5.71531765103219e-05,0.0007340601573490726
ENSG00000177885,5.7130090716441226e-05,0.001303847431788123
ENSG00000087502,5.712967847713531e-05,0.0008637804085718263
ENSG00000141698,5.712588881344799e-05,0.0006363687552140197
ENSG00000135749,5.707733328714972e-05,0.0005964429619308256
ENSG00000169718,5.704787339627767e-05,0.0007866045952765646
ENSG00000157873,5.701261081436277e-05,0.0007444687220050604
ENSG00000115526,5.70049563946045e-05,0.001030474331702695
ENSG00000067191,5.693584063515839e-05,0.0008341499484832164
ENSG00000137145,5.692005044749097e-05,0.000365832799222654
ENSG00000100147,5.6919012827490773e-05,0.0007959595718705755
ENSG00000005700,5.68709303876884e-05,0.0008970809338525445
ENSG00000165689,5.6806203597627016e-05,0.0006347938187990842
ENSG00000025708,5.679401505981423e-05,0.0007930764276259028
ENSG00000103707,5.668195525084663e-05,0.0007987911051124928
ENSG00000117090,5.6667908529372494e-05,0.0007904893307955743
ENSG00000065135,5.666409388157328e-05,0.002023190645806535
ENSG00000169991,5.6649936612330675e-05,0.002432057774199804
ENSG00000196693,5.6596067072619504e-05,0.0007959222997064558
ENSG00000101901,5.654068442027909e-05,0.001368007107401756
ENSG00000113387,5.653282642775873e-05,0.0015306573533037727
ENSG00000164687,5.650975376033754e-05,0.000877741933747367
ENSG00000116691,5.650517135583556e-05,0.0006352860716315154
ENSG00000145331,5.649652652059669e-05,0.0006412576521426037
ENSG00000144579,5.6394305259944556e-05,0.0014217483973604607
ENSG00000198373,5.6382051497949456e-05,0.0005048161444374293
ENSG00000167460,5.637754182933147e-05,0.0009812253111239947
ENSG00000204084,5.6306080285723646e-05,0.0012594886442616599
ENSG00000160199,5.628199385341449e-05,0.002293017155611808
ENSG00000134057,5.626034603891621e-05,0.0014326182614614452
ENSG00000119537,5.62516819698586e-05,0.001383681644334154
ENSG00000166313,5.621971168061833e-05,0.0005517412713463608
ENSG00000104689,5.618224409024485e-05,0.000825052292613117
ENSG00000205544,5.6161402555940926e-05,0.0005600145321732737
ENSG00000170946,5.614005669191297e-05,0.001018907706511146
ENSG00000197223,5.611237972906551e-05,0.0013723688455504984
ENSG00000136161,5.605744251434541e-05,0.0019654613391448038
ENSG00000151136,5.6033151389706e-05,0.0006484911296985393
ENSG00000244687,5.602664451282728e-05,0.0008595765047288012
ENSG00000132953,5.60076884631394e-05,0.0007296145076043989
ENSG00000181061,5.5994988483945616e-05,0.0007800176728941208
ENSG00000148730,5.59572482095454e-05,0.0012312755875853705
ENSG00000169446,5.594029969861551e-05,0.0008047670975489937
ENSG00000124357,5.5922659966051736e-05,0.0006061316594301658
ENSG00000196642,5.591982734376975e-05,0.0009898678944266185
ENSG00000145996,5.586887057966333e-05,0.0006820845455847644
ENSG00000066583,5.5816240390990766e-05,0.0005179760330245647
ENSG00000091039,5.579158980288965e-05,0.0013003761032607131
ENSG00000162241,5.575933116149238e-05,0.0010527623390795347
ENSG00000175592,5.5739254899816e-05,0.00235018842391847
ENSG00000158604,5.5706907342103115e-05,0.0016404826765773195
ENSG00000073331,5.569385608183723e-05,0.0007842207092997655
ENSG00000029639,5.5617724338426126e-05,0.0011298885366638708
ENSG00000168569,5.5596823744463755e-05,0.00037841573493912784
ENSG00000111450,5.557179023803687e-05,0.00078609185205243
ENSG00000164823,5.555397824024909e-05,0.0015626580072728052
ENSG00000123609,5.55398141166475e-05,0.00046801573877590965
ENSG00000088970,5.5523450641507004e-05,0.0007782145533507048
ENSG00000117569,5.5518337692964825e-05,0.0006023337421126587
ENSG00000132612,5.549010431767226e-05,0.0013082851393241904
ENSG00000160310,5.546623397876918e-05,0.0008405507607566287
ENSG00000055732,5.535927433880613e-05,0.0008661556827011209
ENSG00000066557,5.531486631718138e-05,0.0006421104643681232
ENSG00000132330,5.523106148340418e-05,0.0007235810035534744
ENSG00000101966,5.511467757843537e-05,0.0007392504253361143
ENSG00000166529,5.508649630382628e-05,0.0006596357989073813
ENSG00000110075,5.508211800775856e-05,0.0013011569277544576
ENSG00000050748,5.501677157191342e-05,0.0008074880983291995
ENSG00000122042,5.4971100669857825e-05,0.0006679014573236989
ENSG00000115271,5.4960802536621545e-05,0.0006075032917522327
ENSG00000100441,5.495947759398297e-05,0.0006858572499455532
ENSG00000138111,5.495908923118224e-05,0.0005314652636428619
ENSG00000171466,5.493958098001872e-05,0.00031970874331671746
ENSG00000163754,5.480119880924321e-05,0.0007030899876071675
ENSG00000123562,5.4765863648957304e-05,0.000437654019106872
ENSG00000158863,5.4692091353795965e-05,0.0006568764538220089
ENSG00000073060,5.46710126421231e-05,0.001223252990508071
ENSG00000149196,5.4656825108811374e-05,0.001116509454258425
ENSG00000120519,5.465675483298802e-05,0.000786327073149335
ENSG00000008324,5.463256165851316e-05,0.0010544655603937367
ENSG00000113739,5.4550815088340414e-05,0.0008171199978989767
ENSG00000167595,5.452892764895722e-05,0.0007803272737353785
ENSG00000103653,5.449549528531895e-05,0.0015978081966999307
ENSG00000109814,5.44042422086152e-05,0.0025863732184989354
ENSG00000136141,5.4401504390371514e-05,0.0004037576391344763
ENSG00000154803,5.4369532432512034e-05,0.0009156055279900367
ENSG00000104714,5.42768683221067e-05,0.0004998614326602938
ENSG00000182196,5.423389936558616e-05,0.0016176278675692115
ENSG00000104823,5.421543856581199e-05,0.0009049271064680189
ENSG00000102390,5.418396351141148e-05,0.0007622341350990085
ENSG00000108799,5.4178161491591274e-05,0.0006924366894175103
ENSG00000162999,5.416142689783559e-05,0.00091840424458124
ENSG00000176624,5.411169904297672e-05,0.0007235677433550867
ENSG00000165661,5.410855240147114e-05,0.0010281803320022053
ENSG00000157353,5.4097152227001675e-05,0.0012400516466918002
ENSG00000086827,5.4023904886615306e-05,0.0008128689290104052
ENSG00000244187,5.4022924555270246e-05,0.0004247039443173897
ENSG00000146083,5.400338699283714e-05,0.0012435608520902617
ENSG00000205089,5.391398922947565e-05,0.0008740220699392049
ENSG00000079616,5.385813142184169e-05,0.0013477265030888102
ENSG00000133818,5.378847804411166e-05,0.0010522595550456018
ENSG00000118816,5.374666226516277e-05,0.001340231295180329
ENSG00000170315,5.371526111989358e-05,0.0008482448662373519
ENSG00000147533,5.3643325005171275e-05,0.0006510319389766878
ENSG00000198954,5.359072522444868e-05,0.0006493652832041573
ENSG00000175309,5.356740918219374e-05,0.0007087495322450569
ENSG00000150938,5.354085344749115e-05,0.00036873460049505907
ENSG00000073614,5.351830240271954e-05,0.0007655351848527927
ENSG00000135390,5.3509105104856065e-05,0.0009439536271332495
ENSG00000121879,5.348748437416938e-05,0.0007936415177888611
ENSG00000135916,5.348457153188755e-05,0.0007265509149588495
ENSG00000140575,5.3466827492340084e-05,0.0007227860976980964
ENSG00000106609,5.341007072384887e-05,0.001484897931281244
ENSG00000107281,5.338430106876502e-05,0.0008027098206938565
ENSG00000137040,5.3352704654400666e-05,0.0005254516543173012
ENSG00000102781,5.327490967299429e-05,0.00039092660151537634
ENSG00000274349,5.323870696514479e-05,0.0013394169707924364
ENSG00000204435,5.313471722234829e-05,0.0008593356512246861
ENSG00000125166,5.30615173381768e-05,0.00137068802297586
ENSG00000107130,5.3054645335585524e-05,0.0007932478824540149
ENSG00000205336,5.305017673011075e-05,0.0008123907392111337
ENSG00000179583,5.304366642902871e-05,0.0022549259668783067
ENSG00000157601,5.303383290884888e-05,0.0010561404691831716
ENSG00000108395,5.3008412343658246e-05,0.0007348272505040663
ENSG00000041988,5.300413019884136e-05,0.00033389448596200566
ENSG00000196453,5.296182985746341e-05,0.00147270916545386
ENSG00000159176,5.285277960028171e-05,0.0009668757510260387
ENSG00000126106,5.2832484583726415e-05,0.0008868726298796103
ENSG00000185000,5.275086149483679e-05,0.001162838106396847
ENSG00000164292,5.268410175583148e-05,0.0007723585957189933
ENSG00000158109,5.2672683931110625e-05,0.0012471263675866092
ENSG00000177873,5.266548032663217e-05,0.0006761446206481579
ENSG00000172428,5.2656322217626094e-05,0.0008659182938286838
ENSG00000164258,5.248738199239684e-05,0.0009574007558104872
ENSG00000012660,5.2457801589632496e-05,0.0009285364366104686
ENSG00000065491,5.241609782777698e-05,0.0007630009056788865
ENSG00000163389,5.241007914297839e-05,0.00048518767915174205
ENSG00000137337,5.2366039280095635e-05,0.0009292598324705648
ENSG00000168005,5.236526094210626e-05,0.0007463972883398767
ENSG00000157456,5.2332759143805286e-05,0.0009414992517141616
ENSG00000161513,5.231360518523356e-05,0.0007970893402505584
ENSG00000166920,5.229483565418332e-05,0.0008076993279555342
ENSG00000088876,5.22422183935393e-05,0.0005376568584334912
ENSG00000131165,5.2193927581913745e-05,0.0014141630935132954
ENSG00000135821,5.2193447516026115e-05,0.0014030876561418855
ENSG00000152291,5.2136407213254934e-05,0.0008223108700656698
ENSG00000198937,5.206537512167509e-05,0.0005844390231808845
ENSG00000120137,5.206102026092187e-05,0.0008170441995771669
ENSG00000115687,5.2051411054710195e-05,0.0007925783476351786
ENSG00000077097,5.204182074412201e-05,0.0033295416128655136
ENSG00000159685,5.203930178458179e-05,0.0007721200429430539
ENSG00000143401,5.2014246210919464e-05,0.0032554693477688766
ENSG00000163599,5.2007289790451576e-05,0.0009273171514900874
ENSG00000165678,5.1980735165405705e-05,0.0005909664081412466
ENSG00000163162,5.193903048975485e-05,0.0007156417404356533
ENSG00000171488,5.1917193622556835e-05,0.001451038937951629
ENSG00000140497,5.184671755571587e-05,0.0008136263211971776
ENSG00000170248,5.184593426841319e-05,0.000567208643987299
ENSG00000126062,5.181134047946029e-05,0.00033706663088089837
ENSG00000138686,5.1779422282252684e-05,0.0010971868938438251
ENSG00000170004,5.175828094374203e-05,0.0006879208040459631
ENSG00000132254,5.1699549590709294e-05,0.0006368392791616444
ENSG00000170468,5.167109900114067e-05,0.0005550732312648331
ENSG00000006625,5.166384941532506e-05,0.0007141610940837552
ENSG00000119414,5.165712522031554e-05,0.0012817552201631107
ENSG00000140299,5.159894220373102e-05,0.00043809160408474126
ENSG00000010539,5.1570708644923824e-05,0.001038696397892208
ENSG00000136044,5.1555723297108056e-05,0.0011217119781729591
ENSG00000112992,5.1544021742606853e-05,0.0006324839204793956
ENSG00000184743,5.152412593480335e-05,0.0005912700466796884
ENSG00000180628,5.15195300742218e-05,0.0011858964917119785
ENSG00000052723,5.147176655129579e-05,0.0005033665438532182
ENSG00000068650,5.139471254510899e-05,0.00042657207889773
ENSG00000103043,5.139086270271333e-05,0.000679316931781897
ENSG00000100243,5.135507619374096e-05,0.0007928690478640813
ENSG00000101558,5.1327556811661596e-05,0.0009986217114317329
ENSG00000117335,5.131617233357062e-05,0.00040688732214719844
ENSG00000126709,5.131014151481059e-05,0.000748466962421396
ENSG00000106785,5.113888389529404e-05,0.0007945964475847521
ENSG00000213047,5.111246363941136e-05,0.00046835941856505
ENSG00000048649,5.101670120457321e-05,0.00040349391534334923
ENSG00000243279,5.094938239432898e-05,0.0011582868570316949
ENSG00000075785,5.093146499046318e-05,0.0008554094094400504
ENSG00000211450,5.091305886608081e-05,0.0013549858136248755
ENSG00000164252,5.0906273308152934e-05,0.0003864697585506257
ENSG00000109184,5.0902070809824755e-05,0.0006566638406711263
ENSG00000185418,5.089691826031035e-05,0.0007709102874694247
ENSG00000103591,5.085813546897386e-05,0.0007602605766474598
ENSG00000138593,5.081027743424395e-05,0.001152978215580237
ENSG00000136261,5.074386032105945e-05,0.0010304343373583253
ENSG00000104427,5.0731737269518676e-05,0.0008302088801371498
ENSG00000173928,5.066324123664699e-05,0.0004697196615762539
ENSG00000113851,5.0631013016108574e-05,0.0007179954033054189
ENSG00000138018,5.060778114578679e-05,0.000467023758795063
ENSG00000185697,5.0597263940982416e-05,0.0032413142198815218
ENSG00000063854,5.0570697575962054e-05,0.0005717035775325517
ENSG00000007541,5.03823109081534e-05,0.0016467480886310291
ENSG00000090554,5.037216382110756e-05,0.0005936555274286611
ENSG00000119661,5.035445620941545e-05,0.0010369243024520118
ENSG00000145780,5.035275232264265e-05,0.0005891497121508549
ENSG00000196911,5.0342220883706826e-05,0.0005467545012195722
ENSG00000112149,5.033425643114442e-05,0.0006674593363204667
ENSG00000244754,5.014054384707205e-05,0.000647674547741865
ENSG00000018610,5.0135027455172745e-05,0.0008119259125644838
ENSG00000137760,5.009332461172926e-05,0.00048497160330697973
ENSG00000050393,5.008496979603632e-05,0.0007978031373450093
ENSG00000119688,5.0078905946031955e-05,0.0009187963282253006
ENSG00000164332,5.00595877605111e-05,0.0009356857540202296
ENSG00000026297,5.0029956913931305e-05,0.000681934380995036
ENSG00000163961,4.998969859214745e-05,0.0006988196906343858
ENSG00000165283,4.996564249587914e-05,0.0007896065580949021
ENSG00000040199,4.994333337968304e-05,0.0009354375907996248
ENSG00000154001,4.9847560068141e-05,0.0005475048296136376
ENSG00000022556,4.983694226938099e-05,0.0008016132835795331
ENSG00000164111,4.982271688748131e-05,0.0007696712325399441
ENSG00000167397,4.981194785430536e-05,0.0008972763254127261
ENSG00000197448,4.981031248914971e-05,0.0010618878156087809
ENSG00000108389,4.973582079017647e-05,0.0005468285462049035
ENSG00000175893,4.973133621689498e-05,0.0003571453575231606
ENSG00000185236,4.971436153226824e-05,0.000982811954989367
ENSG00000158411,4.969401180476414e-05,0.0006656401759943257
ENSG00000043143,4.96924665821991e-05,0.0012033209608077588
ENSG00000106952,4.966192915529259e-05,0.0007194724837916295
ENSG00000162129,4.9637183305176504e-05,0.0013803567744223172
ENSG00000169641,4.954803907658971e-05,0.0007707411838137035
ENSG00000037637,4.9517148066129975e-05,0.0008455238606808948
ENSG00000182141,4.946229328893978e-05,0.0007724147042197242
ENSG00000102054,4.944308089937659e-05,0.0008876394229210318
ENSG00000075568,4.940298738165798e-05,0.0013831224889558906
ENSG00000180257,4.940201667169187e-05,0.0010966139345491587
ENSG00000004487,4.935968218365412e-05,0.008122616184677321
ENSG00000143258,4.931177401018712e-05,0.0003407261454038378
ENSG00000135318,4.9298643965614206e-05,0.0009955009707999173
ENSG00000112237,4.92796836482536e-05,0.0037808513064440338
ENSG00000159069,4.91119145777093e-05,0.0009695189175189094
ENSG00000204590,4.9076049679401044e-05,0.0008755708097198901
ENSG00000198879,4.906585336200345e-05,0.0007122601692061288
ENSG00000185905,4.8984931948794304e-05,0.0008853384878764203
ENSG00000186432,4.896740837271095e-05,0.0013261339947047042
ENSG00000187736,4.892034505310233e-05,0.00062403196438248
ENSG00000215252,4.88837103200888e-05,0.0004519007221225768
ENSG00000166170,4.8856511799848915e-05,0.0007034114654669776
ENSG00000136059,4.880468268222797e-05,0.0008895995149003036
ENSG00000213722,4.876339247979812e-05,0.0005152486257994507
ENSG00000171045,4.8698107565487544e-05,0.0005930253178373726
ENSG00000093072,4.86630161634191e-05,0.0007595911008652633
ENSG00000124444,4.8597458579093206e-05,0.0009750542264329838
ENSG00000134256,4.8479344979704404e-05,0.0010221181854932744
ENSG00000156504,4.846643647756943e-05,0.0008390051103903427
ENSG00000166046,4.846584768557717e-05,0.0006413388076431677
ENSG00000158201,4.8461634786733204e-05,0.0007841113275492693
ENSG00000118263,4.8459617814257345e-05,0.00040865919393655396
ENSG00000183647,4.845687933480703e-05,0.0008896970281899149
ENSG00000148459,4.844277634509704e-05,0.0009712464822499891
ENSG00000136143,4.842753474594323e-05,0.0007279578189350614
ENSG00000169379,4.841433106878042e-05,0.0007058044832655246
ENSG00000120875,4.840689335656061e-05,0.0023492496104032586
ENSG00000120370,4.840075692145862e-05,0.0007164654491514225
ENSG00000081026,4.829149979062951e-05,0.0008957679125509608
ENSG00000169519,4.8270520822451766e-05,0.0007208268987345043
ENSG00000147162,4.826423383964177e-05,0.0010350351573394333
ENSG00000163626,4.8239422602872974e-05,0.0007511134940007167
ENSG00000122687,4.822279126919563e-05,0.0007283986387224976
ENSG00000102760,4.8179564208973135e-05,0.0010730850144807416
ENSG00000174456,4.817911028936505e-05,0.001018892187330791
ENSG00000169570,4.813972874707857e-05,0.0007477735945030046
ENSG00000179271,4.8119531357335706e-05,0.0013318963072278507
ENSG00000136536,4.8086909146442205e-05,0.0009506409509589295
ENSG00000185432,4.807038918835735e-05,0.0010586740487998716
ENSG00000102032,4.8068902406817357e-05,0.00047982765094245077
ENSG00000118620,4.797774449236131e-05,0.0011265948559890607
ENSG00000126882,4.7965175324166e-05,0.0008688154209888577
ENSG00000132004,4.794942465794151e-05,0.0005424935516039153
ENSG00000104549,4.791219151602081e-05,0.0006599327041675237
ENSG00000040341,4.788457550840637e-05,0.000724029583891529
ENSG00000187210,4.7865296616711644e-05,0.00047702621456093865
ENSG00000183161,4.7852800346328947e-05,0.0010180339722673693
ENSG00000067177,4.782968469093305e-05,0.0006213508934959416
ENSG00000137770,4.778903071309787e-05,0.0014690189296187781
ENSG00000048140,4.7782386811653994e-05,0.000640567987858903
ENSG00000100379,4.777935503354543e-05,0.0006100358539555546
ENSG00000139178,4.777464793601549e-05,0.0006510468881173479
ENSG00000126777,4.7756008340780996e-05,0.0007752646085718486
ENSG00000183576,4.76975573038852e-05,0.0008729190253992237
ENSG00000197062,4.768928472316796e-05,0.0014307091288183126
ENSG00000169764,4.7681845446808936e-05,0.0015912035202092511
ENSG00000153786,4.767228152068895e-05,0.0006759585069226786
ENSG00000162654,4.765145096257994e-05,0.0006221028106454239
ENSG00000120675,4.7610037485953374e-05,0.0004484373468223516
ENSG00000007392,4.7536488748705793e-05,0.0004599350976032652
ENSG00000162086,4.7531470683890405e-05,0.0007773192285734404
ENSG00000178338,4.753053473507413e-05,0.0007887227424493239
ENSG00000114480,4.751460577543628e-05,0.0005231024949955016
ENSG00000183155,4.751283940128499e-05,0.00028021985526136754
ENSG00000103222,4.750444641779065e-05,0.0010697774967346133
ENSG00000104522,4.7495705879641466e-05,0.001290743592787337
ENSG00000080845,4.747319831285353e-05,0.0007272576403107359
ENSG00000101928,4.746452197144782e-05,0.001237829416855268
ENSG00000073849,4.745671287699877e-05,0.0013281259230509574
ENSG00000237441,4.743898484919038e-05,0.0008567705189502571
ENSG00000182718,4.741945691689837e-05,0.0015967322831087448
ENSG00000124508,4.734346329385659e-05,0.0005476613817140913
ENSG00000106560,4.732625573209457e-05,0.0005019025613494678
ENSG00000187688,4.731333870460325e-05,0.0012621735384471548
ENSG00000146376,4.7305598310615036e-05,0.0007812023304337476
ENSG00000138600,4.7271298913473985e-05,0.0014674054373409148
ENSG00000196812,4.7243585869631985e-05,0.0011017738631602558
ENSG00000165949,4.72199341190937e-05,0.0008300441605488471
ENSG00000171448,4.720411464187259e-05,0.0009795529920388609
ENSG00000118762,4.711673675918387e-05,0.0005426223501454067
ENSG00000155304,4.7114041045520644e-05,0.0007040929881651043
ENSG00000106665,4.710911598577351e-05,0.0014125675536306352
ENSG00000147889,4.7095769688357844e-05,0.00040522365039878465
ENSG00000184205,4.7095480063923044e-05,0.0006479003090757325
ENSG00000198856,4.708158511254594e-05,0.00037703449239095385
ENSG00000185420,4.7068957357070766e-05,0.00039608909980226375
ENSG00000128607,4.705641278121098e-05,0.0020571843873880926
ENSG00000100890,4.703802778368301e-05,0.001327861563546554
ENSG00000185475,4.702989697054594e-05,0.0006646461819964091
ENSG00000118564,4.6977093018180934e-05,0.0008530588122197412
ENSG00000097033,4.6966610670693026e-05,0.001118017285292234
ENSG00000162924,4.694245006735912e-05,0.004693928863811446
ENSG00000138166,4.6931323800591004e-05,0.001189040662683179
ENSG00000164483,4.690173268888811e-05,0.0009599951793759624
ENSG00000106211,4.686370896281402e-05,0.0006163890933248577
ENSG00000100445,4.683709610019943e-05,0.0004773653442489308
ENSG00000182768,4.683372177178057e-05,0.000905190443570017
ENSG00000171155,4.6797060150364926e-05,0.0007538197806677741
ENSG00000101199,4.672963584061055e-05,0.0004677289629494343
ENSG00000141013,4.6526298052227e-05,0.0009606494636295057
ENSG00000129250,4.647021245847607e-05,0.0002998894035257407
ENSG00000122591,4.646203147038131e-05,0.000932794018882552
ENSG00000124164,4.6387790591731575e-05,0.0004903144453405148
ENSG00000153283,4.638528366810436e-05,0.0010045201011152287
ENSG00000172215,4.638056125220596e-05,0.0009962148921108514
ENSG00000138821,4.6360036820710126e-05,0.0015268562939478381
ENSG00000134375,4.629050851403362e-05,0.0006378491013938946
ENSG00000184517,4.625664846497651e-05,0.0007875214661565561
ENSG00000099804,4.624196601203009e-05,0.0006859720008989356
ENSG00000104872,4.62290163069374e-05,0.000766611893100927
ENSG00000164040,4.6193169412363434e-05,0.0007215687133206528
ENSG00000198876,4.6161945087740334e-05,0.0006596227424542463
ENSG00000113504,4.614839708308907e-05,0.0006399931972053442
ENSG00000138594,4.6087000749874895e-05,0.000444545429820943
ENSG00000125868,4.603608635482347e-05,0.0006090292041739734
ENSG00000141522,4.602983406637576e-05,0.0012026036403340848
ENSG00000177842,4.602378444476308e-05,0.0011341662955804731
ENSG00000176422,4.5943820982470724e-05,0.0010743618846165682
ENSG00000168291,4.590091501520469e-05,0.0011896350597643466
ENSG00000074266,4.586530874572966e-05,0.002016112664830036
ENSG00000130340,4.583624373818268e-05,0.0004789109984917657
ENSG00000103811,4.5821920189563043e-05,0.0009947369834694868
ENSG00000163820,4.582059504997643e-05,0.0005654812249823998
ENSG00000189046,4.5729521146017313e-05,0.0010906374370652369
ENSG00000165516,4.568000027004551e-05,0.0006353536610132472
ENSG00000079385,4.5677611849412996e-05,0.00037261313197101294
ENSG00000174106,4.565659648028297e-05,0.0008342776474086671
ENSG00000109270,4.5652211837004667e-05,0.0015100006412669827
ENSG00000143669,4.562204037979802e-05,0.0012826549504260656
ENSG00000078902,4.561094345179678e-05,0.000674400515838123
ENSG00000089327,4.5605200898040934e-05,0.0020590834584792994
ENSG00000273983,4.5603335293539295e-05,0.0015654718195480578
ENSG00000157837,4.5547638857699086e-05,0.0008819743772007503
ENSG00000083168,4.5536950970228575e-05,0.0010486868140380484
ENSG00000104880,4.5476246669967245e-05,0.00031636993637866346
ENSG00000176273,4.530744697669883e-05,0.0009614226742452679
ENSG00000100982,4.526778488607809e-05,0.0010121735800670832
ENSG00000163466,4.5254149416733595e-05,0.0013387746586524098
ENSG00000105655,4.525058452121037e-05,0.0008221572853647615
ENSG00000168887,4.5197566021947555e-05,0.00067790322180635
ENSG00000156110,4.5189206027632214e-05,0.0007032720413948824
ENSG00000105939,4.5112335483623484e-05,0.002623290274286762
ENSG00000162419,4.510944812565081e-05,0.0009661186198436881
ENSG00000160219,4.506612759852123e-05,0.001055118860091241
ENSG00000173349,4.504384841545021e-05,0.0005954231056479086
ENSG00000167461,4.5013849363525406e-05,0.001321787591422672
ENSG00000177674,4.5012141712663816e-05,0.0008046809441865873
ENSG00000155111,4.496218106142313e-05,0.00042105508224696086
ENSG00000136238,4.49308203953025e-05,0.0009346824144846027
ENSG00000185220,4.492731529840715e-05,0.0010423235179540665
ENSG00000173821,4.488929765239674e-05,0.0013334528158179082
ENSG00000182150,4.487350642606674e-05,0.0003440287217857286
ENSG00000164327,4.486916054219585e-05,0.0011235691525796135
ENSG00000145979,4.485196027960044e-05,0.0010417619501341497
ENSG00000235194,4.4752325208245974e-05,0.0007999208348300095
ENSG00000125772,4.46876745376421e-05,0.00032130722479419455
ENSG00000130734,4.468240314853785e-05,0.0004205957096196034
ENSG00000182118,4.464926700141953e-05,0.0007902097159705921
ENSG00000137312,4.461304279400945e-05,0.0006882896138212172
ENSG00000121680,4.4583780756405847e-05,0.0008636162279268551
ENSG00000198089,4.448502765645307e-05,0.00036070690018976423
ENSG00000181751,4.445572757300521e-05,0.0007108868435990994
ENSG00000101745,4.4450588934518696e-05,0.0010305732559094964
ENSG00000103507,4.442827376350307e-05,0.0006902507785344186
ENSG00000198799,4.442265477913308e-05,0.0005826752101021283
ENSG00000119778,4.441063133954019e-05,0.0003375666970445531
ENSG00000197724,4.437658662712432e-05,0.0005098294512091762
ENSG00000205744,4.436388998354732e-05,0.00046749199363610124
ENSG00000169925,4.4346135376116504e-05,0.0008767076831922595
ENSG00000064652,4.4343837400543045e-05,0.0009683570332632642
ENSG00000114744,4.434159440005618e-05,0.0004263484094411435
ENSG00000106460,4.434064320096709e-05,0.000657521279929257
ENSG00000077463,4.4322547757585926e-05,0.0007895692476854155
ENSG00000111843,4.4255252531666784e-05,0.0007585710486468628
ENSG00000139722,4.42295721152963e-05,0.0003995710735183411
ENSG00000125735,4.421323039667144e-05,0.0008679029914065747
ENSG00000116793,4.4170434302850416e-05,0.00039326097206031395
ENSG00000163611,4.416884801267058e-05,0.00045399600291786725
ENSG00000137504,4.4138680534857264e-05,0.0008907010713986039
ENSG00000115523,4.413270393897696e-05,0.002454684295899162
ENSG00000145214,4.412428739639498e-05,0.0004542210338795569
ENSG00000065600,4.408506450204872e-05,0.0007895989568866505
ENSG00000077044,4.408417246100252e-05,0.0008942928279647244
ENSG00000196684,4.406540246604868e-05,0.0005787968224001699
ENSG00000100442,4.4028703251435885e-05,0.0007545014972317588
ENSG00000124299,4.3963827368616326e-05,0.00047821076610991944
ENSG00000120318,4.394251265176998e-05,0.0006142601916178228
ENSG00000154839,4.3900533537364344e-05,0.0007981065054454209
ENSG00000134049,4.388280003503268e-05,0.0004489750248572697
ENSG00000143797,4.386763782693984e-05,0.0006360780271011583
ENSG00000106477,4.3841829832058906e-05,0.0006327186875900207
ENSG00000196954,4.382162965743824e-05,0.0007530638934995753
ENSG00000143198,4.38156667507279e-05,0.0010899989004247437
ENSG00000171067,4.3718518828802034e-05,0.0007161618408681575
ENSG00000164056,4.371228382059121e-05,0.000918292316962678
ENSG00000168944,4.3705144222736614e-05,0.0008745992132094996
ENSG00000167395,4.366862383388598e-05,0.0011095627098279019
ENSG00000197070,4.36674889146812e-05,0.0008373146194265681
ENSG00000137806,4.3659703507963056e-05,0.0007306896095316633
ENSG00000134905,4.364787187145551e-05,0.0007377424780533339
ENSG00000186272,4.3637881245276224e-05,0.0010972684215802295
ENSG00000131263,4.363522700175465e-05,0.0008520370148386812
ENSG00000138796,4.357604277693021e-05,0.0006188810286413851
ENSG00000137070,4.3544672043529565e-05,0.0006879887360094037
ENSG00000182318,4.353865623940366e-05,0.0009368708162980141
ENSG00000081019,4.353228418036267e-05,0.0008761743624159154
ENSG00000183918,4.350989322378593e-05,0.0006846009161063898
ENSG00000118680,4.3506998923818866e-05,0.0003582547858016988
ENSG00000013306,4.347694288401969e-05,0.0006951580729414714
ENSG00000152223,4.343212233617526e-05,0.0009945638648754195
ENSG00000071243,4.3429660529263e-05,0.0017836930471026966
ENSG00000140931,4.342138771997587e-05,0.0008946139310704901
ENSG00000131943,4.3351422796819784e-05,0.0009510578341511025
ENSG00000135269,4.332356342154324e-05,0.0007214632248880399
ENSG00000131634,4.3268032440594264e-05,0.0006683929089716751
ENSG00000142875,4.326238396001126e-05,0.0005851302055066896
ENSG00000163539,4.325236163490394e-05,0.0006684814814603662
ENSG00000116337,4.3241485095477264e-05,0.0006753737874075862
ENSG00000134352,4.323544944287128e-05,0.0008280813651984935
ENSG00000124243,4.323296121150172e-05,0.0006150493488915442
ENSG00000168374,4.320816527166972e-05,0.0011350788551567875
ENSG00000130669,4.318576404377374e-05,0.001174288497216018
ENSG00000204120,4.3183587495845466e-05,0.001533064955440884
ENSG00000138814,4.3153738954542926e-05,0.0006471872245409815
ENSG00000167565,4.313700941847134e-05,0.0009894307603859544
ENSG00000215041,4.311355261783913e-05,0.0006635171947881268
ENSG00000147650,4.308276124604431e-05,0.0007397124680979571
ENSG00000077684,4.3057619100346514e-05,0.0005982725663880038
ENSG00000086544,4.3032907432580206e-05,0.0011529670986300383
ENSG00000104219,4.3025928961029597e-05,0.0005918432186742114
ENSG00000148290,4.301933085928125e-05,0.0005578948829997838
ENSG00000063660,4.30098157367155e-05,0.0009218769792513572
ENSG00000078061,4.300346120015734e-05,0.00047575509265452887
ENSG00000136068,4.296355792810946e-05,0.0006866597765723309
ENSG00000123374,4.2947408007563425e-05,0.0007307533409774654
ENSG00000174483,4.2929960383699475e-05,0.0009309562566527177
ENSG00000099860,4.291712973124207e-05,0.0009670151200525768
ENSG00000100614,4.290014937418648e-05,0.0006580844644930069
ENSG00000132842,4.2897950715141296e-05,0.0009273987634210551
ENSG00000099904,4.289197308210346e-05,0.00037504347206081197
ENSG00000121058,4.2885558190829096e-05,0.0003355372086916374
ENSG00000169967,4.285621927226895e-05,0.0007062851355295865
ENSG00000135069,4.284709278600715e-05,0.0016816549281939983
ENSG00000100104,4.283072208038657e-05,0.000681051389373149
ENSG00000106635,4.279151904816432e-05,0.0007970128279337311
ENSG00000135250,4.2785531789008626e-05,0.0012380003296480707
ENSG00000172071,4.277710468821766e-05,0.0006167442916661756
ENSG00000110047,4.274083409087305e-05,0.0008756047324667967
ENSG00000176444,4.27282083968994e-05,0.001020713813893132
ENSG00000105612,4.270208560506756e-05,0.0006806399019409986
ENSG00000139193,4.2699369142968545e-05,0.0009305535137971751
ENSG00000172183,4.26782125730717e-05,0.000830094910828142
ENSG00000050344,4.266370433373011e-05,0.0003384878681477118
ENSG00000171649,4.266059790836387e-05,0.0006831041248966486
ENSG00000221963,4.264199456119254e-05,0.0010187997108029824
ENSG00000101421,4.2631671745096775e-05,0.00122114772917966
ENSG00000111775,4.26218770290882e-05,0.0024237513936718165
ENSG00000121989,4.261406445110503e-05,0.0008498006050886854
ENSG00000108666,4.258242286369223e-05,0.001094675174689556
ENSG00000182108,4.257780156686182e-05,0.0004993085996857841
ENSG00000040933,4.2575073039508725e-05,0.0014861313634545383
ENSG00000167553,4.254242144828217e-05,0.0006802216920391805
ENSG00000170653,4.2540881160242234e-05,0.0033655820538345776
ENSG00000204228,4.249370369925319e-05,0.0004216111983530739
ENSG00000131437,4.2458221257092216e-05,0.0005123417350054347
ENSG00000116133,4.244216555888529e-05,0.0004232469151980548
ENSG00000123130,4.2435623161658095e-05,0.0007155207824538772
ENSG00000144118,4.238651343274602e-05,0.0005097102152641725
ENSG00000168268,4.238456347314792e-05,0.0008879346585698524
ENSG00000205730,4.2383288372867636e-05,0.0006398017920396707
ENSG00000171222,4.2370965410629595e-05,0.0030928767472766998
ENSG00000151176,4.2360264761122925e-05,0.0005519135806770635
ENSG00000265491,4.233238246347329e-05,0.0007496468485293907
ENSG00000134901,4.227689930582164e-05,0.0007477337115340842
ENSG00000170949,4.224992981772181e-05,0.0009217207597277998
ENSG00000114354,4.218439256891553e-05,0.0008155002640823322
ENSG00000066427,4.216497708397412e-05,0.0004533061152300342
ENSG00000163785,4.214454895254079e-05,0.0007101521918639992
ENSG00000108561,4.213955899448439e-05,0.0009247780036730077
ENSG00000100422,4.2120552566106996e-05,0.0006046500079448626
ENSG00000141452,4.210286048525655e-05,0.0008115337473778271
ENSG00000005884,4.206788948997308e-05,0.0006611115401419438
ENSG00000109390,4.192644691862406e-05,0.000781229273702887
ENSG00000105677,4.191195740639649e-05,0.0009455803719353962
ENSG00000157191,4.1872597971975573e-05,0.00044961064248471536
ENSG00000188404,4.1834881627937944e-05,0.0008285998518744542
ENSG00000100564,4.1832602902877533e-05,0.0008262647878172661
ENSG00000185728,4.1811549827783444e-05,0.0006956193081408479
ENSG00000117143,4.176253173921685e-05,0.0005462867846117243
ENSG00000174738,4.174659298655929e-05,0.0008285279463750967
ENSG00000131115,4.1744873820806246e-05,0.0006528557446622744
ENSG00000164038,4.174399012566631e-05,0.0006523521228636369
ENSG00000086061,4.17323526601446e-05,0.0018891916307539674
ENSG00000106993,4.168638011924664e-05,0.00030295544305500847
ENSG00000167900,4.167484532851761e-05,0.0008358506226737012
ENSG00000154124,4.166863886332332e-05,0.0006307278571948315
ENSG00000004864,4.166214650419094e-05,0.0004755251011986544
ENSG00000172081,4.165612187173576e-05,0.0019369680957429401
ENSG00000157426,4.165545616102103e-05,0.0009526763736172833
ENSG00000013619,4.165018486131011e-05,0.0009040518900436444
ENSG00000103356,4.1581495373973294e-05,0.001048129925062147
ENSG00000114331,4.150997149790621e-05,0.000807552461069815
ENSG00000112031,4.145919067957175e-05,0.0006634254666724533
ENSG00000090061,4.145244872888673e-05,0.0013502199431420182
ENSG00000186635,4.145179427840571e-05,0.0006400712340814378
ENSG00000109881,4.1442780273663986e-05,0.00036291179823913413
ENSG00000185033,4.143797153580196e-05,0.0005544469002462772
ENSG00000180353,4.143025125167822e-05,0.001178868159531741
ENSG00000067167,4.1421901459204885e-05,0.001475031404908266
ENSG00000196683,4.141619839376438e-05,0.0010598614128204487
ENSG00000125149,4.141311785200417e-05,0.0006763439498469561
ENSG00000108557,4.140692155049145e-05,0.0006672073372435544
ENSG00000177830,4.138732955231321e-05,0.0006250989582344587
ENSG00000101695,4.1338190323683317e-05,0.000768673793510865
ENSG00000181929,4.13319964093535e-05,0.0006189112951408415
ENSG00000168298,4.130118583251648e-05,0.0015080658466054449
ENSG00000132394,4.1293271313302e-05,0.0007768245813242221
ENSG00000051009,4.128729856590162e-05,0.0007058266797856137
ENSG00000144451,4.12751443660054e-05,0.0010069140610846775
ENSG00000168209,4.124167424978125e-05,0.0015137964759915478
ENSG00000240849,4.123639088475881e-05,0.0009560655585082723
ENSG00000171202,4.123534832989035e-05,0.0006469154172607672
ENSG00000138834,4.121738278891823e-05,0.00043865238859357267
ENSG00000109736,4.1199571087761394e-05,0.0006472143602286841
ENSG00000164674,4.119169231080293e-05,0.0005475196784109715
ENSG00000180011,4.117774050191797e-05,0.0010019834003219999
ENSG00000108588,4.11374775273538e-05,0.0012953186232582316
ENSG00000140153,4.113424021063334e-05,0.0006861317126150186
ENSG00000135842,4.1132780690221195e-05,0.0008950529651959626
ENSG00000197122,4.1128028259173406e-05,0.0009708184638781376
ENSG00000205220,4.108092015691115e-05,0.000992406160113049
ENSG00000099985,4.108041104010885e-05,0.0007951515640590154
ENSG00000170540,4.105532808391817e-05,0.0008035319170778481
ENSG00000051108,4.10388043313749e-05,0.0004350244617638612
ENSG00000131507,4.1003386991937485e-05,0.001746237815708602
ENSG00000221829,4.094467430710992e-05,0.0006517764164668564
ENSG00000155903,4.092938184402505e-05,0.0016379709643132236
ENSG00000184428,4.090839566336673e-05,0.001034011849348165
ENSG00000197362,4.089178056678695e-05,0.0007393247794578832
ENSG00000160908,4.087544829179136e-05,0.0003835354382015433
ENSG00000170027,4.087493792698127e-05,0.0007271973265966135
ENSG00000144635,4.086871035815061e-05,0.0004137816402350653
ENSG00000123179,4.083985169565394e-05,0.0006358879400760345
ENSG00000177034,4.0824918364276994e-05,0.0011221018632074015
ENSG00000076928,4.082058884552549e-05,0.00113303402800595
ENSG00000137074,4.081535647052441e-05,0.0004889811379295344
ENSG00000198865,4.0776298552818796e-05,0.0007799684640383846
ENSG00000026508,4.0733071925194436e-05,0.0011413227302382184
ENSG00000164180,4.071121821618532e-05,0.0006505286175778358
ENSG00000160796,4.067519816827953e-05,0.0007443026098669425
ENSG00000140563,4.062695439160054e-05,0.0009337941205356223
ENSG00000167523,4.059491126706622e-05,0.000519508873012699
ENSG00000030110,4.0579489273745975e-05,0.0006841227631080105
ENSG00000143376,4.0573567063450585e-05,0.0006561213353006704
ENSG00000165792,4.050488908457948e-05,0.0009463252947893119
ENSG00000125898,4.049265794036556e-05,0.0013919228504300403
ENSG00000165434,4.048835107339897e-05,0.0005640565752108947
ENSG00000010322,4.048821244234331e-05,0.00037530058709877266
ENSG00000080819,4.041506430123782e-05,0.0010730950774725818
ENSG00000147894,4.040761856207199e-05,0.0008226914319812801
ENSG00000105227,4.0390394301733996e-05,0.0009827452501910703
ENSG00000196155,4.033674007111008e-05,0.0007282420791758764
ENSG00000151233,4.033671768007457e-05,0.0008206351904517311
ENSG00000110367,4.0316055980958325e-05,0.0018574792471617238
ENSG00000108953,4.027268521873756e-05,0.0011974722757505342
ENSG00000136770,4.025409665984863e-05,0.0006788370901496513
ENSG00000119013,4.0252991772238547e-05,0.0006385759231481787
ENSG00000160588,4.02196873447392e-05,0.0010067299419476157
ENSG00000065357,4.021402668670913e-05,0.0009231314488002589
ENSG00000169857,4.019167783833623e-05,0.0008265670474283402
ENSG00000111252,4.017384457002556e-05,0.0006468966506218718
ENSG00000174132,4.0167135650084444e-05,0.0008115411869972479
ENSG00000025772,4.013671041550643e-05,0.0005549252595447105
ENSG00000082212,4.012705841964507e-05,0.0005729161054706075
ENSG00000101782,4.010597710971105e-05,0.00036558221544668787
ENSG00000076944,4.010333020188845e-05,0.0006810892932291946
ENSG00000100014,4.0097431458532367e-05,0.0006266275249877867
ENSG00000188322,4.00789634458078e-05,0.0006255466745616537
ENSG00000164951,3.993168749863993e-05,0.0007809202744818505
ENSG00000196352,3.993138071072279e-05,0.0007076356975295084
ENSG00000180370,3.9843759105004276e-05,0.0010209679619794137
ENSG00000127481,3.9801553601327026e-05,0.0023168761830219694
ENSG00000153485,3.978767933408443e-05,0.0007266741639007806
ENSG00000147471,3.972464221358682e-05,0.0008089685076112633
ENSG00000170448,3.972140386233351e-05,0.0005843035749518471
ENSG00000170293,3.971944803985471e-05,0.0009069792082601826
ENSG00000093144,3.969018906792775e-05,0.0009135643136952041
ENSG00000090674,3.9679642867621974e-05,0.00039179793390631636
ENSG00000161692,3.9673980627633604e-05,0.000469362295911634
ENSG00000111652,3.9658209460275e-05,0.0005791589385366696
ENSG00000170606,3.9649534150098636e-05,0.0007617246646201045
ENSG00000138399,3.9631380009342164e-05,0.0007849716613622525
ENSG00000102786,3.956922731718762e-05,0.00081865013425822
ENSG00000171033,3.954137100127342e-05,0.000506917716013072
ENSG00000181827,3.95348417221852e-05,0.0007672340357737619
ENSG00000123810,3.953193320691404e-05,0.001530866543704274
ENSG00000100417,3.944307820535106e-05,0.0018760058465037276
ENSG00000164366,3.942779618100822e-05,0.0003757861109410937
ENSG00000089916,3.939804786047394e-05,0.0007147127020880633
ENSG00000137628,3.934357313110786e-05,0.0009483097795608144
ENSG00000197562,3.9286641059209856e-05,0.000822110062564983
ENSG00000132256,3.928211317332859e-05,0.0008593903008798673
ENSG00000145819,3.928140059988005e-05,0.000775144513123876
ENSG00000186222,3.927097478479224e-05,0.0009819623258492402
ENSG00000165458,3.925899466852087e-05,0.0013192160039099175
ENSG00000138050,3.924426095662269e-05,0.0005544333760198204
ENSG00000168282,3.9220699281383396e-05,0.0004901801760713703
ENSG00000167280,3.921221163611312e-05,0.0007164307173738902
ENSG00000189369,3.920618100796729e-05,0.0007702101429208864
ENSG00000089094,3.919319085024366e-05,0.0011019694718930064
ENSG00000178177,3.918468722951641e-05,0.0004586910262295592
ENSG00000197746,3.917045564862883e-05,0.0006463963973535755
ENSG00000166848,3.9149363120630076e-05,0.001320774190600112
ENSG00000109323,3.89877732384395e-05,0.0004708224202318564
ENSG00000105576,3.8975924129172775e-05,0.0016591674544948194
ENSG00000171604,3.896065933806154e-05,0.000925979613428659
ENSG00000149548,3.8929327729545555e-05,0.0010232786754280092
ENSG00000079432,3.8906145147708926e-05,0.0012890663641771365
ENSG00000169252,3.890357846426537e-05,0.00038033273719811526
ENSG00000102309,3.889871785298196e-05,0.0003962698582932059
ENSG00000066923,3.889635997812156e-05,0.0004521269222882749
ENSG00000101391,3.8877690322431834e-05,0.00047765513577271664
ENSG00000205268,3.884844066795645e-05,0.0009295612604197609
ENSG00000168243,3.884802223279391e-05,0.0012075403945401239
ENSG00000167965,3.880506576479251e-05,0.0011846984870550858
ENSG00000136878,3.876882842250282e-05,0.0006284210548418175
ENSG00000165169,3.876806931081531e-05,0.00045300265605595716
ENSG00000197056,3.8681592483650206e-05,0.0005910865116069077
ENSG00000104081,3.8662988942206145e-05,0.0007726515732455219
ENSG00000006638,3.864585885255372e-05,0.0005444293853019493
ENSG00000139131,3.864039906635759e-05,0.0017592178355825842
ENSG00000115839,3.858871159100964e-05,0.0005803725322266332
ENSG00000100246,3.857693916113474e-05,0.00039194313024308006
ENSG00000155368,3.8574989970124655e-05,0.0004100330416519441
ENSG00000143333,3.8567866747670644e-05,0.0010001033395449172
ENSG00000130414,3.8559609725048575e-05,0.0015434362573041424
ENSG00000134109,3.854910746761928e-05,0.0010178658591509923
ENSG00000186716,3.850715173346228e-05,0.0012460238867844347
ENSG00000143801,3.843610171446175e-05,0.0006583753006721464
ENSG00000124532,3.842799845901808e-05,0.0008137453129993062
ENSG00000077984,3.840849660886033e-05,0.0006863389455384896
ENSG00000117899,3.835106498065608e-05,0.0003798089817317412
ENSG00000177733,3.8339475278382256e-05,0.0015007010139532612
ENSG00000082458,3.8338687107625264e-05,0.0013139837365888083
ENSG00000166734,3.832121965343546e-05,0.0008861402753267101
ENSG00000140157,3.831898811090606e-05,0.00047067179990851733
ENSG00000196670,3.83102738216447e-05,0.0004075282951857556
ENSG00000135046,3.829706162865371e-05,0.0008307720011498721
ENSG00000137601,3.8264322556285696e-05,0.001228706572064666
ENSG00000089060,3.819391150228095e-05,0.0008465374958652187
ENSG00000141349,3.818684107370195e-05,0.0007464832389209074
ENSG00000159433,3.818425170977477e-05,0.0007804973680467036
ENSG00000149679,3.818073985544962e-05,0.0007847222873696482
ENSG00000133805,3.815620400976594e-05,0.0012455993822271148
ENSG00000204178,3.815132755046332e-05,0.0007634732759287482
ENSG00000184787,3.813105994795801e-05,0.0015060964819716808
ENSG00000137720,3.811989414194539e-05,0.0008925230290085381
ENSG00000112078,3.8101283630807195e-05,0.0006730070560799736
ENSG00000173638,3.8097329589214026e-05,0.0008811592995508564
ENSG00000008952,3.808982308902421e-05,0.001151208037019698
ENSG00000081386,3.8045038133455573e-05,0.0012306761924645736
ENSG00000181315,3.799880695405682e-05,0.0005402174048519583
ENSG00000159792,3.7987991452119155e-05,0.0004704540003539602
ENSG00000133983,3.796327865730036e-05,0.0011501115836429635
ENSG00000131153,3.795085017108859e-05,0.001092468145704152
ENSG00000131236,3.7924774450901044e-05,0.002281874412475647
ENSG00000099956,3.791715396286182e-05,0.008006218662197983
ENSG00000117650,3.7893243249956274e-05,0.0004333512701333334
ENSG00000143891,3.789195615549025e-05,0.0006375169561922134
ENSG00000108773,3.788632497983293e-05,0.0007237749641631924
ENSG00000178732,3.788360644637389e-05,0.0009091144519461332
ENSG00000143622,3.787706987892172e-05,0.0014472859358653568
ENSG00000157216,3.786090714883193e-05,0.0010719723825269023
ENSG00000090432,3.785213888731685e-05,0.000529299963331334
ENSG00000163818,3.784461315818065e-05,0.0007787342557371484
ENSG00000173511,3.783447384891584e-05,0.0009289904615284971
ENSG00000163346,3.7784253001457054e-05,0.0009307483436662316
ENSG00000130254,3.777877480773192e-05,0.0007501836307209912
ENSG00000149657,3.7699587834690713e-05,0.0007883266101064466
ENSG00000159231,3.767467502392577e-05,0.0004570703482339203
ENSG00000110777,3.767301255856549e-05,0.002670931859336929
ENSG00000107829,3.7655277068232335e-05,0.00045234308534297966
ENSG00000157796,3.764998668671506e-05,0.001111026635766811
ENSG00000139734,3.763971860333048e-05,0.000612973837678298
ENSG00000168397,3.759440350749731e-05,0.0005318737915808508
ENSG00000144749,3.758289138911457e-05,0.0017110715798047114
ENSG00000108861,3.753509510982277e-05,0.0004880101368137394
ENSG00000118640,3.752534184199092e-05,0.0008804743415047186
ENSG00000204161,3.751301903131118e-05,0.000594162739398475
ENSG00000196715,3.7445529135543376e-05,0.0006291186659196849
ENSG00000178802,3.742922898435767e-05,0.004863325098623049
ENSG00000116663,3.738655894434501e-05,0.0006472478663089026
ENSG00000272602,3.737163602167212e-05,0.0005828916480123268
ENSG00000146386,3.735027287946602e-05,0.001839199956538389
ENSG00000197601,3.733046164350705e-05,0.0005976956581599897
ENSG00000160014,3.731146692569102e-05,0.000649386968378786
ENSG00000133030,3.7289923193150434e-05,0.0005520501917218012
ENSG00000184584,3.7254898400297345e-05,0.0013405084068267184
ENSG00000136830,3.7238376093137825e-05,0.0006351072882380289
ENSG00000133027,3.7236616902984073e-05,0.000576256988201702
ENSG00000198873,3.7232860088663334e-05,0.0006113057422738553
ENSG00000128016,3.719670501899164e-05,0.002152073003021074
ENSG00000198898,3.718835276908669e-05,0.0008966847008011372
ENSG00000111670,3.714539523989423e-05,0.0004555737849936181
ENSG00000163322,3.7122011637331115e-05,0.0004944376073991092
ENSG00000113811,3.7101443244087405e-05,0.0005726272597863429
ENSG00000123607,3.7062542363474375e-05,0.0007102041942386621
ENSG00000183386,3.706236777286412e-05,0.0005528746147244733
ENSG00000204977,3.704333335441608e-05,0.0006587568499604795
ENSG00000141627,3.701378159064591e-05,0.0007608870354368208
ENSG00000107404,3.699577761609786e-05,0.0007102711245476572
ENSG00000115694,3.6991754598826694e-05,0.002426848614737614
ENSG00000159363,3.699149103973442e-05,0.0007070691012125664
ENSG00000138495,3.6981420234491144e-05,0.0010327842694287574
ENSG00000198130,3.6868551809074596e-05,0.0009404864709920731
ENSG00000166845,3.6862338453434685e-05,0.0008150583157596097
ENSG00000166925,3.6831140542456396e-05,0.0006130722845964142
ENSG00000112782,3.6824753769798875e-05,0.0010282410401341914
ENSG00000155850,3.681800705210031e-05,0.0007769366617505339
ENSG00000176463,3.6810844821619205e-05,0.0006038750381503298
ENSG00000204472,3.67887855614308e-05,0.0006167120023334639
ENSG00000144283,3.677271844306434e-05,0.0011877965515913786
ENSG00000066279,3.677142796266976e-05,0.000794450927194439
ENSG00000178607,3.6742645012883194e-05,0.0017140280529952534
ENSG00000152689,3.670113162285521e-05,0.0006258258416656999
ENSG00000176340,3.669767982856305e-05,0.0011519101442989397
ENSG00000184117,3.668172981104678e-05,0.0006309605833589954
ENSG00000163565,3.667604485050688e-05,0.002505134195202702
ENSG00000213123,3.666538527337163e-05,0.0012777390766763976
ENSG00000125731,3.6639817392381874e-05,0.0009700938127584798
ENSG00000186260,3.661981989316024e-05,0.0007220296634382918
ENSG00000168101,3.6617399546863326e-05,0.00045811477717980047
ENSG00000147251,3.6599481678935046e-05,0.0006207632380897001
ENSG00000090266,3.659484127206355e-05,0.0007350588993366461
ENSG00000054148,3.658399082121955e-05,0.00046841765471399124
ENSG00000163755,3.6556134124785165e-05,0.0005632295194065643
ENSG00000125633,3.6539862183297396e-05,0.0010656782141664027
ENSG00000157911,3.6503504130145865e-05,0.0009040469813015446
ENSG00000111696,3.648589781644608e-05,0.00047996920703654184
ENSG00000169508,3.645849717758808e-05,0.0011283225447566807
ENSG00000187801,3.6444083299114e-05,0.0007882797415825963
ENSG00000134802,3.6367346967382186e-05,0.0011131646794485253
ENSG00000120963,3.636139413070951e-05,0.0008794939750898728
ENSG00000095015,3.633122899523787e-05,0.0019152395092333135
ENSG00000115159,3.630962545021018e-05,0.00036785868764818404
ENSG00000096746,3.626746775890651e-05,0.001207331278648668
ENSG00000102580,3.624458778116473e-05,0.0008935400918357748
ENSG00000138439,3.622115556040226e-05,0.0006361571926116451
ENSG00000109775,3.6205473596671994e-05,0.0014127934548518772
ENSG00000162384,3.614766071500906e-05,0.0006709220372954408
ENSG00000165637,3.613876008016321e-05,0.0009196258267935536
ENSG00000170627,3.612735797009723e-05,0.0016299918825089421
ENSG00000137965,3.610994576248475e-05,0.0005734062077785919
ENSG00000024048,3.6079598817753506e-05,0.0005339645724560978
ENSG00000122507,3.607573912321127e-05,0.0009504820125762147
ENSG00000091592,3.606855636239392e-05,0.0007499783157276506
ENSG00000137166,3.604621214787274e-05,0.0007747206114501186
ENSG00000139644,3.604154882180911e-05,0.0005423259776520178
ENSG00000116260,3.601429831431987e-05,0.0005673354048042501
ENSG00000189067,3.599906042734653e-05,0.0006743845085597713
ENSG00000119979,3.5973630741357706e-05,0.0007135471036820632
ENSG00000162645,3.5964506965779744e-05,0.0009772948123412636
ENSG00000161202,3.5951483778524885e-05,0.0003734652480238859
ENSG00000100304,3.5946860393714965e-05,0.0008475846349796071
ENSG00000032742,3.590538911467547e-05,0.0008154168566354501
ENSG00000184281,3.5902961972141006e-05,0.0016055767867575639
ENSG00000160013,3.5869333261372815e-05,0.0007352620692129747
ENSG00000064115,3.5852500071515306e-05,0.0004270539593939122
ENSG00000165282,3.584666533370615e-05,0.0005969683453231473
ENSG00000145919,3.5831647988662236e-05,0.00035796205361848094
ENSG00000086300,3.5807377765898015e-05,0.0006446509568659903
ENSG00000164463,3.580066005147445e-05,0.0006356852934690344
ENSG00000175087,3.579836296956255e-05,0.0006325982899181112
ENSG00000241839,3.5750175498845486e-05,0.0007156837266994136
ENSG00000187778,3.574567588390072e-05,0.0013862660012345486
ENSG00000205981,3.573712064331685e-05,0.0002726898504301964
ENSG00000169299,3.5713720984901964e-05,0.000633404478809497
ENSG00000147419,3.567799229887476e-05,0.0006358260548523792
ENSG00000113719,3.5639024011545806e-05,0.0007144796141174659
ENSG00000142303,3.56272864083291e-05,0.0004969747390979218
ENSG00000146350,3.562641689090974e-05,0.0010751128156323516
ENSG00000197879,3.5624120652831384e-05,0.0007230899278569108
ENSG00000133943,3.554431678412796e-05,0.0003377339868995871
ENSG00000110455,3.5534720265403996e-05,0.001045629293455293
ENSG00000152782,3.5507096183761114e-05,0.001048409436958087
ENSG00000068796,3.549854185196892e-05,0.0008919054585101643
ENSG00000086232,3.5483398329683195e-05,0.0009404260428296709
ENSG00000152520,3.546415428813651e-05,0.0007718228291041587
ENSG00000115145,3.5438739109244363e-05,0.00121645349832626
ENSG00000027697,3.5434764770253114e-05,0.0010436350107137623
ENSG00000177119,3.541537452889403e-05,0.0004750190528101132
ENSG00000139668,3.540671867754258e-05,0.0005168188285162092
ENSG00000131979,3.5379979505196795e-05,0.0008512454288559319
ENSG00000187187,3.535116699428721e-05,0.000469620269944627
ENSG00000132005,3.53199334154775e-05,0.002313492202836087
ENSG00000121749,3.531093109667624e-05,0.0005672963303170536
ENSG00000164209,3.530668451017827e-05,0.0004063493119496139
ENSG00000170734,3.530053116032675e-05,0.0014383115974013687
ENSG00000124795,3.527782650561564e-05,0.0025759490770489685
ENSG00000168078,3.527766322774834e-05,0.0007535982423808648
ENSG00000130725,3.527262194902756e-05,0.0007667445794176888
ENSG00000112877,3.522578791567683e-05,0.0007406580997253475
ENSG00000142765,3.5219482176465824e-05,0.0004692242234576937
ENSG00000102858,3.5203268904859285e-05,0.0007182582990433095
ENSG00000063601,3.520073303052671e-05,0.00048120213211264956
ENSG00000027869,3.5168459390752983e-05,0.0005654541065621104
ENSG00000198821,3.51545504648968e-05,0.008384185183733451
ENSG00000017260,3.507463626074957e-05,0.000551754348827697
ENSG00000159346,3.507273485644804e-05,0.0008308492510240212
ENSG00000166526,3.5057414447420386e-05,0.0004804168329925114
ENSG00000094914,3.505299457750145e-05,0.0011869938470321214
ENSG00000079277,3.504581860060335e-05,0.0007175637724041497
ENSG00000089006,3.503686209268316e-05,0.002124478818187536
ENSG00000235173,3.503116814235556e-05,0.0008331497344387234
ENSG00000146247,3.49862071771113e-05,0.0007985398581814837
ENSG00000262246,3.498620058311904e-05,0.0010575994657345922
ENSG00000160446,3.4984811154562596e-05,0.001046615624666637
ENSG00000187954,3.498386297607808e-05,0.0006862272270249108
ENSG00000118096,3.497624704731145e-05,0.0006785201397919043
ENSG00000089220,3.495991731654935e-05,0.0009782288836122283
ENSG00000146067,3.494303466276195e-05,0.0007256749427771353
ENSG00000187824,3.492388333866884e-05,0.0008465806750700335
ENSG00000125247,3.492316424458518e-05,0.001556061323596229
ENSG00000037042,3.4915794273039396e-05,0.0009237101424369277
ENSG00000067646,3.490748950966469e-05,0.0011808087040941
ENSG00000119927,3.489535822930153e-05,0.0008615846557487195
ENSG00000081177,3.489348758760653e-05,0.001383490832332181
ENSG00000133703,3.4893314656507345e-05,0.000866916679544913
ENSG00000144589,3.4888026794139446e-05,0.000686396710977007
ENSG00000174684,3.486647200539608e-05,0.0006364114983417259
ENSG00000107566,3.484986523530824e-05,0.0005249737264179123
ENSG00000159228,3.482458878397127e-05,0.000826076511289372
ENSG00000100815,3.481825780679883e-05,0.0007442613547421599
ENSG00000149150,3.479799793947227e-05,0.0010171053117550596
ENSG00000131446,3.477861188593949e-05,0.0006798887006019663
ENSG00000182518,3.473454696747794e-05,0.0007964894956888799
ENSG00000186625,3.471760018896953e-05,0.00037646121651167667
ENSG00000179295,3.4700531738699645e-05,0.0012453253899712842
ENSG00000088298,3.46938412175387e-05,0.0004061866265514405
ENSG00000182179,3.469038303578435e-05,0.00045094748937106986
ENSG00000161813,3.467231369811841e-05,0.0018116375732836238
ENSG00000183735,3.4653193818388824e-05,0.0007373098500587394
ENSG00000197372,3.465203248921466e-05,0.0006933919244557685
ENSG00000069956,3.464446568771369e-05,0.0008361791609196316
ENSG00000140264,3.4620820364281556e-05,0.0009153083473173675
ENSG00000138138,3.457444295055846e-05,0.00045252815661048625
ENSG00000120727,3.4522979586546684e-05,0.00028603361536844467
ENSG00000145491,3.451905031592834e-05,0.0009218588719320663
ENSG00000118518,3.447782969135188e-05,0.0003372905151856399
ENSG00000169733,3.4452990966274854e-05,0.0004172370918964081
ENSG00000132549,3.444231046254477e-05,0.0007564715954042159
ENSG00000174516,3.441961470442192e-05,0.0007541220418695862
ENSG00000138642,3.438522736910454e-05,0.0004230779460528688
ENSG00000158106,3.4384494798927994e-05,0.0005405373129424823
ENSG00000144136,3.436130229029079e-05,0.001282936217294354
ENSG00000105063,3.434572726370544e-05,0.0010661969389081907
ENSG00000136514,3.430466342082232e-05,0.0006073210771545363
ENSG00000144320,3.426635497254668e-05,0.0005276516773947581
ENSG00000166165,3.425871708108472e-05,0.0007218966688324375
ENSG00000117724,3.4254598350191464e-05,0.0006189580390752723
ENSG00000092140,3.425284875828798e-05,0.000383786734684527
ENSG00000110987,3.420465945875984e-05,0.00048648827514965234
ENSG00000230989,3.420312425307884e-05,0.0007787704772365971
ENSG00000162729,3.420205798437524e-05,0.0006568087795048349
ENSG00000137767,3.418263570905104e-05,0.0006174131645712273
ENSG00000172469,3.408899240980982e-05,0.0011946746194419935
ENSG00000180776,3.4083477477105304e-05,0.0005087116402101576
ENSG00000140854,3.406124791400257e-05,0.0007505623255309052
ENSG00000177272,3.4041653338686904e-05,0.0003272691272803248
ENSG00000122550,3.398800947869899e-05,0.000675583770172318
ENSG00000076321,3.398209412448183e-05,0.0006786818918875045
ENSG00000164898,3.3945789533351764e-05,0.0003729074857287416
ENSG00000111725,3.3889637798358825e-05,0.0006462344537689709
ENSG00000144485,3.386810336878732e-05,0.001053597028242755
ENSG00000010818,3.382922305935709e-05,0.0009980025899252324
ENSG00000162664,3.3809165058210136e-05,0.0007228250192581884
ENSG00000166145,3.380465716369448e-05,0.0006627313369813076
ENSG00000160208,3.380029543502253e-05,0.0008573168204930767
ENSG00000180787,3.3755876095896104e-05,0.0009096833197184211
ENSG00000280789,3.372036172763042e-05,0.0011460652357256098
ENSG00000137106,3.367473059138695e-05,0.0014123700725024438
ENSG00000153391,3.365896734146057e-05,0.0010917088637436192
ENSG00000105926,3.3656555806155106e-05,0.0008107488974018091
ENSG00000086848,3.365014030125339e-05,0.002140657260285968
ENSG00000117010,3.3625839909502975e-05,0.0007284221697289319
ENSG00000072818,3.355658556878894e-05,0.0009538285984389418
ENSG00000122188,3.355441925913197e-05,0.000606468377846436
ENSG00000138031,3.35485581088807e-05,0.0005779670684810831
ENSG00000099194,3.352807596420801e-05,0.0007600820547555361
ENSG00000180488,3.351661329712378e-05,0.0006757045657103929
ENSG00000143742,3.349661847884785e-05,0.0023696337222582904
ENSG00000156521,3.349390550623924e-05,0.000908042712176412
ENSG00000170989,3.3491158587482e-05,0.0009244949436197346
ENSG00000055917,3.347367370529533e-05,0.000818726247292047
ENSG00000184840,3.343476140012781e-05,0.0071490620723356334
ENSG00000141696,3.342116066734599e-05,0.0008872177455721359
ENSG00000168710,3.336561409963164e-05,0.0009283168132850611
ENSG00000174032,3.336405638828848e-05,0.0006556878252970475
ENSG00000183856,3.3352557439761284e-05,0.0009571801037815278
ENSG00000158850,3.3349730511819996e-05,0.0006791864233378448
ENSG00000204923,3.333035205759755e-05,0.0007292290695201898
ENSG00000067113,3.3279328202052454e-05,0.0006425133527782671
ENSG00000169919,3.327222285954177e-05,0.0006832083237565739
ENSG00000127948,3.325816800098587e-05,0.0006221407391117068
ENSG00000147457,3.3215043661277264e-05,0.0010490096891572697
ENSG00000163568,3.321375318493068e-05,0.0008711182797485624
ENSG00000139636,3.3186285087074414e-05,0.0013230482843866744
ENSG00000147044,3.3184908789378386e-05,0.0009198673776007824
ENSG00000161542,3.314773180478298e-05,0.0008858034388357805
ENSG00000011451,3.313647715598701e-05,0.0013534820355975436
ENSG00000146072,3.309185284545165e-05,0.0005195308579214548
ENSG00000127080,3.305590134353377e-05,0.0006988719108357736
ENSG00000143153,3.304256302138214e-05,0.000952220417094582
ENSG00000123329,3.304144916194747e-05,0.0005184389485832807
ENSG00000173065,3.302947564345618e-05,0.0011632183641050943
ENSG00000023697,3.302318029665834e-05,0.0006403696842986637
ENSG00000148481,3.301807469582721e-05,0.0007444648321653395
ENSG00000103942,3.301012557048014e-05,0.0006753073371127208
ENSG00000122299,3.299630513044239e-05,0.0006939787655572509
ENSG00000129187,3.296539603495646e-05,0.0009014439488080742
ENSG00000111859,3.295848992421848e-05,0.0008793579597209543
ENSG00000165929,3.2892313455062304e-05,0.000616308440760128
ENSG00000133265,3.288206218557707e-05,0.00043373422061985487
ENSG00000183808,3.28688502062943e-05,0.00041601171393006
ENSG00000239713,3.285690237039662e-05,0.0017157160894214255
ENSG00000167778,3.282116148045636e-05,0.0004803995852337216
ENSG00000106351,3.2801217043237156e-05,0.0005661217273613215
ENSG00000154957,3.2794953383293215e-05,0.001161903002925615
ENSG00000167261,3.275372275558806e-05,0.0008228627887763166
ENSG00000013583,3.268613385095924e-05,0.0004575748626566385
ENSG00000173208,3.267950119723231e-05,0.0007365174505746107
ENSG00000034533,3.267465815160855e-05,0.00035740340277575915
ENSG00000273559,3.266692318410104e-05,0.0015470214151544358
ENSG00000163412,3.263742777473709e-05,0.0007503036146085146
ENSG00000198912,3.262546239940789e-05,0.0009597443418342317
ENSG00000142039,3.2603757011059225e-05,0.0005610627739764295
ENSG00000162630,3.2582848777201024e-05,0.0005925778857072922
ENSG00000133612,3.2573205125896386e-05,0.0009092209283880573
ENSG00000213965,3.256344693189168e-05,0.00092826609611633
ENSG00000013523,3.2557667219994675e-05,0.0003917023559962508
ENSG00000126903,3.2548033775838525e-05,0.0006126318769198549
ENSG00000112763,3.2537803704797366e-05,0.0015009520228704513
ENSG00000109180,3.253410285373909e-05,0.0006765349472901156
ENSG00000197355,3.2510172985587205e-05,0.000811694972080968
ENSG00000166562,3.2505804812621415e-05,0.0014213636589723358
ENSG00000124177,3.249537200232996e-05,0.0006665946817233897
ENSG00000119396,3.248101464656851e-05,0.0009047442349183466
ENSG00000155366,3.247611275942225e-05,0.0004492001437143917
ENSG00000120029,3.2471275634342595e-05,0.0010795620376831676
ENSG00000092470,3.2449252282107315e-05,0.000494701361756924
ENSG00000162889,3.2411472013684315e-05,0.0008398333857328196
ENSG00000059588,3.241089304747006e-05,0.0006759991451509008
ENSG00000172375,3.23861850253217e-05,0.0024961551615004227
ENSG00000104518,3.2355773389108415e-05,0.000776545323253277
ENSG00000108106,3.234730004419013e-05,0.0009344080137194008
ENSG00000102078,3.2345948194367935e-05,0.0008995387099707485
ENSG00000130429,3.2334947347647024e-05,0.0015303044184862605
ENSG00000116138,3.228893508544062e-05,0.0007445271399756461
ENSG00000174130,3.226826178096947e-05,0.0007506217213618779
ENSG00000133056,3.226631355265366e-05,0.0016331155779132766
ENSG00000172893,3.22479786973846e-05,0.0003644744679778782
ENSG00000163564,3.2215111051840374e-05,0.0005425273215343919
ENSG00000152102,3.220242471261619e-05,0.0005805538236723184
ENSG00000135709,3.218685271210185e-05,0.0008801961492514151
ENSG00000116266,3.2171746431724645e-05,0.0004897442101319943
ENSG00000255150,3.214886887789968e-05,0.0008264904116078004
ENSG00000130348,3.2131772718746825e-05,0.0007902220343134205
ENSG00000143514,3.2125465817013415e-05,0.00047831787759964413
ENSG00000138032,3.211774948947153e-05,0.000659553325032458
ENSG00000239264,3.208591318338873e-05,0.0006419902813399327
ENSG00000185238,3.204579723828523e-05,0.0007049211446887198
ENSG00000113742,3.2043012271816035e-05,0.0009196876763021834
ENSG00000068831,3.2035106932733326e-05,0.0005721470363375874
ENSG00000240891,3.2032309322151126e-05,0.0007296618116655188
ENSG00000184014,3.203140700930267e-05,0.0005798429982581716
ENSG00000089486,3.2027493507156795e-05,0.00049229878108229
ENSG00000167642,3.2009720650327496e-05,0.0007653551591299125
ENSG00000140750,3.20073552680619e-05,0.0005070247713741115
ENSG00000042445,3.199948286267717e-05,0.0006808887388152395
ENSG00000153140,3.199157231650585e-05,0.0005103248203255702
ENSG00000114388,3.198186242441867e-05,0.0003956405561094654
ENSG00000074370,3.1964569316387694e-05,0.0008137177558508665
ENSG00000008311,3.196252917048047e-05,0.0011192607064767113
ENSG00000248487,3.1946447834616317e-05,0.0008848809671321606
ENSG00000169220,3.193607440336627e-05,0.00036758477275800885
ENSG00000005893,3.190945085739954e-05,0.0005943215860368854
ENSG00000138794,3.19048718274604e-05,0.0008482750578279597
ENSG00000197841,3.186012130780207e-05,0.0008919511266569462
ENSG00000114405,3.1859858404458796e-05,0.0006539762376336789
ENSG00000165672,3.1848639846367734e-05,0.0014288326228228947
ENSG00000141127,3.1840838986441064e-05,0.0006995448028817248
ENSG00000007129,3.183612959750186e-05,0.0007165326213629749
ENSG00000103150,3.18307321995423e-05,0.001139667352480596
ENSG00000125458,3.1814378608111216e-05,0.0004327467399271442
ENSG00000094631,3.1783541000656664e-05,0.00046695512805536966
ENSG00000005436,3.176894162976974e-05,0.0006330508540986344
ENSG00000160094,3.176636018963418e-05,0.0006538054550488956
ENSG00000132824,3.176523350752906e-05,0.0006238929999202121
ENSG00000100342,3.1756591474941046e-05,0.000720563544936245
ENSG00000127318,3.173980535999506e-05,0.0007991170137764542
ENSG00000111142,3.172764626686323e-05,0.0011296598041497228
ENSG00000106638,3.1719046517266736e-05,0.00032501783096434663
ENSG00000123106,3.171256667850674e-05,0.0006959780541438473
ENSG00000198663,3.170616002573847e-05,0.0008428494813487511
ENSG00000119632,3.169354749653904e-05,0.0004305960941823633
ENSG00000148158,3.168428865663814e-05,0.0009518540333652969
ENSG00000083720,3.168213744513914e-05,0.0005252302325239778
ENSG00000165233,3.1675249017220416e-05,0.000838413565191249
ENSG00000166803,3.1527867563633683e-05,0.0010773969969191
ENSG00000105993,3.1526775194839997e-05,0.0010305340136250022
ENSG00000163479,3.151557634266901e-05,0.001478996208090222
ENSG00000125843,3.15101300114208e-05,0.0018360152154768183
ENSG00000092621,3.150928442520558e-05,0.0005363559211204645
ENSG00000167775,3.149526118615935e-05,0.0005381552450669754
ENSG00000176871,3.149439167336038e-05,0.0007701658968440558
ENSG00000107651,3.1492066433113e-05,0.0007242133741060133
ENSG00000102007,3.1490171942672914e-05,0.0006168734067954075
ENSG00000112335,3.1478004776060284e-05,0.0006619118198892452
ENSG00000167674,3.146804764396554e-05,0.0003366563042669882
ENSG00000107438,3.145246105969856e-05,0.0018021004964803608
ENSG00000135720,3.1417911549948955e-05,0.0006339594490169648
ENSG00000118515,3.138073683815608e-05,0.0005664293503982196
ENSG00000102225,3.138051978111687e-05,0.0007117257529357469
ENSG00000159882,3.137637352370992e-05,0.0008235959183921852
ENSG00000177854,3.137163359919817e-05,0.0009769967561538894
ENSG00000169442,3.1361209704677146e-05,0.0018000742610714822
ENSG00000160226,3.1355156686987346e-05,0.0010362717125335216
ENSG00000198718,3.13303550094863e-05,0.000644052692726476
ENSG00000115902,3.131179006430161e-05,0.0009497269349090381
ENSG00000167065,3.127339107264581e-05,0.00042434630762029944
ENSG00000163170,3.1253711922439695e-05,0.0006351437388774658
ENSG00000263528,3.1226921826808635e-05,0.00042087618503727927
ENSG00000174579,3.118872601591775e-05,0.0007920756876416755
ENSG00000141376,3.117597854377796e-05,0.0004598122997410823
ENSG00000106608,3.11565458559968e-05,0.0005821089374549114
ENSG00000110344,3.112353230379895e-05,0.0012148922195098822
ENSG00000128928,3.108782372810388e-05,0.0006917379579521831
ENSG00000109107,3.1083856711966695e-05,0.0008378895286461327
ENSG00000147231,3.106503933570289e-05,0.0009377678780815037
ENSG00000121486,3.104717569387657e-05,0.0006350204068495733
ENSG00000159917,3.098890025967204e-05,0.0009261086221755577
ENSG00000169740,3.097710706109915e-05,0.000679087292449385
ENSG00000120889,3.096893039640281e-05,0.0007516758656156942
ENSG00000118961,3.094555539606279e-05,0.0003055498083072058
ENSG00000107882,3.094244757852434e-05,0.0006612854591553372
ENSG00000027847,3.094240023422747e-05,0.0008982094170881208
ENSG00000165714,3.0940641366707274e-05,0.0006852163021395805
ENSG00000138468,3.094009147115316e-05,0.0009411930926941843
ENSG00000110628,3.0939045589652804e-05,0.0007365152363815524
ENSG00000111737,3.090685656534515e-05,0.0006676943555307094
ENSG00000147955,3.0905859397866425e-05,0.0007885377263516253
ENSG00000196704,3.089016730668729e-05,0.0005448540655774955
ENSG00000161395,3.087327988837986e-05,0.0010533807575316997
ENSG00000105552,3.085834210901999e-05,0.0008422215232464455
ENSG00000166963,3.085314164139796e-05,0.000638871673233825
ENSG00000142188,3.085243697862822e-05,0.0004919925183738221
ENSG00000198862,3.0806341409746255e-05,0.0006072838812661281
ENSG00000163795,3.079212826038732e-05,0.0013704198876601068
ENSG00000135148,3.077446718734451e-05,0.00034078858895221595
ENSG00000103037,3.076192068034501e-05,0.0006809839555340767
ENSG00000069974,3.0755145452925914e-05,0.0007049526010414781
ENSG00000237765,3.075186670342092e-05,0.0004939332919756906
ENSG00000153066,3.0750316865650535e-05,0.000585286850427538
ENSG00000177602,3.0715397732798776e-05,0.0007717215322228645
ENSG00000172586,3.070326915549001e-05,0.00042283521250735014
ENSG00000144746,3.06969175905092e-05,0.0010803997984548082
ENSG00000130818,3.069199836616114e-05,0.00048233704000315855
ENSG00000163874,3.0646596919906026e-05,0.001593138849840836
ENSG00000115241,3.0575193092582374e-05,0.0005614257756606977
ENSG00000083814,3.056712893648915e-05,0.0007816614593499497
ENSG00000166974,3.0525439929776076e-05,0.0005889783960556776
ENSG00000154222,3.0506134100751458e-05,0.0005004004567240635
ENSG00000132964,3.0501758833009736e-05,0.0003995924540960765
ENSG00000177105,3.0491772930857356e-05,0.0009685633494893231
ENSG00000103335,3.043509259825636e-05,0.0006098014975349324
ENSG00000072135,3.039970421650339e-05,0.0006627247244577741
ENSG00000140262,3.039120114762497e-05,0.0003824956352103363
ENSG00000185624,3.0389653885311596e-05,0.0009771156094735716
ENSG00000221821,3.038744674160972e-05,0.000998625893604318
ENSG00000162341,3.0329028783535163e-05,0.0010344565241013585
ENSG00000206418,3.031502335885543e-05,0.000701407769195222
ENSG00000166896,3.0298755322441088e-05,0.0017115119926070092
ENSG00000163832,3.0290942497267097e-05,0.0014297823223750942
ENSG00000156802,3.02526011075793e-05,0.0004434758862755914
ENSG00000101265,3.0236625668418886e-05,0.000391466243473996
ENSG00000213930,3.023347637582984e-05,0.0005104721012694156
ENSG00000135185,3.0227819805736622e-05,0.00055568446016727
ENSG00000139233,3.0217022198948255e-05,0.0007101857150181711
ENSG00000185885,3.0205746574005318e-05,0.0005662949140673002
ENSG00000120696,3.0190776577724995e-05,0.000522311400883292
ENSG00000151881,3.01639370877189e-05,0.0006333417776426275
ENSG00000075336,3.0162825201726125e-05,0.0007999339361835032
ENSG00000109084,3.015136658737763e-05,0.000553991807995037
ENSG00000123643,3.013190477203635e-05,0.0005263055715144602
ENSG00000183605,3.0130271251525095e-05,0.00038715058012941256
ENSG00000175137,3.010025962517934e-05,0.000687702167707174
ENSG00000132475,3.009011083367582e-05,0.0007621545102647347
ENSG00000105355,3.0048012408469808e-05,0.00034672151222434343
ENSG00000196517,3.0042924954702225e-05,0.0004511625173372419
ENSG00000149289,3.002247961000127e-05,0.000895467542342932
ENSG00000186566,3.0011367918887936e-05,0.0010871223995334934
ENSG00000164953,2.9998455660145025e-05,0.000858292805839194
ENSG00000127452,2.998060059350432e-05,0.0007953018271593855
ENSG00000131116,2.9947950897918196e-05,0.0005350866318248479
ENSG00000070501,2.9947040437696685e-05,0.0004979816634871569
ENSG00000064490,2.9928838232196252e-05,0.0008706300036334189
ENSG00000156509,2.992876214783756e-05,0.00044077840840790094
ENSG00000134899,2.9894062338106752e-05,0.0006242156434311155
ENSG00000118922,2.9892543070646153e-05,0.0007150802382930375
ENSG00000123146,2.987374863233031e-05,0.0005428102639338838
ENSG00000102241,2.9867334237605035e-05,0.0008317754936382021
ENSG00000224531,2.985656202655974e-05,0.00037275737191157454
ENSG00000176597,2.9846434255407416e-05,0.0008879642605312942
ENSG00000104915,2.9817425668839e-05,0.000464939920881004
ENSG00000155636,2.9802576748417695e-05,0.0015530823082198382
ENSG00000143942,2.980065804842597e-05,0.0008437601261569152
ENSG00000152332,2.9768936625577512e-05,0.0008644038445942913
ENSG00000115904,2.976619933854836e-05,0.0008100028484809478
ENSG00000082996,2.9762834170917353e-05,0.0005672189718539829
ENSG00000172716,2.974689776453086e-05,0.0007739716195899205
ENSG00000183530,2.9716261787461102e-05,0.0004362601473708095
ENSG00000100359,2.969972445735897e-05,0.0007490950570185973
ENSG00000136933,2.969547571107996e-05,0.0005027704280033855
ENSG00000012211,2.968977363186949e-05,0.0008553057673796535
ENSG00000155096,2.9662840278480323e-05,0.0003341238135767845
ENSG00000153395,2.965725718338209e-05,0.0005275202872695596
ENSG00000121281,2.9648575828151052e-05,0.0006975491434993663
ENSG00000211455,2.96453486212065e-05,0.0007971038666231881
ENSG00000090487,2.9604759600721187e-05,0.000790685771901107
ENSG00000111875,2.957079426406701e-05,0.0004969368315170188
ENSG00000127311,2.9535688787160325e-05,0.0005370326406845571
ENSG00000143067,2.9513528047613505e-05,0.0011096397408469154
ENSG00000175322,2.949183729468013e-05,0.00036098914027323165
ENSG00000158769,2.9445463782163427e-05,0.000773384554466951
ENSG00000102921,2.942134331164921e-05,0.0006588344594661126
ENSG00000213445,2.942027758891363e-05,0.000562898963775694
ENSG00000204165,2.9383461548734463e-05,0.000708288901769625
ENSG00000165521,2.93613489392954e-05,0.0008044567322315269
ENSG00000115234,2.9360873744804444e-05,0.000730372025162774
ENSG00000170275,2.93216418178794e-05,0.0013099106994682575
ENSG00000100242,2.93203038683407e-05,0.0011160722330679268
ENSG00000047056,2.9306325851358835e-05,0.0008305519604568197
ENSG00000138448,2.9299572462086397e-05,0.00047584090438148913
ENSG00000177463,2.9296791070665607e-05,0.0008452034600164499
ENSG00000104218,2.9284868820189274e-05,0.00046734267702188364
ENSG00000091127,2.9284112892130465e-05,0.000758562014409277
ENSG00000142684,2.928071340919789e-05,0.00044600563099325696
ENSG00000151422,2.9228597217183786e-05,0.0005966401972203931
ENSG00000151414,2.921863585575161e-05,0.00041543498089465956
ENSG00000164011,2.9210517851032214e-05,0.0004900807505526386
ENSG00000122884,2.920763460485021e-05,0.000523236431643222
ENSG00000120159,2.919866095395235e-05,0.001447028602801152
ENSG00000071189,2.9193240377236545e-05,0.0007488894358143375
ENSG00000179833,2.9161002332450026e-05,0.001088818517179518
ENSG00000145246,2.9149495233314875e-05,0.0010018309954902117
ENSG00000173442,2.9133594923449975e-05,0.0009075014581840474
ENSG00000138036,2.9117176142643483e-05,0.0007880338347886042
ENSG00000109919,2.9117146552137714e-05,0.0017540235503019524
ENSG00000134308,2.908833110087207e-05,0.0008314300941921964
ENSG00000132680,2.9055299734199482e-05,0.0008928295977772916
ENSG00000185009,2.9051439370874417e-05,0.0005482012089880765
ENSG00000055332,2.9039058529677386e-05,0.002881272122919069
ENSG00000102699,2.9030815613134012e-05,0.0004394005278240033
ENSG00000159335,2.9008977230565594e-05,0.0006443702587419984
ENSG00000204116,2.9006185477388714e-05,0.00038190497099317033
ENSG00000144802,2.899249655330657e-05,0.0006835701484514076
ENSG00000014216,2.8984611607914578e-05,0.0005096364527809485
ENSG00000133026,2.8971830689398108e-05,0.0008613908587845271
ENSG00000189159,2.897030115255386e-05,0.00030709546714534054
ENSG00000006607,2.8943933151331617e-05,0.0005524475880622039
ENSG00000135596,2.8916723371915447e-05,0.0005605358513344308
ENSG00000264364,2.8906048894371717e-05,0.0009057864457291426
ENSG00000186416,2.890472992240173e-05,0.00046615079486800586
ENSG00000143851,2.888343950123362e-05,0.0008221318727397119
ENSG00000133247,2.8872639358835556e-05,0.0006164299207153414
ENSG00000035499,2.8854293090953978e-05,0.0007577753030198085
ENSG00000168071,2.8852284490517093e-05,0.0007571741450555556
ENSG00000051341,2.8831187030286832e-05,0.0006516832927686388
ENSG00000037897,2.8817766391907322e-05,0.0018150389147167363
ENSG00000250317,2.880345767947635e-05,0.0004754785139534872
ENSG00000135049,2.88016979362054e-05,0.0006364362851438384
ENSG00000161267,2.8796688019145877e-05,0.00044565922892935263
ENSG00000117385,2.872274083621261e-05,0.0003968809929661665
ENSG00000186106,2.8694217251002927e-05,0.0006276723347922133
ENSG00000135241,2.8661395177194552e-05,0.0005062805220724272
ENSG00000162704,2.864014566279226e-05,0.000549810639790669
ENSG00000183484,2.8634575196558678e-05,0.0003752256164720394
ENSG00000163462,2.861913785607274e-05,0.0010467387527208173
ENSG00000197965,2.859853924993477e-05,0.0008221232679940444
ENSG00000167996,2.8574700835724806e-05,0.0006054485298356252
ENSG00000111196,2.856608270069938e-05,0.0006563708279030153
ENSG00000168259,2.8540099701212057e-05,0.0007278552219032985
ENSG00000166002,2.853881781053149e-05,0.0006695758236594723
ENSG00000068971,2.8537691301707517e-05,0.0006665167803620103
ENSG00000204387,2.853565493720841e-05,0.0008263692839622452
ENSG00000175606,2.852838415951392e-05,0.000427381511523021
ENSG00000023191,2.8514770721228254e-05,0.0005832895797149298
ENSG00000162430,2.850577233261655e-05,0.0005275308286341235
ENSG00000167487,2.849599726954891e-05,0.000759434118164931
ENSG00000114770,2.8495904947677768e-05,0.0008074875252024675
ENSG00000171055,2.8490959079286156e-05,0.0004443879720099497
ENSG00000154079,2.8490036641059968e-05,0.0007381494306835906
ENSG00000131188,2.8475627886502178e-05,0.0008188236109183987
ENSG00000121594,2.847411024036874e-05,0.0005181372510020216
ENSG00000102189,2.8462196712645098e-05,0.0008792850769072216
ENSG00000163866,2.845834559409014e-05,0.0011897740100162567
ENSG00000130717,2.8454883515970724e-05,0.0008959243951299836
ENSG00000213066,2.8345604420462933e-05,0.0011988956757919183
ENSG00000184277,2.8328562905833474e-05,0.0005732751718722244
ENSG00000109046,2.8322861183143576e-05,0.0005790587296307262
ENSG00000187840,2.8319470061542155e-05,0.0005289499149170998
ENSG00000164120,2.831928078972432e-05,0.002654553482129991
ENSG00000215440,2.8300851007182478e-05,0.0005490374977156468
ENSG00000080189,2.8300362749437215e-05,0.0005370437464106098
ENSG00000101363,2.828796215721532e-05,0.0006862476618240063
ENSG00000170340,2.8287078697108023e-05,0.0007636843959666357
ENSG00000187608,2.828402441893546e-05,0.0008932667561589421
ENSG00000175756,2.8278062743399878e-05,0.0006639268969492187
ENSG00000071246,2.8277723391704066e-05,0.0008843939606253268
ENSG00000074696,2.8266248225620228e-05,0.0006744796427928231
ENSG00000198858,2.823509020163982e-05,0.0008873984338950327
ENSG00000107959,2.8231875090578476e-05,0.0008263985878884795
ENSG00000105750,2.8219463258736787e-05,0.0008022611096852995
ENSG00000114353,2.8211552137456857e-05,0.0008313908508155211
ENSG00000115998,2.8202576823407583e-05,0.0008668973614516366
ENSG00000163291,2.8199585549313103e-05,0.0004757492207831717
ENSG00000138802,2.8188194108275675e-05,0.0009357406529069312
ENSG00000239672,2.814440095072158e-05,0.0016402847450378711
ENSG00000197912,2.8139977533176424e-05,0.0009469992900119699
ENSG00000134242,2.809327984251104e-05,0.0006003321022622496
ENSG00000107140,2.8073656289274862e-05,0.0006467288359840443
ENSG00000188428,2.8058366901055332e-05,0.0006434493147613705
ENSG00000022840,2.8053366047820724e-05,0.0005598811473601111
ENSG00000107742,2.8030659047611295e-05,0.0005066014539012135
ENSG00000178980,2.8015667906543463e-05,0.0007843552463690577
ENSG00000136986,2.8005136096837197e-05,0.0004822204303849282
ENSG00000143756,2.799114080768697e-05,0.0009833907955237862
ENSG00000127081,2.7988582884267342e-05,0.000760144993518745
ENSG00000126705,2.796323631570931e-05,0.0006129502614539762
ENSG00000171159,2.7911529666981723e-05,0.0009154098711303273
ENSG00000160255,2.790385459311937e-05,0.0012560972716129883
ENSG00000170852,2.7891242218704063e-05,0.0016460521956159911
ENSG00000180979,2.788738820270023e-05,0.0003893104368721466
ENSG00000162688,2.7881995450099167e-05,0.00042393787325649965
ENSG00000126432,2.787618992574126e-05,0.00046981570474600087
ENSG00000173137,2.7869315801958708e-05,0.0005823127900168196
ENSG00000171861,2.786313112215355e-05,0.0008276364834105482
ENSG00000179240,2.7843987752567287e-05,0.0008382636849829055
ENSG00000173621,2.7838781320099988e-05,0.0007828482756041808
ENSG00000196510,2.7800618023614982e-05,0.0006487350910911427
ENSG00000160190,2.7757898819247758e-05,0.0007027660055040554
ENSG00000119912,2.7755848413226993e-05,0.0005652926956757294
ENSG00000168389,2.7755833565400824e-05,0.0006184330194893017
ENSG00000134287,2.7746750298044165e-05,0.000583878255500452
ENSG00000174004,2.7700067401624232e-05,0.00037455306645525625
ENSG00000189057,2.7688537212992112e-05,0.00047007154773825603
ENSG00000125503,2.7671885970513486e-05,0.0010813082199897155
ENSG00000182481,2.7661990777518762e-05,0.0005171014837541052
ENSG00000174946,2.7657818556692835e-05,0.0006235137027193734
ENSG00000099797,2.7654324676115308e-05,0.0008587239611384503
ENSG00000166377,2.7633919609419923e-05,0.003532683904631685
ENSG00000180694,2.7626876619413536e-05,0.0003886556081675462
ENSG00000100889,2.760006383412879e-05,0.00043323705957730376
ENSG00000087301,2.7578163345562993e-05,0.00047123602300640455
ENSG00000180953,2.7573464143386982e-05,0.0005164490683951825
ENSG00000159200,2.7537858711485525e-05,0.0006403813697213628
ENSG00000172456,2.753662685166625e-05,0.0004189325128763934
ENSG00000166619,2.7527694582094978e-05,0.000450453968957857
ENSG00000055211,2.7526063952934816e-05,0.0008527789014609524
ENSG00000150456,2.750739691132996e-05,0.0006432492963597843
ENSG00000215788,2.7494418545924222e-05,0.00047251445599457033
ENSG00000072864,2.7428209765445393e-05,0.0006144101336303944
ENSG00000204104,2.7424589060865075e-05,0.0006657691594932815
ENSG00000163002,2.740040832359925e-05,0.0008428485894722294
ENSG00000178935,2.7370161700464312e-05,0.0003180030579017093
ENSG00000099282,2.735127204587534e-05,0.0006882033695937908
ENSG00000074966,2.733706384537522e-05,0.00045334079358100646
ENSG00000169951,2.7336108270706166e-05,0.0010073403258848243
ENSG00000056558,2.733318898366535e-05,0.0007135168737348275
ENSG00000129515,2.7319353413151117e-05,0.0009117386273822825
ENSG00000170604,2.7294725581082308e-05,0.0012861568352057664
ENSG00000114626,2.7293127181203304e-05,0.000991620961059213
ENSG00000196465,2.7263147889959817e-05,0.0004049251273715634
ENSG00000134602,2.726253539137915e-05,0.0004519964463398377
ENSG00000121211,2.7262495645737134e-05,0.0011427927985230332
ENSG00000198276,2.7253610916330607e-05,0.0006665248946591271
ENSG00000060491,2.7243573275784685e-05,0.0008721989685767705
ENSG00000069998,2.7225440118862556e-05,0.0006000802456215738
ENSG00000164087,2.7215290304134474e-05,0.0006325523031788401
ENSG00000009954,2.721077024177771e-05,0.0007273586512699277
ENSG00000104133,2.7202823821751236e-05,0.0007688335676611922
ENSG00000167106,2.7145684880729825e-05,0.001481500130973829
ENSG00000175073,2.7128284306481493e-05,0.0004508367440965804
ENSG00000157045,2.7126753331016075e-05,0.0004807920844068665
ENSG00000005882,2.710814145104859e-05,0.0005083309904108966
ENSG00000144566,2.7065249054025483e-05,0.0005958376438509757
ENSG00000104325,2.7062292562622003e-05,0.0004349795762453051
ENSG00000137275,2.704208338144619e-05,0.0016862558011310738
ENSG00000198169,2.7037234215169153e-05,0.0009069228790643269
ENSG00000160695,2.702780694243602e-05,0.0007659672792272148
ENSG00000166289,2.7011835682064672e-05,0.0006439910137693527
ENSG00000112667,2.700211609236214e-05,0.0006459016828669284
ENSG00000178234,2.6986165230673604e-05,0.0006420393874916503
ENSG00000196262,2.6968899799868387e-05,0.0004297030801344411
ENSG00000109586,2.6960562335240082e-05,0.0006283600138422234
ENSG00000160685,2.6959997947563237e-05,0.002294982172044066
ENSG00000151726,2.6941737236869753e-05,0.000795323247725809
ENSG00000109171,2.693249791142471e-05,0.0007216937226338629
ENSG00000157303,2.6911575066671122e-05,0.0004793661284115857
ENSG00000115165,2.690821890355158e-05,0.0018973026513716086
ENSG00000117016,2.6872608625555972e-05,0.0005438031796548944
ENSG00000165660,2.685980913689055e-05,0.000915509765453544
ENSG00000090776,2.6846078141891314e-05,0.0005788102167025249
ENSG00000176101,2.6839466758433843e-05,0.0008351606405579451
ENSG00000072518,2.6803827081112393e-05,0.0010215631983879672
ENSG00000164402,2.678808597010675e-05,0.000656845776675706
ENSG00000136156,2.674949674952992e-05,0.000761399454287311
ENSG00000157870,2.6745459746268225e-05,0.0008903123550407126
ENSG00000182551,2.6729879111837293e-05,0.0005728774135802433
ENSG00000120885,2.6714635504303294e-05,0.0005083064887343354
ENSG00000173221,2.6694253886944294e-05,0.0009264340163677096
ENSG00000113391,2.669423484953923e-05,0.0007454483185518136
ENSG00000126822,2.667877430926616e-05,0.0004646952851348772
ENSG00000181135,2.6652382672374774e-05,0.0007981715653495313
ENSG00000198805,2.6648627835375648e-05,0.00048558500719172315
ENSG00000107902,2.6641308511639065e-05,0.00041296567714079987
ENSG00000170881,2.6639334618162314e-05,0.0003616105025240239
ENSG00000169905,2.6628928834619664e-05,0.00046827986305675323
ENSG00000093167,2.661084946879984e-05,0.0003420203349635598
ENSG00000135926,2.657122344937794e-05,0.00047077714880667816
ENSG00000138698,2.6567646459026743e-05,0.0007875983699105858
ENSG00000122705,2.656548095608651e-05,0.0004219220405410109
ENSG00000167393,2.654339040310751e-05,0.00064967576705509
ENSG00000171163,2.6541558017912326e-05,0.0006952157456601093
ENSG00000168038,2.6536618404664233e-05,0.00119278562219117
ENSG00000197540,2.6529770019128317e-05,0.0006422188257062315
ENSG00000125124,2.652342326178778e-05,0.0012885004237075661
ENSG00000089723,2.6522348820323915e-05,0.0010105793109531154
ENSG00000135966,2.6510472127372562e-05,0.001581346624690488
ENSG00000170291,2.6485477511075438e-05,0.001340441925006768
ENSG00000091527,2.6471065877315096e-05,0.0005806042352185202
ENSG00000123415,2.6461200435685918e-05,0.0004367402309921276
ENSG00000172663,2.6454315656263763e-05,0.0009752292911058562
ENSG00000189376,2.6428730105416854e-05,0.0006875279686956932
ENSG00000143570,2.6407639958522993e-05,0.00046571626411174617
ENSG00000122515,2.6398413828879652e-05,0.00044761915435687517
ENSG00000132763,2.6385546766604857e-05,0.0006967199567377542
ENSG00000147601,2.6385260258961493e-05,0.00034874384630204525
ENSG00000186577,2.638064172644762e-05,0.0004763774029384309
ENSG00000181284,2.6370742584934617e-05,0.0005641322819243621
ENSG00000095383,2.6363525203569147e-05,0.0006362781112381917
ENSG00000266173,2.6355750079112084e-05,0.0007205038064098199
ENSG00000078070,2.6354873420611568e-05,0.0005407781796151669
ENSG00000182183,2.633665887276856e-05,0.0008046043651131353
ENSG00000163082,2.6322786550636566e-05,0.0005749736465309272
ENSG00000102763,2.6320808108944692e-05,0.00042749696250152583
ENSG00000135315,2.630842328253316e-05,0.0004269242810647958
ENSG00000112167,2.6291125560499446e-05,0.0004842915706586437
ENSG00000140403,2.6283722266542218e-05,0.0008707549484328487
ENSG00000091409,2.627801894417978e-05,0.0004387458395720189
ENSG00000101150,2.627761122637496e-05,0.0004581927688766717
ENSG00000142945,2.626956216446108e-05,0.0005142358324579577
ENSG00000134318,2.626649023546943e-05,0.0004736670102646578
ENSG00000117616,2.6264972345332338e-05,0.0007679929575428058
ENSG00000141858,2.6247132319705636e-05,0.002672489711721452
ENSG00000130755,2.6222596328166636e-05,0.0007466690594823391
ENSG00000176393,2.62075243390034e-05,0.0006523832243642166
ENSG00000166272,2.6188633755031795e-05,0.0006411620951091016
ENSG00000183963,2.6177113839211404e-05,0.0008773394409565159
ENSG00000118418,2.617565392152644e-05,0.00037568148692222584
ENSG00000165475,2.616825127767661e-05,0.0009869252899509923
ENSG00000049769,2.615964627658356e-05,0.0011339609850922706
ENSG00000169762,2.6158982168268264e-05,0.0006484029244785992
ENSG00000110013,2.6156391488766164e-05,0.0008626815433422587
ENSG00000184730,2.6097334759490467e-05,0.0004890477300298342
ENSG00000125148,2.605130271583211e-05,0.00036041684782080674
ENSG00000177156,2.603427106228475e-05,0.0004640097390915471
ENSG00000187325,2.6011333850120657e-05,0.0004755668990638106
ENSG00000120784,2.6010335329026174e-05,0.0005589259039745272
ENSG00000166224,2.598461067605512e-05,0.000445351194174063
ENSG00000114631,2.5983186220385617e-05,0.0004766939488350749
ENSG00000104490,2.5962263462989723e-05,0.0022112434039038916
ENSG00000136478,2.5936245276665217e-05,0.0007621410331776381
ENSG00000162378,2.591835539745557e-05,0.0006565728459493076
ENSG00000106089,2.5914678721017085e-05,0.0005157369283327214
ENSG00000126247,2.5893358224738312e-05,0.001540782862826301
ENSG00000109118,2.5886495035873072e-05,0.0010772536675014335
ENSG00000186767,2.587846084957726e-05,0.0005612399842107059
ENSG00000116701,2.5869870903103946e-05,0.000807353890729432
ENSG00000165410,2.586035325714045e-05,0.0004889896292927012
ENSG00000204954,2.5855618212736556e-05,0.0008069395165968829
ENSG00000135870,2.5850350072013097e-05,0.0009505860542402877
ENSG00000177000,2.5844930139038767e-05,0.0006330708881721316
ENSG00000112234,2.5820145024630566e-05,0.0005860852516230479
ENSG00000178425,2.579470729979605e-05,0.0004152750640764841
ENSG00000091972,2.5775227352176693e-05,0.0008834461334085359
ENSG00000135823,2.5755191160116463e-05,0.0004560812779357849
ENSG00000012983,2.5751531005567897e-05,0.0005290167399349238
ENSG00000166398,2.5748386670877915e-05,0.0008798675007222185
ENSG00000112139,2.5727841973216584e-05,0.0008458456950142688
ENSG00000168807,2.5713194709664508e-05,0.00043577087380780604
ENSG00000153885,2.571075754994806e-05,0.0007677524879893167
ENSG00000222011,2.5665612493519444e-05,0.000562625946632966
ENSG00000148019,2.565128871637429e-05,0.00042767404635095385
ENSG00000099203,2.561862093569013e-05,0.00042817034193158576
ENSG00000166946,2.5602380452985034e-05,0.0005729306969035605
ENSG00000012817,2.559235585786668e-05,0.0008427587628307457
ENSG00000160305,2.55918817695817e-05,0.0006602786380199221
ENSG00000174695,2.5587513606905657e-05,0.001053841252585335
ENSG00000110060,2.5562217945209064e-05,0.0007497975224627894
ENSG00000198146,2.5559101496678443e-05,0.000462720363125246
ENSG00000132879,2.5558911006579627e-05,0.0007477293425903273
ENSG00000157800,2.552542267853779e-05,0.0010557619740274157
ENSG00000072682,2.5523190479373234e-05,0.000434570057744055
ENSG00000138744,2.548644067631148e-05,0.0005308636149384674
ENSG00000186575,2.5483300834047018e-05,0.0005305852431087845
ENSG00000131408,2.5469265629723146e-05,0.0032668832327628758
ENSG00000121691,2.546480369875891e-05,0.00041101549164840806
ENSG00000103111,2.5449388923037096e-05,0.00035491510539328625
ENSG00000015475,2.543959371247777e-05,0.0006887487442476941
ENSG00000130193,2.5428978673655315e-05,0.0005104179458395242
ENSG00000197150,2.541202437975045e-05,0.000574707811659841
ENSG00000152127,2.5393964578561476e-05,0.00038273667987055157
ENSG00000116406,2.5345366194754924e-05,0.0006369525044894018
ENSG00000136153,2.5342910087669636e-05,0.0007835742982293
ENSG00000243244,2.5331791616244735e-05,0.0007363589943052063
ENSG00000099910,2.5311889074138623e-05,0.00040183927448582087
ENSG00000111911,2.5290078627812306e-05,0.0008413051527565905
ENSG00000170802,2.5287789955074184e-05,0.0010539670559169105
ENSG00000170464,2.5263752569856224e-05,0.0007860294084198405
ENSG00000179922,2.524770774112272e-05,0.0007832812916894454
ENSG00000033627,2.5244075244152462e-05,0.0004737278445005337
ENSG00000156313,2.522663740392465e-05,0.000572130976255681
ENSG00000003400,2.522310012143415e-05,0.00041802388703782715
ENSG00000100129,2.521211425139557e-05,0.001558771986106511
ENSG00000015532,2.5204597035355146e-05,0.0004901555824147116
ENSG00000068028,2.520014816326505e-05,0.0004891999616360222
ENSG00000166704,2.514011152336333e-05,0.0006288140702996187
ENSG00000119333,2.513750156997211e-05,0.0008047052939494046
ENSG00000167657,2.513178178802574e-05,0.0006905227403867609
ENSG00000122557,2.512721455262431e-05,0.0007090561742427327
ENSG00000174652,2.5097275112924934e-05,0.0005908154282139776
ENSG00000165288,2.5093237061323942e-05,0.0004800758665130136
ENSG00000002016,2.5093189909505895e-05,0.0006294971468943214
ENSG00000143862,2.509082624557137e-05,0.0005526640958341216
ENSG00000168092,2.5075769242864227e-05,0.0005086099769313396
ENSG00000123472,2.507442073754565e-05,0.0005874444615535044
ENSG00000026652,2.5073021331079263e-05,0.0006884309012321795
ENSG00000107537,2.5052130708325213e-05,0.0004950180559574581
ENSG00000166340,2.5038027351944948e-05,0.0007909815668969301
ENSG00000130770,2.503466820958568e-05,0.0004112923290904444
ENSG00000126243,2.498540138447331e-05,0.000929894270318454
ENSG00000099622,2.498134257158168e-05,0.0005625260683618041
ENSG00000168961,2.4977558040515786e-05,0.0008440754992013765
ENSG00000171497,2.4965938896997132e-05,0.00037995955647803246
ENSG00000151923,2.4961468179017778e-05,0.0010680464002144794
ENSG00000139714,2.4959827650051653e-05,0.0005728498529872309
ENSG00000110876,2.4952326782777214e-05,0.001998928673386517
ENSG00000171428,2.4949462385540678e-05,0.0004357451125810753
ENSG00000137996,2.494612164934901e-05,0.0004587362569818334
ENSG00000101856,2.4904401288294492e-05,0.0004303437672074897
ENSG00000198393,2.4880695570812024e-05,0.0004744919641266963
ENSG00000179335,2.4867468019013685e-05,0.000807039485795532
ENSG00000104154,2.4865082605022072e-05,0.0005755194161026355
ENSG00000101935,2.483777008307414e-05,0.0007816101320144032
ENSG00000108262,2.4823238752465412e-05,0.0006644842043124697
ENSG00000142065,2.4786934679599024e-05,0.0009144237744441932
ENSG00000107789,2.477351656496494e-05,0.0006289575387208508
ENSG00000144827,2.4769612534847205e-05,0.0004806106289837553
ENSG00000111666,2.475116368581401e-05,0.0008285492211168258
ENSG00000162769,2.4730836175185582e-05,0.0007539090783278331
ENSG00000110274,2.467624082579388e-05,0.0005099502473271814
ENSG00000120458,2.465914135097153e-05,0.0005260497864023029
ENSG00000102158,2.4641429840182894e-05,0.0006328755777888851
ENSG00000235750,2.4640960076496288e-05,0.0004117071602106252
ENSG00000198818,2.4632865280514605e-05,0.0010495398924485954
ENSG00000100038,2.460285179278959e-05,0.0008359749299042997
ENSG00000133641,2.458246194420141e-05,0.0006359131313118056
ENSG00000154122,2.4533717640204563e-05,0.0007182333702200257
ENSG00000011566,2.4526978211884056e-05,0.000828563618732217
ENSG00000168918,2.450516141111989e-05,0.0010213127699283382
ENSG00000170035,2.4503483411956256e-05,0.0005853298759344295
ENSG00000167969,2.4491333867759817e-05,0.00042059602285060197
ENSG00000178988,2.448004696245369e-05,0.0008150404172682214
ENSG00000135452,2.4442149779265556e-05,0.0006819235126879046
ENSG00000144959,2.441728967572819e-05,0.0005843676517174267
ENSG00000106991,2.4414221144597172e-05,0.0005667393904669796
ENSG00000186501,2.4403672829438465e-05,0.0005076261424954238
ENSG00000116641,2.4395745192592782e-05,0.0005414294233875731
ENSG00000150712,2.4385618873803893e-05,0.0006218992611277298
ENSG00000115840,2.438226832280946e-05,0.00043255641569912335
ENSG00000198265,2.4348429864102133e-05,0.0020957525057838057
ENSG00000110200,2.4340725720218726e-05,0.000742971964380066
ENSG00000260916,2.4325530215099668e-05,0.0005608484258580486
ENSG00000176783,2.431548819485936e-05,0.0015429463816419699
ENSG00000198855,2.430306531964112e-05,0.0007646141477574498
ENSG00000243646,2.4301080183739914e-05,0.0005293230053703846
ENSG00000090661,2.4299038244015772e-05,0.0007443224171448312
ENSG00000125779,2.4297022792014937e-05,0.0008767224296837265
ENSG00000185670,2.4291801146780526e-05,0.0007187358358754928
ENSG00000137501,2.428479621083813e-05,0.0004931609779194108
ENSG00000143183,2.4271971146906543e-05,0.00042382873356398214
ENSG00000204344,2.4224651261671826e-05,0.000902087368093592
ENSG00000163013,2.4209863158895885e-05,0.0007789628213086322
ENSG00000137198,2.4196692496554952e-05,0.0007544991907003608
ENSG00000102531,2.41917609232704e-05,0.0010968430042857607
ENSG00000116717,2.4187163942529454e-05,0.0004025518280929381
ENSG00000112699,2.4170812662171244e-05,0.0007377400740443958
ENSG00000101220,2.414831370671454e-05,0.0008112931622173769
ENSG00000168488,2.4142628376303604e-05,0.0009205756748402765
ENSG00000164307,2.4140850821499943e-05,0.0008951890758123627
ENSG00000101460,2.4129645539493922e-05,0.0005848349249140676
ENSG00000100284,2.4082752236748407e-05,0.00044278273865332396
ENSG00000127334,2.4077691359095346e-05,0.0003958160011803223
ENSG00000115604,2.407414838261954e-05,0.00038311628673627353
ENSG00000197471,2.4070680543710556e-05,0.0007594907718459307
ENSG00000169826,2.4031246408498536e-05,0.0006399162359123953
ENSG00000134590,2.4019262249873715e-05,0.0007969793268855882
ENSG00000149485,2.400768409521531e-05,0.0010576067419277998
ENSG00000111011,2.3981781747323206e-05,0.0017382385262398052
ENSG00000105649,2.3936877060446167e-05,0.0008093716950037193
ENSG00000143811,2.3916837399263507e-05,0.00037834466564381163
ENSG00000169410,2.3913366490089896e-05,0.0005262377269169622
ENSG00000179094,2.3909186808998664e-05,0.0025191333308310646
ENSG00000128335,2.389558590752755e-05,0.0010522839784421712
ENSG00000181381,2.3894357300887247e-05,0.0003103081253172162
ENSG00000083290,2.3891242898646118e-05,0.0006038027043059618
ENSG00000123104,2.3882345568978695e-05,0.0006206413044919527
ENSG00000162976,2.384504334521202e-05,0.0006597152921809278
ENSG00000197894,2.3832248534757815e-05,0.0004536249011853382
ENSG00000205138,2.3814037977099414e-05,0.0005374444770739587
ENSG00000167632,2.3787586279120874e-05,0.0005085267923919349
ENSG00000105327,2.3769666148893987e-05,0.0006114280369572222
ENSG00000054219,2.3768905969301434e-05,0.000602189994827651
ENSG00000133318,2.3752194678205318e-05,0.0005016817365450403
ENSG00000135469,2.373787996891607e-05,0.0006823182856578265
ENSG00000117280,2.3733424682880847e-05,0.0005315747600613142
ENSG00000107798,2.3725889246831285e-05,0.0007717740309284157
ENSG00000055609,2.3723751363452846e-05,0.0016299402530259596
ENSG00000171208,2.37099942008779e-05,0.000393417727463667
ENSG00000150401,2.3709948957503326e-05,0.0008477400040278401
ENSG00000090238,2.3700781203845943e-05,0.0007284475443504867
ENSG00000125821,2.369433796359752e-05,0.0004177214114093878
ENSG00000102910,2.3692252404201353e-05,0.0008863112707771808
ENSG00000146278,2.3680605571293398e-05,0.0005818652205050866
ENSG00000177981,2.3661121297238685e-05,0.0006953847147284114
ENSG00000170113,2.3660876359499967e-05,0.00038130219477566617
ENSG00000082701,2.365606929268648e-05,0.0006293096394976713
ENSG00000185973,2.3635888108893945e-05,0.000604753788039091
ENSG00000162139,2.3626933460571227e-05,0.0007908177807332908
ENSG00000168872,2.362489159392388e-05,0.00042522295547886156
ENSG00000179627,2.3619477302562076e-05,0.0009780751692690917
ENSG00000100403,2.3614330180785763e-05,0.0005957513219381214
ENSG00000105810,2.361401894716796e-05,0.0018447214192411495
ENSG00000064763,2.359502461112953e-05,0.0008012370984291164
ENSG00000038002,2.3571156106976618e-05,0.0005120255199828365
ENSG00000163606,2.3563507837437614e-05,0.00042137698327206186
ENSG00000063587,2.355289453177615e-05,0.0005796941805398992
ENSG00000180773,2.3552615132726898e-05,0.0006938331256444441
ENSG00000152700,2.35509561404468e-05,0.0004783809034516482
ENSG00000149212,2.3544870672832724e-05,0.0005319948410746062
ENSG00000162885,2.3538151178098672e-05,0.000528837461499117
ENSG00000120915,2.3533077036229924e-05,0.001022065878818022
ENSG00000187994,2.3490053292940184e-05,0.0003419728253441634
ENSG00000106829,2.348806199897608e-05,0.0006609675225969991
ENSG00000156172,2.346818801934114e-05,0.0009079173049430177
ENSG00000110080,2.3462786423209983e-05,0.001392586030313384
ENSG00000100299,2.3456761040482803e-05,0.0005070844542299589
ENSG00000134285,2.3415309564744856e-05,0.00037020692817766676
ENSG00000125827,2.3414748925630682e-05,0.0006336982733021401
ENSG00000172725,2.3404998651505324e-05,0.0019999612688004604
ENSG00000101236,2.3362323261579567e-05,0.0006959991583285017
ENSG00000133275,2.3358702019052572e-05,0.00037388284455511
ENSG00000116815,2.3357609991285676e-05,0.0003561124800540239
ENSG00000084112,2.335088061016515e-05,0.0006567573769839115
ENSG00000243943,2.3334730105870185e-05,0.0006664060142453866
ENSG00000166575,2.3305053381217854e-05,0.00044947538919924945
ENSG00000130812,2.3304685914604048e-05,0.0006636709736260669
ENSG00000133065,2.3298383896861707e-05,0.0007683772801796074
ENSG00000111674,2.3284454776786402e-05,0.0005886301477353062
ENSG00000151651,2.3283599874227817e-05,0.0007015053856541095
ENSG00000085644,2.326828047779448e-05,0.0006634254127753716
ENSG00000151014,2.326747193163284e-05,0.0006196694683755246
ENSG00000135541,2.3258023038991698e-05,0.0005474045895303141
ENSG00000005238,2.324578683783383e-05,0.0007561304363975802
ENSG00000119280,2.3240137623178568e-05,0.0006788699591591624
ENSG00000213699,2.3230430107463218e-05,0.0005546811113947176
ENSG00000104960,2.3211673166432585e-05,0.000768960694413538
ENSG00000170260,2.3193100644904445e-05,0.00045689599318108156
ENSG00000118308,2.314993843036212e-05,0.0007372029600862427
ENSG00000151445,2.3149011755368266e-05,0.0007250060223530459
ENSG00000204397,2.312891546017895e-05,0.000585013048723631
ENSG00000118257,2.3105845619660805e-05,0.0007322958035885023
ENSG00000064547,2.3097920304943346e-05,0.0008541046604987265
ENSG00000188785,2.30829081687531e-05,0.000847185015201442
ENSG00000174606,2.30818795344355e-05,0.0004059990797810963
ENSG00000108591,2.3070885547294844e-05,0.0005240066631078468
ENSG00000158427,2.3052719721557134e-05,0.000731402977584688
ENSG00000184588,2.304431640301752e-05,0.0007508760832967525
ENSG00000115944,2.303616345100115e-05,0.0005751523113843413
ENSG00000198168,2.3019916002519964e-05,0.00037684166418099465
ENSG00000128284,2.3018658799995092e-05,0.0005126863035909424
ENSG00000151876,2.3004037005757947e-05,0.0006228490030763518
ENSG00000183621,2.2993253228850552e-05,0.0007828583673672462
ENSG00000120008,2.2978393379674744e-05,0.0003679194212183603
ENSG00000150961,2.2935900849078205e-05,0.0007667406094562304
ENSG00000181026,2.292515879593433e-05,0.0003426902992805295
ENSG00000148660,2.2895073568765e-05,0.0003374855317334794
ENSG00000112851,2.289488598413366e-05,0.00041025501532748315
ENSG00000136098,2.2893569578986927e-05,0.0010161397147895824
ENSG00000166405,2.2885489493142334e-05,0.0006881697695685465
ENSG00000186654,2.287585916516352e-05,0.000780640146427961
ENSG00000185112,2.2863723564957056e-05,0.00041529771237191647
ENSG00000214655,2.285958099557465e-05,0.00045269447667057585
ENSG00000138623,2.2859111046411272e-05,0.0006081713713243736
ENSG00000197694,2.2853850503292084e-05,0.0009296777191934058
ENSG00000166794,2.2822450583788453e-05,0.00043792118122679705
ENSG00000257704,2.2820999105120622e-05,0.000911458237951628
ENSG00000127947,2.281855675173394e-05,0.000707436475256902
ENSG00000183741,2.28052967797812e-05,0.0004261858789345606
ENSG00000204713,2.2801775856628225e-05,0.0006774946665032565
ENSG00000122678,2.2782850332181533e-05,0.0007289348157334503
ENSG00000146858,2.2757547809836775e-05,0.0007132324625550312
ENSG00000104783,2.2752106112122302e-05,0.0004271568982192326
ENSG00000163131,2.274341436133078e-05,0.0007196495378481889
ENSG00000077254,2.2740459776949205e-05,0.0006076165122654932
ENSG00000150457,2.271595587198348e-05,0.0005269517864951249
ENSG00000135114,2.2711581297259378e-05,0.0005887564178433309
ENSG00000198771,2.269488612545471e-05,0.0011720252763203385
ENSG00000111144,2.2694566170038867e-05,0.0004288054176351867
ENSG00000205155,2.2683560369933167e-05,0.0005087013557499577
ENSG00000111912,2.267521633892513e-05,0.0006691424834404042
ENSG00000156467,2.2661431708644228e-05,0.0012189543143974217
ENSG00000160049,2.266114513717561e-05,0.0006016469958483896
ENSG00000144426,2.265533908073887e-05,0.0005848304995275179
ENSG00000198039,2.261781799312233e-05,0.0008625439499989021
ENSG00000115607,2.2611981080825047e-05,0.0005214469728851291
ENSG00000197386,2.260463430583495e-05,0.0008178453785141337
ENSG00000065802,2.260022187032497e-05,0.0005291341948275254
ENSG00000171161,2.259585056911099e-05,0.0005193535317069483
ENSG00000257093,2.2591676056923606e-05,0.0006351367843344283
ENSG00000144455,2.2575816753299396e-05,0.0009807185816607788
ENSG00000196458,2.256356700229776e-05,0.0007853013384237887
ENSG00000170100,2.256322786817377e-05,0.0005727806152541541
ENSG00000138119,2.2558299820554722e-05,0.0004109263479276274
ENSG00000085377,2.2549313725191916e-05,0.0003351260912209863
ENSG00000197622,2.2530199750250746e-05,0.0005063819559631482
ENSG00000171723,2.251808351822902e-05,0.0004301264496577776
ENSG00000154822,2.2510437553103622e-05,0.0004492549038786214
ENSG00000107745,2.2504781939375744e-05,0.00040448023899787144
ENSG00000196268,2.246566999401319e-05,0.0004883523433506438
ENSG00000160818,2.2460783580310587e-05,0.0007426649262729861
ENSG00000154920,2.245155190050922e-05,0.0008038054149959042
ENSG00000064651,2.243593677943275e-05,0.000719259463450405
ENSG00000008710,2.2380564728993263e-05,0.0005192184386486792
ENSG00000188647,2.237976292100584e-05,0.00046039020903875574
ENSG00000144591,2.237728510596461e-05,0.0006244024489913716
ENSG00000119638,2.2333684520231457e-05,0.00031490091338569413
ENSG00000156650,2.2315664778718353e-05,0.0008386872377566228
ENSG00000004866,2.229890307760126e-05,0.0004744042217056819
ENSG00000140396,2.229556277552764e-05,0.0006710994071213282
ENSG00000162104,2.2265963628809957e-05,0.0004781164868626688
ENSG00000123091,2.225831399383187e-05,0.0004453033687074222
ENSG00000116396,2.2253346418440593e-05,0.0005634552671318001
ENSG00000137500,2.2239595245326843e-05,0.0010628312233217148
ENSG00000169696,2.222940703716084e-05,0.0004420108017833222
ENSG00000128891,2.2198091981182697e-05,0.0004465382433385989
ENSG00000141655,2.2195332678292832e-05,0.000741207527083077
ENSG00000122565,2.2178035235278823e-05,0.002166055000041479
ENSG00000120437,2.2176604945668848e-05,0.0005048604498196293
ENSG00000131089,2.216311949378677e-05,0.0007938432396284835
ENSG00000164430,2.216078560325408e-05,0.0005742222012529099
ENSG00000117543,2.216049133680081e-05,0.0012317224205351926
ENSG00000170345,2.2160362746046025e-05,0.006169988609686687
ENSG00000165304,2.21576221857189e-05,0.0005218946540096624
ENSG00000100483,2.2151601810922807e-05,0.0006032480084756647
ENSG00000100100,2.2150776806761456e-05,0.0012047864849419093
ENSG00000182400,2.214888530870974e-05,0.0006295923970548343
ENSG00000100802,2.214496905927398e-05,0.0009356267722855447
ENSG00000197818,2.21406938766989e-05,0.0007052705542475417
ENSG00000157978,2.2137521390239246e-05,0.0008950393924380527
ENSG00000121716,2.2124423899929915e-05,0.00044524389392239895
ENSG00000105928,2.2102331223275698e-05,0.0005616869121359843
ENSG00000127989,2.2085105049617408e-05,0.00045610736425995225
ENSG00000169609,2.2083198025718987e-05,0.0007778900605556219
ENSG00000125652,2.206197856559037e-05,0.000606503206357249
ENSG00000178385,2.2033115722247185e-05,0.0005210997056695182
ENSG00000100368,2.203059625510732e-05,0.00043567184696412925
ENSG00000188636,2.202369816315474e-05,0.0005580798246410799
ENSG00000163607,2.2017761900537933e-05,0.000423841937092304
ENSG00000110324,2.2012647025989717e-05,0.000654904880014656
ENSG00000129465,2.2012117913787924e-05,0.0005939886843092548
ENSG00000121057,2.200761666549758e-05,0.0006328796332955753
ENSG00000006459,2.2006301365018192e-05,0.0007179415294721594
ENSG00000154217,2.200379583327867e-05,0.000695619029959099
ENSG00000129422,2.2002311575948893e-05,0.0008375879631091487
ENSG00000162300,2.1994440576260323e-05,0.0007982214606712006
ENSG00000120280,2.198852998463733e-05,0.0007195778915334004
ENSG00000101445,2.1983997884669183e-05,0.0005423973154115263
ENSG00000168234,2.1979398266158504e-05,0.0011011041907123243
ENSG00000173334,2.1974694984480525e-05,0.0007069494333433546
ENSG00000113552,2.1974108678554074e-05,0.0004299799202542678
ENSG00000151116,2.196538744261193e-05,0.00040682356120997254
ENSG00000133574,2.192939796926355e-05,0.0009852116830976604
ENSG00000112378,2.1928310761485756e-05,0.0007510018907816312
ENSG00000197608,2.1919262370393933e-05,0.0005309529516201986
ENSG00000160767,2.19165910351526e-05,0.0008425792266225114
ENSG00000159267,2.191461087314702e-05,0.0007092456037175094
ENSG00000141576,2.1911672604896943e-05,0.0005891959483300868
ENSG00000110002,2.190246061265839e-05,0.0005317200753158394
ENSG00000153147,2.1898187530035886e-05,0.0046496342276911165
ENSG00000085871,2.1877761087620953e-05,0.0004959664348045312
ENSG00000138613,2.186886776142504e-05,0.0004227959370943755
ENSG00000100365,2.184805779367611e-05,0.000812291567281852
ENSG00000143457,2.1842106709731775e-05,0.0006929006812299136
ENSG00000168237,2.1833217688933258e-05,0.0003313750475536179
ENSG00000106723,2.1832764851797223e-05,0.0008101602172790657
ENSG00000147535,2.182841370238978e-05,0.0008934640764290862
ENSG00000185129,2.182611006028123e-05,0.002781053708212226
ENSG00000084731,2.1822987901421023e-05,0.0005805611534340925
ENSG00000173198,2.1821331416268432e-05,0.000913128641885014
ENSG00000102316,2.1819236477832686e-05,0.0006786788806265537
ENSG00000167114,2.1817390078169152e-05,0.0008686448576911969
ENSG00000167695,2.180817341225923e-05,0.0006751540120800956
ENSG00000165832,2.179928406054635e-05,0.0011293952032752636
ENSG00000110925,2.1797842059634197e-05,0.0004491478216800103
ENSG00000149218,2.179483715356825e-05,0.0006415758881072137
ENSG00000130511,2.178912831675818e-05,0.0004730753516747636
ENSG00000168300,2.1754299044578504e-05,0.0003398991156367358
ENSG00000070718,2.1748552207862467e-05,0.0004819166263078014
ENSG00000151893,2.1731264839816004e-05,0.00048396364843352315
ENSG00000169504,2.1730559646626395e-05,0.0004018518676672811
ENSG00000267534,2.1714755401935966e-05,0.0004641912798615193
ENSG00000175602,2.170770659761569e-05,0.0006057170285887862
ENSG00000155621,2.169751447628342e-05,0.0006262467974570225
ENSG00000151287,2.1692707669637203e-05,0.00040203830450225356
ENSG00000138678,2.168853818904066e-05,0.0007233914605033935
ENSG00000140463,2.166380951508516e-05,0.0007041648963597715
ENSG00000110881,2.1662357040025922e-05,0.00045876767059705
ENSG00000158717,2.1658637028788923e-05,0.00025074626182030484
ENSG00000127914,2.165442185307648e-05,0.00042119662899622987
ENSG00000049860,2.164964396140572e-05,0.0008443568442239281
ENSG00000164241,2.1636600589429613e-05,0.001050370797069126
ENSG00000172954,2.1635412473347187e-05,0.0006970904260981711
ENSG00000172830,2.1626907132832503e-05,0.0008349309503950729
ENSG00000117139,2.1608053237211643e-05,0.0003889898527952608
ENSG00000011114,2.1594442541427647e-05,0.0011341440601877646
ENSG00000066294,2.1589919195087395e-05,0.0008659723878545857
ENSG00000214736,2.1588703180722113e-05,0.00044395064002685365
ENSG00000160211,2.1545122104577146e-05,0.0006871747979936386
ENSG00000163106,2.1538083720317665e-05,0.0007414453124695272
ENSG00000115649,2.1537933327187878e-05,0.001397297201795629
ENSG00000170632,2.150962952906296e-05,0.0008679608440226285
ENSG00000024526,2.150955698093688e-05,0.000443860179008536
ENSG00000112079,2.1506430303804128e-05,0.0004573644258410303
ENSG00000144354,2.149288578919142e-05,0.0004379872713204895
ENSG00000171606,2.1483047130581448e-05,0.0015499594761211404
ENSG00000100380,2.1453137528963074e-05,0.0007706970146119372
ENSG00000213347,2.144483156621726e-05,0.0003378750506238919
ENSG00000103381,2.1425048280066206e-05,0.0004464461013843973
ENSG00000146416,2.1423728402709885e-05,0.000553101441232511
ENSG00000163348,2.141110078419623e-05,0.0004647701754942186
ENSG00000080815,2.1409424626022286e-05,0.00046417174580021476
ENSG00000114529,2.1403015576393906e-05,0.0008039339132523157
ENSG00000173914,2.1399760248575498e-05,0.0005655357296725534
ENSG00000178074,2.1377193811997493e-05,0.0006874646483103125
ENSG00000066322,2.13473530958473e-05,0.0008858268685827668
ENSG00000198131,2.1346302844072162e-05,0.00047664979945297647
ENSG00000196975,2.1346163428789482e-05,0.00047938825116568875
ENSG00000100528,2.131671099236356e-05,0.0003948868439493432
ENSG00000243749,2.1297835752825e-05,0.0006276514233834024
ENSG00000125726,2.1288930806192943e-05,0.00193215063354113
ENSG00000196924,2.1284360821859995e-05,0.0011036756027229852
ENSG00000130779,2.1274874072834626e-05,0.0004425588337748988
ENSG00000164465,2.126500375455495e-05,0.0007959007282954298
ENSG00000123575,2.1261499569206564e-05,0.0004428830773400123
ENSG00000132823,2.12529544865029e-05,0.0006333119856577375
ENSG00000144036,2.1248577283701453e-05,0.0006959915410220108
ENSG00000124523,2.1236192693235566e-05,0.0008030010802320116
ENSG00000161835,2.122475941730164e-05,0.0007421934582446737
ENSG00000105755,2.1217197076584764e-05,0.0006286356245087433
ENSG00000136935,2.121265997497637e-05,0.0005585952884715348
ENSG00000186908,2.120908981467068e-05,0.0003540427960873467
ENSG00000198105,2.1171373471112503e-05,0.0006310419767941778
ENSG00000162714,2.1155588157396525e-05,0.0009197260191439265
ENSG00000145439,2.1154056613391713e-05,0.0007594808488480859
ENSG00000225697,2.115384874723422e-05,0.0004673696913625928
ENSG00000120451,2.114935870582965e-05,0.0008061343652828877
ENSG00000134262,2.1146472064894872e-05,0.00029628607409391974
ENSG00000175970,2.1138091776983555e-05,0.0007295313643612922
ENSG00000131873,2.112717106993262e-05,0.0012077322907706842
ENSG00000154059,2.1120597357602732e-05,0.00046313198488685977
ENSG00000122224,2.111581343110134e-05,0.0009294998536592466
ENSG00000138604,2.1106183765857953e-05,0.000805861860588216
ENSG00000174306,2.1105527518211573e-05,0.0010811804597790984
ENSG00000064886,2.1092297192187994e-05,0.0005055670175500429
ENSG00000116761,2.1081469614514627e-05,0.0008189244140143056
ENSG00000158796,2.107810455805633e-05,0.0006628527593916975
ENSG00000155324,2.1063658570316392e-05,0.000759253375053617
ENSG00000139926,2.106243118794107e-05,0.0005432919925236013
ENSG00000176160,2.1038490898180406e-05,0.0007599042632422257
ENSG00000015153,2.1038088690476137e-05,0.00040531031663793905
ENSG00000183828,2.103349049469736e-05,0.0009317035470049386
ENSG00000078747,2.103198056921892e-05,0.00033604125266266616
ENSG00000049768,2.1019101474110896e-05,0.00271011325032835
ENSG00000122644,2.1009699061947603e-05,0.0009383808440839307
ENSG00000077713,2.0978544408610564e-05,0.0005121554870686947
ENSG00000184678,2.0959825718713528e-05,0.0006910453173302727
ENSG00000242114,2.095146058554708e-05,0.0003648779457352784
ENSG00000097021,2.0935968308374077e-05,0.00042701897989293024
ENSG00000162496,2.0930217143084744e-05,0.0006291866753147504
ENSG00000146587,2.0913932256141056e-05,0.00034700656424122467
ENSG00000196405,2.0912007511137964e-05,0.0011781556710563571
ENSG00000253719,2.090471318580879e-05,0.0003903134836429203
ENSG00000143554,2.090437787711103e-05,0.0009094400850849884
ENSG00000175048,2.0902832520273162e-05,0.0005139034057238434
ENSG00000278828,2.088522199907604e-05,0.0007037090176404679
ENSG00000170348,2.0873210213151023e-05,0.002023024698373978
ENSG00000116005,2.0865376412472404e-05,0.0005112674316839843
ENSG00000100503,2.084008651455109e-05,0.0008477370142636036
ENSG00000068745,2.083817587345982e-05,0.0012946273002044997
ENSG00000164919,2.0809279683412257e-05,0.0015224855069912338
ENSG00000215193,2.080635173528984e-05,0.0006129858271459023
ENSG00000144120,2.0795509206734988e-05,0.0007538824512882481
ENSG00000121578,2.0778274995970805e-05,0.0005106282253968306
ENSG00000102178,2.0761439138330713e-05,0.0005801354264681795
ENSG00000166439,2.0742514229017443e-05,0.0003493036199050525
ENSG00000100206,2.0732722282377382e-05,0.0005141370389890727
ENSG00000107863,2.072931742266209e-05,0.0008218862938174963
ENSG00000148110,2.0722207480682482e-05,0.0004945163860829221
ENSG00000175305,2.0715051692091963e-05,0.0007934898668242512
ENSG00000136861,2.0708279274799523e-05,0.0003930739302180946
ENSG00000107816,2.070006445028229e-05,0.0006624057685442647
ENSG00000100991,2.0697756018781373e-05,0.0003860445906309701
ENSG00000165533,2.06767978722818e-05,0.0008053616109833411
ENSG00000108828,2.0659914184472792e-05,0.00048250710808059045
ENSG00000136051,2.065553827869128e-05,0.0012034194918605144
ENSG00000196150,2.0648755210709215e-05,0.0007939522943171475
ENSG00000163376,2.0625262668971358e-05,0.0005993413733870106
ENSG00000136856,2.0613576713440272e-05,0.0007782756537583208
ENSG00000168000,2.0595127616293996e-05,0.0006322281609925641
ENSG00000104064,2.0593066132071466e-05,0.002507008607212549
ENSG00000130402,2.0592723505628254e-05,0.0009809532128131563
ENSG00000160058,2.0589572187428717e-05,0.0003742422917055498
ENSG00000026751,2.0585465863479673e-05,0.0016536955516375754
ENSG00000068079,2.057050697125411e-05,0.0004120188399607278
ENSG00000103550,2.0560078262267753e-05,0.001068106752530723
ENSG00000105204,2.055137008351151e-05,0.0008229935182758076
ENSG00000182704,2.054111626818542e-05,0.00042160939322545923
ENSG00000100439,2.0510562451590634e-05,0.0008266187023427654
ENSG00000101294,2.0477418113609125e-05,0.0003990085302054805
ENSG00000136404,2.0466120997849398e-05,0.0008098685136472415
ENSG00000164985,2.045042214679981e-05,0.001036187879808624
ENSG00000167799,2.0447605885447393e-05,0.0005705949742412046
ENSG00000151611,2.044177649694545e-05,0.0003809668644833081
ENSG00000112584,2.0420907982378894e-05,0.0003711075091596159
ENSG00000092929,2.0401316856090634e-05,0.00043654942416485303
ENSG00000138801,2.0393176687702968e-05,0.0008028533196059418
ENSG00000113638,2.037822088751458e-05,0.0005271585676077775
ENSG00000150593,2.036102298167986e-05,0.0006103209148861512
ENSG00000138107,2.0352687164400744e-05,0.0003491107412254393
ENSG00000103024,2.0348359103892936e-05,0.0008292034620634916
ENSG00000105393,2.0345018504977528e-05,0.0005594409112663896
ENSG00000111879,2.0340773040303125e-05,0.0007920383688683657
ENSG00000065559,2.0327123349155204e-05,0.0003510355916548879
ENSG00000126821,2.03213299607609e-05,0.000541171318446057
ENSG00000060558,2.030431837934575e-05,0.0010029229354963792
ENSG00000163788,2.0300907231237897e-05,0.000631828175807104
ENSG00000122707,2.029729251423024e-05,0.0007958529398581094
ENSG00000204524,2.029212011559491e-05,0.0005239769368880409
ENSG00000036257,2.0288364711551608e-05,0.0016631890528445372
ENSG00000140545,2.0286227839118823e-05,0.0009136036880352935
ENSG00000101940,2.0274523841442862e-05,0.0003251986185093329
ENSG00000184220,2.0253227311818583e-05,0.0006549089475714609
ENSG00000076662,2.0244095571304114e-05,0.000540275827170677
ENSG00000084234,2.0235358926393014e-05,0.000361381095528687
ENSG00000169372,2.0233992576382683e-05,0.00045803371325753593
ENSG00000164970,2.0202515650942126e-05,0.0004364194433776188
ENSG00000134222,2.0193864590579585e-05,0.00076794883667611
ENSG00000122729,2.0179297461736704e-05,0.0005291502324931371
ENSG00000106123,2.017251251722328e-05,0.0009536629141771103
ENSG00000154640,2.01708995908583e-05,0.0011793342538563834
ENSG00000100124,2.0167415415559284e-05,0.0004266962651565845
ENSG00000050405,2.0157651806743796e-05,0.00043311794659373775
ENSG00000258659,2.014998922549813e-05,0.00079761225519001
ENSG00000069702,2.0138400720974672e-05,0.0006433694757142501
ENSG00000128872,2.0136168623047266e-05,0.0006375578713115509
ENSG00000152359,2.0106079213789953e-05,0.0004664162774093556
ENSG00000134077,2.008854233440211e-05,0.0009980147350177925
ENSG00000168329,2.00764890918318e-05,0.0011259487273193852
ENSG00000243056,2.0067253222404053e-05,0.0005850666205747803
ENSG00000114988,2.006442179752962e-05,0.0005427994381524686
ENSG00000136908,2.0050080860417736e-05,0.0008387588080878575
ENSG00000051620,2.004460958839944e-05,0.0003518714138721915
ENSG00000124641,2.0033213169103232e-05,0.0009660848320637751
ENSG00000147439,2.0030489104027525e-05,0.0006304637319071673
ENSG00000139116,2.002200703438238e-05,0.0007021684092478927
ENSG00000113119,1.993674228242715e-05,0.0007393699106070617
ENSG00000163738,1.9926486652080286e-05,0.0007715432496616149
ENSG00000167208,1.9905717231081625e-05,0.00048295499510193636
ENSG00000144524,1.989980983600173e-05,0.0003296567353597604
ENSG00000119599,1.989621587068679e-05,0.0008530897339872593
ENSG00000162739,1.9892432998722203e-05,0.0006008279803767838
ENSG00000256087,1.9882812933723935e-05,0.0008213517855608157
ENSG00000158234,1.987951284920551e-05,0.0007566460672186586
ENSG00000198363,1.987517870623037e-05,0.0011094603511550276
ENSG00000146409,1.9872637220882724e-05,0.000729169036671414
ENSG00000189042,1.9864628273881313e-05,0.0006370856149307281
ENSG00000133195,1.9863386780041974e-05,0.0007779766655656942
ENSG00000124074,1.9854815748683697e-05,0.00048796179989662363
ENSG00000151692,1.9846312964582966e-05,0.0006664209110855844
ENSG00000118246,1.9831451459368706e-05,0.0006095903224322759
ENSG00000141034,1.9827697804504567e-05,0.000662282142356707
ENSG00000120910,1.982439266388554e-05,0.0003726415236471124
ENSG00000156170,1.9822566823132038e-05,0.000702803074717551
ENSG00000119411,1.977311729794169e-05,0.0006196235327817247
ENSG00000181450,1.9771583528375567e-05,0.0005627555775794479
ENSG00000107890,1.976824902325142e-05,0.0010871277612523888
ENSG00000104043,1.9764787676644964e-05,0.0004889339645082231
ENSG00000129521,1.9764151683558657e-05,0.00042922983685323915
ENSG00000160447,1.9749375998517793e-05,0.0011970794330347896
ENSG00000183137,1.9742939544636446e-05,0.0008093705590910768
ENSG00000178096,1.971383142845799e-05,0.000670872461559244
ENSG00000113749,1.9694909935783377e-05,0.0004568152429730165
ENSG00000085382,1.9680436614996942e-05,0.00045192666430629726
ENSG00000138413,1.9657070078106358e-05,0.0004899564704786704
ENSG00000140284,1.964966947260598e-05,0.0004181658127824767
ENSG00000178498,1.964272480529274e-05,0.0004953870181417832
ENSG00000186314,1.9637149605607262e-05,0.00041269720178125735
ENSG00000170633,1.9591841553846675e-05,0.001534584429204231
ENSG00000113368,1.956328882655936e-05,0.0005811134072612195
ENSG00000138688,1.955866398151923e-05,0.0006052026860982024
ENSG00000133704,1.9540564586619338e-05,0.0003699107810623909
ENSG00000130590,1.9512512332974685e-05,0.000816067568428599
ENSG00000163935,1.951086811924877e-05,0.0006629095268592012
ENSG00000196083,1.9501170002928833e-05,0.00047348418036203687
ENSG00000171307,1.9493154654933175e-05,0.0006501141453430281
ENSG00000145354,1.9489646516861933e-05,0.0007799928705680488
ENSG00000125246,1.9487572314161386e-05,0.0009586116335596404
ENSG00000144647,1.946531052299513e-05,0.0007510795155038971
ENSG00000138030,1.9458338387488107e-05,0.0005315395032226947
ENSG00000128641,1.9438359389492537e-05,0.0008155751615855449
ENSG00000185499,1.9427361308957124e-05,0.000434651940149111
ENSG00000169093,1.9425695943491114e-05,0.00058408737397056
ENSG00000136247,1.940574887729808e-05,0.0005435689206751726
ENSG00000110721,1.9399474314290303e-05,0.0004867161365257483
ENSG00000132530,1.9350110808679462e-05,0.0005391530166022026
ENSG00000120053,1.9341136181129856e-05,0.0003439327851924075
ENSG00000141524,1.9332049387730116e-05,0.00046908692147569985
ENSG00000110660,1.9299515246035422e-05,0.0006106386074412213
ENSG00000154265,1.927980157381445e-05,0.0012065122268021685
ENSG00000148572,1.9267790848790566e-05,0.00035735047744521453
ENSG00000155660,1.9258936224359537e-05,0.0007009206998572055
ENSG00000104695,1.9251075847204574e-05,0.0007444903159617756
ENSG00000085365,1.9245776518431827e-05,0.0005639028924343105
ENSG00000291237,1.9232786518451142e-05,0.0007089401351425793
ENSG00000123178,1.921749066784508e-05,0.0005374221797188368
ENSG00000128394,1.919929991074723e-05,0.0006193201336489893
ENSG00000100350,1.9184186872325578e-05,0.0006494798159246213
ENSG00000107014,1.918414576293954e-05,0.0007903344471269523
ENSG00000109016,1.9169378459061696e-05,0.000507616756347849
ENSG00000236104,1.9142069822465095e-05,0.0006627940044365661
ENSG00000204920,1.913323427178114e-05,0.000627608660867039
ENSG00000107021,1.9121807924728982e-05,0.0006815927091614894
ENSG00000178381,1.910941327269403e-05,0.0004224376301288291
ENSG00000145390,1.9077750601816352e-05,0.0008438613162981008
ENSG00000128965,1.906618428949343e-05,0.00035508268658971775
ENSG00000070413,1.9053608799070576e-05,0.0007818667885503924
ENSG00000010404,1.9045798432543315e-05,0.0006629946646689069
ENSG00000255112,1.902778143234866e-05,0.0005028253252885096
ENSG00000128578,1.9023394675477203e-05,0.000774561176283434
ENSG00000187193,1.9023225513626904e-05,0.0004924146317113712
ENSG00000177932,1.9020337639502736e-05,0.00043499928761714596
ENSG00000221909,1.9016062226136745e-05,0.0005867000664983753
ENSG00000170365,1.9014035800704003e-05,0.0036828469371216685
ENSG00000196914,1.9011420661187143e-05,0.00045666440837198967
ENSG00000170234,1.9005676853827718e-05,0.00074930507203216
ENSG00000107614,1.9001719137311285e-05,0.0007608716182552436
ENSG00000105875,1.8972070642596675e-05,0.00036660753565654296
ENSG00000133069,1.897158529395607e-05,0.0006054850910331201
ENSG00000179598,1.893715767848918e-05,0.0005337671514307954
ENSG00000239282,1.8931886351664918e-05,0.0006436243433889991
ENSG00000121390,1.8924158166449424e-05,0.0004442958298041823
ENSG00000173327,1.8921984074071153e-05,0.00038518655019445237
ENSG00000185963,1.88837889146398e-05,0.0004496826422057055
ENSG00000149577,1.8855054923188635e-05,0.0007587991943387703
ENSG00000213585,1.88492572444283e-05,0.001402794953621025
ENSG00000187189,1.884517389427236e-05,0.0007254294583752278
ENSG00000111266,1.8842839715290435e-05,0.0008564101441332452
ENSG00000187626,1.884261519212274e-05,0.0007740948124730346
ENSG00000141933,1.882921285521944e-05,0.0004955588890848967
ENSG00000113597,1.880634341866423e-05,0.0007085237530871417
ENSG00000163138,1.879727305168191e-05,0.000454729015265242
ENSG00000141084,1.879050667062235e-05,0.00045928173007973606
ENSG00000168564,1.8787254310727904e-05,0.0008856314020418495
ENSG00000181218,1.8757420412932674e-05,0.0006302943513105339
ENSG00000173611,1.87555787024558e-05,0.0003887160161505596
ENSG00000123427,1.8731563349373932e-05,0.0012998729027989217
ENSG00000144043,1.8724950080463774e-05,0.0005741404444224825
ENSG00000138449,1.872468269262951e-05,0.0007588679518430669
ENSG00000181649,1.871130860714205e-05,0.000603822692694342
ENSG00000120709,1.8698330022707722e-05,0.0009556191834459094
ENSG00000147364,1.8679357838417015e-05,0.0007524289871317838
ENSG00000147649,1.8677594351039035e-05,0.0007169994395120839
ENSG00000135976,1.867540899711193e-05,0.0004561480266128585
ENSG00000174840,1.866737412893457e-05,0.0004751235273572895
ENSG00000164244,1.865246691957315e-05,0.00042975575801566655
ENSG00000204186,1.8622974635833752e-05,0.0005151117124969041
ENSG00000130589,1.8605731049943924e-05,0.0005695393220668715
ENSG00000133731,1.8568809091903673e-05,0.000679216952230573
ENSG00000147010,1.856563349430345e-05,0.002269165264310248
ENSG00000107669,1.8564762219348934e-05,0.00041834407672432
ENSG00000130449,1.8542079210338734e-05,0.0004856730058416852
ENSG00000114302,1.8530427553797807e-05,0.0003183407745965951
ENSG00000042286,1.85302665851681e-05,0.0007752290974133019
ENSG00000112425,1.8528265832172535e-05,0.0006455948428005895
ENSG00000143507,1.8522263774207076e-05,0.0003528691139895738
ENSG00000181104,1.8513247698070575e-05,0.0008410022612500836
ENSG00000007312,1.850625947273365e-05,0.0007071380005436278
ENSG00000132199,1.8504158329681456e-05,0.0007336023155862224
ENSG00000104341,1.8497969724569337e-05,0.0006588802349503891
ENSG00000140391,1.8493830314793477e-05,0.0003701637057041395
ENSG00000092871,1.847363859396877e-05,0.0007001017397514288
ENSG00000143315,1.843162814853939e-05,0.000499488937745794
ENSG00000137101,1.842901068901547e-05,0.0005258795025078477
ENSG00000104290,1.842530577934116e-05,0.000721141237524767
ENSG00000211584,1.8416046102583283e-05,0.0004815151550665815
ENSG00000253276,1.841471683636789e-05,0.0005033077526413363
ENSG00000158158,1.8414281138876065e-05,0.0003742006363551026
ENSG00000089041,1.8413380530295925e-05,0.00046505311327738524
ENSG00000143653,1.8405717999627907e-05,0.000710052836214571
ENSG00000166135,1.835018520455033e-05,0.00085580353657708
ENSG00000140678,1.8344223373151873e-05,0.0004985689632891463
ENSG00000185950,1.8337880450389815e-05,0.0006082982232353047
ENSG00000134490,1.8327135290475206e-05,0.000909220766259019
ENSG00000152642,1.8316895078526507e-05,0.0003504969217006991
ENSG00000220205,1.8311280808664707e-05,0.00035107487861117583
ENSG00000198556,1.830992177965768e-05,0.000561384325106173
ENSG00000183718,1.8307699978223075e-05,0.000415324405077977
ENSG00000161048,1.8292631912717282e-05,0.00045768793214913796
ENSG00000118873,1.8291055138940182e-05,0.00046204591956463913
ENSG00000078269,1.8281845255758215e-05,0.0006850713179399742
ENSG00000174238,1.826113728133414e-05,0.0007122075877166339
ENSG00000177181,1.824525854147051e-05,0.00026571461124470807
ENSG00000117479,1.8236425928319777e-05,0.0005085514143641011
ENSG00000100979,1.8231621833581994e-05,0.000450719458624673
ENSG00000135441,1.8217917557129216e-05,0.0009279232069907019
ENSG00000162869,1.8216405042303347e-05,0.000932108578065677
ENSG00000126012,1.820893759038361e-05,0.0010130395176227622
ENSG00000130827,1.8203954939161026e-05,0.0004264611424220893
ENSG00000152193,1.8203257112617785e-05,0.0006254384532393529
ENSG00000197948,1.8190448817307487e-05,0.0004949899838499877
ENSG00000144048,1.8173201920670004e-05,0.0003816653333985947
ENSG00000110090,1.8172450276478587e-05,0.0007461569183421805
ENSG00000135535,1.816774463746878e-05,0.000881762532984415
ENSG00000115274,1.816475765531451e-05,0.0011201551360190863
ENSG00000105948,1.8164541297061523e-05,0.0007155459978546768
ENSG00000164221,1.8157775159782366e-05,0.0004576187254327512
ENSG00000101464,1.813198287099377e-05,0.0005227491651502193
ENSG00000140265,1.8131042106138905e-05,0.0007426911113197596
ENSG00000123992,1.8127189618618202e-05,0.0007354252667599863
ENSG00000168301,1.8124220539481308e-05,0.0005802587686810567
ENSG00000111671,1.8122370546294732e-05,0.00191672658026943
ENSG00000188243,1.811892746662188e-05,0.0006409678691945811
ENSG00000131398,1.8094086481382033e-05,0.0009386362837291253
ENSG00000100580,1.809117497733535e-05,0.00036321150685310056
ENSG00000117419,1.8086099239495757e-05,0.0005296115253645287
ENSG00000008513,1.8083023382458482e-05,0.0009456881264655076
ENSG00000047579,1.807786032991708e-05,0.00046330457860202496
ENSG00000198885,1.8073856201058276e-05,0.0006723328022263755
ENSG00000164897,1.8070867106388798e-05,0.00033225557118490634
ENSG00000004534,1.806250970393289e-05,0.0005344282922612035
ENSG00000135048,1.805531008072213e-05,0.00047759169680316966
ENSG00000151353,1.8047129812618735e-05,0.0003648046936255958
ENSG00000197381,1.804396176897574e-05,0.0007157266797821907
ENSG00000237172,1.8041044862175067e-05,0.0007092253623289285
ENSG00000165806,1.80352908676675e-05,0.0006493206379146278
ENSG00000121957,1.803458654958732e-05,0.0007081103524012839
ENSG00000154146,1.8024638783493652e-05,0.0004628239032740554
ENSG00000138182,1.7999658235901896e-05,0.0005112823687100162
ENSG00000115282,1.7992375378467798e-05,0.000631606105870413
ENSG00000083937,1.7987377427425646e-05,0.0004062163702942707
ENSG00000091009,1.79612780746327e-05,0.0013532003670179737
ENSG00000133104,1.7921060149539182e-05,0.00046173774929702757
ENSG00000172315,1.7913310521088605e-05,0.001406971750457023
ENSG00000106070,1.7908113243210746e-05,0.00040190200791263635
ENSG00000139197,1.7902827071380864e-05,0.0010074874455569959
ENSG00000109861,1.79022531957347e-05,0.0009618201882154009
ENSG00000068885,1.7901348720235753e-05,0.0007645769867989515
ENSG00000174953,1.7901058319921534e-05,0.005115914444460612
ENSG00000068383,1.787720423157312e-05,0.0003441978530316298
ENSG00000176485,1.7845761206690125e-05,0.0006836650778534959
ENSG00000004975,1.7821024596857087e-05,0.0006444360670474522
ENSG00000166446,1.7820575495055926e-05,0.00037337983169122063
ENSG00000134594,1.7812260565959283e-05,0.002798662436419849
ENSG00000171700,1.7810186605132493e-05,0.00042990820251146057
ENSG00000101367,1.7809183761905085e-05,0.0004870056501650877
ENSG00000168763,1.7793249807288605e-05,0.0007752216734409215
ENSG00000179029,1.7776391187089216e-05,0.0004452657235583749
ENSG00000130958,1.7769741097415486e-05,0.0004786096764297403
ENSG00000108771,1.775706366049171e-05,0.0004502672904055899
ENSG00000083444,1.7749468662766912e-05,0.0007321415076544597
ENSG00000177352,1.7748791202969464e-05,0.0007460162546309107
ENSG00000065243,1.7747289530758036e-05,0.0004099395681774733
ENSG00000165275,1.7734643899825518e-05,0.0003721648870896832
ENSG00000111897,1.7725234672529965e-05,0.0003708449312495755
ENSG00000130363,1.7724782112019837e-05,0.0010126957278517685
ENSG00000126860,1.771846033042419e-05,0.00040299914404876854
ENSG00000161618,1.771537855845599e-05,0.0006771016362046077
ENSG00000165983,1.771485936301575e-05,0.00037857853111072074
ENSG00000180479,1.7706724750774632e-05,0.0015047733737838177
ENSG00000164253,1.7684442261829883e-05,0.00044158793639434066
ENSG00000235863,1.7682172968136082e-05,0.0005442689520968227
ENSG00000125648,1.7681654917722165e-05,0.0005924482326762235
ENSG00000109572,1.767305501566381e-05,0.0004208933964650821
ENSG00000173230,1.76655043626923e-05,0.0005748540857174697
ENSG00000109189,1.7653825963320917e-05,0.00047590273515926815
ENSG00000100744,1.7645167136087337e-05,0.00033321191246420503
ENSG00000189077,1.7628049285290213e-05,0.00042721173890239656
ENSG00000196329,1.7624336875117234e-05,0.0005541681988959125
ENSG00000100526,1.762301819083467e-05,0.00047164323177240953
ENSG00000125611,1.7622797015815225e-05,0.0004330314665725785
ENSG00000130227,1.7621458877674743e-05,0.00034476832826127056
ENSG00000144445,1.7620975906834542e-05,0.0005616497520260824
ENSG00000127415,1.760743461248839e-05,0.0008236211506854043
ENSG00000117620,1.760630424570983e-05,0.0006374827010927358
ENSG00000188807,1.7606060751684686e-05,0.0003623215922034639
ENSG00000164938,1.755744865279074e-05,0.0003660444976589223
ENSG00000197037,1.7549414278433303e-05,0.0011516304161467321
ENSG00000105255,1.7538237672074604e-05,0.0005391655563957514
ENSG00000178922,1.7531779588851775e-05,0.0004773698842091685
ENSG00000174669,1.753006862213869e-05,0.0007247829442946636
ENSG00000166347,1.752075700941108e-05,0.0003834827780870638
ENSG00000066651,1.7516220843070508e-05,0.00045924353586828304
ENSG00000116299,1.7494019177210186e-05,0.000862554642928076
ENSG00000092978,1.7491493595140593e-05,0.0005781325202012272
ENSG00000163956,1.7478839378253292e-05,0.0005172262502975719
ENSG00000184887,1.7471284024425956e-05,0.0003273745335910397
ENSG00000105556,1.745027273319795e-05,0.0004281943755172228
ENSG00000104691,1.744881866326477e-05,0.0005865795245487066
ENSG00000142208,1.7447183167386522e-05,0.0008447327845846731
ENSG00000112357,1.744704761542185e-05,0.000769030064355613
ENSG00000184988,1.743972968435343e-05,0.00040675306082591395
ENSG00000137507,1.7437010515276068e-05,0.0014382941615924804
ENSG00000113068,1.742641565846761e-05,0.000396601642113701
ENSG00000111676,1.7424881310609727e-05,0.000529119497679477
ENSG00000170017,1.7421677080270202e-05,0.0006137222247640113
ENSG00000162980,1.740694436695737e-05,0.0005538145158226302
ENSG00000120647,1.740293153452517e-05,0.0009093068184929546
ENSG00000055163,1.7402841220629305e-05,0.000783607136753562
ENSG00000130830,1.739653023590187e-05,0.0003474129195357508
ENSG00000136108,1.7384434407005086e-05,0.0013056141920497492
ENSG00000142089,1.7379342342343412e-05,0.0006684196162781329
ENSG00000241360,1.7376718501285775e-05,0.0004719548766939287
ENSG00000116704,1.7354890779428752e-05,0.0003354208134710706
ENSG00000143971,1.7353262515496735e-05,0.0005416771677934761
ENSG00000135686,1.7343917044109893e-05,0.00043275528759845617
ENSG00000128915,1.7342297673447755e-05,0.0011606627751979477
ENSG00000127540,1.732880171666231e-05,0.0004993462084344937
ENSG00000155158,1.7321953697118523e-05,0.0004400553926576636
ENSG00000149658,1.7309742976455285e-05,0.0008096397178498947
ENSG00000198736,1.7295246891240477e-05,0.0005552310482502144
ENSG00000145332,1.7293535176081184e-05,0.0006521702846738279
ENSG00000052841,1.728469931419605e-05,0.0009140010369900046
ENSG00000150764,1.727506298488773e-05,0.00048179690392857613
ENSG00000174165,1.7273053349186148e-05,0.0005230315862065188
ENSG00000267041,1.726960089306056e-05,0.0011297119005878
ENSG00000106443,1.7267076266272895e-05,0.00062430803758626
ENSG00000121895,1.723504307927084e-05,0.00040789119679833106
ENSG00000137880,1.7234494380440284e-05,0.0003112440352683506
ENSG00000137449,1.722957458972557e-05,0.000478338576449389
ENSG00000151743,1.7227245041192628e-05,0.0005218593820324753
ENSG00000113658,1.7221612898150926e-05,0.00043549278860626796
ENSG00000102755,1.7201922151923107e-05,0.0005982104983631941
ENSG00000104853,1.719571063733837e-05,0.00031115237010175136
ENSG00000183696,1.719349841272183e-05,0.0005682360465784573
ENSG00000156711,1.719327069655771e-05,0.00034246400377762573
ENSG00000183486,1.7192651480195847e-05,0.0006863361094298606
ENSG00000166169,1.7192157149492117e-05,0.00038950535847448063
ENSG00000310560,1.718386691990467e-05,0.0005433804631483946
ENSG00000105856,1.71828435867637e-05,0.001898402624172817
ENSG00000184752,1.7175083687847665e-05,0.0004884356032636812
ENSG00000140443,1.7173818783120917e-05,0.00046916859343961543
ENSG00000082512,1.7157303676446035e-05,0.000315775957111804
ENSG00000102098,1.71511972039123e-05,0.0008527489717714209
ENSG00000184831,1.715102302213384e-05,0.000454989298166057
ENSG00000086102,1.7143212541446172e-05,0.00032859841428071654
ENSG00000065060,1.713028343305731e-05,0.0006261955199528111
ENSG00000110697,1.7126477301650374e-05,0.0003595589035583988
ENSG00000101079,1.711418737521462e-05,0.0006999757487275439
ENSG00000136854,1.711156261275728e-05,0.0007932890141865369
ENSG00000089022,1.710363159535988e-05,0.00060744684551004
ENSG00000179841,1.7101469732145075e-05,0.0004486766923976251
ENSG00000109689,1.7098987546806694e-05,0.00045172519463717545
ENSG00000102753,1.7098418370184577e-05,0.0005709812198037281
ENSG00000173597,1.7087311319855868e-05,0.0005065200955359226
ENSG00000141258,1.7079391985371723e-05,0.000839631064924834
ENSG00000142556,1.7066756380881674e-05,0.0005931395856580556
ENSG00000111269,1.7056244586197508e-05,0.0005475158298066874
ENSG00000122085,1.704394974425782e-05,0.0005452353096052556
ENSG00000100258,1.7041435396302333e-05,0.0004566852504996402
ENSG00000136111,1.704120189990257e-05,0.0006932932732249874
ENSG00000086619,1.704060128045358e-05,0.00043866605845590406
ENSG00000151729,1.7034861798482274e-05,0.0004757277665024753
ENSG00000174485,1.702625663131114e-05,0.0003019133243028476
ENSG00000175224,1.702572195941694e-05,0.00060405000074492
ENSG00000135392,1.701726014259579e-05,0.0007228807892962444
ENSG00000141295,1.698687293510051e-05,0.0006412662453512537
ENSG00000136169,1.6984827274868694e-05,0.0005637376393089995
ENSG00000125962,1.6963105660055578e-05,0.0005175127042710459
ENSG00000239305,1.695705105913537e-05,0.00037619574872784444
ENSG00000115525,1.6953657004351417e-05,0.00037977110551641423
ENSG00000113070,1.6947700351883555e-05,0.0004281140900152221
ENSG00000114054,1.6947063033159942e-05,0.0003965934269571829
ENSG00000256771,1.6942669201088564e-05,0.0005850904069819394
ENSG00000221988,1.6934528800440845e-05,0.0004905139124995103
ENSG00000112305,1.693015978348509e-05,0.0005692036462957632
ENSG00000173456,1.6918468546236535e-05,0.0006096755226980431
ENSG00000130766,1.6918356986698865e-05,0.00047289498184696535
ENSG00000160200,1.6911488026571115e-05,0.00036825688534035676
ENSG00000135587,1.6907370968601214e-05,0.00042324873288284944
ENSG00000086598,1.688287186482521e-05,0.001147057605813833
ENSG00000165359,1.6871571538792566e-05,0.0006106083806319484
ENSG00000054523,1.687030544961169e-05,0.0003947477725135885
ENSG00000198824,1.68598737409874e-05,0.0005901847486003695
ENSG00000135912,1.6859643819195434e-05,0.0004285898687356395
ENSG00000125245,1.6852760068376416e-05,0.0006161525201782686
ENSG00000123080,1.684087088157533e-05,0.0007455316289208878
ENSG00000124120,1.6834319257472935e-05,0.0006872265306553997
ENSG00000070423,1.6820665621898733e-05,0.0003877010327262719
ENSG00000145990,1.6815523204972627e-05,0.00044903291083130126
ENSG00000079691,1.6814763808406648e-05,0.0004556394027074235
ENSG00000188641,1.679162981481678e-05,0.00037839264979983034
ENSG00000146425,1.679102810813711e-05,0.0008744502450413063
ENSG00000021574,1.6785994960789816e-05,0.0003632769615944968
ENSG00000150455,1.6780619259497056e-05,0.0006477272510564397
ENSG00000173818,1.6776678654702354e-05,0.0005790902199958715
ENSG00000168653,1.6748789486587978e-05,0.000925238192630222
ENSG00000107560,1.672582467278943e-05,0.000579326597887029
ENSG00000160972,1.6714059524979367e-05,0.00048104914115764937
ENSG00000164626,1.67038686448336e-05,0.0004135178053954131
ENSG00000179820,1.6691322674228784e-05,0.0007330944711888365
ENSG00000125703,1.6688045613864157e-05,0.00042507719731911433
ENSG00000174996,1.668739418842494e-05,0.00037882589529873473
ENSG00000079257,1.6682304948690035e-05,0.0004423923063561611
ENSG00000118217,1.6640218304060626e-05,0.002424119593717637
ENSG00000157625,1.663907496865563e-05,0.0005875383158886994
ENSG00000141179,1.6629717238248566e-05,0.0008118083248618343
ENSG00000125875,1.6621477089890545e-05,0.0003480529249155067
ENSG00000162065,1.661382693549738e-05,0.0006720915698134699
ENSG00000068354,1.6604025537943097e-05,0.0004759151616558676
ENSG00000196358,1.6584605225578132e-05,0.0005233677663973027
ENSG00000196597,1.6581960920560305e-05,0.0008351778549184155
ENSG00000167702,1.6575819109297933e-05,0.0007618108548959786
ENSG00000139190,1.6574851629777655e-05,0.00041992681577027825
ENSG00000100036,1.6562086497469027e-05,0.0005570809759779582
ENSG00000120756,1.6562057551936122e-05,0.0004657448401163202
ENSG00000140263,1.655144254328295e-05,0.0005412577939327073
ENSG00000115970,1.654567842444544e-05,0.000620749987345075
ENSG00000147592,1.6538105838439748e-05,0.0003918809616059836
ENSG00000189144,1.6536278765857642e-05,0.0008167721616003447
ENSG00000157827,1.652803272085696e-05,0.0007311593391389182
ENSG00000169682,1.6522864077490584e-05,0.0008857978198673515
ENSG00000177058,1.6510008552113925e-05,0.0003425031677606376
ENSG00000185527,1.650984129092748e-05,0.0008261160174534506
ENSG00000105329,1.6500509894606387e-05,0.0005440261219520217
ENSG00000198839,1.6492300613136896e-05,0.0003885156001884423
ENSG00000164088,1.648902542601183e-05,0.00040283759970619103
ENSG00000158402,1.6486896121019225e-05,0.0004965293184578555
ENSG00000115825,1.6486812005242194e-05,0.0006046150013348508
ENSG00000177311,1.64790610598021e-05,0.0007073363988165863
ENSG00000204946,1.647420423473679e-05,0.0007248485367495038
ENSG00000130714,1.646865181499803e-05,0.0006511469818054502
ENSG00000166454,1.6465190270850422e-05,0.0007607821376557009
ENSG00000124786,1.6451824024001908e-05,0.0004689159367058809
ENSG00000104312,1.6442960931529914e-05,0.0007968081716550643
ENSG00000198815,1.644261831458095e-05,0.0003780474237250757
ENSG00000157741,1.643745327301971e-05,0.0008055173684104941
ENSG00000204427,1.6436885566673015e-05,0.0006544223915154828
ENSG00000159131,1.643323281712814e-05,0.0008087580890863411
ENSG00000073150,1.6432983419785815e-05,0.0007655809460326814
ENSG00000174125,1.6423203818914957e-05,0.0006235646383843557
ENSG00000130005,1.6399388477318612e-05,0.0007768040834060692
ENSG00000105497,1.6382119558415848e-05,0.0007554485250904047
ENSG00000100324,1.6370020057367274e-05,0.00041038994139087155
ENSG00000149541,1.6368104185327828e-05,0.00032910400152504706
ENSG00000119714,1.6363352527013754e-05,0.0003443451993593728
ENSG00000110944,1.636130896085687e-05,0.0006945311351016916
ENSG00000138760,1.635806845532933e-05,0.0006368292767178134
ENSG00000169249,1.629884683117309e-05,0.0009983835895194032
ENSG00000163900,1.629189342819205e-05,0.00042229826614165373
ENSG00000164144,1.628031363504106e-05,0.0003739868112278065
ENSG00000163932,1.6272063916387407e-05,0.0003694570945568473
ENSG00000096433,1.6251859796307316e-05,0.00034213031090275645
ENSG00000068097,1.624244124157601e-05,0.0004174421421416906
ENSG00000047644,1.6238610569948614e-05,0.0016505951713021725
ENSG00000121064,1.6231704396365503e-05,0.00043164506568078804
ENSG00000106100,1.6215706072485086e-05,0.0008760298209852314
ENSG00000119650,1.6202501561523977e-05,0.0004909757223190369
ENSG00000100911,1.6189478555973502e-05,0.0005545630828440494
ENSG00000203791,1.617555306375453e-05,0.0004581241148823935
ENSG00000155893,1.617228060527651e-05,0.0005997944727611723
ENSG00000172819,1.6157551454083357e-05,0.0034549004579855444
ENSG00000104442,1.615096731269204e-05,0.0006037126822231933
ENSG00000196428,1.6147602683014087e-05,0.0009641862409335607
ENSG00000126803,1.614063177206623e-05,0.0004173767085003361
ENSG00000171408,1.613713087129126e-05,0.00043820112945634
ENSG00000198417,1.609703989631841e-05,0.0011492553585025693
ENSG00000213762,1.6086161232006914e-05,0.00046090355009114904
ENSG00000128683,1.6081524435093944e-05,0.0007294589164083044
ENSG00000134202,1.6068934059981385e-05,0.0007790928437672073
ENSG00000137404,1.6059134049898477e-05,0.0004599400715712768
ENSG00000170469,1.6052714988822567e-05,0.0009188200313335964
ENSG00000144659,1.6051209208906783e-05,0.000716415521150561
ENSG00000100450,1.604558718718099e-05,0.00043242134673191564
ENSG00000126070,1.6040801213438117e-05,0.00043526126280227164
ENSG00000177663,1.602786310806868e-05,0.00034796439877932725
ENSG00000114026,1.602451367867325e-05,0.0003598205354971134
ENSG00000175806,1.6023882023241325e-05,0.00040695084555438194
ENSG00000148335,1.6022158834219242e-05,0.0006392424944613066
ENSG00000197892,1.6009937554315703e-05,0.0006232484451219719
ENSG00000085491,1.6009493866847315e-05,0.0007087402108986959
ENSG00000147166,1.599641422331244e-05,0.00044043822641963036
ENSG00000013563,1.5996263580507142e-05,0.0007063790890716483
ENSG00000167985,1.5961786177526862e-05,0.0006545985120526095
ENSG00000111331,1.594009490146736e-05,0.0006331078115168018
ENSG00000136738,1.5928158589163554e-05,0.000338609470118371
ENSG00000180376,1.5912473878231305e-05,0.00043550275963853723
ENSG00000179051,1.58871752973161e-05,0.00042349609395314635
ENSG00000163541,1.5882318534189658e-05,0.0009099446554038966
ENSG00000183665,1.588225088558035e-05,0.0007880748718688766
ENSG00000124596,1.5875321419971652e-05,0.0003769786974263091
ENSG00000103966,1.587038429403705e-05,0.0003697933024661228
ENSG00000162600,1.586326014730201e-05,0.0008756895107210562
ENSG00000079150,1.586300026082339e-05,0.0007657606626798915
ENSG00000138660,1.5862723865558394e-05,0.00034763961935089366
ENSG00000148384,1.5860983722906936e-05,0.0005721242503232649
ENSG00000103174,1.5841044420848767e-05,0.0006433663052402931
ENSG00000135632,1.5800774424591828e-05,0.000606059120891467
ENSG00000185361,1.579957561582557e-05,0.00041553126698314996
ENSG00000105647,1.579805363454251e-05,0.0003686897965721713
ENSG00000158691,1.5795809225512758e-05,0.000497024754854237
ENSG00000164039,1.578416002986577e-05,0.0005568537269628294
ENSG00000137700,1.577697414075325e-05,0.00037733287046998675
ENSG00000049245,1.577469658838366e-05,0.00032480644456517137
ENSG00000108256,1.5762339424094584e-05,0.0007763786738069741
ENSG00000037757,1.5761930264165654e-05,0.0006565895251572536
ENSG00000186854,1.576038019920549e-05,0.0004246523489890257
ENSG00000145022,1.575903128726491e-05,0.0006072146107429068
ENSG00000068366,1.5751825724240067e-05,0.0004825156563694332
ENSG00000167770,1.5737326036507225e-05,0.0007997786714733013
ENSG00000164751,1.573328730152546e-05,0.0006870089021076698
ENSG00000188313,1.5720160392823614e-05,0.0006705040392069391
ENSG00000145287,1.5707194524290756e-05,0.0007357936128433474
ENSG00000100592,1.57001725554599e-05,0.0004647489094736138
ENSG00000125656,1.5683648560914096e-05,0.0012171851058424036
ENSG00000128694,1.56631711067593e-05,0.0005552979687085326
ENSG00000149269,1.563047565741411e-05,0.002866552021603046
ENSG00000108984,1.5618370530744882e-05,0.00047511546055887285
ENSG00000138756,1.5611572295080856e-05,0.0006085473312957147
ENSG00000136874,1.5609468143567174e-05,0.0007615899686260581
ENSG00000162076,1.5609156432528246e-05,0.00036563589865493606
ENSG00000085224,1.560868393880942e-05,0.0017754001443492978
ENSG00000196172,1.560536833424963e-05,0.000711408326614791
ENSG00000149970,1.5604661219522544e-05,0.0006221798627818785
ENSG00000176715,1.559951482773831e-05,0.0005108631177061686
ENSG00000023909,1.559083456295377e-05,0.0003874020137173917
ENSG00000128708,1.5584234336238343e-05,0.0006027963751446992
ENSG00000002834,1.5576830390368946e-05,0.0005238335299665379
ENSG00000002549,1.5561192757917164e-05,0.0004161497443372407
ENSG00000136811,1.554246182341254e-05,0.0003206182854282314
ENSG00000174775,1.5540480388877654e-05,0.0008018183475483469
ENSG00000125945,1.5540224245480864e-05,0.0005840896081266033
ENSG00000137563,1.553942521861567e-05,0.000345752232130455
ENSG00000138641,1.5531724485062736e-05,0.0003963665044923252
ENSG00000175198,1.5528830464501774e-05,0.0004896813180206728
ENSG00000147202,1.552617317739182e-05,0.000317727339250767
ENSG00000179163,1.5520220203488677e-05,0.0004849898679660817
ENSG00000167414,1.5499735562360457e-05,0.00042161286442055903
ENSG00000149257,1.5497741909984993e-05,0.0008547578394388316
ENSG00000114107,1.549526795057968e-05,0.00037320020902102127
ENSG00000109670,1.54799526518311e-05,0.0009253189079711072
ENSG00000187713,1.5472493633612827e-05,0.0004684720069415421
ENSG00000182197,1.546212985076653e-05,0.0009868850489700197
ENSG00000181019,1.544473361814851e-05,0.0006938746490485913
ENSG00000132661,1.5439759914528184e-05,0.001550639652449231
ENSG00000151576,1.5436565740895214e-05,0.00038835674111558987
ENSG00000145740,1.543515087230492e-05,0.00030343445606521554
ENSG00000166484,1.541129934001241e-05,0.0007395004652882866
ENSG00000166821,1.5408576037992793e-05,0.000512082504453884
ENSG00000213614,1.540800646689648e-05,0.0003899482282240163
ENSG00000133561,1.5406732802736096e-05,0.0005361119673274039
ENSG00000184939,1.5401028239381533e-05,0.00042740436740729907
ENSG00000134250,1.539760454327846e-05,0.0006147840515758102
ENSG00000136720,1.5395647305854335e-05,0.0005593288582535164
ENSG00000186815,1.5383051051097924e-05,0.0005553756701439787
ENSG00000128791,1.538183040413446e-05,0.0009619825367340801
ENSG00000158882,1.5372487457830656e-05,0.0003501195769379552
ENSG00000166401,1.5369531477014282e-05,0.00043204333530975377
ENSG00000120659,1.5363554098109225e-05,0.0007677597517117237
ENSG00000102226,1.536067318636378e-05,0.000470924795925772
ENSG00000166333,1.5353524570644894e-05,0.0010730373107040467
ENSG00000188419,1.5309191585933714e-05,0.0003800900420446561
ENSG00000169692,1.5294659611645814e-05,0.0007057355962225138
ENSG00000175279,1.5293133876487313e-05,0.0006475626360981417
ENSG00000161179,1.5259352475139846e-05,0.0006709432090807421
ENSG00000151929,1.5242480373586872e-05,0.0007520146874762496
ENSG00000010803,1.5240120839544857e-05,0.0005870447653882941
ENSG00000106683,1.5231950304427901e-05,0.0003513386022028156
ENSG00000177628,1.5215575915224782e-05,0.0006881864567676916
ENSG00000138028,1.5209664298852581e-05,0.00041752440325057064
ENSG00000153827,1.5202925026791164e-05,0.004426149268336924
ENSG00000135828,1.519302062114e-05,0.0006292869645969416
ENSG00000271601,1.5170179359012348e-05,0.0008361469041239248
ENSG00000167785,1.5158858064814268e-05,0.00037898368598001357
ENSG00000099810,1.5156668786176763e-05,0.0004644650683111179
ENSG00000166987,1.5152877757033832e-05,0.0004752653769982317
ENSG00000244274,1.5147000991622002e-05,0.000636836899219847
ENSG00000147443,1.5143865185149773e-05,0.0010422534208222292
ENSG00000197417,1.5139939576917902e-05,0.0006721191762471446
ENSG00000140743,1.5139549438854521e-05,0.0004044185322958336
ENSG00000171100,1.5121646264570457e-05,0.00048363606528032294
ENSG00000179387,1.5104562773702378e-05,0.0003235574031123064
ENSG00000152056,1.5101948890401884e-05,0.0005572957229876866
ENSG00000165512,1.5097666972510605e-05,0.0003131797931337221
ENSG00000152582,1.5096246697898886e-05,0.0007709811733770276
ENSG00000101052,1.5078856751390485e-05,0.0004423447316636598
ENSG00000163041,1.5077744118028366e-05,0.0019937191730609394
ENSG00000171298,1.5077074761048675e-05,0.0007042509756926566
ENSG00000106261,1.506800462305881e-05,0.000664859339449961
ENSG00000130544,1.506800378704475e-05,0.0006689684631248433
ENSG00000088812,1.50566939328467e-05,0.00035176795087368633
ENSG00000163703,1.5055580586165074e-05,0.0008468414058113002
ENSG00000111554,1.504483546327434e-05,0.00043345028079793996
ENSG00000117020,1.5042806178308153e-05,0.0008362461448983844
ENSG00000142546,1.5035679660216519e-05,0.0005455055102033325
ENSG00000123552,1.5035037879154107e-05,0.00039555890417792265
ENSG00000175764,1.5028937199644569e-05,0.0010779414569871886
ENSG00000177888,1.5024666234531401e-05,0.0003939952665779435
ENSG00000130299,1.5021882218514895e-05,0.0004502962090352823
ENSG00000116106,1.5014762423224044e-05,0.0007058640977996096
ENSG00000197050,1.5014202629771513e-05,0.0004529415162711104
ENSG00000117560,1.5014183478391145e-05,0.0008305730167513666
ENSG00000138942,1.5011231149604876e-05,0.0006735775985850698
ENSG00000070761,1.5007165044073296e-05,0.0018393640644775347
ENSG00000065970,1.499277558326397e-05,0.0006201677187842209
ENSG00000138434,1.4972292916364009e-05,0.00033981926117006837
ENSG00000103248,1.4966758661142655e-05,0.0003658281316047518
ENSG00000064726,1.49596566193183e-05,0.0008891506286941378
ENSG00000273749,1.4958044917725563e-05,0.0007180792223505845
ENSG00000169118,1.495489550071068e-05,0.0007152702137870802
ENSG00000138709,1.4954322890654036e-05,0.0003944007247000788
ENSG00000105341,1.49506681005411e-05,0.0007990387501212609
ENSG00000146243,1.4945416470741127e-05,0.0009242331650599403
ENSG00000169131,1.4944896186440553e-05,0.0004130283907535868
ENSG00000150093,1.4935114680389234e-05,0.0006942826355711086
ENSG00000023572,1.492541615746568e-05,0.0003505677519080991
ENSG00000074054,1.4922493345023972e-05,0.0006760060037465459
ENSG00000163867,1.4918208474849629e-05,0.0004277438690797428
ENSG00000185219,1.4879808033787793e-05,0.00040553743751212075
ENSG00000120662,1.4879556009869704e-05,0.000387342741643672
ENSG00000184384,1.4877515438748486e-05,0.0006783129014196933
ENSG00000163535,1.4869837285352204e-05,0.00041658069587583433
ENSG00000242802,1.4868952383500784e-05,0.000329573453848554
ENSG00000155755,1.4839399530939692e-05,0.0007689896753351413
ENSG00000134070,1.4837386150929672e-05,0.00045077818969720086
ENSG00000112561,1.4836251317648424e-05,0.0007694915005471788
ENSG00000136021,1.4832598390143432e-05,0.00031972312523914376
ENSG00000134897,1.4830978258641411e-05,0.0005307262669156076
ENSG00000141068,1.481411664618065e-05,0.0008425395030948014
ENSG00000188732,1.4812329179099158e-05,0.0005423116781153791
ENSG00000166016,1.4797350061210736e-05,0.00041972471473547323
ENSG00000159082,1.4760862026143237e-05,0.00045042055848784206
ENSG00000178229,1.474108058120981e-05,0.00044757290327913744
ENSG00000182628,1.473965673713903e-05,0.0010451078138903392
ENSG00000134970,1.4730532134799129e-05,0.00045105570409704104
ENSG00000139437,1.472509750244565e-05,0.000427300364559125
ENSG00000120129,1.4682806344186838e-05,0.0011674504083773222
ENSG00000105662,1.4681062964521445e-05,0.0006340890260589376
ENSG00000118707,1.4679133168787757e-05,0.0007076988278600793
ENSG00000130038,1.4669383416018105e-05,0.00045017212013438403
ENSG00000197535,1.4661242411446115e-05,0.00040215480095768787
ENSG00000148925,1.4651073512581036e-05,0.00041673860783626883
ENSG00000163281,1.4647255975075121e-05,0.0008528798950320335
ENSG00000133597,1.4645538675983249e-05,0.00048015811850588095
ENSG00000090863,1.464505796442643e-05,0.00029470033909116856
ENSG00000100364,1.4644221427609161e-05,0.0005520460771069606
ENSG00000125520,1.4644028978188471e-05,0.00047110468387865165
ENSG00000132017,1.4633934791546826e-05,0.0004259817261996196
ENSG00000011243,1.4610351578371297e-05,0.0002606726232827612
ENSG00000179152,1.460054571488798e-05,0.0006004158293732427
ENSG00000197696,1.4589819949142179e-05,0.0008016427354100614
ENSG00000122481,1.4585238404776452e-05,0.0006993324144321702
ENSG00000165675,1.4575340842558877e-05,0.0004632829713335791
ENSG00000164236,1.4567737051292914e-05,0.00035949132795355594
ENSG00000134278,1.4564242226584922e-05,0.0007283170792182941
ENSG00000162433,1.4553643066616902e-05,0.0005925796163185499
ENSG00000059378,1.4543960294115473e-05,0.0003759455400978174
ENSG00000165572,1.4540443181356159e-05,0.0004946665398033463
ENSG00000124171,1.4539090192780859e-05,0.0007563313968589366
ENSG00000100239,1.4538498829008899e-05,0.0007302423860160883
ENSG00000088179,1.4538204291425269e-05,0.0007545116624154796
ENSG00000138646,1.452433687967237e-05,0.000779106186504049
ENSG00000271303,1.4516393925524917e-05,0.0007162637155868952
ENSG00000118369,1.4508599616059256e-05,0.0004082028112406857
ENSG00000171840,1.4506880428579017e-05,0.00042836680859011133
ENSG00000059758,1.4499607936538699e-05,0.0004990646971672782
ENSG00000196152,1.448224133917802e-05,0.00045148650718991433
ENSG00000163050,1.4474746168013357e-05,0.0006421108282457432
ENSG00000188021,1.4462071239946967e-05,0.0004639065655699844
ENSG00000140030,1.445997846029163e-05,0.0004778270744286065
ENSG00000198832,1.4445098183265086e-05,0.0004479464656752134
ENSG00000178537,1.44292810281978e-05,0.0005473773185109429
ENSG00000105287,1.4418335367062866e-05,0.001266589597215834
ENSG00000124570,1.4418007979349469e-05,0.00040968373881624114
ENSG00000114739,1.44173020134392e-05,0.0007428613865581759
ENSG00000085978,1.4414898108362703e-05,0.0007685900367725772
ENSG00000128595,1.4407492252832223e-05,0.0004101168035124075
ENSG00000160117,1.4393351608994147e-05,0.0008510739032460435
ENSG00000117533,1.4390404056894645e-05,0.0003282153480377458
ENSG00000122417,1.4384054323266424e-05,0.00047772426234002726
ENSG00000186010,1.4377764881390489e-05,0.001013817106942441
ENSG00000186448,1.4375286424968918e-05,0.0007888857079498713
ENSG00000096092,1.4364004272834777e-05,0.0006167394967361307
ENSG00000152749,1.4336295508118893e-05,0.00043083324860990744
ENSG00000014824,1.4324994258258866e-05,0.00047307319993234354
ENSG00000148175,1.4322101873508743e-05,0.002014140274272375
ENSG00000137343,1.4319523875931279e-05,0.0005065092061299337
ENSG00000181804,1.4310277945029743e-05,0.0004840293331472255
ENSG00000261115,1.4305161683634476e-05,0.00044014773679198154
ENSG00000173960,1.4302771808870412e-05,0.0003327620851837545
ENSG00000170476,1.427607245586274e-05,0.0006096312608146969
ENSG00000167925,1.4268287396011497e-05,0.0006142808194510842
ENSG00000124374,1.4266840466729435e-05,0.00046022337982700356
ENSG00000136840,1.4265565150105037e-05,0.0008032124679654066
ENSG00000160683,1.4263928635013302e-05,0.0004483579686653716
ENSG00000085832,1.4261368734708062e-05,0.00031082457712364474
ENSG00000171160,1.4250588891865789e-05,0.00047561553571477547
ENSG00000140451,1.4244914983829668e-05,0.0003690200171063496
ENSG00000161091,1.4244299795320899e-05,0.0009721257465302893
ENSG00000177595,1.4235060314423742e-05,0.0007677600409933938
ENSG00000010219,1.4224854985451525e-05,0.0006759494984314067
ENSG00000109103,1.4224585286209734e-05,0.00030263605378241066
ENSG00000067365,1.4217759631924384e-05,0.0007082807975066468
ENSG00000141971,1.4217198807795479e-05,0.0007297437234133404
ENSG00000162783,1.421427093543283e-05,0.0006163979355073708
ENSG00000150433,1.420926797326154e-05,0.00041106506515444435
ENSG00000087338,1.4208498804653674e-05,0.0004254081804119977
ENSG00000163683,1.4205512946478977e-05,0.000741231859030271
ENSG00000140368,1.4203802053343733e-05,0.00034914112363042927
ENSG00000110844,1.4199483747451673e-05,0.0007677604519563781
ENSG00000161558,1.4189005090638986e-05,0.0010756111268008888
ENSG00000170310,1.4166975389519502e-05,0.0003572449376854606
ENSG00000197457,1.4165712107906705e-05,0.0003848348533598958
ENSG00000008283,1.4155342842877829e-05,0.0004904298064315534
ENSG00000212864,1.4149611841870692e-05,0.0008695314512606958
ENSG00000132334,1.4137303499125429e-05,0.0009772242812888896
ENSG00000078124,1.4121461058033114e-05,0.000491643314792763
ENSG00000186283,1.4120859911992871e-05,0.00037874655629638386
ENSG00000142327,1.4119687223762285e-05,0.000617252680900556
ENSG00000139990,1.4119275471343032e-05,0.0008916513136088963
ENSG00000110841,1.411846065719584e-05,0.0005082149483347545
ENSG00000122986,1.4116629832596107e-05,0.0003982777594031922
ENSG00000104635,1.411452010053097e-05,0.000408510948780098
ENSG00000172059,1.4112678539322275e-05,0.0003990164141298029
ENSG00000081181,1.4109047501381927e-05,0.0004595909232701672
ENSG00000067048,1.4098838500869002e-05,0.0006561997787145717
ENSG00000213676,1.4079523592157587e-05,0.0007408234040002634
ENSG00000107819,1.407173174215758e-05,0.00038645193723440955
ENSG00000147119,1.406600919175772e-05,0.000432067914318536
ENSG00000138382,1.4060214857560064e-05,0.001035555868878767
ENSG00000110315,1.4055650871291957e-05,0.00041661698163254025
ENSG00000107779,1.4053241622275416e-05,0.0003818940762328326
ENSG00000102524,1.4043307640265514e-05,0.0007276563874214785
ENSG00000055147,1.4039895334094916e-05,0.0003462885328310723
ENSG00000122390,1.4037130067692151e-05,0.0003005224197376066
ENSG00000091542,1.4035438232883947e-05,0.000727188103835795
ENSG00000184178,1.4032896585297984e-05,0.000496177250804115
ENSG00000135297,1.4011466725625552e-05,0.00040195718866239467
ENSG00000089280,1.4007302778872791e-05,0.00273262128602723
ENSG00000125629,1.3965554465623467e-05,0.0004984373539274927
ENSG00000166997,1.3958580665063232e-05,0.000640157907311682
ENSG00000129680,1.3932511719576404e-05,0.0007099578162097286
ENSG00000186197,1.393080182389418e-05,0.00043791046014827806
ENSG00000078081,1.3913502935984341e-05,0.0009177584815242397
ENSG00000188177,1.3912488549805767e-05,0.0004728161784428138
ENSG00000174989,1.3903036547944598e-05,0.0005946839924317532
ENSG00000185760,1.3900398640400902e-05,0.0007584594541831688
ENSG00000158792,1.389568806424876e-05,0.0005176338606621017
ENSG00000143149,1.3875721251545887e-05,0.0003180027343523917
ENSG00000104870,1.3875692527225344e-05,0.00040728043932115095
ENSG00000181467,1.3869794557679876e-05,0.0004280303215217683
ENSG00000142694,1.3860417858460655e-05,0.0004169453888315922
ENSG00000143093,1.385933645041532e-05,0.00034881000219140636
ENSG00000142459,1.3811082562630766e-05,0.0007254920582310772
ENSG00000197329,1.379996808972966e-05,0.0008162877915705134
ENSG00000125846,1.379940503915626e-05,0.00042247337990800683
ENSG00000137135,1.3791874046583293e-05,0.0007685119950568693
ENSG00000130844,1.3791813659587092e-05,0.0004084414150501495
ENSG00000133059,1.377573845461604e-05,0.0003178457739177017
ENSG00000178188,1.3764588551775162e-05,0.0004734434311927097
ENSG00000151229,1.3749628408159862e-05,0.0006204188023002606
ENSG00000196850,1.3746537526105525e-05,0.0005327756072800519
ENSG00000237190,1.3741137760853737e-05,0.0004318620026522004
ENSG00000126458,1.3736815128827116e-05,0.0005561987110251677
ENSG00000184508,1.3731211207082972e-05,0.00041051911126916264
ENSG00000135924,1.372973242175839e-05,0.0004329836842869911
ENSG00000196267,1.3700524181644863e-05,0.0004258173028897418
ENSG00000272325,1.3699741185022866e-05,0.0003418956264237708
ENSG00000155729,1.366693366785262e-05,0.0006598850647722375
ENSG00000133302,1.3662907553404951e-05,0.0008796831393117685
ENSG00000089012,1.3661436790320725e-05,0.0006694576891889993
ENSG00000272047,1.3639032490935458e-05,0.0017142714365434967
ENSG00000131871,1.3637740992217235e-05,0.00036217795762919896
ENSG00000147905,1.3637221964753135e-05,0.00035566583554377264
ENSG00000100416,1.3628867038527572e-05,0.0003242607229093987
ENSG00000128923,1.3611657541913415e-05,0.000320517971704024
ENSG00000008282,1.3608621394684386e-05,0.0004685268135748779
ENSG00000130305,1.3608602812700323e-05,0.0006504155242952037
ENSG00000151882,1.3608137782376087e-05,0.00047750532844847624
ENSG00000126522,1.360217067089212e-05,0.0003807162404370159
ENSG00000100532,1.3596579718692862e-05,0.00041880737832565075
ENSG00000173083,1.3575419752558891e-05,0.0003622582880921878
ENSG00000088992,1.3565348538692038e-05,0.0004739484794615159
ENSG00000169914,1.3552003333607433e-05,0.00039963061238857886
ENSG00000005483,1.355055517856963e-05,0.001336359095195962
ENSG00000144040,1.35479644022295e-05,0.0004615758202614545
ENSG00000139291,1.3545473200626962e-05,0.0004705390278298533
ENSG00000137817,1.353168416132619e-05,0.0005795089972477243
ENSG00000165813,1.353163393253505e-05,0.00035147651382026095
ENSG00000177465,1.3530113783998041e-05,0.00044751846082307983
ENSG00000184489,1.3521483077930754e-05,0.000446259012654559
ENSG00000136231,1.3519139441900703e-05,0.0004211491519865332
ENSG00000117411,1.3515737732950033e-05,0.0004387937715899491
ENSG00000213923,1.3514886310565953e-05,0.0007504104497464868
ENSG00000179862,1.3512956134321811e-05,0.0005416737987571048
ENSG00000183597,1.3493589602058084e-05,0.0005645573273991352
ENSG00000162695,1.346609424573556e-05,0.00028137889691558964
ENSG00000083454,1.3463740726576259e-05,0.0007317374173593865
ENSG00000136936,1.3460442871964578e-05,0.00038293676699741524
ENSG00000187609,1.3450749755851997e-05,0.0004879261674689794
ENSG00000036054,1.344630068953774e-05,0.00032832459911619384
ENSG00000116574,1.3431132187126532e-05,0.0004152709051604697
ENSG00000196981,1.3415438582910266e-05,0.00046979389070521415
ENSG00000198909,1.3414329421912402e-05,0.00044003579978917984
ENSG00000151694,1.3407413217367286e-05,0.0003705148020685014
ENSG00000100731,1.3406829958697143e-05,0.00041857056192737946
ENSG00000135845,1.3406817500305621e-05,0.0005873356457029927
ENSG00000181588,1.3404359361305749e-05,0.0010281331454794805
ENSG00000171517,1.3402749920545848e-05,0.0008557648496440831
ENSG00000136052,1.3399714335377642e-05,0.0004555519663412678
ENSG00000183309,1.3397078830933838e-05,0.0006787668932690563
ENSG00000119640,1.3386311392174323e-05,0.0007551200983450584
ENSG00000065665,1.3371644403908904e-05,0.000711696960126925
ENSG00000175787,1.3364095012885273e-05,0.0006430680293021654
ENSG00000175130,1.3351032715947196e-05,0.0003527892141652945
ENSG00000139597,1.3338145800030234e-05,0.00036861134971357816
ENSG00000161265,1.3337655034485377e-05,0.001064788819991204
ENSG00000090013,1.3331164124618674e-05,0.00037755739380975276
ENSG00000105887,1.33297996917482e-05,0.00043576492693527116
ENSG00000162413,1.331715863400424e-05,0.0002942119858940088
ENSG00000197969,1.3309931276196244e-05,0.0007957451668558651
ENSG00000181192,1.3307239772573022e-05,0.00036989918737366924
ENSG00000205476,1.330523335651042e-05,0.0008609851967293025
ENSG00000122490,1.3293188546290263e-05,0.0007993096536783213
ENSG00000144655,1.3282505448444952e-05,0.00047117577329790884
ENSG00000188921,1.3256325313240342e-05,0.0003862397590259417
ENSG00000100027,1.3249075142244741e-05,0.00048643335011497486
ENSG00000110934,1.3244693334843979e-05,0.0007850644976309246
ENSG00000131791,1.3240967696497702e-05,0.0005890485452958987
ENSG00000185305,1.3228804582839795e-05,0.000578615195369925
ENSG00000104228,1.321480925108097e-05,0.00047485778706817054
ENSG00000198464,1.3202541358578605e-05,0.0009081410887005342
ENSG00000175482,1.3201813286597489e-05,0.0002910072660993992
ENSG00000118596,1.3188968976670865e-05,0.0003694612873097865
ENSG00000105518,1.3186007690482559e-05,0.0011453080178621803
ENSG00000158623,1.318424869806759e-05,0.0015775882094186202
ENSG00000175779,1.3181437211590916e-05,0.000597943680015434
ENSG00000175414,1.3167673610585486e-05,0.0007004777362846975
ENSG00000172667,1.3148957085870467e-05,0.0004546001787333165
ENSG00000090971,1.3146524920929026e-05,0.0003898165075981767
ENSG00000165752,1.3130531377315438e-05,0.0018672874484165411
ENSG00000108679,1.3120410348094725e-05,0.00047818947429196173
ENSG00000145687,1.3111833593297313e-05,0.00039355424998244984
ENSG00000158552,1.310698453134851e-05,0.0007360928595817001
ENSG00000166326,1.3094829643691795e-05,0.0003521077294407265
ENSG00000174405,1.3079882721478552e-05,0.0010183606585059664
ENSG00000180884,1.307864124223091e-05,0.0004860487682807215
ENSG00000070476,1.3053263612059729e-05,0.000438567733104433
ENSG00000168904,1.3042736011172771e-05,0.0004011414061021572
ENSG00000162929,1.304021676497044e-05,0.0009592525370212436
ENSG00000188295,1.3035207076669132e-05,0.000392456902413589
ENSG00000119669,1.3035190715958725e-05,0.000395193707707317
ENSG00000139508,1.3029564772986169e-05,0.00044683920386890026
ENSG00000100271,1.3028208878177707e-05,0.0005125176695809409
ENSG00000196878,1.3022959929052837e-05,0.0004513178814167222
ENSG00000275183,1.302168479939898e-05,0.0004280746613922746
ENSG00000100916,1.3015628870614044e-05,0.0004533045001446422
ENSG00000089818,1.3015533282491098e-05,0.0005810842432089924
ENSG00000167081,1.3007778530386937e-05,0.0007340586669756335
ENSG00000115756,1.2996443663122278e-05,0.0004082329415375332
ENSG00000133789,1.2993373262860327e-05,0.0007490021506777102
ENSG00000001036,1.2984463926079525e-05,0.000451559449774392
ENSG00000159445,1.2962801212863945e-05,0.00034299645624551357
ENSG00000179476,1.2947038228566414e-05,0.0008547827671335881
ENSG00000186111,1.294621197682087e-05,0.00044158185753297803
ENSG00000180611,1.2934677226466e-05,0.000976275431337358
ENSG00000006757,1.2928538529612348e-05,0.000372155681624585
ENSG00000158092,1.2923757529317937e-05,0.0004996932727853957
ENSG00000089876,1.2920782053404161e-05,0.00043770714802119037
ENSG00000197081,1.2915299154149505e-05,0.0003956449486409036
ENSG00000131508,1.2900327243186606e-05,0.0008217592214137517
ENSG00000099849,1.2889901805762323e-05,0.0007692428019973037
ENSG00000141098,1.288168595681077e-05,0.0008806213612951965
ENSG00000163382,1.2876251433643273e-05,0.000529121362290091
ENSG00000197943,1.2875250691662002e-05,0.0004402062525117053
ENSG00000213190,1.2874955511444902e-05,0.0004293123814682496
ENSG00000122696,1.2861667069782493e-05,0.0009039294689873972
ENSG00000247077,1.2858939636918535e-05,0.0006628012304856728
ENSG00000186603,1.2844128322614502e-05,0.00034779869543415825
ENSG00000079335,1.2843413738191896e-05,0.000451378513016476
ENSG00000144747,1.2837680913284088e-05,0.0007167471947226241
ENSG00000148057,1.2836693312783695e-05,0.0004318658190230133
ENSG00000105717,1.281468830309407e-05,0.00039477777651489684
ENSG00000186687,1.2803598990634497e-05,0.0003383098199693135
ENSG00000153443,1.2767086072967892e-05,0.0004240716691215107
ENSG00000157483,1.2757263708388895e-05,0.0007327866764693291
ENSG00000073050,1.274575081740703e-05,0.0003844143259874253
ENSG00000085999,1.2744221196122954e-05,0.00035226095388392103
ENSG00000135968,1.2732791344955714e-05,0.0004213848740147392
ENSG00000187607,1.2721262280950426e-05,0.0007605352117086108
ENSG00000119977,1.2704287354861593e-05,0.0003353942171753288
ENSG00000117226,1.2694519902935147e-05,0.0004611798924145762
ENSG00000181638,1.2687902247178773e-05,0.0004089076676356725
ENSG00000162542,1.2655932268609373e-05,0.001207303320726159
ENSG00000169193,1.2646180249412708e-05,0.00045282344907435776
ENSG00000161010,1.2641474015888739e-05,0.0005878462000220694
ENSG00000172824,1.2636732122673232e-05,0.0006296022461421816
ENSG00000178695,1.2627927553482214e-05,0.0005455879254723226
ENSG00000243989,1.2620223487188709e-05,0.0003519283414479841
ENSG00000099840,1.2604104358277148e-05,0.00034776550944109574
ENSG00000143337,1.2597416605344137e-05,0.0004564811427326157
ENSG00000100852,1.2595875952161616e-05,0.00037109284578063255
ENSG00000148719,1.258962189746761e-05,0.00027505098457145344
ENSG00000170638,1.2566268712836345e-05,0.0007570355169159077
ENSG00000141867,1.2565194658637429e-05,0.003025275292184051
ENSG00000183978,1.2562756676353055e-05,0.001041251360380414
ENSG00000115073,1.2529876397718768e-05,0.0006898213932377966
ENSG00000113369,1.2523892257567104e-05,0.0004264009436060486
ENSG00000167378,1.2517471685272555e-05,0.0003284106925393681
ENSG00000144395,1.2510834867418469e-05,0.0008688146216569803
ENSG00000196151,1.2508800388567755e-05,0.00039523894574393066
ENSG00000174529,1.2482784150012948e-05,0.0007925724659916722
ENSG00000196576,1.2443523203404056e-05,0.00035505147723452577
ENSG00000164978,1.2436941377032346e-05,0.0003170468046352956
ENSG00000175455,1.242972668745721e-05,0.0003906984444939494
ENSG00000285077,1.2427980971027734e-05,0.00034539786348921427
ENSG00000152990,1.2414224778202309e-05,0.0003788484923427142
ENSG00000135503,1.2411891444379525e-05,0.00036643238593233533
ENSG00000128581,1.2387425283778546e-05,0.0007628837605202306
ENSG00000173402,1.2360864841660014e-05,0.00047392831556453466
ENSG00000224383,1.235576903248034e-05,0.0003856834275035129
ENSG00000117906,1.2345648255441427e-05,0.0006059444928671328
ENSG00000102575,1.2321255751501826e-05,0.00037802426602534154
ENSG00000165322,1.2320057536911884e-05,0.00045218793653105843
ENSG00000174227,1.231952785542333e-05,0.00038886794369040554
ENSG00000142102,1.2303146437860409e-05,0.0006741107589173679
ENSG00000082258,1.2284583805586432e-05,0.00044282901061060744
ENSG00000152348,1.2271821536802227e-05,0.0008716566108972141
ENSG00000149328,1.2261786169316846e-05,0.0006421637788687723
ENSG00000138069,1.2253405776484793e-05,0.0006985508923753896
ENSG00000115486,1.2250338450545347e-05,0.0005091117922523111
ENSG00000136828,1.224412841332788e-05,0.0008587928017789518
ENSG00000159496,1.2243305024194262e-05,0.0005648012937822764
ENSG00000181704,1.22254962030451e-05,0.0003555821770477808
ENSG00000183060,1.2203676109062328e-05,0.0005664939636742998
ENSG00000104497,1.2189724421771555e-05,0.0006425271377487104
ENSG00000141378,1.2177523910392622e-05,0.0005804247666738985
ENSG00000150787,1.2166767467837212e-05,0.0002857940487927438
ENSG00000157184,1.2155078452487216e-05,0.0004076864148621414
ENSG00000198874,1.2136160817025478e-05,0.0007491875652422529
ENSG00000071205,1.213436824677931e-05,0.00044349942802544986
ENSG00000146063,1.2107037646413814e-05,0.00035681665408400677
ENSG00000090924,1.2106756565744222e-05,0.000478325329609893
ENSG00000146842,1.2102582739233564e-05,0.000805879354039777
ENSG00000120833,1.2093155631185723e-05,0.0007296494700382522
ENSG00000065154,1.2087832828159048e-05,0.0004180668175564121
ENSG00000129071,1.2084897774591724e-05,0.0002576664053885564
ENSG00000100151,1.2057946323062633e-05,0.0007337296062304112
ENSG00000161955,1.2051491917808898e-05,0.0007592909360635273
ENSG00000105963,1.2035584951881304e-05,0.0008475138882092684
ENSG00000205045,1.2019606238083291e-05,0.00044860726552116957
ENSG00000079462,1.1992183080404528e-05,0.0008285902176898935
ENSG00000147118,1.198768165293617e-05,0.00038334938728807954
ENSG00000278535,1.197204379292699e-05,0.00041563890497292816
ENSG00000106692,1.19631196432531e-05,0.00038013289913606057
ENSG00000100577,1.1946509514407525e-05,0.00033567617750379706
ENSG00000196950,1.1945345383747059e-05,0.00039272365499144735
ENSG00000099219,1.19438560416829e-05,0.0006848951008300435
ENSG00000160298,1.1937749697820297e-05,0.0006694673544128938
ENSG00000076685,1.1923577920796413e-05,0.001030974454674495
ENSG00000105738,1.1910669797527232e-05,0.0003458578441124403
ENSG00000149573,1.1908695074988785e-05,0.0005033199946101252
ENSG00000110651,1.1900479954449268e-05,0.0006031955349267012
ENSG00000137522,1.1899839544790176e-05,0.000505755447825811
ENSG00000186088,1.1880360147273467e-05,0.00035226522430754274
ENSG00000113761,1.1855754900321452e-05,0.0004218250257054389
ENSG00000111653,1.18293595531453e-05,0.0029560750602056446
ENSG00000173011,1.1828434083041643e-05,0.010642330286334586
ENSG00000177721,1.1815211890117639e-05,0.0004700715287764292
ENSG00000137414,1.1801771217426298e-05,0.000338684829316179
ENSG00000132950,1.1731759040926209e-05,0.0004649278676743724
ENSG00000137073,1.1731432312257232e-05,0.0006609784984442429
ENSG00000187961,1.1723703893142125e-05,0.0010912593672653516
ENSG00000008128,1.1720481225605207e-05,0.0006855141492733998
ENSG00000159128,1.1720029950325893e-05,0.0012825513085007578
ENSG00000171044,1.171619123003837e-05,0.0003038247200831316
ENSG00000125741,1.170930050678631e-05,0.00037462396113128885
ENSG00000144824,1.1701516496773982e-05,0.00045626103735155497
ENSG00000128944,1.169969544100351e-05,0.000703152065859559
ENSG00000198894,1.1697753035692311e-05,0.0004367968781187717
ENSG00000100292,1.1661882376195308e-05,0.0005650999042176677
ENSG00000137713,1.1647542553740687e-05,0.0007551382445882834
ENSG00000217128,1.1639896375251409e-05,0.00048401335865381936
ENSG00000054965,1.1636586853803563e-05,0.0003125204303223878
ENSG00000204482,1.1625553381678837e-05,0.0007815556002312304
ENSG00000111647,1.1623602592986737e-05,0.0007686442730532083
ENSG00000239779,1.1623036408645417e-05,0.0003232929516778828
ENSG00000109445,1.1621757374790509e-05,0.0011837870333966446
ENSG00000087008,1.1615525283186058e-05,0.0006057044190684341
ENSG00000172113,1.1606435708571723e-05,0.0004153949347215145
ENSG00000176994,1.1603164205729696e-05,0.00027968563844668387
ENSG00000131373,1.158485179985005e-05,0.00041720144823692926
ENSG00000155329,1.1576880499543406e-05,0.0004052260520993994
ENSG00000130270,1.1572492703340777e-05,0.0007055737177555032
ENSG00000108784,1.1552326210292794e-05,0.0008502718278980746
ENSG00000137842,1.1532540832197487e-05,0.00040337281625127625
ENSG00000142632,1.1525334166829747e-05,0.0005465078508848863
ENSG00000170903,1.1518092984079347e-05,0.0006709333256160041
ENSG00000104907,1.1506291472844102e-05,0.0009004855733987486
ENSG00000013288,1.1505670312745317e-05,0.0003414990712890151
ENSG00000198246,1.1492360613919806e-05,0.0003436298206666663
ENSG00000159461,1.1471084795076999e-05,0.0003014587462417141
ENSG00000085662,1.1468831958654708e-05,0.0008708311976283531
ENSG00000170364,1.1466323484599948e-05,0.0008982224960229782
ENSG00000147155,1.146570840013281e-05,0.0007514035181467732
ENSG00000166822,1.1461365641741654e-05,0.0002858077090783856
ENSG00000152409,1.1451322502266074e-05,0.00034836097019237086
ENSG00000163660,1.1440684665655629e-05,0.0006445018001528331
ENSG00000115425,1.1414781037713382e-05,0.0005694255276066425
ENSG00000149582,1.14032440252631e-05,0.0011479373200187792
ENSG00000065457,1.139434928415811e-05,0.0005012209697283469
ENSG00000145349,1.1351066776008519e-05,0.0003725042514806905
ENSG00000166105,1.1330610167534213e-05,0.0007427593697674442
ENSG00000132623,1.1324997869788619e-05,0.0010509515883253345
ENSG00000115977,1.1321331489962969e-05,0.0006391511714849221
ENSG00000126759,1.131642390688776e-05,0.0003088954591655265
ENSG00000170502,1.1314552163756413e-05,0.0003820717049127838
ENSG00000109674,1.1285660254951135e-05,0.00038880042116134844
ENSG00000145945,1.1273942549063704e-05,0.0004194215590230092
ENSG00000106733,1.127264152202654e-05,0.0003340648423371365
ENSG00000113971,1.126670039394125e-05,0.00033989396427478
ENSG00000110851,1.1235759543102135e-05,0.000625108888511884
ENSG00000072609,1.123372620019819e-05,0.00041865364759429596
ENSG00000108469,1.1223445067514626e-05,0.0006521968987303737
ENSG00000103855,1.1169189057839948e-05,0.0007687918906742681
ENSG00000138614,1.1164213530869229e-05,0.0011249067144848506
ENSG00000105723,1.1159962282472882e-05,0.0008300946898833531
ENSG00000152457,1.1146694177651845e-05,0.00035214919806459647
ENSG00000145882,1.1117539534271532e-05,0.0003099528495139458
ENSG00000159733,1.1111352641284604e-05,0.00027782974530873844
ENSG00000145916,1.110092755196878e-05,0.0008201541800092627
ENSG00000163378,1.108733461639645e-05,0.00031872774144235585
ENSG00000196937,1.106226548111428e-05,0.0013310066373112591
ENSG00000103351,1.1058177624110334e-05,0.00042845102558506846
ENSG00000198189,1.1034156544660476e-05,0.001328020933342479
ENSG00000070614,1.1009866212503822e-05,0.0013273969277985765
ENSG00000080854,1.1008508783032484e-05,0.0008428290309889857
ENSG00000230124,1.1007270858800954e-05,0.00044734956894890306
ENSG00000135451,1.1000577411481123e-05,0.0004789825482044239
ENSG00000114648,1.1000262463939046e-05,0.00031820711192620576
ENSG00000165175,1.0997711145048858e-05,0.0008286291040782614
ENSG00000145569,1.0992832103524734e-05,0.0003155002281044678
ENSG00000168116,1.0979380088874496e-05,0.00032816704414313146
ENSG00000124067,1.0967076830993655e-05,0.0006521646837395675
ENSG00000197620,1.0958744371942405e-05,0.0020553848258212
ENSG00000164081,1.0958695728274681e-05,0.0003338653556096986
ENSG00000204138,1.0949471567354638e-05,0.001411710485239294
ENSG00000138386,1.0937131082454128e-05,0.00033858575594332744
ENSG00000156052,1.093305285192524e-05,0.0007166730533846777
ENSG00000124160,1.092436938229484e-05,0.0012457150883261646
ENSG00000157916,1.092105360870464e-05,0.0013368859360443797
ENSG00000174373,1.0905092161309857e-05,0.0004035771384858476
ENSG00000185669,1.089968531770786e-05,0.000889082133956542
ENSG00000125967,1.0876166463464385e-05,0.0007672481620950057
ENSG00000139318,1.0871654964810751e-05,0.0007012752369713651
ENSG00000173218,1.0864174114668644e-05,0.0003167872494979402
ENSG00000173950,1.086233128553162e-05,0.0005798493023470807
ENSG00000100139,1.0859133833775292e-05,0.0009080746032234957
ENSG00000182054,1.085332302298685e-05,0.0007400317663140772
ENSG00000058668,1.0847854004068596e-05,0.0006558357083601662
ENSG00000197217,1.0830824571724162e-05,0.0003794957053712411
ENSG00000130487,1.0813368787246873e-05,0.0008657825301641541
ENSG00000156853,1.0801097169295288e-05,0.0005752658453611946
ENSG00000135999,1.0777367050499331e-05,0.0003865363855762457
ENSG00000144815,1.0773746955451041e-05,0.00036889384498743855
ENSG00000169750,1.0750678230024316e-05,0.0006560230299335565
ENSG00000081913,1.0740281752505515e-05,0.000811351507306468
ENSG00000128881,1.0738510074234645e-05,0.0008544913241502578
ENSG00000135108,1.0678343378711414e-05,0.00044882620359539276
ENSG00000168795,1.0676665072114776e-05,0.0031587381597094327
ENSG00000188706,1.0655157777414613e-05,0.0004717801133594736
ENSG00000130684,1.0645329741866389e-05,0.00038731048482933133
ENSG00000169964,1.0640716973748416e-05,0.0005688922162266946
ENSG00000057608,1.062515203374565e-05,0.0003503940973596898
ENSG00000139278,1.0620579263615637e-05,0.0006411583841902385
ENSG00000177707,1.0620394895600664e-05,0.00044002893831423596
ENSG00000124575,1.0612991733070731e-05,0.0011768484358844942
ENSG00000089682,1.060199398829602e-05,0.00064764713028751
ENSG00000172766,1.0588037500348661e-05,0.0004058135084075129
ENSG00000124214,1.057315314058737e-05,0.0008783190109816534
ENSG00000181894,1.056922883646904e-05,0.0008079937065374117
ENSG00000143870,1.0553299881870113e-05,0.0009297731335208443
ENSG00000103160,1.0549253612277052e-05,0.00038070270529546224
ENSG00000105404,1.0543050186391833e-05,0.00035841871039825834
ENSG00000173041,1.0535733715887e-05,0.00028176238280057744
ENSG00000167536,1.0508336866492566e-05,0.0004845064388785004
ENSG00000215114,1.0489378794718212e-05,0.000572248230757192
ENSG00000157764,1.0389204083423316e-05,0.00033156023885179593
ENSG00000160993,1.038216773605433e-05,0.0004614520674030595
ENSG00000124356,1.0375873984761232e-05,0.000578446740615547
ENSG00000121104,1.0371060819630737e-05,0.0003663746587905705
ENSG00000148841,1.0370698986767373e-05,0.0005065840326000392
ENSG00000278129,1.035492286407339e-05,0.0006561371894722693
ENSG00000137185,1.0346513124743254e-05,0.0006870596497135816
ENSG00000138172,1.0303940059098892e-05,0.00040565358334623326
ENSG00000121671,1.0289653217313533e-05,0.000370712869813751
ENSG00000158747,1.025670819715609e-05,0.0004713490810597275
ENSG00000119900,1.023754422840023e-05,0.0007319364352493228
ENSG00000139083,1.0231849990343024e-05,0.0021294609402727573
ENSG00000125459,1.0229892187248839e-05,0.0017278390147431723
ENSG00000068697,1.0226306268196337e-05,0.00043723073647563367
ENSG00000187097,1.0210505278152095e-05,0.00038426340107733186
ENSG00000179958,1.0198080475370814e-05,0.0004856344179386952
ENSG00000241685,1.0195267499901585e-05,0.0002946544894811536
ENSG00000126934,1.0191395561336976e-05,0.0015452097041683051
ENSG00000126970,1.0180272032085591e-05,0.0006916846507199826
ENSG00000163946,1.017865564622315e-05,0.0016848321993390679
ENSG00000110330,1.0165869287742775e-05,0.0005074851511218802
ENSG00000074603,1.014448922314349e-05,0.0004682938779438748
ENSG00000185634,1.0129429303701401e-05,0.0004611508909216119
ENSG00000081059,1.0126178484193971e-05,0.003446877550977963
ENSG00000140511,1.0124273635918176e-05,0.00046531315632777724
ENSG00000022976,1.0123064696134481e-05,0.0004238816026302524
ENSG00000168758,1.0103107396930656e-05,0.0007041700258059301
ENSG00000069966,1.0080677779673447e-05,0.00044768138166450454
ENSG00000172292,1.0061943518545729e-05,0.0006656831198953016
ENSG00000122912,1.0057238006932085e-05,0.0005846563862629484
ENSG00000122378,1.0044932665102595e-05,0.00039915378503359067
ENSG00000081791,1.0039406600731074e-05,0.0004026112570076055
ENSG00000100628,1.0038452866419074e-05,0.0009226509141000704
ENSG00000170265,1.0036823440603229e-05,0.000998915014011037
ENSG00000090339,1.002818930784374e-05,0.000427084887587125
ENSG00000113356,1.0015471506990796e-05,0.0003753398751219527
ENSG00000071575,9.990952276746047e-06,0.0011571154509323713
ENSG00000166780,9.980034288354795e-06,0.000732747105103799
ENSG00000160183,9.95785202262637e-06,0.0011835850956786105
ENSG00000101888,9.956229040648637e-06,0.0003280256060682614
ENSG00000168175,9.951980182954544e-06,0.000990193409261347
ENSG00000121644,9.951622594002969e-06,0.0008951589250516506
ENSG00000003056,9.944024547264696e-06,0.0010706374592819583
ENSG00000160445,9.917240689580618e-06,0.0002874151730040542
ENSG00000240204,9.904119200457902e-06,0.0004039208342539406
ENSG00000075292,9.895634183754105e-06,0.0006984454987760086
ENSG00000072858,9.885976953454144e-06,0.00048474192586620327
ENSG00000251369,9.861963517357626e-06,0.0005636682322823713
ENSG00000007255,9.847470918478474e-06,0.00025230520346178743
ENSG00000085788,9.824924352650025e-06,0.00047777496707730055
ENSG00000196678,9.800973814438143e-06,0.0002960753544572528
ENSG00000129484,9.757366429736433e-06,0.0007412253088614545
ENSG00000142892,9.71820903393161e-06,0.0002542446786010914
ENSG00000204852,9.717896184595348e-06,0.0009167480076161328
ENSG00000078699,9.71528954966131e-06,0.0011669722707406491
ENSG00000166889,9.7121408993039e-06,0.0009403829679663518
ENSG00000185278,9.692891322288663e-06,0.000461317428615978
ENSG00000141569,9.666702023924245e-06,0.0009314331414216725
ENSG00000135723,9.649346350702428e-06,0.0003369990455877025
ENSG00000111325,9.64556397985252e-06,0.0008190577475238747
ENSG00000011198,9.643340130420537e-06,0.0003098325610156348
ENSG00000078140,9.574936870737758e-06,0.00026973495118646807
ENSG00000165071,9.564589997804846e-06,0.0006379831593364328
ENSG00000167703,9.555801501742479e-06,0.0005011576043982087
ENSG00000141985,9.548671047842946e-06,0.0017198911739497533
ENSG00000198720,9.532065797067403e-06,0.0006658629971673397
ENSG00000054983,9.520920535981395e-06,0.00039032501767193484
ENSG00000139324,9.52006752538155e-06,0.0008092467161717472
ENSG00000213983,9.516028397899912e-06,0.0008191137501400042
ENSG00000264522,9.500652486537801e-06,0.0007264589686228017
ENSG00000101365,9.497874764988924e-06,0.0007866086301002924
ENSG00000102882,9.491537404285344e-06,0.00035818338974127564
ENSG00000147852,9.491438940761113e-06,0.0013681968213086174
ENSG00000135604,9.484925673745224e-06,0.0005544814958974398
ENSG00000100083,9.466299848751545e-06,0.0002820208650573115
ENSG00000170873,9.453100870203197e-06,0.0004907715032064704
ENSG00000075702,9.43329530227923e-06,0.00031927099590680415
ENSG00000103365,9.431705737984377e-06,0.0004326186307048435
ENSG00000170085,9.423092195920479e-06,0.0008354908126654889
ENSG00000136436,9.412296934858945e-06,0.0004043753795529907
ENSG00000141873,9.410640934174447e-06,0.0004677235804381034
ENSG00000243156,9.408374596076323e-06,0.0004210923534412298
ENSG00000146576,9.406756939847442e-06,0.0011824738508691007
ENSG00000054611,9.402872828706811e-06,0.0034023399987498054
ENSG00000051382,9.402095078784737e-06,0.00034176758883235894
ENSG00000073008,9.341940089366915e-06,0.0016589784004939665
ENSG00000125863,9.329561263137009e-06,0.0004894865449608191
ENSG00000135736,9.321609826370734e-06,0.0004153002134366276
ENSG00000070081,9.321334114060196e-06,0.0005090044578656203
ENSG00000143793,9.289630137683517e-06,0.0007470434870078429
ENSG00000135164,9.25801327252683e-06,0.0004042456636848431
ENSG00000143458,9.240404380161597e-06,0.0012735730770670774
ENSG00000177239,9.205063286790489e-06,0.0006127615379814792
ENSG00000130775,9.155239386382404e-06,0.0003483938831180706
ENSG00000099330,9.140481488961366e-06,0.0005829092841945643
ENSG00000180329,9.121385885532095e-06,0.0006105816250735371
ENSG00000106003,9.092532559632758e-06,0.0006044102311566577
ENSG00000177225,9.089365749747387e-06,0.0002699044200257495
ENSG00000180233,9.065056014209478e-06,0.001543513943643252
ENSG00000177683,8.96484753361071e-06,0.0007665339587059636
ENSG00000106392,8.939536418194467e-06,0.0006560934793009374
ENSG00000165219,8.909490410434176e-06,0.00043291594712032013
ENSG00000143398,8.893871881872465e-06,0.0009770748637335793
ENSG00000047932,8.87195356090168e-06,0.0007334674452729117
ENSG00000107738,8.86884602971672e-06,0.0008484097422021238
ENSG00000277632,8.857505112845456e-06,0.0038755217229832868
ENSG00000155008,8.834216485931754e-06,0.0007029118262277724
ENSG00000107758,8.818597931188138e-06,0.0008570526973321232
ENSG00000172543,8.817216053436405e-06,0.000704937136641902
ENSG00000118496,8.76989378679854e-06,0.0006289006911246471
ENSG00000165355,8.730309896889203e-06,0.0006363391898766633
ENSG00000178163,8.710475444901154e-06,0.0008249809785477009
ENSG00000146414,8.688809592065727e-06,0.00027414619766869805
ENSG00000116584,8.681958075471416e-06,0.0006916026737822563
ENSG00000141504,8.645605696996244e-06,0.0005852460063657629
ENSG00000174851,8.635767942411565e-06,0.00032314880622118
ENSG00000023734,8.62106648806512e-06,0.0027126068469705087
ENSG00000120949,8.602347213182854e-06,0.0003163053296569361
ENSG00000101474,8.59259370401989e-06,0.0017417375943350334
ENSG00000165802,8.55030947455129e-06,0.0007435705330392313
ENSG00000105374,8.536614438104816e-06,0.0010636683890259252
ENSG00000112200,8.486415990387034e-06,0.0002754363101076699
ENSG00000205643,8.473904048326834e-06,0.0007932105165314996
ENSG00000159314,8.424951390603103e-06,0.0007459433854016739
ENSG00000105246,8.393075273911381e-06,0.00044888101762949946
ENSG00000101152,8.379420785428977e-06,0.0007134138348352376
ENSG00000165650,8.332541808594573e-06,0.0018140193331511864
ENSG00000164118,8.330016577367364e-06,0.0008570771377666808
ENSG00000129566,8.318331753030762e-06,0.001159855238310846
ENSG00000198863,8.260115669601537e-06,0.0003293589210080252
ENSG00000101019,8.2577260824221e-06,0.000909157132020299
ENSG00000156232,8.246387405698438e-06,0.0004465814614848747
ENSG00000163939,8.238023803270114e-06,0.0011278397187348336
ENSG00000107099,8.232165869536146e-06,0.002127025896166078
ENSG00000169871,8.152527080859743e-06,0.0003244537687502497
ENSG00000126790,8.136989221143716e-06,0.0008548867777742642
ENSG00000180304,8.123849781011392e-06,0.0007295808540390391
ENSG00000164031,8.108156830271222e-06,0.00041253233362693496
ENSG00000221887,8.105972392759921e-06,0.0005452465424840654
ENSG00000106049,8.087291945858177e-06,0.0010317303727448634
ENSG00000104765,8.050336515614747e-06,0.0005850662729347061
ENSG00000166479,8.028174524262084e-06,0.0003491901007377943
ENSG00000130396,7.9830125676279e-06,0.000666246184065136
ENSG00000172007,7.976137591499034e-06,0.00027341823080692293
ENSG00000161671,7.97277576616345e-06,0.0007273611416379433
ENSG00000166189,7.959637912940073e-06,0.000822669511277096
ENSG00000196700,7.955273213447247e-06,0.0005633739872688693
ENSG00000177409,7.949973140168853e-06,0.0006411020991297794
ENSG00000168615,7.946458498107074e-06,0.0017565585916541398
ENSG00000068001,7.94342681496031e-06,0.0009049189833864439
ENSG00000203880,7.872447020730323e-06,0.00030020045281322683
ENSG00000059377,7.853469272948168e-06,0.0011386667637585477
ENSG00000129675,7.775853133695383e-06,0.0008301087195343182
ENSG00000103876,7.763049891259025e-06,0.00039611878835225586
ENSG00000198836,7.753622013826354e-06,0.0008935182599882257
ENSG00000132406,7.712162894672235e-06,0.00037201440025092284
ENSG00000147813,7.692304057424634e-06,0.0003151033409965914
ENSG00000275004,7.690250542826554e-06,0.0011095491575659365
ENSG00000168288,7.662070627945531e-06,0.000690808433406913
ENSG00000099364,7.569088738372213e-06,0.0021592751270084454
ENSG00000166881,7.520620944688257e-06,0.0004592043610648904
ENSG00000104774,7.495820310707913e-06,0.00039317083883036496
ENSG00000114062,7.4646411283748356e-06,0.0007783190044002351
ENSG00000256294,7.418056864421724e-06,0.0006679782555974742
ENSG00000188130,7.416296354586078e-06,0.0012854937741457293
ENSG00000110514,7.414236152779765e-06,0.0003767576592398033
ENSG00000213186,7.410783440714294e-06,0.00042244015751611197
ENSG00000044115,7.389776412019386e-06,0.0007190625293463499
ENSG00000270647,7.364772700587554e-06,0.0007352058557487083
ENSG00000162650,7.339924274845318e-06,0.0010868800497485808
ENSG00000196247,7.295914722034014e-06,0.0007341815050723975
ENSG00000005379,7.279780123133512e-06,0.0004079585366332714
ENSG00000170185,7.27439076251937e-06,0.00039765358081541566
ENSG00000060762,7.2715712102085754e-06,0.00029521186485343277
ENSG00000172888,7.238501277753585e-06,0.0003094829569514542
ENSG00000113532,7.215943196974753e-06,0.000793119227381658
ENSG00000088808,7.214241491094447e-06,0.0009833619503107963
ENSG00000175711,7.189881081391424e-06,0.0009820493241428122
ENSG00000205765,7.1892901441500694e-06,0.0006403371813806614
ENSG00000113520,7.166889264845554e-06,0.0007531715512928209
ENSG00000124226,7.068454243326355e-06,0.0003767209776938088
ENSG00000148337,7.0225433041883755e-06,0.00046437944769913466
ENSG00000177613,7.001614401906015e-06,0.0004038860569126766
ENSG00000214753,6.958062058747784e-06,0.0008054039779462732
ENSG00000084073,6.94388485430265e-06,0.0007136770874561747
ENSG00000047230,6.93512517354823e-06,0.0012211355946580601
ENSG00000116171,6.862194619408451e-06,0.0017852954971188867
ENSG00000033100,6.858934865032456e-06,0.0003903549836019899
ENSG00000099958,6.808272879716407e-06,0.0007564824896965084
ENSG00000124406,6.76854229994774e-06,0.0005432086029963095
ENSG00000100280,6.7552564821607565e-06,0.0004950172277078017
ENSG00000206190,6.6793576950861995e-06,0.0006740757473678667
ENSG00000137210,6.662533273236677e-06,0.0003194870052866805
ENSG00000134247,6.633455527997446e-06,0.00032679735958788137
ENSG00000117984,6.6128607929955e-06,0.0003948196157056876
ENSG00000148090,6.5906639747612525e-06,0.000571764289886639
ENSG00000106524,6.554748661632811e-06,0.0011207948909596147
ENSG00000104763,6.512554159234164e-06,0.0004123767717222449
ENSG00000068438,6.502075313032372e-06,0.0005621796795840673
ENSG00000101350,6.489499331670651e-06,0.0010696465383730862
ENSG00000140350,6.465280586588465e-06,0.00046273853174280807
ENSG00000137959,6.4421527467412405e-06,0.0006676842889688146
ENSG00000159399,6.431133534327769e-06,0.0011645408464217675
ENSG00000132640,6.417699890490619e-06,0.000660265898191536
ENSG00000107897,6.4160656276493255e-06,0.00045376159545790895
ENSG00000182195,6.397211333676791e-06,0.00047181366242405383
ENSG00000186153,6.382650971713664e-06,0.0003245752153151277
ENSG00000118454,6.345025826499513e-06,0.00024262952237112277
ENSG00000171574,6.297257358208272e-06,0.0004278430293821674
ENSG00000205903,6.255786845163115e-06,0.0005546375051421974
ENSG00000159348,6.20394449785379e-06,0.0005357138443381042
ENSG00000143545,6.183585739509282e-06,0.0005100736623989275
ENSG00000176834,6.163820750378748e-06,0.0008932228553265462
ENSG00000127666,6.156427867242377e-06,0.00041528625420770595
ENSG00000049759,6.144085966285427e-06,0.0003928815316624732
ENSG00000197771,6.1057831735907605e-06,0.0009115970357960242
ENSG00000116525,6.105668825289375e-06,0.0004413275060338165
ENSG00000143889,6.103237538263224e-06,0.0004788611140167449
ENSG00000275342,6.096319384570952e-06,0.00046668524546533165
ENSG00000170791,6.081011253851874e-06,0.00039298429283306956
ENSG00000196814,6.052233614822236e-06,0.002131865135282137
ENSG00000009413,6.044590367254569e-06,0.0008898902548251642
ENSG00000107833,6.025091265516106e-06,0.0005688165796655904
ENSG00000123685,6.008717985872108e-06,0.0008414895471988813
ENSG00000121417,6.002475986375089e-06,0.000501405267053301
ENSG00000113240,5.911228681846027e-06,0.0003519099069622887
ENSG00000039319,5.904080829628147e-06,0.00038038767549193034
ENSG00000205683,5.877240027318933e-06,0.0009325410978789672
ENSG00000154310,5.868140868381976e-06,0.00042405159948938624
ENSG00000196743,5.868049497899692e-06,0.0005813696411427862
ENSG00000135426,5.834381630301271e-06,0.0007533815917800291
ENSG00000135018,5.831177831231591e-06,0.0007895059481703835
ENSG00000070950,5.8248116535068725e-06,0.0006795102238677629
ENSG00000108774,5.785806124588165e-06,0.0005199809852026218
ENSG00000177054,5.785288746132009e-06,0.0006256993033571682
ENSG00000008294,5.784019274616696e-06,0.00037300804444842994
ENSG00000133106,5.762463852747015e-06,0.0005214024034634226
ENSG00000104979,5.755635305990087e-06,0.0008641610479123164
ENSG00000131127,5.72950364293192e-06,0.0004982737572333887
ENSG00000114383,5.700300784545858e-06,0.0005266768521715111
ENSG00000162402,5.685154819727278e-06,0.0006329211574296283
ENSG00000170242,5.680139647791405e-06,0.0006005542142238531
ENSG00000118200,5.669682708967085e-06,0.001016015866610845
ENSG00000017483,5.6128141714099924e-06,0.0006852181308035226
ENSG00000182827,5.600772833090146e-06,0.0003439762121668651
ENSG00000176845,5.545525514481786e-06,0.00070367571038971
ENSG00000112195,5.525624442583003e-06,0.0007779566389829398
ENSG00000144504,5.510992346027492e-06,0.0004549104515186778
ENSG00000125657,5.499873991134042e-06,0.0009955080780894166
ENSG00000149054,5.499346063228412e-06,0.0004944920615790094
ENSG00000073803,5.482966982959908e-06,0.003002513392393959
ENSG00000213064,5.459549896344367e-06,0.0005184825975327814
ENSG00000146410,5.4352520417092125e-06,0.0007757771736648548
ENSG00000171115,5.425876151263549e-06,0.00047891793720640833
ENSG00000184515,5.424750479356066e-06,0.0004612226379182955
ENSG00000172731,5.386603818502596e-06,0.0007424793312184561
ENSG00000197857,5.37742403149632e-06,0.0004906451572820813
ENSG00000116586,5.368869391536006e-06,0.0013633980670188944
ENSG00000197961,5.326303995646975e-06,0.00047710179018270227
ENSG00000182511,5.313159815185511e-06,0.00035358743062685735
ENSG00000186001,5.264325932131633e-06,0.00042713250052856856
ENSG00000176454,5.261561038884832e-06,0.0003592942237988099
ENSG00000110429,5.253031846978604e-06,0.0010486292472670635
ENSG00000119787,5.232160584633658e-06,0.0013769272813178206
ENSG00000093217,5.195025175454168e-06,0.00043544578083211263
ENSG00000153975,5.182238517809626e-06,0.00031820282334352895
ENSG00000211460,5.1554432358399535e-06,0.00040214582547674964
ENSG00000137841,5.138635902516711e-06,0.0006780474796288037
ENSG00000088888,5.136913853187962e-06,0.0008390588821220969
ENSG00000214756,5.096850053387317e-06,0.0006605700658186044
ENSG00000290292,5.084877252326964e-06,0.0004855021359125296
ENSG00000148908,5.08033718924747e-06,0.00041829866557581327
ENSG00000128228,5.078536038359911e-06,0.00048007926739076855
ENSG00000171617,5.076955006623668e-06,0.0005020259848816633
ENSG00000137802,5.051791157388498e-06,0.0005383667818468431
ENSG00000196449,5.050863641927867e-06,0.0014951596404153976
ENSG00000143409,5.01872150410491e-06,0.0007197059478017087
ENSG00000152454,5.008984659719234e-06,0.0008676670197415294
ENSG00000070269,4.945475577375026e-06,0.00047720764355706116
ENSG00000159403,4.8997521205852e-06,0.0009953970518593494
ENSG00000106789,4.89674747606763e-06,0.0004368567504291442
ENSG00000136813,4.884055021694264e-06,0.0005840135755338131
ENSG00000120256,4.859305910660087e-06,0.0009878227797915282
ENSG00000182134,4.834061084093189e-06,0.0005526174064527701
ENSG00000110719,4.769177223155646e-06,0.000751100224313579
ENSG00000166750,4.7523614837061025e-06,0.0009893008464749737
ENSG00000184990,4.72327473710606e-06,0.00040667888536318045
ENSG00000132286,4.722892965634359e-06,0.0002885794175799006
ENSG00000164168,4.722774218384683e-06,0.0005518178502188697
ENSG00000071859,4.70430518757131e-06,0.0010840365662957907
ENSG00000088826,4.703179813528093e-06,0.00042559742600889667
ENSG00000155256,4.6990194304489594e-06,0.0006548381907090181
ENSG00000115325,4.616668706982217e-06,0.00043215910939964147
ENSG00000084090,4.570241040920906e-06,0.0007449001917947386
ENSG00000184898,4.5389725209563065e-06,0.000516950734029962
ENSG00000145781,4.515695393048944e-06,0.001213076573079996
ENSG00000125170,4.514689464327603e-06,0.001011514715751729
ENSG00000121289,4.51297768525685e-06,0.0009741665042975315
ENSG00000075340,4.479942804312151e-06,0.0004212896967403624
ENSG00000113845,4.476902399412863e-06,0.0007571056107910187
ENSG00000116685,4.465084109857373e-06,0.00033349284858491036
ENSG00000140406,4.44812995224835e-06,0.00036277567967711176
ENSG00000132670,4.422780166242428e-06,0.0006016214892185137
ENSG00000152556,4.4139243316176866e-06,0.00110423715869623
ENSG00000103253,4.409716246461272e-06,0.00047874060813688933
ENSG00000139372,4.398506692826338e-06,0.0007959756592073478
ENSG00000005187,4.3968084345001694e-06,0.0012081951467610278
ENSG00000038210,4.359255064258936e-06,0.0005757279586693815
ENSG00000135953,4.334246921347197e-06,0.0005762663606080184
ENSG00000188677,4.3326259303253e-06,0.000761469579884919
ENSG00000168067,4.27325537067945e-06,0.0004956749722400287
ENSG00000145476,4.239013369419251e-06,0.0013087992512000389
ENSG00000213185,4.232580717545464e-06,0.0005618198874577558
ENSG00000168280,4.207047694167327e-06,0.0012864638237534741
ENSG00000072778,4.200293765964392e-06,0.0006191054660358783
ENSG00000171735,4.099658120494574e-06,0.0005916581694087293
ENSG00000146872,4.084166856963297e-06,0.0008838958689881107
ENSG00000107443,4.078664566547976e-06,0.00044982359898356047
ENSG00000204267,4.07068694020729e-06,0.0008832002212393905
ENSG00000156928,4.0648104920550825e-06,0.0009497539127591841
ENSG00000173465,4.026851650004757e-06,0.0006694917551280228
ENSG00000143195,4.021025529785295e-06,0.0004943320039368307
ENSG00000142687,3.894795633153817e-06,0.00040544149471433925
ENSG00000007520,3.886152261504981e-06,0.0006609986483888556
ENSG00000169221,3.885823495912065e-06,0.0007740045268843128
ENSG00000078618,3.8617709605860356e-06,0.001002992423588473
ENSG00000026950,3.856186685214545e-06,0.0007706866107356416
ENSG00000177697,3.8338554926926575e-06,0.0005279988828806866
ENSG00000001561,3.8044107131526914e-06,0.0003956027026072652
ENSG00000073417,3.800878585618507e-06,0.0004686718865031109
ENSG00000166311,3.7977821153377128e-06,0.0008014160540033796
ENSG00000188559,3.7625441801494074e-06,0.0003725646957892976
ENSG00000126787,3.7543572227987686e-06,0.0005836216036545209
ENSG00000120688,3.740548291162632e-06,0.0011382140979359252
ENSG00000124588,3.7321484558778725e-06,0.0003715102583563328
ENSG00000163558,3.731908628229471e-06,0.0003077046536755612
ENSG00000182504,3.711398838195242e-06,0.0006317154079207188
ENSG00000146540,3.6877798479974198e-06,0.0008112908598025524
ENSG00000163156,3.685373662395325e-06,0.0007755045782335579
ENSG00000149809,3.6839103863503677e-06,0.0004226875166180987
ENSG00000056972,3.650981171184666e-06,0.0004717249080464583
ENSG00000181274,3.6435058904933805e-06,0.0004123699743323954
ENSG00000146729,3.6309264593767033e-06,0.0009190978386439681
ENSG00000168958,3.6268110735706973e-06,0.0022784295393266985
ENSG00000149782,3.5836936800766214e-06,0.0004206915936306342
ENSG00000107290,3.571683540313044e-06,0.0006893584491505369
ENSG00000164054,3.567916185962203e-06,0.0003278702401841645
ENSG00000084444,3.549008265692244e-06,0.00043096344867056216
ENSG00000160185,3.5456136097014785e-06,0.0004395624350039589
ENSG00000111536,3.5421769101718626e-06,0.0009241522765900606
ENSG00000157450,3.5324004984309057e-06,0.0010862375779502058
ENSG00000148334,3.5256141314482264e-06,0.0003543293218489707
ENSG00000103671,3.5238243340566e-06,0.0006264842136865057
ENSG00000198589,3.5182739702894456e-06,0.0005503656811697801
ENSG00000169020,3.5075462736919276e-06,0.00145342648536939
ENSG00000134291,3.448108694971161e-06,0.0014383216813557244
ENSG00000137055,3.4382097937229407e-06,0.00042969303214499455
ENSG00000142192,3.4229081316179e-06,0.0008959457489479178
ENSG00000205356,3.3966449022279004e-06,0.0006855116376877418
ENSG00000205413,3.3894745068406264e-06,0.000842945164086231
ENSG00000126353,3.3538988523589025e-06,0.003691264551901786
ENSG00000140043,3.350155046703552e-06,0.0007797009740840049
ENSG00000108176,3.3246380279109e-06,0.0007625415370921153
ENSG00000139192,3.320157790193517e-06,0.0004010131366745356
ENSG00000166913,3.313037875834421e-06,0.0008204241903017488
ENSG00000151327,3.3072166896866546e-06,0.000727013314125387
ENSG00000124535,3.3007380219254713e-06,0.0005658201581117668
ENSG00000117054,3.287296711852856e-06,0.0008201793795463887
ENSG00000100298,3.2541112976356615e-06,0.00045140268468604896
ENSG00000035403,3.2479528861749433e-06,0.0004901358915083795
ENSG00000065308,3.218925656470008e-06,0.0007532859973722513
ENSG00000198964,3.2122715305375855e-06,0.0002863781200121355
ENSG00000164535,3.1739329082248374e-06,0.0009039903537249734
ENSG00000116062,3.1024801924245377e-06,0.00041308895886324405
ENSG00000153113,3.0696495136292597e-06,0.001368094467089036
ENSG00000130066,3.0666503641434897e-06,0.0009573107909720809
ENSG00000078177,3.0645074348184597e-06,0.0005286539053593264
ENSG00000127955,3.014078346729945e-06,0.0007792357113390867
ENSG00000111731,2.9716357605543024e-06,0.0008481148732274915
ENSG00000128203,2.939385674292686e-06,0.0004272280267229834
ENSG00000102984,2.933085164153812e-06,0.0005717491772112965
ENSG00000117298,2.9069231318832515e-06,0.0018429480827516335
ENSG00000173200,2.894574643636404e-06,0.0005613996924518611
ENSG00000166912,2.8916582953116e-06,0.0011106398009650244
ENSG00000113282,2.891130282290622e-06,0.0007568952272172245
ENSG00000169239,2.8689145121655033e-06,0.000328197952705747
ENSG00000010165,2.8584092106664643e-06,0.0004332672936064871
ENSG00000135919,2.808496338025845e-06,0.0010600528593975817
ENSG00000197045,2.7645979872224924e-06,0.000701567909851264
ENSG00000116977,2.7597733593477293e-06,0.0006680689073222543
ENSG00000277972,2.7431770679647025e-06,0.0003304444630706976
ENSG00000078668,2.7370575008535102e-06,0.0008047535638302741
ENSG00000114779,2.730915255497457e-06,0.000478557348431327
ENSG00000198018,2.7260168103454175e-06,0.00045720339631371177
ENSG00000029725,2.7240301576291393e-06,0.0004291650589320094
ENSG00000111335,2.6778493702515435e-06,0.000624052977378023
ENSG00000099949,2.6500109052771806e-06,0.0008127433429247334
ENSG00000095002,2.639219072032328e-06,0.00048721733430972006
ENSG00000167904,2.630552325327117e-06,0.0005766025212476943
ENSG00000163577,2.5892332318177096e-06,0.00041681074499246994
ENSG00000160753,2.5683353237365442e-06,0.0009005443876050894
ENSG00000108578,2.5466278356353706e-06,0.0007203389303160696
ENSG00000131686,2.530127523545707e-06,0.000542157402209514
ENSG00000164171,2.520100316912461e-06,0.0005638097769492561
ENSG00000013441,2.511419770515487e-06,0.0013879952097597718
ENSG00000197603,2.5103674416214466e-06,0.0007703334048066303
ENSG00000127951,2.5089732961138575e-06,0.0007309177240543095
ENSG00000160051,2.465389287024376e-06,0.0008811010959516761
ENSG00000010295,2.4318730659847046e-06,0.0010562883722395648
ENSG00000157570,2.42987358256027e-06,0.0007463524177889059
ENSG00000089127,2.428990682045201e-06,0.0006588828682801806
ENSG00000110400,2.421357705992054e-06,0.0005976090034569719
ENSG00000176623,2.4085529331262722e-06,0.0003488614832040166
ENSG00000196387,2.402910235855071e-06,0.0007812558775776381
ENSG00000078589,2.4017725779303386e-06,0.0005665584150463134
ENSG00000095261,2.362727989806747e-06,0.00042677169257959523
ENSG00000069869,2.3587734709375345e-06,0.0007370645316396073
ENSG00000115548,2.347050178210934e-06,0.00039157841515074913
ENSG00000117640,2.333430966565477e-06,0.0003566732836485782
ENSG00000153094,2.3291048470710353e-06,0.0008072885790801174
ENSG00000060749,2.3179622510498564e-06,0.00035892536357871527
ENSG00000166275,2.2759319375339706e-06,0.0003054613205285875
ENSG00000188917,2.2701290915914825e-06,0.0005505100154047876
ENSG00000116096,2.264914717163263e-06,0.0009062431943125654
ENSG00000082153,2.2345736267555652e-06,0.00041837597580508064
ENSG00000105726,2.233605209029695e-06,0.00038533160634545354
ENSG00000155961,2.2271005341626857e-06,0.0007339723365743587
ENSG00000129667,2.213375931895972e-06,0.0020686145715440576
ENSG00000171150,2.2047696902141786e-06,0.0008329908491448572
ENSG00000136213,2.2031137209387e-06,0.0005495021525595276
ENSG00000100360,2.1993263774093813e-06,0.0006020133167450785
ENSG00000213859,2.194482701655628e-06,0.0008339844226814139
ENSG00000177548,2.1832010040907684e-06,0.0003521060377334985
ENSG00000167552,2.1606781481888137e-06,0.0009050315092322108
ENSG00000198690,2.112468571386919e-06,0.0006111788400639845
ENSG00000117318,2.1026431758081944e-06,0.0024164935119319413
ENSG00000081087,2.0921538114434005e-06,0.00036055599530904366
ENSG00000115657,2.0838437698804337e-06,0.0007696900541568855
ENSG00000138246,2.0570413316896026e-06,0.0004716017447837286
ENSG00000166801,2.043269150501755e-06,0.0005623230393192509
ENSG00000214022,2.0342900926085756e-06,0.00047721136747750454
ENSG00000153048,2.0090818640996143e-06,0.0004750047002995353
ENSG00000170876,1.9979690283253513e-06,0.0006406429558672487
ENSG00000137171,1.9948842200919235e-06,0.0009823318405296907
ENSG00000136250,1.970346022495343e-06,0.0005029232403532041
ENSG00000163823,1.9595290673900008e-06,0.000576117440316855
ENSG00000170006,1.949820500590554e-06,0.0004702471878711436
ENSG00000183655,1.924231656326134e-06,0.0008143777106528989
ENSG00000104343,1.9211602416840676e-06,0.00040628081809385185
ENSG00000154358,1.914302523400741e-06,0.0009083461990647797
ENSG00000133740,1.8887362675568936e-06,0.00262303385626524
ENSG00000061656,1.8885224328296614e-06,0.000609697148084277
ENSG00000179222,1.8821773693887535e-06,0.000766790831804711
ENSG00000155846,1.8514756722370873e-06,0.0007583259583215729
ENSG00000121274,1.839156769738756e-06,0.0013532562453837367
ENSG00000170525,1.8148093904255194e-06,0.0014936263552750436
ENSG00000070087,1.788601070159053e-06,0.0008384499498952637
ENSG00000130303,1.7855367668780704e-06,0.0006677005811525604
ENSG00000120798,1.7813820049669725e-06,0.0007706799793513988
ENSG00000169105,1.7717347869358281e-06,0.0006841188069574342
ENSG00000107679,1.7498465854828607e-06,0.0010407203021828028
ENSG00000164733,1.7488664083662753e-06,0.0007432312498465985
ENSG00000072062,1.7471724076440306e-06,0.0006549839016652695
ENSG00000215845,1.740474940964937e-06,0.0004749365175753383
ENSG00000114446,1.7187788413272403e-06,0.00030581036030820135
ENSG00000116857,1.7049304775520036e-06,0.0009502409006195997
ENSG00000118855,1.6806169977831779e-06,0.00040503003720456545
ENSG00000116198,1.664920672306279e-06,0.0010334059178947676
ENSG00000011454,1.6602869266669114e-06,0.0004754266946037222
ENSG00000175215,1.656402531590366e-06,0.0011352477851296048
ENSG00000242247,1.6527383070238861e-06,0.0005833379170948984
ENSG00000002919,1.645711521682956e-06,0.0005690756727088021
ENSG00000110880,1.6437555175604393e-06,0.0006962081208596033
ENSG00000133313,1.636530305784443e-06,0.000526627399662915
ENSG00000163714,1.631703165594868e-06,0.001762356991230952
ENSG00000145293,1.6238687650529287e-06,0.001035332957689208
ENSG00000165487,1.6193173029296023e-06,0.00056486076712021
ENSG00000153406,1.6160588408982685e-06,0.00034267711740212166
ENSG00000256537,1.6037694892861097e-06,0.0004213275696568467
ENSG00000152413,1.5788517400230131e-06,0.0005904188000689958
ENSG00000113300,1.578470302209535e-06,0.0003717008160893751
ENSG00000100600,1.5675231613366531e-06,0.0006298466104811927
ENSG00000163904,1.5628625563519145e-06,0.0006351707167977904
ENSG00000164818,1.555873483568008e-06,0.0011747636817603586
ENSG00000105854,1.5409272665890455e-06,0.0007717360427858731
ENSG00000151806,1.5343316239648562e-06,0.0004810500686682039
ENSG00000100105,1.5313790244958664e-06,0.0007304790133964787
ENSG00000088854,1.5304842261757235e-06,0.0009475186643566233
ENSG00000078304,1.505423938836822e-06,0.0019375559519286074
ENSG00000205189,1.4969071493476255e-06,0.0007777785389462849
ENSG00000005022,1.4638795712278624e-06,0.0005056819378131224
ENSG00000110011,1.4631941585114082e-06,0.0007194312629430008
ENSG00000183208,1.4538238981470323e-06,0.0008195269911037163
ENSG00000240857,1.4268279562516863e-06,0.0002891062602487746
ENSG00000188493,1.4151567467338812e-06,0.001072684132352737
ENSG00000148291,1.4068407043454646e-06,0.0007430448260828707
ENSG00000034152,1.3972823461439914e-06,0.0006330937994313869
ENSG00000138964,1.3923031299953563e-06,0.0005070794607607279
ENSG00000166501,1.3569320654311066e-06,0.0008127188368279236
ENSG00000031081,1.3247449456052805e-06,0.0007674352618035746
ENSG00000141582,1.320941528925874e-06,0.0007435832320127526
ENSG00000005810,1.3124559039076595e-06,0.0006438370560275478
ENSG00000174903,1.2938594269334318e-06,0.0007296392236907326
ENSG00000150867,1.2830645308400732e-06,0.0011564824700915051
ENSG00000104973,1.275579356419625e-06,0.0008659720272930067
ENSG00000278023,1.243170124226551e-06,0.0006356029626925018
ENSG00000204681,1.2316710872112382e-06,0.0008224151542740891
ENSG00000213949,1.2151041955607552e-06,0.000717477711625159
ENSG00000198440,1.2142628660863981e-06,0.0011709798174845921
ENSG00000139218,1.2097566617735976e-06,0.0007427173074870758
ENSG00000153933,1.2024062168161707e-06,0.0003577914938067096
ENSG00000141741,1.1906245188001743e-06,0.0002460953827286504
ENSG00000069345,1.1797171377066867e-06,0.0008218590563256742
ENSG00000176903,1.179640559293274e-06,0.0008086245521515129
ENSG00000083844,1.158152465780399e-06,0.0005144005735824696
ENSG00000105983,1.149488868740708e-06,0.0005381850481853542
ENSG00000137992,1.1315933953300756e-06,0.00039700142344053157
ENSG00000006555,1.1263147652054036e-06,0.0004984027879829805
ENSG00000135317,1.1232280785455916e-06,0.00039645137100156414
ENSG00000099991,1.1087668576121795e-06,0.0012634517388963006
ENSG00000160714,1.0997881361852141e-06,0.0010437372632949734
ENSG00000134531,1.0993046002945667e-06,0.0006096487644912461
ENSG00000105607,1.097376265334426e-06,0.0004911390220944797
ENSG00000213977,1.0927935343802786e-06,0.00038517143029558466
ENSG00000091137,1.0818730343879311e-06,0.0007102975363590783
ENSG00000172046,1.0625847969430813e-06,0.0005402560880861387
ENSG00000135052,1.0531874243420408e-06,0.0007220651750819875
ENSG00000065675,1.0481697408192716e-06,0.0009647618937495858
ENSG00000165617,1.0391914990288401e-06,0.0004310331553777549
ENSG00000093183,1.0290383266247765e-06,0.0003689177508548551
ENSG00000138375,1.0267236857734106e-06,0.0010412524494351867
ENSG00000117592,1.0154631759422341e-06,0.0003664533926551974
ENSG00000116521,9.870641632643884e-07,0.0006089739773828407
ENSG00000123975,9.792042443344673e-07,0.0011354395820562116
ENSG00000134758,9.775237106401166e-07,0.0011492321716522536
ENSG00000132471,9.447736970366518e-07,0.00038911676780452304
ENSG00000186376,9.417299401533391e-07,0.0006504302118568417
ENSG00000165156,9.343896691542529e-07,0.001675247024857945
ENSG00000137478,9.29918181774842e-07,0.0008074779956328444
ENSG00000143553,9.197377683395849e-07,0.00029247041400677854
ENSG00000110108,9.157359105229095e-07,0.0004909317896057002
ENSG00000114450,9.004189482099975e-07,0.0006641362271103948
ENSG00000158122,8.846239820121873e-07,0.0006580679840931848
ENSG00000117758,8.814538555033414e-07,0.0007835198802504054
ENSG00000121775,8.720176571173892e-07,0.0002896419145568257
ENSG00000134900,8.719475936435833e-07,0.0006693358150121986
ENSG00000109471,8.71108707307384e-07,0.0026140318374055557
ENSG00000161999,8.692159127730069e-07,0.0007030417254389327
ENSG00000103064,8.514418203897979e-07,0.000751562677517744
ENSG00000165115,8.455225533865076e-07,0.0007607011992595816
ENSG00000143420,8.36802885374046e-07,0.00041636476208111025
ENSG00000108733,8.345197083335431e-07,0.0007562403900653645
ENSG00000140688,8.326497651995709e-07,0.000645972489735502
ENSG00000197124,8.273267467892039e-07,0.000780049005104474
ENSG00000057663,8.083817489292852e-07,0.0015330232222883495
ENSG00000167851,7.956873767648225e-07,0.00049838272526308
ENSG00000152492,7.711793930609677e-07,0.0010197827775090679
ENSG00000117475,7.606457075853893e-07,0.0008349284895035876
ENSG00000141577,7.435131323861496e-07,0.0005352714182383992
ENSG00000163872,7.433666447036538e-07,0.0015555738557016937
ENSG00000171860,7.384237903119338e-07,0.0006978663641997104
ENSG00000188690,7.356324893805952e-07,0.0007558162673050911
ENSG00000089159,7.35070548454039e-07,0.00044528296635747025
ENSG00000160469,7.22092140600239e-07,0.0009249841932602714
ENSG00000175727,7.185604559270934e-07,0.0005124400546008265
ENSG00000087206,7.17563195684351e-07,0.0003623032602674538
ENSG00000133101,7.092064171743414e-07,0.0008927170799019002
ENSG00000146535,7.091934339043574e-07,0.000681660417501944
ENSG00000115137,7.072552637401727e-07,0.0007065207726949779
ENSG00000112977,6.983311849923747e-07,0.001311800630502019
ENSG00000137274,6.95476814466707e-07,0.0009023885659817882
ENSG00000077232,6.890804155206869e-07,0.0006425858862634763
ENSG00000114268,6.692885605956643e-07,0.00035168137078231843
ENSG00000178252,6.57149905106714e-07,0.00030140208809849566
ENSG00000114812,6.52782676479834e-07,0.0007693135471617438
ENSG00000125454,6.365220583374992e-07,0.000363378662524217
ENSG00000142552,6.355235868992497e-07,0.0004172244103233277
ENSG00000163297,6.207038789935003e-07,0.0003830143503357025
ENSG00000151065,6.135622249249906e-07,0.0003684816361740368
ENSG00000063438,6.091248303414702e-07,0.000732366520142843
ENSG00000112297,6.076913689155529e-07,0.0005931964284456097
ENSG00000139826,5.933323352663878e-07,0.0009486447442420675
ENSG00000171206,5.914282004649768e-07,0.0012437532392815484
ENSG00000168785,5.780170303311647e-07,0.00045701795110051783
ENSG00000138443,5.729507317805695e-07,0.0009575163471766303
ENSG00000170430,5.67650924923996e-07,0.0004940785221676724
ENSG00000254858,5.656476235177419e-07,0.000382339552278362
ENSG00000177666,5.407411665579535e-07,0.0006275295470347938
ENSG00000117151,5.258903391982647e-07,0.0005156940110490528
ENSG00000101752,5.152017738017386e-07,0.000463874254626141
ENSG00000149600,5.114077476858629e-07,0.0008506582249511226
ENSG00000105499,5.050175935020287e-07,0.0007809255806799656
ENSG00000158019,5.03499034810669e-07,0.00028234315294817816
ENSG00000138606,4.5358878731530317e-07,0.0004740672438554601
ENSG00000113269,4.3822139326483807e-07,0.0005530431636223362
ENSG00000011258,4.3013199248761455e-07,0.0009787859003150556
ENSG00000182557,4.1656697478114655e-07,0.0005754351490700406
ENSG00000160961,4.0674334926938086e-07,0.0006084483177983791
ENSG00000145014,4.032220373090258e-07,0.0011088482911195982
ENSG00000131849,3.960610390723358e-07,0.0008011632890976741
ENSG00000101337,3.9597653089781426e-07,0.0006356369428506907
ENSG00000149182,3.8414318854809895e-07,0.00044059071662503187
ENSG00000118242,3.7315919797803156e-07,0.0003271022052237898
ENSG00000162852,3.7244614963466245e-07,0.0007600075891712905
ENSG00000237651,3.7033511749470286e-07,0.0007167369224047604
ENSG00000197956,3.6231408657938527e-07,0.0013800331750386844
ENSG00000171109,3.578125555892261e-07,0.0002998640520465427
ENSG00000162702,3.481820828419563e-07,0.0007829085180770347
ENSG00000142733,3.1735409690173e-07,0.0007772374080694619
ENSG00000057935,2.9982177064820055e-07,0.000360950377722093
ENSG00000141232,2.926270167504667e-07,0.0034545382772045857
ENSG00000100211,2.9183354375804253e-07,0.0007900050739503754
ENSG00000087448,2.796257445788743e-07,0.0009175498295061061
ENSG00000139531,2.7596504331418323e-07,0.000555949012895637
ENSG00000172673,2.582414048887917e-07,0.00042630394817228483
ENSG00000139182,2.515137947409608e-07,0.001176001706882553
ENSG00000204438,2.4744653193134097e-07,0.0003276065383264244
ENSG00000187650,2.3801869211321684e-07,0.0005157102099953236
ENSG00000178585,2.3771717843437392e-07,0.00064503160937012
ENSG00000164684,2.3676899385941588e-07,0.00041284449980127274
ENSG00000105429,2.3513041953642822e-07,0.0004910069976209273
ENSG00000205269,2.2663017356374696e-07,0.0010393098878747882
ENSG00000144909,2.1869188761211738e-07,0.0005735265907977085
ENSG00000140948,2.1823462467453962e-07,0.0007585721943801331
ENSG00000066084,2.146447820106924e-07,0.0005314356792203163
ENSG00000125686,2.0520762500990622e-07,0.0031571312935021927
ENSG00000168476,2.0243099559006057e-07,0.0004338638851417772
ENSG00000078967,1.9332657114719945e-07,0.0005542326021570232
ENSG00000085998,1.922237592403729e-07,0.0006715948885177243
ENSG00000253250,1.897372188384814e-07,0.0009499988366218158
ENSG00000010361,1.8395258050372665e-07,0.00037673752495424574
ENSG00000119862,1.7738428198671483e-07,0.0006080098345309115
ENSG00000160602,1.7680793340158293e-07,0.00105518020200267
ENSG00000162928,1.7551278301439246e-07,0.00041417874962509563
ENSG00000005486,1.7431584252189868e-07,0.000546167688183623
ENSG00000176018,1.7085803390460077e-07,0.0003158794182236929
ENSG00000168003,1.6203879601309027e-07,0.001011815765333231
ENSG00000106346,1.4486346872085693e-07,0.0006615412326851478
ENSG00000166225,1.4226740392642436e-07,0.0003519304952342098
ENSG00000260456,1.3950413253397847e-07,0.00063631446977976
ENSG00000159556,1.3879330520181136e-07,0.0007405068891788835
ENSG00000112294,1.3512412192113001e-07,0.00037580499355987444
ENSG00000162892,1.3499782873348552e-07,0.0006211597612535945
ENSG00000144645,1.3450271344416795e-07,0.000852779162925903
ENSG00000135605,1.3057912207639294e-07,0.0008771301317947125
ENSG00000214193,1.2748792920430783e-07,0.00035767371013752135
ENSG00000179934,1.2160493875607616e-07,0.0007112529240532007
ENSG00000013016,1.1530209366588335e-07,0.0007907879895266548
ENSG00000184986,1.1222784124402332e-07,0.000396022878197076
ENSG00000132359,1.034826821797085e-07,0.0005746218816566856
ENSG00000121310,1.0016828254236842e-07,0.00042126021025244405
ENSG00000177383,9.799174880839275e-08,0.00038810964007527705
ENSG00000140983,9.649338440387168e-08,0.0008753317627232928
ENSG00000060982,9.613184476630027e-08,0.0004888566007254617
ENSG00000166086,9.331085575373475e-08,0.0005839871127101314
ENSG00000134321,8.21297848432136e-08,0.0008301306172593013
ENSG00000188171,8.000663332064966e-08,0.0005506334746249687
ENSG00000142686,7.472592313420002e-08,0.0009191784311105731
ENSG00000090104,7.320049766634897e-08,0.00045744875244274933
ENSG00000276410,7.2413161948277e-08,0.0009065690545719353
ENSG00000184863,7.220007220294549e-08,0.0012458083028429121
ENSG00000185127,7.175941962902643e-08,0.001449280401030596
ENSG00000099377,6.725985642703443e-08,0.00048561177373960597
ENSG00000170545,6.441484138285358e-08,0.001276360138908049
ENSG00000175040,6.385854611655336e-08,0.0004731211423533127
ENSG00000143776,6.316835447345267e-08,0.00036660214421664085
ENSG00000138279,6.295772266097138e-08,0.0011558079787367147
ENSG00000171097,5.5114806220199375e-08,0.0008122364219605051
ENSG00000114735,5.302217140063345e-08,0.0003731346792247617
ENSG00000148053,4.8378334953298775e-08,0.0004130670620010552
ENSG00000164742,4.675446758678976e-08,0.00047759573992002275
ENSG00000053918,4.3043870627323423e-08,0.0005022798414739757
ENSG00000157600,4.06674849846743e-08,0.0007384201984852106
ENSG00000159322,3.836179165862461e-08,0.0008905756452866668
ENSG00000104946,3.660090887279306e-08,0.0007499478051564075
ENSG00000157869,2.9522343104432364e-08,0.0004036303887406338
ENSG00000079950,2.6637494747217702e-08,0.0007009697059256699
ENSG00000077585,2.3495242705560307e-08,0.0008002467933942384
ENSG00000160606,2.3340274908240822e-08,0.00041854559801632763
ENSG00000276023,2.3181131761895538e-08,0.0006627440373094783
ENSG00000129226,2.2675379898061003e-08,0.000637541179230689
ENSG00000197863,2.117177492331269e-08,0.0004779841569035767
ENSG00000123612,1.7962472369645824e-08,0.0009478151832506032
ENSG00000114126,1.3152655527769015e-08,0.0012113074540352569
ENSG00000198435,1.3101641907101727e-08,0.0005841042537838108
ENSG00000126351,7.045829439312144e-09,0.00120956909699892
ENSG00000114455,5.839771601484747e-09,0.0004651461265877152
ENSG00000116205,3.227384300389318e-09,0.0003603402221143217
ENSG00000213988,2.5028970221055453e-09,0.0005135545987582586
ENSG00000164989,1.0815012695613965e-09,0.0004914617289312993
ENSG00000116095,9.77128025772752e-10,0.0008588555619331916
ENSG00000174928,2.779264798119012e-10,0.0006395433483163243
ENSG00000167535,1.5164531455388726e-10,0.00038757307526484925
